entry_assignment,width,rep,deanon_top1,mean_true_posterior,posterior_entropy,bandwidth_overhead,latency,latency_overhead,sigma_d,sigma_Z,eta,inv_eta
split,1,0,0.9505860721673178,0.9377195450484874,0.13790698133959542,566.938864628821,0.324601399974199,2.2918266052066762,0.029824393004045435,0.00017500000000000003,170.4251028802596,0.005867680189711244
split,1,1,0.9531508497518424,0.9396302425647448,0.13305829279227824,556.512107083772,0.22724434643168934,1.9185968038633952,0.03083763315242684,0.00017500000000000003,176.21504658529622,0.00567488429267562
split,1,2,0.9513233951931853,0.9353458579636282,0.14770081238252947,562.849710982659,0.23267888868576847,1.916500971820656,0.02861666895872985,0.00017500000000000003,163.5238226213134,0.006115316924285635
split,1,3,0.9427402862985685,0.9273125774489047,0.16219409543904315,560.5092024539878,0.3045931115921121,2.2023600620614303,0.03086340217019357,0.00017500000000000003,176.3622981153918,0.005670146117883493
split,1,4,0.9451396307034946,0.9321610848265607,0.14890137744021836,564.6502365328857,0.24024696153355762,1.940867654376714,0.030568693207351873,0.00017500000000000003,174.67824689915352,0.0057248112901964665
split,1,5,0.9444232384151462,0.9267245984629773,0.16417389810536998,564.9514466753187,0.2752232876373455,2.0839344342046413,0.031516679334403365,0.00017500000000000003,180.0953104823049,0.005552615430806867
split,1,6,0.9628490116144912,0.9494079726643788,0.11592942072979116,569.2024459656949,0.21617496939143166,1.8693360927973677,0.031001888938065863,0.00017500000000000003,177.15365107466204,0.005644817331924739
split,1,7,0.9502830044362858,0.9355694763848291,0.1435513113440647,566.0298301973382,0.298835802503163,2.2061082248112527,0.031028441249973244,0.00017500000000000003,177.30537857127564,0.005639986829829904
split,1,8,0.9518501668183197,0.936381851892768,0.14359984321135388,561.1455868971792,0.23327615970629267,1.9250772379863745,0.031052284272110046,0.00017500000000000003,177.44162441205737,0.005635656252096668
split,1,9,0.9492007377805103,0.9366717915397699,0.13759008016102625,568.7221026744544,0.22416737058665603,1.895088639810546,0.030787315866928986,0.00017500000000000003,175.92751923959418,0.005684159046420183
split,1,10,0.9474762808349146,0.9369158767373424,0.13705505084446945,561.6982922201139,0.31677343731280416,2.2639949705335587,0.030099427646158396,0.00017500000000000003,171.99672940661938,0.005814064043252177
split,1,11,0.9482745486402072,0.9339485853604919,0.14736464344934955,563.7485335567914,0.2499962297733873,1.993056534840788,0.030299754918602564,0.00017500000000000003,173.1414566777289,0.005775624273863635
split,1,12,0.950300174785318,0.9352210622579433,0.1454291396202357,562.3800440762976,0.1956240697472822,1.7660376222983443,0.031182085205291907,0.00017500000000000003,178.18334403023945,0.005612196838276255
split,1,13,0.9518308795771989,0.9371294653769031,0.14212259335494182,558.7349943374859,0.18908649461809546,1.7596462338819134,0.028817294911647175,0.00017500000000000003,164.67025663798384,0.006072742099372753
split,1,14,0.9502724795640327,0.935157405063412,0.14606062741495368,560.1280653950954,0.21245989250019193,1.8492473258511384,0.030629883448222275,0.00017500000000000003,175.02790541841298,0.005713374662225717
split,1,15,0.9490130325432513,0.9339212969728107,0.1478829189773865,564.0058684551483,0.2619973953696899,2.024575042502831,0.029973546666814663,0.00017500000000000003,171.27740952465518,0.0058384815766147555
split,1,16,0.9582495747641874,0.9443514265317302,0.12742491164747816,572.1458172259162,0.22776629441068508,1.9032216967754034,0.03239195533889449,0.00017500000000000003,185.09688765082564,0.005402575984348484
split,1,17,0.9498880395336268,0.9371016570317638,0.1420375233419199,571.3961084086171,0.23755247369990684,1.9470463298620608,0.031005034476570693,0.00017500000000000003,177.17162558040394,0.00564424465104984
split,1,18,0.9462851021501263,0.9301780262564433,0.15590058349587507,566.2460019894406,0.24733379360986874,1.9959776685768538,0.02989401534602971,0.00017500000000000003,170.82294483445546,0.00585401452345351
split,1,19,0.9445583656109972,0.9293233463341559,0.1585391814091768,562.038961038961,0.30140285080415197,2.1904566931730285,0.03296272842604439,0.00017500000000000003,188.35844814882506,0.005309026538644466
split,1,20,0.9456330036040181,0.9294397296769472,0.16004452344610934,567.4596273291926,0.18485651418450288,1.7330021670665263,0.030763614864268884,0.00017500000000000003,175.79208493867932,0.0056885382544317915
split,1,21,0.9466133051423393,0.9332010648776361,0.14837586566726707,558.8192252510761,0.24965657299617305,1.9836329833253075,0.03314816022400358,0.00017500000000000003,189.41805842287758,0.005279327685681851
split,1,22,0.9505465107391271,0.940223809760288,0.13844624833952965,565.641137353818,0.22732189355883747,1.8810247616924203,0.030096658459552682,0.00017500000000000003,171.98090548315815,0.005814598993944293
split,1,23,0.9459789409430795,0.9311867602178341,0.15135760113573574,564.6502365328857,0.27736203288077377,2.099879712021946,0.031469971268256305,0.00017500000000000003,179.82840724717886,0.005560856681700315
split,1,24,0.9471210340775558,0.931570943038039,0.15342003291869757,579.7074030552292,0.21829431966762058,1.875462918035882,0.030965778794226444,0.00017500000000000003,176.94730739557966,0.005651399926444889
split,1,25,0.9430307633877706,0.9287654763533965,0.15870747002987023,562.1241929358147,0.2357629963371437,1.9323479569073134,0.029952011148379365,0.00017500000000000003,171.15434941931062,0.005842679449238549
split,1,26,0.948550398077212,0.9353865833048144,0.14527692218358546,555.8445245606129,0.257598177267937,2.031943744748921,0.030506028275041334,0.00017500000000000003,174.32016157166476,0.005736571094152469
split,1,27,0.9465444826269569,0.9339141850103736,0.14634218535797755,565.1237113402062,0.2753154685779009,2.083212151920958,0.028131509370428347,0.00017500000000000003,160.7514821167334,0.006220782457693466
split,1,28,0.9500454821103699,0.9357269304253993,0.1442314239215922,560.9757428744693,0.2387023738992866,1.9390955308728401,0.033257232042888156,0.00017500000000000003,190.04132595936088,0.005262013380257322
split,1,29,0.9480882575185129,0.9303795855230788,0.15782777644521725,559.1985794166541,0.23276978475041687,1.9262227514809422,0.030179653558077498,0.00017500000000000003,172.45516318901426,0.005798608644172517
split,1,30,0.9496292899182145,0.9358940427069559,0.14347368633802898,565.641137353818,0.206724059273256,1.8220110976538328,0.03181256314140964,0.00017500000000000003,181.78607509376937,0.005500971399950065
split,1,31,0.9459170422427622,0.9320156551857529,0.15097640747043767,565.2960812772134,0.26705223994213156,2.074116391410671,0.034490410945329536,0.00017500000000000003,197.08806254474018,0.005073874018995919
split,1,32,0.9619395600213139,0.951435149456778,0.1100342244338025,563.3201644211007,0.2560844123363495,2.0169117362424562,0.029718659283786236,0.00017500000000000003,169.82091019306418,0.005888556355416601
split,1,33,0.9484169065293138,0.9335630552049872,0.1495490107923848,560.5515830934706,0.22655526755261235,1.9169223388364027,0.03238059691490043,0.00017500000000000003,185.03198237085957,0.005404471092979484
split,1,34,0.9471412343809164,0.9327795435059824,0.15072711357973542,560.4244604316547,0.23023139958968386,1.9093908867621177,0.03052881569551209,0.00017500000000000003,174.4503754029262,0.005732289183616318
split,1,35,0.9522611149241211,0.9386875555359557,0.13678633903720566,564.3493479752917,0.18396804516669363,1.7232628848103437,0.0330769484930004,0.00017500000000000003,189.01113424571653,0.005290693609086484
split,1,36,0.9514048825426071,0.9381804586075477,0.13673761713912916,568.1119299861815,0.24137950321892276,1.9578499178886513,0.03160166808832846,0.00017500000000000003,180.58096050473404,0.005537682362553301
split,1,37,0.9446824789594491,0.9307047942885945,0.1504254800392601,566.2027543993879,0.205511202046182,1.8125877622467765,0.02972421541260313,0.00017500000000000003,169.85265950058928,0.00588745565091685
split,1,38,0.9489717618170657,0.9341748981206985,0.14506431330712913,567.8508287292817,0.1901198783016298,1.7450235432190682,0.031209749560232494,0.00017500000000000003,178.34142605847137,0.0056072221810771995
split,1,39,0.94397206194959,0.9287837120156421,0.1614784786451426,561.8259945338597,0.23323620329028927,1.9318704087183256,0.03152518548240511,0.00017500000000000003,180.1439170423149,0.005551117220156288
split,1,40,0.9493347365255957,0.9343830840535259,0.14728951328169343,556.3033150417199,0.27138216217281297,2.0790856368491752,0.03285234157737051,0.00017500000000000003,187.7276661564029,0.005326865349547695
split,1,41,0.9524641202824816,0.9376525931494366,0.1425220188864529,561.953755030754,0.24654728721361607,1.9762016925892998,0.030690428708936363,0.00017500000000000003,175.3738783367792,0.005702103468793968
split,1,42,0.94934898773237,0.9344547933141539,0.14596257097481752,556.9720027094152,0.19802138468367048,1.7853902762002352,0.031295826965751034,0.00017500000000000003,178.83329694714874,0.00559179983297816
split,1,43,0.9452487294008932,0.930454080846082,0.1588743953553388,569.8587709841368,0.24579974534572102,1.9709910367753483,0.030963321137592276,0.00017500000000000003,176.9332636433844,0.005651848495913902
split,1,44,0.948795867203525,0.9313755899953263,0.15511248789156568,562.2094507331155,0.24915598466759548,1.9813614562827717,0.032681739483672125,0.00017500000000000003,186.75279704955497,0.005354672143061126
split,1,45,0.9394843546782955,0.9263819047195561,0.16203474022582068,566.1595134266697,0.23043740729917772,1.918801186440663,0.03250378396563051,0.00017500000000000003,185.73590837503144,0.005383988528383187
split,1,46,0.9483015494636472,0.9334281998242061,0.14982739150485483,551.2979737783076,0.21839609352173284,1.8876027867361136,0.02953562738489257,0.00017500000000000003,168.77501362795752,0.005925047662590444
split,1,47,0.9479804161566707,0.9341462075969506,0.14537034290981174,566.1162790697674,0.28748858100152574,2.147442762468474,0.030591009129119964,0.00017500000000000003,174.80576645211406,0.005720635081417283
split,1,48,0.9505519431422955,0.9359279851259714,0.14434164854258646,559.5362165431725,0.26490775018464774,2.0543680137748463,0.028029141925775023,0.00017500000000000003,160.16652529014297,0.00624350186899848
split,1,49,0.9476800839517278,0.9316571008762097,0.15196093263424137,554.7216100742073,0.35691795116872527,2.4032175637635773,0.030615505172797604,0.00017500000000000003,174.9457438445577,0.005716057893289003
split,2,0,0.9018170941449188,0.8739929979112534,0.2864345649928908,553.3966200553353,0.25690374290570617,2.0206909204184056,0.032745906438709435,0.00017500000000000003,187.1194653640539,0.005344179442018128
split,2,1,0.8942425167990226,0.8653119635133407,0.31136955814849004,565.0806353084912,0.2740637020615395,2.079466126140756,0.03196474327564638,0.00017500000000000003,182.65567586083642,0.005474781964957334
split,2,2,0.9272432682663375,0.9062500927808034,0.20837373287333236,570.9560219118895,0.27823795584845357,2.1033093343733102,0.031581327518791315,0.00017500000000000003,180.4647286788075,0.005541249014813347
split,2,3,0.925514935015581,0.9021645732072862,0.22611568391744208,562.4653796458159,0.28286329767433926,2.129982318760993,0.03050767867046018,0.00017500000000000003,174.32959240262957,0.005736260758818341
split,2,4,0.8977125921422601,0.8685924220389296,0.30156779302457704,562.3800440762976,0.2610609738912899,2.0522896672210402,0.03152830973366478,0.00017500000000000003,180.16176990665585,0.005550567140398948
split,2,5,0.8851590106007067,0.8530192869072504,0.33760522329418174,568.4604393916117,0.2393062902847305,1.9644824752798278,0.030447083909853977,0.00017500000000000003,173.98333662773697,0.005747676871720466
split,2,6,0.8629480252644396,0.8434652294017568,0.3450299707424872,563.1489993151206,0.2839490303886123,2.1262616016781073,0.03170514955811085,0.00017500000000000003,181.17228318920485,0.005519608090138509
split,2,7,0.8811237520315766,0.8492480774641774,0.3482158720557297,572.7204550731368,0.23121615455602296,1.912569499654362,0.0325170253004814,0.00017500000000000003,185.81157314560798,0.005381796101668907
split,2,8,0.9220808723307587,0.9005510973125359,0.22729148172991687,560.3820990458883,0.28379820586997084,2.1363923074874425,0.0325924303054926,0.00017500000000000003,186.24245888852911,0.005369344917200248
split,2,9,0.9256658780431962,0.9053488154773811,0.2124079073746149,564.7792871861406,0.28669455443741754,2.1473674370124343,0.029895005321872052,0.00017500000000000003,170.82860183926886,0.005853820667225804
split,2,10,0.9008301886792452,0.871961455661706,0.2945040770947816,558.5245283018868,0.23783505914616399,1.9509700820184759,0.03163180107471095,0.00017500000000000003,180.75314899834825,0.005532407073080304
split,2,11,0.8741125276738683,0.8409553873665394,0.3651770330546371,564.9514466753187,0.2050934641447384,1.8282294576409197,0.031000566897961365,0.00017500000000000003,177.1460965597792,0.005645058058970794
split,2,12,0.8840106342575009,0.8481555279974233,0.3506839311483062,562.1241929358147,0.2576630520343315,2.0265790188986834,0.029937854894067063,0.00017500000000000003,171.07345653752606,0.005845442187465497
split,2,13,0.902887537993921,0.880147939644801,0.2692583621139919,562.3373860182371,0.260656093218131,2.0450481848260633,0.030085002156619925,0.00017500000000000003,171.9142980378281,0.005816851834976282
split,2,14,0.9027944711538461,0.8768728296062809,0.2833102107365397,555.9278846153846,0.2676193518273067,2.0779668415787578,0.032506400292641575,0.00017500000000000003,185.7508588150947,0.005383555189887159
split,2,15,0.8995619996979308,0.8719029358867173,0.29324527671053024,558.861350249207,0.2404410179296974,1.957378111895572,0.0335407849480004,0.00017500000000000003,191.66162827428795,0.005217528458898902
split,2,16,0.9265299900922186,0.909330840377819,0.2058881415093052,564.0058684551483,0.31323932032682933,2.2253846283039076,0.029113895854514932,0.00017500000000000003,166.36511916865672,0.0060108753866020765
split,2,17,0.892526906169471,0.865061529588146,0.3056384645047563,560.8908594815825,0.23809478103066795,1.9382747682051864,0.029694994640221295,0.00017500000000000003,169.68568365840738,0.0058932490852504115
split,2,18,0.8759767121188907,0.8443328657170598,0.3552628038693857,566.8955109544967,0.21951434493530542,1.8776462425394835,0.02891527000975031,0.00017500000000000003,165.23011434143032,0.006052165514656772
split,2,19,0.9162430771565132,0.8953621038654065,0.23400300376185268,561.4430619831576,0.29085543035762385,2.1597797671921026,0.03135307991215444,0.00017500000000000003,179.1604566408825,0.005581588810104711
split,2,20,0.9160282181597512,0.8897187590485073,0.2510187427704432,561.3580368656603,0.2724348686169833,2.0869551366774366,0.03249664502510863,0.00017500000000000003,185.69511442919213,0.005385171295830255
split,2,21,0.9051546391752577,0.8819180633680666,0.2679794214081615,565.1237113402062,0.2495383195055183,1.9964605931343011,0.028303725132426204,0.00017500000000000003,161.73557218529257,0.006182931722987623
split,2,22,0.8659531875577456,0.8312994303387538,0.38886326805418386,569.7711733908222,0.2585264594818,2.029460779215775,0.02950313279433702,0.00017500000000000003,168.58933025335438,0.005931573477972834
split,2,23,0.9046779141104294,0.8790015126668466,0.27301771618129517,567.5030674846626,0.29641722451196983,2.188157637597302,0.030576074179927106,0.00017500000000000003,174.72042388529772,0.005723429337926116
split,2,24,0.8565561302099178,0.8208206761388891,0.4156377233261819,562.849710982659,0.24954474726109765,1.9966778148339086,0.033978063857111405,0.00017500000000000003,194.16036489777943,0.005150381750294274
split,2,25,0.8904754553874653,0.8595773735081743,0.3224909769866661,571.1759802408151,0.26007087496691383,2.0355990555837122,0.030136430593641468,0.00017500000000000003,172.20817482080835,0.005806925257994009
split,2,26,0.8775789874381423,0.8407250510970603,0.37005009391015453,563.4057860677578,0.23224654802470468,1.9049427283739049,0.03039614713723743,0.00017500000000000003,173.69226935564245,0.005757308622368545
split,2,27,0.9266062037954425,0.9071995040495182,0.20685086001332054,564.0058684551483,0.2904138001613319,2.1455779613542276,0.03257864357916319,0.00017500000000000003,186.1636775952182,0.005371617132394284
split,2,28,0.9084137721365053,0.8840642356475966,0.25973805408434664,562.4653796458159,0.2662102995091118,2.057216516396325,0.029932607555949856,0.00017500000000000003,171.04347174828487,0.005846466923167019
split,2,29,0.8658470995005763,0.8293969073455886,0.38795541304283016,568.5912408759124,0.24536361504578963,1.979713573006708,0.03140465473528643,0.00017500000000000003,179.45516991592245,0.0055724223518805035
split,2,30,0.9058814460803206,0.8787001367166444,0.2757159497107248,570.4288136899714,0.25445790914818645,2.018307783070268,0.032365699474377285,0.00017500000000000003,184.94685413929875,0.005406958689044894
split,2,31,0.9131907845204036,0.8873536237132239,0.2575582689276789,557.1812979972896,0.24979644385166466,2.008645417273075,0.031059252570932092,0.00017500000000000003,177.48144326246907,0.005634391864399854
split,2,32,0.9165418040155828,0.8922800484145199,0.24943680087347833,554.431225651783,0.2805539011606015,2.1083593492827153,0.03228065654376766,0.00017500000000000003,184.46089453581519,0.005421203244820211
split,2,33,0.9045982279254506,0.8799637952554441,0.27177089242607233,565.2529789184234,0.2552382714638952,2.015262951012894,0.03299979715699786,0.00017500000000000003,188.57026946855916,0.005303062899672702
split,2,34,0.9099612491452017,0.8840747135756732,0.26423650119692693,562.2947344426715,0.23849026445532218,1.9437250682612883,0.030708867566395976,0.00017500000000000003,175.4792432365484,0.005698679693141749
split,2,35,0.8857961831485253,0.85643105118923,0.3237174956955402,558.2301425661915,0.2250234593229834,1.902579458750534,0.02934656990146199,0.00017500000000000003,167.69468515121136,0.005963218208724348
split,2,36,0.8752198180289013,0.8423640784733817,0.35995847641945977,565.8138236868263,0.22903804024099372,1.917860400235252,0.03304358482675819,0.00017500000000000003,188.8204847243325,0.005296035551756712
split,2,37,0.923341303048416,0.9029322453088908,0.21693887992391306,552.9426180514047,0.29154040943831205,2.1349141704828636,0.029961815426953996,0.00017500000000000003,171.21037386830852,0.005840767573868972
split,2,38,0.8764087152516905,0.8458957950665255,0.3532487242956628,556.0112697220135,0.21384926440077834,1.855004063863848,0.02836619749565729,0.00017500000000000003,162.09255711804164,0.00616931472844718
split,2,39,0.8880379843773931,0.8585728427546195,0.32282230622204916,566.7221626589064,0.21379981821519323,1.8631755870550593,0.030278802766977357,0.00017500000000000003,173.02173009701343,0.005779620857098696
split,2,40,0.9070926807160662,0.8833042144605151,0.26236255660652225,558.9877634262407,0.2582742115773726,2.0212351508161905,0.02955478085364265,0.00017500000000000003,168.8844620208151,0.00592120783661406
split,2,41,0.8688861801005637,0.8354360669730005,0.37742613963600513,563.7914063690386,0.2526288043882232,1.992975345708957,0.029402808068892148,0.00017500000000000003,168.0160461079551,0.005951812479609664
split,2,42,0.8900138057984354,0.8631641432538427,0.3112584789389319,567.5899677864703,0.22989717122982256,1.893309872004517,0.03212100950549144,0.00017500000000000003,183.54862574566533,0.005448147573633446
split,2,43,0.9205765102729224,0.8949231562189256,0.242178434531049,567.329346826127,0.259095199406147,2.0171483881801926,0.030185171320734817,0.00017500000000000003,172.4866932613418,0.005797548675159876
split,2,44,0.9065942244715689,0.8815800270140306,0.2727804349106897,550.8064900267937,0.25261293738731183,2.0101199682684774,0.031120520991301887,0.00017500000000000003,177.83154852172504,0.005623299174487217
split,2,45,0.905013990773652,0.8780617340675372,0.27291846978328166,559.6629357936928,0.25730691716307774,2.019994149173419,0.03112214295682191,0.00017500000000000003,177.84081689612518,0.005623006109919574
split,2,46,0.9298483819868748,0.9119045902958306,0.1989743670466394,558.2301425661915,0.2757657485199161,2.0895812650237398,0.03352508196407467,0.00017500000000000003,191.57189693756953,0.005219972323633071
split,2,47,0.8924706599603719,0.8616658814846883,0.31807182066118794,563.9629629629629,0.23873504321090877,1.9361008334190681,0.031469274882730484,0.00017500000000000003,179.82442790131702,0.00556097973824098
split,2,48,0.9226740603820086,0.8991775298495741,0.22894231839467144,569.9463955637708,0.2654396415746305,2.0334546728473004,0.031223167966681273,0.00017500000000000003,178.41810266675012,0.005604812432445844
split,2,49,0.8967944877171959,0.8677124870896292,0.30331072927745745,554.2654284002397,0.28890173975378275,2.146824067327766,0.03073065880014929,0.00017500000000000003,175.60376457228165,0.00569463873645136
split,3,0,0.827766416723472,0.7847263776457158,0.5053554030239222,560.5092024539878,0.26074233575491235,2.0360712469177713,0.03161743594983919,0.00017500000000000003,180.67106257050963,0.0055349206772375885
split,3,1,0.8057004611778937,0.7557837446167192,0.5759657895163836,559.4939895667952,0.2317588735022582,1.9135980380362168,0.03080111977243504,0.00017500000000000003,176.0063986996288,0.005681611619737716
split,3,2,0.8313343328335832,0.78692897979532,0.49823753424955436,554.7631184407796,0.24717402167152613,1.9779835192261999,0.03272913509226805,0.00017500000000000003,187.02362909867452,0.0053469179526635935
split,3,3,0.8195648866575385,0.7709102346720187,0.5398905855034241,562.9351894112277,0.24937090047751553,1.9704554008454784,0.03392934776216735,0.00017500000000000003,193.88198721238481,0.005157776719631858
split,3,4,0.8433953699500681,0.8037501097975596,0.4544819182158184,559.8742623694961,0.27446871731081046,2.097412443896961,0.03145434050375207,0.00017500000000000003,179.73908859286897,0.005563620066334722
split,3,5,0.8491095111784767,0.8087357137754545,0.4420306380156629,560.8484274346343,0.2627451565058436,2.0475832686484305,0.03261267065355815,0.00017500000000000003,186.35811802033226,0.005366012549509096
split,3,6,0.8401885501406523,0.7980407305550642,0.4691724246322422,562.6361286398541,0.2702781934349332,2.0839946485778205,0.030047973927750403,0.00017500000000000003,171.7027081585737,0.005824019962902761
split,3,7,0.8570893285371702,0.8188880315122271,0.41885955066777847,554.5971223021583,0.279747674241662,2.1101340355434024,0.030052323698463685,0.00017500000000000003,171.72756399122105,0.0058231769947608494
split,3,8,0.8128815628815629,0.7666904476213627,0.5496949962513674,564.7362637362637,0.2749279066338204,2.0935107064281944,0.03230533041206163,0.00017500000000000003,184.60188806892356,0.005417062688040529
split,3,9,0.8156001514577812,0.7672052173761609,0.5517612462914334,560.4244604316547,0.2387784083839506,1.9592180690964769,0.031061689085441248,0.00017500000000000003,177.49536620252138,0.005633949896241261
split,3,10,0.8379640260237275,0.7953800941131053,0.4801740384850604,566.4190585533869,0.25546180226956494,2.023890771187383,0.028870061476957018,0.00017500000000000003,164.9717798683258,0.0060616427900466495
split,3,11,0.8294678375741199,0.7868085473146528,0.4993407577841649,555.469714028372,0.26268393301870674,2.047741481667755,0.03066020806064587,0.00017500000000000003,175.2011889179764,0.005707723824112679
split,3,12,0.8554161915621437,0.8184854464256753,0.42024698297239943,562.5507411630558,0.2804351983650122,2.113657340859623,0.03138662173555165,0.00017500000000000003,179.35212420315227,0.005575623954513632
split,3,13,0.800685192234488,0.7504201020201313,0.5952511852296395,563.4057860677578,0.2476947968825698,1.9786651118190588,0.030084604029169126,0.00017500000000000003,171.91202302382356,0.005816928812834807
split,3,14,0.789279112754159,0.7362551486576911,0.6273093008517387,569.9463955637708,0.22754716573399492,1.9028130218711854,0.030888872787625567,0.00017500000000000003,176.5078445007175,0.005665470579104687
split,3,15,0.8442391387340612,0.8026790826240381,0.45739990058240493,565.037565854776,0.2748858097475022,2.0890545975308727,0.03138415494725324,0.00017500000000000003,179.33802827001847,0.005576062197440691
split,3,16,0.840560833588722,0.7983874518256048,0.4718162630062201,566.9822249463683,0.25350463986978866,2.0059407312172652,0.03226847218885354,0.00017500000000000003,184.39126965059165,0.005423250254173795
split,3,17,0.802472881741637,0.755585274912944,0.5744404548203585,561.3580368656603,0.27367062159464695,2.0787583857205485,0.03181250801527116,0.00017500000000000003,181.78576008726375,0.005500980932279645
split,3,18,0.80601239195288,0.7588776471339045,0.570921044837873,566.0730513271628,0.257260775368195,2.0173270584429694,0.031924408359109264,0.00017500000000000003,182.42519062348148,0.005481699082140258
split,3,19,0.8180042079951909,0.7699697474222572,0.5385530168763849,556.0946798917944,0.24130449327640235,1.9580696634260615,0.030663321082531215,0.00017500000000000003,175.21897761446405,0.005707144360814096
split,3,20,0.82718754722684,0.7814487737298511,0.510154778337147,559.1985794166541,0.24170146440155804,1.9574123610360723,0.032537193946335724,0.00017500000000000003,185.92682255048982,0.005378460118245943
split,3,21,0.8334853321173431,0.7909271926842634,0.4899980043315399,562.4227086183311,0.2562147235730663,2.00981174576789,0.02919893172283366,0.00017500000000000003,166.8510384161923,0.005993369951379059
split,3,22,0.8280573901161467,0.7843298648448248,0.5055573458660695,561.7834206331132,0.2628858419484459,2.049367102231356,0.030756134827649922,0.00017500000000000003,175.74934187228524,0.005689921733685279
split,3,23,0.7860082304526749,0.7298011684114561,0.6520964338539392,563.9629629629629,0.2201634175144136,1.8924150351632798,0.030152774204889276,0.00017500000000000003,172.30156688508154,0.005803777748968245
split,3,24,0.8047150686988512,0.7578341511719673,0.5752965075941743,555.6362339514978,0.2476061173074413,2.0052578351639045,0.03192929257313036,0.00017500000000000003,182.45310041788775,0.005480860548325106
split,3,25,0.8329303309656945,0.7891365795997298,0.49162299828115313,559.1985794166541,0.25964982446748763,2.064217305993869,0.033126603303958786,0.00017500000000000003,189.29487602262162,0.0052827631735816
split,3,26,0.8656828790844753,0.8287384541910607,0.39640622094749295,557.1812979972896,0.2815796208451502,2.1211184816469237,0.03145138780864351,0.00017500000000000003,179.72221604939148,0.005564142385853839
split,3,27,0.8194701170671596,0.7779168402482487,0.5144162366934634,569.9463955637708,0.24196790062705986,1.9687334786554134,0.031264633074197946,0.00017500000000000003,178.65504613827395,0.0055973789804180975
split,3,28,0.8037461135967241,0.7567861309436529,0.5755281555589332,561.1880640024266,0.24165311944670975,1.9578949655758007,0.029596025501457995,0.00017500000000000003,169.12014572261708,0.005912956116062914
split,3,29,0.8131531800537474,0.7668973063897578,0.551958854246598,552.4481934905942,0.2545844257983845,2.0052490719832408,0.03301918317868004,0.00017500000000000003,188.68104673531448,0.005299949397688152
split,3,30,0.8235205427817565,0.7787442413698827,0.5170296896243517,557.894082171127,0.25553206144832075,2.009756323981841,0.029768131967936946,0.00017500000000000003,170.10361124535396,0.005878769960724823
split,3,31,0.8234492160872529,0.7821007802244119,0.5065004628084209,560.5092024539878,0.25054246751824394,1.999867055749689,0.02989572281344361,0.00017500000000000003,170.83270179110633,0.00585368017666077
split,3,32,0.8212600821792726,0.7685687490044338,0.5498368930214452,563.1062243189773,0.24414581796736456,1.9639226246172719,0.031880764979791025,0.00017500000000000003,182.1757998845201,0.00548920328953622
split,3,33,0.8175854007993364,0.7704828393240115,0.5413294777074572,558.0620616846392,0.2582401532854419,2.025669135762084,0.029872741406500664,0.00017500000000000003,170.70137946571805,0.0058581834729743935
split,3,34,0.8148486231553325,0.7669420871090754,0.5473930523409959,562.9351894112277,0.25746691587846726,2.029761171486009,0.0304383366446995,0.00017500000000000003,173.9333522554257,0.005749328619455766
split,3,35,0.828351965928968,0.7859821525802652,0.49775496271615605,562.8069815195072,0.2565287828329019,2.030207454630822,0.030359334446105266,0.00017500000000000003,173.4819111206015,0.005764289737993595
split,3,36,0.8421012092736656,0.8022619470575757,0.4581963519356074,569.990217977355,0.2738335440517403,2.085634867332489,0.030223385501515408,0.00017500000000000003,172.70506000865944,0.005790218305994393
split,3,37,0.8227077643386657,0.7819332541294318,0.502813833637027,577.4494732735076,0.2599147597211413,2.0374223146296058,0.030413539102484014,0.00017500000000000003,173.79165201419434,0.0057540163086678385
split,3,38,0.8245921634395487,0.7825376019880681,0.5100407738694276,564.1346241805153,0.2536937119148206,2.0030285728687645,0.03429680347232577,0.00017500000000000003,195.9817341275758,0.005102516336287964
split,3,39,0.7993129770992367,0.7488513918772235,0.5972137484323462,564.9083969465648,0.2308823201165069,1.9267510319489025,0.03017379252128107,0.00017500000000000003,172.4216715501775,0.005799734981162062
split,3,40,0.8282936538314323,0.7929852760168803,0.47413202220598183,566.5056265788869,0.2817175710806623,2.110639448188934,0.02999184093830737,0.00017500000000000003,171.38194821889925,0.005834920249142812
split,3,41,0.8061827549628732,0.757653377165121,0.5739402372493699,560.7211698742234,0.2517543757276144,1.9989981066578477,0.029628400993357503,0.00017500000000000003,169.30514853347142,0.005906494921519184
split,3,42,0.82989101440439,0.7830056576997487,0.5113246144193696,564.0058684551483,0.24643016050686128,1.9747205289910954,0.028975472939131823,0.00017500000000000003,165.57413108075326,0.006039590807287906
split,3,43,0.8038252192319323,0.7567842281780747,0.5752748706318387,559.4517689749017,0.24447133523062803,1.955190918405922,0.028904173183972506,0.00017500000000000003,165.1667039084143,0.006054489048558508
split,3,44,0.804883597482369,0.7513610705702078,0.5933300326175941,561.1880640024266,0.24018300449824892,1.9505523461184087,0.030522954886605093,0.00017500000000000003,174.4168850663148,0.005733389858555217
split,3,45,0.789410348977136,0.7367155323801513,0.628172470042278,556.5956678700361,0.2508793862652965,2.006648990017062,0.03087650769905606,0.00017500000000000003,176.4371868517489,0.005667739425250804
split,3,46,0.8571428571428571,0.8176931063188994,0.42323398287912867,560.2550533727004,0.27304651713347994,2.0814724743365813,0.030251613351963073,0.00017500000000000003,172.86636201121755,0.00578481543988939
split,3,47,0.7980513054730912,0.751020489188219,0.5963422459918915,563.3201644211007,0.24274533853167668,1.9631381163254464,0.032419302252683274,0.00017500000000000003,185.25315572961867,0.00539801870614028
split,3,48,0.8369556810271482,0.7957028112516491,0.4721884515654634,572.3666950266842,0.25511397651280276,1.9920140337036427,0.031553008693352855,0.00017500000000000003,180.30290681915915,0.005546222285828057
split,3,49,0.800719920349238,0.7508548684880534,0.5948545964609603,566.7654897755993,0.23537659971043468,1.9427627654850088,0.03214123159979024,0.00017500000000000003,183.66418057022992,0.00544471979726944
split,4,0,0.7592790591110432,0.7004642137199816,0.7208642360863697,565.1667939514282,0.26481069132569246,2.051613977163016,0.03186974288314949,0.00017500000000000003,182.1128164751399,0.00549110172120428
split,4,1,0.7179094183462335,0.6497308136419205,0.8634672289425055,567.1123457736225,0.25189406677964143,2.008752844831297,0.0294321943258287,0.00017500000000000003,168.18396757616398,0.005945869956642204
split,4,2,0.7474366706875754,0.6842043746925346,0.7717711743794113,557.9360675512665,0.26411287882365286,2.0500573859847337,0.02990951621014553,0.00017500000000000003,170.91152120083157,0.005850980630059096
split,4,3,0.7560863924292147,0.6939247122053943,0.7424635901073189,564.7792871861406,0.2634126318444032,2.0473459520845,0.031691849663540946,0.00017500000000000003,181.09628379166253,0.005521924465056521
split,4,4,0.775255391600454,0.7199602504992018,0.6694939975735575,560.0011350737798,0.2658622913004365,2.0602578418596673,0.02993097260003323,0.00017500000000000003,171.034129143047,0.005846786281839893
split,4,5,0.7188794336922961,0.6529740101844632,0.8495653037310611,557.3069508246103,0.2462321734346915,1.9897159270717897,0.03081090865924935,0.00017500000000000003,176.06233519571055,0.005679806523572472
split,4,6,0.6879202236156229,0.6171216960695222,0.9628503944402638,559.0720707108861,0.22755812742980197,1.8917172475527162,0.03206564272784554,0.00017500000000000003,183.23224415911733,0.005457554725638837
split,4,7,0.7051874290041651,0.6412084477614863,0.8885210530344243,560.4244604316547,0.24006129032932222,1.958232383669646,0.031092984784510235,0.00017500000000000003,177.67419876862988,0.005628279215161767
split,4,8,0.7114700881125368,0.6447951514050967,0.8750993146831344,571.9692379038491,0.23101256956579164,1.9072112888093904,0.031116325707179735,0.00017500000000000003,177.80757546959845,0.005624057340408311
split,4,9,0.7345186078047311,0.6682215204140817,0.8194647625192691,557.51649841796,0.25967886092257686,2.0570072885155,0.03136526992793711,0.00017500000000000003,179.2301138739263,0.005579419542763991
split,4,10,0.7335154412322634,0.6698835177486127,0.8070679045111832,561.5281129068974,0.2544678783742711,2.010578497892711,0.03143357313006841,0.00017500000000000003,179.62041788610514,0.0055672958106248605
split,4,11,0.7596306667675774,0.700731651448937,0.719935080382526,560.0857488836751,0.27039599980344065,2.092461006904736,0.03037660971977844,0.00017500000000000003,173.58062697016248,0.005761011568254643
split,4,12,0.7479921200181846,0.6973950234722367,0.7308299315524064,560.7211698742234,0.2499042414710857,2.0106046840041443,0.03364714125984692,0.00017500000000000003,192.26937862769665,0.005201036208352049
split,4,13,0.7511932722175922,0.6929030630937548,0.7421874541896502,560.6787635426926,0.254148823878495,2.001711501193234,0.030388654542118733,0.00017500000000000003,173.64945452639273,0.005758728138406052
split,4,14,0.704894578313253,0.6402705976475291,0.8889162817864338,557.2650602409639,0.24239332423894666,1.9596141604140693,0.03091490763105334,0.00017500000000000003,176.6566150345905,0.0056606994298186546
split,4,15,0.7320720170888008,0.6681963026821854,0.8168343661161147,564.5642355813244,0.24823011178523302,1.9869372864952846,0.029720032683894015,0.00017500000000000003,169.82875819368007,0.005888284237817701
split,4,16,0.7205246796572902,0.6553108376708489,0.8453070719586335,561.1031162332247,0.24781450210139155,1.9710379528093305,0.030983678147463892,0.00017500000000000003,177.04958941407935,0.005648135097682853
split,4,17,0.7232410036062303,0.6571243026373922,0.8351568353091244,567.8073352259648,0.25091119267744943,1.9757650285611885,0.033646439060498454,0.00017500000000000003,192.26536605999112,0.0052011447536941076
split,4,18,0.7464595705801736,0.6902851749772514,0.7471607944954678,563.4486066697121,0.2557135537499562,2.0161392485427534,0.03097861776612534,0.00017500000000000003,177.02067294928764,0.005649057724949882
split,4,19,0.7028588579575298,0.6380028427696173,0.8973236366570164,555.3032940646807,0.2408259120711591,1.9698546223626736,0.030980347246202803,0.00017500000000000003,177.03055569258743,0.005648742365902609
split,4,20,0.7178554850688534,0.6523551814975687,0.8521697331251918,572.4993037289184,0.254753053188324,2.0118033979136403,0.029152557278616625,0.00017500000000000003,166.58604159209497,0.0060029039074511095
split,4,21,0.768831754623365,0.7134256722520561,0.6854250367519577,556.3450608930988,0.26437010601512156,2.0355023954867435,0.031270667694931,0.00017500000000000003,178.68952968531997,0.005596298796919123
split,4,22,0.7233072421916559,0.65991312167325,0.8308145337884898,562.3800440762976,0.26937960702343844,2.0550190362213696,0.031531017165620616,0.00017500000000000003,180.1772409464035,0.005550090537225317
split,4,23,0.7649996158869171,0.7086138576867802,0.7050688813474119,568.5040331873704,0.26243849989259616,2.0600448225102337,0.029974702373569948,0.00017500000000000003,171.28401356325682,0.005838256467704094
split,4,24,0.7176560704710839,0.6586245140289586,0.8375112826466407,566.852163921869,0.2440201278659515,1.9509170250950365,0.031771020630045915,0.00017500000000000003,181.54868931454806,0.005508164249356918
split,4,25,0.7113615455381784,0.6480535273148115,0.8647487664582607,567.329346826127,0.26634045169339515,2.062022134589198,0.02994346469636353,0.00017500000000000003,171.1055125506487,0.0058443470645283355
split,4,26,0.731931369571819,0.6703482749908087,0.8099898194575826,561.8259945338597,0.26562113015097566,2.060217878509814,0.031247145823646474,0.00017500000000000003,178.55511899226553,0.005600511515121092
split,4,27,0.7478227943960621,0.691950821630647,0.7447162278541953,560.4244604316547,0.2611462478816975,2.033922336961298,0.03155817249164391,0.00017500000000000003,180.33241423796517,0.0055453147689821765
split,4,28,0.7629740893728877,0.7107528648829197,0.7009857474607847,555.8028539241457,0.25941578918718733,2.0404977579116306,0.029705479923617387,0.00017500000000000003,169.7455995635279,0.005891168917317037
split,4,29,0.7350847970926712,0.6751407531724519,0.7867571845831405,560.2973955178679,0.24711936633684672,1.973660049992363,0.029168104553829587,0.00017500000000000003,166.67488316474046,0.005999704220650966
split,4,30,0.7330174982807366,0.6700573698536549,0.7995080885765293,565.4685565828685,0.28404136895551346,2.1367544033713175,0.030409510831558007,0.00017500000000000003,173.7686333231886,0.005754778528643437
split,4,31,0.6732590103848504,0.605415793194768,0.988302234092894,565.0806353084912,0.23847890351316892,1.9535445801981668,0.03171376011414585,0.00017500000000000003,181.2214863665477,0.005518109469521454
split,4,32,0.7046495381510518,0.6407658121405881,0.8888217675848827,574.406815182799,0.2554357065237127,2.0010718367323896,0.030387304285289244,0.00017500000000000003,173.64173877308136,0.0057589840269154455
split,4,33,0.7116653875671527,0.6519266521999257,0.8560820375979437,567.9378357636224,0.23609037784626707,1.9332362937707686,0.031840641130898045,0.00017500000000000003,181.9465207479888,0.005496120485783204
split,4,34,0.7303007518796992,0.6694232082134085,0.8089122287125449,556.4285714285714,0.25518924710922875,2.012021427303674,0.030393612405030523,0.00017500000000000003,173.67778517160298,0.005757788763899461
split,4,35,0.7662505708631451,0.704614020256227,0.7232260995738964,563.2773633734206,0.25506180757656693,2.0146884598179766,0.029745020682606652,0.00017500000000000003,169.97154675775226,0.005883337647242954
split,4,36,0.7165205562273277,0.6465130944158868,0.8747319269320983,559.2829504232164,0.2457017004780937,1.977710575650176,0.030355742580645488,0.00017500000000000003,173.46138617511704,0.005764971801796022
split,4,37,0.7488744753910721,0.6903205920993608,0.7579981615945754,564.6932468523464,0.25471816334174946,2.012609402285502,0.030030829265062307,0.00017500000000000003,171.60473865749887,0.0058273449079740865
split,4,38,0.7314519799726901,0.6656111881540062,0.8237868980165083,561.4005461993628,0.2627721260068938,2.0379087045094604,0.02938636967525997,0.00017500000000000003,167.92211243005693,0.005955141854331548
split,4,39,0.7630375114364135,0.7026626844892132,0.7180675940999993,564.220494053065,0.2633095078053884,2.060926379793379,0.031153584213744225,0.00017500000000000003,178.02048122139556,0.005617331180878833
split,4,40,0.7075880965065835,0.64354383763946,0.8772469668895673,563.2345688408554,0.24137653762591071,1.9691278875070473,0.029598543859482657,0.00017500000000000003,169.13453633990088,0.005912453018999928
split,4,41,0.7226801784768964,0.6603658166457411,0.8362606623597015,559.6629357936928,0.23582020765752532,1.9344953282700057,0.03240108798537475,0.00017500000000000003,185.1490742021414,0.005401053201639148
split,4,42,0.7430717236199774,0.6801184608184007,0.7876529919129817,555.8028539241457,0.2502449018647894,1.9944010332892437,0.030285133844599254,0.00017500000000000003,173.05790768342428,0.005778412633008976
split,4,43,0.7328549848942598,0.676581616369915,0.7893703011423663,558.9456193353475,0.2629746215243358,2.02881243694247,0.03051188711714244,0.00017500000000000003,174.35364066938536,0.005735469567258594
split,4,44,0.7641361841615139,0.7043629570825228,0.7138221557361369,551.3389704238992,0.25838745923829265,2.0356822491193056,0.03231528030694645,0.00017500000000000003,184.65874461112253,0.005415394771073122
split,4,45,0.7716351761138325,0.7072196609718738,0.7151970143618804,575.3876836948915,0.2544041480869055,2.005628224734232,0.032183411405052965,0.00017500000000000003,183.90520802887406,0.00543758390922238
split,4,46,0.7301647559031205,0.668605663803976,0.8140262853205834,561.8685748994002,0.23558497382327914,1.9221165935236801,0.030486726417748713,0.00017500000000000003,174.20986524427835,0.005740203051060241
split,4,47,0.7234462847591552,0.6586560471677474,0.8360851682258406,562.2520893481234,0.24020564366946928,1.9487310325443907,0.027453370591746684,0.00017500000000000003,156.8764033814096,0.006374444967154974
split,4,48,0.7267934907173963,0.6605675716991813,0.8370226771426099,565.3823057529223,0.24901324848178774,1.9829220610609162,0.03026011465654744,0.00017500000000000003,172.91494089455676,0.005783190248492167
split,4,49,0.7343292776836593,0.66735199087305,0.8168592747108625,569.8587709841368,0.2494341631536372,1.9985024085433314,0.029817882243473325,0.00017500000000000003,170.38789853413326,0.00586896140279395
split,5,0,0.6408010965580262,0.5656215843134614,1.109520798983792,563.5342674383186,0.25630230948445387,2.0148833255830856,0.029475767313396413,0.00017500000000000003,168.4329560765509,0.00593708038672379
split,5,1,0.6272149023171286,0.548009859930685,1.1700204741028124,560.3820990458883,0.24155839474406093,1.958775802065724,0.029932681480513527,0.00017500000000000003,171.04389417436298,0.005846452484182774
split,5,2,0.6424979359003228,0.5618907851158906,1.125834890206381,555.469714028372,0.24450479124789126,1.968756628732287,0.03049367085172488,0.00017500000000000003,174.24954772414213,0.005738895813853816
split,5,3,0.6372660453133288,0.5587690795673279,1.1402685981442473,560.7635826324165,0.2593480437353719,2.0182709790407083,0.030047827217847017,0.00017500000000000003,171.70186981626864,0.005824048398949064
split,5,4,0.6271302495435179,0.5517075869863789,1.1588801648367857,563.0206938527084,0.23114125689608045,1.923551808729523,0.03267450760278211,0.00017500000000000003,186.71147201589773,0.005355857297910725
split,5,5,0.63623121741797,0.5649179166779998,1.1172399817306848,567.329346826127,0.25305962515994906,2.0026334104021375,0.03155752468779869,0.00017500000000000003,180.32871250170678,0.005545428601618476
split,5,6,0.6806755089450957,0.6095046967494502,0.9823503685331525,570.6483652066626,0.2663272448407952,2.0587319729749423,0.031421142007095414,0.00017500000000000003,179.54938289768805,0.005569498395713374
split,5,7,0.6233756247597078,0.5466925562716932,1.181074893948013,569.0276816608997,0.2433199364459142,1.95748689882834,0.03120460216044453,0.00017500000000000003,178.31201234539728,0.005608147128433283
split,5,8,0.6693572951568687,0.5978297636383824,1.0105841601055459,563.5342674383186,0.2602086756378412,2.029611393160728,0.03297234916226275,0.00017500000000000003,188.41342378435854,0.0053074774605471435
split,5,9,0.6269806012142751,0.5512740120312846,1.1657729357836453,547.9569080408708,0.24218580542947166,1.9735515336895801,0.02860398459062627,0.00017500000000000003,163.45134051786437,0.0061180287468532895
split,5,10,0.6287612647013899,0.555794595264433,1.141824940013301,565.1667939514282,0.2466722929093521,1.9864685046262496,0.031210947234507833,0.00017500000000000003,178.3482699114733,0.005607007012158682
split,5,11,0.6276955443684724,0.551393124921627,1.1616001337653377,556.0529716733038,0.23800761881284416,1.9531380382144778,0.028174294019788174,0.00017500000000000003,160.99596582736098,0.006211335761495533
split,5,12,0.6087489466023136,0.5303320936184627,1.2189244163642818,566.938864628821,0.24924261798150837,1.9800164610701616,0.029709739826243222,0.00017500000000000003,169.76994186424696,0.005890324217697085
split,5,13,0.6605580693815988,0.5886206753585838,1.0443551985440391,558.10407239819,0.256623135850532,2.020862855665846,0.029513057452131532,0.00017500000000000003,168.64604258360873,0.005929578807070053
split,5,14,0.6431910722364651,0.5653103960416873,1.1140962986451426,558.0200573065903,0.25012427623732947,2.003449039923477,0.03136346878530933,0.00017500000000000003,179.219821630339,0.0055797399579082954
split,5,15,0.6261780894216995,0.5463277817788703,1.1735816245127162,557.9780592626103,0.24848703158204444,1.986206334243043,0.03281726751162554,0.00017500000000000003,187.52724292357448,0.005332558536081841
split,5,16,0.656058282208589,0.5796450323477292,1.0750730782269928,567.5030674846626,0.25163507749675773,1.9806346562676427,0.0325570596818846,0.00017500000000000003,186.04034103934052,0.005375178278073236
split,5,17,0.689000978694572,0.616262940639975,0.971425680503186,557.1394263344124,0.26222973107360303,2.032163872943751,0.03254853973903674,0.00017500000000000003,185.9916556516385,0.0053765852908637755
split,5,18,0.6440882065176489,0.5672845388089797,1.1055435546891903,556.9720027094152,0.24714538161060773,1.9804615104059637,0.029466020350250914,0.00017500000000000003,168.37725914429092,0.005939044293048207
split,5,19,0.6664686664686664,0.5874892185359216,1.05197726370861,549.5001485001485,0.25871625437866896,2.0339080707313992,0.031520192860496316,0.00017500000000000003,180.11538777426463,0.005551996486015298
split,5,20,0.6509377791009229,0.5710120434639602,1.1037618455378648,550.8064900267937,0.25550051615573466,2.008037834755166,0.030495189555345362,0.00017500000000000003,174.2582260305449,0.0057386100087161145
split,5,21,0.6485355648535565,0.5748075364409052,1.0812373252917413,562.977938379612,0.2517315468576271,1.9991752738100783,0.03266836278451785,0.00017500000000000003,186.67635876867342,0.005356864718146689
split,5,22,0.6529825357223861,0.5835508737528675,1.0535324418989647,559.4939895667952,0.259368444327265,2.0418335952079767,0.030120402919596376,0.00017500000000000003,172.11658811197927,0.005810015240073192
split,5,23,0.6500758725341427,0.5766312697995222,1.0815497964407652,561.4855842185129,0.24577196227619424,1.986509850942936,0.0323872611022039,0.00017500000000000003,185.0700634411651,0.005403359038226655
split,5,24,0.6580464128621265,0.58670557543187,1.0443453437896046,561.2305475504322,0.24581613592454232,1.9970943626473967,0.03259418469559891,0.00017500000000000003,186.2524839748509,0.005369055910873258
split,5,25,0.6432046214654911,0.5642840151438047,1.1190489092942297,562.508057160231,0.2515571587427985,2.0160524844928442,0.028715875630133073,0.00017500000000000003,164.09071788647466,0.006094189926646825
split,5,26,0.6231186032510536,0.5412927091757878,1.181258176150258,556.9301625526791,0.23873469271347858,1.92563987533783,0.027592655475552688,0.00017500000000000003,157.67231700315818,0.006342267425295525
split,5,27,0.6489410681399632,0.5824953735686892,1.058598640770526,567.8508287292817,0.25516337269800715,2.0311475595431565,0.03196587268921143,0.00017500000000000003,182.6621296526367,0.005474588530757147
split,5,28,0.6551408987052552,0.5781652317437626,1.080062319920702,563.6199543031227,0.24971490760799497,2.0076840837175416,0.02952814096288433,0.00017500000000000003,168.7322340736247,0.005926549870510571
split,5,29,0.661865671641791,0.588973669592688,1.043308738642929,552.2835820895523,0.264905241667293,2.059962793228035,0.029763095605271177,0.00017500000000000003,170.07483203012097,0.0058797647368712125
split,5,30,0.6595440523662629,0.5804670524082746,1.0712554119082098,556.8046798585509,0.24422279885038733,1.9419463005584907,0.030620854609278724,0.00017500000000000003,174.97631205302125,0.005715059302981425
split,5,31,0.644633809304468,0.5701046503037037,1.0968002380709203,568.1119299861815,0.255711581063224,2.009156117008616,0.032091698267809825,0.00017500000000000003,183.38113295891327,0.005453123687615405
split,5,32,0.6339555417860739,0.5565283766223325,1.1458757838623883,573.1632716288436,0.2644797053944785,2.0489052824845997,0.033115442308923736,0.00017500000000000003,189.2310989081356,0.005284543638809926
split,5,33,0.6118883763139983,0.5299902457975291,1.2169038665738585,559.6629357936928,0.24205996535602026,1.983411777067709,0.032340346470890444,0.00017500000000000003,184.80197983365966,0.005411197439010667
split,5,34,0.6572145355025087,0.5861405178336132,1.044323584591179,562.5934316557701,0.2510632650810294,2.004115236372659,0.031889114911732394,0.00017500000000000003,182.22351378132794,0.00548776598172737
split,5,35,0.6335499845249148,0.5573525364002024,1.141340954868927,572.5877437325905,0.24966915594995953,2.0084465010402326,0.030648789969599365,0.00017500000000000003,175.13594268342493,0.005709850215084611
split,5,36,0.6268429852561179,0.5449912501341455,1.1778059996322365,562.4227086183311,0.24643734414712526,1.972005637165864,0.029508492501443547,0.00017500000000000003,168.61995715110595,0.00593049611027873
split,5,37,0.6466136676349182,0.5662840108184541,1.120474729522771,565.6842990368445,0.23466811561957002,1.9221692617465895,0.03204631335549869,0.00017500000000000003,183.12179060284964,0.005460846558500387
split,5,38,0.6575478927203066,0.5798430041760877,1.0715752723746301,567.0689655172414,0.25433159770909697,2.0199545020789684,0.030342186340361954,0.00017500000000000003,173.38392194492542,0.0057675474679690615
split,5,39,0.6143716221359519,0.5387265878626967,1.1850010133584903,563.3201644211007,0.2540081367769744,2.0074082796785335,0.030524794648600077,0.00017500000000000003,174.4273979920004,0.00573304430102123
split,5,40,0.6022167487684729,0.5269108587973453,1.2406144716934095,569.5960591133005,0.23105806403327733,1.9159109567299932,0.03431594781823199,0.00017500000000000003,196.09113038989705,0.005099669719949362
split,5,41,0.684935632010841,0.6154890341931968,0.9606475832111661,557.1394263344124,0.26570858428021893,2.0686512675913447,0.03216115450608914,0.00017500000000000003,183.77802574908077,0.005441346950616058
split,5,42,0.6486141365582513,0.5714222613649645,1.1004233158571783,555.8862014572222,0.2519044656364713,1.9983927754857493,0.029992876506512126,0.00017500000000000003,171.38786575149783,0.005834718786042532
split,5,43,0.6510467108694032,0.5772344889004728,1.0742263217482289,551.3389704238992,0.26693131850333884,2.0670348262813656,0.0306236777072991,0.00017500000000000003,174.99244404170912,0.005714532450107685
split,5,44,0.6658531004500038,0.5898568138999603,1.0367130169185057,564.4352833498589,0.2578376126475632,2.0396651342950047,0.03025647960747415,0.00017500000000000003,172.89416918556654,0.005783885047775697
split,5,45,0.6317667603067345,0.558947987176581,1.1276259769185606,561.8685748994002,0.2453157095296774,1.9658897304505518,0.031977669508236765,0.00017500000000000003,182.72954004706722,0.005472568911093529
split,5,46,0.6548760079111516,0.5876640390038799,1.050585432053095,562.9351894112277,0.2440847461402882,1.9724781606241,0.03148973357720891,0.00017500000000000003,179.94133472690805,0.005557366802450767
split,5,47,0.6282603765026084,0.5497076565526435,1.1714991772025696,559.4939895667952,0.2442415543482639,1.9680997605796287,0.028449652611975088,0.00017500000000000003,162.56944349700046,0.006151217464298269
split,5,48,0.6215275149496632,0.5444999543974134,1.1748987101464963,560.1703883127697,0.24494424674776383,1.99260966356732,0.03185750835581717,0.00017500000000000003,182.0429048903838,0.005493210518707911
split,5,49,0.631523138680603,0.5559482578946817,1.1433046593989284,560.5092024539878,0.2506643863453064,2.001444538172167,0.029327516721818474,0.00017500000000000003,167.5858098389627,0.005967092326975205
split,6,0,0.57016147373209,0.492283252261453,1.3460285633662084,561.018194223334,0.24745650208205916,1.990995265462322,0.031785264749886036,0.00017500000000000003,181.63008428506305,0.00550569584293387
split,6,1,0.5599120279083877,0.4714436172300406,1.4284322863425645,561.2305475504322,0.25122974524856545,1.991338945276687,0.029220308426102824,0.00017500000000000003,166.97319100630182,0.005988985381265538
split,6,2,0.5999073144357766,0.5222967902320772,1.2480331583517374,571.5723333590794,0.2609671208774671,2.0346461396592552,0.03332371580098355,0.00017500000000000003,190.4212331484774,0.005251515198519215
split,6,3,0.5691112117096726,0.48085268237843454,1.3945881173778387,558.3562698053418,0.25239328914904036,1.9900442398601954,0.03180048710222982,0.00017500000000000003,181.71706915559892,0.00550306035996943
split,6,4,0.5992383512544803,0.5166581132834301,1.2870814515259517,552.6129032258065,0.25422707333927974,1.9945345672065233,0.031216471428268323,0.00017500000000000003,178.37983673296182,0.005606014773390672
split,6,5,0.5670040791660371,0.48695646252016545,1.371402728745607,559.0299138842726,0.2522310100030154,1.9976426769712687,0.03197855208660044,0.00017500000000000003,182.7345833520025,0.005472417873269754
split,6,6,0.5719203712019159,0.4970169407790662,1.3316319556990803,553.8513695554558,0.2612696108990349,2.0470335814229967,0.0286311644950987,0.00017500000000000003,163.60665425770682,0.006112220829507576
split,6,7,0.5465767078126198,0.46678860006544987,1.4311548787087778,567.3727670014567,0.24005207463051192,1.9594591879351118,0.03240387362635877,0.00017500000000000003,185.16499215062152,0.0054005888931021855
split,6,8,0.5695156477159691,0.4928536996722814,1.350194727634393,566.2460019894406,0.25842041842406616,2.0313536201829714,0.0324626626667782,0.00017500000000000003,185.50092952444683,0.0053908085666396184
split,6,9,0.5823131320812106,0.4981262841542426,1.3384951274146082,562.7215420880541,0.26521251804661006,2.0382006881723913,0.02956410300008037,0.00017500000000000003,168.93773142903066,0.005919340762664921
split,6,10,0.6242590059279526,0.5499575517503434,1.2068015649517567,562.4227086183311,0.2557738122995943,2.0204434856220788,0.033816842590662304,0.00017500000000000003,193.23910051807027,0.005174936114476933
split,6,11,0.5586973180076629,0.4711151230781376,1.4278105258525429,567.0689655172414,0.2519513851730153,1.986464995588219,0.029003669690931818,0.00017500000000000003,165.73525537675323,0.006033719245351732
split,6,12,0.5773273841034561,0.489668986803176,1.360370431068074,559.6629357936928,0.2549274461925961,2.027180640048443,0.03131113912161075,0.00017500000000000003,178.92079498063285,0.005589065262694839
split,6,13,0.5804878048780487,0.5009079318669961,1.3198563886824797,555.3864915572233,0.25633788379491307,2.0139904913313593,0.031166536890761654,0.00017500000000000003,178.09449651863798,0.005614996642500672
split,6,14,0.5678936917672216,0.4869409128842355,1.3758451732505028,565.1667939514282,0.251629876322113,2.0073378384770963,0.028259133713216294,0.00017500000000000003,161.48076407552165,0.006192688062414158
split,6,15,0.5745487638404368,0.48231223010137164,1.3842395514385133,561.2305475504322,0.2575679178116843,2.007817908742587,0.029750157527796695,0.00017500000000000003,170.00090015883822,0.005882321793976752
split,6,16,0.5754104620084002,0.49358599025978733,1.3454449422028434,565.1237113402062,0.25637382772401907,2.0417344980986702,0.03151536310850452,0.00017500000000000003,180.0877891914544,0.005552847333457367
split,6,17,0.5720828953296291,0.4928865382098115,1.3410343177004784,555.6778795614957,0.2526062720862683,2.0098091087281644,0.029501109540798515,0.00017500000000000003,168.5777688045629,0.00593198027884287
split,6,18,0.5799664583015703,0.5030232923628318,1.3246016769328872,564.1346241805153,0.2565426199580543,2.010308818712904,0.03143842157380696,0.00017500000000000003,179.6481232788969,0.005566437220429728
split,6,19,0.5885714285714285,0.5104773261043507,1.3060485742282395,556.4285714285714,0.25464845981332473,2.001719712067068,0.033019482148205506,0.00017500000000000003,188.68275513260286,0.005299901410159174
split,6,20,0.5537335062161544,0.4685883100106262,1.4294620228127244,564.4352833498589,0.24592496841796674,1.9762626405407313,0.029943460736283664,0.00017500000000000003,171.10548992162092,0.0058443478374543955
split,6,21,0.5569697431598202,0.47363163219502424,1.4226522557088714,564.0058684551483,0.24369376662070863,1.9666713402537783,0.0321550524049475,0.00017500000000000003,183.7431565997,0.005442379561262162
split,6,22,0.5868300153139356,0.5000928557311006,1.3263069422848557,566.635528330781,0.24558579942095093,1.9910610662763926,0.03081465322182472,0.00017500000000000003,176.08373269614123,0.005679116319766172
split,6,23,0.5829565483945129,0.5078800889237276,1.292813122377117,567.1123457736225,0.27136239025276154,2.0796013465987206,0.029106749594654348,0.00017500000000000003,166.32428339802482,0.006012351170676233
split,6,24,0.5679859681232364,0.48574841141544195,1.3717199534115596,564.3493479752917,0.25394927922752686,2.009358975834234,0.029972473923641187,0.00017500000000000003,171.2712795636639,0.0058386905413892595
split,6,25,0.5850226928895613,0.4976143372431141,1.3438344954474013,559.7897125567322,0.2535393469152041,2.0263428855488046,0.03113486211775667,0.00017500000000000003,177.91349781575238,0.005620709009024162
split,6,26,0.5493817737749962,0.4636209868545833,1.454190116047829,564.8223172034803,0.24415976059390232,1.9755005013287805,0.029447640892045896,0.00017500000000000003,168.27223366883368,0.0059427510896898125
split,6,27,0.5776001229917749,0.49503834823249726,1.3515342747651848,568.8530248289645,0.2530220822663978,2.009494900570185,0.032325763385164304,0.00017500000000000003,184.71864791522458,0.005413638586500176
split,6,28,0.5825168401714635,0.5070992910750243,1.3095343446838215,566.4623392529088,0.259875219053356,2.025494482516341,0.031037539301375695,0.00017500000000000003,177.35736743643253,0.0056383335773091845
split,6,29,0.5477175302699857,0.4633862139524736,1.440948786108563,556.5538843348123,0.2535499836667441,2.019372474579449,0.030989402567507422,0.00017500000000000003,177.08230038575667,0.00564709176366919
split,6,30,0.5679262258209626,0.4887124635466822,1.3732585476378114,554.8461538461538,0.253708497970365,2.007107158332703,0.03140713951854415,0.00017500000000000003,179.46936867739512,0.005571981488370578
split,6,31,0.5318147304479879,0.45296838422456764,1.4871595198457268,561.9111617312072,0.24548648108611815,1.9660306486481836,0.032791786466856244,0.00017500000000000003,187.38163695346424,0.005336702231117489
split,6,32,0.5693632958801498,0.49223547498888637,1.3575101977072344,554.3483146067416,0.2564953602559399,2.017545307671839,0.031021210737736775,0.00017500000000000003,177.26406135849584,0.005641301414039121
split,6,33,0.5583377328606984,0.47614762851622733,1.4044575768340766,558.1460894486763,0.25009716261411086,1.9992392292361068,0.029627797580486028,0.00017500000000000003,169.30170045992014,0.005906615215815487
split,6,34,0.5675716440422323,0.4900160617585935,1.3700906886558097,558.10407239819,0.25274043530225754,2.0107043145415893,0.029212145686151245,0.00017500000000000003,166.9265467780071,0.005990658881417368
split,6,35,0.5772596951863589,0.49192765737977956,1.3531452350203113,558.3562698053418,0.2575713600963354,2.0208177141259362,0.03076929335511293,0.00017500000000000003,175.82453345778814,0.0056874884314143765
split,6,36,0.6276274005746257,0.540501481803938,1.217673518165647,559.5362165431725,0.2684381498838775,2.049833937159017,0.032060446329645095,0.00017500000000000003,183.20255045511482,0.0054584392930981775
split,6,37,0.5890806782754163,0.5065391578937084,1.3218662043687646,562.7215420880541,0.2537599263014272,2.003417532375831,0.03134851050251259,0.00017500000000000003,179.13434572864335,0.005582402391525867
split,6,38,0.5519371568029287,0.4744109033398786,1.4171800062944342,564.392312385601,0.2462098055984825,1.966595772962702,0.029402677573734822,0.00017500000000000003,168.0153004213418,0.005951838894983024
split,6,39,0.586001375410713,0.5062113786606935,1.2990732427263194,565.4685565828685,0.2524524809559807,2.0095513570661048,0.029656775847484967,0.00017500000000000003,169.46729055705694,0.005900843736351092
split,6,40,0.5608102962455258,0.4813985486583907,1.3957366366164163,563.5771076079507,0.2466789304453414,1.9759585122316865,0.030229969480004934,0.00017500000000000003,172.7426827428853,0.005788957217298899
split,6,41,0.56787588409765,0.4891504129276557,1.3693333402281067,562.8069815195072,0.2615531186456792,2.032917756372953,0.0326902543606683,0.00017500000000000003,186.80145348953315,0.005353277404000671
split,6,42,0.5459512787432648,0.46614381644494574,1.445043056861949,561.6131896486302,0.24603593145729974,1.9724726580945342,0.03034431554375982,0.00017500000000000003,173.39608882148465,0.005767142770039776
split,6,43,0.5637180267965896,0.4805903956863225,1.3860437886973083,563.3629719853836,0.2501746290945448,1.995466687721549,0.030897866199949307,0.00017500000000000003,176.55923542828174,0.005663821536009084
split,6,44,0.563559000075982,0.4874259623347312,1.3816327857391277,562.2947344426715,0.23823538576834835,1.9619320904295607,0.030738381877522217,0.00017500000000000003,175.64789644298406,0.005693207947552071
split,6,45,0.5686936936936937,0.4832174446717041,1.3765313143231108,555.5945945945946,0.24437793740071356,1.97892579714817,0.03187490484056729,0.00017500000000000003,182.1423133746702,0.005490212468878557
split,6,46,0.5603190428713859,0.4743159233777263,1.4055919824240513,567.5465143032441,0.24866365338675678,1.9870056372167624,0.029152510215256448,0.00017500000000000003,166.58577265860825,0.0060029135984460405
split,6,47,0.5604192355117139,0.47539074692632244,1.4153575141122567,570.2971639950678,0.24720481230178848,1.981631101500232,0.03128207608587828,0.00017500000000000003,178.754720490733,0.005594257859343311
split,6,48,0.5410390408853366,0.45654662868552637,1.4685953172676898,568.7221026744544,0.2484232113638427,1.982858257071734,0.030952832550567598,0.00017500000000000003,176.87332886038624,0.005653763664895702
split,6,49,0.5498678746696867,0.4641781108345547,1.4427115648213575,558.7349943374859,0.25983135582646355,2.0386412216641387,0.03239426909320758,0.00017500000000000003,185.11010910404326,0.005402190106418977
split,7,0,0.5098024316109423,0.4237596218943006,1.6111585690197114,562.3373860182371,0.2582129819202237,2.0208446078937703,0.03182035394475426,0.00017500000000000003,181.8305939700243,0.005499624558036999
split,7,1,0.5063069908814589,0.420428734094394,1.6130303778652502,562.3373860182371,0.24878927657846361,2.0072771243989305,0.028750882163721177,0.00017500000000000003,164.29075522126385,0.006086769755566696
split,7,2,0.5076126674786845,0.42115663420893,1.6177638050739602,563.3629719853836,0.24903786688810214,1.974684234032022,0.030128976954771982,0.00017500000000000003,172.16558259869703,0.005808361839258622
split,7,3,0.49527655035806795,0.4103725048015314,1.6511891615427312,563.7914063690386,0.25500544838723727,2.011738486583818,0.0309300617295759,0.00017500000000000003,176.74320988329083,0.005657925985729985
split,7,4,0.5022544898739014,0.41246392282835753,1.6462683230872532,565.5548337791364,0.24931504513369873,1.9957475096118666,0.030748332655213574,0.00017500000000000003,175.70475802979183,0.005691365511174397
split,7,5,0.5048727052957619,0.42070713727687137,1.618208798109078,559.0720707108861,0.24981815690989606,1.9768676084963297,0.032175023632583885,0.00017500000000000003,183.85727790047932,0.005439001444051038
split,7,6,0.48822605965463106,0.40864159971961406,1.656191363755117,553.2314420273603,0.2501232300128322,1.9941441226090495,0.030380089003933033,0.00017500000000000003,173.60050859390302,0.005760351787558765
split,7,7,0.5127625931782245,0.4267139873157053,1.6063898114704147,557.2231759656653,0.2679737450671382,2.0637189114365038,0.03113750262180687,0.00017500000000000003,177.92858641032495,0.005620232364988717
split,7,8,0.5130797129408133,0.41909799238530004,1.6245425101475555,571.0439848753762,0.2571841756289359,2.0276975773952843,0.029211172072234393,0.00017500000000000003,166.92098326991078,0.005990858551216432
split,7,9,0.501692365550959,0.41498081639589396,1.6402737145698338,556.6374576908612,0.2482641230453737,1.9841449696965494,0.03051555973444283,0.00017500000000000003,174.37462705395902,0.005734779290398465
split,7,10,0.4892288954860318,0.4047604247279649,1.6677160064864915,563.3201644211007,0.2442055562569294,1.966506436720378,0.02990719099184536,0.00017500000000000003,170.8982342391163,0.005851435530930216
split,7,11,0.5109352840188102,0.4293053818727344,1.57463412651826,552.4070314249459,0.2563197685230989,2.0103916445486663,0.029090485608017053,0.00017500000000000003,166.231346331526,0.006015712572077922
split,7,12,0.49933939535245203,0.41535801541581713,1.6230046151423374,575.1198414548846,0.2586076407460496,2.048947082392154,0.03105543678997318,0.00017500000000000003,177.45963879984672,0.005635084162026727
split,7,13,0.5030586813684768,0.41724595731150355,1.627349759055417,558.9034816101503,0.2540793064108584,1.9973195603496543,0.029770222507578957,0.00017500000000000003,170.11555718616543,0.005878357138763347
split,7,14,0.5221109399075501,0.43713599649036616,1.5580236045107587,570.1217257318953,0.2506627220718656,1.9965236793868382,0.028229649682906297,0.00017500000000000003,161.31228390232167,0.006199155921724617
split,7,15,0.48406825732407127,0.3993314604973191,1.6970002263542376,558.7771066143159,0.25328715713112615,2.0077304704676857,0.03120485917700174,0.00017500000000000003,178.31348101143848,0.0056081009373365985
split,7,16,0.5491174213353799,0.46507532614810654,1.4633185769461854,567.9378357636224,0.26919358648592606,2.078532568012939,0.031795657601137124,0.00017500000000000003,181.68947200649782,0.005503896229960076
split,7,17,0.4957323060654128,0.4076233964559464,1.6925217382067828,558.9877634262407,0.24261303746607155,1.9612746910170524,0.029219651491250852,0.00017500000000000003,166.969437092862,0.0059891200294568785
split,7,18,0.48353644690031033,0.39715654634606673,1.7191534624983935,560.1703883127697,0.24412486757501028,1.9683789540244199,0.03390149741930323,0.00017500000000000003,193.72284239601842,0.005162013873179433
split,7,19,0.5029509685230025,0.42066210778082935,1.605533025520095,559.9588377723971,0.2597043381247204,2.0216645925079586,0.03118795820495034,0.00017500000000000003,178.21690402828762,0.0056111400063445956
split,7,20,0.496918980600989,0.4125120669579744,1.648903815311463,562.977938379612,0.24827136550447904,1.975306556588086,0.03085838608034254,0.00017500000000000003,176.33363474481447,0.005671067811011634
split,7,21,0.4789780573883689,0.3950254440470382,1.708145478522104,567.7638483965014,0.24830489815212786,1.977191697061689,0.03162911841979755,0.00017500000000000003,180.73781954170025,0.005532876309649612
split,7,22,0.49935316946959896,0.41240896027012963,1.6483333689627346,563.1489993151206,0.2510069899726659,2.0011987671836304,0.030294902733707937,0.00017500000000000003,173.11372990690248,0.005776549327068295
split,7,23,0.5030233448143896,0.4145721053654837,1.634068138258253,566.4190585533869,0.25318454517400824,2.0144520639410257,0.031158140668166627,0.00017500000000000003,178.04651810380926,0.005616509722571234
split,7,24,0.4982157770860223,0.41551487971407886,1.635952072571151,561.8685748994002,0.25697138073155656,2.01993397821974,0.032349968420771445,0.00017500000000000003,184.85696240440822,0.005409587970034465
split,7,25,0.48159113337888104,0.3927015966617784,1.7339672116850688,561.7834206331132,0.2409359798184596,1.963588840878933,0.029460275699428766,0.00017500000000000003,168.34443256816436,0.005940202385933315
split,7,26,0.5268579276667176,0.4409756733581492,1.5354862532824687,564.6502365328857,0.25618551232037134,2.0306467948770885,0.03305662700931854,0.00017500000000000003,188.89501148182018,0.0052939460505352885
split,7,27,0.5192866983009338,0.43466556631189945,1.587372705482059,566.3757844787999,0.2518063714087475,1.9971298297028355,0.03257888031273365,0.00017500000000000003,186.16503035847796,0.005371578099680738
split,7,28,0.5439589869156018,0.45898554024503935,1.4803448318655976,566.2460019894406,0.26423376047750935,2.0254673265694922,0.03287302681834434,0.00017500000000000003,187.84586753339622,0.0053235134375379045
split,7,29,0.5527007737961085,0.47135245541450616,1.4369548936001608,555.9695740365112,0.26865194295533,2.071375737780068,0.03240753380758374,0.00017500000000000003,185.18590747190706,0.005399978938201338
split,7,30,0.5140087838861124,0.4293446168926453,1.6041769053667847,560.3820990458883,0.2425178982084617,1.9517279887458636,0.031112533103629703,0.00017500000000000003,177.78590344931257,0.0056247429104248625
split,7,31,0.49980917487214715,0.4148173528522711,1.647330127324636,564.865353789787,0.24755370913771912,1.9823365333887115,0.03151666127223877,0.00017500000000000003,180.0952072699358,0.005552618613004785
split,7,32,0.495398889649403,0.40443059380798574,1.675544597237242,562.8069815195072,0.24965381546644494,1.9929367408063166,0.03166878182633366,0.00017500000000000003,180.96446757904945,0.005525946686540422
split,7,33,0.47559787090486544,0.3903126032895349,1.722409462443883,554.8046330309619,0.23884040320990607,1.9460864809134462,0.029145675117930592,0.00017500000000000003,166.54671495960335,0.006004321371589673
split,7,34,0.48258323057953145,0.39930911320331025,1.7035446024641905,570.2971639950678,0.24215389392338693,1.9512897813381533,0.03159124106590331,0.00017500000000000003,180.52137751944747,0.005539510133043776
split,7,35,0.522812667740204,0.43290994076287626,1.5869866336980127,567.4596273291926,0.253908694954589,2.0093520010352197,0.030406581319537593,0.00017500000000000003,173.75189325450052,0.005755332970877416
split,7,36,0.5127410207939509,0.42734400019592617,1.6029360352553124,559.578449905482,0.2516794847615529,1.9842187778735179,0.03153388773943141,0.00017500000000000003,180.19364422532232,0.0055495853047378
split,7,37,0.5182053625837904,0.42911956980134675,1.6061654609977034,563.7056672760511,0.24947757920017466,1.9842135078385001,0.03066053856736217,0.00017500000000000003,175.2030775277838,0.005707662297435497
split,7,38,0.48372093023255813,0.39186751614731635,1.7229483670236103,555.178544636159,0.24686239229049534,1.9943202674511054,0.029226174944948675,0.00017500000000000003,167.00671397113527,0.005987783222732206
split,7,39,0.493390739481834,0.4057725085019253,1.6651918841245745,558.9877634262407,0.2456932354834862,1.99357732438639,0.030849359892237985,0.00017500000000000003,176.28205652707416,0.005672727103943308
split,7,40,0.5063252783880009,0.42224686525313937,1.6220156264773717,560.5939701537762,0.2500461802119389,1.9694567601356057,0.028640382568564913,0.00017500000000000003,163.65932896322806,0.006110253575735276
split,7,41,0.48790384320930946,0.4021285695238654,1.694414280112432,566.5489205328433,0.24220025885733776,1.9778192387470597,0.028741803802803816,0.00017500000000000003,164.23887887316465,0.006088692317318249
split,7,42,0.5302835538752363,0.452164214870398,1.5100435606897602,559.578449905482,0.25577813264681026,2.0137956040740184,0.032464046925390455,0.00017500000000000003,185.5088395736597,0.0053905787039486685
split,7,43,0.5120606478290833,0.4263984491402757,1.600310469955743,566.6788421778084,0.2554240477620624,2.0238550229029957,0.030316567954795776,0.00017500000000000003,173.23753117026155,0.005772421214068091
split,7,44,0.4832366458223461,0.39398921416419724,1.7162668086982926,557.5584268816394,0.24701705048209988,1.9770469998097744,0.030884089212181477,0.00017500000000000003,176.48050978389412,0.005666348092628081
split,7,45,0.49764723740133576,0.41054651820218774,1.6387816493448888,561.655737704918,0.25787058621062897,2.0090498808643247,0.03384042643641183,0.00017500000000000003,193.37386535092472,0.005171329632291585
split,7,46,0.5026471033126607,0.4095784719442187,1.6745049688521385,559.7051883224929,0.24777061789063737,1.985216519359597,0.0313318722460369,0.00017500000000000003,179.0392699773537,0.005585366831123071
split,7,47,0.4949075820445115,0.40687479035153257,1.6706565712883372,558.3142210486609,0.25533151809941046,2.022457195231877,0.029973401173713443,0.00017500000000000003,171.27657813550536,0.005838509917035186
split,7,48,0.521459066736574,0.43318367581142103,1.5769409200599156,554.3068683993708,0.26204158848850057,2.0403572120743743,0.032475121119200694,0.00017500000000000003,185.5721206811468,0.0053887404871457885
split,7,49,0.5343757185559899,0.4584806831507613,1.4969452764439148,567.1991262359163,0.2546551439736504,2.0127556467514114,0.03257028495252208,0.00017500000000000003,186.11591401441186,0.005372995669368527
split,8,0,0.4668433005299016,0.3787184356025977,1.8079232629559447,560.2127176381529,0.26073925057426095,2.0390487508128636,0.028655359708054082,0.00017500000000000003,163.7449126174519,0.006107059963055123
split,8,1,0.43125,0.3425760602288142,1.9309370769749552,571.0,0.2523427396081388,1.995872832670093,0.030813517775209787,0.00017500000000000003,176.0772444297702,0.005679325589394137
split,8,2,0.45483383685800605,0.36214414139912043,1.8677129364155274,558.9456193353475,0.2488858480064664,1.980452936281989,0.03244539809475663,0.00017500000000000003,185.40227482718075,0.005393677078299774
split,8,3,0.44466165413533837,0.3556908830946083,1.8832321799751188,556.4285714285714,0.25107072698301636,1.9914636860504769,0.032312367671194914,0.00017500000000000003,184.64210097825662,0.005415882914578401
split,8,4,0.4371597096188748,0.35274927272662443,1.9146693291688086,559.6206896551724,0.23899670157697983,1.9685328457485203,0.032919309919676634,0.00017500000000000003,188.11034239815217,0.00531602881187368
split,8,5,0.43409970407466425,0.3503161750108287,1.9009410631901553,561.5281129068974,0.24640127128805034,1.9660808321285157,0.02863771347730562,0.00017500000000000003,163.64407701317495,0.0061108230633944065
split,8,6,0.4445944932102933,0.35811699371255545,1.8772753746352977,555.2201215395004,0.2548767062253319,2.008149102459021,0.03256635013627514,0.00017500000000000003,186.09342935014362,0.005373644859424094
split,8,7,0.4367011564211808,0.35252883491158304,1.9072745288764315,563.0206938527084,0.24610561263398267,1.9698935563180444,0.029270090147481748,0.00017500000000000003,167.25765798560997,0.005978799488427819
split,8,8,0.44142419601837674,0.36102583153261236,1.8545059368026704,566.635528330781,0.2649784408567939,2.0558890409875072,0.03016971898786343,0.00017500000000000003,172.39839421636245,0.005800518064831774
split,8,9,0.44902783072817387,0.3578728068624273,1.8679816011848167,564.2634388105223,0.2544640811684076,2.013047165114452,0.032141026364486604,0.00017500000000000003,183.66300779706629,0.005444754564321
split,8,10,0.45682888540031397,0.36948305768761064,1.8157082314218291,553.2314420273603,0.26404098328202963,2.0487135983967404,0.02880155060991718,0.00017500000000000003,164.58028919952673,0.006076061749944206
split,8,11,0.44408725602755456,0.357194270838132,1.8930433675492762,566.4190585533869,0.25917039765045047,2.0265158294373755,0.0308926723070568,0.00017500000000000003,176.52955604032454,0.005664773777437987
split,8,12,0.43882594479507264,0.3554627091908305,1.8857693934456021,562.7215420880541,0.2511220042943023,2.0173518830708757,0.0308599454202127,0.00017500000000000003,176.34254525835826,0.00567078125437572
split,8,13,0.4476393867744642,0.355967557299902,1.890745802515444,564.4352833498589,0.2513260925770737,2.002833767363085,0.031319002503530105,0.00017500000000000003,178.96572859160057,0.005587661994671605
split,8,14,0.4264459026400122,0.3335118618254151,1.9704564045520445,564.6502365328857,0.2487936228280887,1.9940566844207144,0.030809853136119676,0.00017500000000000003,176.05630363496957,0.005680001109607375
split,8,15,0.4533496482104619,0.36813115551120246,1.8375175742176426,565.9434077699602,0.26408596843248233,2.082454900496837,0.02922626944781033,0.00017500000000000003,167.0072539874876,0.005987763861292645
split,8,16,0.4410075798177781,0.3520612437301821,1.9088280902338313,566.5922211163005,0.2462207386852242,1.9645187230079086,0.03279353580382855,0.00017500000000000003,187.39163316473454,0.005336417550301766
split,8,17,0.42770761576731725,0.34296553232208266,1.9334848676916685,566.4190585533869,0.24741102539701387,2.001063476054485,0.029603687407478013,0.00017500000000000003,169.16392804273147,0.005911425748800277
split,8,18,0.444586370125479,0.36221991274403864,1.849110050419083,556.0529716733038,0.255482200125698,2.007884184015011,0.030359811353093832,0.00017500000000000003,173.4846363033933,0.005764199189668764
split,8,19,0.45506764416899703,0.36585742533352045,1.859587146728265,559.3251454916484,0.2502134628011845,1.9922410345136752,0.030608202184503157,0.00017500000000000003,174.90401248287515,0.005717421720658982
split,8,20,0.46902255639097745,0.37997925753262846,1.7821183308710487,556.4285714285714,0.259114060056163,2.030661410340063,0.031566107486991554,0.00017500000000000003,180.37775706852315,0.005543920804049654
split,8,21,0.4551807961106047,0.3700951677972933,1.8321506368851823,562.1668185961714,0.2519606699643191,1.9970555258419491,0.030043683822483444,0.00017500000000000003,171.67819327133395,0.005824851607213271
split,8,22,0.44680367028133766,0.3601987371784513,1.8562810483167718,561.1880640024266,0.2608219521061983,2.0453050079075425,0.03387469134615208,0.00017500000000000003,193.5696648351547,0.005166098731697485
split,8,23,0.4547323536130359,0.36871650852883736,1.8446988529543424,563.4914337927358,0.25234350239043124,1.9992881545469434,0.030658373987273155,0.00017500000000000003,175.1907084987037,0.005708065276803189
split,8,24,0.44441864065644837,0.34782721836925073,1.9268708244586015,572.8532280538783,0.2490125409385655,2.013228494297512,0.03298052081017594,0.00017500000000000003,188.46011891529105,0.005306162416513593
split,8,25,0.4485827537207389,0.3673379799333465,1.8518790361621318,553.4792461296836,0.2521566072537098,2.010407564664713,0.030168501558180315,0.00017500000000000003,172.39143747531605,0.005800752140854939
split,8,26,0.44699445246599284,0.36151235756847816,1.8782865026947901,562.3800440762976,0.2545206687937025,2.0203697013675113,0.030717253467922093,0.00017500000000000003,175.5271626738405,0.005697123936642051
split,8,27,0.4583770811459427,0.3663197419831016,1.8563869477612236,555.0122993850307,0.25065326600451954,1.9881977051335613,0.030006050886749874,0.00017500000000000003,171.46314792428498,0.00583215700928098
split,8,28,0.44030925490790573,0.35513305702309694,1.8800418237991285,560.9332979610399,0.2553771421662532,2.0316834604638014,0.031262441292070633,0.00017500000000000003,178.64252166897504,0.005597771407711106
split,8,29,0.47503181852212323,0.3846935848314151,1.7780115058274697,554.0583214793741,0.2569369450211525,2.026829921663242,0.034132782652494364,0.00017500000000000003,195.04447229996777,0.005127035840636665
split,8,30,0.44901636882414775,0.3612120309400049,1.8800033565583223,555.6778795614957,0.25600875096279196,2.0056543445693773,0.03337289102424888,0.00017500000000000003,190.7022344242793,0.005243777048648386
split,8,31,0.4551492480342011,0.36827827057260326,1.8385588938482147,564.9514466753187,0.25460174315958284,2.0180258662267763,0.03255402494208064,0.00017500000000000003,186.02299966903217,0.0053756793610423275
split,8,32,0.4470260921873825,0.3589411072533031,1.872985437065794,556.4703361154974,0.25054953873041086,1.9993380364079123,0.03293554939304742,0.00017500000000000003,188.20313938884237,0.005313407646903923
split,8,33,0.43247104827793653,0.3438022554619277,1.9567904368724789,556.512107083772,0.2500106053776108,1.9985624204254075,0.029060177254892,0.00017500000000000003,166.05815574223996,0.006021986668045546
split,8,34,0.442316291548666,0.3535353566663201,1.9054171033687932,551.5440453122671,0.24572485956014134,1.98353079242816,0.03122797366141801,0.00017500000000000003,178.44556377953145,0.00560394990393538
split,8,35,0.45947400799753924,0.37241911050868753,1.8306509124071324,569.0713626576438,0.2541815176955424,1.9867962105557142,0.030537361365789967,0.00017500000000000003,174.49920780451407,0.005730685041964593
split,8,36,0.4358915087070427,0.3440869909691728,1.926973147431433,570.2094313453537,0.2505563650338445,2.0057320421964526,0.032674421708741457,0.00017500000000000003,186.7109811928083,0.005355871377309852
split,8,37,0.4437424789410349,0.35355528725618995,1.9085133879073515,556.5956678700361,0.24534158993628807,1.972107719145168,0.029418749542074137,0.00017500000000000003,168.1071402404236,0.0059485873031319145
split,8,38,0.45614572172049594,0.37089149709540203,1.8346138388142532,566.3757844787999,0.259738252061652,2.032510154872615,0.031098900480214006,0.00017500000000000003,177.70800274408,0.005627208592514065
split,8,39,0.42577623328548764,0.3394813004948295,1.9550901469150896,559.0720707108861,0.2520086469594389,1.9985804247776362,0.030893959725020077,0.00017500000000000003,176.53691271440042,0.005664537714091498
split,8,40,0.46847875742348105,0.38233140398800447,1.7778354244811703,563.4486066697121,0.25613576217438094,2.0186668741331664,0.02899654250631883,0.00017500000000000003,165.69452860753614,0.006035202299097025
split,8,41,0.44604805803234093,0.35615410470809594,1.8860533433675992,559.1985794166541,0.2587447476980742,2.0226403822667676,0.030037603899386308,0.00017500000000000003,171.643450853636,0.005826030617694357
split,8,42,0.43712392413740575,0.3512332789051147,1.913045053301105,563.6628075253257,0.2475357606599573,1.9828696820634748,0.03316506144561631,0.00017500000000000003,189.51463683209317,0.005276637291535342
split,8,43,0.453555657073245,0.3639945637642986,1.8511814040629317,563.4486066697121,0.2593721493612975,2.037849428801763,0.03129926601477087,0.00017500000000000003,178.85294865583353,0.005591185426438222
split,8,44,0.45658967909139414,0.36776084939475634,1.8371962942894393,564.0916990624286,0.2640962731966283,2.0597172055429653,0.03032629317400945,0.00017500000000000003,173.29310385148256,0.005770570079101534
split,8,45,0.44773873128151104,0.36188978128532195,1.8595544378573723,556.8883286929039,0.24578174360794947,1.9747883137213949,0.03031547038219579,0.00017500000000000003,173.23125932683305,0.005772630204767568
split,8,46,0.45773056057866185,0.3728158084111246,1.8408813045937178,557.6003616636528,0.25089521080371924,1.9987231842775606,0.029354071168168676,0.00017500000000000003,167.73754953239242,0.005961694342070297
split,8,47,0.43147208121827413,0.350614140660109,1.9122077924961238,560.6787635426926,0.2512621850473806,1.9967318516253303,0.03206811747863322,0.00017500000000000003,183.2463855921898,0.005457133556923053
split,8,48,0.4492222554591684,0.359016699478212,1.8820073526009584,553.4379300029914,0.2499324638338294,1.9785167649096738,0.03127677374201936,0.00017500000000000003,178.72442138296776,0.005595206252519997
split,8,49,0.4297041781030802,0.3429600840921049,1.9550017378065867,564.220494053065,0.23962868881062604,1.9465471039676534,0.031812137028127796,0.00017500000000000003,181.78364016073024,0.0055010450836819845
split,9,0,0.41422309552599756,0.32285634682453734,2.0784205520630126,559.2829504232164,0.24514310460654087,1.9744570111716877,0.029823143859390257,0.00017500000000000003,170.41796491080143,0.005867925957943522
split,9,1,0.4062596124269456,0.31754178894616764,2.0644689322392336,569.0713626576438,0.2611372252868023,2.034955534577217,0.030909897050349373,0.00017500000000000003,176.62798314485354,0.00566161704501769
split,9,2,0.4299782004059235,0.343587423313861,1.9675540402964484,556.3033150417199,0.257211098796688,2.0079759202542182,0.031057141975463422,0.00017500000000000003,177.4693827169338,0.005634774768980936
split,9,3,0.3999102333931777,0.3059182792367157,2.137871676553676,553.6032315978456,0.24744442405062728,1.9772565287881836,0.02770128869876704,0.00017500000000000003,158.29307827866876,0.006317395623828473
split,9,4,0.3944954128440367,0.3075130115123348,2.1259960139789387,556.512107083772,0.2500634196330793,1.9978117690299455,0.029327021559434487,0.00017500000000000003,167.5829803396256,0.005967193076369619
split,9,5,0.3875207735307448,0.30310462531525284,2.1447912514224994,559.0299138842726,0.24640239021391608,1.9777257852243535,0.030019099290000475,0.00017500000000000003,171.53771022857413,0.0058296219453291016
split,9,6,0.4322258381896617,0.34160457894626134,1.9768361411393478,560.0857488836751,0.2562577592325397,2.0151243199966826,0.033617337964771815,0.00017500000000000003,192.09907408441035,0.005205647162883198
split,9,7,0.39195410974413164,0.31239985538273374,2.126052142097561,558.5666088006642,0.24534715394838713,1.9629482304838461,0.03065566085775199,0.00017500000000000003,175.1752049014399,0.005708570459858387
split,9,8,0.4203976324176658,0.3324190373274785,2.020777375022143,561.57064804978,0.2536054537340533,2.0059436032268354,0.03219763161057262,0.00017500000000000003,183.98646634612922,0.005435182379766589
split,9,9,0.4080980287693127,0.32333873456157924,2.055639491273371,563.2345688408554,0.2460381995770149,1.9730976767274044,0.03087420203755653,0.00017500000000000003,176.42401164318014,0.005668162687642048
split,9,10,0.4135650569055675,0.3310603332792556,2.0092651796524983,569.0713626576438,0.25667949914350174,2.0089237937671784,0.029509583004641037,0.00017500000000000003,168.62618859794875,0.005930276953506167
split,9,11,0.40502750611246946,0.31882697153439077,2.064460920101501,565.4254278728606,0.25109804689418525,2.0106174349441193,0.030275013974706503,0.00017500000000000003,173.0000798554657,0.0057803441526469695
split,9,12,0.4138797897463244,0.3230397993220604,2.0618591366096526,563.7485335567914,0.25496731817838736,2.02557830681694,0.029875913711801722,0.00017500000000000003,170.71950692458125,0.005857561435212966
split,9,13,0.4070078800397827,0.3238850855921328,2.061526728854543,566.1595134266697,0.26007235117140226,2.0374204671434,0.03237054706733999,0.00017500000000000003,184.97455467051418,0.005406148979686689
split,9,14,0.4078300959866979,0.3165917990911582,2.0878117872863684,559.3251454916484,0.24892979752621613,1.9945189209096443,0.033112326654360695,0.00017500000000000003,189.21329516777539,0.005285040879993662
split,9,15,0.4108829260980363,0.327023597316363,2.020374367406616,554.6801079298456,0.25767260434804484,2.0238517718646767,0.029025129499668702,0.00017500000000000003,165.8578828552497,0.006029258198555066
split,9,16,0.39408755829697606,0.30691969997878704,2.123060474239646,556.6792537987062,0.2526407662371639,2.001420011028996,0.030221318946387743,0.00017500000000000003,172.69325112221566,0.005790614245210407
split,9,17,0.3849661777000836,0.2957903890789587,2.183143974452599,562.4653796458159,0.24137890368001536,1.9765869067475152,0.030524793965818222,0.00017500000000000003,174.4273940903898,0.005733044429258578
split,9,18,0.41191923740899195,0.3265719102323848,2.043351162853854,555.469714028372,0.2538614849036094,2.011416110583395,0.03295545716781555,0.00017500000000000003,188.3168981018031,0.005310197916808323
split,9,19,0.4046642357945913,0.31720382079431564,2.076560734385346,562.1668185961714,0.24624464285443537,1.976940768411385,0.030828127964828225,0.00017500000000000003,176.16073122758982,0.005676634020711778
split,9,20,0.39720226843100187,0.30696698373224907,2.124191339436083,559.578449905482,0.25021835570805706,1.9969772400318249,0.031820501586662685,0.00017500000000000003,181.83143763807246,0.005499599040681053
split,9,21,0.4196934865900383,0.3276944048259388,2.0246656761833233,567.0689655172414,0.2566593858646229,2.0122063539514112,0.030637685011547407,0.00017500000000000003,175.07248578027088,0.0057119198116320526
split,9,22,0.4183203802912548,0.3228939023550283,2.0557763105346205,558.398324907568,0.2540785841993056,2.0074471287357962,0.03235181288973729,0.00017500000000000003,184.86750222707022,0.00540927955402196
split,9,23,0.4164516618606769,0.326784943978475,2.0433228847621834,561.57064804978,0.25747216734453104,2.018569277821254,0.030465902372293473,0.00017500000000000003,174.09087069881983,0.0057441265931170915
split,9,24,0.37037889246816996,0.2934667003079399,2.1870834819337284,567.5899677864703,0.24252576279104687,1.9712254881941709,0.03077477602995953,0.00017500000000000003,175.85586302834017,0.005686475177906604
split,9,25,0.4006356894203118,0.3091304564496144,2.1063165408103264,560.0434387770547,0.24445263118832372,1.9729978548388614,0.029984363639493264,0.00017500000000000003,171.33922079710433,0.005836375322286397
split,9,26,0.3936374089689536,0.30658071428362943,2.12683153246697,567.2859333077807,0.25512628501746804,2.023124427822604,0.028927929007834953,0.00017500000000000003,165.30245147334256,0.006049517058500881
split,9,27,0.39971238268240994,0.31472801545758283,2.096721315283022,560.1280653950954,0.2435441194102168,1.960054466027223,0.032160675068664796,0.00017500000000000003,183.77528610665595,0.0054414280678613085
split,9,28,0.4050353692857686,0.3106273495349656,2.104757357663291,562.8924469460713,0.24885827625985257,1.9773117754825653,0.030623906228748634,0.00017500000000000003,174.9937498785636,0.005714489807172811
split,9,29,0.42087389630971245,0.3333166929161562,2.0174390611054767,558.4824541544034,0.25620719147264026,2.014959951631125,0.031124531569729542,0.00017500000000000003,177.85446611274023,0.005622574579409829
split,9,30,0.3897109037104484,0.30651933462613123,2.1113435222001438,561.5281129068974,0.25268639749265276,1.999038707297061,0.029577307229998736,0.00017500000000000003,169.01318417142133,0.0059166981848336265
split,9,31,0.4030351559521086,0.3126933864875747,2.098387778188768,564.3493479752917,0.24999228221713565,1.9888616558803496,0.03236909723939057,0.00017500000000000003,184.96626993937465,0.005406391123785782
split,9,32,0.4007350183754594,0.31326267322225604,2.0793620042941536,555.0538513462836,0.25209763302700594,1.9850430631306568,0.031322847382071764,0.00017500000000000003,178.98769932612433,0.005586976109335598
split,9,33,0.3938817441595008,0.3051189771716941,2.126074002918783,563.1489993151206,0.2557421712845098,2.0099479606629087,0.030376446816166924,0.00017500000000000003,173.5796960923824,0.005761042463559685
split,9,34,0.3936396835057821,0.3036807173007757,2.1382129832298857,563.0206938527084,0.24915439676260576,1.9797941251402,0.031156859136591615,0.00017500000000000003,178.03919506623777,0.0056167407386219625
split,9,35,0.3994517627350948,0.31503618244116366,2.086016482439039,563.4914337927358,0.2511127684265375,1.9942785088964072,0.031015718503353093,0.00017500000000000003,177.23267716201764,0.005642300370409954
split,9,36,0.3978765658417354,0.3103380745176914,2.1087740100543457,565.2529789184234,0.24945052817929536,1.9823588996004244,0.030607909772576485,0.00017500000000000003,174.9023415575799,0.005717476341909284
split,9,37,0.41724111809711384,0.3269457293181676,2.0326723074154454,560.5939701537762,0.2529186650936026,2.0126573368438248,0.03153520915656097,0.00017500000000000003,180.20119518034835,0.0055493527609469144
split,9,38,0.40774539877300614,0.32055345660625295,2.0910230491272848,567.5030674846626,0.24985407385975122,2.0056815279358045,0.031533121200841105,0.00017500000000000003,180.1892640048063,0.005549720209597651
split,9,39,0.4158124811576726,0.3294286130561959,2.037960961981403,557.7681640036177,0.2514326838136185,2.0006956081184004,0.0299378285028594,0.00017500000000000003,171.07330573062512,0.00584544734042035
split,9,40,0.4157657657657658,0.3268235851399466,2.03976466765725,555.5945945945946,0.242626925726654,1.9574582439738486,0.03248167415206181,0.00017500000000000003,185.60956658321032,0.005387653332791399
split,9,41,0.44063891875287975,0.3524773465245779,1.9164969586956293,568.2861311626478,0.2592819546116516,2.0388578754725666,0.03340133400953372,0.00017500000000000003,190.86476576876407,0.005239311697851645
split,9,42,0.3955701019942153,0.30726391381919216,2.1340390865916565,563.2773633734206,0.2386548633221537,1.942238005628061,0.029637107666080537,0.00017500000000000003,169.35490094903162,0.005904759734712112
split,9,43,0.3979145902016407,0.3068962228359885,2.1209403101399777,567.3727670014567,0.25113515940029174,2.0047263960595503,0.03115493264378878,0.00017500000000000003,178.02818653593584,0.005617088054751067
split,9,44,0.4030920060331825,0.30907534809879106,2.1288301922648207,558.10407239819,0.24847076192963868,1.9928230429782345,0.028820203528427187,0.00017500000000000003,164.6868773052982,0.006072129220995489
split,9,45,0.38890591480232917,0.30091478042391345,2.1600862936931406,566.9822249463683,0.24892317145713605,1.9737503767847824,0.028893560218713928,0.00017500000000000003,165.106058392651,0.006056712937945775
split,9,46,0.4070378551298652,0.31562323737457554,2.0802181168975196,563.6628075253257,0.2571538246702403,2.0135377459105364,0.03132543175814846,0.00017500000000000003,179.00246718941975,0.005586515178820433
split,9,47,0.39537361132247756,0.30749634279902377,2.113632021258165,563.1062243189773,0.2536761940282304,2.014641776849799,0.03266251968989438,0.00017500000000000003,186.6429696565393,0.005357823023498832
split,9,48,0.3877848538325788,0.2980910582338639,2.157855911307526,567.8073352259648,0.24966135775321163,2.004314126787012,0.031609029264966976,0.00017500000000000003,180.62302437123984,0.005536392735538911
split,9,49,0.414917169249561,0.32453856462154357,2.0399701569303437,564.9514466753187,0.25593299575848505,2.015079568469868,0.0337918945411564,0.00017500000000000003,193.0965402351794,0.005178756692284922
split,10,0,0.41440563633638133,0.32136740692640076,2.093867899965388,554.6801079298456,0.2579143335460685,2.0237523781044233,0.0325015508801915,0.00017500000000000003,185.72314788680853,0.005384358446312052
split,10,1,0.38596491228070173,0.29681783866491596,2.2042165623057612,564.4782608695652,0.25714304944267496,2.0046706485605466,0.03278965197823101,0.00017500000000000003,187.36943987560576,0.005337049631273372
split,10,2,0.3474920921825576,0.26251965166109514,2.3642648364355128,557.3488477180298,0.24062068681814708,1.9557105085888922,0.02898721979843755,0.00017500000000000003,165.6412559910717,0.006037143307183698
split,10,3,0.380948778088825,0.29133534982107573,2.221399201896325,559.9165468714534,0.25976735175936483,2.02794571727913,0.028350954962969202,0.00017500000000000003,162.00545693125255,0.006172631582554362
split,10,4,0.3658646956784071,0.2800158534528639,2.2808666193423144,558.1460894486763,0.25130560746765696,2.0017079200856553,0.030065102868655633,0.00017500000000000003,171.80058782088932,0.005820701853724446
split,10,5,0.37005282094465286,0.2808356223191408,2.273697823919775,566.5056265788869,0.2586677176877856,2.0177150161983595,0.03057985072024858,0.00017500000000000003,174.74200411570615,0.005722722507736868
split,10,6,0.3862876254180602,0.2981635842954921,2.2054311712759707,562.508057160231,0.25636107090394944,2.0168980076327228,0.031135737453290045,0.00017500000000000003,177.91849973308595,0.005620550991044799
split,10,7,0.3783334592430309,0.28957611148651324,2.2551680778775394,559.0720707108861,0.2547015580930747,2.018629663015508,0.032137753946035096,0.00017500000000000003,183.64430826305767,0.0054453089750408695
split,10,8,0.3554915485484727,0.2678979729017767,2.3409378397719096,560.9332979610399,0.25134886548039503,1.9826823771866875,0.029740969384045957,0.00017500000000000003,169.9483964802626,0.005884139072275023
split,10,9,0.37264437689969604,0.28008941525260816,2.2904381249425647,562.3373860182371,0.24767179373884574,1.968033037288529,0.029275461961926506,0.00017500000000000003,167.28835406815145,0.005977702426270576
split,10,10,0.3632042928325029,0.278559216151166,2.2578548762344823,567.2859333077807,0.2514940499968361,1.9906642103238248,0.03130167481214301,0.00017500000000000003,178.86671321224574,0.005590755160874377
split,10,11,0.4109765329295988,0.31425763321334227,2.147571026777253,560.2127176381529,0.2503749715979211,1.9890819371898605,0.032050459478456174,0.00017500000000000003,183.14548273403526,0.0054601401305223824
split,10,12,0.45756541524459615,0.3595388115824334,1.99671775683144,561.2730375426621,0.25472584189265035,2.0241524314698203,0.032778046463121026,0.00017500000000000003,187.30312264640582,0.005338939286601312
split,10,13,0.38634471273938387,0.29668816874323545,2.2146010159176694,560.1703883127697,0.24655324683408253,2.0029147657706003,0.028941990218571245,0.00017500000000000003,165.38280124897852,0.006046577953982845
split,10,14,0.35500446827524573,0.27269024690562704,2.301378238362148,551.1340482573727,0.2524344759003725,1.9987292247670716,0.03260997599970034,0.00017500000000000003,186.34271999828763,0.00536645595818924
split,10,15,0.3634476395509765,0.27184110411200885,2.32518167258186,568.9840073812087,0.25483697262825444,2.02014646002279,0.02949544731578008,0.00017500000000000003,168.545413233029,0.005933119037878599
split,10,16,0.389700818731349,0.3017468858954856,2.2073669551687805,566.2460019894406,0.2550233498623129,2.0242706040677128,0.030870807094481034,0.00017500000000000003,176.40461196846303,0.00566878603025853
split,10,17,0.3582155803802619,0.2700814598422823,2.3115561248369176,547.5117999556114,0.25491194197093137,2.0030409326539993,0.031225232701070117,0.00017500000000000003,178.42990114897208,0.0056044418203487914
split,10,18,0.3717100315836968,0.28645796518046757,2.239630331194069,556.512107083772,0.25256068623275496,2.0145915410499864,0.030407638614211835,0.00017500000000000003,173.75793493835332,0.0057551328539602225
split,10,19,0.3776526964326462,0.2922653656364458,2.2233410454809017,562.8924469460713,0.256954603275517,1.9985561556463902,0.03168287699630953,0.00017500000000000003,181.04501140748297,0.005523488287392092
split,10,20,0.3702003977359645,0.27733028001018645,2.2920747921510887,566.0298301973382,0.2517308382957708,1.9947773136515807,0.0321150451342896,0.00017500000000000003,183.514543624512,0.005449159397666563
split,10,21,0.3739463601532567,0.2867546712972941,2.238266821650642,567.0689655172414,0.2496111668588128,1.9989456777738246,0.029337664096552436,0.00017500000000000003,167.64379483744247,0.00596502841617049
split,10,22,0.3811099992302363,0.2958152972321225,2.2282906385119836,569.6398275729351,0.245824455661932,1.9785224818743012,0.031859068625736835,0.00017500000000000003,182.05182071849617,0.005492941493544764
split,10,23,0.36302445591204846,0.26943172099783586,2.3140938251521277,553.4792461296836,0.25127984629943967,1.9760713519446984,0.031405621370895975,0.00017500000000000003,179.46069354797697,0.005572250837939954
split,10,24,0.3807518566725366,0.2904358897499891,2.221547148279755,566.5922211163005,0.25672801106702536,2.0360536101912654,0.0336296845678151,0.00017500000000000003,192.16962610180056,0.005203735992441682
split,10,25,0.37169897725538087,0.2760090412229662,2.282728157486268,564.8223172034803,0.24732706433860585,1.9920007582883688,0.031237055809579077,0.00017500000000000003,178.49746176902326,0.005602320560132142
split,10,26,0.381949733434882,0.2947857998666708,2.1951193216267537,563.6199543031227,0.26241871347883716,2.0321161054737003,0.031587364883592525,0.00017500000000000003,180.49922790624296,0.005540189903302144
split,10,27,0.3746758199847445,0.2803268847244385,2.2754421096602346,564.4782608695652,0.2541718150023371,2.013840700145934,0.02952568680002204,0.00017500000000000003,168.7182102858402,0.005927042482882037
split,10,28,0.37070276848189837,0.27948282164249033,2.2836175260492872,562.849710982659,0.24857704938040115,1.9840188595673596,0.030189262426995354,0.00017500000000000003,172.510071011402,0.00579676301874518
split,10,29,0.36465358675659104,0.2835758323466162,2.252400739370457,567.1557326793378,0.2500859266438056,2.0030112943934943,0.03042831344768047,0.00017500000000000003,173.87607684388837,0.005751222469194728
split,10,30,0.3601183701343046,0.2728881499046144,2.3007001661633706,561.5281129068974,0.24876130171469413,1.9835240374301422,0.028357211553680168,0.00017500000000000003,162.04120887817237,0.006171269684564197
split,10,31,0.357373024397729,0.27599528565440185,2.2927160313097867,567.7638483965014,0.2542714945448097,2.018750738227908,0.03125206498586936,0.00017500000000000003,178.58322849068205,0.005599629978983033
split,10,32,0.3592632059674227,0.27703224813082444,2.2857008775778436,563.2773633734206,0.24789660156238824,2.001670655645486,0.030250218682419477,0.00017500000000000003,172.85839247096843,0.005785082145594696
split,10,33,0.3661426123239699,0.27225282539146833,2.325075286024753,551.4209820430668,0.2508081341802608,1.9968362593050042,0.028329996501068978,0.00017500000000000003,161.88569429182272,0.006177198080253795
split,10,34,0.3535542891421716,0.26343433826688367,2.356547559630155,554.9292141571685,0.24731458409223706,1.9734258189694307,0.02949302678960143,0.00017500000000000003,168.5315816548653,0.005933605975691211
split,10,35,0.36353228514730573,0.2780600706921653,2.2726089247387367,564.8223172034803,0.24926898939884268,1.9936647991976932,0.03166542027797032,0.00017500000000000003,180.94525873125895,0.0055265333118521024
split,10,36,0.3809416365824308,0.28978318659748376,2.253924512877455,556.5956678700361,0.25674644534592517,1.9967878745880925,0.028262679152647473,0.00017500000000000003,161.5010237294141,0.006191911214602849
split,10,37,0.3734458940905602,0.28540812021373557,2.2581746440299546,567.9378357636224,0.2558336353395134,2.016281236617097,0.03325090685742717,0.00017500000000000003,190.00518204244094,0.0052630143517698
split,10,38,0.3611559449696411,0.2745160614809097,2.2769968631724415,568.765736684344,0.25534458269248717,2.02090454740605,0.03248386257905262,0.00017500000000000003,185.62207188030067,0.005387290368382781
split,10,39,0.37837630448127685,0.28995347648973585,2.2380192266155774,567.8508287292817,0.26091803060262464,2.043046180028144,0.03108574472690753,0.00017500000000000003,177.63282701090014,0.0056295900753673
split,10,40,0.37864152692991265,0.293802494054618,2.209769751520534,571.8368750482961,0.2637620964378584,2.0432623870917475,0.03253068532297282,0.00017500000000000003,185.8896304169875,0.005379536221341667
split,10,41,0.3659301169814206,0.2776208846033043,2.2804209989320996,565.8138236868263,0.2560774114681408,2.026122229424769,0.031997492972263,0.00017500000000000003,182.84281698435998,0.005469178480692179
split,10,42,0.3851147342995169,0.290315365609084,2.243496203093889,558.6086956521739,0.24847490328829736,1.9854819008484053,0.03227910500468545,0.00017500000000000003,184.45202859820253,0.005421463822327107
split,10,43,0.35864248626683726,0.2706568532717502,2.3132757016453858,556.8883286929039,0.25235136633273214,1.998059840178131,0.028816317817037976,0.00017500000000000003,164.66467324021698,0.00607294801199511
split,10,44,0.3734375,0.28637129962960195,2.2534747951588043,550.6428571428571,0.2475173371785786,1.9747477068115777,0.03070192391449179,0.00017500000000000003,175.43956522566734,0.005699968525991861
split,10,45,0.37374125605350145,0.28457659166273314,2.27712891605261,568.8530248289645,0.24996510992059484,1.9987465629508443,0.03322870957271224,0.00017500000000000003,189.87834041549849,0.005266530125614984
split,10,46,0.37557865978599075,0.28174912433794663,2.2837579749628265,561.6131896486302,0.2554479130485561,2.007848611507616,0.030406546202020438,0.00017500000000000003,173.7516925829739,0.005755339617900165
split,10,47,0.3715641238045034,0.2866255266193903,2.2486046535661863,557.3069508246103,0.25409722738550045,1.997689659754165,0.030477155523595506,0.00017500000000000003,174.15517442054573,0.005742005675841845
split,10,48,0.36654120900222753,0.28840521320257495,2.2290368422308164,568.4168522928028,0.2532142646086868,2.0014935309694675,0.029837351166677507,0.00017500000000000003,170.49914952387144,0.0058651318953352955
split,10,49,0.37760338062179294,0.2872392933031412,2.231870340172461,558.4403863567763,0.26303655322408304,2.061175634637965,0.030535932375155884,0.00017500000000000003,174.49104214374788,0.005730953220946366
uniform,1,0,0.9493622252958352,0.9364422081944219,0.14288307722875315,568.6348547717843,0.22357610327890143,1.9050257729994362,0.02975235205392234,0.00017500000000000003,170.01344030812763,0.005881887915376736
uniform,1,1,0.953031212484994,0.9409242508153552,0.13110727342490935,555.2617046818727,0.2720732593734283,2.0733519829222056,0.03128289352058775,0.00017500000000000003,178.7593915462157,0.005594111679114013
uniform,1,2,0.9458654653737497,0.9323754090703561,0.14978448807860278,565.037565854776,0.2913066063192673,2.1550888710918517,0.031085914087885816,0.00017500000000000003,177.63379478791893,0.00562955940446987
uniform,1,3,0.9477089359110976,0.9330636483937498,0.15119615086733476,563.2773633734206,0.27795947474078275,2.103540955343019,0.029942199463012607,0.00017500000000000003,171.0982826457863,0.005844594022432331
uniform,1,4,0.9523555826166374,0.9383189037080739,0.13890590602813913,563.2345688408554,0.23766562627861276,1.953575565302486,0.031281888120104344,0.00017500000000000003,178.75364640059624,0.005594291473970539
uniform,1,5,0.9463222156045265,0.9338804961587158,0.14522953943214387,550.9702203692674,0.20430980299715884,1.8101178947135064,0.031616514117366004,0.00017500000000000003,180.66579495637714,0.005535082057129055
uniform,1,6,0.9512307692307692,0.937537764862904,0.14057559758094823,569.2461538461539,0.37297379435040057,2.490393957250574,0.03070592601322552,0.00017500000000000003,175.46243436128864,0.005699225612822255
uniform,1,7,0.9480998080614204,0.9343408479291616,0.14689607527732731,568.1554702495201,0.26179428392788395,2.0228899632507966,0.02920352944797203,0.00017500000000000003,166.87731113126873,0.005992426371332061
uniform,1,8,0.9509961071673918,0.9367815533613324,0.14256351304584097,564.865353789787,0.21631866320967674,1.858173405247995,0.030247759155006167,0.00017500000000000003,172.84433802860664,0.005785552546329257
uniform,1,9,0.9544944240700546,0.9406635608185416,0.13416035842067728,553.8927475488362,0.2380743873945903,1.939190689306729,0.029901296131590056,0.00017500000000000003,170.86454932337173,0.005852589106166419
uniform,1,10,0.9436640765092648,0.9309197257471946,0.15282015046808545,552.9426180514047,0.2472196351736784,1.9910892480993962,0.032794717868022384,0.00017500000000000003,187.39838781727073,0.00533622520261532
uniform,1,11,0.9510382346180369,0.9375127314972732,0.14087491084028386,567.025591908666,0.24665346508845687,1.9816520706811596,0.03293024389586074,0.00017500000000000003,188.17282226206135,0.005314263707047647
uniform,1,12,0.948415735496709,0.9373595011973486,0.1352481345683983,566.3757844787999,0.2552238416101318,2.0214350796071696,0.03273795719876371,0.00017500000000000003,187.0740411357926,0.005345477084520368
uniform,1,13,0.9522184300341296,0.9379067381586087,0.1376260957029599,561.2730375426621,0.274591212393716,2.0731568392316944,0.033359472418096975,0.00017500000000000003,190.62555667483983,0.0052458863199846455
uniform,1,14,0.9483648881239243,0.9341886772212312,0.14933707789578562,553.8099977549952,0.23319302877644077,1.9211064966259643,0.03251317291687444,0.00017500000000000003,185.78955952499675,0.005382433773763571
uniform,1,15,0.9528301886792453,0.9400158292898243,0.13326615905062064,567.5899677864703,0.20780135641689412,1.8291679936440044,0.03366833058061199,0.00017500000000000003,192.39046046063993,0.005197762911974445
uniform,1,16,0.9513867723255105,0.9374678129265173,0.14007321672993306,563.8771715940262,0.2837849929346703,2.1200799453396346,0.031978695657273494,0.00017500000000000003,182.73540375584852,0.0054723933044528855
uniform,1,17,0.9503625626074605,0.9346861733608525,0.1473400604660309,553.2314420273603,0.2267534099810291,1.9004523437531984,0.031827844203968086,0.00017500000000000003,181.87339545124618,0.005498330294647546
uniform,1,18,0.9499082288161518,0.9358982060347615,0.14084968298053757,565.9434077699602,0.206522064487217,1.8201403928376099,0.03009364669573616,0.00017500000000000003,171.96369540420662,0.0058151809173992534
uniform,1,19,0.9534044791823237,0.9409074098031732,0.1300863695834436,556.1781151360289,0.2634346183913294,2.0270803919639393,0.03419861100519779,0.00017500000000000003,195.42063431541592,0.005117166892345483
uniform,1,20,0.9491871455576559,0.9382663918298353,0.13521686493437365,559.578449905482,0.238406449847389,1.9524271391358532,0.03091724454357078,0.00017500000000000003,176.66996882040442,0.005660271559885539
uniform,1,21,0.9488995506815932,0.933408151828146,0.15155547447737003,563.5771076079507,0.2202663664065767,1.8835440694007728,0.031575354657351715,0.00017500000000000003,180.43059804200976,0.005542297209296892
uniform,1,22,0.9459868371283758,0.9290232157160716,0.15934902750449917,559.831984265073,0.29538444030913524,2.1558890367912746,0.029013299213480736,0.00017500000000000003,165.7902812198899,0.006031716652158195
uniform,1,23,0.9525099721532325,0.9382511055900218,0.13942719549674046,556.9720027094152,0.3421410315204412,2.3466310136226998,0.031136475514595145,0.00017500000000000003,177.92271722625793,0.005620417761090821
uniform,1,24,0.9519535374868004,0.9363839101424166,0.14475393600301498,558.188112837532,0.23341498817899264,1.9377734997550498,0.030488658478585375,0.00017500000000000003,174.2209055919164,0.005739839295419198
uniform,1,25,0.9493292449214258,0.9358144799485855,0.14300137614484323,567.2859333077807,0.264065163617488,2.0479931559895803,0.032764073713858574,0.00017500000000000003,187.22327836490612,0.005341216160369533
uniform,1,26,0.95703125,0.9408958417510485,0.13574848282249613,566.8088235294117,0.29327601139084436,2.165223701312372,0.03290304167357808,0.00017500000000000003,188.01738099187475,0.005318657215224243
uniform,1,27,0.9446934589379321,0.9292820662876414,0.15738508524701172,562.2094507331155,0.2284597168036271,1.912628794465539,0.030817588919773802,0.00017500000000000003,176.10050811299314,0.005678575324486628
uniform,1,28,0.950194493173671,0.9345184590514289,0.14942380972154445,564.4352833498589,0.3339081433368847,2.317150362873946,0.03146715733595564,0.00017500000000000003,179.81232763403221,0.00556135395808499
uniform,1,29,0.9433618924861628,0.9303131490855043,0.15469708226901507,561.1031162332247,0.18747123450157233,1.7442496156819662,0.028837754138970113,0.00017500000000000003,164.78716650840062,0.006068433732969256
uniform,1,30,0.9492482637563917,0.9372947302681686,0.13981950137404897,564.7792871861406,0.3354914336814545,2.3521197695263734,0.030512609949001155,0.00017500000000000003,174.35777113714943,0.005735333696215939
uniform,1,31,0.945487310406968,0.9356999788490112,0.14341054176325732,555.6778795614957,0.241470657318132,1.9547762059720504,0.034647564883790546,0.00017500000000000003,197.98608505023168,0.005050860012441212
uniform,1,32,0.9477189222290263,0.9326681078660309,0.15091660299716542,566.4623392529088,0.3014918848348316,2.213404530414097,0.03141134247132322,0.00017500000000000003,179.49338555041837,0.00557123593682012
uniform,1,33,0.9497898356897211,0.9350861613819444,0.14779010199695228,565.5548337791364,0.2869667482445948,2.127547856139417,0.03057391951172918,0.00017500000000000003,174.7081114955953,0.005723832691221162
uniform,1,34,0.9326864766525167,0.917502524838698,0.1852524556384709,560.9757428744693,0.21321133946185,1.8638542912875513,0.031345466873930874,0.00017500000000000003,179.11695356531925,0.005582944439903765
uniform,1,35,0.9523664586820879,0.9375088419725071,0.13579085826411783,563.1062243189773,0.237541278853314,1.9459621985268276,0.03174314765864659,0.00017500000000000003,181.3894151922662,0.005513000849250417
uniform,1,36,0.9492013021424787,0.9361264873023677,0.14168921493500364,560.2550533727004,0.2545488098694477,2.020496650175456,0.03256005499895492,0.00017500000000000003,186.0574571368852,0.005374683796007624
uniform,1,37,0.9515910119137385,0.9346799971125079,0.14689683040925122,558.0200573065903,0.2675598317582626,2.0659817347418885,0.03091362341413266,0.00017500000000000003,176.64927665218661,0.005660934587176085
uniform,1,38,0.938403041825095,0.9197817574262918,0.1801650037908599,562.7642585551331,0.2586513845890295,2.048348388253719,0.030103124957808813,0.00017500000000000003,172.01785690176462,0.0058133499510523295
uniform,1,39,0.9457013574660633,0.9299151277772483,0.1545796562669209,567.5465143032441,0.2304649521538522,1.9251117054881846,0.031340734993216254,0.00017500000000000003,179.08991424695,0.00558378736292812
uniform,1,40,0.9508045977011494,0.9362584288481166,0.14212018745631658,567.0689655172414,0.3231694483256433,2.293278761125033,0.031854688237756834,0.00017500000000000003,182.02678993003903,0.005493696836517001
uniform,1,41,0.9451090248334343,0.9318105357353805,0.15331694662659226,560.2973955178679,0.23883164100698195,1.9512231915559983,0.03333167740562124,0.00017500000000000003,190.46672803212135,0.005250260821571705
uniform,1,42,0.9520876112251883,0.9374457915800936,0.1404280956646985,562.8069815195072,0.2215687774878461,1.8751222868628772,0.033183111907083895,0.00017500000000000003,189.61778232619366,0.005273766983941045
uniform,1,43,0.945709946848899,0.9300762554830572,0.15538722430721275,561.9111617312072,0.19955681983265094,1.7895206177600071,0.03224529265126944,0.00017500000000000003,184.25881515011108,0.005427148759126259
uniform,1,44,0.9448765385486673,0.9330290343932431,0.15069395244719358,558.8192252510761,0.2269796329201199,1.9122726994756731,0.03033141360164743,0.00017500000000000003,173.3223634379853,0.0057695959145964435
uniform,1,45,0.9499185983409567,0.9354673042188825,0.14473267991476604,573.6955577951779,0.23447524686343968,1.926657449538198,0.032335642623431825,0.00017500000000000003,184.7751007053247,0.005411984602810626
uniform,1,46,0.9442076419546354,0.9333557572080389,0.14631575563490778,563.2773633734206,0.20920810097595677,1.8398238694145932,0.030202998780506377,0.00017500000000000003,172.58856446003642,0.005794126645230623
uniform,1,47,0.9513762855414398,0.9372583791746957,0.14183706235477753,559.6206896551724,0.23127684075734578,1.914553124017132,0.03070509831976167,0.00017500000000000003,175.45770468435236,0.00569937924241626
uniform,1,48,0.9457411336768717,0.9320353393717274,0.1529059667351212,560.806001818733,0.28376169854891486,2.140699814080696,0.03155376682943538,0.00017500000000000003,180.30723902534498,0.005546089027847819
uniform,1,49,0.9497274379164143,0.9370108204918516,0.14048407750351283,560.2973955178679,0.2368781612312887,1.9334670696022604,0.030959796316610114,0.00017500000000000003,176.91312180920062,0.005652491967659086
uniform,2,0,0.8137335834896811,0.7652389096720946,0.5561543102898825,555.3864915572233,0.2772594502894208,2.116920473632443,0.02131294180630469,0.00017500000000000003,121.78823889316965,0.00821097348223568
uniform,2,1,0.8087303980699638,0.7637080544480438,0.5588630099687074,557.9360675512665,0.24844982696231455,1.977278233886207,0.022679887068278205,0.00017500000000000003,129.59935467587545,0.007716087803839561
uniform,2,2,0.7992641986663601,0.7523822459677646,0.5846639096962346,567.1991262359163,0.29317030601669103,2.167183012905155,0.0219279211456003,0.00017500000000000003,125.3024065462874,0.00798069269029238
uniform,2,3,0.8202076858940347,0.7750071409208524,0.5268028907978104,560.9332979610399,0.2605395127029624,2.040686920911386,0.022199315468439618,0.00017500000000000003,126.85323124822636,0.007883125957140188
uniform,2,4,0.8219115635921592,0.7721970783148719,0.5425524814991008,562.2520893481234,0.23290826581069268,1.9151981355669454,0.02308586285082988,0.00017500000000000003,131.91921629045643,0.0075803967618957415
uniform,2,5,0.8332319391634981,0.7926437591436473,0.4777438250637475,562.7642585551331,0.22071937102009542,1.8838167652160889,0.022894304284523027,0.00017500000000000003,130.82459591156012,0.007643822578103116
uniform,2,6,0.8699862742107671,0.8337700441703576,0.3834730307118872,564.3063901174318,0.3142508298624307,2.2477619352295437,0.02237296955198587,0.00017500000000000003,127.8455402970621,0.007821938862133154
uniform,2,7,0.8225892381459776,0.7749795707241188,0.5289627651613501,563.2345688408554,0.2664612271473743,2.0674915468343213,0.022258575996523877,0.00017500000000000003,127.19186283727927,0.007862138172151254
uniform,2,8,0.8412325863113265,0.8024672531194779,0.4626208137945289,560.2973955178679,0.2928266573580913,2.156891724066864,0.02257798911896888,0.00017500000000000003,129.01708067982216,0.007750911698906521
uniform,2,9,0.8331669865642994,0.7958853469695597,0.47212881229689374,568.1554702495201,0.24630290386267006,1.968548937715613,0.02312470616597771,0.00017500000000000003,132.14117809130119,0.0075676637248463414
uniform,2,10,0.8222442899702085,0.7771769931849094,0.5257848803407659,565.2960812772134,0.2567646711249836,2.016993599197977,0.02237585775164806,0.00017500000000000003,127.86204429513175,0.007820929232851897
uniform,2,11,0.8048891935115375,0.7565378047701442,0.5808342732913485,563.5771076079507,0.24660485223284923,1.9662178664943026,0.02100107782850659,0.00017500000000000003,120.00615902003764,0.008332905645559644
uniform,2,12,0.8454867657039439,0.8056478138896102,0.4524201869439584,558.0620616846392,0.28092508445843123,2.122752445318734,0.021171271189350735,0.00017500000000000003,120.97869251057561,0.008265918396436487
uniform,2,13,0.7648348325648198,0.7066397478639964,0.7142123603448094,559.4095547660443,0.23109781972016208,1.9241818838746172,0.021829227528137343,0.00017500000000000003,124.73844301792765,0.0080167747472708
uniform,2,14,0.7847010372178157,0.7409611925412882,0.6125550579680209,564.392312385601,0.22184710437431931,1.883232500521891,0.02251380743805943,0.00017500000000000003,128.65032821748244,0.007773007763412056
uniform,2,15,0.7884127221143796,0.7419970550124015,0.6142597111003276,552.5305360609228,0.2381450466637034,1.9433758961505392,0.02239483369286007,0.00017500000000000003,127.97047824491467,0.007814302280610086
uniform,2,16,0.8614012350384996,0.8308190910297238,0.38867660564841905,564.1775558435618,0.2925281753123272,2.1477487432021,0.02230790308078935,0.00017500000000000003,127.47373189022484,0.007844753465452468
uniform,2,17,0.8448143602332003,0.8005763244895322,0.46462789792511494,567.6768947529918,0.23809949262067676,1.9472702075722985,0.0235389337024063,0.00017500000000000003,134.50819258517885,0.0074344913925353555
uniform,2,18,0.8179136091988805,0.7698524785348109,0.5403937213626488,559.831984265073,0.25064304762054235,2.0148297609564234,0.02209843163997456,0.00017500000000000003,126.27675222842605,0.007919114028139305
uniform,2,19,0.7999849215922799,0.7521220690570974,0.5852990760913019,557.9360675512665,0.23716839618282393,1.9545854476893898,0.022286581172157795,0.00017500000000000003,127.35189241233024,0.007852258659512308
uniform,2,20,0.8210711284284514,0.7782169903444676,0.5235035382701727,565.3823057529223,0.23655705773853697,1.936712907184187,0.020834555118180883,0.00017500000000000003,119.0546006753193,0.00839950740523802
uniform,2,21,0.8122139695401005,0.7678640887447555,0.5431799386262312,555.2201215395004,0.2507278395059984,1.9972642460233256,0.02175883876601848,0.00017500000000000003,124.33622152010558,0.008042708615190599
uniform,2,22,0.8251046025104602,0.7793256426219828,0.5160245849728501,562.977938379612,0.2840748240414541,2.1184794147860093,0.022809757589120752,0.00017500000000000003,130.34147193783286,0.007672155186930496
uniform,2,23,0.8158592980062164,0.7726181686105098,0.5359229725217464,561.018194223334,0.2559110407892149,2.0219644160846295,0.021301258001024965,0.00017500000000000003,121.72147429157121,0.008215477226348765
uniform,2,24,0.7716614130852618,0.7180718733351812,0.6738717287146461,568.9403398170216,0.23043310033972375,1.9057282208061093,0.021504957699981175,0.00017500000000000003,122.88547257132099,0.008137658415396614
uniform,2,25,0.7760157075970397,0.7210300065037257,0.6757708636001047,558.861350249207,0.22386664751684293,1.9010710130899537,0.021449066121137193,0.00017500000000000003,122.56609212078395,0.00815886337482752
uniform,2,26,0.8048595292331056,0.7557675159538071,0.5762154820059815,561.9111617312072,0.23897046819911338,1.9555769552174902,0.021947704253671624,0.00017500000000000003,125.41545287812355,0.007973499094818736
uniform,2,27,0.7748670929963788,0.723044837338014,0.6582862183252445,570.1655751598737,0.22781154210679233,1.9013711846251797,0.023921230850826262,0.00017500000000000003,136.6927477190072,0.007315677069098447
uniform,2,28,0.7408857164786246,0.679663100207999,0.7729361655603889,567.9813492977205,0.2378638059599325,1.9363638632126463,0.022402313071889703,0.00017500000000000003,128.01321755365544,0.007811693347844024
uniform,2,29,0.882986796175444,0.8572827210860695,0.3264500722877204,561.57064804978,0.29850583864026703,2.1905543955411417,0.02180475985484754,0.00017500000000000003,124.59862774198592,0.008025770573258333
uniform,2,30,0.8408732838172406,0.8011325297028253,0.4672295264632115,555.2201215395004,0.29597795859444886,2.177995420929438,0.024718699457655563,0.00017500000000000003,141.2497111866032,0.007079660493456958
uniform,2,31,0.7983759767121189,0.7477638384902751,0.6029876522217913,566.8955109544967,0.22986667716759257,1.9216948384102213,0.021586781771714234,0.00017500000000000003,123.3530386955099,0.00810681285662078
uniform,2,32,0.7782392026578073,0.7193090575109647,0.6750457135171393,558.7771066143159,0.2194107625982724,1.878306455495228,0.022231573467321956,0.00017500000000000003,127.03756267041116,0.007871687546418222
uniform,2,33,0.8128968853946175,0.7626852905561858,0.5555933886683918,559.4517689749017,0.24535201891558245,1.9693969497164336,0.021988638765632933,0.00017500000000000003,125.64936437504531,0.007958655461361059
uniform,2,34,0.7660678042546794,0.7124944915866321,0.689956514677412,556.3033150417199,0.23470322415232658,1.925199719058527,0.02326536725410918,0.00017500000000000003,132.94495573776672,0.0075219100600739984
uniform,2,35,0.8069333333333333,0.7574792847819981,0.5760912285945756,563.8342857142857,0.2545026284060441,2.027138868407297,0.02283969644885191,0.00017500000000000003,130.51255113629662,0.007662098329191971
uniform,2,36,0.8117629156204824,0.7662175005643446,0.5478612469665095,563.0634558320019,0.24361135557410307,1.9632626640183362,0.02254834314767894,0.00017500000000000003,128.84767512959394,0.007761102394701404
uniform,2,37,0.7819217622483858,0.7292627891332627,0.6477644229673486,562.1241929358147,0.22832791644032113,1.8975357234625618,0.023131775654783474,0.00017500000000000003,132.18157517019125,0.007565350910007263
uniform,2,38,0.8230182926829268,0.7846029737837057,0.5011739281637604,564.0487804878048,0.26254391731345095,2.0469903661652484,0.023059826393055927,0.00017500000000000003,131.77043653174815,0.007588955658950593
uniform,2,39,0.7748329454163225,0.7246726981415306,0.6583915407141007,555.6362339514978,0.23087398509960622,1.930906191596637,0.02065966667927715,0.00017500000000000003,118.05523816729797,0.00847061100823738
uniform,2,40,0.7941827620429041,0.7401192091720447,0.6260895689033854,564.9514466753187,0.2209899885347113,1.8739884668472557,0.022972344857026542,0.00017500000000000003,131.27054204015164,0.0076178553425499725
uniform,2,41,0.8082088426135506,0.7562013599622411,0.5811761836261077,558.3562698053418,0.23369980862480588,1.9474939150842805,0.022046318534845566,0.00017500000000000003,125.97896305626035,0.007937833236120658
uniform,2,42,0.8191095320885933,0.7711165727689807,0.5423405966560811,559.4095547660443,0.23319474456366152,1.9265202447870706,0.02221432616534338,0.00017500000000000003,126.93900665910502,0.007877799159761051
uniform,2,43,0.8012568140520896,0.7543783640920855,0.585638202629775,560.2973955178679,0.22854132918291725,1.9162509664780047,0.021463724767778098,0.00017500000000000003,122.64985581587483,0.008153291280678113
uniform,2,44,0.872485274994263,0.8346832212940826,0.38368466322131983,566.0730513271628,0.25781402888242155,2.028624712448395,0.023225588242806093,0.00017500000000000003,132.7176471017491,0.007534793012366635
uniform,2,45,0.8006329113924051,0.7519483642180513,0.5831567908894071,571.1759802408151,0.23912800804828294,1.943773024846243,0.021387221568902895,0.00017500000000000003,122.2126946794451,0.008182456025725694
uniform,2,46,0.8860450944546009,0.8546281514249902,0.33447087693229083,563.7056672760511,0.350506748072803,2.3955079745799868,0.02302374156466644,0.00017500000000000003,131.56423751237963,0.00760084973628114
uniform,2,47,0.8219694057959874,0.7744755785964391,0.5333336246501118,568.8530248289645,0.30205842878785916,2.213554090019775,0.023855191995103723,0.00017500000000000003,136.31538282916412,0.007335929219765607
uniform,2,48,0.8044991965720407,0.7575167901344013,0.5707994906637315,566.2460019894406,0.23973021042183973,1.957301627316404,0.02166401116084734,0.00017500000000000003,123.7943494905562,0.008077913120552293
uniform,2,49,0.7779567418315693,0.7259033070993636,0.6549940970797261,567.5899677864703,0.2531280925613828,2.0053067259226323,0.02143899822106128,0.00017500000000000003,122.5085612632073,0.00816269483282494
uniform,3,0,0.5855600643136054,0.5004840181585868,1.3160386817149543,566.5922211163005,0.23636539748986252,1.9328167032168808,0.01778312685036068,0.00017500000000000003,101.61786771634674,0.009840789050911519
uniform,3,1,0.6066165413533835,0.5253874588019498,1.2385021505081442,556.4285714285714,0.2347195843467489,1.9395761610068822,0.018080450274875943,0.00017500000000000003,103.3168587135768,0.00967896248929015
uniform,3,2,0.5800462307061367,0.49713540507963744,1.3355316377039834,551.831407053911,0.23854712321190163,1.9604123184657731,0.01749439853073012,0.00017500000000000003,99.9679916041721,0.010003201864448237
uniform,3,3,0.5645222399030082,0.48573802775025565,1.3817234695748226,560.7635826324165,0.2201392533024773,1.8698056841546151,0.01735738650612861,0.00017500000000000003,99.18506574930633,0.010082162999493638
uniform,3,4,0.583722828102975,0.5064476503420106,1.2882041264002775,549.0525261517917,0.24596626692800783,1.9876123703445843,0.018904886348204187,0.00017500000000000003,108.02792198973819,0.009256866017426422
uniform,3,5,0.6139365416729923,0.5382481494953093,1.1967236468143818,561.7408531956885,0.28260550560662523,2.1104609509215515,0.017864841574727668,0.00017500000000000003,102.0848089984438,0.009795776764545292
uniform,3,6,0.6388593963294403,0.5679051733305369,1.0979055380746998,561.2305475504322,0.24265272880438715,1.9632384432647965,0.0187773937682081,0.00017500000000000003,107.29939296118913,0.009319717217428306
uniform,3,7,0.5872779965817047,0.5033941615534533,1.3197024097594896,549.9485026380322,0.2420722669630777,1.9581932212837203,0.01805437936320368,0.00017500000000000003,103.1678820754496,0.009692939119062962
uniform,3,8,0.6673271854279399,0.5918331200239492,1.0353570713647033,564.0058684551483,0.273121415899368,2.092909631389337,0.01754833151382417,0.00017500000000000003,100.27618007899525,0.009972458057459142
uniform,3,9,0.6985189083527554,0.6291908135800687,0.9214684003470935,556.3868130215774,0.2866087625734508,2.1237900967224395,0.01929014999796247,0.00017500000000000003,110.22942855978552,0.009071987517903411
uniform,3,10,0.6822479792588074,0.6086573435748623,0.9851730041837892,564.3063901174318,0.28623068082379177,2.120192170049107,0.020165838062553683,0.00017500000000000003,115.2333603574496,0.008678042512151318
uniform,3,11,0.6295930762222897,0.5525425277032436,1.1532916885320839,561.8259945338597,0.26687304125516675,2.0616859900372946,0.01815059074845529,0.00017500000000000003,103.71766141974449,0.009641559463561452
uniform,3,12,0.637397157816006,0.5681223945610167,1.1117347060078784,553.5205684367988,0.26718748215353116,2.0642450734482125,0.018264893058184458,0.00017500000000000003,104.37081747533975,0.009581222262978589
uniform,3,13,0.6214296395992224,0.5467825142606889,1.1684751489562466,553.3553162853298,0.26313824197859503,2.0476545622017603,0.01846498114904889,0.00017500000000000003,105.51417799456507,0.009477399331599863
uniform,3,14,0.6186267845003399,0.5440857419559888,1.1839034276010822,558.9877634262407,0.24151560856262222,1.9503518420733306,0.018917470470735397,0.00017500000000000003,108.09983126134512,0.009250708241924751
uniform,3,15,0.6111996357842021,0.5350206793794572,1.2169090678668772,561.5281129068974,0.25936897739302367,2.0446964550130478,0.019268869279338834,0.00017500000000000003,110.10782445336476,0.009082006705377616
uniform,3,16,0.6447368421052632,0.5695172590100618,1.096858496741769,559.6206896551724,0.2771647038171068,2.1041419214496475,0.017571353988435612,0.00017500000000000003,100.40773707677491,0.009959391866738004
uniform,3,17,0.6433787547993676,0.5755091362927985,1.09175356683558,557.1394263344124,0.27277061430504546,2.081985985853133,0.017728957435521726,0.00017500000000000003,101.30832820298127,0.009870856796653489
uniform,3,18,0.6035178557831417,0.523197551898314,1.243812332353252,563.4914337927358,0.2292395977419801,1.9081326475191394,0.018478116587631575,0.00017500000000000003,105.58923764360898,0.00947066218410686
uniform,3,19,0.550098979747221,0.47047989403629453,1.432714103201531,563.4486066697121,0.22701124812010676,1.8990586315624363,0.01812124186948364,0.00017500000000000003,103.54995353990651,0.009657174781972411
uniform,3,20,0.6044313146233382,0.5244115938160362,1.247273175348284,546.5834564254062,0.2498480115318671,1.9798139290612697,0.016627766890450365,0.00017500000000000003,95.0158108025735,0.01052456419150943
uniform,3,21,0.5896109910466193,0.5107106952972278,1.2885104945776629,571.1759802408151,0.23969447778654285,1.9420065161725901,0.017384787946362265,0.00017500000000000003,99.34164540778436,0.010066271762412751
uniform,3,22,0.6073446327683616,0.5329382116861203,1.212591967074122,564.9945029775538,0.25654657086124644,2.0142653687397765,0.018165397168174193,0.00017500000000000003,103.80226953242395,0.00963370073221412
uniform,3,23,0.6243682034002145,0.5434979864038788,1.1732773654508548,566.7221626589064,0.25333553898963146,2.0092003232343383,0.018127704691185364,0.00017500000000000003,103.58688394963063,0.009653731842018265
uniform,3,24,0.5897338403041825,0.5103301889906323,1.2888415295758513,562.7642585551331,0.25936331070261076,2.0309788317917032,0.01848938721342762,0.00017500000000000003,105.65364121958638,0.009464889126931643
uniform,3,25,0.6545080718854706,0.5797462186349432,1.0774245130249083,563.5342674383186,0.2492160005203914,2.0043905395060624,0.018412002534001538,0.00017500000000000003,105.21144305143734,0.009504669558720006
uniform,3,26,0.6370869033047736,0.5469957440217292,1.1803062119910646,566.1162790697674,0.2336824616359081,1.9387366955619432,0.018703242391116683,0.00017500000000000003,106.87567080638102,0.009356666418605485
uniform,3,27,0.641602087009898,0.5659927496600842,1.1069399112965106,567.8073352259648,0.2582443947030697,2.0286023866433136,0.017455564725808524,0.00017500000000000003,99.74608414747726,0.010025456222637003
uniform,3,28,0.6014612835191323,0.5300663551636896,1.213505189652643,557.4326604398915,0.25165195018053055,2.0112426110305064,0.017564283587730385,0.00017500000000000003,100.36733478703076,0.009963400962294136
uniform,3,29,0.6368512502832968,0.5614905306189554,1.1192603292897627,559.0720707108861,0.24664208843023516,1.9829022524551714,0.017905067677403963,0.00017500000000000003,102.31467244230835,0.009773769256446234
uniform,3,30,0.5923724988716714,0.511921109466042,1.2721919846785428,556.6792537987062,0.2597241418552585,2.040084427292602,0.018080002870977357,0.00017500000000000003,103.3143021198706,0.009679202002833532
uniform,3,31,0.6908105632727828,0.6144414110041088,0.9729799123421297,564.8223172034803,0.27980127130285837,2.1140464687284712,0.01877923630075561,0.00017500000000000003,107.30992171860346,0.00931880280951354
uniform,3,32,0.6591270141463046,0.5941197694407588,1.0289525035154157,559.831984265073,0.2980747509864159,2.162679044954519,0.018288871321795377,0.00017500000000000003,104.507836124545,0.0095686604668407
uniform,3,33,0.6256457003950167,0.5505078714499962,1.1577459353884307,562.1668185961714,0.2651511954900343,2.0438127103489157,0.017720528023645817,0.00017500000000000003,101.26016013511894,0.009875552227703628
uniform,3,34,0.5752963671128107,0.49759802806803183,1.3359652205955126,565.9866156787763,0.24406808521598577,1.9597629767365747,0.01754134721120125,0.00017500000000000003,100.23626977829284,0.009976428713995898
uniform,3,35,0.6816496405599697,0.6137229540607744,0.9744233797433185,560.0011350737798,0.2719429355056491,2.0886699662180996,0.018470710854498845,0.00017500000000000003,105.54691916856481,0.009474459395664023
uniform,3,36,0.6435658562447929,0.5648533018176923,1.1148286452422902,560.5092024539878,0.26179914956446737,2.0464191558788967,0.01771189188719876,0.00017500000000000003,101.2108107839929,0.009880367445472101
uniform,3,37,0.6286502644286043,0.5512798049494915,1.1641213526932905,567.1991262359163,0.2653760389657691,2.0482927464769705,0.01931672362464825,0.00017500000000000003,110.38127785513285,0.009059507367838457
uniform,3,38,0.6055424078173907,0.5302923481076832,1.2264753220571694,564.9514466753187,0.23533249468891881,1.9384011410273945,0.017871558913032156,0.00017500000000000003,102.12319378875516,0.009792094850348388
uniform,3,39,0.6102673147023087,0.5319053513886799,1.2168828488263346,561.9963547995139,0.23725469197961502,1.9515798969784282,0.018837516029309647,0.00017500000000000003,107.64294873891225,0.009289972187825306
uniform,3,40,0.5658258997231621,0.4866850555770287,1.3617467989905754,569.0713626576438,0.2560320408665575,2.0097499898301843,0.0181564614132967,0.00017500000000000003,103.75120807598114,0.009638441985828833
uniform,3,41,0.5587667104551426,0.47737922812530054,1.4179806865410522,571.8368750482961,0.2251595484558493,1.8811362947536867,0.018260459797987717,0.00017500000000000003,104.3454845599298,0.009583548384651565
uniform,3,42,0.6679856936306218,0.5938606222763871,1.0343555875194972,563.1489993151206,0.28452631406253204,2.1353033242356148,0.018343475167897565,0.00017500000000000003,104.81985810227178,0.009540177005623391
uniform,3,43,0.5721526764457415,0.49449004589011225,1.3368057115064529,568.3296981798633,0.24544040800537914,1.9753909558378981,0.018339642669808177,0.00017500000000000003,104.79795811318957,0.00954217064916404
uniform,3,44,0.5722064575504257,0.48847300205586275,1.3683728990498578,567.5465143032441,0.24921887446544133,2.002309754099218,0.017719018356749997,0.00017500000000000003,101.25153346714282,0.009876393628393888
uniform,3,45,0.6051355855173458,0.5305215746069926,1.2138606572008455,560.5515830934706,0.25596875612973236,2.0175265953790102,0.01748828137899611,0.00017500000000000003,99.93303645140632,0.010006700841980944
uniform,3,46,0.6048051748036347,0.5325360192906966,1.2316646507620446,569.8587709841368,0.2652375445177313,2.065639887207058,0.017495447089899002,0.00017500000000000003,99.97398337085143,0.010002602339955993
uniform,3,47,0.6454675608469596,0.5734136200015824,1.0957617242691833,557.6423027654283,0.256205183948623,2.0145635037042466,0.019284895431580875,0.00017500000000000003,110.19940246617641,0.00907445936748097
uniform,3,48,0.6312024001846296,0.5618302169593163,1.1424357939475471,569.2898684514194,0.2502806501579471,2.004313716592012,0.017885997676517457,0.00017500000000000003,102.20570100867117,0.009784190021994562
uniform,3,49,0.5987725354813962,0.5244456242154717,1.2422294630496662,567.7203682393556,0.25788006812217645,2.0241101002279986,0.01861664902621184,0.00017500000000000003,106.38085157835336,0.009400187958294955
uniform,4,0,0.4521553041883216,0.36662066340940014,1.8724529759906403,565.5979822684194,0.2633256373810582,2.0463827194765036,0.01602649397079473,0.00017500000000000003,91.57996554739843,0.010919418827280914
uniform,4,1,0.43478260869565216,0.34576964531795146,1.9281017723747929,563.4914337927358,0.2571238024975173,2.0162701793357924,0.01593915635583138,0.00017500000000000003,91.0808934618936,0.010979251102959149
uniform,4,2,0.44189567718979483,0.35494713281352847,1.901012044796975,560.2550533727004,0.26240566300111823,2.0410529675821056,0.015466399482281555,0.00017500000000000003,88.37942561303744,0.011314850634789408
uniform,4,3,0.44833345987396556,0.36005112560426505,1.8621043997650044,561.8685748994002,0.26588845762307756,2.063228710027306,0.015829069807182496,0.00017500000000000003,90.45182746961424,0.01105560858166114
uniform,4,4,0.4396422128683103,0.3559924168936476,1.8789320094893749,556.2615754660253,0.2555556133738719,2.01781942169771,0.01539637249792842,0.00017500000000000003,87.97927141673381,0.011366313722504847
uniform,4,5,0.43461070559610704,0.3449222716290363,1.9602041258894591,562.6788321167883,0.24247750578797422,1.9751857061062355,0.01620140321400315,0.00017500000000000003,92.57944693716085,0.010801533526969102
uniform,4,6,0.3925936964458684,0.3095753511040357,2.1053794868436206,551.4209820430668,0.23644019514904357,1.958275364964316,0.015797527326033046,0.00017500000000000003,90.27158472018883,0.011077683006226816
uniform,4,7,0.3800854124522365,0.2984850499011061,2.16413797631003,554.4726904922454,0.23448143087443896,1.9460729952611087,0.01613848880724378,0.00017500000000000003,92.21993604139303,0.01084364230692102
uniform,4,8,0.4252726588943212,0.3361990852165404,1.9716608209084288,556.6374576908612,0.2659921447047964,2.0461685664932436,0.015197950975069407,0.00017500000000000003,86.84543414325374,0.011514710126849901
uniform,4,9,0.4198717948717949,0.33289707304816196,2.0016543218451184,564.7362637362637,0.23949251099838875,1.9391897381500582,0.015314580414278538,0.00017500000000000003,87.51188808159164,0.011427018910478207
uniform,4,10,0.4327863800939835,0.34647866990152165,1.927157398276388,570.0778830598567,0.2519997456402052,2.0110740370134907,0.016138028996592425,0.00017500000000000003,92.2173085519567,0.010843951267961633
uniform,4,11,0.40450538687561216,0.31812218594619296,2.046251709855044,557.5584268816394,0.2557723067293409,2.0299568793411304,0.015893510104198944,0.00017500000000000003,90.82005773827967,0.011010783574722512
uniform,4,12,0.4231004901960784,0.34226131404480165,1.9290343953510418,566.8088235294117,0.2509124442876782,1.9992410949858817,0.016012683245129316,0.00017500000000000003,91.50104711502465,0.010928836680337815
uniform,4,13,0.42941764751134703,0.34331121668487524,1.9629138085277658,569.2898684514194,0.2632798301638104,2.0458412787277096,0.016053583711183095,0.00017500000000000003,91.73476406390338,0.010900992771981075
uniform,4,14,0.4308434461445692,0.3394211456725657,1.9666994686680075,557.8101303987337,0.23977483320049942,1.958439628868499,0.015214611072377834,0.00017500000000000003,86.9406346993019,0.01150210144495333
uniform,4,15,0.4491803278688525,0.3629139685747078,1.8379108930052184,564.2634388105223,0.2581888711429201,2.0137948555632588,0.015231695849856867,0.00017500000000000003,87.03826199918208,0.011489200002745887
uniform,4,16,0.3981670832386579,0.30953543824701385,2.1021653211007516,560.5092024539878,0.23185590852517635,1.918948220149532,0.0159833588992142,0.00017500000000000003,91.33347942408112,0.01094888759637398
uniform,4,17,0.422649832674171,0.3395456400323065,1.9563708659789647,562.849710982659,0.24981683629448526,2.002628969963994,0.016095530772572697,0.00017500000000000003,91.97446155755826,0.010872583357002781
uniform,4,18,0.4432824427480916,0.3581902548910664,1.86711119062036,564.9083969465648,0.25963945998228155,2.0447612413245286,0.016203722341626058,0.00017500000000000003,92.59269909500603,0.010799987577572785
uniform,4,19,0.4463447858332072,0.3590531088989851,1.8645846054048556,560.0434387770547,0.2495960312371608,1.9984230398448055,0.015587054809349247,0.00017500000000000003,89.06888462485283,0.011227265326290734
uniform,4,20,0.4279568269303344,0.33923607079452167,1.9572494514422734,558.5666088006642,0.24978786389692686,1.993836452588329,0.0153957431635108,0.00017500000000000003,87.9756752200617,0.011366778345248359
uniform,4,21,0.45051585785250287,0.3656287485524744,1.8694494667411143,565.5548337791364,0.2630180722626392,2.0392111675836295,0.015304845189263616,0.00017500000000000003,87.45625822436351,0.011434287497580369
uniform,4,22,0.4131505189000833,0.32373427982833874,2.036626897067038,560.5939701537762,0.2475595865980722,2.005085306879143,0.01587211943843146,0.00017500000000000003,90.69782536246547,0.011025622676217347
uniform,4,23,0.44955603184323334,0.3617653644204328,1.8515637173212187,566.4623392529088,0.2571902037889231,2.03945557034905,0.01715757463136332,0.00017500000000000003,98.04328360779039,0.010199576791005614
uniform,4,24,0.43691838291380625,0.35001374000920776,1.9086359517121256,564.4782608695652,0.2727362750447355,2.0867938006211486,0.015878340985839515,0.00017500000000000003,90.73337706194008,0.011021302550188777
uniform,4,25,0.44423339917945603,0.36012989074076623,1.9027399425255085,562.2520893481234,0.2579174592974596,2.0098762389469123,0.01614987503315076,0.00017500000000000003,92.2850001894329,0.010835997160397742
uniform,4,26,0.4233510917685901,0.33125123051565303,2.013726847162156,555.3032940646807,0.24921961658401415,1.968451230852657,0.015294175402991574,0.00017500000000000003,87.3952880170947,0.011442264482318519
uniform,4,27,0.44478621962473086,0.3554480927611675,1.890830883476434,569.0713626576438,0.25582885366748087,2.034406668172894,0.015393029675357292,0.00017500000000000003,87.96016957347022,0.011368782084540357
uniform,4,28,0.4308008526187576,0.3490366625083676,1.9462764652224092,563.3629719853836,0.24576505151344463,1.973426578601289,0.016777891900032482,0.00017500000000000003,95.8736680001856,0.01043039262874624
uniform,4,29,0.43917602996254684,0.3481888210739815,1.923063145660721,554.3483146067416,0.25821357205859385,2.0078554030577904,0.015908463081438284,0.00017500000000000003,90.90550332250447,0.01100043411510864
uniform,4,30,0.4025597142644542,0.322505371065962,2.0438916928247366,550.6837562318625,0.2379428208223544,1.9431392985668174,0.015542905313183478,0.00017500000000000003,88.81660178961987,0.01125915628216336
uniform,4,31,0.44958204684087655,0.36351199818135116,1.8629884089752276,557.3069508246103,0.256570875790203,2.01259761786521,0.015722952070067287,0.00017500000000000003,89.84544040038449,0.011130225368628953
uniform,4,32,0.42598844624502963,0.34199782411609575,1.9591652360423608,555.2201215395004,0.2589969930704683,2.0270629240138733,0.016276485197636727,0.00017500000000000003,93.00848684363842,0.010751707010147942
uniform,4,33,0.44329896907216493,0.3548963375485317,1.8951890566366107,565.1237113402062,0.26686701385187916,2.059617353848619,0.014938283713589495,0.00017500000000000003,85.36162122051138,0.01171486653723151
uniform,4,34,0.4628765060240964,0.378755503315233,1.7643487510825482,557.2650602409639,0.2707390825962648,2.0672631361048457,0.015984952160182107,0.00017500000000000003,91.34258377246917,0.010947796292810823
uniform,4,35,0.4412319770514079,0.3460671992149785,1.9407799391175697,558.6507888578546,0.25433360392344184,2.0132258117090056,0.016148479418881374,0.00017500000000000003,92.2770252507507,0.010836933649330712
uniform,4,36,0.43015182726787216,0.33976098201632376,1.976403590307448,564.6072327763791,0.25426717090886086,2.0100832270676587,0.01547915286906321,0.00017500000000000003,88.45230210893261,0.011305528246946691
uniform,4,37,0.4127568230604109,0.3254290353035494,2.037202448668821,567.329346826127,0.24435484485002235,1.9781739341593716,0.016241661925528082,0.00017500000000000003,92.80949671730332,0.010774759430556863
uniform,4,38,0.4523191943851083,0.3698872834850884,1.857408377152406,564.5642355813244,0.26673061019391753,2.060539421230381,0.014766427305054427,0.00017500000000000003,84.37958460031099,0.011851207904575467
uniform,4,39,0.46580224446466484,0.3836321192506284,1.7999184006155957,561.1455868971792,0.2732625281205401,2.084800078930378,0.015337596120976857,0.00017500000000000003,87.64340640558203,0.011409871443977898
uniform,4,40,0.448319641523525,0.36314565697879253,1.8405148413744006,552.6952949962658,0.26904431942966767,2.077358291168986,0.015223203079685322,0.00017500000000000003,86.98973188391611,0.011495609635105613
uniform,4,41,0.42705855268206583,0.3470745388253662,1.9257286354948895,567.8943289079887,0.2524178187304642,2.000394896652744,0.016726775507417718,0.00017500000000000003,95.58157432810124,0.010462267513687493
uniform,4,42,0.4139805527907511,0.32759953678594744,2.0150851184841057,566.5922211163005,0.25382522025029175,1.9907850244961516,0.016192591400541932,0.00017500000000000003,92.52909371738245,0.010807411591583984
uniform,4,43,0.4421840732057778,0.35222099133331314,1.9171454995298927,559.6629357936928,0.25852685450809076,2.0340015738240043,0.015544683122147991,0.00017500000000000003,88.8267606979885,0.011257868598856212
uniform,4,44,0.41579946828712494,0.33118221598371783,2.0007243330016817,562.1241929358147,0.24674183735623956,1.9775391550197594,0.015462677755989864,0.00017500000000000003,88.35815860565636,0.011317574016713199
uniform,4,45,0.46021391185617844,0.3713772529323876,1.8117474506237092,561.3580368656603,0.2717102868191432,2.079956695122969,0.015675756846733606,0.00017500000000000003,89.57575340990631,0.011163735295911099
uniform,4,46,0.45230699295401167,0.36077817360300096,1.8987284460660467,560.6787635426926,0.26216625701636076,2.0569656298771535,0.015921987026573672,0.00017500000000000003,90.9827830089924,0.010991090478087088
uniform,4,47,0.427797282857579,0.33358557341274975,1.998114481864835,564.8223172034803,0.24502687933272682,1.9700158278836553,0.016220946719893957,0.00017500000000000003,92.69112411367973,0.010788519500244316
uniform,4,48,0.4396937305738761,0.3564978590712728,1.9120511943745548,561.018194223334,0.24828643145156093,1.9898170413681127,0.016081423274827925,0.00017500000000000003,91.89384728473098,0.010882121377522947
uniform,4,49,0.4190186382655002,0.3338510554896736,1.9974038281861364,562.977938379612,0.23966554415528663,1.9624683497804916,0.015524183284380128,0.00017500000000000003,88.70961876788643,0.011272734725831195
uniform,5,0,0.36740436535097726,0.2728446178648495,2.320971145630574,562.8069815195072,0.28159757031244226,2.1188274915539695,0.01413087693340774,0.00017500000000000003,80.74786819090136,0.012384227873803852
uniform,5,1,0.31277633785638054,0.22404101174564642,2.6178256157450592,564.1346241805153,0.2493725572421681,1.9983376247340723,0.014336904131576192,0.00017500000000000003,81.92516646614966,0.012206261435101095
uniform,5,2,0.3180744915835174,0.22826060811953955,2.562827311900412,563.6628075253257,0.2615254572883714,2.026061328955219,0.014095130169379017,0.00017500000000000003,80.54360096788008,0.012415635605847684
uniform,5,3,0.2922028766086298,0.20764385633797822,2.6984531675454138,560.2127176381529,0.23928422218887135,1.9571084989231329,0.014339735469411733,0.00017500000000000003,81.9413455394956,0.012203851345326049
uniform,5,4,0.32177953835606005,0.24025612749147288,2.504702961422017,563.7485335567914,0.25727594702038914,2.0392444049280076,0.014653870554585589,0.00017500000000000003,83.7364031690605,0.01194223733232295
uniform,5,5,0.3145167442215272,0.23044558917498736,2.555910351726821,564.5212449462201,0.27299530993332155,2.052604531666237,0.013872173435110186,0.00017500000000000003,79.2695624863439,0.012615182532037743
uniform,5,6,0.31156202143950995,0.23087732246440731,2.5627511435674495,566.635528330781,0.25016754143871367,1.9903361885318174,0.01462938930376605,0.00017500000000000003,83.59651030723455,0.011962221823910974
uniform,5,7,0.3006723577849966,0.21921136023627324,2.6354955704706446,559.0720707108861,0.2480012092855759,1.9633661666062336,0.013988687464787625,0.00017500000000000003,79.93535694164356,0.012510108646040644
uniform,5,8,0.33455433455433453,0.24679259153000843,2.494726297811858,564.7362637362637,0.25314140488626435,2.0170200331276007,0.014078565851409978,0.00017500000000000003,80.44894772234272,0.01243024338181958
uniform,5,9,0.324435318275154,0.2393442254629198,2.5239230593179656,562.8069815195072,0.25114958090125583,1.994331510779673,0.01449910137137776,0.00017500000000000003,82.85200783644433,0.01206971353034763
uniform,5,10,0.33073870573870573,0.24304437294778142,2.465738394209014,564.7362637362637,0.25956383484299295,2.02646953408569,0.014194754727533555,0.00017500000000000003,81.11288415733459,0.012328497628814442
uniform,5,11,0.31633356305995863,0.22169096967015747,2.6423006200651904,566.6788421778084,0.24294084048597142,1.9731929920983466,0.014097489976736323,0.00017500000000000003,80.5570855813504,0.012413557327494825
uniform,5,12,0.31298928327126246,0.23033257320078152,2.541788523169419,562.4653796458159,0.2701641253370326,2.0581269984127335,0.013632918219888459,0.00017500000000000003,77.90238982793404,0.012836576672535181
uniform,5,13,0.3358248798718633,0.25600792213067974,2.428968448785402,564.4352833498589,0.24956019190722145,1.9847615281623536,0.014028807034313417,0.00017500000000000003,80.16461162464809,0.01247433224877661
uniform,5,14,0.3114344169129348,0.22738261846236207,2.6003157037361735,560.7635826324165,0.2570270378491841,2.0236600572039594,0.014237127964274206,0.00017500000000000003,81.35501693870974,0.012291804951050136
uniform,5,15,0.3141599635756564,0.2256060945927077,2.6061797325828016,561.57064804978,0.24141509283799678,1.9678492577885258,0.014238777694967777,0.00017500000000000003,81.36444397124443,0.012290380800161517
uniform,5,16,0.31304478509167416,0.22928783478901196,2.5463318742683643,556.0946798917944,0.25934781780233607,2.0295148571340134,0.014745513957561704,0.00017500000000000003,84.26007975749543,0.011868016299985094
uniform,5,17,0.3260157024163427,0.24023896655018057,2.502531326621263,564.0916990624286,0.25535701352055185,2.025314969175837,0.014183737385547441,0.00017500000000000003,81.04992791741394,0.012338073897103929
uniform,5,18,0.3268911369470029,0.2422553532400708,2.526142451498548,558.6928884191454,0.2520463426481001,2.0003801427430323,0.014150488243014089,0.00017500000000000003,80.85993281722335,0.012367064442910317
uniform,5,19,0.3523910894852885,0.2659429469843446,2.3852469361602826,562.6361286398541,0.2667237634595949,2.054881427190309,0.014195299183441193,0.00017500000000000003,81.11599533394966,0.012328024773450172
uniform,5,20,0.3106951871657754,0.22672839968826167,2.5914395578687635,565.3391902215432,0.25405219677486457,2.0118046111954433,0.014340247082094219,0.00017500000000000003,81.94426904053839,0.012203415952191767
uniform,5,21,0.3571156047310187,0.26628873049771495,2.3593629183271028,564.6932468523464,0.2677460873965174,2.06337881810233,0.014581395483680332,0.00017500000000000003,83.32225990674475,0.012001594785345618
uniform,5,22,0.3016915115470765,0.2229200297470216,2.6038211774846634,571.5723333590794,0.24663740608957596,1.993192357374435,0.013481065883514805,0.00017500000000000003,77.03466219151316,0.012981169405454589
uniform,5,23,0.30474973696076957,0.22181013333401808,2.605189259130864,556.1781151360289,0.25003551493864506,2.006754357944544,0.013713984141866083,0.00017500000000000003,78.36562366780618,0.012760697270004827
uniform,5,24,0.3029781502544148,0.22034159857869035,2.61421633513945,553.7686321460641,0.2510770002263598,1.989674712491614,0.013883641441751313,0.00017500000000000003,79.33509395286464,0.012604762283310965
uniform,5,25,0.3065421979356406,0.22392937518450132,2.6012072688508185,561.655737704918,0.25396064133383334,2.0086452566707678,0.013749907352673582,0.00017500000000000003,78.57089915813474,0.012727358484053522
uniform,5,26,0.3120449029126214,0.22956261389988966,2.563179230372015,561.3155339805825,0.2484980701119639,1.984518776974489,0.014621843393497038,0.00017500000000000003,83.55339081998306,0.011968395180448317
uniform,5,27,0.335958595859586,0.25400583037452706,2.463372558841247,555.095409540954,0.2462676179711707,1.9694400973828106,0.0148063820012485,0.00017500000000000003,84.60789714999142,0.011819227680688214
uniform,5,28,0.3530993278566094,0.2619029738196369,2.375688510658895,552.6952949962658,0.26875709628802724,2.0666271497229105,0.01485840656145399,0.00017500000000000003,84.90518035116564,0.011777844365491312
uniform,5,29,0.3202876608629826,0.22830348109379198,2.5846200860985302,560.2127176381529,0.2563983549189288,2.032920305678771,0.014305794142838385,0.00017500000000000003,81.74739510193362,0.012232805690665321
uniform,5,30,0.34152259629966636,0.2586815607614133,2.39368922838706,561.1455868971792,0.2727188359131105,2.1000058976357234,0.014047232202377627,0.00017500000000000003,80.2698982993007,0.012457970187919271
uniform,5,31,0.29835359286044005,0.21620795958314776,2.6722140602028603,569.3335897830435,0.23723354071262293,1.9480533295154774,0.013529231952271658,0.00017500000000000003,77.30989687012375,0.012934954520505226
uniform,5,32,0.3104112120745418,0.22510318229948847,2.6136612962280465,569.8587709841368,0.23544136629789136,1.9194602847290083,0.014142860232825414,0.00017500000000000003,80.81634418757378,0.01237373467029159
uniform,5,33,0.31889703635808125,0.23361915149800813,2.528024929995926,565.2529789184234,0.2556339337024838,2.0176346495764594,0.013417018836945422,0.00017500000000000003,76.66867906825955,0.013043135895294107
uniform,5,34,0.31463842109273793,0.2299093895382785,2.5367883762654624,563.9200640097539,0.25077199994120747,2.004890842278475,0.013894860017427606,0.00017500000000000003,79.39920009958631,0.012594585320075664
uniform,5,35,0.3239275063087864,0.23986519708395032,2.5031583937950717,565.9002064693738,0.25838506864965893,2.0205764186193886,0.013793250577454159,0.00017500000000000003,78.81857472830947,0.012687364665588497
uniform,5,36,0.33619171579511525,0.24724132359242332,2.5194483440952617,566.5922211163005,0.25491745257750154,2.009791666562071,0.013917359047473644,0.00017500000000000003,79.52776598556366,0.012574224707651484
uniform,5,37,0.3149217444157423,0.23745599672095785,2.5122797424071535,562.2520893481234,0.25442003246280365,2.0121357690758135,0.014426180885371483,0.00017500000000000003,82.43531934497989,0.012130722704125699
uniform,5,38,0.33063469029252274,0.2469560714249347,2.4411322667469704,565.2098831436646,0.257154389313655,2.022389485662619,0.014251408007153155,0.00017500000000000003,81.4366171837323,0.012279488448591391
uniform,5,39,0.33214772211291055,0.24664415735141088,2.5316255089332023,560.0434387770547,0.24444804957602173,1.9656967245696475,0.014373852096721663,0.00017500000000000003,82.13629769555234,0.01217488525848359
uniform,5,40,0.324589175335444,0.23474563858088843,2.523894903879511,557.8521031207598,0.25869740554480813,2.0245008745654878,0.014301711432587245,0.00017500000000000003,81.72406532906996,0.012236297790294719
uniform,5,41,0.3135663284479519,0.22357856043026142,2.593712665982194,556.2198421645998,0.2501679462729953,2.0014247148895015,0.014262149589065699,0.00017500000000000003,81.49799765180398,0.012270240114026467
uniform,5,42,0.292169134483285,0.20717506958383547,2.732346163674089,564.8223172034803,0.23590636791777797,1.9214775684231846,0.01429117048033516,0.00017500000000000003,81.6638313162009,0.012245323099378204
uniform,5,43,0.3247882637628554,0.23778363679095568,2.5271814111363073,559.6206896551724,0.24014164568507113,1.9447707797729148,0.014153288722575206,0.00017500000000000003,80.87593555757259,0.012364617399549423
uniform,5,44,0.320891029500301,0.23705648582434302,2.5155951615713428,556.9301625526791,0.26584706231369637,2.0789522832951985,0.015109234876934583,0.00017500000000000003,86.33848501105474,0.011582320443449527
uniform,5,45,0.29540978639600063,0.21648342229490453,2.650853110554937,560.5515830934706,0.24325099500129,1.9481089548937334,0.014325633044942662,0.00017500000000000003,81.8607602568152,0.012215865047707598
uniform,5,46,0.30712268112069624,0.23279045859771874,2.560732335973637,564.9514466753187,0.24888008178095333,1.9769515472313592,0.01429070593775979,0.00017500000000000003,81.6611767871988,0.012245721153466895
uniform,5,47,0.3163581412920287,0.2328573347907688,2.549065556751322,559.1564034756328,0.24627898997277953,1.9883146199481665,0.014624709553910858,0.00017500000000000003,83.56976887949061,0.01196604960631184
uniform,5,48,0.3086160312218553,0.22225722007514873,2.59847080806198,555.4280996697688,0.24416683640447445,1.9910495166965454,0.014035200828930753,0.00017500000000000003,80.20114759389001,0.012468649514389035
uniform,5,49,0.33760230372840255,0.24703373345311058,2.4757733564722755,560.806001818733,0.25758044692338444,2.0439583698435637,0.014436373861218628,0.00017500000000000003,82.49356492124929,0.01212215766108094
uniform,6,0,0.26130956876368855,0.17707323706016187,2.9536324841903805,558.9034816101503,0.25732306504505686,2.017405155800735,0.012901725158325666,0.00017500000000000003,73.72414376186094,0.013564077505330367
uniform,6,1,0.24226070009744397,0.16487796637536403,3.0302518700593386,554.7216100742073,0.2571708948526066,2.0100712023854856,0.012650454438132968,0.00017500000000000003,72.28831107504551,0.013833495140892948
uniform,6,2,0.2529858033501089,0.1745502669662855,2.98117888228211,555.8862014572222,0.2588137326820288,2.035691330074078,0.013102727733707452,0.00017500000000000003,74.87272990689972,0.01335599758741864
uniform,6,3,0.27309328471589184,0.18967271708132,2.8736034740169503,562.1668185961714,0.2670114812790416,2.0522491003310357,0.013433557018494758,0.00017500000000000003,76.76318296282717,0.01302707836495333
uniform,6,4,0.24288454161871884,0.16471924295139279,3.080585467358668,567.7203682393556,0.24932121540769003,1.99638037415878,0.01257349144063715,0.00017500000000000003,71.84852251792655,0.013918170686815378
uniform,6,5,0.25462750497169956,0.18260793188207955,2.947136555405773,566.0298301973382,0.24634793604491279,1.984048231745521,0.01331987791939543,0.00017500000000000003,76.11358811083102,0.013138258553044083
uniform,6,6,0.24913312226745063,0.16902085362273378,3.0310093710068235,557.8521031207598,0.2506570037221536,1.9741496490868204,0.013646363198501623,0.00017500000000000003,77.97921827715211,0.012823929530119432
uniform,6,7,0.2571058447001448,0.17711478624101717,2.987405898397917,563.9200640097539,0.2549818170373328,2.0272303619165104,0.012723454059679729,0.00017500000000000003,72.70545176959844,0.013754126762996704
uniform,6,8,0.25817956272290277,0.17527067251577647,2.9838882829205002,573.7399596836719,0.26440164959058166,2.0616706055759115,0.013778439490427714,0.00017500000000000003,78.73393994530122,0.012701002905414482
uniform,6,9,0.2598113781563736,0.17574391403053125,2.984075662438636,562.849710982659,0.2570199870679062,2.0238983467077043,0.0127780712525,0.00017500000000000003,73.0175500142857,0.013695337625055242
uniform,6,10,0.2458842272968667,0.16132825646790838,3.08248312351472,561.4430619831576,0.24153499698149972,1.9682877884007794,0.013491559294120848,0.00017500000000000003,77.0946245378334,0.012971072963838875
uniform,6,11,0.2343188937275575,0.1522613025378426,3.154319856395916,565.3823057529223,0.24343057195073925,1.97184555407263,0.013449463928191538,0.00017500000000000003,76.85407958966591,0.013011671017844883
uniform,6,12,0.23467294689660412,0.1581033444763955,3.1013947508540776,562.2094507331155,0.25643359613604844,2.0170330553745197,0.012810602835624905,0.00017500000000000003,73.20344477499945,0.013660559323043244
uniform,6,13,0.2476003325523392,0.17092977463211814,3.002706467363199,559.3251454916484,0.24649839897756465,1.9771954470867406,0.012998833662793984,0.00017500000000000003,74.27904950167989,0.013462746315532537
uniform,6,14,0.24495892457057505,0.16700989989985177,3.052326039858043,552.6952949962658,0.2461435076838825,1.9822219068901048,0.012856837516943687,0.00017500000000000003,73.46764295396392,0.013611434364739551
uniform,6,15,0.24662162162162163,0.17009009574092873,3.034650033758763,555.5945945945946,0.2428985924925655,1.9587355670987139,0.013157011163905505,0.00017500000000000003,75.18292093660287,0.013300893175502431
uniform,6,16,0.27562452687358063,0.18516877883706895,2.9110280420027768,560.2127176381529,0.2576551525562536,2.0332116602181527,0.013255535210187634,0.00017500000000000003,75.74591548678647,0.013202031998338517
uniform,6,17,0.24829157175398633,0.1726318002049678,3.0095034209589855,561.9111617312072,0.24856831147917546,1.9822102762135567,0.013314890323883544,0.00017500000000000003,76.08508756504881,0.013143179984449012
uniform,6,18,0.2507663551401869,0.167290133772598,3.0599883272109274,553.3140186915888,0.25589036496239714,2.0151529590954187,0.013198751900481651,0.00017500000000000003,75.4214394313237,0.013258829419591856
uniform,6,19,0.24949526323963347,0.17285349254448376,3.0081987145473787,574.6294455660817,0.2543614790192805,2.013767915691572,0.012989212787632067,0.00017500000000000003,74.22407307218323,0.013472717928420551
uniform,6,20,0.23660278090943254,0.15933976924674922,3.082416009877289,556.2198421645998,0.2490921548451297,1.970455860398214,0.012686468987552657,0.00017500000000000003,72.49410850030088,0.013794224395432762
uniform,6,21,0.2549239871189995,0.17772517794415124,2.976494426199489,554.2239946079533,0.24692510679597035,1.992690090411918,0.012451889925330268,0.00017500000000000003,71.15365671617295,0.014054091471207605
uniform,6,22,0.24301141150340813,0.16598489246060968,3.04384791235162,566.7654897755993,0.24084703202242963,1.9602991725708643,0.013303744003592924,0.00017500000000000003,76.02139430624527,0.013154191778850978
uniform,6,23,0.2391304347826087,0.15859314932788,3.069361165862557,562.508057160231,0.25427424686495215,2.0041016283781117,0.01296125194791523,0.00017500000000000003,74.06429684522988,0.013501782135185492
uniform,6,24,0.2365486791888049,0.1596160468858336,3.094517269856699,553.8099977549952,0.24546625031507574,1.9600214506737301,0.012859462523107061,0.00017500000000000003,73.48264298918319,0.013608655858325647
uniform,6,25,0.24047145262513395,0.16438839809094138,3.0346614271280083,566.3757844787999,0.2467002917546779,1.9977288953816892,0.01315866535280113,0.00017500000000000003,75.19237344457788,0.013299221107005899
uniform,6,26,0.2531558411751205,0.16783037507443013,3.022003997744887,566.1595134266697,0.25977815125952475,2.041387004699578,0.012814557690520144,0.00017500000000000003,73.22604394582937,0.013656343373401034
uniform,6,27,0.2476241569589209,0.1745207495945211,3.000230358414308,567.1557326793378,0.24965146541944705,1.9850201224675645,0.013210491477081,0.00017500000000000003,75.48852272617712,0.01324704688721151
uniform,6,28,0.24143126177024482,0.16668587784753539,3.041790539945183,557.4745762711865,0.24542622509761713,1.9752387366769488,0.013399734013573708,0.00017500000000000003,76.56990864899261,0.01305996072927477
uniform,6,29,0.25293360587478236,0.17344312906823475,3.0047916098351855,560.2550533727004,0.24647382090915926,1.9660156369333215,0.012666955290563144,0.00017500000000000003,72.3826016603608,0.013815474672936966
uniform,6,30,0.27653652298202064,0.1934762909360381,2.891513681161227,556.7210561949898,0.2697393103153445,2.0663506779651377,0.013382644901644517,0.00017500000000000003,76.4722565808258,0.01307663778618943
uniform,6,31,0.24613737188312682,0.17465679693102737,2.9766379650014567,566.0298301973382,0.2629177852650173,2.050219246405779,0.013300498471256226,0.00017500000000000003,76.00284840717842,0.013157401610036902
uniform,6,32,0.25036014860868905,0.17100149915829085,3.018121540701697,561.1031162332247,0.2501397487940267,2.000383977054173,0.012752213473750162,0.00017500000000000003,72.86979127857235,0.01372310778518799
uniform,6,33,0.25625046925444855,0.1784735441268307,2.9816244970204573,555.6362339514978,0.25875282011111267,2.031939063741899,0.012787840115602812,0.00017500000000000003,73.07337208915891,0.013684875508138196
uniform,6,34,0.2585814094775213,0.1771103490145265,2.9615134075047758,561.9963547995139,0.2572210802754853,2.032735609692839,0.013062237478703843,0.00017500000000000003,74.64135702116481,0.01339739843846149
uniform,6,35,0.25673737449988676,0.17661380798757367,2.9885571878964368,558.6507888578546,0.24680048157460988,1.9809987290729436,0.013201088359971042,0.00017500000000000003,75.43479062840595,0.013256482740517305
uniform,6,36,0.24341801385681294,0.166924705754042,3.03604941009,569.6836027713625,0.25249364154296927,2.0040375242969644,0.01294269944295031,0.00017500000000000003,73.95828253114462,0.013521136048270042
uniform,6,37,0.24369174812457375,0.16382792999185833,3.0638656603937475,560.7635826324165,0.24160565889906138,1.963707998745644,0.013034154326046878,0.00017500000000000003,74.480881863125,0.013426264230298988
uniform,6,38,0.2478819969742814,0.1701132634484143,3.04182952326836,559.7897125567322,0.24344043142627925,1.9448556283151608,0.012978178361657459,0.00017500000000000003,74.16101920947118,0.013484172826366563
uniform,6,39,0.2669025749134167,0.18950998789875095,2.8801812462644687,557.1812979972896,0.2670689096848946,2.072862284423392,0.013261560354363478,0.00017500000000000003,75.780344882077,0.013196033899768018
uniform,6,40,0.25280856518133155,0.17106109897938404,2.9943822803783204,557.9780592626103,0.24192378981388174,1.9518316970216085,0.013261101650670291,0.00017500000000000003,75.77772371811594,0.01319649035275697
uniform,6,41,0.2502460071152827,0.17151574682522625,2.994747877589424,560.1703883127697,0.25767858081962913,2.0231842298225358,0.013496112120506373,0.00017500000000000003,77.12064068860784,0.0129666972560268
uniform,6,42,0.25542332027719195,0.17635083753013253,2.9900848682508894,557.4326604398915,0.2586997130711097,2.028467499157636,0.01314694721465098,0.00017500000000000003,75.12541265514845,0.013311074969935206
uniform,6,43,0.25498790810157196,0.17692174140640893,2.983126858481963,559.2829504232164,0.25212632527109236,1.9911756075868592,0.012314962310842172,0.00017500000000000003,70.3712132048124,0.014210356116634551
uniform,6,44,0.24992444847385917,0.1688992779911265,3.0285796713777606,559.114233907525,0.2426901587168686,1.9714397818797562,0.012274719164032149,0.00017500000000000003,70.14125236589798,0.014256945324891156
uniform,6,45,0.22804232804232805,0.1552525857596231,3.134425714855887,559.3673469387755,0.24528211582219228,1.9773778160121893,0.013209651497164514,0.00017500000000000003,75.48372284094006,0.013247889245039071
uniform,6,46,0.24766745050443753,0.16507283858859034,3.0555382675878606,561.3580368656603,0.2527603053895291,2.0289079342114764,0.01252022646859624,0.00017500000000000003,71.54415124912137,0.013977382952212757
uniform,6,47,0.24938080495356038,0.16718395408447,3.04600761062453,572.7647058823529,0.2434556832886301,1.9816111948912498,0.012843974735324929,0.00017500000000000003,73.39414134471387,0.01362506572974607
uniform,6,48,0.2520572996037793,0.1704918134693517,3.003987266525987,563.8771715940262,0.2541770543612074,2.0112002307450325,0.013341891279614744,0.00017500000000000003,76.23937874065567,0.013116581175218005
uniform,6,49,0.24929737941511584,0.17286081674376322,2.9833070651124736,562.1241929358147,0.25388304083026014,2.010841487189551,0.01281301096956907,0.00017500000000000003,73.21720554039467,0.013657991897113444
uniform,7,0,0.22473264045790028,0.14523855238725303,3.2605083273159594,557.3488477180298,0.25789348903344944,2.008693377046301,0.012244354221906005,0.00017500000000000003,69.96773841089144,0.014292301319322567
uniform,7,1,0.22414710128409696,0.14368235643296945,3.2994419664631307,562.2947344426715,0.25207675580168143,2.001435602090348,0.012065250718222098,0.00017500000000000003,68.94428981841197,0.014504464439822892
uniform,7,2,0.2036724031960664,0.1267405849182547,3.400546648573555,568.5476336816226,0.24930655639036559,1.976933058188125,0.011852085617693154,0.00017500000000000003,67.72620352967516,0.014765333768662176
uniform,7,3,0.20847201210287444,0.13670415558657983,3.320363108862334,559.7897125567322,0.24763004953274503,1.9899799050192113,0.012037256627793676,0.00017500000000000003,68.78432358739242,0.01453819631924521
uniform,7,4,0.2052848632961662,0.1397696499302369,3.3082274079286917,565.1667939514282,0.2551414386543911,2.0080777106395495,0.01194177704693703,0.00017500000000000003,68.2387259824973,0.01465443537525147
uniform,7,5,0.20425466317249885,0.13080757627213738,3.3792835918414417,570.3849236935409,0.24563783535268158,1.979372788355038,0.012164794454632564,0.00017500000000000003,69.51311116932892,0.01438577533329032
uniform,7,6,0.20724361418223408,0.13535189510947582,3.318197275940122,564.2634388105223,0.25766389185446315,2.0164509170613703,0.01170032692704194,0.00017500000000000003,66.85901101166822,0.014956847025832916
uniform,7,7,0.19731285988483685,0.1259830819353983,3.411524762667233,568.1554702495201,0.248116209928412,1.9894305790159916,0.011487149179606115,0.00017500000000000003,65.64085245489207,0.0152344151942145
uniform,7,8,0.19931065487786603,0.12809085730743727,3.387126687047975,554.5141615465308,0.25164647414931096,1.9982433958187542,0.012242462545096047,0.00017500000000000003,69.95692882912026,0.014294509732447547
uniform,7,9,0.2027478366479429,0.12876782572192416,3.398983464274835,561.7408531956885,0.24310465896269307,1.963635399746789,0.012207141830535428,0.00017500000000000003,69.75509617448814,0.01433587013482944
uniform,7,10,0.20749148694665154,0.13357040882878926,3.37778161476236,560.0011350737798,0.24091034921002574,1.9633825023288138,0.012269340762067009,0.00017500000000000003,70.11051864038289,0.01426319501541971
uniform,7,11,0.22098897734231476,0.1440872864040034,3.2897019966499093,566.4623392529088,0.26283054388477467,2.045607793127804,0.011734556437080334,0.00017500000000000003,67.05460821188761,0.01491321814661975
uniform,7,12,0.1997738409347908,0.12694450722340295,3.4295372300492133,557.894082171127,0.2420193811703939,1.9725255290703525,0.011734831050951522,0.00017500000000000003,67.05617743400869,0.014912869153391867
uniform,7,13,0.2120555721541679,0.133409513867883,3.3562654715665072,552.7777113833283,0.2505155227263458,2.0080421837856113,0.011975909841600456,0.00017500000000000003,68.43377052343116,0.01461266845814974
uniform,7,14,0.20839706332211685,0.13319144990517556,3.360909454547859,565.9434077699602,0.24613913145731203,1.9830906314520282,0.01225791493955837,0.00017500000000000003,70.04522822604783,0.01427648999547593
uniform,7,15,0.1957939980044516,0.12560309915724002,3.4148945624403924,567.9813492977205,0.2432789563026745,1.9685608485299138,0.011865498608547924,0.00017500000000000003,67.80284919170242,0.014748642747632176
uniform,7,16,0.2110273398827203,0.13320747325101934,3.3475550599248023,563.5771076079507,0.25139472595765255,2.007421249287054,0.0118204071331326,0.00017500000000000003,67.54518361790056,0.014804904605144694
uniform,7,17,0.20723510308889057,0.13004203426116517,3.3874761503614463,558.9034816101503,0.24297432877938263,1.9623045523465035,0.012357255816663198,0.00017500000000000003,70.61289038093255,0.014161720255400108
uniform,7,18,0.19441469013006887,0.1245489283606441,3.399631320076995,566.2027543993879,0.2500568716786802,1.9803578582237331,0.01155717426701669,0.00017500000000000003,66.04099581152393,0.015142109650404504
uniform,7,19,0.20363526661135833,0.13421473178753082,3.3343680897477843,558.1460894486763,0.25029391891439445,1.998955470340551,0.012356811412019504,0.00017500000000000003,70.61035092582573,0.014162229572410326
uniform,7,20,0.2041685683858208,0.12876734806188025,3.3896516200577778,562.9351894112277,0.24942088493844494,1.9955569355634672,0.011626126501301062,0.00017500000000000003,66.4350085788632,0.015052304822282472
uniform,7,21,0.2070236125733193,0.13413114515686686,3.3408475064949363,556.512107083772,0.2520211220253259,2.013028771965196,0.011582793218044856,0.00017500000000000003,66.18738981739916,0.015108618163653926
uniform,7,22,0.20819734345351043,0.14011589156022666,3.282173475666084,561.6982922201139,0.2624237255367916,2.0381696973698045,0.011543599855140042,0.00017500000000000003,65.96342774365738,0.01515991564122672
uniform,7,23,0.2174489720728023,0.1448369675405567,3.2709441939076918,545.3371895954609,0.25920792794204317,2.0268738608973846,0.01202259809781584,0.00017500000000000003,68.70056055894764,0.014555921987593722
uniform,7,24,0.2019877447317292,0.12957809690725808,3.373564256896807,553.0251083545061,0.24678690696600825,1.986707929294317,0.011843817524623773,0.00017500000000000003,67.6789572835644,0.014775641353488264
uniform,7,25,0.19925185128635775,0.12673231985351185,3.4151654148150006,564.9514466753187,0.24378589561092667,1.958290943297082,0.012058365749773401,0.00017500000000000003,68.90494714156227,0.014512746057921539
uniform,7,26,0.2082921262837581,0.1341854095658918,3.308741030217393,562.977938379612,0.2575566435989458,2.0280212276405143,0.01142291142089339,0.00017500000000000003,65.27377954796222,0.015320087283519634
uniform,7,27,0.2134417099420486,0.1395751657821644,3.2908410116508398,556.9720027094152,0.2573826249863487,2.030573121193351,0.012223397455474558,0.00017500000000000003,69.84798545985461,0.014316805179367039
uniform,7,28,0.21213960546282246,0.1408180111481182,3.3095561786359804,561.4855842185129,0.24915552223683335,2.0001970050649645,0.012465422679284776,0.00017500000000000003,71.23098673877014,0.014038834021313822
uniform,7,29,0.1998314950980392,0.13090320141314388,3.381930289289082,566.8088235294117,0.25397212186362594,2.0156594364251603,0.011970690789750504,0.00017500000000000003,68.40394737000287,0.014619039374890362
uniform,7,30,0.214547906210203,0.14184189312205647,3.2744919793947687,554.3897670237471,0.2633381501364056,2.0553084194468743,0.012599279660427717,0.00017500000000000003,71.99588377387266,0.013889682959387471
uniform,7,31,0.21545509161910484,0.14081547190807375,3.305061757839272,555.7611895464104,0.2578376911696978,2.0272954098985703,0.011824129504076481,0.00017500000000000003,67.56645430900845,0.014800243852172552
uniform,7,32,0.20584123038682617,0.13243522393689425,3.354634190048369,574.8076743824763,0.24543565718340687,1.965900021101214,0.011982525620246365,0.00017500000000000003,68.47157497283636,0.014604600527981342
uniform,7,33,0.2089864158829676,0.13863812071048373,3.351642510564188,552.3658755038066,0.25162210618145764,2.0108287194933716,0.012247785860227524,0.00017500000000000003,69.9873477727287,0.014288296839699082
uniform,7,34,0.20438521732393275,0.1330771104526749,3.360438359307105,573.3405903773146,0.24567820079391822,1.9710719312778728,0.012112076625836915,0.00017500000000000003,69.21186643335379,0.014448389438578867
uniform,7,35,0.19595458305135724,0.1275803113922115,3.392549915133774,556.4703361154974,0.25179170243791305,2.0132444591724337,0.011857225370755746,0.00017500000000000003,67.75557354717569,0.014758933437464554
uniform,7,36,0.2044575847168524,0.12990603449119922,3.3876040241254057,561.018194223334,0.24696902226423845,1.9841017651573258,0.012397023026675566,0.00017500000000000003,70.84013158100322,0.014116292243987926
uniform,7,37,0.21402439024390243,0.13805757669234106,3.3175156717462038,564.0487804878048,0.25467597323586233,2.010703634906011,0.01143143581460999,0.00017500000000000003,65.32249036919994,0.015308663131917392
uniform,7,38,0.19579996978395528,0.12943920282288446,3.386101939753087,559.0299138842726,0.25304948500706814,2.00226074895141,0.012534171967604863,0.00017500000000000003,71.62383981488492,0.013961831739048696
uniform,7,39,0.21141584082353845,0.13740431217100585,3.3155185283154247,568.5040331873704,0.261145470693009,2.0236780604216924,0.01198251229854686,0.00017500000000000003,68.47149884883919,0.014604616764818392
uniform,7,40,0.21505954667691127,0.1386474830576531,3.3377499597031726,568.5912408759124,0.2491294619976543,1.9930261484416194,0.011641266253536724,0.00017500000000000003,66.52152144878127,0.015032728930740967
uniform,7,41,0.19742457138579023,0.12737814313081544,3.406803591713644,554.0583214793741,0.2422668443468865,1.9628265874860436,0.01239035514260756,0.00017500000000000003,70.8020293863289,0.014123888943119603
uniform,7,42,0.1983151183970856,0.12714321547317034,3.4238038152780828,561.655737704918,0.24841219090740196,1.9729054602839073,0.01255484010708347,0.00017500000000000003,71.7419434690484,0.01393884736941131
uniform,7,43,0.20534173606422088,0.12774297615853317,3.4256952666350684,555.2201215395004,0.24044300022069365,1.9606413122306923,0.012502925084206404,0.00017500000000000003,71.44528619546516,0.013996724672137613
uniform,7,44,0.2085549132947977,0.13582471926478806,3.3282519508117163,570.3410404624277,0.25033461043494754,1.9895431672099648,0.011774209924277813,0.00017500000000000003,67.28119956730178,0.014862993026747304
uniform,7,45,0.21464315959658173,0.14435332480926355,3.304921507399265,569.7273847101394,0.25653328801854514,2.0265487418116637,0.012056570919977574,0.00017500000000000003,68.89469097130042,0.014514906532007986
uniform,7,46,0.20531546453847313,0.13376050047013285,3.3512489408730173,557.1812979972896,0.25198625557823107,1.9795645988717936,0.011465074177671696,0.00017500000000000003,65.51470958669539,0.015263747734036787
uniform,7,47,0.18224049958114386,0.1163813478356211,3.492248313805977,563.5771076079507,0.24043466467992403,1.944868874793095,0.01179758463418798,0.00017500000000000003,67.41476933821701,0.014833544782791478
uniform,7,48,0.2072492104075801,0.13382052666245312,3.3472182785109923,556.512107083772,0.25703476450871676,2.016944829812581,0.012110919846874115,0.00017500000000000003,69.20525626785208,0.01444976948180929
uniform,7,49,0.1937605138400367,0.12760626581570134,3.387024219341668,565.8570117755008,0.2536369720182847,1.9919497842762204,0.011801774999472905,0.00017500000000000003,67.4387142827023,0.01482827795037746
uniform,8,0,0.1845156369183829,0.11148464493784348,3.5863423350766475,564.4782608695652,0.24847957160091028,1.9899691717931907,0.011192644079605428,0.00017500000000000003,63.957966169173865,0.015635268910129525
uniform,8,1,0.1792940818499924,0.11474311004740408,3.5729243090789145,562.9351894112277,0.2564988138037734,2.0177727881859036,0.010990869827836083,0.00017500000000000003,62.80497044477761,0.01592230667283361
uniform,8,2,0.1766231784542611,0.11268508009748628,3.6045379601150196,564.6072327763791,0.25169365148758516,1.9962838373149099,0.011265962745566151,0.00017500000000000003,64.37692997466371,0.015533514884812954
uniform,8,3,0.1894809370693615,0.12296472768770442,3.4820306810622994,566.5489205328433,0.25844670919468626,2.0383638891492724,0.011505176334201594,0.00017500000000000003,65.74386476686624,0.015210544794500467
uniform,8,4,0.17976923076923076,0.1105938279538988,3.6009049499141548,569.2461538461539,0.2501679738925304,2.0035518316073366,0.011325966575707974,0.00017500000000000003,64.71980900404556,0.015451219887523017
uniform,8,5,0.17604781358753216,0.10941572449751485,3.5965865340550534,559.8742623694961,0.2503589954285417,1.989321946711482,0.01103696279595968,0.00017500000000000003,63.0683588340553,0.01585581135274485
uniform,8,6,0.1781190019193858,0.10914875715135572,3.6089947611630038,568.1554702495201,0.24943173592328094,1.9918249448449528,0.011371047179193,0.00017500000000000003,64.97741245253141,0.015389963408138786
uniform,8,7,0.17272931823295581,0.10593080740163652,3.634033962129578,555.0538513462836,0.24296416161814705,1.9618504542858872,0.01160604837588165,0.00017500000000000003,66.32027643360942,0.015078344870909277
uniform,8,8,0.17547388781431333,0.11071577506859828,3.5745257742162213,572.5435203094778,0.2623714111978188,2.040983155466055,0.011859672963518985,0.00017500000000000003,67.76955979153705,0.014755887496924223
uniform,8,9,0.17430286452397234,0.10874733824885864,3.621462926822069,562.2947344426715,0.24107348840334453,1.9572823074928487,0.011383780873279738,0.00017500000000000003,65.05017641874134,0.015372748469778076
uniform,8,10,0.17205126237433813,0.10594653781467495,3.64671392779167,567.8943289079887,0.24919190313084982,1.9917673314753992,0.010373722794817635,0.00017500000000000003,59.27841597038648,0.016869546590104003
uniform,8,11,0.16809592471731047,0.10738493425053323,3.6129828016456966,561.6131896486302,0.2529464495310094,2.008075288904557,0.011312024218122269,0.00017500000000000003,64.64013838927009,0.015470263909057385
uniform,8,12,0.18544989467348783,0.11875709391634369,3.549396777261277,556.7628648811315,0.25358919487916864,2.0023273263360646,0.011024179719817737,0.00017500000000000003,62.995312684672776,0.015874196942327543
uniform,8,13,0.16808899725693385,0.10645954038269927,3.634453542581072,563.8771715940262,0.2497830507636536,1.9964100465001575,0.011662412230046647,0.00017500000000000003,66.64235560026654,0.015005471985387028
uniform,8,14,0.1801158155975032,0.11499703981422271,3.5599884750078448,556.5538843348123,0.25942805185331963,2.0312569921645127,0.011630997084007657,0.00017500000000000003,66.46284048004375,0.015046001536757397
uniform,8,15,0.17065619572604396,0.1074479801104212,3.623909954503148,558.8192252510761,0.2523339936451521,2.007445485422406,0.011500721305163407,0.00017500000000000003,65.7184074580766,0.015216436896130277
uniform,8,16,0.1855638638791393,0.1133655666919362,3.5651669119248037,564.6502365328857,0.25342052843188867,2.004670708789519,0.011021855100668419,0.00017500000000000003,62.982029146676666,0.015877544968758223
uniform,8,17,0.17818705472184326,0.11046669298303753,3.580124429071237,560.8908594815825,0.2575199736165814,2.030228340279857,0.011624220531731032,0.00017500000000000003,66.42411732417732,0.015054772878946725
uniform,8,18,0.18313161875945538,0.11465379465369904,3.552126357465826,559.7897125567322,0.26443658117204905,2.027592151986127,0.011190023694866496,0.00017500000000000003,63.94299254209425,0.015638930244650198
uniform,8,19,0.1712164391780411,0.10875791556736003,3.608323622523003,555.0122993850307,0.24805762464529835,2.0040273635889703,0.011612471316818328,0.00017500000000000003,66.35697895324758,0.015070004930522218
uniform,8,20,0.18537799909461294,0.11816939139724869,3.5385904694171,558.3562698053418,0.2627296396822203,2.0325069870280017,0.011099136742778504,0.00017500000000000003,63.423638530162876,0.015766991979251115
uniform,8,21,0.1666162913707118,0.10455602369647439,3.6372059624280477,559.1985794166541,0.25721614458598197,2.0181707307422636,0.011281184744248917,0.00017500000000000003,64.46391282427952,0.01551255510545681
uniform,8,22,0.18731878528918053,0.11421604959765162,3.5540732440769864,564.6502365328857,0.2579606973158661,2.026589827103818,0.011161038403261717,0.00017500000000000003,63.777362304352664,0.01567954465140607
uniform,8,23,0.18568147013782543,0.12009827481803387,3.5378128889759233,566.635528330781,0.25367851043120027,2.0068734914490554,0.011337806817088144,0.00017500000000000003,64.78746752621795,0.015435083947297734
uniform,8,24,0.17901139513396983,0.11081108278977295,3.6096414173716656,569.7711733908222,0.24479770311154425,1.9950156416345135,0.01118145802174349,0.00017500000000000003,63.894045838534225,0.015650910611093347
uniform,8,25,0.16954676368046082,0.10375328983682708,3.649850351852795,560.8908594815825,0.24378377388347872,1.9495039066388427,0.0107218885433607,0.00017500000000000003,61.26793453348971,0.016321751461254
uniform,8,26,0.17080369305282275,0.10631582105999075,3.6285925498962306,560.0434387770547,0.24334837836795487,1.9779742078178588,0.01117542532664042,0.00017500000000000003,63.85957329508811,0.01565935925345303
uniform,8,27,0.17670226463682495,0.10849838854840468,3.601380888751153,560.5092024539878,0.251248729910003,1.9945425012973643,0.01121076134790382,0.00017500000000000003,64.06149341659325,0.015610001370042668
uniform,8,28,0.17584570180064793,0.1112085180225809,3.566907823300097,557.5584268816394,0.25776406429940835,2.036075476248155,0.010715663560222726,0.00017500000000000003,61.23236320127271,0.016331233153830244
uniform,8,29,0.17736678541650874,0.11229630105672025,3.5706584222422464,560.9332979610399,0.26099689278635196,2.0408659413814587,0.011131705190279149,0.00017500000000000003,63.60974394445227,0.01572086189929106
uniform,8,30,0.1761466505733253,0.11046255111381198,3.6103512780579536,558.2721786360893,0.2492834624426905,1.990291001697071,0.011820280326061762,0.00017500000000000003,67.5444590060672,0.014805063431038433
uniform,8,31,0.17701625268322602,0.10985550391685951,3.6017074166610885,567.329346826127,0.25428815561463125,2.0079748752588706,0.011096510181125556,0.00017500000000000003,63.40862960643174,0.015770724051392633
uniform,8,32,0.17000918554807104,0.10473081814528487,3.642672604609168,566.4623392529088,0.24849045809241943,1.987014336513861,0.011249822438128408,0.00017500000000000003,64.28469964644803,0.0155558010770803
uniform,8,33,0.18161623898889315,0.11045341172413324,3.578333191543546,566.852163921869,0.2538887062983122,2.0164917197861563,0.011491452223243628,0.00017500000000000003,65.66544127567786,0.015228710575503204
uniform,8,34,0.1780500718553816,0.1082482669337425,3.613619639691713,559.7474472430225,0.25003608866245486,2.006686895109179,0.011362395272606579,0.00017500000000000003,64.9279729863233,0.01540168211027694
uniform,8,35,0.1788783355947535,0.11347767492113409,3.5877821621329513,557.8521031207598,0.25133883880334906,1.9944126905398554,0.010913578645324003,0.00017500000000000003,62.36330654470858,0.016035070226481575
uniform,8,36,0.17707539984767706,0.11334932776598075,3.5855147821174813,563.6199543031227,0.24771182806580327,1.9713571318083902,0.010840948758535833,0.00017500000000000003,61.948278620204746,0.016142498585486845
uniform,8,37,0.1785876993166287,0.11150654972353198,3.57582810761523,561.9111617312072,0.25779801860335283,2.0246250362347276,0.011021997271007104,0.00017500000000000003,62.982841548612015,0.015877340167768875
uniform,8,38,0.16702079222947336,0.10503704583022312,3.640021377521826,561.57064804978,0.24593634079792537,1.9800909696125952,0.0106835926057117,0.00017500000000000003,61.04910060406685,0.016380257695940308
uniform,8,39,0.17702476827229904,0.10997717504781394,3.596220599200904,562.2520893481234,0.25472755287773907,2.0078790287236368,0.011349687751817269,0.00017500000000000003,64.85535858181295,0.015418926390462124
uniform,8,40,0.1890141703489258,0.12106326435035376,3.51966013655307,563.7914063690386,0.26017990725813434,2.0462024665790195,0.010879855981911086,0.00017500000000000003,62.17060561092048,0.016084771736956452
uniform,8,41,0.1781779500037991,0.11115193022084932,3.5924739827229972,562.2947344426715,0.25579806562745944,2.0371073897481864,0.01146883519670425,0.00017500000000000003,65.53620112402427,0.015258742234807682
uniform,8,42,0.1618974751338944,0.10468701103284105,3.6408801869991168,566.2027543993879,0.2462173579260707,1.9706489937639786,0.01115174193638361,0.00017500000000000003,63.724239636477755,0.015692615646802768
uniform,8,43,0.17352630785466605,0.11104968746604674,3.57515581752255,557.8521031207598,0.2653828837501351,2.0573581662765084,0.010996502519987546,0.00017500000000000003,62.83715725707168,0.015914150856776072
uniform,8,44,0.17400386847195357,0.1087305978357767,3.610968019994575,572.5435203094778,0.2502847211435437,2.015115709121524,0.011207421589863691,0.00017500000000000003,64.04240908493537,0.015614653075804247
uniform,8,45,0.1711109441898896,0.10781861154181006,3.6166035505703813,555.8862014572222,0.24988324617152102,1.987055460744946,0.011546069436462943,0.00017500000000000003,65.9775396369311,0.015156673096676789
uniform,8,46,0.17649755501222494,0.10814200021293889,3.6137115046653396,565.4254278728606,0.24775021421373822,1.963724882400355,0.011324508393099682,0.00017500000000000003,64.71147653199817,0.015453209439681469
uniform,8,47,0.17399848828420256,0.10974888556995495,3.5976299116505635,559.3673469387755,0.247610044258181,1.9647757399931258,0.011073205874534649,0.00017500000000000003,63.27546214019798,0.015803914600960527
uniform,8,48,0.1754956863932193,0.11187024386611782,3.5967683875432135,560.0434387770547,0.25177885324228555,1.9932627860581618,0.01062603371805915,0.00017500000000000003,60.72019267462371,0.016468985949346662
uniform,8,49,0.17789384745372147,0.11359063061767649,3.582179882434809,568.4168522928028,0.2637400876847096,2.0549798683109612,0.010842527821169333,0.00017500000000000003,61.957301835253325,0.01614014765618806
uniform,9,0,0.14925259883147432,0.09291903277702208,3.7795935647217345,561.5281129068974,0.2490348567662295,1.999949291110293,0.01013662594631917,0.00017500000000000003,57.92357683610954,0.01726412722800986
uniform,9,1,0.15349716446124764,0.09700062649828821,3.7465092540353107,559.578449905482,0.2542488918406889,2.0161815728779775,0.011101395912007216,0.00017500000000000003,63.43654806861266,0.015763783346445726
uniform,9,2,0.15173039141604958,0.0959884675320482,3.760147756905735,559.1985794166541,0.2530980969313532,2.001883872434699,0.010596848363387519,0.00017500000000000003,60.55341921935724,0.01651434407654932
uniform,9,3,0.15218865365780154,0.09429168479503977,3.775065684654572,557.5584268816394,0.2516471547423862,1.9777424410214652,0.010938485799081153,0.00017500000000000003,62.50563313760658,0.015998558046736253
uniform,9,4,0.15110098709187547,0.0925888177550623,3.7900204219135807,561.9111617312072,0.2518909267091658,2.019493000763436,0.01066040000295437,0.00017500000000000003,60.916571445453535,0.016415894333374113
uniform,9,5,0.15040958737864077,0.09315399787866824,3.798146142374501,561.3155339805825,0.24966715692426078,2.0019329578995713,0.010401705661986706,0.00017500000000000003,59.438318068495455,0.016824163813781226
uniform,9,6,0.15451939037271767,0.09427541838454903,3.779010384189028,558.3562698053418,0.2470814851403702,2.001406421414602,0.010656308922346733,0.00017500000000000003,60.89319384198132,0.016422196585631783
uniform,9,7,0.1589413988657845,0.10004606017150627,3.7354903986857377,559.578449905482,0.26068405390833504,2.0361467185281663,0.011019530866507924,0.00017500000000000003,62.9687478086167,0.015880893852921102
uniform,9,8,0.15575620767494355,0.0989199221197711,3.7319838391663684,556.8465011286681,0.26016169833019376,2.0327309631503248,0.009991738651517158,0.00017500000000000003,57.095649437240894,0.017514469313449046
uniform,9,9,0.14612608461951931,0.09050411208161734,3.8029260055037626,568.2425708362128,0.25533705510315485,2.0184687178905314,0.010413616101526354,0.00017500000000000003,59.50637772300773,0.016804921392709088
uniform,9,10,0.15900121432908318,0.09928527720770552,3.7361571708397134,561.655737704918,0.2608344104955904,2.0303745395058774,0.010699451842131174,0.00017500000000000003,61.13972481217813,0.016355978098887596
uniform,9,11,0.14903846153846154,0.09274324188571038,3.7770655198123193,564.7362637362637,0.2503786728484556,2.003864305121091,0.010337919672324735,0.00017500000000000003,59.07382669899848,0.016927970573082134
uniform,9,12,0.16188185780850745,0.09664964596608043,3.751676862376874,556.1781151360289,0.2578209862112999,2.0025897691095134,0.01072408647119032,0.00017500000000000003,61.280494121087536,0.016318406278252987
uniform,9,13,0.1422625804010594,0.08699640084036477,3.822183504226723,560.0011350737798,0.2513015573786106,2.0014348521826886,0.01104959861489737,0.00017500000000000003,63.14056351369925,0.015837679367290344
uniform,9,14,0.16478313989004276,0.10344568318997183,3.709737812500035,565.0806353084912,0.253525798820192,2.0128341364864815,0.01085229944172224,0.00017500000000000003,62.013139666984216,0.01612561475471302
uniform,9,15,0.16140006047777442,0.10134967049271393,3.723153250407494,559.4517689749017,0.2590578396921046,2.022608661311745,0.010643554070505342,0.00017500000000000003,60.820308974316234,0.01644187635452969
uniform,9,16,0.16195899772209568,0.09583611870734494,3.760813127896484,561.9111617312072,0.25251526199281216,2.012237558679048,0.011324984230458779,0.00017500000000000003,64.71419560262159,0.015452560148325321
uniform,9,17,0.15550185031342043,0.09373218757075655,3.771856921288114,558.9034816101503,0.25256377973710187,1.9982406100887518,0.010815370873334696,0.00017500000000000003,61.802119276198255,0.016180674897747858
uniform,9,18,0.15431027980994041,0.09780265383863887,3.7542975049086604,558.1460894486763,0.25477793408208527,2.0092984411890984,0.010245730854956815,0.00017500000000000003,58.54703345689608,0.01708028470368575
uniform,9,19,0.14963585854793904,0.09215558653392822,3.79348325122282,555.6362339514978,0.2535552983463276,1.9994912509984855,0.010911152190534032,0.00017500000000000003,62.349441088765886,0.01603863615355134
uniform,9,20,0.1489264504339881,0.09230163207008107,3.794661352798486,563.4486066697121,0.2456385093391873,1.9883201165581716,0.010798153595754874,0.00017500000000000003,61.70373483288498,0.016206474416959448
uniform,9,21,0.1563000839502404,0.09454433237837276,3.7768650252435325,564.7792871861406,0.2451137227471918,1.9762616988596755,0.01085286979727353,0.00017500000000000003,62.01639884156302,0.01612476729831991
uniform,9,22,0.1490612120286979,0.09256086248328109,3.790548501473893,564.8223172034803,0.24556165692047216,1.9662018190120278,0.011059825830804223,0.00017500000000000003,63.19900474745269,0.01582303398599495
uniform,9,23,0.15347211669958974,0.09473087308187397,3.762896780924554,562.2520893481234,0.25432546791853383,2.0035370007535596,0.011176396522969144,0.00017500000000000003,63.8651229883951,0.01565799850071078
uniform,9,24,0.153510093401627,0.0956628702134503,3.761354591988952,557.4326604398915,0.2553285472386051,2.018504102372883,0.010604068956687163,0.00017500000000000003,60.59467975249807,0.016503099019328907
uniform,9,25,0.1545612576524828,0.09425271408769742,3.776060479735415,559.3251454916484,0.25185117148794234,2.0068432383297594,0.010564209669319357,0.00017500000000000003,60.3669123961106,0.016565366030952235
uniform,9,26,0.15016727493917276,0.09301455184921742,3.7812716509807727,562.6788321167883,0.25365583269740455,2.0022788943824694,0.010855127305510892,0.00017500000000000003,62.02929888863366,0.01612141387887332
uniform,9,27,0.16788928382364063,0.09921915188205656,3.735163475692389,559.6629357936928,0.25805701021454297,2.0285501728391404,0.010418532550618469,0.00017500000000000003,59.53447171781981,0.016796991241306014
uniform,9,28,0.1529022058269969,0.09350147830827286,3.7958182787347012,557.1394263344124,0.24421193628222682,1.9744852696065975,0.010837104837704259,0.00017500000000000003,61.92631335831004,0.016148224329356232
uniform,9,29,0.1602193116052391,0.08923418010916882,3.8238161093348104,563.5342674383186,0.24881484158686362,1.979572143876096,0.010727706537932471,0.00017500000000000003,61.30118021675697,0.016312899628752094
uniform,9,30,0.16082536792595964,0.09936115582746143,3.736962620754942,561.4005461993628,0.2545836914505344,2.0047680389639306,0.010770656061784595,0.00017500000000000003,61.546606067340534,0.01624784961994267
uniform,9,31,0.1543854301607864,0.0937012192823237,3.780483598820698,563.9200640097539,0.25247019933885895,2.004075198937724,0.010676987671981017,0.00017500000000000003,61.0113581256058,0.016390390752182106
uniform,9,32,0.15914861837191935,0.09618230081231599,3.7651647829260346,552.6952949962658,0.2566764481307473,2.0214197538256373,0.010862392775682222,0.00017500000000000003,62.07081586104126,0.016110630835571953
uniform,9,33,0.16646191646191646,0.10597619776487902,3.701525908611069,568.1990171990172,0.25758762637269683,2.005864969011451,0.011099374244662358,0.00017500000000000003,63.4249956837849,0.015766654600745333
uniform,9,34,0.1571284751800511,0.09643279567433902,3.7591249182558752,573.0746534500116,0.24416444965754636,1.9650471455822283,0.010334048657867972,0.00017500000000000003,59.0517066163884,0.016934311594010286
uniform,9,35,0.15161487831011786,0.09742838213073216,3.749886468818512,566.3757844787999,0.2559688142500818,2.0260437847233916,0.011056080840611078,0.00017500000000000003,63.17760480349187,0.015828393670675046
uniform,9,36,0.1506110984589691,0.09770888890471047,3.747413193476387,561.7834206331132,0.25466460004099645,2.013243929923597,0.010935306424438723,0.00017500000000000003,62.487465282506975,0.01600320953136732
uniform,9,37,0.1517251885139767,0.09235234024773631,3.7920711547527226,563.6628075253257,0.24808103183750063,1.9893835678366534,0.010991347599602554,0.00017500000000000003,62.80770056915744,0.015921614562196908
uniform,9,38,0.15254886929858183,0.0916806122207378,3.7929562928228657,567.2859333077807,0.2587733944237698,2.0248783047110193,0.01045856237369722,0.00017500000000000003,59.76321356398411,0.016732701278343625
uniform,9,39,0.15125284738041003,0.09432244365280439,3.7837171413169526,561.9111617312072,0.24517646187450737,1.9619290570347405,0.01074502975775342,0.00017500000000000003,61.40017004430525,0.01628659984619616
uniform,9,40,0.14884938043561918,0.09374812157866229,3.768724321855231,569.5522973909028,0.2562002491031308,2.028142543014005,0.010176749808875573,0.00017500000000000003,58.15285605071755,0.017196059968711732
uniform,9,41,0.15266138165345414,0.0941899575778897,3.7810431884976667,558.7349943374859,0.25162523437757045,2.006244198965444,0.01065080204604124,0.00017500000000000003,60.861725977378505,0.016430687495975496
uniform,9,42,0.16136415655756467,0.09309992790110277,3.7801410648066818,564.6072327763791,0.25572352745803073,2.00294357254628,0.010695219773329571,0.00017500000000000003,61.115541561883255,0.016362450114058767
uniform,9,43,0.1523213747362074,0.0917385433223643,3.7924428285121796,557.7681640036177,0.25032789693796076,1.9992409567643397,0.010803626735212976,0.00017500000000000003,61.73500991550271,0.01619826418378663
uniform,9,44,0.152399727045265,0.09272019614468485,3.802850868940002,561.1031162332247,0.24223828717367724,1.9583938317954783,0.010443775967565497,0.00017500000000000003,59.67871981465998,0.016756391610035035
uniform,9,45,0.15376409631209997,0.09521937698468795,3.7742951491870436,563.8771715940262,0.24847437284188345,1.9924367261389206,0.010605207067108104,0.00017500000000000003,60.60118324061773,0.01650132796961221
uniform,9,46,0.15514894903977014,0.09656981152394047,3.766576775265999,559.5362165431725,0.24814605579013005,1.9658548489110514,0.010678556257092407,0.00017500000000000003,61.02032146909946,0.01638798314929228
uniform,9,47,0.15311510031678988,0.09482526335567679,3.7785294269286456,558.188112837532,0.2509559082391206,2.0054363287922996,0.010846774261017178,0.00017500000000000003,61.98156720581244,0.016133828895927353
uniform,9,48,0.14566719829877725,0.09089921603995124,3.7879537759987194,562.038961038961,0.25042419345118105,1.9744422043301313,0.01046066859745535,0.00017500000000000003,59.775249128316275,0.016729332199910272
uniform,9,49,0.1589389210878288,0.09768269267567047,3.7458879688327698,549.9077128845297,0.26397284676204436,2.0468763300482546,0.010691856864483497,0.00017500000000000003,61.096324939905685,0.016367596594125743
uniform,10,0,0.14744658281557813,0.09270638356653242,3.8311353551723353,560.7211698742234,0.25234106517746113,1.9939091421463477,0.010394892532277041,0.00017500000000000003,59.39938589872594,0.016835190884043283
uniform,10,1,0.13074311580535647,0.08311946871156618,3.8987206709564517,558.3142210486609,0.24457800772506744,1.9830505333796777,0.010702334442876145,0.00017500000000000003,61.156196816435106,0.016351572727806712
uniform,10,2,0.1288838612368024,0.08279589823899779,3.8872335682199646,558.10407239819,0.2552359263354447,2.0125070857930036,0.010007052234758725,0.00017500000000000003,57.183155627192704,0.017487667286491322
uniform,10,3,0.13773830487711508,0.08755232085090665,3.8609919485264674,566.5922211163005,0.2567747423017863,2.0398729250897225,0.010092122137208582,0.00017500000000000003,57.6692693554776,0.01734025783881406
uniform,10,4,0.14046105537259707,0.08553608430440567,3.8859161076287076,566.7654897755993,0.25563596162828617,2.01656496286284,0.009802570608789767,0.00017500000000000003,56.01468919308437,0.017852460031563665
uniform,10,5,0.1340237130421732,0.08543421447657701,3.8873785869650344,555.3448896893291,0.2527826062578242,2.0015417632861836,0.01002020715769862,0.00017500000000000003,57.25832661542067,0.01746470878753698
uniform,10,6,0.14434557761046468,0.08689459849318383,3.866803376155943,562.8069815195072,0.2624009313294664,2.054116991744216,0.009827426991339198,0.00017500000000000003,56.15672566479541,0.01780730603791059
uniform,10,7,0.1404013631200303,0.08490764238916663,3.878377114316018,560.4244604316547,0.2603575829707552,2.040377137524177,0.010150044924602836,0.00017500000000000003,58.000256712016196,0.017241302999143882
uniform,10,8,0.13218825665859565,0.08239334396336115,3.91217430802735,559.9588377723971,0.2510823571064975,2.0004502820759793,0.01014775036632292,0.00017500000000000003,57.98714495041668,0.01724520151587174
uniform,10,9,0.13832130649449298,0.08314449061877557,3.8961504253443815,562.1241929358147,0.2573288576095365,2.027895265633491,0.009878853377657667,0.00017500000000000003,56.450590729472374,0.017714606474045425
uniform,10,10,0.13130075072774627,0.08387659147381503,3.9002950490740425,566.8955109544967,0.2466355416108854,1.990882683415387,0.010519524932048554,0.00017500000000000003,60.11157104027744,0.016635732234147653
uniform,10,11,0.13974495217853347,0.08410251441515426,3.8888576725252073,561.7408531956885,0.2559012926358264,2.0083588480762575,0.010082707121754677,0.00017500000000000003,57.61546926716957,0.017356449799321858
uniform,10,12,0.1306285538650684,0.08278990988000634,3.897268080469795,568.6348547717843,0.2498126243299339,1.9978599614844792,0.01010004384188593,0.00017500000000000003,57.71453623934816,0.017326657462045546
uniform,10,13,0.14315916641498036,0.08962742177923717,3.8701826146120206,558.7771066143159,0.25178897214937024,1.9961037652342264,0.009573057898321484,0.00017500000000000003,54.70318799040847,0.01828047023832208
uniform,10,14,0.12698412698412698,0.08131189662549658,3.9152732697655055,567.4596273291926,0.24459403470973484,1.976021611947243,0.009783123300089737,0.00017500000000000003,55.90356171479849,0.017887947911112888
uniform,10,15,0.13833746898263027,0.08197989266793257,3.9205669408580532,573.8287841191067,0.24339875357691199,1.9755572000242685,0.009851706631352925,0.00017500000000000003,56.29546646487385,0.01776341973512131
uniform,10,16,0.14301050532934592,0.08637223828145334,3.8827579737634585,567.4596273291926,0.24674847396090627,2.0031923075117124,0.010399417427807447,0.00017500000000000003,59.42524244461397,0.01682786571602175
uniform,10,17,0.1361982719417917,0.08250693513331439,3.909167458992689,560.8908594815825,0.25446333311265334,2.0273899073308073,0.009709933784205935,0.00017500000000000003,55.485335909748194,0.018022779958052133
uniform,10,18,0.13661696038560023,0.08547802792063755,3.8766220200932753,557.3488477180298,0.2577182168024592,2.0190100596117717,0.01001741944388557,0.00017500000000000003,57.24239682220325,0.017469568982340703
uniform,10,19,0.13681347737402735,0.0861277568472312,3.8990163800611377,559.0720707108861,0.24621435921289958,1.976248315617553,0.00974162195932874,0.00017500000000000003,55.66641119616422,0.017964154299009428
uniform,10,20,0.1364632947758373,0.08353616576210154,3.8983677849443814,559.4939895667952,0.25186857880908065,2.0052229291776014,0.009959174347016776,0.00017500000000000003,56.909567697238714,0.017571737766838118
uniform,10,21,0.14683330777488116,0.09016656061727721,3.845266452079304,567.4161938353013,0.2627379449841101,2.070973494536678,0.01037395662098082,0.00017500000000000003,59.2797521198904,0.01686916635510805
uniform,10,22,0.13746167078004637,0.08332498630875078,3.8883206276002586,553.4792461296836,0.2595747420855332,2.0436827017000194,0.010433071860187345,0.00017500000000000003,59.61755348678482,0.016773583307501304
uniform,10,23,0.1425629290617849,0.08394221767291367,3.888975967620936,564.4782608695652,0.25774938383256085,2.025170578759117,0.00992642706362015,0.00017500000000000003,56.72244036354371,0.01762970693064034
uniform,10,24,0.1421664904064058,0.08640655572159986,3.8744238059671994,559.0299138842726,0.2512100697204005,2.0097785769960255,0.010028514410557533,0.00017500000000000003,57.305796631757325,0.017450241664485073
uniform,10,25,0.14113818677160586,0.08289959199149127,3.916897318614258,560.0434387770547,0.24547165774856694,1.9835572676804947,0.010278181788419142,0.00017500000000000003,58.732467362395084,0.017026357735487795
uniform,10,26,0.13629927714434756,0.08192973781295265,3.910100703486413,551.5030181086519,0.24534999296884052,1.9809479757480375,0.009818750152579622,0.00017500000000000003,56.107143729026404,0.017823042371031644
uniform,10,27,0.1390920170627666,0.08444705089965301,3.889575928193194,563.7056672760511,0.254039294377435,1.9875084182945986,0.009824884250092989,0.00017500000000000003,56.14219571481707,0.0178119146796405
uniform,10,28,0.1355030035738727,0.08394258569655379,3.8845332469024405,562.7215420880541,0.25682226140634157,2.029284738309941,0.009951613610275016,0.00017500000000000003,56.866363487285795,0.01758508789160714
uniform,10,29,0.14092884923358498,0.08658644621433012,3.8762306991468134,564.3493479752917,0.24703520341427065,1.969319709544787,0.009757778468214412,0.00017500000000000003,55.75873410408234,0.017934410026837135
uniform,10,30,0.13332828014856363,0.08336264147629364,3.8974938752747055,560.9332979610399,0.24911793673527427,1.9961037449095547,0.009982661546518303,0.00017500000000000003,57.04378026581887,0.0175303949938116
uniform,10,31,0.13788142651624138,0.08614936926115292,3.878065329428748,560.3397440751116,0.25761101773241535,2.0194528506517333,0.010043054413367048,0.00017500000000000003,57.38888236209741,0.017424977780373222
uniform,10,32,0.13571482516426253,0.08565426968569381,3.879172302922362,558.9034816101503,0.2450291508284863,1.9761589396210384,0.009979906550760155,0.00017500000000000003,57.02803743291516,0.017535234334100105
uniform,10,33,0.14809206541490005,0.08912536796593369,3.8595581520523394,560.2973955178679,0.2530472220678348,2.016932297893237,0.010447992141467627,0.00017500000000000003,59.70281223695786,0.016749629749952876
uniform,10,34,0.14349089796542758,0.08431528898001601,3.889631913656867,566.0298301973382,0.2555416140530724,2.010740232177693,0.00974582094219897,0.00017500000000000003,55.69040538399411,0.017956414450655236
uniform,10,35,0.1390055754983579,0.08621460090423695,3.880292978528245,565.2098831436646,0.25126176577759907,2.0047275698097446,0.010012439825233683,0.00017500000000000003,57.21394185847818,0.017478257353313546
uniform,10,36,0.14394338628321915,0.08665459809449758,3.8687753141192296,557.1394263344124,0.254078454192495,2.0067193061025232,0.010268804492142283,0.00017500000000000003,58.67888281224161,0.017041905913576454
uniform,10,37,0.1301135065132932,0.08224389309170495,3.906475051997608,563.7485335567914,0.24954951624386013,1.991379771618639,0.010119580177772486,0.00017500000000000003,57.8261724444142,0.01729320751708505
uniform,10,38,0.1361894024802706,0.0830081329236382,3.9105970745692695,556.2198421645998,0.25753581573371775,2.0221269466805536,0.01002134695745963,0.00017500000000000003,57.26483975691216,0.01746272240077813
uniform,10,39,0.13785944948485315,0.08355677480265482,3.9023654306847018,568.9840073812087,0.24592858279356733,1.9767635023367467,0.009946730813277785,0.00017500000000000003,56.83846179015876,0.01759372031727192
uniform,10,40,0.13475609756097562,0.0826050101791642,3.911963124922933,564.0487804878048,0.2501452616415918,1.9978563463291992,0.009640634053166354,0.00017500000000000003,55.08933744666487,0.018152333034830145
uniform,10,41,0.14145338208409505,0.08378781992669848,3.8995242650730346,563.7056672760511,0.25110763928387314,1.9985183229941923,0.010183190700191275,0.00017500000000000003,58.18966114395013,0.017185183421608016
uniform,10,42,0.1343374875755027,0.08222072058215388,3.9114720183838054,565.8138236868263,0.25291797053068876,1.9972912471292728,0.010160034466024037,0.00017500000000000003,58.05733980585163,0.01722435101821888
uniform,10,43,0.1388763367977105,0.08753788862552331,3.8633026753563278,557.3488477180298,0.2548652757832315,2.0032639276200097,0.009929130609695453,0.00017500000000000003,56.73788919825972,0.017624906638766397
uniform,10,44,0.14939831983652463,0.09269342582904593,3.832406766758474,560.0857488836751,0.2547786605427973,1.9948437765092244,0.01013391797902243,0.00017500000000000003,57.90810273727102,0.017268740516970457
uniform,10,45,0.13443927338237502,0.08335517640549939,3.8979387115262356,555.5113346344393,0.2562909284606576,2.0090372104302032,0.009957419075050915,0.00017500000000000003,56.899537571719506,0.01757483527418024
uniform,10,46,0.12413019079685747,0.0778594040486083,3.941536487477721,553.7272727272727,0.24090067480574362,1.953317972910095,0.009690733486761447,0.00017500000000000003,55.37561992435112,0.018058488579741492
uniform,10,47,0.1368818422046055,0.0832874327923988,3.8963327362542266,558.7349943374859,0.2608935177267995,2.040528408680183,0.010248241772943227,0.00017500000000000003,58.561381559675574,0.017076099869347754
uniform,10,48,0.13871163780006077,0.08257885901121859,3.913080324931987,562.1668185961714,0.24843988759675995,1.9830211041207733,0.01006802560076612,0.00017500000000000003,57.53157486152068,0.01738175953651563
uniform,10,49,0.14111644200746326,0.08524797563301881,3.889653866757683,563.5771076079507,0.2515902436862234,1.985708559767188,0.00933100722278189,0.00017500000000000003,53.320041273039365,0.018754674154868627
