mix_scale,rep,deanon_top1,mean_true_posterior,posterior_entropy,bandwidth_overhead,latency,latency_overhead,sigma_d,sigma_Z,sigma_eps,sigma_noise,eta,inv_eta
0.0001,0,0.8777292576419214,0.8427046296655093,0.36358279217735684,566.938864628821,0.2504198007809464,1.996603715033563,0.031121182208483183,0.00017500000000000003,0.0,0.00017500000000000003,177.83532690561816,0.0056231796988835975
0.0001,1,0.9108888554669875,0.8848194097980104,0.2613537385037784,556.512107083772,0.24087515790597536,1.9736970519045827,0.031458197152078406,0.00017500000000000003,0.0,0.00017500000000000003,179.76112658330516,0.0055629379889126284
0.0001,2,0.9135229692728932,0.8890685368426514,0.25412514650839296,562.849710982659,0.28044809828861617,2.1046595420777106,0.028270555821084217,0.00017500000000000003,0.0,0.00017500000000000003,161.54603326333836,0.0061901860404698795
0.0001,3,0.8922972051806408,0.865141506120619,0.30575080142543065,560.5092024539878,0.2422820421634242,1.9563914618072038,0.03129476280730564,0.00017500000000000003,0.0,0.00017500000000000003,178.8272160417465,0.005591989978564303
0.0001,4,0.9043186326873188,0.8805304179382306,0.2683374486185558,564.6502365328857,0.30045514565426856,2.1766580785566347,0.03129399131946792,0.00017500000000000003,0.0,0.00017500000000000003,178.82280753981664,0.005592127837369627
0.0001,5,0.8984655317199787,0.8750840823390604,0.27566463156511584,564.9514466753187,0.25533915497362614,2.0056231246002785,0.03212065693657727,0.00017500000000000003,0.0,0.00017500000000000003,183.5466110661558,0.005448207374635587
0.0001,6,0.8784708868548573,0.840702479350376,0.37051327647383603,569.2024459656949,0.2428303232009057,1.976529174392771,0.030705292353487446,0.00017500000000000003,0.0,0.00017500000000000003,175.45881344849965,0.0056993432267426
0.0001,7,0.8771607771148845,0.840961028885438,0.36812877252903714,566.0298301973382,0.2457309782039374,1.9917759231661893,0.034216703281571455,0.00017500000000000003,0.0,0.00017500000000000003,195.52401875183685,0.005114461161261322
0.0001,8,0.9118137700940249,0.8850116605724563,0.2644948442829912,561.1455868971792,0.24591489825979806,1.975197273258857,0.03071216280428331,0.00017500000000000003,0.0,0.00017500000000000003,175.4980731673332,0.005698068257686932
0.0001,9,0.9121580079926221,0.8891004600068365,0.25040654863396433,568.7221026744544,0.2655245466157794,2.0602256904947502,0.030723183781839834,0.00017500000000000003,0.0,0.00017500000000000003,175.56105018194188,0.005696024254603482
0.0001,10,0.8951802656546489,0.8651844544698885,0.3066440069419797,561.6982922201139,0.24785129283554852,1.9889806110069022,0.029560785446364597,0.00017500000000000003,0.0,0.00017500000000000003,168.91877397922624,0.005920005079618804
0.0001,11,0.8701912089586349,0.8326002415128345,0.3875732023861248,563.7485335567914,0.2289629163860809,1.9095061975914926,0.030816662745428734,0.00017500000000000003,0.0,0.00017500000000000003,176.09521568816416,0.005678745990299001
0.0001,12,0.8950528155634927,0.8622386110093168,0.3189399725376716,562.3800440762976,0.2180187666672282,1.8537322521197641,0.030576917557061958,0.00017500000000000003,0.0,0.00017500000000000003,174.72524318321115,0.005723271473438058
0.0001,13,0.888335220838052,0.8579895199614942,0.3246407081746761,558.7349943374859,0.2390262909757439,1.9602770526008242,0.03137303749295779,0.00017500000000000003,0.0,0.00017500000000000003,179.2744999597588,0.005578038149454981
0.0001,14,0.874735089312746,0.8431163279901774,0.3613757559226227,560.1280653950954,0.22030667815124616,1.8806125950897965,0.031284893342783344,0.00017500000000000003,0.0,0.00017500000000000003,178.77081910161908,0.005593754087078204
0.0001,15,0.8910144043899093,0.8595075645545386,0.3214838127941491,564.0058684551483,0.25000318957609124,1.9776701337978273,0.03163028511474909,0.00017500000000000003,0.0,0.00017500000000000003,180.7444863699948,0.005532672227427951
0.0001,16,0.9067573836400186,0.8800403514495027,0.27651614556818677,572.1458172259162,0.2444635632855352,1.969435776271574,0.032715256359032635,0.00017500000000000003,0.0,0.00017500000000000003,186.94432205161502,0.005349186265865307
0.0001,17,0.8946799474944019,0.8668211452475046,0.30499682353718216,571.3961084086171,0.24665634636767209,1.9833405812468317,0.03019140217548566,0.00017500000000000003,0.0,0.00017500000000000003,172.5222981456323,0.005796352186056923
0.0001,18,0.9155252888514807,0.8931742359344347,0.2421079218242396,566.2460019894406,0.2564531955285929,2.0327001905147686,0.030280689821197963,0.00017500000000000003,0.0,0.00017500000000000003,173.03251326398833,0.005779260678450313
0.0001,19,0.9170653907496013,0.8963811261811918,0.2339708245619944,562.038961038961,0.2677026880264748,2.0573505057807435,0.031027475055296468,0.00017500000000000003,0.0,0.00017500000000000003,177.29985745883693,0.005640162458856834
0.0001,20,0.9178743961352657,0.8933150735606644,0.24372416593185445,567.4596273291926,0.24230722460197285,1.960808557451482,0.032236361877650145,0.00017500000000000003,0.0,0.00017500000000000003,184.2077821580008,0.005428652298426071
0.0001,21,0.890961262553802,0.8600856584805752,0.3197394854279764,558.8192252510761,0.22325806779554114,1.879624344120666,0.03396288927628865,0.00017500000000000003,0.0,0.00017500000000000003,194.07365300736367,0.005152682935081648
0.0001,22,0.8942903003898188,0.8659897282501458,0.3119768759884001,565.641137353818,0.25809919225866906,2.0003074309859405,0.02943013424031541,0.00017500000000000003,0.0,0.00017500000000000003,168.17219565894518,0.005946286162713898
0.0001,23,0.8998931786967801,0.8694680143108239,0.29702611687210334,564.6502365328857,0.26278566403198056,2.0420770913632347,0.033343370465324644,0.00017500000000000003,0.0,0.00017500000000000003,190.5335455161408,0.005248419627583566
0.0001,24,0.8998041519780651,0.8761462888402969,0.2795850198784164,579.7074030552292,0.29464710867614485,2.181673521991857,0.030976975443665445,0.00017500000000000003,0.0,0.00017500000000000003,177.0112882495168,0.005649357223988961
0.0001,25,0.9165210786175465,0.893477420294879,0.24141001787368066,562.1241929358147,0.260145985026611,2.028772883808946,0.03239608146807453,0.00017500000000000003,0.0,0.00017500000000000003,185.12046553185442,0.005401887884880702
0.0001,26,0.8959741625356767,0.8667810136974137,0.30058699667427596,555.8445245606129,0.24267165004857816,1.9721477611041285,0.03001588622669415,0.00017500000000000003,0.0,0.00017500000000000003,171.5193498668237,0.005830245979689467
0.0001,27,0.8972126765941199,0.8649281242984815,0.3072107853126577,565.1237113402062,0.24619076267117634,1.9686227482734056,0.029567171313125862,0.00017500000000000003,0.0,0.00017500000000000003,168.95526464643348,0.0059187264871128084
0.0001,28,0.8953153426318982,0.868300255383356,0.30010201338898446,560.9757428744693,0.23852240617270581,1.9383875073832844,0.03188170504254103,0.00017500000000000003,0.0,0.00017500000000000003,182.181171671663,0.0054890414350954745
0.0001,29,0.8889224724195255,0.8605788821733765,0.31894279972023276,559.1985794166541,0.25123432782129385,1.9996956891574693,0.030961378618490305,0.00017500000000000003,0.0,0.00017500000000000003,176.9221635342303,0.005652203093291494
0.0001,30,0.9082779179087366,0.8814999591852315,0.26914028685474156,565.641137353818,0.24612862593494356,1.9786981867523095,0.030805635284124736,0.00017500000000000003,0.0,0.00017500000000000003,176.0322016235699,0.005680778805109852
0.0001,31,0.8932854632953938,0.8610813907904616,0.31887573135953845,565.2960812772134,0.2523764176003169,2.015088459878661,0.03159568143951303,0.00017500000000000003,0.0,0.00017500000000000003,180.54675108293156,0.005538731624922258
0.0001,32,0.9148968562076578,0.8935419555633648,0.23800567403462528,563.3201644211007,0.26997953082900494,2.072089280797968,0.030530965508348384,0.00017500000000000003,0.0,0.00017500000000000003,174.46266004770501,0.005731885549186057
0.0001,33,0.8876685350704439,0.8595529192736338,0.31629798781501534,560.5515830934706,0.23717084480449557,1.9598860713818615,0.031009173701401507,0.00017500000000000003,0.0,0.00017500000000000003,177.19527829372288,0.0056434912353724095
0.0001,34,0.8907232109049602,0.8666782233735173,0.3020663780133337,560.4244604316547,0.2430320080020465,1.9599520033429103,0.03221785394174672,0.00017500000000000003,0.0,0.00017500000000000003,184.10202252426694,0.005431770853403783
0.0001,35,0.899336536261725,0.8698809081002088,0.2942407605679878,564.3493479752917,0.2581628708576318,2.014956823388671,0.030999116890259387,0.00017500000000000003,0.0,0.00017500000000000003,177.13781080148217,0.005645322110933712
0.0001,36,0.9130968831567634,0.882967091898578,0.2640379742819821,568.1119299861815,0.2433952511055395,1.9658488735660473,0.03221583044000441,0.00017500000000000003,0.0,0.00017500000000000003,184.09045965716803,0.005432112027219127
0.0001,37,0.871690895179801,0.8406333939659411,0.36372507385214936,566.2027543993879,0.2569083116541151,2.015811050643861,0.030456911210983446,0.00017500000000000003,0.0,0.00017500000000000003,174.0394926341911,0.005745822312306282
0.0001,38,0.9101442602823818,0.8853444423278143,0.26034595063668425,567.8508287292817,0.26896280888468027,2.0539856571520843,0.033117832575106886,0.00017500000000000003,0.0,0.00017500000000000003,189.2447575720393,0.005284162229008286
0.0001,39,0.890753112663225,0.8644392886822557,0.3065171636613777,561.8259945338597,0.24167159976786934,1.9655731369070542,0.0303337992377403,0.00017500000000000003,0.0,0.00017500000000000003,173.33599564423028,0.0057691421581728825
0.0001,40,0.9024280237540404,0.8737409636408511,0.28723993087468863,556.3033150417199,0.23952903650933877,1.9524293742672632,0.03167221134131593,0.00017500000000000003,0.0,0.00017500000000000003,180.9840648075196,0.005525348328669274
0.0001,41,0.9165464348090212,0.892510688012174,0.24592229359520915,561.953755030754,0.2617614628979936,2.0364420798281664,0.0318855967119964,0.00017500000000000003,0.0,0.00017500000000000003,182.20340978283656,0.005488371492014741
0.0001,42,0.8980206216602694,0.8676931283282573,0.30360723958070257,556.9720027094152,0.2441587034263648,1.9683796112579004,0.03070034333982738,0.00017500000000000003,0.0,0.00017500000000000003,175.43053337044213,0.00570026198283501
0.0001,43,0.8811797320190975,0.8522712191470616,0.33861467928989936,569.8587709841368,0.229179922665935,1.9053371898514229,0.03013299529071179,0.00017500000000000003,0.0,0.00017500000000000003,172.18854451835307,0.005807587274735416
0.0001,44,0.8632530578135683,0.8282174220118537,0.3950374296720953,562.2094507331155,0.24793671019142494,1.9765590471528465,0.030947965740692744,0.00017500000000000003,0.0,0.00017500000000000003,176.84551851824423,0.005654652763489934
0.0001,45,0.886772243898707,0.8558796493350805,0.32645099452000026,566.1595134266697,0.24887653067708015,1.9923217516783496,0.03379816826058822,0.00017500000000000003,0.0,0.00017500000000000003,193.1323900605041,0.005177795395618115
0.0001,46,0.9109803337306317,0.8860819922957998,0.2598041439158797,551.2979737783076,0.2548775981995277,2.035870480970832,0.03230182530736899,0.00017500000000000003,0.0,0.00017500000000000003,184.58185889925136,0.005417650499152362
0.0001,47,0.9427019583843329,0.9240064914712343,0.17209859798509067,566.1162790697674,0.2866933840268757,2.144268921580185,0.030707612360648846,0.00017500000000000003,0.0,0.00017500000000000003,175.4720706322791,0.005698912632629778
0.0001,48,0.897021019204597,0.8649766028731117,0.3092335572880816,559.5362165431725,0.24113680791924708,1.959756507828126,0.029423509281867443,0.00017500000000000003,0.0,0.00017500000000000003,168.13433875352823,0.005947625020644484
0.0001,49,0.8746720635634511,0.840537088765728,0.3691030383605397,554.7216100742073,0.2458778394793626,1.9666650325877901,0.030334903145111634,0.00017500000000000003,0.0,0.00017500000000000003,173.34230368635218,0.005768932215239352
0.0002,0,0.8197861362446721,0.775900640984698,0.5280688464750048,553.3966200553353,0.25722873682389036,2.02198213687843,0.032745906438709435,0.00035000000000000005,0.0,0.00035000000000000005,93.55973268202695,0.010688358884036256
0.0002,1,0.810247403787416,0.7611825297193995,0.5712404536209056,565.0806353084912,0.2743886413227301,2.080745977952105,0.03196474327564638,0.00035000000000000005,0.0,0.00035000000000000005,91.32783793041821,0.010949563929914669
0.0002,2,0.8680657356685441,0.8322914770749095,0.38720881738666985,570.9560219118895,0.27856296009849757,2.104598088172881,0.031581327518791315,0.00035000000000000005,0.0,0.00035000000000000005,90.23236433940374,0.011082498029626695
0.0002,3,0.8587063920346584,0.8200692401259411,0.4197206260740098,562.4653796458159,0.28318823827430606,2.131280391489512,0.03050767867046018,0.00035000000000000005,0.0,0.00035000000000000005,87.16479620131479,0.011472521517636681
0.0002,4,0.8179952883957747,0.7687868054285862,0.5476844135517588,562.3800440762976,0.26138604679726996,2.0535999774330858,0.03152830973366478,0.00035000000000000005,0.0,0.00035000000000000005,90.08088495332792,0.011101134280797896
0.0002,5,0.7924412352127823,0.7403935452917609,0.6143832480673062,568.4604393916117,0.23963133461074904,1.9657925100296918,0.030447083909853977,0.00035000000000000005,0.0,0.00035000000000000005,86.99166831386849,0.011495353743440932
0.0002,6,0.7748268777109809,0.7414741515398681,0.5999000795886192,563.1489993151206,0.28427403650130145,2.1275507129828073,0.03170514955811085,0.00035000000000000005,0.0,0.00035000000000000005,90.58614159460242,0.011039216180277018
0.0002,7,0.7843820137760236,0.7344486588725152,0.6367911588955314,572.7204550731368,0.2315411653544288,1.9138522601182797,0.0325170253004814,0.00035000000000000005,0.0,0.00035000000000000005,92.90578657280399,0.010763592203337814
0.0002,8,0.8518855065879146,0.8157424828019856,0.427425216035984,560.3820990458883,0.2841232654172927,2.1376939195533806,0.0325924303054926,0.00035000000000000005,0.0,0.00035000000000000005,93.12122944426456,0.010738689834400496
0.0002,9,0.8619400137373121,0.8250323576617246,0.4028301644298521,564.7792871861406,0.2870194692222867,2.148667763922006,0.029895005321872052,0.00035000000000000005,0.0,0.00035000000000000005,85.41430091963443,0.011707641334451608
0.0002,10,0.8172075471698114,0.7711123693824128,0.5410361066348511,558.5245283018868,0.2381600519292988,1.9522695473485356,0.03163180107471095,0.00035000000000000005,0.0,0.00035000000000000005,90.37657449917413,0.011064814146160609
0.0002,11,0.7797541797083747,0.7274982201216249,0.6510646857122147,564.9514466753187,0.20541846388368867,1.8295419049129316,0.031000566897961365,0.00035000000000000005,0.0,0.00035000000000000005,88.5730482798896,0.011290116117941588
0.0002,12,0.78526395746297,0.7316346571933479,0.6404279881061066,562.1241929358147,0.2579879970580805,2.027873662197529,0.029937854894067063,0.00035000000000000005,0.0,0.00035000000000000005,85.53672826876303,0.011690884374930995
0.0002,13,0.8384498480243161,0.7983851257666099,0.4666748949479988,562.3373860182371,0.26098116690991446,2.0463515024172185,0.030085002156619925,0.00035000000000000005,0.0,0.00035000000000000005,85.95714901891405,0.011633703669952564
0.0002,14,0.8255709134615384,0.7777067940520044,0.5286497969040826,555.9278846153846,0.26794442170648836,2.079276218305669,0.032506400292641575,0.00035000000000000005,0.0,0.00035000000000000005,92.87542940754734,0.010767110379774318
0.0002,15,0.8178522881739918,0.7687274166239992,0.5461213510508179,558.861350249207,0.24076611932832748,1.9586725872137811,0.0335407849480004,0.00035000000000000005,0.0,0.00035000000000000005,95.83081413714397,0.010435056917797805
0.0002,16,0.8681502934227574,0.8325678214093006,0.39219559222608286,564.0058684551483,0.3135643621208146,2.226656183923075,0.029113895854514932,0.00035000000000000005,0.0,0.00035000000000000005,83.18255958432836,0.012021750773204153
0.0002,17,0.8175685917841443,0.7722906323517652,0.5352824232466732,560.8908594815825,0.238419828529004,1.9395557029020192,0.029694994640221295,0.00035000000000000005,0.0,0.00035000000000000005,84.84284182920369,0.011786498170500823
0.0002,18,0.7806036463919105,0.7294935293747838,0.6422239613853715,566.8955109544967,0.21983942249789834,1.8789459439390783,0.02891527000975031,0.00035000000000000005,0.0,0.00035000000000000005,82.61505717071516,0.012104331029313544
0.0002,19,0.8442455048934072,0.8081588552702317,0.4406487939504485,561.4430619831576,0.2911803152237553,2.161075238601878,0.03135307991215444,0.00035000000000000005,0.0,0.00035000000000000005,89.58022832044125,0.011163177620209422
0.0002,20,0.8400970947432299,0.7964045153712832,0.47148510482342476,561.3580368656603,0.27275988258770667,2.088251870853804,0.03249664502510863,0.00035000000000000005,0.0,0.00035000000000000005,92.84755721459607,0.01077034259166051
0.0002,21,0.8284841542573501,0.7883113518286576,0.49239010639184283,565.1237113402062,0.24986328388331458,1.9977582463255548,0.028303725132426204,0.00035000000000000005,0.0,0.00035000000000000005,80.86778609264628,0.012365863445975246
0.0002,22,0.7641669233138282,0.707359387062495,0.704575328364642,569.7711733908222,0.2588515500538051,2.0307553004583703,0.02950313279433702,0.00035000000000000005,0.0,0.00035000000000000005,84.29466512667719,0.011863146955945668
0.0002,23,0.82170245398773,0.7788246598753937,0.5102652381849626,567.5030674846626,0.29674219273147173,2.189460238930991,0.030576074179927106,0.00035000000000000005,0.0,0.00035000000000000005,87.36021194264886,0.011446858675852233
0.0002,24,0.7550958320657134,0.6958339822039161,0.7439732803562369,562.849710982659,0.2498696779657621,1.9979755829827148,0.033978063857111405,0.00035000000000000005,0.0,0.00035000000000000005,97.08018244888972,0.010300763500588547
0.0002,25,0.8003241741278172,0.7496256117629035,0.5946790385675143,571.1759802408151,0.2603958891122602,2.0368932579507204,0.030136430593641468,0.00035000000000000005,0.0,0.00035000000000000005,86.10408741040418,0.011613850515988018
0.0002,26,0.7773886562618957,0.7205343000441262,0.668342417547834,563.4057860677578,0.23257165442919359,1.906209497155582,0.03039614713723743,0.00035000000000000005,0.0,0.00035000000000000005,86.84613467782123,0.01151461724473709
0.0002,27,0.8677692249066382,0.8304068783849786,0.3909578282130812,564.0058684551483,0.29073880636133254,2.1468599938878654,0.03257864357916319,0.00035000000000000005,0.0,0.00035000000000000005,93.0818387976091,0.010743234264788569
0.0002,28,0.8352968001824124,0.7933251266202138,0.48032243151475085,562.4653796458159,0.26653527485905215,2.058507109990984,0.029932607555949856,0.00035000000000000005,0.0,0.00035000000000000005,85.52173587414244,0.011692933846334038
0.0002,29,0.758663081060315,0.7011735758102337,0.7078863142035693,568.5912408759124,0.2456886308209505,1.9810113300776044,0.03140465473528643,0.00035000000000000005,0.0,0.00035000000000000005,89.72758495796123,0.011144844703761007
0.0002,30,0.8242503661450705,0.7796508883627522,0.5162216838363054,570.4288136899714,0.2547830111288931,2.0196087993301015,0.032365699474377285,0.00035000000000000005,0.0,0.00035000000000000005,92.47342706964938,0.010813917378089788
0.0002,31,0.8333082367113387,0.7935701682046913,0.4804089965090689,557.1812979972896,0.2501215638476424,2.0099582093567028,0.031059252570932092,0.00035000000000000005,0.0,0.00035000000000000005,88.74072163123454,0.011268783728799707
0.0002,32,0.8455948456697633,0.8067021004100253,0.45550832145805287,554.431225651783,0.28087893791962415,2.109643443102951,0.03228065654376766,0.00035000000000000005,0.0,0.00035000000000000005,92.23044726790759,0.010842406489640423
0.0002,33,0.83027803238619,0.7933359642512224,0.4814049225355645,565.2529789184234,0.2555633787123952,2.016556132253367,0.03299979715699786,0.00035000000000000005,0.0,0.00035000000000000005,94.28513473427958,0.010606125799345403
0.0002,34,0.8366385533014209,0.7906113211554658,0.49253673337354237,562.2947344426715,0.23881520191207528,1.945010871789811,0.030708867566395976,0.00035000000000000005,0.0,0.00035000000000000005,87.7396216182742,0.011397359386283498
0.0002,35,0.7964094440672852,0.7467649837239843,0.5976375218313708,558.2301425661915,0.22534847576753236,1.903883114678181,0.02934656990146199,0.00035000000000000005,0.0,0.00035000000000000005,83.84734257560568,0.011926436417448696
0.0002,36,0.7791115528710146,0.7259409109134904,0.6521946489202955,565.8138236868263,0.22936306285555474,1.9191629148165528,0.03304358482675819,0.00035000000000000005,0.0,0.00035000000000000005,94.41024236216624,0.010592071103513423
0.0002,37,0.8575911536162583,0.8243635635077787,0.40558719233427176,552.9426180514047,0.29186541060335003,2.1361793413328867,0.029961815426953996,0.00035000000000000005,0.0,0.00035000000000000005,85.60518693415426,0.011681535147737943
0.0002,38,0.7806160781367393,0.729968726242104,0.6434207955390092,556.0112697220135,0.21417433200986125,1.8563037369189561,0.02836619749565729,0.00035000000000000005,0.0,0.00035000000000000005,81.04627855902082,0.01233862945689436
0.0002,39,0.8043345075815592,0.7531779699709754,0.5878995628883571,566.7221626589064,0.21412481911829673,1.864487715604427,0.030278802766977357,0.00035000000000000005,0.0,0.00035000000000000005,86.51086504850672,0.011559241714197392
0.0002,40,0.8290656393987461,0.7859295608910424,0.49508896007272046,558.9877634262407,0.2585991778760217,2.0225200913643944,0.02955478085364265,0.00035000000000000005,0.0,0.00035000000000000005,84.44223101040755,0.01184241567322812
0.0002,41,0.7723602011275331,0.7194528209846469,0.6713759461084011,563.7914063690386,0.25295378363807686,1.9942526995869247,0.029402808068892148,0.00035000000000000005,0.0,0.00035000000000000005,84.00802305397755,0.011903624959219329
0.0002,42,0.8117042491179629,0.7644700555954531,0.5589696647104735,567.5899677864703,0.2302222063881345,1.8945728589047706,0.03212100950549144,0.00035000000000000005,0.0,0.00035000000000000005,91.77431287283267,0.010896295147266892
0.0002,43,0.8518092609628948,0.8093421033880894,0.4503780616964448,567.329346826127,0.2594202145410236,2.018424323131252,0.030185171320734817,0.00035000000000000005,0.0,0.00035000000000000005,86.2433466306709,0.011595097350319753
0.0002,44,0.8268830008931229,0.7838087596995326,0.5092067200997596,550.8064900267937,0.25293795598554425,2.0114196157826894,0.031120520991301887,0.00035000000000000005,0.0,0.00035000000000000005,88.91577426086252,0.011246598348974434
0.0002,45,0.8273462905543372,0.7821067117896424,0.5090158963811371,559.6629357936928,0.257631942658918,2.0212825875401155,0.03112214295682191,0.00035000000000000005,0.0,0.00035000000000000005,88.92040844806259,0.011246012219839148
0.0002,46,0.8704835181413593,0.8354810611018362,0.3818812094885476,558.2301425661915,0.27609082037815824,2.0908656602339066,0.03352508196407467,0.00035000000000000005,0.0,0.00035000000000000005,95.78594846878477,0.010439944647266141
0.0002,47,0.8089468068891937,0.7552657250597538,0.584115497475159,563.9629629629629,0.2390600475773681,1.9373752037595742,0.031469274882730484,0.00035000000000000005,0.0,0.00035000000000000005,89.91221395065851,0.01112195947648196
0.0002,48,0.8540511398644486,0.8149768435892882,0.42792448221566354,569.9463955637708,0.2657648273452651,2.0347207412921344,0.031223167966681273,0.00035000000000000005,0.0,0.00035000000000000005,89.20905133337506,0.011209624864891687
0.0002,49,0.8132863990413421,0.7649484531977486,0.555986395551068,554.2654284002397,0.2892267570423428,2.148114255642782,0.03073065880014929,0.00035000000000000005,0.0,0.00035000000000000005,87.80188228614082,0.01138927747290272
0.0003,0,0.7396803756721957,0.6830311628525639,0.7652926982702551,560.5092024539878,0.23751114486367442,1.9437610785502772,0.02951739450855586,0.000525,0.0,0.000525,56.22360858772545,0.01778612268260413
0.0003,1,0.7208739699100325,0.6558998283446519,0.8438554726264975,559.4939895667952,0.257080095121637,2.0134147917275023,0.03241231561179083,0.000525,0.0,0.000525,61.73774402245873,0.016197546830286246
0.0003,2,0.7998500749625187,0.754310659919903,0.5792293436297528,554.7631184407796,0.2880826845939737,2.139845181957492,0.03232762264371618,0.000525,0.0,0.000525,61.57642408326891,0.01623998169571709
0.0003,3,0.7635782747603834,0.7076779324182021,0.7002426714917808,562.9351894112277,0.24368352169403806,1.9483223153631273,0.031128312172835845,0.000525,0.0,0.000525,59.292023186353994,0.01686567511547066
0.0003,4,0.7061582690270842,0.64422983369486,0.8795600604039545,559.8742623694961,0.21752473467495292,1.8697324526691181,0.029814310690172187,0.000525,0.0,0.000525,56.789163219375595,0.017608993394338576
0.0003,5,0.8046229632436529,0.7587423364655992,0.5737376750856709,560.8484274346343,0.2731164354190696,2.0889342811978864,0.02970469379924294,0.000525,0.0,0.000525,56.580369141415126,0.017673974475151136
0.0003,6,0.7301756253326237,0.6683165729932641,0.8171368828520595,562.6361286398541,0.23109120180015452,1.9268288458687306,0.030846799123442896,0.000525,0.0,0.000525,58.75580785417695,0.017019594088159746
0.0003,7,0.7547961630695443,0.7042869372154053,0.7137215251536166,554.5971223021583,0.2496568396454677,1.9907233568534153,0.03079277292605136,0.000525,0.0,0.000525,58.6529008115264,0.017049455119251
0.0003,8,0.7158119658119658,0.6505696027213191,0.8674015030786034,564.7362637362637,0.23505898169241846,1.9349342388334643,0.031862042067192446,0.000525,0.0,0.000525,60.689603937509425,0.01647728663758747
0.0003,9,0.7733434305187429,0.7195269780912456,0.6776335798869166,560.4244604316547,0.2797128411475569,2.1236594347158033,0.0324371601929048,0.000525,0.0,0.000525,61.785067034104394,0.016185140649730388
0.0003,10,0.7572904707233066,0.7014586696317917,0.7159993014631293,566.4190585533869,0.27000226522795856,2.082168939193813,0.031510323454994896,0.000525,0.0,0.000525,60.0196637237998,0.016661206310682252
0.0003,11,0.7297155295353899,0.6643227560695348,0.8331512209905849,555.469714028372,0.24845610151533037,1.9909923341696276,0.029557495976936445,0.000525,0.0,0.000525,56.299992337021806,0.017761991760386422
0.0003,12,0.7524135309768148,0.6907229903002273,0.7556235756092764,562.5507411630558,0.2627329502720386,2.043358609982059,0.03070552040592611,0.000525,0.0,0.000525,58.48670553509735,0.017097902691747765
0.0003,13,0.7710696612105062,0.7165311741119175,0.6788992359994567,563.4057860677578,0.3228392933087889,2.275567985529474,0.031703925682392234,0.000525,0.0,0.000525,60.38842987122331,0.01655946349544893
0.0003,14,0.74060382008626,0.6790092369099916,0.7786327249916208,569.9463955637708,0.2589762706775218,2.027510708688091,0.030258738590080745,0.000525,0.0,0.000525,57.635692552534756,0.017350359746063658
0.0003,15,0.6997022218828739,0.6328125441250434,0.9054856798163559,565.037565854776,0.21527502822573297,1.8528860017844306,0.0316363581263063,0.000525,0.0,0.000525,60.25972976439296,0.01659483047650328
0.0003,16,0.7247931351517009,0.6673703537697429,0.8152997735761118,566.9822249463683,0.25426251848693937,2.0089480961739863,0.029919379884863935,0.000525,0.0,0.000525,56.989295018788454,0.017547155122208762
0.0003,17,0.6933930061442767,0.6365897096718303,0.8915392006365405,561.3580368656603,0.27274166358984075,2.0750966070764703,0.032109129953776655,0.000525,0.0,0.000525,61.16024753100316,0.016350489744062648
0.0003,18,0.7767153675514419,0.7255596376523543,0.6556667090926093,566.0730513271628,0.25249008351238444,1.9984615555093665,0.03181311036078658,0.000525,0.0,0.000525,60.59640068721254,0.016502630332151505
0.0003,19,0.8299519086263901,0.7876645646594576,0.4954429460034564,556.0946798917944,0.29471544941770844,2.170131262772042,0.030340965567172504,0.000525,0.0,0.000525,57.79231536604287,0.017303338578256233
0.0003,20,0.7478464560979295,0.6890594035414963,0.7528349739516262,559.1985794166541,0.22696760366670787,1.899049535522142,0.031619733396480096,0.000525,0.0,0.000525,60.22806361234304,0.016603555552383086
0.0003,21,0.7625018999848001,0.7019358910768067,0.7172809962083461,562.4227086183311,0.23955380666302517,1.9441465515261371,0.031669455279584716,0.000525,0.0,0.000525,60.322771961113745,0.01657748753065652
0.0003,22,0.7440218629013892,0.6847763929416872,0.7649995659008976,561.7834206331132,0.2288862221466843,1.913650084365711,0.029863876670271714,0.000525,0.0,0.000525,56.883574610041364,0.01757976721497167
0.0003,23,0.7423411065386374,0.6792645277828637,0.7800745293700867,563.9629629629629,0.24083466036245227,1.976204286444744,0.029119753575308195,0.000525,0.0,0.000525,55.46619728630133,0.018028998722199645
0.0003,24,0.7622944665515429,0.7059859830843942,0.7033671210258319,555.6362339514978,0.24576106207678095,1.9977670823218472,0.03405925701219133,0.000525,0.0,0.000525,64.87477526131681,0.015414311586775926
0.0003,25,0.7580474535287894,0.6969752055173208,0.7306786931474942,559.1985794166541,0.2576101181912236,2.055857235954167,0.030130516970278545,0.000525,0.0,0.000525,57.39146089576866,0.017424194895755436
0.0003,26,0.7610299653666617,0.7004934913364511,0.7327038817952453,557.1812979972896,0.21893536834977567,1.8716983388442474,0.034327348132641856,0.000525,0.0,0.000525,65.38542501455592,0.015293928268836408
0.0003,27,0.8232439926062847,0.7791572633369104,0.5234966058265501,569.9463955637708,0.28938231625943445,2.1585600286851125,0.03290262823366518,0.000525,0.0,0.000525,62.67167282602892,0.01595617214137418
0.0003,28,0.7518010161522711,0.694976104227591,0.7385565701275979,561.1880640024266,0.23856957102543674,1.9456720093168065,0.03127624675978873,0.000525,0.0,0.000525,59.57380335197854,0.016785901583145916
0.0003,29,0.735742012541057,0.6733013031375746,0.7976632644871036,552.4481934905942,0.2712953799345996,2.0712337491083384,0.0297442570788409,0.000525,0.0,0.000525,56.65572776922076,0.017650466058319134
0.0003,30,0.7438371654730493,0.6859457262762677,0.7627920041265687,557.894082171127,0.2600284732179716,2.0275242713536796,0.03034968714909246,0.000525,0.0,0.000525,57.808927903033265,0.017298366122225378
0.0003,31,0.7087025675982731,0.647782773431323,0.8607885892931127,560.5092024539878,0.24547760069253854,1.9796541412248745,0.030380321064344292,0.000525,0.0,0.000525,57.867278217798656,0.01728092336114787
0.0003,32,0.713133465225993,0.6470685035211444,0.8780590638874293,563.1062243189773,0.22472610240220092,1.8872508087625532,0.031788285682374316,0.000525,0.0,0.000525,60.549115585474894,0.01651551786232679
0.0003,33,0.7332780333308196,0.6705562980808731,0.8122536749852408,558.0620616846392,0.2427220335812308,1.9640348150603075,0.03256082844197756,0.000525,0.0,0.000525,62.02062560376678,0.016123668380721164
0.0003,34,0.8254982504183782,0.7838632089224176,0.5099316695033499,562.9351894112277,0.27387098109466024,2.0953706473929388,0.0308217623604147,0.000525,0.0,0.000525,58.70811878174229,0.017033419239980675
0.0003,35,0.7149593124952468,0.6563106757214671,0.8398434729428987,562.8069815195072,0.24703214765759185,1.9920694170840316,0.02999092175932959,0.000525,0.0,0.000525,57.12556525586589,0.017505297243379413
0.0003,36,0.7729338365554956,0.7166548728021349,0.678316364089825,569.990217977355,0.2695773408340756,2.068760811118702,0.03157251818803513,0.000525,0.0,0.000525,60.13812988197168,0.016628385384823578
0.0003,37,0.7033944596176356,0.637387756911592,0.9010191867052044,577.4494732735076,0.22859322975273244,1.9124057355310224,0.0306007069692445,0.000525,0.0,0.000525,58.28706089379905,0.017156466369474918
0.0003,38,0.7370788229913097,0.6777638364587585,0.789778553289008,564.1346241805153,0.23719279482611455,1.9377889136214446,0.030429029494671092,0.000525,0.0,0.000525,57.96005618032589,0.017253261399346995
0.0003,39,0.7995419847328245,0.7526259113363949,0.5840592150431462,564.9083969465648,0.2730652160826139,2.0960712395224226,0.028242852167657168,0.000525,0.0,0.000525,53.795908890775564,0.018588774139504705
0.0003,40,0.6944805940442471,0.610639457977047,0.9760459957710227,566.5056265788869,0.22446140262763947,1.8849135231351843,0.031073412437278597,0.000525,0.0,0.000525,59.187452261483045,0.016895472972584126
0.0003,41,0.7961054705258372,0.7441556675210385,0.6067669810940326,560.7211698742234,0.2590094484621659,2.0277872941527404,0.0325886875014631,0.000525,0.0,0.000525,62.07369047897733,0.016109884756065417
0.0003,42,0.7686914107156467,0.7118771395838435,0.6993992549384498,564.0058684551483,0.24789666969445534,1.9805211039213795,0.029895098524554263,0.000525,0.0,0.000525,56.94304480867479,0.017561407251051292
0.0003,43,0.7692016933776837,0.7164295879946109,0.6893808069228241,559.4517689749017,0.22663471172563732,1.8855002089780863,0.03588708371227073,0.000525,0.0,0.000525,68.35634992813472,0.014629218807782054
0.0003,44,0.8233108364298173,0.7770786310714062,0.5173021589151101,561.1880640024266,0.3100965029152576,2.2272431972652793,0.028846163086315397,0.000525,0.0,0.000525,54.94507254536266,0.01819999417007594
0.0003,45,0.7354091456077015,0.6679511642671447,0.8179428199628518,556.5956678700361,0.23903602216159925,1.9591277062206167,0.030149279136487028,0.000525,0.0,0.000525,57.42719835521339,0.01741335166334503
0.0003,46,0.7790900143841321,0.7258515974427887,0.6512922426277142,560.2550533727004,0.2790752968576271,2.1053510405016143,0.03153418885112639,0.000525,0.0,0.000525,60.06512162119313,0.016648596939611692
0.0003,47,0.7111973814417295,0.6473215352376079,0.8719249418881919,563.3201644211007,0.26382238874793984,2.046765305896955,0.028958503925753797,0.000525,0.0,0.000525,55.1590550966739,0.018129389603345474
0.0003,48,0.7808028463144868,0.7274092912920075,0.6478188726485326,572.3666950266842,0.25655840410036035,1.99763070926612,0.030865472539225183,0.000525,0.0,0.000525,58.79137626519083,0.01700929734131908
0.0003,49,0.780960404380792,0.7237462742789151,0.6674703669200684,566.7654897755993,0.2681620967341587,2.0740797523049026,0.03140109611533838,0.000525,0.0,0.000525,59.811611648263586,0.0167191615882337
0.00045,0,0.6444936612188789,0.5718120285314893,1.0955938120290847,565.1667939514282,0.230949943914311,1.917146463496054,0.02966525696298667,0.0007875,0.0,0.0007875,37.670167572046566,0.026546205245501952
0.00045,1,0.6139934094566634,0.5462121972639304,1.166348073846011,567.1123457736225,0.23445453075692058,1.938913242015851,0.030257004402165524,0.0007875,0.0,0.0007875,38.42159289163876,0.026027031279528712
0.00045,2,0.6927020506634499,0.6208884014734455,0.9398969777590821,557.9360675512665,0.2848771197604947,2.1326116508778723,0.030564580368590603,0.0007875,0.0,0.0007875,38.81216554741664,0.025765117351627925
0.00045,3,0.6069602381134092,0.5308008827281259,1.228619741162903,564.7792871861406,0.24452303323778324,1.9722396654246002,0.032908253711122486,0.0007875,0.0,0.0007875,41.788258680790456,0.023930166787727088
0.00045,4,0.6900491865304578,0.6220531449810064,0.9457353119826345,560.0011350737798,0.2382897866773419,1.9502987946275339,0.03019239878326123,0.0007875,0.0,0.0007875,38.33955401049045,0.026082723855535214
0.00045,5,0.703290910460125,0.637085796045036,0.9155371528672713,557.3069508246103,0.2763573919655755,2.110802494154552,0.029534320087803836,0.0007875,0.0,0.0007875,37.50389852419535,0.026663894670972882
0.00045,6,0.6533957845433255,0.582147909634571,1.0707685626339576,559.0720707108861,0.27242803885019384,2.0675460538521917,0.03156000649988517,0.0007875,0.0,0.0007875,40.07619873001291,0.02495246634384772
0.00045,7,0.6596743657705415,0.5962534210816438,1.0071002587204978,560.4244604316547,0.2631062630098313,2.0502190553773287,0.031012089882930124,0.0007875,0.0,0.0007875,39.38043159737158,0.0253933225065706
0.00045,8,0.6272221363425569,0.5538998863142667,1.147525524689587,571.9692379038491,0.2193947310151998,1.8615867831624797,0.029845251260536644,0.0007875,0.0,0.0007875,37.89873175941161,0.026386107227761368
0.00045,9,0.6150369142684948,0.5392648767495397,1.199314398722561,557.51649841796,0.22352701021009125,1.9098533401322515,0.03010768147417167,0.0007875,0.0,0.0007875,38.23197647513863,0.026156115696772227
0.00045,10,0.6881402230821762,0.6220024039778792,0.9494179502669161,561.5281129068974,0.24493398261256516,1.972716155032447,0.03235732292362758,0.0007875,0.0,0.0007875,41.08866403000327,0.024337612906318685
0.00045,11,0.6507984560659956,0.5804876562341502,1.0651525677730027,560.0857488836751,0.2783706671616528,2.1246804670232873,0.03135344746857604,0.0007875,0.0,0.0007875,39.813901547398146,0.02511685519716041
0.00045,12,0.686164570389453,0.614828593244994,0.9653741887693771,560.7211698742234,0.2665020948916208,2.0777258673520778,0.030775218911945502,0.0007875,0.0,0.0007875,39.07964306278794,0.025588770050773847
0.00045,13,0.6292143344192742,0.5625863586024408,1.1195885515984323,560.6787635426926,0.22958845546236262,1.9049083638010065,0.03323798517971996,0.0007875,0.0,0.0007875,42.2069653075809,0.02369277186152939
0.00045,14,0.5654367469879518,0.49000602680948774,1.3663554182484094,557.2650602409639,0.21587437330163084,1.8546279322715478,0.03063181828866628,0.0007875,0.0,0.0007875,38.89754703322702,0.02570856201152687
0.00045,15,0.6162648764113519,0.5471440356610298,1.1691336861621142,564.5642355813244,0.248160770512186,1.9866615927554276,0.02980529851982847,0.0007875,0.0,0.0007875,37.8479981204171,0.026421476687311235
0.00045,16,0.6372734854803245,0.5580454409860597,1.1462771116243666,561.1031162332247,0.23563140133046545,1.9232996117068004,0.03206351998311504,0.0007875,0.0,0.0007875,40.71558093093973,0.024560622177936333
0.00045,17,0.655489910227883,0.5826087838568125,1.0519845874269724,567.8073352259648,0.23198775999480858,1.9021739558194093,0.03192379724759579,0.0007875,0.0,0.0007875,40.53815523504227,0.024668118077942856
0.00045,18,0.6546368204659662,0.5857469502140762,1.045979882860047,563.4486066697121,0.24572498674388044,1.9764472774965203,0.028799502960327274,0.0007875,0.0,0.0007875,36.570797409939395,0.027344221915385825
0.00045,19,0.6508591581000975,0.5811160351963308,1.0643476758209072,555.3032940646807,0.2606968002510257,2.0498787052611993,0.0312030453170912,0.0007875,0.0,0.0007875,39.622914688369775,0.0252379212348435
0.00045,20,0.7031564289029862,0.6273331073739342,0.9323758821533228,572.4993037289184,0.25761731999227777,2.0231794142106043,0.030331807953750706,0.0007875,0.0,0.0007875,38.516581528572324,0.02596284406128257
0.00045,21,0.6740339798526538,0.6089026131075376,0.9844906920073085,556.3450608930988,0.27988162063411437,2.0962589265019256,0.03257967275404411,0.0007875,0.0,0.0007875,41.371013021008395,0.024171513506140045
0.00045,22,0.6310509917166958,0.5621160222266828,1.1339010313632418,562.3800440762976,0.25604771441430785,2.00280498539952,0.030310780560915507,0.0007875,0.0,0.0007875,38.48988007735303,0.025980855175186366
0.00045,23,0.6455404471076285,0.5690881362985111,1.105638068817436,568.5040331873704,0.22147249762201682,1.894574441359441,0.030305367921797513,0.0007875,0.0,0.0007875,38.48300688482224,0.025985495441999924
0.00045,24,0.710455764075067,0.6408769067117063,0.8880634748044767,566.852163921869,0.23785450830473565,1.9268903488438056,0.03207196280810995,0.0007875,0.0,0.0007875,40.726301978552314,0.024554156685442
0.00045,25,0.6806194418889912,0.6147639538477415,0.9547917751156403,567.329346826127,0.2573066593031399,2.0260002407434254,0.029771009471769028,0.0007875,0.0,0.0007875,37.80445647208765,0.026451907878594548
0.00045,26,0.6861524445794108,0.6163003579580859,0.9685883901426926,561.8259945338597,0.2539709125412628,2.013716423631857,0.02938118797484138,0.0007875,0.0,0.0007875,37.309445047417626,0.026802864495279192
0.00045,27,0.6789852328663385,0.6120833802478771,0.9651154504193316,560.4244604316547,0.28566066958592273,2.1309790949399514,0.03059863852330866,0.0007875,0.0,0.0007875,38.85541399785227,0.025736439201375513
0.00045,28,0.7007885843034172,0.6456488580026771,0.8677880214519117,555.8028539241457,0.2587754259002395,2.0379293076010083,0.03026986432362235,0.0007875,0.0,0.0007875,38.43792295063156,0.026015973893396063
0.00045,29,0.6421108419139915,0.5719426789329232,1.0875005340231219,560.2973955178679,0.25605175105738454,2.008853998093116,0.031190326074653288,0.0007875,0.0,0.0007875,39.606763269401,0.02524821311951462
0.00045,30,0.6401772751585543,0.5690285291104367,1.1044983028859925,565.4685565828685,0.23933323900564574,1.957829186337284,0.031153351253720454,0.0007875,0.0,0.0007875,39.559811115835494,0.025278179338922766
0.00045,31,0.6434789248625534,0.5781539928916997,1.0740170294827938,565.0806353084912,0.239793767046649,1.958801988621218,0.031245575500020096,0.0007875,0.0,0.0007875,39.67692126986679,0.025203568422015255
0.00045,32,0.65109058449119,0.5845594315653906,1.0465679357018591,574.406815182799,0.25218992357258685,1.988351368068324,0.030058166106783354,0.0007875,0.0,0.0007875,38.16909981813759,0.026199203145074162
0.00045,33,0.6903300076745971,0.6248531114691757,0.9348209119384242,567.9378357636224,0.24252309184521437,1.9586640228719268,0.031059526998913706,0.0007875,0.0,0.0007875,39.44066920496979,0.02535453936653776
0.00045,34,0.7117293233082707,0.6428366298387866,0.8790771995046388,556.4285714285714,0.26020392205100507,2.0319084662347,0.03187290732507553,0.0007875,0.0,0.0007875,40.47353311120702,0.024707504463530577
0.00045,35,0.7039884305069265,0.6354415394968018,0.911422343463629,563.2773633734206,0.25004845784860663,1.994744320935224,0.03277626883820679,0.0007875,0.0,0.0007875,41.62065884216736,0.02402652980079366
0.00045,36,0.8044891172914147,0.7603252552019925,0.5646325659402817,559.2829504232164,0.3574555176019203,2.422407900327352,0.029983998052935463,0.0007875,0.0,0.0007875,38.07491816245773,0.02626400917615131
0.00045,37,0.588553987027852,0.5122936565713239,1.2778310628320013,564.6932468523464,0.23229159021866508,1.9234545555814218,0.03111004535395511,0.0007875,0.0,0.0007875,39.504819497085855,0.02531336714685576
0.00045,38,0.6080260961917766,0.5289167842314599,1.2362109777458055,561.4005461993628,0.24177868699189276,1.9549879114163355,0.029193580730979118,0.0007875,0.0,0.0007875,37.07121362664015,0.026975108235501064
0.00045,39,0.5901951814577615,0.510581893660828,1.2955743633013816,564.220494053065,0.2087888644018676,1.8412518632436221,0.031038014704834534,0.0007875,0.0,0.0007875,39.41335200613909,0.02537211247204344
0.00045,40,0.6891696476139737,0.6210940397854855,0.9489609439094011,563.2345688408554,0.25737764593213797,2.033372409543479,0.03063266154956455,0.0007875,0.0,0.0007875,38.89861784071689,0.025707854302042994
0.00045,41,0.7111850563412236,0.6491798414382365,0.8688605639142639,559.6629357936928,0.2971233886783011,2.1774241970088646,0.03176364648744171,0.0007875,0.0,0.0007875,40.33478919040218,0.024792493529083675
0.00045,42,0.7335336087119789,0.6735244508188436,0.7985881542486903,555.8028539241457,0.2557001020468306,2.016078424746163,0.02830465711928068,0.0007875,0.0,0.0007875,35.94242173876912,0.02782227661975695
0.00045,43,0.6476586102719033,0.5736597493622662,1.0916666831526645,558.9456193353475,0.259790793643333,2.016356627700981,0.028152743961453973,0.0007875,0.0,0.0007875,35.74951614152885,0.02797240656463985
0.00045,44,0.6555166505252179,0.5868362260988499,1.0674456129382521,551.3389704238992,0.23388189624529332,1.9374577583822448,0.03098971659378074,0.0007875,0.0,0.0007875,39.352021071467604,0.025411655431467926
0.00045,45,0.6533706554700257,0.5837355491637043,1.049532539578945,575.3876836948915,0.2583404527103994,2.0211879514930313,0.03340156869635032,0.0007875,0.0,0.0007875,42.4146904080639,0.023576736983794644
0.00045,46,0.6636549996203781,0.5904616834731146,1.0352058940943674,561.8685748994002,0.2549287484434899,1.997831165931252,0.0323457415413968,0.0007875,0.0,0.0007875,41.073957512884824,0.024346326980698215
0.00045,47,0.6531682115180064,0.5858389637136036,1.0519258160633258,562.2520893481234,0.23167587857460603,1.915041345981713,0.03011892806007402,0.0007875,0.0,0.0007875,38.24625785406224,0.026146348848447853
0.00045,48,0.612575445030178,0.5350524642300991,1.2130449805015748,565.3823057529223,0.2558420698624104,2.009877250099982,0.02921586030371787,0.0007875,0.0,0.0007875,37.09950514757825,0.026954537426364493
0.00045,49,0.6071153549976899,0.5338451738923918,1.228727482151562,569.8587709841368,0.2235393894079607,1.894843817326952,0.03275496393647159,0.0007875,0.0,0.0007875,41.59360499869408,0.024042157442986656
0.0007,0,0.5354096862625647,0.4588865575540492,1.4650162993249938,563.5342674383186,0.23630884793237783,1.9357149763368247,0.029640667948803903,0.001225,0.0,0.001225,24.196463631676657,0.04132835339999255
0.0007,1,0.5049977283053158,0.4244627180977403,1.5989854174636473,560.3820990458883,0.22308640539995395,1.8854581414730935,0.032447733683723064,0.001225,0.0,0.001225,26.487945864263725,0.0377530218886906
0.0007,2,0.5303610297980935,0.44630696458406066,1.5171409451374775,555.469714028372,0.22512434227974154,1.891969019336658,0.031269940847892294,0.001225,0.0,0.001225,25.526482324810036,0.0391750021517092
0.0007,3,0.5695991513222702,0.4866607631918605,1.3744692213699006,560.7635826324165,0.25736062493524514,2.01046783212577,0.031901247147724125,0.001225,0.0,0.001225,26.04183440630541,0.03839975265943146
0.0007,4,0.5148356664637858,0.4396944764302014,1.5553301111686972,563.0206938527084,0.2561042833258398,2.0232944878174557,0.031012932865398395,0.001225,0.0,0.001225,25.31667989012114,0.03949965020453616
0.0007,5,0.5676172953081877,0.4905726732244072,1.3635952764520156,567.329346826127,0.25370869890321046,2.0052050692370758,0.029959066301989995,0.001225,0.0,0.001225,24.45638065468571,0.04088912476950694
0.0007,6,0.5889882788402221,0.5133884304545636,1.2946998205112938,570.6483652066626,0.2504541913513094,1.9956317473554948,0.030024094027067905,0.001225,0.0,0.001225,24.50946451189217,0.04080056500274793
0.0007,7,0.49988465974625146,0.41880816537372356,1.625072224151963,569.0276816608997,0.23825072805630043,1.9375390857087815,0.028717477821127057,0.001225,0.0,0.001225,23.442839037654743,0.04265694945879907
0.0007,8,0.5960249771550411,0.5134697033712768,1.282027449902956,563.5342674383186,0.24927981570363045,1.9863673365398702,0.029864554097067477,0.001225,0.0,0.001225,24.3792278343408,0.04101852637807466
0.0007,9,0.5637494446912483,0.4862305054464648,1.3759080635739716,547.9569080408708,0.21688517107395455,1.8718466821750432,0.03321466222610758,0.001225,0.0,0.001225,27.114009980495986,0.03688130234957254
0.0007,10,0.5046586222697419,0.41915732986319487,1.629538923144005,565.1667939514282,0.23716271249577403,1.9484386900104154,0.031041377851032944,0.001225,0.0,0.001225,25.339900286557505,0.039463454421345426
0.0007,11,0.6224359456007214,0.5462595679955655,1.181431687260467,556.0529716733038,0.24295996443834156,1.9729704663425807,0.03136510204539479,0.001225,0.0,0.001225,25.604164935016158,0.03905614584728768
0.0007,12,0.5421742128246381,0.4611772551562635,1.4654255095670716,566.938864628821,0.23435225305729546,1.92146787553832,0.03343265320517428,0.001225,0.0,0.001225,27.29196180014227,0.036640825138293545
0.0007,13,0.5751885369532428,0.49394995763464816,1.3409439444340876,558.10407239819,0.2099455771385692,1.8351766129805465,0.0313743478987381,0.001225,0.0,0.001225,25.611712570398453,0.03904463620897346
0.0007,14,0.6150656009651636,0.5401863598344869,1.175991447183222,558.0200573065903,0.28845175213064067,2.157211279504496,0.031163936448465046,0.001225,0.0,0.001225,25.439948121195957,0.03930825626042939
0.0007,15,0.5145140616753374,0.4361860419098288,1.5651455074020115,557.9780592626103,0.24036659696139395,1.9539775937381374,0.031517183028159805,0.001225,0.0,0.001225,25.728312676048823,0.038867686839445435
0.0007,16,0.5657208588957056,0.48293278931027844,1.3924518325222695,567.5030674846626,0.25126209476729855,1.9791811236586936,0.03241381094363315,0.001225,0.0,0.001225,26.46025383153727,0.037792532390907255
0.0007,17,0.5482948129187684,0.4705148734050742,1.4340086992976753,557.1394263344124,0.22984650282887742,1.9047000718459426,0.030973781478995835,0.001225,0.0,0.001225,25.284719574690477,0.03954957843396376
0.0007,18,0.5573116580115903,0.4808419779173732,1.3964485538515687,556.9720027094152,0.2527786495629698,2.0028094999540613,0.029934903934535725,0.001225,0.0,0.001225,24.43665627309039,0.040922128986247544
0.0007,19,0.5237600237600237,0.44399054400756743,1.551207535833639,549.5001485001485,0.24086660746252164,1.9625755058307837,0.032953636997820474,0.001225,0.0,0.001225,26.900928161486103,0.03717343855189703
0.0007,20,0.547261089610003,0.46473341645011673,1.4476026344581132,550.8064900267937,0.23087055649375543,1.9108641320115076,0.03127292095301405,0.001225,0.0,0.001225,25.52891506368494,0.039171269029858104
0.0007,21,0.599163179916318,0.5218125588501121,1.2557236856237424,562.977938379612,0.26764003571588546,2.062319400596241,0.03227191791342477,0.001225,0.0,0.001225,26.344422786469202,0.037958698435162204
0.0007,22,0.597641188478113,0.5224751989089167,1.234542494093679,559.4939895667952,0.26751508985762484,2.0745571172377826,0.03028048753094549,0.001225,0.0,0.001225,24.718765331384073,0.0404550950095535
0.0007,23,0.5611532625189681,0.4799391911957827,1.3969515640446002,561.4855842185129,0.24242520888219588,1.9730762389016006,0.029313933898499765,0.001225,0.0,0.001225,23.929741957958992,0.0417890005565815
0.0007,24,0.6273320188078265,0.5519348186736257,1.160942114985865,561.2305475504322,0.27859746987815015,2.1300640034005065,0.03055581226046089,0.001225,0.0,0.001225,24.943520212621134,0.0400905722799307
0.0007,25,0.5535877166311949,0.4660406513315205,1.4535026801644346,562.508057160231,0.2522136233455967,2.0187039792624155,0.029630439776439314,0.001225,0.0,0.001225,24.188114103215767,0.0413426195912914
0.0007,26,0.6264298615291993,0.5571881448140814,1.154705668834806,556.9301625526791,0.2840771401533857,2.101444978981311,0.030471841668250295,0.001225,0.0,0.001225,24.874972790408403,0.040201048999160806
0.0007,27,0.5239410681399632,0.44264755149486423,1.5342225972941128,567.8508287292817,0.22419483403791673,1.9059997660949024,0.033874649311882846,0.001225,0.0,0.001225,27.652774948475795,0.03616273599532981
0.0007,28,0.680959634424981,0.6057297655965211,1.001951409031811,563.6199543031227,0.23584190497058444,1.9517018274517866,0.029154273016879194,0.001225,0.0,0.001225,23.79940654439118,0.04201785444249536
0.0007,29,0.5262686567164179,0.4457486759588929,1.5388498653330935,552.2835820895523,0.26105335453758016,2.0445502743382145,0.03327020386001942,0.001225,0.0,0.001225,27.159350089811774,0.03681973230924726
0.0007,30,0.6003310510872019,0.524283895037399,1.287818246958621,556.8046798585509,0.2625076033582445,2.01246921669771,0.031416278867015236,0.001225,0.0,0.001225,25.645941932257337,0.0389925237544972
0.0007,31,0.6669737448180562,0.5986687113422543,1.0225800481148062,568.1119299861815,0.29618043804657646,2.1688649358399363,0.032290213477282934,0.001225,0.0,0.001225,26.35935794063913,0.03793719112020803
0.0007,32,0.538300673844009,0.45606230114587026,1.4762178203879708,573.1632716288436,0.2469816911907401,1.9795095626734458,0.032356531680570365,0.001225,0.0,0.001225,26.413495249445198,0.03785943475318756
0.0007,33,0.5833774483853891,0.5026271310099228,1.322044590812358,559.6629357936928,0.2542507070756983,2.0329388393420897,0.03139245937103563,0.001225,0.0,0.001225,25.62649744574337,0.03902210991249226
0.0007,34,0.5563326744716436,0.48144054124721536,1.3870673762879786,562.5934316557701,0.2701517234381754,2.0804585909812645,0.02908201773068644,0.001225,0.0,0.001225,23.740422637295055,0.042122249265649066
0.0007,35,0.5330393067161869,0.4517140813468643,1.5023056426811467,572.5877437325905,0.25016734044766054,2.010458733635274,0.030744020653172877,0.001225,0.0,0.001225,25.09715971687582,0.03984514627476274
0.0007,36,0.5911992704058368,0.4991082034990276,1.3438045051947332,562.4227086183311,0.23688291953294538,1.9343207862070957,0.032098548453039645,0.001225,0.0,0.001225,26.202896696358895,0.038163719514986226
0.0007,37,0.5168170004586454,0.43256323066115926,1.576159445798852,565.6842990368445,0.22009875540970825,1.8649164214390077,0.030021042000236343,0.001225,0.0,0.001225,24.506973061417423,0.04080471290737863
0.0007,38,0.5197701149425288,0.4372405788999734,1.5639290355988102,567.0689655172414,0.2369980064977426,1.9504410222264217,0.029897023630977355,0.001225,0.0,0.001225,24.405733576308045,0.04097397838394637
0.0007,39,0.5658065007231483,0.4910019146202996,1.344864303943204,563.3201644211007,0.2476680625404697,1.9822632455049258,0.030180605606182364,0.001225,0.0,0.001225,24.637229066271317,0.040588980088228054
0.0007,40,0.5201662561576355,0.44475595932059986,1.541672732157626,569.5960591133005,0.22175999972387217,1.8790535589456088,0.0336909028657193,0.001225,0.0,0.001225,27.502777849566773,0.03635996354512794
0.0007,41,0.5229993224422194,0.44572237424686856,1.5270808939134983,557.1394263344124,0.24273531354265288,1.9762552505001993,0.03088185922081953,0.001225,0.0,0.001225,25.209680996587373,0.039667300833174754
0.0007,42,0.6749042289491475,0.6049348912492334,0.9941697217046764,555.8862014572222,0.31102233804995194,2.232699287561976,0.03215921214743228,0.001225,0.0,0.001225,26.252418079536557,0.038091729187395805
0.0007,43,0.5127765775162035,0.4336839633514591,1.5433234477268498,551.3389704238992,0.24380123877199367,1.9745743358960783,0.030941775553171597,0.001225,0.0,0.001225,25.258592288303344,0.039590488202427505
0.0007,44,0.5329875676912517,0.4506479554053885,1.517496595415654,564.4352833498589,0.22341563313966617,1.900867184762734,0.032750558414245394,0.001225,0.0,0.001225,26.735149725914606,0.03740394238490804
0.0007,45,0.5851491914053603,0.5119620040697641,1.2953699572139596,561.8685748994002,0.2391154345823452,1.941477180968581,0.030678908715313005,0.001225,0.0,0.001225,25.04400711454123,0.03992971234301291
0.0007,46,0.49307774227902024,0.4120157912886074,1.6476915864300017,562.9351894112277,0.2216436782910023,1.883068852055628,0.03117473039154475,0.001225,0.0,0.001225,25.448759503301837,0.03929464616419733
0.0007,47,0.5747334996597868,0.4853121754668532,1.3802189207442768,559.4939895667952,0.2479265535948798,1.9827059847248376,0.02874085117449338,0.001225,0.0,0.001225,23.461919326117044,0.042622258908154735
0.0007,48,0.511316327303005,0.43116281920079974,1.5870722063554723,560.1703883127697,0.24931710565579124,2.0103301941254195,0.029304802754208062,0.001225,0.0,0.001225,23.922287962618828,0.04180202167796862
0.0007,49,0.5183670377944407,0.4308620445076886,1.5910944623785146,560.5092024539878,0.26144964719424024,2.044533389873054,0.030135681478862805,0.001225,0.0,0.001225,24.60055630927576,0.04064948724850361
0.001,0,0.47426275490864983,0.3969222749718456,1.6886409299078473,561.018194223334,0.26706997386645526,2.069541828248415,0.02969843653818228,0.00175,0.0,0.00175,16.97053516467559,0.05892566087612336
0.001,1,0.5351888366449264,0.45974114139951655,1.4474741776796374,561.2305475504322,0.2764990420837421,2.0910502197027414,0.030538042672489135,0.00175,0.0,0.00175,17.450310098565218,0.057305571898245
0.001,2,0.46844828917896036,0.3885737918966182,1.7435842636771155,571.5723333590794,0.24715618992922828,1.979890481771589,0.0318545148183303,0.00175,0.0,0.00175,18.20257989618874,0.05493726744797204
0.001,3,0.465670740908405,0.3879408474170327,1.7612339038275788,558.3562698053418,0.24313666496891528,1.9537339739217388,0.03178584089006607,0.00175,0.0,0.00175,18.16333765146633,0.05505596048418282
0.001,4,0.5333781362007168,0.45599654073395623,1.4710686775951332,552.6129032258065,0.2717325216217432,2.0630157608208703,0.03047709003111254,0.00175,0.0,0.00175,17.415480017778595,0.05742018014887616
0.001,5,0.4864783199879136,0.40772260675656224,1.6708055685213667,559.0299138842726,0.24774281893041916,1.9798906529185167,0.03060997049222734,0.00175,0.0,0.00175,17.491411709844193,0.057170914308603146
0.001,6,0.5050890585241731,0.4233032417076205,1.5708099044284314,553.8513695554558,0.2737815023865551,2.0971747766024724,0.03340689637550759,0.00175,0.0,0.00175,19.08965507171862,0.05238439333990392
0.001,7,0.5713409491681362,0.497719145945752,1.3402673234478588,567.3727670014567,0.33386834809789434,2.334431517146017,0.03125115419499824,0.00175,0.0,0.00175,17.857802397141853,0.05599793175895206
0.001,8,0.473869462085852,0.38361102777448924,1.7760819086051467,566.2460019894406,0.2579577114956919,2.029506960895858,0.030947825890495776,0.00175,0.0,0.00175,17.684471937426157,0.05654678316312466
0.001,9,0.4601171013611132,0.3781449486675378,1.7692203456892226,562.7215420880541,0.2211400779779069,1.8656747533267266,0.03011501731660339,0.00175,0.0,0.00175,17.208581323773366,0.058110542710369556
0.001,10,0.5006079951360389,0.41900560033949746,1.6161675558493809,562.4227086183311,0.25097867744625546,2.0013126603050697,0.029530066357111664,0.00175,0.0,0.00175,16.874323632635235,0.05926163452655267
0.001,11,0.501992337164751,0.41826069484723916,1.6205376531260036,567.0689655172414,0.26365997130051255,2.032307610641414,0.03166298949713987,0.00175,0.0,0.00175,18.093136855508497,0.05526957586105627
0.001,12,0.4850639038039779,0.3893890691475857,1.7960293180400624,559.6629357936928,0.23591436760034412,1.950571132012474,0.03016459205064548,0.00175,0.0,0.00175,17.23690974322599,0.058015039522556794
0.001,13,0.44878048780487806,0.37186863643340373,1.8250138806835916,555.3864915572233,0.26523088541580364,2.0491683548195043,0.031484203984982646,0.00175,0.0,0.00175,17.99097370570437,0.05558342846573844
0.001,14,0.46494577669161447,0.3867056776034029,1.7510251687452962,565.1667939514282,0.23935627267928794,1.9582035085453788,0.030688676257940993,0.00175,0.0,0.00175,17.53638643310914,0.05702429082607206
0.001,15,0.4532079478234491,0.37539874140990354,1.7848568385294783,561.2305475504322,0.2338065880467184,1.914844009368289,0.033109249635979596,0.00175,0.0,0.00175,18.919571220559767,0.05285532046906575
0.001,16,0.5638029782359679,0.48457993302890195,1.3708814892443912,565.1237113402062,0.2688262778392527,2.0923330595277094,0.0316870086556875,0.00175,0.0,0.00175,18.106862088964284,0.055227680814417694
0.001,17,0.4381288481754017,0.3587634443937438,1.865416768079758,555.6778795614957,0.2512683180975728,2.0044605553700654,0.0323262050824503,0.00175,0.0,0.00175,18.4721171899716,0.05413564615878974
0.001,18,0.4910047263302333,0.4118378872565388,1.640357743366917,564.1346241805153,0.2615152176877018,2.029891761067652,0.02993605217033388,0.00175,0.0,0.00175,17.106315525905075,0.05845794195048271
0.001,19,0.49609022556390975,0.4058009835805376,1.6623790056414418,556.4285714285714,0.2559799087466672,2.0069572801368594,0.03109048705377322,0.00175,0.0,0.00175,17.765992602156125,0.05628731376813911
0.001,20,0.4429868049729235,0.36925926240800405,1.8375736361756856,564.4352833498589,0.24515117862029,1.9731908822074358,0.031158309518269048,0.00175,0.0,0.00175,17.80474829615374,0.05616479286124052
0.001,21,0.4788506973553845,0.40062283673388005,1.6831398423034536,564.0058684551483,0.257535407145042,2.0215776162021237,0.032061325315621815,0.00175,0.0,0.00175,18.320757323212465,0.05458289645772429
0.001,22,0.5106431852986217,0.43709045365877974,1.5934110231604108,566.635528330781,0.2509434000821784,2.0126816544232584,0.032254759354880334,0.00175,0.0,0.00175,18.43129105993162,0.05425555902450764
0.001,23,0.46999770097325466,0.38684355842265206,1.7411520634582933,567.1123457736225,0.24019670431152917,1.9556102641259905,0.033327773914103194,0.00175,0.0,0.00175,19.044442236630395,0.05250875754589354
0.001,24,0.4595439640051857,0.3750324349531539,1.802460912177878,564.3493479752917,0.23630717981723137,1.9392378420137,0.02925508432992106,0.00175,0.0,0.00175,16.71719104566918,0.0598186619551174
0.001,25,0.46248108925869896,0.38378558130724344,1.7533883129225336,559.7897125567322,0.24147262741462328,1.977496062118767,0.030627083221841666,0.00175,0.0,0.00175,17.501190412480952,0.05713897034608865
0.001,26,0.49572584338268966,0.4174930081214452,1.6139769079444457,564.8223172034803,0.2715317548136227,2.0848608398987247,0.02953461973061873,0.00175,0.0,0.00175,16.87692556035356,0.059252498117853325
0.001,27,0.48743177799984627,0.40973386060850364,1.6810025407184135,568.8530248289645,0.2594411452882923,2.035105358475668,0.03362833833262932,0.00175,0.0,0.00175,19.21619333293104,0.0520394431235393
0.001,28,0.5812921004286589,0.5029359944414239,1.3047596884771422,566.4623392529088,0.28011402260744944,2.1053588938021037,0.03209154375064148,0.00175,0.0,0.00175,18.33802500036656,0.054531499437917165
0.001,29,0.4096412724674739,0.3237169693817777,1.9999728499997385,556.5538843348123,0.2592556288582273,2.042311453213181,0.031663990548613095,0.00175,0.0,0.00175,18.093708884921767,0.05526782852316924
0.001,30,0.5139451192082771,0.4310677358664508,1.5798412299565854,554.8461538461538,0.24245313357096165,1.9624284891238926,0.030309067087384844,0.00175,0.0,0.00175,17.319466907077054,0.05773849768963625
0.001,31,0.4513287775246773,0.371500807766413,1.8356861222003007,561.9111617312072,0.21517870473326184,1.8467644441724964,0.03281943093231144,0.00175,0.0,0.00175,18.753960532749392,0.05332207019705169
0.001,32,0.4695880149812734,0.3867155077827821,1.7365323940862278,554.3483146067416,0.25684518029447645,2.018933082243618,0.03145316493045505,0.00175,0.0,0.00175,17.97323710311717,0.05563828008626036
0.001,33,0.41217286371521233,0.33120587687226616,2.0157305280928948,558.1460894486763,0.2553495464089792,2.0202246249918137,0.03050235563458544,0.00175,0.0,0.00175,17.429917505477395,0.057372618068085954
0.001,34,0.4549019607843137,0.36603788853165414,1.8736095151506202,558.10407239819,0.2217303284269292,1.886695472126613,0.03104884207215544,0.00175,0.0,0.00175,17.74219546980311,0.05636281043695982
0.001,35,0.43669835521352046,0.3519555245778216,1.8659038528843457,558.3562698053418,0.21453113478492014,1.8502388718143088,0.03029473040171696,0.00175,0.0,0.00175,17.311274515266835,0.057765821870486705
0.001,36,0.40753062150309993,0.33124237377459054,1.9815252581421459,559.5362165431725,0.23714734709938057,1.927458832508932,0.030221489096773368,0.00175,0.0,0.00175,17.269422341013353,0.0579058164340036
0.001,37,0.5325070336856513,0.4524089335121374,1.4858169600863689,562.7215420880541,0.2932122296479065,2.159419835211637,0.0316404865377586,0.00175,0.0,0.00175,18.08027802157634,0.05530888401199565
0.001,38,0.4412751677852349,0.35841914208910286,1.8814070081135204,564.392312385601,0.2367628502252046,1.9295079441129075,0.03011162179458205,0.00175,0.0,0.00175,17.206641025475456,0.058117095516750795
0.001,39,0.5324367693130587,0.4509285454179494,1.5150915004440075,565.4685565828685,0.27431038868962787,2.0969606007050174,0.030946562588535557,0.00175,0.0,0.00175,17.683750050591748,0.05654909151843261
0.001,40,0.548853857284289,0.4727043852165027,1.4225985567618986,563.5771076079507,0.2717105161282234,2.0749932740484383,0.03162945890902199,0.00175,0.0,0.00175,18.073976519441135,0.05532816748568626
0.001,41,0.530838847060613,0.44924858898139075,1.4872031173381992,562.8069815195072,0.2622299389913678,2.0355906350469146,0.035027754006451375,0.00175,0.0,0.00175,20.01585943225793,0.04996038283464269
0.001,42,0.4567807543446915,0.37613211984667017,1.7776368272591185,561.6131896486302,0.26647297653835267,2.053251377836202,0.030108940974819982,0.00175,0.0,0.00175,17.20510912846856,0.05812227010785666
0.001,43,0.44815773447015833,0.3714604938584176,1.826273707507865,563.3629719853836,0.24526852459530346,1.975944869649302,0.031532450196170854,0.00175,0.0,0.00175,18.01854296924049,0.05549838306610602
0.001,44,0.4653141858521389,0.3805113834935577,1.7662638375043334,562.2947344426715,0.2719567070307676,2.0980899535840583,0.031072564251382287,0.00175,0.0,0.00175,17.75575100078988,0.05631978055760718
0.001,45,0.527027027027027,0.44454558032539354,1.510282293636613,555.5945945945946,0.2742980264592916,2.0987792804206222,0.03134535076821702,0.00175,0.0,0.00175,17.911629010409726,0.05582965119581411
0.001,46,0.41383541682644376,0.33674970851246705,2.000642814898066,567.5465143032441,0.23256435422808863,1.9231036603559544,0.03190230044768716,0.00175,0.0,0.00175,18.22988597010695,0.05485497833830572
0.001,47,0.47348951911220716,0.3954524039081592,1.7319996013884256,570.2971639950678,0.24745641637127846,1.9826302017101982,0.03141593845239963,0.00175,0.0,0.00175,17.951964829942646,0.05570420895277539
0.001,48,0.43728865662465416,0.35992414322854493,1.8774818328515297,568.7221026744544,0.22283973393496126,1.8816401305627863,0.03129259595617786,0.00175,0.0,0.00175,17.881483403530204,0.05592377195074194
0.001,49,0.4349565873914685,0.3570052691835158,1.8671633615894643,558.7349943374859,0.24930468047386967,1.9965622396509666,0.03182350354346321,0.00175,0.0,0.00175,18.18485916769326,0.05499080255603923
0.0014,0,0.4696808510638298,0.39248391611383243,1.79929669630244,562.3373860182371,0.3003511928545777,2.187437956914138,0.03147653234321574,0.00245,0.0,0.00245,12.847564221720711,0.07783576581071701
0.0014,1,0.43123100303951367,0.35847648043392966,1.859991778136491,562.3373860182371,0.30578040034743026,2.23801799898869,0.029160728560420207,0.00245,0.0,0.00245,11.902338187926615,0.08401710522848115
0.0014,2,0.41504263093788063,0.3342319953526587,1.9866887710322085,563.3629719853836,0.24281038736808114,1.9503111289224724,0.029813509296209597,0.00245,0.0,0.00245,12.168779304575347,0.0821775113978778
0.0014,3,0.4733353649245772,0.38678089561389495,1.7531983216679077,563.7914063690386,0.2940659023297485,2.1667115069918443,0.029992805391134848,0.00245,0.0,0.00245,12.241961384136673,0.08168625668888449
0.0014,4,0.3399312189529996,0.26883594902676006,2.354173899305464,565.5548337791364,0.2272075429209508,1.9074516337641916,0.030640589218013766,0.00245,0.0,0.00245,12.506362946128068,0.07995929786362045
0.0014,5,0.41013824884792627,0.32467615870637584,2.029866840218255,559.0720707108861,0.24657841990119778,1.9641992172833338,0.030080836666857364,0.00245,0.0,0.00245,12.27789251708464,0.08144720265375381
0.0014,6,0.4552590266875981,0.3878527664094388,1.7816832613518605,553.2314420273603,0.23248971858993173,1.9240576626623398,0.032266819904918774,0.00245,0.0,0.00245,13.170130573436234,0.0759293914683709
0.0014,7,0.40283111211505157,0.30504184915179255,2.1651282581642577,557.2231759656653,0.2155015954922419,1.8554312755990527,0.030331880536882135,0.00245,0.0,0.00245,12.380359402809034,0.08077309934743135
0.0014,8,0.32934640018519945,0.2592856860100787,2.3343008416930924,571.0439848753762,0.23043491342104971,1.9208086060931828,0.031023208434916804,0.00245,0.0,0.00245,12.662534055068084,0.0789731341018394
0.0014,9,0.4440767205716435,0.3632155651870302,1.8370708652210552,556.6374576908612,0.2832761956669856,2.1229364903018526,0.03131542534663458,0.00245,0.0,0.00245,12.781806263932483,0.07823620381587112
0.0014,10,0.41592448808708227,0.3378744013095653,1.961252491459174,563.3201644211007,0.2513987515703775,1.9949753613328873,0.031203546123773546,0.00245,0.0,0.00245,12.736141275009611,0.07851671698728431
0.0014,11,0.39710382921549603,0.3218044677094289,2.032834354246769,552.4070314249459,0.23001137713436037,1.906686109100268,0.03130771273030856,0.00245,0.0,0.00245,12.7786582572688,0.07825547720795935
0.0014,12,0.41198414548845885,0.33841124568442954,1.9416799788888441,575.1198414548846,0.2779412884847261,2.127366936225464,0.03311170536865264,0.00245,0.0,0.00245,13.514981783123527,0.0739919606291089
0.0014,13,0.44022354807038744,0.36471110029924114,1.8158875262032725,558.9034816101503,0.2627030621515587,2.0311697798160537,0.03162582608137169,0.00245,0.0,0.00245,12.9085004413762,0.07746833216929325
0.0014,14,0.41910631741140214,0.335303514039603,1.9761241579042033,570.1217257318953,0.2813981127401348,2.118713945027352,0.028747574696505934,0.00245,0.0,0.00245,11.733703957757525,0.08522458071211761
0.0014,15,0.39904862579281186,0.31797521251871275,2.0417877249729526,558.7771066143159,0.23558443249203265,1.9372982573575748,0.02998888042666466,0.00245,0.0,0.00245,12.24035935782231,0.08169694784009271
0.0014,16,0.5106676899462779,0.43346260199468234,1.5882834753344202,567.9378357636224,0.2599682587897405,2.0415710025432205,0.031030470288427116,0.00245,0.0,0.00245,12.665498076909028,0.078954652547233
0.0014,17,0.3530478132789486,0.2792402270715697,2.2763077978412767,558.9877634262407,0.21604186689364724,1.8559951312343652,0.03034544106951937,0.00245,0.0,0.00245,12.385894314089539,0.08073700409848103
0.0014,18,0.45219892513814247,0.3730511117943175,1.831606025460569,560.1703883127697,0.25834989931900054,2.0248059026513427,0.03299689707493661,0.00245,0.0,0.00245,13.468121255076168,0.0742494057679424
0.0014,19,0.4025423728813559,0.31969748001202875,2.0562194196701187,559.9588377723971,0.25607102853246033,2.007371324282886,0.030767094103678956,0.00245,0.0,0.00245,12.55799759333835,0.07963052967381286
0.0014,20,0.4496006085964245,0.3678244178044015,1.8245197893469285,562.977938379612,0.2626514035509899,2.031796943074059,0.03299252722124467,0.00245,0.0,0.00245,13.466337641324355,0.07425924008702149
0.0014,21,0.4528924351695565,0.3788804580962043,1.768321274883734,567.7638483965014,0.261368881969247,2.028604361941203,0.03090871556310724,0.00245,0.0,0.00245,12.615802270656017,0.07926566844868602
0.0014,22,0.3985998021459554,0.3223669258757249,2.059957503149166,563.1489993151206,0.24676408321829513,1.9842749635389043,0.030817731855648112,0.00245,0.0,0.00245,12.578666063529843,0.0794996858132172
0.0014,23,0.39211634137007273,0.3100761892884376,2.094456095957504,566.4190585533869,0.2181952320970595,1.87425795832374,0.031117531543086215,0.00245,0.0,0.00245,12.701033282892332,0.07873375163475485
0.0014,24,0.4831068256017007,0.4010011677238037,1.6972380477451952,561.8685748994002,0.30267428516526707,2.201331396883906,0.031103732731835584,0.00245,0.0,0.00245,12.695401115034933,0.07876868095295692
0.0014,25,0.4405222804220755,0.3557622116578602,1.885006907989914,561.7834206331132,0.2462564955058042,1.9848674790794605,0.029553915136420698,0.00245,0.0,0.00245,12.06282250466151,0.08289933799602572
0.0014,26,0.4342285975888906,0.3488880799441775,1.9030311234393544,564.6502365328857,0.2751952542748768,2.107123912725777,0.035533778084930835,0.00245,0.0,0.00245,14.503582891808504,0.06894848034858966
0.0014,27,0.3764732894535435,0.3093711681601386,2.1572784024245655,566.3757844787999,0.2819648330041673,2.116554534909861,0.030198740737964885,0.00245,0.0,0.00245,12.32601662774077,0.08112921069321075
0.0014,28,0.39972453898538524,0.32303159706123125,2.051884641188457,566.2460019894406,0.21300697486731224,1.8266608046719672,0.03262644651396167,0.00245,0.0,0.00245,13.316916944474151,0.07509245602188347
0.0014,29,0.42581323717226355,0.35019119518071956,1.9124627511415975,555.9695740365112,0.2436845650372561,1.9718065977129962,0.033316393901856686,0.00245,0.0,0.00245,13.598528123206812,0.07353737043742492
0.0014,30,0.5065879145842799,0.41556930395233993,1.6706561063409868,560.3820990458883,0.2881495652254671,2.1308031621414587,0.03046351819180637,0.00245,0.0,0.00245,12.434089057880152,0.08042406607714025
0.0014,31,0.3773757728417678,0.3032636234999343,2.1228143221537645,564.865353789787,0.23455068076145835,1.9307382363436651,0.03164968102435217,0.00245,0.0,0.00245,12.918237152796806,0.07740994287161693
0.0014,32,0.42193322686135826,0.3436307021631478,1.9348862382554888,562.8069815195072,0.25440085283480585,2.01181691615721,0.03299125757408731,0.00245,0.0,0.00245,13.46581941799482,0.07426209790572914
0.0014,33,0.41659794587300397,0.3356218745922984,1.9794151900081582,554.8046330309619,0.28380522757652216,2.124199613692392,0.03048054691424482,0.00245,0.0,0.00245,12.441039556834621,0.08037913515439625
0.0014,34,0.36444204685573367,0.2892227781578481,2.2373913036187165,570.2971639950678,0.2555616768077016,2.00396160354839,0.03040897010146138,0.00245,0.0,0.00245,12.411824531208728,0.08056833203575871
0.0014,35,0.5044091710758377,0.4221805136139618,1.6342780549629294,567.4596273291926,0.24863099405774847,1.988371790168301,0.029746386343296446,0.00245,0.0,0.00245,12.141382180937326,0.08236294559362921
0.0014,36,0.39750472589792063,0.317279168286251,2.0849817098821077,559.578449905482,0.2591836264182348,2.0135645035981495,0.032318675666533424,0.00245,0.0,0.00245,13.191296190421806,0.07580756171073617
0.0014,37,0.39328153564899454,0.30709482399317833,2.1015897709204174,563.7056672760511,0.2480843749945052,1.9787171806623531,0.03017219783758548,0.00245,0.0,0.00245,12.315182790851217,0.0812005811836497
0.0014,38,0.4281320330082521,0.3559953804183176,1.8641594762630964,555.178544636159,0.28664187956019305,2.154545363117071,0.031074149174443205,0.00245,0.0,0.00245,12.683326193650288,0.07884367118939467
0.0014,39,0.384394591736536,0.30641801552618597,2.1022069764026776,558.9877634262407,0.21826576348394156,1.8826613108039898,0.028908329712610117,0.00245,0.0,0.00245,11.799318250044946,0.08475065921678913
0.0014,40,0.41671085523823953,0.33695501332086575,1.9743929434180747,560.5939701537762,0.25664238291210495,1.9950309692416217,0.029375059491023068,0.00245,0.0,0.00245,11.98982020041758,0.08340408640699817
0.0014,41,0.4084366865717348,0.32485745130151394,2.017345592538664,566.5489205328433,0.2642920975049492,2.0670091717010717,0.030852165805145226,0.00245,0.0,0.00245,12.59272073679397,0.07941095660750704
0.0014,42,0.3727788279773157,0.30087454296142163,2.1447313649655366,559.578449905482,0.2752914930169936,2.0911382555325018,0.029153109169033603,0.00245,0.0,0.00245,11.899228232258613,0.08403906375112769
0.0014,43,0.3968910330040585,0.3119988700822242,2.0817257292947717,566.6788421778084,0.2896038634062279,2.160863171649337,0.02862407358965721,0.00245,0.0,0.00245,11.683295342717228,0.08559228973213873
0.0014,44,0.3728622014616138,0.30323701258690383,2.1348437331648342,557.5584268816394,0.2647732484911103,2.047279560513065,0.03226939919862096,0.00245,0.0,0.00245,13.171183346375901,0.07592332243064201
0.0014,45,0.3907862780813601,0.31748764819242986,2.048686348311379,561.655737704918,0.23932473876629956,1.9364798160530432,0.03182242018484023,0.00245,0.0,0.00245,12.988742932587849,0.07698974451877631
0.0014,46,0.37097262138859477,0.3015078893801067,2.174930376530672,559.7051883224929,0.22479702680720948,1.8938660532022422,0.030588295088626677,0.00245,0.0,0.00245,12.485018403521092,0.0800959972728574
0.0014,47,0.36446623915503584,0.2898041075719665,2.2041513920545626,558.3142210486609,0.24748470762278885,1.9910351918256273,0.03119555613507891,0.00245,0.0,0.00245,12.732880055134249,0.07853682714907632
0.0014,48,0.4482810276383791,0.3650753810747076,1.8242175654275352,554.3068683993708,0.2769545157207176,2.099564498553857,0.02920863084538064,0.00245,0.0,0.00245,11.92189014097169,0.08387931680089239
0.0014,49,0.49973173909711044,0.42568767536010027,1.588404483411766,567.1991262359163,0.33618505561025813,2.3369975886210863,0.031936246963937605,0.00245,0.0,0.00245,13.035202842423512,0.07671533861716873
0.0018,0,0.3218773656320969,0.2492844173403168,2.4357295358133824,560.2127176381529,0.293509038107004,2.16963671072035,0.03146122408816843,0.00315,0.0,0.00315,9.987690186720135,0.10012324985106398
0.0018,1,0.3464506172839506,0.26054374050444884,2.331308428374291,571.0,0.24853458517463878,1.9808439178345638,0.03303647573733362,0.00315,0.0,0.00315,10.487770075344006,0.09534915361568883
0.0018,2,0.44909365558912384,0.36350673782913623,1.8840445497290226,558.9456193353475,0.26261025565327145,2.0345184280880613,0.03182874700211762,0.00315,0.0,0.00315,10.104364127656389,0.09896713809659001
0.0018,3,0.3262406015037594,0.244351635945699,2.462153064993324,556.4285714285714,0.2608314446406439,2.0300081919099116,0.03103484657897612,0.00315,0.0,0.00315,9.852332247294006,0.10149881011926443
0.0018,4,0.3412734422262553,0.2687844484363961,2.2972853243552493,559.6206896551724,0.23942363474634476,1.9702629901176312,0.0311743824889972,0.00315,0.0,0.00315,9.896629361586413,0.10104450348332553
0.0018,5,0.5075498899764778,0.429043783698912,1.664790102302127,561.5281129068974,0.3096147917676717,2.213926024434093,0.029252909388320928,0.00315,0.0,0.00315,9.286637901054263,0.10768159700578778
0.0018,6,0.3264310901042839,0.2588449882387983,2.4181944883876367,555.2201215395004,0.22868327872129157,1.904542614366783,0.03001029455670554,0.00315,0.0,0.00315,9.527077637049377,0.10496398141137737
0.0018,7,0.3936396835057821,0.3176032591008367,2.1149572848983085,563.0206938527084,0.23671870309044607,1.9329000762320914,0.02961325639442383,0.00315,0.0,0.00315,9.401033776007566,0.10637128041727772
0.0018,8,0.3637825421133231,0.29412814955052746,2.19944537493608,566.635528330781,0.244875206873985,1.9757814504144033,0.030228992374698005,0.00315,0.0,0.00315,9.596505515777144,0.10420459805456778
0.0018,9,0.36408692337018683,0.2830065152254217,2.2057992696639266,564.2634388105223,0.29191597347380593,2.1621469247109593,0.028839355402472216,0.00315,0.0,0.00315,9.155350921419751,0.10922574225531997
0.0018,10,0.3757195185766614,0.288923755378656,2.205038559955202,553.2314420273603,0.26648687580018304,2.0584281537362976,0.02868410299600575,0.00315,0.0,0.00315,9.106064443176429,0.10981692543910598
0.0018,11,0.3284347493302717,0.2541324809198789,2.402817925704257,566.4190585533869,0.28054274729220197,2.111166913891542,0.029654276358947802,0.00315,0.0,0.00315,9.414055986967556,0.10622413988023442
0.0018,12,0.29343776138696676,0.2279474183868112,2.598587844816806,562.7215420880541,0.2333842620428186,1.9454922882429195,0.028835036946734,0.00315,0.0,0.00315,9.15397998309016,0.10924210035932638
0.0018,13,0.2937990999923728,0.228846778204131,2.6177348737463597,564.4352833498589,0.2553864312649239,2.019035207895401,0.030432425050601224,0.00315,0.0,0.00315,9.661087317651182,0.10350801800258663
0.0018,14,0.3488478559438425,0.2758804533034722,2.293729131555151,564.6502365328857,0.25665731326444075,2.0254761153273995,0.03337917025525443,0.00315,0.0,0.00315,10.596561985795056,0.09437023077301146
0.0018,15,0.40035178953808503,0.31772927849088256,2.0442576788405207,565.9434077699602,0.26330588970449753,2.0792574566989233,0.03016676342215551,0.00315,0.0,0.00315,9.576750292747782,0.10441955459121384
0.0018,16,0.3176632723374933,0.24508525236527273,2.4330778396760686,566.5922211163005,0.23848182123037986,1.9342031175033996,0.02803186818399504,0.00315,0.0,0.00315,8.899005772696837,0.11237210375434453
0.0018,17,0.43865288939915803,0.35943126430534683,1.8545520267214646,566.4190585533869,0.3099749958200846,2.2542070277898523,0.03329673004462739,0.00315,0.0,0.00315,10.570390490357902,0.09460388439880059
0.0018,18,0.35141633481103013,0.25947240383029896,2.3864063581164188,556.0529716733038,0.24521844927221537,1.9673934095156287,0.03036523933458543,0.00315,0.0,0.00315,9.63975851891601,0.10373703843698047
0.0018,19,0.3355755422870531,0.26451945049809084,2.3288396186068816,559.3251454916484,0.2483890776638873,1.9850062927227368,0.030952755593715336,0.00315,0.0,0.00315,9.826271617052488,0.10176799899003428
0.0018,20,0.29654135338345866,0.23167434051581307,2.5580305940194217,556.4285714285714,0.241423722502077,1.9602956870407016,0.0325452066591039,0.00315,0.0,0.00315,10.33181163781076,0.09678844669799778
0.0018,21,0.44013977514433306,0.343034533336804,1.9643827346061231,562.1668185961714,0.2677429426985327,2.059508932725733,0.030644473890769314,0.00315,0.0,0.00315,9.728404409768036,0.10279177939970569
0.0018,22,0.3635398498521271,0.28445733735411893,2.2423464476235675,561.1880640024266,0.23561834948486648,1.9442956725174647,0.031261431580908536,0.00315,0.0,0.00315,9.924263993939217,0.1007631397764815
0.0018,23,0.3305413842990939,0.26256983256785194,2.365556446585706,563.4914337927358,0.24049354757880792,1.9523619632125206,0.032120913133090234,0.00315,0.0,0.00315,10.197115280346106,0.09806695055486893
0.0018,24,0.35787273571760336,0.27679366830699276,2.306917117659476,572.8532280538783,0.256660106475465,2.044346329908474,0.03223242949558589,0.00315,0.0,0.00315,10.232517300185997,0.09772766276992495
0.0018,25,0.39705332435868673,0.3178390911221703,2.072401780848317,553.4792461296836,0.2918276959389914,2.169372140460113,0.03279155011956731,0.00315,0.0,0.00315,10.41001591097375,0.09606133252359846
0.0018,26,0.3178053043544342,0.24596627134533147,2.4990283920781553,562.3800440762976,0.2675798505079001,2.072723773077972,0.031734599165973224,0.00315,0.0,0.00315,10.074475925705785,0.09926074640254234
0.0018,27,0.32750862456877156,0.26008972332599245,2.3796417663328224,555.0122993850307,0.21968868377734907,1.8661201851192897,0.02995851097743863,0.00315,0.0,0.00315,9.510638405536072,0.10514541267996345
0.0018,28,0.3403319942393694,0.2656531482284886,2.3796294246737064,560.9332979610399,0.24118941405322403,1.9743672718981058,0.030773388874171352,0.00315,0.0,0.00315,9.769329801324238,0.10236116707457756
0.0018,29,0.3619824810960545,0.28771987521195086,2.314232937412027,554.0583214793741,0.23615476110717282,1.9437754264110079,0.03423016071316478,0.00315,0.0,0.00315,10.866717686718978,0.09202410781520295
0.0018,30,0.3548580867998198,0.27828484506017964,2.272829607202577,555.6778795614957,0.2650869571371004,2.0413153813337677,0.03077409937635448,0.00315,0.0,0.00315,9.769555357572852,0.10235880379395691
0.0018,31,0.30857317352469654,0.23733655736701575,2.5545317071286004,564.9514466753187,0.25953533401479945,2.0377528446899293,0.031229451670907554,0.00315,0.0,0.00315,9.914111641557954,0.10086632430163506
0.0018,32,0.3667944958267539,0.2767114485432372,2.301315330908951,556.4703361154974,0.24044231337029487,1.9590245127986008,0.0293564524571752,0.00315,0.0,0.00315,9.319508716563554,0.10730179351865414
0.0018,33,0.4105128590765529,0.32876218621399,1.9949536828903967,556.512107083772,0.2983383819810115,2.1915874383280753,0.032127502855182496,0.00315,0.0,0.00315,10.19920725561349,0.09804683589007518
0.0018,34,0.3645848859740647,0.2824360919380988,2.2693574081390846,551.5440453122671,0.2374339408997912,1.9503458154804947,0.0321019758892263,0.00315,0.0,0.00315,10.191103456897238,0.09812480112967648
0.0018,35,0.3386650261458013,0.261567439529193,2.370641334054686,569.0713626576438,0.2275157927942928,1.8832731986434452,0.02912786850615159,0.00315,0.0,0.00315,9.246942382905267,0.10814385540551116
0.0018,36,0.382339343504392,0.3099830128113933,2.140286211704385,570.2094313453537,0.263770017772913,2.058771580634612,0.030600383191629867,0.00315,0.0,0.00315,9.714407362422179,0.1029398873953193
0.0018,37,0.32912154031287605,0.2592957833983766,2.4096723604046453,556.5956678700361,0.26789098931476474,2.0614543529694487,0.030122521608951805,0.00315,0.0,0.00315,9.562705272683113,0.10457291859204389
0.0018,38,0.35274758916271237,0.2796011302516465,2.2871494309924962,566.3757844787999,0.2656835188099649,2.0561437484705363,0.03053630057881154,0.00315,0.0,0.00315,9.694063675813187,0.10315591411834986
0.0018,39,0.4476845206617814,0.37100134800881157,1.8794442867041712,559.0720707108861,0.2818323739920743,2.116756488845369,0.029556848536733894,0.00315,0.0,0.00315,9.383126519598061,0.10657428501164837
0.0018,40,0.3546520481193848,0.27590065843863487,2.2923922093359463,563.4486066697121,0.25786680850433186,2.0255513464104515,0.02964617941291231,0.00315,0.0,0.00315,9.41148552790867,0.10625315175108285
0.0018,41,0.32197370409551157,0.24838108327548644,2.514384518647536,559.1985794166541,0.24224282026989385,1.9574195902567797,0.031142317662656266,0.00315,0.0,0.00315,9.88645005163691,0.10114854116260154
0.0018,42,0.41633026125371314,0.342563211041059,1.9401775067080091,563.6628075253257,0.26203775667818263,2.0404515529726206,0.03138084459369045,0.00315,0.0,0.00315,9.962172886885856,0.10037970745482583
0.0018,43,0.30934977919902545,0.2379723259164778,2.515818144742986,563.4486066697121,0.2246656694333069,1.898975226395359,0.03072812318258479,0.00315,0.0,0.00315,9.754959740503107,0.10251195562068259
0.0018,44,0.3906547755164266,0.30788269075303076,2.122134993631762,564.0916990624286,0.25548528411309235,2.0251646040309716,0.027929674766904413,0.00315,0.0,0.00315,8.866563418064892,0.11278326820091111
0.0018,45,0.35104221536609226,0.2741865477690312,2.3047899932633467,556.8883286929039,0.2648697771364823,2.0504928462973213,0.03147636243241621,0.00315,0.0,0.00315,9.992496010290859,0.10007509624923955
0.0018,46,0.35028631705846897,0.27573127088763444,2.3273982012219063,557.6003616636528,0.25333427960867994,2.0084322359400417,0.029682836881152315,0.00315,0.0,0.00315,9.423122819413432,0.10612193209875276
0.0018,47,0.3543450261383438,0.275240966009582,2.3344365959749966,560.6787635426926,0.21786084622726776,1.864232095314375,0.032636384995586916,0.00315,0.0,0.00315,10.360757141456164,0.09651804268229898
0.0018,48,0.36613819922225543,0.29195150766144984,2.288315828924192,553.4379300029914,0.28395402035675943,2.111715401514732,0.03131249431919036,0.00315,0.0,0.00315,9.940474387044558,0.1005988206461557
0.0018,49,0.3395089966453187,0.2622245179136857,2.3376243676235497,564.220494053065,0.23698311753105372,1.9360969452431354,0.027288914943307013,0.00315,0.0,0.00315,8.663147601049845,0.11543148588150741
0.0026,0,0.29194377267230953,0.22043665950060665,2.6087493850077688,559.2829504232164,0.26215320982737467,2.042073093295693,0.03251498092472547,0.00455,0.0,0.00455,7.146149653785817,0.13993549651877635
0.0026,1,0.28975699784681636,0.2203426127560759,2.6035553714894735,569.0713626576438,0.2609993211226538,2.0344089840891737,0.029816051627238768,0.00455,0.0,0.00455,6.552978379612916,0.15260236522542442
0.0026,2,0.2809140795309329,0.216344381740302,2.62540013419604,556.3033150417199,0.25882957442081533,2.014318509918003,0.030572724219911817,0.00455,0.0,0.00455,6.719280048332267,0.1488254683250181
0.0026,3,0.31874625972471576,0.23651936888696543,2.556404717052302,553.6032315978456,0.27255647111451253,2.0764339987941227,0.033541485894350034,0.00455,0.0,0.00455,7.371755141615392,0.1356529050123696
0.0026,4,0.290494811249812,0.21561736646033514,2.629367919830298,556.512107083772,0.2326514894666616,1.9283340786621501,0.03166557126813032,0.00455,0.0,0.00455,6.959466212775895,0.1436891809553213
0.0026,5,0.26559903308656896,0.19940800599069633,2.7987577986117773,559.0299138842726,0.24238084998796694,1.9617682956406937,0.030302984990109163,0.00455,0.0,0.00455,6.659996701122893,0.15015022452359433
0.0026,6,0.2558086732763188,0.19761771789838417,2.8346597741099577,560.0857488836751,0.2521350432361942,1.9987928368647632,0.033627901467287745,0.00455,0.0,0.00455,7.390747575228075,0.13530430985787528
0.0026,7,0.24265982338289682,0.182331494129906,2.9046210850596506,558.5666088006642,0.215102339949226,1.844242186198808,0.030803055976134506,0.00455,0.0,0.00455,6.769902412337253,0.1477126166808006
0.0026,8,0.28760054636515403,0.22005686267883395,2.6335488652123766,561.57064804978,0.2565580353839323,2.0176552229099647,0.03263027343613954,0.00455,0.0,0.00455,7.171488667283415,0.1394410625735261
0.0026,9,0.3395235558261664,0.2619053722721792,2.473726080253232,563.2345688408554,0.2677307791309431,2.0588932922149272,0.030659942310190716,0.00455,0.0,0.00455,6.738448859382575,0.14840210571719428
0.0026,10,0.32966779452476164,0.2514538716003846,2.3552495992084985,569.0713626576438,0.32758032009587623,2.2876119067453202,0.02960822817697481,0.00455,0.0,0.00455,6.50730289603842,0.15367349821825413
0.0026,11,0.33083740831295844,0.2529392248874044,2.456917703334789,565.4254278728606,0.2683929983759299,2.0802260190018416,0.02951489393128353,0.00455,0.0,0.00455,6.486789875007369,0.15415945625938193
0.0026,12,0.35392702064447323,0.2767975746249501,2.288236076869117,563.7485335567914,0.3197345341613982,2.286097388947419,0.03200334571525676,0.00455,0.0,0.00455,7.033702355001485,0.14217263533890168
0.0026,13,0.2590467447020121,0.19741334552119916,2.776786373347606,566.1595134266697,0.26334033205057494,2.050456340564841,0.029711191870399722,0.00455,0.0,0.00455,6.5299322792087295,0.15314094499632022
0.0026,14,0.27087899629657625,0.20523500693515495,2.713655808188961,559.3251454916484,0.2540958941972349,2.015158398134284,0.02695743300203363,0.00455,0.0,0.00455,5.924710549897501,0.16878461683116322
0.0026,15,0.30002998051266677,0.23107469668617234,2.5433447008222525,554.6801079298456,0.2988399039604701,2.1874283878487866,0.03363555152725351,0.00455,0.0,0.00455,7.392428907088683,0.1352735362853593
0.0026,16,0.30502482322852414,0.23654321119303595,2.481984770785557,556.6792537987062,0.2706448167155031,2.0727846474537444,0.03019328187657336,0.00455,0.0,0.00455,6.63588612671942,0.15069577459647723
0.0026,17,0.2578855362164627,0.19535124550091287,2.8075594031195603,562.4653796458159,0.25249434742727317,2.021558512222411,0.03174112258224192,0.00455,0.0,0.00455,6.976070897196026,0.14334716701373287
0.0026,18,0.2949786084215267,0.2168395964485479,2.7070927823122832,555.469714028372,0.2581047896819655,2.0283219709449005,0.030990682785067617,0.00455,0.0,0.00455,6.811139073641234,0.14681832057576827
0.0026,19,0.37078395624430266,0.2738906512742261,2.2997647615863244,562.1668185961714,0.265607461653417,2.0537600114893744,0.03050081572720951,0.00455,0.0,0.00455,6.70347598400209,0.149176338124655
0.0026,20,0.2865028355387524,0.2129605098391162,2.6832764563715776,559.578449905482,0.25064791858312674,1.9986888027522944,0.03173718888291534,0.00455,0.0,0.00455,6.97520634789348,0.143364934329434
0.0026,21,0.2942528735632184,0.2234463228230613,2.5780247594836965,567.0689655172414,0.2605098040367011,2.0273915291438867,0.03497917398563036,0.00455,0.0,0.00455,7.687730546292386,0.13007739982279645
0.0026,22,0.28687844261676604,0.2181658267238338,2.66670302625758,558.398324907568,0.2460856442921795,1.975754318478024,0.030024677656093218,0.00455,0.0,0.00455,6.598830254086421,0.15154200994649553
0.0026,23,0.33047503414782214,0.2451028180633041,2.5461195200396287,561.57064804978,0.2400297117419541,1.9495662877513702,0.031027651349653344,0.00455,0.0,0.00455,6.819264032890844,0.1466433907202852
0.0026,24,0.2982819450836018,0.2128264052052789,2.6665082196735983,567.5899677864703,0.2513340486912057,2.006499397551612,0.03143628879484199,0.00455,0.0,0.00455,6.909074460404833,0.1447371866855529
0.0026,25,0.27834115332223397,0.2104617330900051,2.752206397138102,560.0434387770547,0.2517386431572959,2.0019984590936737,0.03196272786856174,0.00455,0.0,0.00455,7.024775355727854,0.14235330659856915
0.0026,26,0.2592564200843235,0.1908592809425713,2.8681106961398166,567.2859333077807,0.22373005564440973,1.8972171767884811,0.031808116829509424,0.00455,0.0,0.00455,6.990794907584489,0.1430452492484188
0.0026,27,0.28050257341810475,0.21596122298462173,2.7178070839036215,560.1280653950954,0.258789135114057,2.0201505399811768,0.03129793746475812,0.00455,0.0,0.00455,6.8786675746721135,0.14537699185843664
0.0026,28,0.2629497223701225,0.20535327521359584,2.778205317552209,562.8924469460713,0.2616876229585614,2.027694956580004,0.03094627075981373,0.00455,0.0,0.00455,6.80137818897005,0.14702902444415203
0.0026,29,0.28971398385027547,0.21893234613854343,2.7105033195553054,558.4824541544034,0.261509277013829,2.035964063395114,0.031741921971160277,0.00455,0.0,0.00455,6.976246587068192,0.14334355695707363
0.0026,30,0.26124895667349574,0.18756496045985596,2.871392428079996,561.5281129068974,0.2276889029017184,1.9002068551293223,0.03156678121962412,0.00455,0.0,0.00455,6.937754114203103,0.14413886447096488
0.0026,31,0.3157172271791352,0.2363414208670983,2.6067248265721186,564.3493479752917,0.22068474511615932,1.872933678382732,0.03202797615722803,0.00455,0.0,0.00455,7.039115638951214,0.1420633004615611
0.0026,32,0.29130728268206707,0.21671497626911243,2.666194777341544,555.0538513462836,0.25636957853566855,2.001735208308115,0.034197474843194915,0.00455,0.0,0.00455,7.515928536965915,0.13305075947458214
0.0026,33,0.3359713872612434,0.2548661609263641,2.491933469523282,563.1489993151206,0.2585133034735918,2.0208914014299664,0.0325589877829136,0.00455,0.0,0.00455,7.155821490750241,0.13974635914166111
0.0026,34,0.28507303712720633,0.2127990085918257,2.673054635456733,563.0206938527084,0.2464443601493258,1.9691369664181066,0.029845050331418203,0.00455,0.0,0.00455,6.559351721190813,0.15245409035916976
0.0026,35,0.31158151222112235,0.2469979734033178,2.4886692533651473,563.4914337927358,0.2605924799281638,2.0318133322973226,0.03216673233472441,0.00455,0.0,0.00455,7.069611502137233,0.14145048843174585
0.0026,36,0.2776504735716468,0.2102241346354337,2.737193591329443,565.2529789184234,0.2558423331065569,2.0075304095612774,0.0316418860152146,0.00455,0.0,0.00455,6.954260662684527,0.14379673821630576
0.0026,37,0.26384364820846906,0.2015419236723674,2.7355895540357733,560.5939701537762,0.236014479334699,1.9449749152013203,0.03014548428077888,0.00455,0.0,0.00455,6.6253811606107424,0.15093471239740985
0.0026,38,0.29486196319018404,0.22028209349522326,2.630019370262072,567.5030674846626,0.2852599687757902,2.14819293047985,0.029140784329616823,0.00455,0.0,0.00455,6.40456798453117,0.15613855648269812
0.0026,39,0.31270726560144707,0.23205396398167852,2.5813922934312608,557.7681640036177,0.2580757506075315,2.0271348429238234,0.03133592915326787,0.00455,0.0,0.00455,6.887017396322609,0.14520073675637293
0.0026,40,0.5087837837837837,0.340944576369873,2.151875263479009,555.5945945945946,0.27440922969253734,2.0828780787818815,0.03282680192512044,0.00455,0.0,0.00455,7.214681741784712,0.13860625260964426
0.0026,41,0.3063277530333282,0.25268766477909216,2.404765866647436,568.2861311626478,0.2774615971429739,2.1116977491353035,0.03194583187956858,0.00455,0.0,0.00455,7.021061951553533,0.14242859654282533
0.0026,42,0.30293804231998783,0.23060919913181555,2.542447524576899,563.2773633734206,0.2894733854336664,2.1428756220452096,0.03170330402154015,0.00455,0.0,0.00455,6.96775912561322,0.1435181644445827
0.0026,43,0.35237292034041245,0.2643684094497363,2.422933016972018,567.3727670014567,0.29933298684773035,2.1975533565887133,0.03244677021314139,0.00455,0.0,0.00455,7.131158288602504,0.14022967371209066
0.0026,44,0.2739819004524887,0.20742106261806453,2.750205700314053,558.10407239819,0.2548775887989905,2.018423018198119,0.029885734287084097,0.00455,0.0,0.00455,6.568293249908592,0.15224655202687798
0.0026,45,0.25904076003677595,0.19332551725324296,2.838655751024715,566.9822249463683,0.23505317253875546,1.9194930065539708,0.030400985886146273,0.00455,0.0,0.00455,6.681535359592587,0.1496661988871037
0.0026,46,0.2757254931830299,0.21636664047722073,2.712619456110336,563.6628075253257,0.24688675641664304,1.9730714560227436,0.030247352949350586,0.00455,0.0,0.00455,6.64776987897815,0.1504263863227638
0.0026,47,0.24311368132704306,0.18726743402015267,2.849305893503502,563.1062243189773,0.2567249907879159,2.026836206734524,0.02930198168687041,0.00455,0.0,0.00455,6.439995975136354,0.15527960015205244
0.0026,48,0.3320801043504949,0.23209040869561168,2.5851844446596326,567.8073352259648,0.2509623697551433,2.009547714973899,0.031979435297428895,0.00455,0.0,0.00455,7.02844731811624,0.14227893512446776
0.0026,49,0.31811588670890906,0.2500911009587952,2.391337820014081,564.9514466753187,0.27592524234205484,2.094372670067224,0.031213391039048105,0.00455,0.0,0.00455,6.860085942647935,0.14577076852393026
0.0037,0,0.2184080347773947,0.15469627559130958,3.1251024969327528,554.6801079298456,0.28415286872768775,2.1279023197568954,0.029051607169716265,0.006475000000000001,0.0,0.006475000000000001,4.4867346980256775,0.22287923563656115
0.0037,1,0.23485888634630053,0.17092247259083557,3.0208490036581477,564.4782608695652,0.25446873626788147,1.9942219743397303,0.03151811910281797,0.006475000000000001,0.0,0.006475000000000001,4.867663181902389,0.20543738599620576
0.0037,2,0.23919264949540595,0.1730268259976207,2.9893293913470895,557.3488477180298,0.24523115961346775,1.9740226385986501,0.031162736731084287,0.006475000000000001,0.0,0.006475000000000001,4.81277787352653,0.20778021057249768
0.0037,3,0.27744571385337063,0.20696515235611346,2.7857899128558734,559.9165468714534,0.29195944167440757,2.155335555664546,0.030254651275380837,0.006475000000000001,0.0,0.006475000000000001,4.6725330155028315,0.21401667932193
0.0037,4,0.2622369711139603,0.19434406356815961,2.766694359462857,558.1460894486763,0.24739743809914216,1.9861298983736595,0.031413629633937144,0.006475000000000001,0.0,0.006475000000000001,4.851525812191064,0.20612072133825796
0.0037,5,0.24611498124473705,0.17964597618864125,2.901258348243609,566.5056265788869,0.2680774706241209,2.0547372118848886,0.02920352286310408,0.006475000000000001,0.0,0.006475000000000001,4.510196581174375,0.2217198257330987
0.0037,6,0.22141988446336272,0.1666710713062355,3.126823702144722,562.508057160231,0.24077545417821966,1.9550751164260465,0.03362734749589056,0.006475000000000001,0.0,0.006475000000000001,5.193412740678078,0.1925516129629695
0.0037,7,0.22860164689884416,0.16819222303846781,2.9960216910078348,559.0720707108861,0.2562663704447914,2.024887827631561,0.032006725595438046,0.006475000000000001,0.0,0.006475000000000001,4.943123644083095,0.20230123136753764
0.0037,8,0.24452361100583642,0.17580337424103445,2.9916483903066053,560.9332979610399,0.24621727733756416,1.9626197394449094,0.030877287978133057,0.006475000000000001,0.0,0.006475000000000001,4.768693124035993,0.209701059386612
0.0037,9,0.3201367781155015,0.25517824292258207,2.5655755148816883,562.3373860182371,0.3075497937388718,2.2020680936498804,0.03290493920056614,0.006475000000000001,0.0,0.006475000000000001,5.081843891979326,0.196778968668892
0.0037,10,0.22790341126868532,0.16283503186963993,3.0741586338552755,567.2859333077807,0.24643851246219128,1.9707498620536197,0.03158151819034375,0.006475000000000001,0.0,0.006475000000000001,4.877454546771235,0.20502497571442824
0.0037,11,0.2470098410295231,0.16655676606675812,3.0162007638390134,560.2127176381529,0.24141837906790897,1.9536997908288773,0.027645083559934724,0.006475000000000001,0.0,0.006475000000000001,4.269510974507293,0.2342188615911454
0.0037,12,0.2700796359499431,0.1877049614110148,2.8958032403203795,561.2730375426621,0.24262115333112888,1.975484239305432,0.0337493074986843,0.006475000000000001,0.0,0.006475000000000001,5.212248262345065,0.19185578845587944
0.0037,13,0.26493073953523577,0.19833556878271003,2.857680554011839,560.1703883127697,0.2728261486336123,2.109786127201591,0.030493511648861563,0.006475000000000001,0.0,0.006475000000000001,4.709422648472827,0.21234025370907836
0.0037,14,0.23369079535299375,0.17814643789800808,2.948027143077339,551.1340482573727,0.25654506479622796,2.0149923173840802,0.031782798356519024,0.006475000000000001,0.0,0.006475000000000001,4.9085402867210846,0.20372655445148688
0.0037,15,0.23304628632938643,0.1735506755010954,2.941407333370587,568.9840073812087,0.27662865791353397,2.1073814886469053,0.030667182043900478,0.006475000000000001,0.0,0.006475000000000001,4.73624433110432,0.21113775601328327
0.0037,16,0.2437829979340424,0.17643237850821072,3.0196384290522116,566.2460019894406,0.248475429660175,1.997971670325167,0.02968074490249587,0.006475000000000001,0.0,0.006475000000000001,4.583898826640288,0.21815490215191716
0.0037,17,0.2549382259377081,0.18732996435819715,2.8843269501615207,547.5117999556114,0.3118336074403487,2.2270192993763165,0.030888512861263588,0.006475000000000001,0.0,0.006475000000000001,4.770426696720245,0.20962485403821804
0.0037,18,0.23296736351331027,0.18684081167759045,2.9610743298166318,556.512107083772,0.26912753167562187,2.081144184293618,0.030682454405963445,0.006475000000000001,0.0,0.006475000000000001,4.738602997059991,0.21103266102276091
0.0037,19,0.24423822925382216,0.1764737029547632,2.938485729094817,562.8924469460713,0.26902923101442866,2.0454795954374285,0.03160470805368039,0.006475000000000001,0.0,0.006475000000000001,4.881035992846392,0.20487453923011267
0.0037,20,0.2508031206975677,0.18363462667977198,2.8723191000531134,566.0298301973382,0.29728504712693393,2.1747961535894325,0.029107429481270528,0.006475000000000001,0.0,0.006475000000000001,4.495355904443324,0.22245179720065647
0.0037,21,0.28206896551724137,0.2055914470207009,2.7233700970224413,567.0689655172414,0.24857991514727473,1.9948186010372277,0.030238090811329145,0.006475000000000001,0.0,0.006475000000000001,4.669975414877087,0.21413388961627322
0.0037,22,0.21984450773612502,0.1618150836385152,3.0769226309926045,569.6398275729351,0.2148656372737605,1.8552886086475024,0.027548466131050393,0.006475000000000001,0.0,0.006475000000000001,4.254589363868786,0.23504030929336958
0.0037,23,0.22862912272829258,0.16672890248054945,3.0564708344950073,553.4792461296836,0.2571378222783096,1.9988260719015924,0.03265094962129325,0.006475000000000001,0.0,0.006475000000000001,5.042617702130231,0.1983096992614678
0.0037,24,0.23229461756373937,0.17041364950570664,3.0559708170378124,566.5922211163005,0.26658589456928894,2.0758361635204334,0.03191288761062458,0.006475000000000001,0.0,0.006475000000000001,4.928631291216151,0.20289608633987466
0.0037,25,0.29468783391848574,0.2117785181622466,2.7530915643238463,564.8223172034803,0.3067460867459886,2.2303237070627078,0.03295742580590501,0.006475000000000001,0.0,0.006475000000000001,5.0899499314139005,0.19646558678863413
0.0037,26,0.32056359482102054,0.24709854953098953,2.6744890050680374,563.6199543031227,0.24108776124194264,1.9482195759277443,0.032534286457723736,0.006475000000000001,0.0,0.006475000000000001,5.024600225131079,0.19902080866023777
0.0037,27,0.22578184591914569,0.17584445645190164,2.9405229762993335,564.4782608695652,0.27740048777195625,2.1064952451197536,0.030947158211482296,0.006475000000000001,0.0,0.006475000000000001,4.779483893665219,0.20922761165183779
0.0037,28,0.2581381198661393,0.1777854443383173,2.9746335664808385,562.849710982659,0.2500186857650988,1.9897257315200074,0.03235718905384397,0.006475000000000001,0.0,0.006475000000000001,4.997249274724937,0.2001100895762385
0.0037,29,0.24195278969957082,0.1816747327665359,2.889619565543861,567.1557326793378,0.24844365956960246,1.9964247085510114,0.03230189543421014,0.006475000000000001,0.0,0.006475000000000001,4.988709719569132,0.20045263328858678
0.0037,30,0.2032020638895212,0.14514701940912703,3.2392506512396744,561.5281129068974,0.21764885500306264,1.8605151972559213,0.02892820570613691,0.006475000000000001,0.0,0.006475000000000001,4.467676556932341,0.22382999021008676
0.0037,31,0.22878625134264233,0.16914754195039947,3.0117340197552602,567.7638483965014,0.2685893638408743,2.076115957012375,0.03237115705968573,0.006475000000000001,0.0,0.006475000000000001,4.99940649570436,0.20002374299013895
0.0037,32,0.22423504338559902,0.1640481491355262,3.095485423445101,563.2773633734206,0.26304500130936503,2.0628804802695457,0.0322148892410088,0.006475000000000001,0.0,0.006475000000000001,4.975272469653868,0.20099401713160253
0.0037,33,0.21749497056851202,0.16410225574626539,3.0567418410210827,551.4209820430668,0.238708738819696,1.948747244766069,0.029946354192342914,0.006475000000000001,0.0,0.006475000000000001,4.624919566385006,0.21621997650904748
0.0037,34,0.23920215956808638,0.17403036596556684,2.9433017326726643,554.9292141571685,0.24204695763182826,1.952692534597749,0.029778774511120425,0.006475000000000001,0.0,0.006475000000000001,4.599038534535972,0.21743675172334617
0.0037,35,0.22668294916806594,0.16299052115951287,3.0905865349778177,564.8223172034803,0.23400495946407318,1.9328175623365857,0.03309456055250204,0.006475000000000001,0.0,0.006475000000000001,5.111129042857457,0.19565148749226927
0.0037,36,0.22691034897713597,0.16960360457474424,2.968392730807732,556.5956678700361,0.27804367765202187,2.0794718739572,0.030615010085051967,0.006475000000000001,0.0,0.006475000000000001,4.728186885722311,0.21149756220924693
0.0037,37,0.2565617805065234,0.18132724273753598,2.9597168389830824,567.9378357636224,0.2454097207810264,1.9748729645428187,0.03092310423075963,0.006475000000000001,0.0,0.006475000000000001,4.77576899316751,0.20939036235434702
0.0037,38,0.26139420490354315,0.2014128991829162,2.7235557310433873,568.765736684344,0.2413447348808404,1.9649311324105365,0.031085314978420635,0.006475000000000001,0.0,0.006475000000000001,4.800820846088128,0.20829771242449796
0.0037,39,0.25728974831184775,0.19070236391065848,2.8720077985064605,567.8508287292817,0.27312896627699956,2.0918606286897,0.03214086848047241,0.006475000000000001,0.0,0.006475000000000001,4.96384069196485,0.20145690848192135
0.0037,40,0.2220848466115447,0.16135840677811453,3.10468092262193,571.8368750482961,0.26398632576456293,2.044149284890154,0.028757482335561874,0.006475000000000001,0.0,0.006475000000000001,4.4413100132141885,0.22515879256901888
0.0037,41,0.23839743099625355,0.17727513145622129,2.925631373584471,565.8138236868263,0.2601116063306108,2.0422875639713762,0.0293254941993913,0.006475000000000001,0.0,0.006475000000000001,4.529033853187845,0.22079764303288027
0.0037,42,0.27204106280193235,0.21145172587094482,2.719125432793925,558.6086956521739,0.2660268552717753,2.055095092262785,0.03205473881719303,0.006475000000000001,0.0,0.006475000000000001,4.950538813466104,0.2019982142711155
0.0037,43,0.21702159680939123,0.15929652381251672,3.083023954719097,556.8883286929039,0.2558882623561658,2.012048406719992,0.029122340789239913,0.006475000000000001,0.0,0.006475000000000001,4.497658809149021,0.22233789676660798
0.0037,44,0.22842261904761904,0.16678401648301677,3.036311229206279,550.6428571428571,0.2584372179408092,2.0177512751796414,0.03222645954022072,0.006475000000000001,0.0,0.006475000000000001,4.977059388451076,0.20092185404104906
0.0037,45,0.28972249980782533,0.21639639336900335,2.696083444158668,568.8530248289645,0.272561986988876,2.0890333766287124,0.03175884095673203,0.006475000000000001,0.0,0.006475000000000001,4.9048403021979965,0.2038802363354974
0.0037,46,0.21150489489261592,0.153292205360083,3.1595475149056433,561.6131896486302,0.2623513496364467,2.035085549545994,0.030308896159036158,0.006475000000000001,0.0,0.006475000000000001,4.680910603712148,0.21363364624117376
0.0037,47,0.26282099555689437,0.19767935741309986,2.8104641553802274,557.3069508246103,0.2733388135675341,2.0732399983730074,0.03002210466691716,0.006475000000000001,0.0,0.006475000000000001,4.636618481377167,0.21567441962638692
0.0037,48,0.21645287656502035,0.1638373945749327,3.1242713913147915,568.4168522928028,0.2733943077328149,2.081308081207116,0.033479782979719125,0.006475000000000001,0.0,0.006475000000000001,5.170622854010675,0.19340029784309917
0.0037,49,0.23800181104738907,0.17891468160469645,2.9563917910296826,558.4403863567763,0.2320211167098023,1.936049202120517,0.02968785066092114,0.006475000000000001,0.0,0.006475000000000001,4.584996241068901,0.21810268698647173
0.0054,0,0.20593207315199016,0.14243461477976832,3.283558601517267,568.6348547717843,0.23229155247099698,1.9403055100841908,0.030039032973200434,0.00945,0.0,0.00945,3.178733647957718,0.3145906863390341
0.0054,1,0.19882953181272509,0.14441713286905902,3.282824049124347,555.2617046818727,0.26732492120936513,2.054619387900851,0.032778418308213764,0.00945,0.0,0.00945,3.4686156939908743,0.28829945091133263
0.0054,2,0.21997403985645567,0.1481947910689023,3.2055209469744494,565.037565854776,0.3060480202839244,2.2135415214792973,0.0312629682376782,0.00945,0.0,0.00945,3.308250607161714,0.30227456101275885
0.0054,3,0.20528238696909729,0.15279161450890785,3.177415742137746,563.2773633734206,0.2699533846753184,2.071755572644177,0.03131001852371733,0.00945,0.0,0.00945,3.313229473409241,0.30182032606724996
0.0054,4,0.19925412892914224,0.15181929857288387,3.2844678012321338,563.2345688408554,0.23440970623050816,1.9405119773993225,0.031869408465047745,0.00945,0.0,0.00945,3.3724241761955285,0.2965226044394308
0.0054,5,0.26206075044669447,0.19880516127460043,2.894955608754676,550.9702203692674,0.3319400500913616,2.316190268926299,0.030651566831388973,0.00945,0.0,0.00945,3.243552045649627,0.3083039784551129
0.0054,6,0.191,0.14346217073570924,3.3519055781201033,569.2461538461539,0.2557316055172123,2.021897101925524,0.030577877130310998,0.00945,0.0,0.00945,3.2357541936837033,0.30904696096880047
0.0054,7,0.1948560460652591,0.13333834475402803,3.3629769031389367,568.1554702495201,0.2737722594465595,2.0696906448939907,0.0309518713437035,0.00945,0.0,0.00945,3.2753303009210053,0.3053127190618929
0.0054,8,0.180215250744218,0.12265965238705516,3.4349005395313505,564.865353789787,0.2740525395201985,2.0872136392084952,0.029547805102621803,0.00945,0.0,0.00945,3.126751862711302,0.31982070976776183
0.0054,9,0.16697851957188833,0.12171521743847857,3.487115585578246,553.8927475488362,0.2727740566479042,2.0760790234168596,0.030081775870974093,0.00945,0.0,0.00945,3.1832567059231844,0.31414368754466737
0.0054,10,0.1788702928870293,0.13110545195992354,3.401325984590307,552.9426180514047,0.287355188454967,2.1519903646133027,0.03252246266017394,0.00945,0.0,0.00945,3.4415304402300464,0.2905684018686628
0.0054,11,0.17830051337062294,0.1317513769881025,3.3457883341471075,567.025591908666,0.3139723869098816,2.2495735409038673,0.03369293897827834,0.00945,0.0,0.00945,3.565390368071782,0.28047419686636316
0.0054,12,0.15819684677789683,0.11601667766776555,3.5556955564653183,566.3757844787999,0.2580916441802401,2.0329123543320398,0.03160005136314872,0.00945,0.0,0.00945,3.343920779169177,0.2990501468304694
0.0054,13,0.30018960940462647,0.24008279558474416,2.9106179266087864,561.2730375426621,0.2496770340949297,1.9757872963315217,0.032902750645570585,0.00945,0.0,0.00945,3.481772555086834,0.2872100300000958
0.0054,14,0.18917907655466587,0.1378634931965328,3.3373944750453215,553.8099977549952,0.25578575138933957,2.0103471728348574,0.031875272051390416,0.00945,0.0,0.00945,3.3730446615227954,0.2964680578965533
0.0054,15,0.23301119803650866,0.17624948897335402,3.0053411394797145,567.5899677864703,0.2555648844863754,2.019753798383781,0.030797013239658583,0.00945,0.0,0.00945,3.258943199963871,0.3068479377029603
0.0054,16,0.18812861932337702,0.14468103319821665,3.2769506402917346,563.8771715940262,0.2557377225602977,2.00937928868058,0.02899243499339917,0.00945,0.0,0.00945,3.067982538984039,0.3259470962736149
0.0054,17,0.1728339687523361,0.1330511424537112,3.417014593794841,553.2314420273603,0.26637510518776253,2.057792638284438,0.031130361144923038,0.00945,0.0,0.00945,3.2942181105738664,0.3035621705770405
0.0054,18,0.18117161211379626,0.13101969708025216,3.387136374252154,565.9434077699602,0.27868539301562123,2.106715392727843,0.02961280783016142,0.00945,0.0,0.00945,3.1336304582181396,0.31911867507460495
0.0054,19,0.20141289643769728,0.1378306087837007,3.317218705358758,556.1781151360289,0.24308004704653285,1.9477218731681434,0.03225514540069859,0.00945,0.0,0.00945,3.4132428995448243,0.2929765121999831
0.0054,20,0.2,0.1410111634855573,3.305935648955957,559.578449905482,0.2598098332819063,2.037933060915294,0.029675644528203454,0.00945,0.0,0.00945,3.1402798442543336,0.3184429571872924
0.0054,21,0.16297311705125275,0.12034170280203366,3.456834360718366,563.5771076079507,0.24870172946248204,1.997605497839322,0.030996343696760846,0.00945,0.0,0.00945,3.2800363700276027,0.3048746682011897
0.0054,22,0.15977002799001438,0.12076625434038286,3.377017598973355,559.831984265073,0.3109326664125547,2.216731862756264,0.028518651056851328,0.00945,0.0,0.00945,3.0178466726826803,0.33136209637551317
0.0054,23,0.19801309550688642,0.14444815172663542,3.2136207046965253,556.9720027094152,0.2862453852139879,2.126631645209449,0.033062220958102656,0.00945,0.0,0.00945,3.4986477204341435,0.28582471855037495
0.0054,24,0.18200331875094283,0.12463491470969547,3.4209699754981706,558.188112837532,0.2602711585932411,2.0456714762983337,0.03197533468790343,0.00945,0.0,0.00945,3.3836333003072414,0.2955402998041182
0.0054,25,0.18520505940973553,0.1305226136518114,3.41247607355432,567.2859333077807,0.28106493822997436,2.1154600160751387,0.03212941632914159,0.00945,0.0,0.00945,3.399938235887999,0.2941229900721473
0.0054,26,0.22150735294117646,0.1612434483579856,3.103016288420305,566.8088235294117,0.29281823814380914,2.1634049087192015,0.03316824465284097,0.00945,0.0,0.00945,3.50986715903079,0.28491106776706004
0.0054,27,0.19159766010787815,0.14351891611947107,3.266199337053313,562.2094507331155,0.23746414727065712,1.9485988229543598,0.030332557471447974,0.00945,0.0,0.00945,3.209794441423066,0.3115464302307935
0.0054,28,0.18038288460071694,0.12791989108925078,3.390156818130021,564.4352833498589,0.27210735154221766,2.073367942580841,0.031047361225629004,0.00945,0.0,0.00945,3.2854350503311114,0.30437369318843127
0.0054,29,0.1749943134430207,0.12287453770982294,3.433760259560538,561.1031162332247,0.25832482500118203,2.025534142554699,0.028751454306989645,0.00945,0.0,0.00945,3.0424819372475813,0.32867902607982685
0.0054,30,0.2077386857971457,0.15378713430497615,3.1698595860837004,564.7792871861406,0.31438392790732905,2.267050903447112,0.030384057845343326,0.00945,0.0,0.00945,3.215244216438447,0.31101836522629944
0.0054,31,0.22743655203484006,0.1480461540653553,3.210969684525791,555.6778795614957,0.2778946863254532,2.0987970017410715,0.033471786052015735,0.00945,0.0,0.00945,3.541987942012247,0.2823273304064067
0.0054,32,0.17835272504592775,0.12953142302463536,3.427537748507992,566.4623392529088,0.26765442272881046,2.0772200031268873,0.0319107438729273,0.00945,0.0,0.00945,3.37679829343146,0.2961385055024452
0.0054,33,0.17195261750095528,0.125860241057607,3.441208580622453,565.5548337791364,0.24967881370685063,1.9810363494750127,0.030970617679117025,0.00945,0.0,0.00945,3.277314040118204,0.3051279150422621
0.0054,34,0.3952395391146149,0.3448323586966149,2.4639262370486614,560.9757428744693,0.24316545817418955,1.9852174141716477,0.0347809533716271,0.00945,0.0,0.00945,3.680524166309746,0.2717004303771883
0.0054,35,0.2126769137117638,0.16192858660407144,3.047666856323816,563.1062243189773,0.26874981602304615,2.0702441615456277,0.03145731480628991,0.00945,0.0,0.00945,3.3288163816179797,0.3004070772789058
0.0054,36,0.1766220001514119,0.12703964441013557,3.4350930162560815,560.2550533727004,0.2532315133139491,2.015215554094655,0.029002976762848784,0.00945,0.0,0.00945,3.0690980701427284,0.3258286236364858
0.0054,37,0.18956416830040718,0.1427859910948858,3.2379405899170797,558.0200573065903,0.2870093405654188,2.143470276283737,0.030323795550587004,0.00945,0.0,0.00945,3.2088672540303707,0.3116364501348535
0.0054,38,0.18022813688212927,0.13071996036596328,3.343189082509193,562.7642585551331,0.27516777312848717,2.1152915029508406,0.03129365301427664,0.00945,0.0,0.00945,3.3114976734684274,0.30197816776739894
0.0054,39,0.22102922003221107,0.14826373395535508,3.2820440819771313,567.5465143032441,0.24976979370694607,2.0026034660637344,0.03227444632741739,0.00945,0.0,0.00945,3.4152853256526337,0.292801304912616
0.0054,40,0.1724137931034483,0.1266206301568843,3.386854698850775,567.0689655172414,0.2506930273375474,2.0032382995904046,0.03115218909842731,0.00945,0.0,0.00945,3.296527946923525,0.303349468319614
0.0054,41,0.20714718352513628,0.15303558554245686,3.1482805180599165,560.2973955178679,0.29702424991410226,2.18299381849727,0.031054606228476955,0.00945,0.0,0.00945,3.2862017172991487,0.30430268316635056
0.0054,42,0.2038177808198342,0.14661915017051533,3.356064057213368,562.8069815195072,0.23808009017375298,1.9403364288580935,0.03189499650623578,0.00945,0.0,0.00945,3.3751319054217754,0.2962847165746651
0.0054,43,0.19711465451784357,0.14874544929344016,3.1455268749665817,561.9111617312072,0.2956064758473076,2.16952859651975,0.03023047154432528,0.00945,0.0,0.00945,3.198991697812199,0.3125984980467137
0.0054,44,0.1932341614437816,0.14431642405089526,3.3354853818254484,558.8192252510761,0.2722053552279249,2.0940431572241804,0.03110160985921253,0.00945,0.0,0.00945,3.2911756464775164,0.3038427927935968
0.0054,45,0.1885417474222808,0.14171962744349495,3.2950633358773604,573.6955577951779,0.25425273505970836,2.004819033822188,0.03382801128142956,0.00945,0.0,0.00945,3.579683733484609,0.27935428782323163
0.0054,46,0.20748972446338865,0.14838862227328614,3.1876752123019108,563.2773633734206,0.28522128047188744,2.144963499443141,0.0320299993432747,0.00945,0.0,0.00945,3.389417919923248,0.29503590988940204
0.0054,47,0.22822141560798548,0.16455617709672718,3.0522431895258904,559.6206896551724,0.31389358994783834,2.2412499338701304,0.0301496140006907,0.00945,0.0,0.00945,3.1904353439884336,0.31343684863705085
0.0054,48,0.23696574719612004,0.17746041634146636,2.9645022361607385,560.806001818733,0.2997496127791237,2.204969977683461,0.03174343212596068,0.00945,0.0,0.00945,3.359093346662506,0.2976993780162644
0.0054,49,0.18935493640218048,0.13313525703752155,3.3308351376367753,560.2973955178679,0.272656716988422,2.0744598205743614,0.03236637045324508,0.00945,0.0,0.00945,3.4250127463751405,0.29196971633415064
0.008,0,0.15549718574108817,0.11042676222711308,3.631847769076155,555.3864915572233,0.3038585292524658,2.2240730191726543,0.030796688966709684,0.014,0.0,0.014,2.1997634976221203,0.45459432392662696
0.008,1,0.1617913148371532,0.10989779633032586,3.6361481543816945,557.9360675512665,0.27539746806723997,2.0832768712304603,0.0321443676271672,0.014,0.0,0.014,2.2960262590833715,0.4355350885225607
0.008,2,0.16103318770598604,0.11202440155981035,3.588875298419637,567.1991262359163,0.3183289568987675,2.267345782921499,0.030682045186584184,0.014,0.0,0.014,2.1915746561845846,0.4562929203337965
0.008,3,0.17994390964905632,0.12034647396176273,3.5491689310063035,560.9332979610399,0.286183101212373,2.1431164790621393,0.030796737053013317,0.014,0.0,0.014,2.199766932358094,0.4545936141189401
0.008,4,0.15066099376994377,0.10409730117431651,3.650703037087074,562.2520893481234,0.25927964501897804,2.018822783664959,0.03380498281265618,0.014,0.0,0.014,2.4146416294754416,0.4141401306898037
0.008,5,0.14699619771863118,0.10100232067530719,3.6791359107902166,562.7642585551331,0.24581353904795833,1.9843002266797205,0.031453662701386526,0.014,0.0,0.014,2.2466901929561804,0.4450991966472273
0.008,6,0.19643129479945096,0.13122450389093387,3.309091271604033,564.3063901174318,0.3389481670164969,2.345824992742756,0.03210480010242229,0.014,0.0,0.014,2.293200007315878,0.4360718632521156
0.008,7,0.18159677296597915,0.12917986703839598,3.4564226624101466,563.2345688408554,0.2914764939923771,2.167707199913469,0.03007693143984303,0.014,0.0,0.014,2.1483522457030735,0.4654730163547916
0.008,8,0.19586614173228348,0.13791957506410926,3.3147591992201577,560.2973955178679,0.3198725117545109,2.2637437620740197,0.03146134759364324,0.014,0.0,0.014,2.24723911383166,0.4449904746873811
0.008,9,0.203531669865643,0.13087634068113116,3.343187594949154,568.1554702495201,0.27260870375903323,2.071992519361682,0.03267858366347111,0.014,0.0,0.014,2.3341845473907936,0.42841514014726195
0.008,10,0.14383927889389658,0.10595547812422854,3.6401764861672556,565.2960812772134,0.2820671841909643,2.117211801799533,0.030302699893225524,0.014,0.0,0.014,2.164478563801823,0.46200503748280997
0.008,11,0.17729038153986748,0.11810857297469426,3.57891868233139,563.5771076079507,0.27289442779147066,2.069222561565377,0.0297154088859709,0.014,0.0,0.014,2.1225292061407783,0.4711360376605693
0.008,12,0.15790664354121106,0.1170111745868034,3.500344447404301,558.0620616846392,0.30670571175869554,2.2257879659772875,0.029234096539842654,0.014,0.0,0.014,2.088149752845904,0.47889285652866465
0.008,13,0.16562098420137578,0.11500559669160111,3.561481710892921,559.4095547660443,0.25590021192329004,2.0233689795323793,0.029691529161992632,0.014,0.0,0.014,2.120823511570902,0.47151495376401975
0.008,14,0.15344722391702256,0.11221091096713205,3.660674588059219,564.392312385601,0.24758062552427873,1.9856845126705907,0.03183083758875862,0.014,0.0,0.014,2.2736312563399013,0.43982505835612196
0.008,15,0.16313274600567418,0.11558583662097956,3.5843428165339914,552.5305360609228,0.2641056108986959,2.0462147789778777,0.030760168820924725,0.014,0.0,0.014,2.1971549157803376,0.4551340430380358
0.008,16,0.19669131661203018,0.14155067220350767,3.388035308340206,564.1775558435618,0.31826991282287054,2.248747721656123,0.031393619774554134,0.014,0.0,0.014,2.242401412468152,0.4459504861350075
0.008,17,0.1528843203436637,0.10862683777687744,3.5952825416864185,567.6768947529918,0.26363685209071264,2.048869667276181,0.03248568172913676,0.014,0.0,0.014,2.320405837795483,0.43095909504781144
0.008,18,0.14638021030335124,0.10117936239320346,3.7145073650770373,559.831984265073,0.2763130336534232,2.1187650826691655,0.0306069654701351,0.014,0.0,0.014,2.186211819295364,0.4574122192433801
0.008,19,0.16322376357056695,0.11900705837714128,3.530363796674393,557.9360675512665,0.26306366769131273,2.058812021481768,0.03152123706534189,0.014,0.0,0.014,2.2515169332387064,0.4441450051905871
0.008,20,0.19291007716403086,0.13137747870449287,3.33673438203167,565.3823057529223,0.26269092797883786,2.0401971735290276,0.029160218630608307,0.014,0.0,0.014,2.082872759329165,0.48010613971545346
0.008,21,0.16160252081926627,0.10810598645181915,3.6158908480237533,555.2201215395004,0.2748842342989519,2.0933457537142983,0.02907505730715738,0.014,0.0,0.014,2.0767898076540985,0.48151237853462914
0.008,22,0.18638265500190188,0.12355429900780682,3.4858178575044607,562.977938379612,0.3092702892026864,2.217680775638332,0.03140683679706159,0.014,0.0,0.014,2.2433454855043995,0.44576281560802816
0.008,23,0.1510878629368509,0.10367415273688409,3.6836269263646977,561.018194223334,0.28209030887228437,2.1265096531229704,0.0296275602106852,0.014,0.0,0.014,2.1162543007632286,0.47253300307025925
0.008,24,0.14007841931267778,0.10514768431617376,3.6429717471754057,568.9403398170216,0.25579866461339407,2.00542877322442,0.027991195844725907,0.014,0.0,0.014,1.9993711317661362,0.5001572665084216
0.008,25,0.1615314907113729,0.11175893806993742,3.604135577980939,558.861350249207,0.25029656538390554,2.0074523482844544,0.030046023085217897,0.014,0.0,0.014,2.1461445060869924,0.46595184861212957
0.008,26,0.14419134396355354,0.09691040868440912,3.7295697458170705,561.9111617312072,0.26603344731847756,2.0637943403232053,0.03169078848296946,0.014,0.0,0.014,2.263627748783533,0.4417687495381682
0.008,27,0.1422297557593035,0.10587785564696972,3.614828293542005,570.1655751598737,0.2541103867406491,2.0054265828840645,0.03293133698654595,0.014,0.0,0.014,2.352238356181853,0.425126984844851
0.008,28,0.07636810192647171,0.08378708663737697,3.719850738668747,567.9813492977205,0.2624595953093376,2.033186531297983,0.030200273885528674,0.014,0.0,0.014,2.157162420394905,0.4635719547798042
0.008,29,0.32334193352557294,0.1845202643794599,3.1326467897038066,561.57064804978,0.32522135888575576,2.2971060134334977,0.032875856649095925,0.014,0.0,0.014,2.348275474935423,0.4258444167533197
0.008,30,0.14779803436116737,0.10685338643846991,3.669339297648151,555.2201215395004,0.32017433719011024,2.2742972649049866,0.03110998956599879,0.014,0.0,0.014,2.2221421118570563,0.4500162229337774
0.008,31,0.17373984985445073,0.11069284589554815,3.639272593503829,566.8955109544967,0.25559832103317603,2.024870834282937,0.029328774144012863,0.014,0.0,0.014,2.0949124388580618,0.47734691982883104
0.008,32,0.1852159468438538,0.1282584715800145,3.472362085190714,558.7771066143159,0.2458123583928682,1.9839926659033575,0.03210640191720019,0.014,0.0,0.014,2.2933144226571565,0.43605010726847765
0.008,33,0.12428182642878742,0.09741205277697766,3.663994647429927,559.4517689749017,0.2702177075261716,2.067642412697512,0.02905702835671619,0.014,0.0,0.014,2.075502025479728,0.4818111414605157
0.008,34,0.1601894309554236,0.12698835408702688,3.516268138940691,556.3033150417199,0.2594809491711203,2.0228734698520787,0.030766902931982507,0.014,0.0,0.014,2.1976359237130363,0.45503442549775974
0.008,35,0.16982857142857144,0.1172855252816078,3.581575028011979,563.8342857142857,0.2809892823570408,2.1340354923734655,0.032763485541484366,0.014,0.0,0.014,2.340248967248883,0.42730496370032195
0.008,36,0.16457429810545537,0.11604738105534579,3.557984590630962,563.0634558320019,0.27113722637295723,2.0721025970856735,0.03335276483807421,0.014,0.0,0.014,2.382340345576729,0.41975530568362807
0.008,37,0.17356627421192555,0.11924372381993217,3.5654518051576187,562.1241929358147,0.2532524378912058,1.9955116904014316,0.030807164289814917,0.014,0.0,0.014,2.2005117349867795,0.45443974876417
0.008,38,0.17477134146341464,0.11932413597055341,3.5296314988045925,564.0487804878048,0.28709181453450583,2.1448841287138363,0.03116243607883346,0.014,0.0,0.014,2.225888291345247,0.4492588437111711
0.008,39,0.1645769201892034,0.10598430226847316,3.6591302780576154,555.6362339514978,0.2570474205422215,2.0364400095292794,0.02899770481050196,0.014,0.0,0.014,2.0712646293215684,0.4827968313867961
0.008,40,0.17337201313077333,0.12121014610034156,3.4891855910154455,564.9514466753187,0.24662139336578548,1.9753575485870523,0.032452581407811126,0.014,0.0,0.014,2.318041529129366,0.4313986559056991
0.008,41,0.1524822695035461,0.11133067709446767,3.5906514382064914,558.3562698053418,0.25902767074876465,2.0501811846450027,0.029959415452624663,0.014,0.0,0.014,2.139958246616047,0.467298837059703
0.008,42,0.16569657570489077,0.1072601264627977,3.6272138399877605,559.4095547660443,0.2574175491754431,2.0227613453330155,0.02927002025807724,0.014,0.0,0.014,2.090715732719803,0.4783051011430925
0.008,43,0.15937310720775288,0.11961294202144243,3.543982133270989,560.2973955178679,0.2544035137689207,2.0199357210336784,0.03195213149788347,0.014,0.0,0.014,2.2822951069916764,0.4381554326329487
0.008,44,0.19635890767230169,0.13571563973221895,3.4402324627342438,566.0730513271628,0.2832804168574512,2.13023033926966,0.032165126500244,0.014,0.0,0.014,2.2975090357317143,0.4352540009408574
0.008,45,0.1394720592775548,0.10390074834993335,3.643863821487137,571.1759802408151,0.26483569893753156,2.0452342689321283,0.029740770768787315,0.014,0.0,0.014,2.124340769199094,0.4707342694256223
0.008,46,0.24664838513101767,0.182730364834774,2.8748740087641425,563.7056672760511,0.3759777753439266,2.4969183521919303,0.031874192225177865,0.014,0.0,0.014,2.276728016084133,0.4392268171408343
0.008,47,0.18648627873010992,0.12711446259517364,3.3663206466030013,568.8530248289645,0.3278388765756972,2.317129970954536,0.03262988195388769,0.014,0.0,0.014,2.3307058538491208,0.4290545708925548
0.008,48,0.15770143086693703,0.10743488427591676,3.639948347136605,566.2460019894406,0.26495229359716177,2.058019602016208,0.030463272653165372,0.014,0.0,0.014,2.1759480466546695,0.45956979604242526
0.008,49,0.15554532903819604,0.10586540142844263,3.6367142352643578,567.5899677864703,0.27893274620873854,2.1077907750429405,0.02956110527427523,0.014,0.0,0.014,2.111507519591088,0.473595282385572
0.012,0,0.1415664956741444,0.10231255369493981,3.712071217621002,566.5922211163005,0.25589261410641484,2.009880918286836,0.029069239001391127,0.021,0.0,0.021,1.3842494762567203,0.722413132280313
0.012,1,0.13210526315789473,0.09114224779290904,3.83002235696278,556.4285714285714,0.2592697275686078,2.0378497217102236,0.02980076633756742,0.021,0.0,0.021,1.4190841113127342,0.7046798650116254
0.012,2,0.127432704496309,0.09127448989600359,3.7578237234680802,551.831407053911,0.296228119143052,2.192641231092153,0.029236452943515255,0.021,0.0,0.021,1.3922120449292978,0.7182813879841013
0.012,3,0.128589831022202,0.09113798799804518,3.8361666941534835,560.7635826324165,0.2822837056883145,2.115348435449433,0.02981512507287646,0.021,0.0,0.021,1.4197678606131647,0.7043404965992985
0.012,4,0.27910082350322724,0.17995483576161508,3.1528464971985977,549.0525261517917,0.4137407929811161,2.6612665239332443,0.03160543133724577,0.021,0.0,0.021,1.505020539868846,0.6644427590916097
0.012,5,0.12835888872020645,0.0912329096773929,3.8086824403768276,561.7408531956885,0.28118608647491783,2.104883531205794,0.028873639534719192,0.021,0.0,0.021,1.3749352159390091,0.7273069948368819
0.012,6,0.13802517821932353,0.10300434250435252,3.723776239568919,561.2305475504322,0.2536619101592805,2.0069406788100475,0.0321384425143484,0.021,0.0,0.021,1.530402024492781,0.6534230770711563
0.012,7,0.14691238760496395,0.10176608965135318,3.718448136895841,549.9485026380322,0.274658732698299,2.0871800356958223,0.03138044414520955,0.021,0.0,0.021,1.4943068640575976,0.6692065893913041
0.012,8,0.16241140157000228,0.10481852314615338,3.7284781273526204,564.0058684551483,0.2733118929900229,2.0936718354305333,0.030914534119035126,0.021,0.0,0.021,1.472120672335006,0.6792921387442028
0.012,9,0.14111720923238855,0.09793979359294629,3.7151178746705056,556.3868130215774,0.30469538204488344,2.194707551104087,0.03214792857464615,0.021,0.0,0.021,1.5308537416498165,0.6532302680478737
0.012,10,0.13024248894311422,0.09205515838811937,3.8187642319696504,564.3063901174318,0.2876687580428552,2.125820227936139,0.03527462992359385,0.021,0.0,0.021,1.6797442820758974,0.5953287120371433
0.012,11,0.12610081992104463,0.09117767116536687,3.848832469356639,561.8259945338597,0.263519073225325,2.048343087915865,0.031921468944683465,0.021,0.0,0.021,1.5200699497468315,0.6578644622022497
0.012,12,0.1530291697830965,0.09559858285122033,3.7656400460539827,553.5205684367988,0.2793126223550644,2.112541201022541,0.03125833616859379,0.021,0.0,0.021,1.4884921985044661,0.6718207868369958
0.012,13,0.15582473455959325,0.10005957015502676,3.665959557498928,553.3553162853298,0.3138074142043479,2.2493880276461895,0.03297802925351158,0.021,0.0,0.021,1.5703823454053132,0.6367875969351283
0.012,14,0.1437419744693708,0.09229413557820143,3.7969566172278215,558.9877634262407,0.28801339547499083,2.133318308329879,0.0304243099808229,0.021,0.0,0.021,1.4487766657534713,0.690237511162513
0.012,15,0.11639729873283254,0.08943505860062019,3.778592017808952,561.5281129068974,0.2886448239441961,2.1626148484035226,0.031201889331464942,0.021,0.0,0.021,1.4858042538792828,0.6730361670382234
0.012,16,0.1382335148215366,0.10961765853559421,3.4957060022576445,559.6206896551724,0.2961796584131662,2.179891857191195,0.03099419785421819,0.021,0.0,0.021,1.4759141835341993,0.6775461684401032
0.012,17,0.16321614093201836,0.1120415132219,3.5988974764483284,557.1394263344124,0.2721554834279232,2.079545975992805,0.030684382629027493,0.021,0.0,0.021,1.4611610775727377,0.6843872420015371
0.012,18,0.14353156171476433,0.0970152344655319,3.789947704950533,563.4914337927358,0.27184878624393605,2.076928944250022,0.03134437757308164,0.021,0.0,0.021,1.4925894082419826,0.6699766154563769
0.012,19,0.17283386630120298,0.12171499580672507,3.496407783619994,563.4486066697121,0.2845822856761515,2.1270638016647663,0.03205865538553992,0.021,0.0,0.021,1.5266026374066626,0.6550493071980825
0.012,20,0.10450516986706056,0.08286131883791226,3.85030332036142,546.5834564254062,0.2740139857050963,2.074584177417818,0.028956172152274272,0.021,0.0,0.021,1.378865340584489,0.7252339808440675
0.012,21,0.19288360605125038,0.1348310820169049,3.2944467089275715,571.1759802408151,0.2931910683400929,2.152249728113998,0.03165185429282848,0.021,0.0,0.021,1.5072311568013559,0.6634682380917594
0.012,22,0.13078332569857995,0.09216013324275416,3.8294658754752726,564.9945029775538,0.3045806097507011,2.2041695331287965,0.030514775115698153,0.021,0.0,0.021,1.4530845293189596,0.6881912096804761
0.012,23,0.10897534078725686,0.08972417554057656,3.7612750025293824,566.7221626589064,0.29824176750844344,2.1880910565170257,0.03193484626814832,0.021,0.0,0.021,1.5207069651499199,0.6575888865619909
0.012,24,0.1391634980988593,0.0938917469583466,3.7921119621910084,562.7642585551331,0.26458928774809465,2.0517522854260184,0.03227371751921787,0.021,0.0,0.021,1.536843691391327,0.650684259955341
0.012,25,0.14300944258300335,0.09067451756278323,3.7988805494407325,563.5342674383186,0.2908281448762864,2.172095839456102,0.0313333977587588,0.021,0.0,0.021,1.492066559940895,0.6702113879153038
0.012,26,0.11528457772337822,0.07677281586116191,3.8780590467383576,566.1162790697674,0.2958625740138814,2.1885233197473486,0.02946057636688461,0.021,0.0,0.021,1.4028845888992671,0.7128170114012167
0.012,27,0.18330392081638916,0.12263411670146762,3.3831611242827453,567.8073352259648,0.2643300675554201,2.0528419742148287,0.02969254589311053,0.021,0.0,0.021,1.4139307568147872,0.7072482122481981
0.012,28,0.14846339258812896,0.09070436552113816,3.8341359343397405,557.4326604398915,0.2782217004278209,2.1180109615051337,0.031115433094007654,0.021,0.0,0.021,1.4816872901908407,0.674906241431821
0.012,29,0.11316763617133792,0.08699555650368453,3.824657212726788,559.0720707108861,0.3035238685552031,2.20958387911641,0.03038189800426513,0.021,0.0,0.021,1.446757047822149,0.6912010565321475
0.012,30,0.11734617120505492,0.08237342751122169,3.906228781035517,556.6792537987062,0.26205603205016814,2.0494226530753767,0.030280951947042303,0.021,0.0,0.021,1.4419500927163,0.6935052780614838
0.012,31,0.11379941993588764,0.08309985689759719,3.87669147956265,564.8223172034803,0.2992960372357629,2.191666113003542,0.03308849595911308,0.021,0.0,0.021,1.5756426647196706,0.6346616668811227
0.012,32,0.11400257205537484,0.08323973162450972,3.912937411136008,559.831984265073,0.2766665506060235,2.079173595767366,0.03100517873154484,0.021,0.0,0.021,1.476437082454516,0.6773062068703537
0.012,33,0.14448495897903374,0.09512710693650196,3.7818509482764653,562.1668185961714,0.2614406797219999,2.029205634889699,0.03016910473181255,0.021,0.0,0.021,1.4366240348482167,0.6960763399072972
0.012,34,0.18806883365200766,0.1415847354860099,3.317117056759078,565.9866156787763,0.2754180502088275,2.083042248155821,0.03109541334700776,0.021,0.0,0.021,1.4807339689051313,0.6753407573538746
0.012,35,0.1629209231933409,0.10316734463314144,3.7327138275851004,560.0011350737798,0.3035192854003981,2.2150796620952447,0.03155135733531871,0.021,0.0,0.021,1.502445587396129,0.6655815081683513
0.012,36,0.12565326062258578,0.07834492358853602,3.945932541232061,560.5092024539878,0.28083475853782147,2.1225050633643714,0.028877962550914058,0.021,0.0,0.021,1.3751410738530503,0.7271981173524757
0.012,37,0.15260213075802867,0.10476839124548419,3.6431587438079367,567.1991262359163,0.26951822274713777,2.0646552682385657,0.03262404698138473,0.021,0.0,0.021,1.553526046732606,0.6436969641437371
0.012,38,0.1320711504695015,0.09126343953895386,3.820879481151311,564.9514466753187,0.270323482749518,2.077929611862444,0.03104142201561954,0.021,0.0,0.021,1.4781629531247398,0.6765153989863333
0.012,39,0.13456865127582018,0.09640406930375937,3.7597855548040946,561.9963547995139,0.27493120008148253,2.1026926416788045,0.033895536945872023,0.021,0.0,0.021,1.6140731878986676,0.6195505925613458
0.012,40,0.13726545678252847,0.08890504523162578,3.8641342884575947,569.0713626576438,0.2831979680340737,2.1168881221837976,0.02968975083863229,0.021,0.0,0.021,1.4137976589824899,0.7073147940559613
0.012,41,0.1404064600880921,0.09785482915450483,3.7914453342628285,571.8368750482961,0.3194070372846909,2.2499631273975127,0.031520169081392886,0.021,0.0,0.021,1.5009604324472803,0.6662400809390584
0.012,42,0.1955711133094894,0.14107826014646124,3.53115540473184,563.1489993151206,0.2832943545654416,2.1303876182244545,0.03273320547640151,0.021,0.0,0.021,1.5587240703048337,0.6415503674132869
0.012,43,0.13524306888871823,0.09020734764131311,3.8087012596365475,568.3296981798633,0.29881533081061207,2.1875052421359764,0.03160925549985386,0.021,0.0,0.021,1.505202642850184,0.6643623732326467
0.012,44,0.12355241966408467,0.08472139656954035,3.8612617362165818,567.5465143032441,0.2737455435853917,2.1009512384058135,0.031554677429994626,0.021,0.0,0.021,1.5026036871426012,0.6655114775484358
0.012,45,0.150886229359188,0.09632149074240941,3.839105847675292,560.5515830934706,0.33968076726887375,2.350298449939139,0.030691026582871483,0.021,0.0,0.021,1.4614774563272135,0.6842390867342314
0.012,46,0.12498074849838288,0.08519438464619107,3.832498043502416,569.8587709841368,0.2664898293733131,2.070671168486184,0.028350061424836613,0.021,0.0,0.021,1.3500029249922196,0.7407391358102156
0.012,47,0.1272699871901138,0.09268020185781364,3.836863660541605,557.6423027654283,0.2923560467606876,2.157719647039327,0.031914665524986965,0.021,0.0,0.021,1.5197459773803317,0.6580047026831116
0.012,48,0.14624201861681668,0.10034723917734686,3.710072622519655,569.2898684514194,0.2926128998224158,2.1741824578046995,0.030495265222953483,0.021,0.0,0.021,1.4521554868073085,0.6886314923469992
0.012,49,0.12734944380514002,0.09224923439537101,3.7712599733752663,567.7203682393556,0.3083429547259584,2.2245115978462984,0.03216559426336925,0.021,0.0,0.021,1.531694964922345,0.6528715069914058
0.019,0,0.10570162029960256,0.07381867263591044,4.004831608065375,565.5979822684194,0.3474728020373732,2.380760108116011,0.02944194172440163,0.03325,0.0,0.03325,0.8854719315609513,1.1293412748128033
0.019,1,0.11969846950430214,0.08617410162457378,3.844252008594418,563.4914337927358,0.3158393683261238,2.248340792926755,0.03219488100404017,0.03325,0.0,0.03325,0.9682670978658698,1.0327728807516767
0.019,2,0.10735104852751912,0.07204082804009357,4.045674167189527,560.2550533727004,0.3112258644832764,2.234739395876683,0.030476052297324623,0.03325,0.0,0.03325,0.9165730014232969,1.091020571680765
0.019,3,0.10348492901070534,0.07752742795895272,3.9722517229818624,561.8685748994002,0.32197033264674246,2.2874876348801174,0.031095937180735382,0.03325,0.0,0.03325,0.9352161558115903,1.069271519515389
0.019,4,0.12417318099819603,0.07944885087664166,3.9627737214380616,556.2615754660253,0.28586505842395127,2.1385349928627155,0.030921007267535067,0.03325,0.0,0.03325,0.9299551057905283,1.0753207265311249
0.019,5,0.14666970802919707,0.08650993992562955,3.9654580605792047,562.6788321167883,0.3333157393790316,2.340515045329139,0.030627836507588522,0.03325,0.0,0.03325,0.9211379400778502,1.0856137354579973
0.019,6,0.09768273601072945,0.07109046417193793,4.01835355244402,551.4209820430668,0.3234297550225165,2.3108378900598914,0.032385081478225504,0.03325,0.0,0.03325,0.9739874128789625,1.0267073134386286
0.019,7,0.12347343972428261,0.0787569884589288,3.9758209496706076,554.4726904922454,0.3123397204617504,2.2602114110882368,0.03310937797086388,0.03325,0.0,0.03325,0.9957707660410188,1.0042471963459982
0.019,8,0.11455434373824747,0.07871850361401449,3.988828879359769,556.6374576908612,0.28452097086119466,2.119043934750283,0.03318568573828706,0.03325,0.0,0.03325,0.9980657364898364,1.001938012136321
0.019,9,0.13682844932844934,0.07426123356904572,4.046714914911608,564.7362637362637,0.3324865957838483,2.303873751754758,0.028882949048504445,0.03325,0.0,0.03325,0.8686601217595321,1.1511982361690896
0.019,10,0.10700254217702797,0.07428951517852266,4.012255168535421,570.0778830598567,0.30450930903316475,2.221753044274619,0.03251316970786483,0.03325,0.0,0.03325,0.9778396904621002,1.0226625179505933
0.019,11,0.12325774127928878,0.08128100853538334,3.9327229418267886,557.5584268816394,0.2842689677781891,2.1447086773791106,0.029975781869556066,0.03325,0.0,0.03325,0.9015272742723628,1.1092287815774804
0.019,12,0.0979626225490196,0.07085791681047131,4.013013864818412,566.8088235294117,0.31328543738345616,2.2476371364636565,0.029763947228477642,0.03325,0.0,0.03325,0.8951563076233877,1.1171233353144425
0.019,13,0.1496268943764905,0.10552466079393708,3.6143115624575994,569.2898684514194,0.33056768830283545,2.313132622524086,0.030013997587198003,0.03325,0.0,0.03325,0.9026766191638497,1.1078164414253924
0.019,14,0.10982136127232985,0.0797136554562752,3.949424009090102,557.8101303987337,0.2748078590084333,2.0984753440655965,0.03107033184193326,0.03325,0.0,0.03325,0.9344460704340829,1.0701527157532644
0.019,15,0.10118185284025924,0.07278798894030811,4.016729630295972,564.2634388105223,0.2864342386601493,2.1247020691689515,0.029865576591503136,0.03325,0.0,0.03325,0.8982128298196431,1.113321884080408
0.019,16,0.1270165871392865,0.08037631197736965,3.9302193566516745,560.5092024539878,0.28743584238691255,2.139236250000301,0.03174829167900188,0.03325,0.0,0.03325,0.9548358399699813,1.047300444892641
0.019,17,0.10176452692424703,0.07832666717906164,3.9743792983375066,562.849710982659,0.27844291005749255,2.1175184677129932,0.03074107422161244,0.03325,0.0,0.03325,0.9245435856124041,1.0816147724799958
0.019,18,0.10343511450381679,0.07624972677218168,3.985923971023782,564.9083969465648,0.3103445403103251,2.2487930270500183,0.03150372699019997,0.03325,0.0,0.03325,0.9474805109834578,1.0554306800063133
0.019,19,0.09573179960647797,0.07015146647583524,4.064761641890004,560.0434387770547,0.31405790988355875,2.2562806047797617,0.030823262616767634,0.03325,0.0,0.03325,0.927015417045643,1.0787307110673041
0.019,20,0.1182730772133746,0.08132342721070462,3.926979049441032,558.5666088006642,0.2642511922167614,2.0513820141931,0.030643647587454467,0.03325,0.0,0.03325,0.921613461276826,1.085053595695722
0.019,21,0.0996560947649981,0.07184428944470414,4.04996387679469,565.5548337791364,0.2992521915002726,2.1823758597866236,0.02932430201658484,0.03325,0.0,0.03325,0.8819338952356343,1.1338718303063076
0.019,22,0.14877660783273994,0.09488175996758647,3.8566026195157828,560.5939701537762,0.27399354954832233,2.1124064901505446,0.031825869433430645,0.03325,0.0,0.03325,0.9571690055167111,1.0447475777385493
0.019,23,0.11114513165952235,0.08005334965288421,3.9399339502988298,566.4623392529088,0.3053031440649647,2.2339080146452837,0.03150193714487257,0.03325,0.0,0.03325,0.9474266810487991,1.0554906464033738
0.019,24,0.10061022120518688,0.08198419939463168,3.8783752335022843,564.4782608695652,0.3234208245703485,2.288760532779079,0.03235290106974491,0.03325,0.0,0.03325,0.9730195810449596,1.0277285467637405
0.019,25,0.16220939067011092,0.0852075134465729,3.963588608305932,562.2520893481234,0.29658794961869717,2.1612906078315124,0.02956526727127159,0.03325,0.0,0.03325,0.8891809705645591,1.1246304555585345
0.019,26,0.09582051474450363,0.07489858762235022,4.003206615497143,555.3032940646807,0.28626637047273107,2.1124125084374357,0.030753814952465933,0.03325,0.0,0.03325,0.9249267654876971,1.081166679691357
0.019,27,0.11365733620424484,0.0770387288761873,3.965538271715443,569.0713626576438,0.33700111403595656,2.362614867490994,0.02926089671175136,0.03325,0.0,0.03325,0.880026968774477,1.1363288120506092
0.019,28,0.11030755176613885,0.08563885639476176,3.7771660895510686,563.3629719853836,0.32984412857331336,2.3064471110583407,0.03109436947530018,0.03325,0.0,0.03325,0.9351690067759453,1.0693254296863022
0.019,29,0.12352059925093634,0.07064149583778213,4.063957602483042,554.3483146067416,0.32093753400840797,2.2526786454935763,0.03039139022043437,0.03325,0.0,0.03325,0.9140267735468983,1.094059855729916
0.019,30,0.10424882803780043,0.07260316854254543,4.041046451241535,550.6837562318625,0.2839675562863704,2.1255685753663185,0.03043517097834692,0.03325,0.0,0.03325,0.915343488070584,1.09248605909445
0.019,31,0.10836659387002033,0.07449647185583433,4.0215760025037195,557.3069508246103,0.30312311713350937,2.196323415056094,0.029531582039452345,0.03325,0.0,0.03325,0.8881678808857848,1.1259132665354699
0.019,32,0.12799159726911247,0.0878239628581095,3.892392185888961,555.2201215395004,0.28295300729223527,2.1220614555513864,0.030428317275594873,0.03325,0.0,0.03325,0.9151373616720262,1.0927321316801264
0.019,33,0.1166093928980527,0.08010225592753327,3.918771254921248,565.1237113402062,0.3001007398997899,2.191574587322827,0.029811672877321775,0.03325,0.0,0.03325,0.8965916654833616,1.1153349272557536
0.019,34,0.11995481927710844,0.07927537300437255,3.9622775738627576,557.2650602409639,0.3483854510704987,2.373347894649073,0.030315147065076306,0.03325,0.0,0.03325,0.9117337463180843,1.0968114364948838
0.019,35,0.1262172567373745,0.08725775834379457,3.8893389560270637,558.6507888578546,0.3113793066877406,2.240487084290453,0.033503409626290885,0.03325,0.0,0.03325,1.0076213421440867,0.9924363033757607
0.019,36,0.10887312123292897,0.07880110173177174,3.9146869135081888,564.6072327763791,0.3097160195466131,2.230355280943156,0.030949266777893343,0.03325,0.0,0.03325,0.9308050158764914,1.0743388603878021
0.019,37,0.1020392517632628,0.07522803009129335,3.9650822964656944,567.329346826127,0.34342003375058994,2.374740597793914,0.031316794019386925,0.03325,0.0,0.03325,0.9418584667484788,1.0617306477609525
0.019,38,0.08819041806530363,0.06834413186437566,4.061262273276342,564.5642355813244,0.31224499564268626,2.241507777154738,0.02943889338954278,0.03325,0.0,0.03325,0.8853802523170761,1.1294582157021906
0.019,39,0.09508644222020018,0.0747289323715912,4.005128081120725,561.1455868971792,0.3006817748246249,2.1936492548250035,0.030703479900710522,0.03325,0.0,0.03325,0.9234129293446773,1.082939136134551
0.019,40,0.09238237490664675,0.06634963471333047,4.105090425521628,552.6952949962658,0.3791579766839277,2.518296281851333,0.02816604225570875,0.03325,0.0,0.03325,0.8470990152092858,1.180499542610067
0.019,41,0.1492594582150257,0.10245341564318616,3.8690217156137474,567.8943289079887,0.3092872976558283,2.2257828537247653,0.030885705423263406,0.03325,0.0,0.03325,0.9288933961883731,1.0765498001206664
0.019,42,0.14363371870454023,0.10184054229317908,3.6646651332735036,566.5922211163005,0.29425004159566015,2.148579854999711,0.0329513758657575,0.03325,0.0,0.03325,0.9910188230303006,1.0090625695102713
0.019,43,0.10239733797171595,0.07054179446130501,4.040476279168095,559.6629357936928,0.3154333432612475,2.2616042305906365,0.029052470551544113,0.03325,0.0,0.03325,0.8737585128283943,1.1444809810927696
0.019,44,0.16300797569312572,0.11244920842475252,3.7954494941740915,562.1241929358147,0.3126191982009914,2.2385313740334114,0.03169114961490073,0.03325,0.0,0.03325,0.9531172816511497,1.0491888241367655
0.019,45,0.11795494197071987,0.07651353147766474,3.9602823973602823,561.3580368656603,0.3023142637393903,2.201597175354066,0.030571113615963975,0.03325,0.0,0.03325,0.9194319884500443,1.0876280274800698
0.019,46,0.09470414425335252,0.07021715986433905,4.058949792385523,560.6787635426926,0.3381283399357926,2.3632190422478665,0.03064555323371604,0.03325,0.0,0.03325,0.921670773946347,1.0849861233184908
0.019,47,0.10670126698214014,0.07889880406300183,3.9342319357996947,564.8223172034803,0.3203082733671181,2.2680408607182967,0.029862537480410685,0.03325,0.0,0.03325,0.8981214279822762,1.1134351868728984
0.019,48,0.11492684406034417,0.07974081096468368,3.9159061253040224,561.018194223334,0.3189712724997662,2.2716087600169006,0.03221652402115002,0.03325,0.0,0.03325,0.9689180156736849,1.0320790653321725
0.019,49,0.09433244579688094,0.06560823068136137,4.105410485652508,562.977938379612,0.29774453974096105,2.1957066954729108,0.027678930607075904,0.03325,0.0,0.03325,0.8324490408143128,1.2012747339125847
0.03,0,0.08228762643547038,0.06267884603515261,4.115678884683004,562.8069815195072,0.3329473482153844,2.322847516084926,0.028589152497541535,0.0525,0.0,0.0525,0.5445552856674578,1.8363608366674957
0.03,1,0.08697972251867662,0.06519606021599973,4.091541533007805,564.1346241805153,0.3537126271985471,2.416052463755758,0.03178077556535164,0.0525,0.0,0.0525,0.6053481060066979,1.6519420645365586
0.03,2,0.09878894051336735,0.06875372742349418,4.091555339890187,563.6628075253257,0.32660155498888344,2.2813789870606045,0.030386782862895652,0.0525,0.0,0.0525,0.5787958640551553,1.7277248544829042
0.03,3,0.10280090840272521,0.06968524373175206,4.07067704526008,560.2127176381529,0.30341951572336257,2.21364206374104,0.03297661948041706,0.0525,0.0,0.0525,0.6281260853412773,1.59203705010384
0.03,4,0.1129732612173383,0.06782732029202101,4.135772427471056,563.7485335567914,0.30185963452095166,2.2193364357712424,0.0307363110583578,0.0525,0.0,0.0525,0.5854535439687201,1.7080774560200265
0.03,5,0.08757342283927073,0.0634536956738522,4.105984034452725,564.5212449462201,0.34874892616062425,2.3446923325535116,0.032125253305440485,0.0525,0.0,0.0525,0.6119095867702949,1.6342283592549605
0.03,6,0.09395099540581929,0.06373433836914921,4.132999937035349,566.635528330781,0.3370667539711576,2.3343433863915757,0.02879163114437857,0.0525,0.0,0.0525,0.5484120217976871,1.823446533360107
0.03,7,0.08665105386416862,0.060702894111554835,4.1663654780598245,559.0720707108861,0.33811438755947165,2.3134127948646555,0.029698882629331902,0.0525,0.0,0.0525,0.5656930024634648,1.7677432735516023
0.03,8,0.0873015873015873,0.059825835183989165,4.173864724753966,564.7362637362637,0.3818641875695903,2.534176239824377,0.02910467274296324,0.0525,0.0,0.0525,0.5543747189135856,1.8038340600374263
0.03,9,0.0839607574720511,0.0647781742367308,4.110265029866839,562.8069815195072,0.32492793985875323,2.2864289407725837,0.032454752043580073,0.0525,0.0,0.0525,0.6181857532110491,1.617636761775387
0.03,10,0.09676434676434677,0.06263937771637203,4.150111489188211,564.7362637362637,0.336053886130685,2.3289566172918708,0.02868876448781851,0.0525,0.0,0.0525,0.5464526569108288,1.8299846973992882
0.03,11,0.06363427521249714,0.060277266789945015,4.139877794758182,566.6788421778084,0.35847643835586496,2.436015274098996,0.03180164639775775,0.0525,0.0,0.0525,0.6057456456715763,1.650857925509845
0.03,12,0.10412708064148363,0.0686789804903452,4.123489404201692,562.4653796458159,0.4045217715029139,2.584353242085718,0.0312578636271754,0.0525,0.0,0.0525,0.5953878786128648,1.6795773577550839
0.03,13,0.14537411333994357,0.08412959270141332,3.8633439016195883,564.4352833498589,0.40082415082724765,2.5816472982989254,0.031175796939808775,0.0525,0.0,0.0525,0.5938247036154053,1.6839986513051115
0.03,14,0.08835341365461848,0.06696982970957673,4.07747156807655,560.7635826324165,0.32992917430237867,2.3140069631032407,0.02973521247673867,0.0525,0.0,0.0525,0.5663849995569271,1.7655834825821346
0.03,15,0.09265442404006678,0.06417308471506697,4.135304502610485,561.57064804978,0.3327323390694801,2.3339462070283234,0.0281886734907644,0.0525,0.0,0.0525,0.5369271141097981,1.8624501794027606
0.03,16,0.1022693116922152,0.07258011279496185,3.995405492124331,556.0946798917944,0.3829609848326072,2.5202133834352676,0.029658489847981986,0.0525,0.0,0.0525,0.5649236161520379,1.7701508158066985
0.03,17,0.106410549584572,0.06617474566800785,4.130437755417017,564.0916990624286,0.37981380039127544,2.5250365348175405,0.03230594358384436,0.0525,0.0,0.0525,0.6153513063589402,1.6250879614070253
0.03,18,0.06960591876792994,0.060015047114101654,4.144233538964591,558.6928884191454,0.4037398392392788,2.602456571143914,0.03105529126703495,0.0525,0.0,0.0525,0.5915293574673324,1.6905331702919337
0.03,19,0.14414962366000153,0.08324099755965506,3.902862580267806,562.6361286398541,0.34419797561713494,2.3612887245047496,0.03078197502834287,0.0525,0.0,0.0525,0.5863233338731976,1.7055435835959194
0.03,20,0.09946524064171124,0.06394606388675196,4.129235787815773,565.3391902215432,0.35364566795760766,2.4084519721193063,0.032788957391883096,0.0525,0.0,0.0525,0.6245515693692019,1.6011488066710036
0.03,21,0.10209843571156048,0.06574981834336512,4.08998613645099,564.6932468523464,0.3358665368577931,2.333925602711191,0.031052774959229867,0.0525,0.0,0.0525,0.5914814277948547,1.6906701597177336
0.03,22,0.09044566308797405,0.0628504675237243,4.123583395345284,571.5723333590794,0.3264915157633368,2.314759522267965,0.02946274114331558,0.0525,0.0,0.0525,0.5611950693964872,1.7819115928359925
0.03,23,0.09289042537201263,0.06673494598943527,4.0980007366705475,556.1781151360289,0.31535827118204907,2.269772871683017,0.030728091703562388,0.0525,0.0,0.0525,0.5852969848297598,1.7085343439636225
0.03,24,0.08979347500748279,0.06376573197128484,4.1160127783775335,553.7686321460641,0.37210221984423697,2.4667219901059423,0.03178536428102004,0.0525,0.0,0.0525,0.6054355101146673,1.6517035808002134
0.03,25,0.11042805100182149,0.07033958423844161,4.1040451182478135,561.655737704918,0.3145203294989187,2.24916773248575,0.030872066875827393,0.0525,0.0,0.0525,0.588039369063379,1.700566412063169
0.03,26,0.09003337378640777,0.06349194016101142,4.110951440008496,561.3155339805825,0.34949461519136094,2.3846546613112007,0.032099734599388,0.0525,0.0,0.0525,0.6114235161788191,1.6355275411218178
0.03,27,0.11911191119111911,0.07128562154469059,4.076262744040119,555.095409540954,0.3069565735058859,2.2083440484923016,0.029991756952571086,0.0525,0.0,0.0525,0.571271561001354,1.750480976590448
0.03,28,0.08894697535474234,0.06365310002175095,4.12660877893525,552.6952949962658,0.35799234797013924,2.420778699472103,0.03372356692602738,0.0525,0.0,0.0525,0.642353655733855,1.5567748250106137
0.03,29,0.10189250567751704,0.07098790169999561,4.080332699416799,560.2127176381529,0.38220563091454096,2.539744501251672,0.03210134049459094,0.0525,0.0,0.0525,0.611454104658875,1.6354457225500048
0.03,30,0.09455565665756749,0.0656096053266934,4.109069783021139,561.1455868971792,0.3397057891415898,2.3701964159006677,0.03178214369374698,0.0525,0.0,0.0525,0.6053741655951806,1.6518709532588634
0.03,31,0.10001538698261271,0.06671664098913627,4.095408920980343,569.3335897830435,0.3504465306759812,2.4004849366008454,0.03202133804598997,0.0525,0.0,0.0525,0.6099302484950471,1.6395317373870504
0.03,32,0.08824888341290621,0.061799857127306644,4.1466190472270075,569.8587709841368,0.33735493943095207,2.3174595167421037,0.02999093153486935,0.0525,0.0,0.0525,0.5712558387594162,1.7505291537530332
0.03,33,0.08203483043079743,0.06313552124327104,4.139348461304512,565.2529789184234,0.3229677017661743,2.285678780008313,0.030761948847805524,0.0525,0.0,0.0525,0.5859418828153433,1.7066539008872061
0.03,34,0.08146003200487693,0.06312958617506424,4.124048859678255,563.9200640097539,0.3877151049382519,2.5536477695150586,0.030473955135153552,0.0525,0.0,0.0525,0.5804562882886392,1.7227826111563074
0.03,35,0.0871759577884836,0.06321415135439597,4.126640592407365,565.9002064693738,0.3502182023366913,2.3833014444063254,0.03150706224438899,0.0525,0.0,0.0525,0.6001345189407427,1.6662930866983507
0.03,36,0.087206186356328,0.06741188028098474,4.064011856328196,566.5922211163005,0.3635733862465713,2.4402049443983156,0.029600165454642932,0.0525,0.0,0.0525,0.563812675326532,1.7736387345688
0.03,37,0.12399331408600517,0.08452754073221709,3.979724389440734,562.2520893481234,0.33130913542117923,2.318016601661992,0.031859103501699154,0.0525,0.0,0.0525,0.6068400666990316,1.647880644136769
0.03,38,0.10196288092874055,0.07014257351147266,4.0507524624911255,565.2098831436646,0.3440675044839736,2.3679369808987802,0.03011902845391605,0.0525,0.0,0.0525,0.5736957800745914,1.7430841130990729
0.03,39,0.12698652943847435,0.0721224579478994,4.087184631104904,560.0434387770547,0.33025300462031737,2.30467085089972,0.03017132281751921,0.0525,0.0,0.0525,0.5746918631908421,1.7400629172783724
0.03,40,0.08570782451379466,0.06097437094455877,4.159303487409018,557.8521031207598,0.3447989771666471,2.36548278446237,0.027725021078186588,0.0525,0.0,0.0525,0.5280956395845064,1.8935963962640878
0.03,41,0.08049605411499436,0.06140474330812337,4.144166644549972,556.2198421645998,0.34443221814581193,2.378765509307223,0.030048512487568735,0.0525,0.0,0.0525,0.5723526188108331,1.7471746736787583
0.03,42,0.0856357807968249,0.0628947429095625,4.158521927968949,564.8223172034803,0.35080926786758937,2.3703015903649236,0.02992914746098188,0.0525,0.0,0.0525,0.5700789992567977,1.754142849155438
0.03,43,0.13324258923169993,0.07591356752996356,4.089314960093548,559.6206896551724,0.3520014121895656,2.3848520431630296,0.031021621371600708,0.0525,0.0,0.0525,0.5908880261257278,1.692368022003584
0.03,44,0.10234798314268513,0.06558988178726359,4.123818557151296,556.9301625526791,0.32961049262667075,2.337739038838645,0.030225110399266033,0.0525,0.0,0.0525,0.5757163885574482,1.7369663603040097
0.03,45,0.1103620663535828,0.07886960267298918,3.898939780562406,560.5515830934706,0.3549794039572589,2.383587975428147,0.03002601001155496,0.0525,0.0,0.0525,0.5719240002200945,1.7484840636433656
0.03,46,0.07290632872738377,0.09260340536555195,3.569016337769752,564.9514466753187,0.3806653564388398,2.494260232836206,0.030113035517354027,0.0525,0.0,0.0525,0.5735816289019815,1.7434310124512173
0.03,47,0.13743860974688327,0.07459567582432201,4.108947672030725,559.1564034756328,0.3409271154378075,2.3681364072557822,0.03231127714681096,0.0525,0.0,0.0525,0.6154528980344944,1.6248197111323908
0.03,48,0.1016961873311318,0.06508500401464418,4.125107602014453,555.4280996697688,0.31034093609196134,2.2596437716692943,0.029524874191037827,0.0525,0.0,0.0525,0.5623785560197682,1.7781616836130734
0.03,49,0.09889360412246136,0.06992046321273937,4.062695609184405,560.806001818733,0.4184881587570999,2.6961078421641407,0.03158874550270641,0.0525,0.0,0.0525,0.6016903905277412,1.6619843290548522
0.06,0,0.071218185937618,0.055744122586416235,4.227267415597911,558.9034816101503,0.44367765926290303,2.7542148348366666,0.03144949683010013,0.105,0.0,0.105,0.299519017429525,3.338686166180729
0.06,1,0.056367588636533995,0.05390672334189602,4.249282465797261,554.7216100742073,0.43882207316346467,2.723529170466779,0.029997669819498543,0.105,0.0,0.105,0.28569209351903374,3.500271875509137
0.06,2,0.09562082175317359,0.06452233760745085,4.114903769346622,555.8862014572222,0.5381683677842375,3.153580904916778,0.02841912907156981,0.105,0.0,0.105,0.27065837211018867,3.6946945043801804
0.06,3,0.0643421452446065,0.055402356374787826,4.231753143510963,562.1668185961714,0.44619932386558503,2.7583994323270757,0.030728795171217474,0.105,0.0,0.105,0.2926551921068331,3.4169904617135662
0.06,4,0.07364787111622555,0.055594407875528204,4.2340038704102465,567.7203682393556,0.4053695001639426,2.620007401237179,0.030102785975041593,0.105,0.0,0.105,0.2866931997623009,3.4880492485664334
0.06,5,0.07908826678904696,0.056564972264810845,4.213956457524787,566.0298301973382,0.43994753988226876,2.7573908092455435,0.03024334778862547,0.105,0.0,0.105,0.288031883701195,3.471837864440739
0.06,6,0.0778682345846525,0.05534872690182589,4.239769590111311,557.8521031207598,0.4378661850641947,2.7017166254811134,0.03142507112211046,0.105,0.0,0.105,0.2992863916391472,3.3412812207168794
0.06,7,0.08709898651223044,0.060771387564570366,4.170175193406177,563.9200640097539,0.43487305473536253,2.751947690207807,0.029016988125933545,0.105,0.0,0.105,0.2763522678660338,3.6185699061632675
0.06,8,0.07225926500232595,0.05568633650245459,4.227258875496014,573.7399596836719,0.4683434761245735,2.880572616262585,0.03323168604968192,0.105,0.0,0.105,0.31649224809220877,3.15963504960366
0.06,9,0.09712503802859751,0.05607699736189085,4.2511475527995275,562.849710982659,0.41724971114308573,2.6622103762334963,0.03097092477952802,0.105,0.0,0.105,0.29496118837645735,3.390276549617455
0.06,10,0.07085957059403687,0.05456452531812781,4.242851614877586,561.4430619831576,0.47237889817915857,2.8937161252873382,0.031760561332308763,0.105,0.0,0.105,0.3024815364981787,3.3059869094060264
0.06,11,0.061349224539689814,0.05421198301370564,4.2434635086483965,565.3823057529223,0.44238125733681954,2.7661144806201596,0.03101086885605544,0.105,0.0,0.105,0.29534160815290894,3.3859096463044382
0.06,12,0.07908531489781964,0.05533879617457259,4.246019251280216,562.2094507331155,0.4621338681608904,2.8328543022824473,0.029373880051162468,0.105,0.0,0.105,0.27975123858249973,3.5746043701790304
0.06,13,0.08079510241100446,0.05483353734236292,4.252298815097069,559.3251454916484,0.42525197530630976,2.685829586957241,0.030117028362613825,0.105,0.0,0.105,0.2868288415487031,3.486399744881309
0.06,14,0.07871545929798357,0.05561770056098337,4.235028848653124,552.6952949962658,0.43469726512557827,2.734635134963249,0.03181845215170658,0.105,0.0,0.105,0.3030328776353008,3.299971962789784
0.06,15,0.09234234234234234,0.05896156512819942,4.210564062075345,555.5945945945946,0.41121817339444533,2.6231032243741295,0.03376486399323969,0.105,0.0,0.105,0.32157013326894945,3.109741535491534
0.06,16,0.08887206661619985,0.05884610530125362,4.197399571620881,560.2127176381529,0.4200202731299214,2.684304930137579,0.031551662485833715,0.105,0.0,0.105,0.3004920236746068,3.327875355130451
0.06,17,0.07289293849658314,0.055400494959619684,4.235336050420629,561.9111617312072,0.42399768010363914,2.6754141990596914,0.03235216838927579,0.105,0.0,0.105,0.3081158894216742,3.2455320687192564
0.06,18,0.08261682242990655,0.05670368351937552,4.225855018483906,553.3140186915888,0.44728260819101706,2.7744328252599573,0.029680123025785952,0.105,0.0,0.105,0.2826678383408186,3.5377211849417365
0.06,19,0.07268209349277838,0.055836115021982304,4.233162289077793,574.6294455660817,0.4211637127737049,2.6785649340840605,0.030503303680962195,0.105,0.0,0.105,0.2905076541044019,3.4422500952096176
0.06,20,0.07057497181510711,0.054493523300711715,4.25452783048592,556.2198421645998,0.45132108905818313,2.7583339630673307,0.028905904274498885,0.105,0.0,0.105,0.2752943264237989,3.632475877692302
0.06,21,0.08492473601437879,0.06001391488122316,4.176993081529694,554.2239946079533,0.5036126461054664,3.0246271822334565,0.030903419380247505,0.105,0.0,0.105,0.294318279811881,3.3976822664197703
0.06,22,0.08631385463735927,0.05799907602341038,4.205560379684821,566.7654897755993,0.42613663876545615,2.6990811893022917,0.03169844726941724,0.105,0.0,0.105,0.30188997399444994,3.3124650904053685
0.06,23,0.03169656430525996,0.0528609231359027,4.235683383908947,562.508057160231,0.43498187288059853,2.717696590431122,0.030141451297041818,0.105,0.0,0.105,0.2870614409242078,3.4835747942337814
0.06,24,0.08501085085684353,0.05783200795891534,4.219880977384067,553.8099977549952,0.44780353928217664,2.7513650159510457,0.030979506675073716,0.105,0.0,0.105,0.2950429207149878,3.389337380394233
0.06,25,0.0851829174957906,0.058073622982875925,4.2260320263228275,566.3757844787999,0.42892926011700183,2.7347167036145454,0.03321910888022645,0.105,0.0,0.105,0.3163724655259662,3.1608313268903143
0.06,26,0.09570805600183613,0.05774690766634388,4.215747812756113,566.1595134266697,0.4603816333983559,2.8455572491331083,0.03127610526468963,0.105,0.0,0.105,0.2978676691875203,3.357195504727496
0.06,27,0.07679337829552421,0.05482655734830943,4.24788520861312,567.1557326793378,0.42467574594775215,2.675592629026378,0.032048137131681344,0.105,0.0,0.105,0.30522035363506045,3.2763214775501486
0.06,28,0.08610169491525424,0.05355650333798082,4.270494615767371,557.4745762711865,0.4663482828764245,2.8531064072837924,0.031489768537913694,0.105,0.0,0.105,0.29990255750393996,3.334416379516412
0.06,29,0.06321447497918087,0.054618349143308056,4.2446452860605675,560.2550533727004,0.4322849732998293,2.6942734213255353,0.03215906088659655,0.105,0.0,0.105,0.30627677034853856,3.265020715942689
0.06,30,0.07733393515384036,0.05570941095567454,4.235632609721656,556.7210561949898,0.4345788437058218,2.718004854662249,0.030607024266190386,0.105,0.0,0.105,0.2914954692018132,3.430585054163098
0.06,31,0.06524399571668961,0.05512705426382397,4.241054855566012,566.0298301973382,0.43119856057455763,2.722413061107294,0.03153993028656187,0.105,0.0,0.105,0.3003802884434464,3.329113255673144
0.06,32,0.06869360830995526,0.0544178332511487,4.244043086567973,561.1031162332247,0.4368473243957851,2.7470836436490655,0.03156903879642871,0.105,0.0,0.105,0.3006575123469401,3.326043617516738
0.06,33,0.10864178992416848,0.05811667102290804,4.236009581017903,555.6362339514978,0.4721769893367309,2.883101718803985,0.03370562742526975,0.105,0.0,0.105,0.32100597547875953,3.115206807314303
0.06,34,0.08809234507897934,0.05634845547585487,4.240286453270737,561.9963547995139,0.4602721640840173,2.847980163565361,0.029996530871524055,0.105,0.0,0.105,0.2856812463954672,3.5004047784631434
0.06,35,0.1068166377292972,0.058873060323580154,4.228540391389411,558.6507888578546,0.4551021532388404,2.8089698653634736,0.03266251670369827,0.105,0.0,0.105,0.31107158765426923,3.214694108005192
0.06,36,0.07721324095458044,0.0615640695760444,4.1348035136850525,569.6836027713625,0.47676372854039073,2.895844468609404,0.033709555493342626,0.105,0.0,0.105,0.32104338565088214,3.114843802100466
0.06,37,0.08789876487080397,0.05599357185150308,4.247092716237661,560.7635826324165,0.4070357148302719,2.6235694807171916,0.03126079054673694,0.105,0.0,0.105,0.297721814730828,3.3588402008905724
0.06,38,0.06739788199697429,0.054431739789093235,4.249848733777318,559.7897125567322,0.4165537097142078,2.6167532846252666,0.03158135200314564,0.105,0.0,0.105,0.3007747809823394,3.324746831280103
0.06,39,0.06851377804547508,0.05808352876939632,4.183148012564209,557.1812979972896,0.4403439865272958,2.7689384207064016,0.03327209642390167,0.105,0.0,0.105,0.31687710879906356,3.155797538641754
0.06,40,0.08165573399683329,0.05841326467604211,4.196600257739269,557.9780592626103,0.43666167484479956,2.7180138559815763,0.03372271841175856,0.105,0.0,0.105,0.3211687467786529,3.1136279916090106
0.06,41,0.07849519339943986,0.059584511473783644,4.173642579693396,560.1703883127697,0.45579305867431685,2.8098526785374665,0.029965792019984436,0.105,0.0,0.105,0.2853884954284232,3.5039954869197056
0.06,42,0.07095510695992768,0.055081602407498854,4.241241660565248,557.4326604398915,0.45285880606388673,2.800352069258059,0.033131203055746336,0.105,0.0,0.105,0.3155352671975842,3.1692178464913487
0.06,43,0.07187122128174123,0.05561051770067796,4.229235125175686,559.2829504232164,0.4587262407585513,2.803374795991699,0.031050011049534147,0.105,0.0,0.105,0.2957143909479443,3.381641308677581
0.06,44,0.08960411000302206,0.05631731288890239,4.233601217723862,559.114233907525,0.4756271301594097,2.9038395212275097,0.030480179740630893,0.105,0.0,0.105,0.29028742610124664,3.444861575407057
0.06,45,0.07316704459561603,0.054559379346574906,4.254071272891586,559.3673469387755,0.43440031266072765,2.73095876737761,0.030126665780928662,0.105,0.0,0.105,0.2869206264850349,3.4852844574147674
0.06,46,0.06394599104907836,0.053873850715039556,4.2582012897209855,561.3580368656603,0.4541313097870443,2.8486261404600146,0.0299596414593429,0.105,0.0,0.105,0.2853299186604086,3.504714839210995
0.06,47,0.06973684210526315,0.05479730763392612,4.244556134881299,572.7647058823529,0.425292245548917,2.714774630404991,0.030406342237127654,0.105,0.0,0.105,0.28958421178216814,3.4532269347343525
0.06,48,0.1031697653154526,0.058809754627173395,4.2413379617955815,563.8771715940262,0.4344271033478435,2.7282944294529536,0.030597801644377552,0.105,0.0,0.105,0.2914076347083577,3.431619082323651
0.06,49,0.08112419293581466,0.05637222282197696,4.223890158895084,562.1241929358147,0.4441405431134626,2.7683563488675405,0.03033166726825339,0.105,0.0,0.105,0.28887302160241324,3.4617285977516357
0.12,0,0.059572224732640455,0.05202521504569603,4.290583626363134,557.3488477180298,0.6165372565155849,3.4114491981955597,0.031745685104767093,0.21,0.0,0.21,0.1511699290703195,6.615072231295627
0.12,1,0.054479142922270345,0.051607349014645386,4.296125671611192,562.2947344426715,0.6543550273636356,3.5995828878577525,0.030771765523621517,0.21,0.0,0.21,0.1465322167791501,6.824437806104964
0.12,2,0.05308850645359557,0.053621430662741956,4.26608639872143,568.5476336816226,0.6705491359170992,3.627614883064551,0.02694907970562618,0.21,0.0,0.21,0.1283289509791723,7.792473891275706
0.12,3,0.05650529500756429,0.051310131083931426,4.29450631710316,559.7897125567322,0.6559375397919212,3.622318997904466,0.031401803721014906,0.21,0.0,0.21,0.14953239867149956,6.68751393600561
0.12,4,0.034214143882694364,0.05093060802358716,4.295877155988772,565.1667939514282,0.6619996426743455,3.615596618686969,0.03074912427127067,0.21,0.0,0.21,0.1464244012917651,6.829462788838051
0.12,5,0.06312625250501001,0.05219153787755012,4.2885768780788815,570.3849236935409,0.6363883735903073,3.537318630189854,0.03191537001580778,0.21,0.0,0.21,0.15197795245622753,6.579901780740326
0.12,6,0.05596645062905071,0.051492362559204606,4.29785367939007,564.2634388105223,0.6263487862015609,3.4708654113415887,0.0296508225186625,0.21,0.0,0.21,0.1411943929460119,7.082434218066769
0.12,7,0.058042226487523996,0.05132321048208357,4.29890900376002,568.1554702495201,0.6323658197652549,3.5217299562200464,0.030001433063361612,0.21,0.0,0.21,0.14286396696838863,6.999665634521188
0.12,8,0.06174134572156451,0.05202253442360225,4.287600903847905,554.5141615465308,0.6481062178499997,3.570939068170546,0.03188069269213808,0.21,0.0,0.21,0.15181282234351468,6.587058883190043
0.12,9,0.06330651282829816,0.05285315181229907,4.278012405432391,561.7408531956885,0.6638998484413605,3.63161306152837,0.03135689070343621,0.21,0.0,0.21,0.14931852715922006,6.697092578027431
0.12,10,0.05387816874763526,0.051564315814274356,4.295559178308236,560.0011350737798,0.6160087986208964,3.4633732001052135,0.031479986260234016,0.21,0.0,0.21,0.14990469647730484,6.6709050716859775
0.12,11,0.046846295162278014,0.05122859793380472,4.294603044270337,566.4623392529088,0.6177883461059537,3.457721616537512,0.030634346616064782,0.21,0.0,0.21,0.14587784102887993,6.8550507256412345
0.12,12,0.05804749340369393,0.05145481965705272,4.295974488919968,557.894082171127,0.6152001020382158,3.4721069933552915,0.032470307124487396,0.21,0.0,0.21,0.15462051011660666,6.467447295613322
0.12,13,0.058037048102778606,0.053048806461406604,4.273952668007095,552.7777113833283,0.6489986864326056,3.6114870888067134,0.029713528311277302,0.21,0.0,0.21,0.14149299195846335,7.067487839210862
0.12,14,0.058886509635974305,0.0517163925873445,4.294241941101646,565.9434077699602,0.601421187951928,3.4021029566963867,0.03029434860231799,0.21,0.0,0.21,0.1442588028681809,6.931985987113508
0.12,15,0.043978816486299796,0.05113295756455693,4.299700139910891,567.9813492977205,0.6588995623169467,3.6232614973063937,0.030890756796218458,0.21,0.0,0.21,0.14709884188675457,6.798150054572553
0.12,16,0.05300434087274389,0.05153355433575851,4.29612007338663,563.5771076079507,0.6442304722440895,3.581643129960711,0.031063629603540508,0.21,0.0,0.21,0.14792204573114529,6.760317537911443
0.12,17,0.04901442489237973,0.05143467296807573,4.2973394625460175,558.9034816101503,0.6430176529102027,3.546683914070999,0.031283592236812374,0.21,0.0,0.21,0.1489694868419637,6.712784082158137
0.12,18,0.32685539403213465,0.05648294573020745,4.297824852695204,566.2027543993879,0.6612275317893364,3.5923686980157807,0.03543396621351762,0.21,0.0,0.21,0.168733172445322,5.926516911332596
0.12,19,0.06335319405686704,0.051840601553521166,4.290183398267262,558.1460894486763,0.6293269489542581,3.51172541872902,0.03436569105055401,0.21,0.0,0.21,0.16364614785978102,6.110745734490754
0.12,20,0.05324813631522897,0.05138003840256937,4.297121245382867,562.9351894112277,0.5893725257774349,3.3524650143595225,0.03086898617261805,0.21,0.0,0.21,0.14699517225056213,6.802944509602258
0.12,21,0.05910663257632727,0.05143941731936669,4.299996994099692,556.512107083772,0.6502867579401936,3.6139047018256814,0.029663120897606643,0.21,0.0,0.21,0.14125295665526974,7.079497829135833
0.12,22,0.06618595825426946,0.051950349589293676,4.293090921477809,561.6982922201139,0.6296619715285487,3.49099420065744,0.03108991860765438,0.21,0.0,0.21,0.14804723146502086,6.754601150621787
0.12,23,0.07641293935597966,0.052948076381456516,4.281855068893873,545.3371895954609,0.6345088881789707,3.5136599676987124,0.03038506169262767,0.21,0.0,0.21,0.14469076996489366,6.911290887750685
0.12,24,0.05925870572410701,0.05144461563323597,4.298201200845333,553.0251083545061,0.6110252624202985,3.4430123900871763,0.028836543128554964,0.21,0.0,0.21,0.13731687204073792,7.282426297209341
0.12,25,0.06336361554317123,0.05127993363034168,4.3013175787542375,564.9514466753187,0.626853992784163,3.4640822741172297,0.029993123725398196,0.21,0.0,0.21,0.14282439869237237,7.001604831915919
0.12,26,0.046633701027006466,0.05170952710410806,4.289940569460574,562.977938379612,0.631417751632398,3.5202644479166056,0.031829328937865824,0.21,0.0,0.21,0.1515682330374563,6.597688578667239
0.12,27,0.0657033190336419,0.052098190848623584,4.290948065654885,556.9720027094152,0.6558086315053515,3.625891115656533,0.03101443348215271,0.21,0.0,0.21,0.1476877784864415,6.771040977448282
0.12,28,0.05250379362670713,0.05153358317783302,4.292296590449006,561.4855842185129,0.6595766643877141,3.6477703500556995,0.03549358595978436,0.21,0.0,0.21,0.16901707599897314,5.916561945528365
0.12,29,0.05614276960784314,0.05128938820104819,4.299813953754555,566.8088235294117,0.6642578725295607,3.6564324127536247,0.030395253731044916,0.21,0.0,0.21,0.14473930348116626,6.90897341598802
0.12,30,0.06262641396359278,0.05289746784261987,4.276995216663976,554.3897670237471,0.6336861798190512,3.5394511220792553,0.03249804408386782,0.21,0.0,0.21,0.15475259087556104,6.461927353475558
0.12,31,0.09672574346650646,0.053525693736957876,4.280890423229428,555.7611895464104,0.6460127476020716,3.5738902925204536,0.030014062513696108,0.21,0.0,0.21,0.14292410720807672,6.9967202841725324
0.12,32,0.06050955414012739,0.05137661143439979,4.29952935928555,574.8076743824763,0.6243024369468912,3.4569116971049043,0.028754770506849683,0.21,0.0,0.21,0.1369274786040461,7.303136011813269
0.12,33,0.06784594715629198,0.05176767098786497,4.296125119085466,552.3658755038066,0.6359115820960142,3.5546153316814046,0.031065404969544845,0.21,0.0,0.21,0.14793049985497544,6.759931190527687
0.12,34,0.07918183931200123,0.052946924757143826,4.278121798312818,573.3405903773146,0.6361952082952484,3.5146362501539814,0.03219047676488941,0.21,0.0,0.21,0.1532879845947115,6.523668522643623
0.12,35,0.041506880216557636,0.051497512372999106,4.292962060479298,556.4703361154974,0.6429241060104687,3.587215074111229,0.03151234237106539,0.21,0.0,0.21,0.1500587731955495,6.664055547734269
0.12,36,0.07740125843378061,0.052011035913765824,4.295166747433636,561.018194223334,0.6220753646921366,3.478794542092109,0.0324355084873246,0.21,0.0,0.21,0.15445480232059333,6.474385936698524
0.12,37,0.06737804878048781,0.051889465390987474,4.293767680159591,564.0487804878048,0.6240659092436545,3.4766595563741527,0.031105078358412662,0.21,0.0,0.21,0.148119420754346,6.751309145736439
0.12,38,0.052726998035957096,0.05128913283603291,4.298894258864471,559.0299138842726,0.6361577658099122,3.519649304143373,0.03148963459944303,0.21,0.0,0.21,0.14995064094972874,6.668861124343257
0.12,39,0.06990858108627179,0.05174815240848625,4.29738555796873,568.5040331873704,0.6153592936170753,3.412179719145533,0.03024260925327176,0.21,0.0,0.21,0.14401242501557981,6.943845295930654
0.12,40,0.058778332693046484,0.05148939342800911,4.299362792669682,568.5912408759124,0.6206400516384747,3.473861562198393,0.029143625853603573,0.21,0.0,0.21,0.13877917073144558,7.2056922860212245
0.12,41,0.054353522497566815,0.05190938248226485,4.289505249181107,554.0583214793741,0.6510247120750137,3.5873284624897335,0.030663074002596016,0.21,0.0,0.21,0.14601463810760007,6.848628418084268
0.12,42,0.06656041287188828,0.05153055565196282,4.300620017685773,561.655737704918,0.6454868347209413,3.528046887503488,0.029851326506283565,0.21,0.0,0.21,0.14214917383944556,7.034863256605899
0.12,43,0.0670717983344587,0.05261406400198213,4.282293402891295,555.2201215395004,0.6330621814122424,3.5292717364085746,0.030597230585775483,0.21,0.0,0.21,0.1457010980275023,6.863366258305353
0.12,44,0.04724470134874759,0.051173400768584475,4.301274160951397,570.3410404624277,0.6794038588996045,3.685603261898506,0.03163303274501747,0.21,0.0,0.21,0.15063348926198797,6.638629994560897
0.12,45,0.060512741550542766,0.052496762236514755,4.2813571581357035,569.7273847101394,0.6272278683900367,3.509927596914663,0.03181041498567101,0.21,0.0,0.21,0.15147816659843338,6.601611456329457
0.12,46,0.0861316066857401,0.05176790753751241,4.300114482359744,557.1812979972896,0.6190692285017576,3.4065530840150435,0.029917646468222203,0.21,0.0,0.21,0.1424649831820105,7.019268718983524
0.12,47,0.05041504835884548,0.051421628575152166,4.302162159043803,563.5771076079507,0.6708738711022306,3.6364244962776415,0.030386641665616405,0.21,0.0,0.21,0.1446982936457924,6.910931530733213
0.12,48,0.06798014739058506,0.052401847726816296,4.291262731742913,556.512107083772,0.6765190311707556,3.676612762222617,0.030252991847668862,0.21,0.0,0.21,0.14406186594128031,6.941462221568063
0.12,49,0.054289646734974766,0.05124410759167034,4.299474088934562,565.8570117755008,0.6433035262452904,3.5158981713326285,0.02993540951855758,0.21,0.0,0.21,0.14254956913598849,7.015103630695837
0.25,0,0.04622425629290618,0.050377294587103306,4.3160226731526246,564.4782608695652,1.071111405879492,5.267422325887801,0.030603523621585096,0.4375,0.0,0.4375,0.06995091113505165,14.295739451761204
0.25,1,0.07614483493077742,0.05097470511552212,4.311382524045877,562.9351894112277,1.1246897346281912,5.462705265889844,0.03190805832150206,0.4375,0.0,0.4375,0.07293270473486184,13.711269911562733
0.25,2,0.058365758754863814,0.05049125837225873,4.315921169595425,564.6072327763791,1.0480510919587687,5.148520860289822,0.03142632663508815,0.4375,0.0,0.4375,0.07183160373734435,13.921448888382713
0.25,3,0.08306538049303322,0.05134336620003106,4.310644350460533,566.5489205328433,1.0867836355755571,5.366381317124633,0.033002966173415256,0.4375,0.0,0.4375,0.07543535125352059,13.256384220167991
0.25,4,0.05376923076923077,0.05038096725387994,4.316110838578819,569.2461538461539,1.0709434624004643,5.296102560680245,0.030966321655440335,0.4375,0.0,0.4375,0.07078016378386362,14.12825213365752
0.25,5,0.060674837343017096,0.050469376277777804,4.316815518598807,559.8742623694961,1.0480809717846569,5.1416107519620216,0.031114376979433506,0.4375,0.0,0.4375,0.07111857595299087,14.061023953305765
0.25,6,0.054510556621881,0.050319141822400826,4.316209871779179,568.1554702495201,1.0607561003125738,5.217925023823195,0.030518482801651408,0.4375,0.0,0.4375,0.06975653211806036,14.335575029841461
0.25,7,0.06367659191479787,0.05060141083239128,4.315581384759994,555.0538513462836,1.0774514527874999,5.2654322449555915,0.029076842593238235,0.4375,0.0,0.4375,0.06646135449883026,15.04633794391898
0.25,8,0.05841392649903288,0.05042505587774426,4.3160573866477785,572.5435203094778,1.043725538853323,5.141078861891921,0.03260256684178723,0.4375,0.0,0.4375,0.07452015278122795,13.419188805687817
0.25,9,0.06481270420180837,0.05049439650969056,4.316752222185634,562.2947344426715,1.064353542868048,5.226457343995435,0.031122135952391043,0.4375,0.0,0.4375,0.07113631074832238,14.057518438620788
0.25,10,0.019798940986877445,0.050175260425472004,4.312938367309966,567.8943289079887,1.0982905359123833,5.371123861976164,0.031054142705782925,0.4375,0.0,0.4375,0.07098089761321812,14.088297466299993
0.25,11,0.0511497305911816,0.050375909724416634,4.315705479699448,561.6131896486302,1.0551940347068012,5.205297340048332,0.03243536933206267,0.4375,0.0,0.4375,0.07413798704471466,13.488361902743224
0.25,12,0.06214264219079146,0.05041089087879036,4.3163139599773785,556.7628648811315,1.0695770569436718,5.227570943263456,0.03115033335364646,0.4375,0.0,0.4375,0.07120076195119192,14.044793519000534
0.25,13,0.046479731789088694,0.05035300167852751,4.317079140726505,563.8771715940262,1.065144028805662,5.248968086613063,0.031532383981317136,0.4375,0.0,0.4375,0.07207402052872489,13.874624901790417
0.25,14,0.054598781680078215,0.05038264359095487,4.316727843386895,556.5538843348123,1.0683350180916023,5.246757239668446,0.03162997642696278,0.4375,0.0,0.4375,0.07229708897591493,13.83181555668362
0.25,15,0.05701125122706335,0.050580000731127464,4.314170871088886,558.8192252510761,1.114475827984279,5.44955364632351,0.031013647350421714,0.4375,0.0,0.4375,0.07088833680096392,14.106692936071287
0.25,16,0.038226766366549675,0.05041636097758289,4.314687593710255,564.6502365328857,1.071482236526208,5.2478280062283496,0.02941323588627473,0.4375,0.0,0.4375,0.06723025345434223,14.874255987732148
0.25,17,0.05093224192814916,0.05039753721320784,4.316146848033283,560.8908594815825,1.0397341040661559,5.159535764628816,0.030407812174374278,0.4375,0.0,0.4375,0.06950357068428406,14.387750012764696
0.25,18,0.06996974281391831,0.050603002015167965,4.313268068732861,559.7897125567322,1.0698400437831879,5.157364416070815,0.03203903227677894,0.4375,0.0,0.4375,0.07323207377549472,13.655218928603178
0.25,19,0.04934753262336883,0.050396506824778205,4.316192453632986,555.0122993850307,1.0425078172411304,5.219609765118919,0.030695083765144078,0.4375,0.0,0.4375,0.07016019146318646,14.253096793852208
0.25,20,0.043232231779085556,0.050335178353332066,4.315936016418262,558.3562698053418,1.05015500166337,5.127027228413657,0.03182189051438105,0.4375,0.0,0.4375,0.07273574974715669,13.748397500213999
0.25,21,0.05357412724799758,0.050374569148941346,4.316384546199086,559.1985794166541,1.0694417945633177,5.23330477645373,0.0319625959425904,0.4375,0.0,0.4375,0.07305736215449234,13.687874438791374
0.25,22,0.05058751716770945,0.050422915284242385,4.315929533734981,564.6502365328857,1.0505125020281412,5.180657980261777,0.030812713049472182,0.4375,0.0,0.4375,0.07042905839879356,14.198684786294542
0.25,23,0.05130168453292496,0.05049703375821595,4.313174782261169,566.635528330781,1.075790561240865,5.269912325735991,0.03179267295100402,0.4375,0.0,0.4375,0.07266896674515204,13.761032319435213
0.25,24,0.04157684016014783,0.05040820873845134,4.314792685970482,569.7711733908222,1.0183859982644208,5.139377063652241,0.033512765695882095,0.4375,0.0,0.4375,0.07660060730487336,13.05472678591126
0.25,25,0.05350917083522813,0.05030697812985063,4.3172363115853924,560.8908594815825,1.1053999320720322,5.305379054482823,0.0305617960905433,0.4375,0.0,0.4375,0.06985553392124183,14.31525813155252
0.25,26,0.06099591342515514,0.05051964416026781,4.315799765103857,560.0434387770547,1.0725352612207644,5.310330027607952,0.029426537719269914,0.4375,0.0,0.4375,0.06726065764404551,14.867532299374245
0.25,27,0.04377792925850186,0.05058682235526467,4.311473795520233,560.5092024539878,1.0954437446198426,5.336202464366743,0.029811890725129134,0.4375,0.0,0.4375,0.06814146451458088,14.675352329505927
0.25,28,0.07790250885255783,0.05119532445827604,4.309537223084975,557.5584268816394,1.0529827179561835,5.2324347032342855,0.031759930527140906,0.4375,0.0,0.4375,0.07259412691917921,13.775219049239672
0.25,29,0.09065413476843781,0.050608331923193785,4.317195381812548,560.9332979610399,1.0696138200291898,5.265662260625651,0.03131774178467066,0.4375,0.0,0.4375,0.07158340979353293,13.969717325345169
0.25,30,0.04971333735666868,0.05033017209237031,4.316218756340841,558.2721786360893,1.0607982689107303,5.214074090693571,0.030578098570191038,0.4375,0.0,0.4375,0.06989279673186523,14.307626061042772
0.25,31,0.0479147500766636,0.050493291732282335,4.3141170924979155,567.329346826127,1.0810999180539511,5.285380702883616,0.029855649326889232,0.4375,0.0,0.4375,0.06824148417574681,14.653843070362212
0.25,32,0.054730557256582976,0.050428186356033,4.315620718176415,566.4623392529088,1.0381291706871707,5.123491833398254,0.031870760934873066,0.4375,0.0,0.4375,0.07284745356542414,13.72731579562904
0.25,33,0.05277671390271926,0.05045963000857579,4.315469514700271,566.852163921869,1.0632809359231032,5.257047439921885,0.031113208910052086,0.4375,0.0,0.4375,0.07111590608011906,14.061551840082046
0.25,34,0.0614174419484154,0.05082062854334896,4.311556517974341,559.7474472430225,1.0811663855565712,5.352955757685352,0.03216963147115389,0.4375,0.0,0.4375,0.07353058621978033,13.599782776259056
0.25,35,0.06497813960500527,0.05056918916653231,4.314695277363436,557.8521031207598,1.0673424351261929,5.222900319324049,0.034558316469406575,0.4375,0.0,0.4375,0.07899043764435788,12.659760216829586
0.25,36,0.059177456207159175,0.050417025568391206,4.3162412056455866,563.6199543031227,1.044030442921212,5.093976555238188,0.030694003717382096,0.4375,0.0,0.4375,0.07015772278258765,14.253598325859413
0.25,37,0.044798785117691725,0.05029855178289819,4.316194397989561,561.9111617312072,1.040403144346783,5.135109785755283,0.032134801921778075,0.4375,0.0,0.4375,0.07345097582120703,13.614523004216867
0.25,38,0.06055547123994536,0.0507302491649767,4.312881043604381,561.57064804978,1.0540675815136638,5.200607826607318,0.03085220455894419,0.4375,0.0,0.4375,0.07051932470615815,14.18051015330659
0.25,39,0.0649597325634402,0.050567676166753193,4.315278627970474,562.2520893481234,1.063666344503872,5.2086024463130265,0.029975355407056523,0.4375,0.0,0.4375,0.06851509807327205,14.595323193299246
0.25,40,0.05195794606125247,0.0503758562500083,4.3163342552368364,563.7914063690386,1.0589737005357165,5.2582108250334185,0.030681173143553852,0.4375,0.0,0.4375,0.07012839575669452,14.259559044661865
0.25,41,0.05143986019299445,0.05062581998959171,4.31351968056212,562.2947344426715,1.0497221703699324,5.255992387599566,0.032879677692147065,0.4375,0.0,0.4375,0.07515354901062186,13.306091504190501
0.25,42,0.046671767406273906,0.05038817412522877,4.314491588102459,566.2027543993879,1.074937730707461,5.237667219966756,0.02977638646965074,0.4375,0.0,0.4375,0.06806031193063027,14.692850673667778
0.25,43,0.055706316900346754,0.05032380090230922,4.316420574662651,557.8521031207598,1.0647362857416738,5.24220127067371,0.03118697762079505,0.4375,0.0,0.4375,0.07128452027610296,14.02829108096326
0.25,44,0.04742746615087041,0.05032953464144009,4.316157718590595,572.5435203094778,1.0358128941734321,5.201095199826603,0.03178360811050335,0.4375,0.0,0.4375,0.07264824710972194,13.764957033163956
0.25,45,0.04326598062044618,0.050377097687075593,4.314649686337759,555.8862014572222,1.0348642811877653,5.087782816680459,0.033010859228827016,0.4375,0.0,0.4375,0.07545339252303318,13.253214554862279
0.25,46,0.05615831295843521,0.05044101789468156,4.315069047061808,565.4254278728606,1.0732834706432186,5.17497110874556,0.03222730271963078,0.4375,0.0,0.4375,0.07366240621629892,13.57544575809329
0.25,47,0.051322751322751325,0.05108360489284826,4.304982434857202,559.3673469387755,1.1112256300984882,5.329725527853561,0.032170350697473364,0.4375,0.0,0.4375,0.0735322301656534,13.599478728541213
0.25,48,0.05463901922203723,0.05047418164038249,4.316465323167725,560.0434387770547,1.0529627620999236,5.153918064327797,0.028355883457476885,0.4375,0.0,0.4375,0.06481344790280431,15.42889681628452
0.25,49,0.05346032721407174,0.05032981520088598,4.3172800810783905,568.4168522928028,1.10494819044834,5.419874531334685,0.030230668441365613,0.4375,0.0,0.4375,0.0690986707231214,14.472058427968944
0.5,0,0.04135366871538053,0.050036542916776464,4.321547269695309,561.5281129068974,1.8978285829653032,8.620348295124082,0.031879758150811184,0.875,0.0,0.875,0.03643400931521278,27.44688324988863
0.5,1,0.05111531190926276,0.05006570475469322,4.322040764736149,559.578449905482,1.9277339267136995,8.704763940389647,0.0317977420534706,0.875,0.0,0.875,0.036340276632537825,27.517677152315194
0.5,2,0.05629439322956022,0.05012764189751561,4.321671445375357,559.1985794166541,1.8651233102136757,8.383054188321,0.03213696838630527,0.875,0.0,0.875,0.03672796387006316,27.2272104039804
0.5,3,0.05951932494537784,0.050055831011831316,4.321178102362651,557.5584268816394,1.8819584830489475,8.312106043881286,0.03315084845850897,0.875,0.0,0.875,0.03788668395258168,26.39449789935648
0.5,4,0.057782839787395596,0.05012670862173007,4.321660871903894,561.9111617312072,1.847675616183551,8.478206472102578,0.031027670366393506,0.875,0.0,0.875,0.03546019470444972,28.200634777521824
0.5,5,0.06894720873786407,0.050093686473368704,4.321844737789264,561.3155339805825,1.881937163794646,8.552354471973699,0.03345561795244309,0.875,0.0,0.875,0.03823499194564924,26.154052848278155
0.5,6,0.0742417383431417,0.05007939640432173,4.321962962565132,558.3562698053418,1.8691340788209345,8.575488175298842,0.030854149024393606,0.875,0.0,0.875,0.03526188459930698,28.359232961123514
0.5,7,0.062079395085066165,0.0501417067129223,4.320506467558142,559.578449905482,1.8875496194814332,8.502485537425663,0.02974020555329953,0.875,0.0,0.875,0.033988806346628035,29.421450986001105
0.5,8,0.046275395033860044,0.05028191023007249,4.317849236424171,556.8465011286681,1.8843408304092009,8.48002927864546,0.031164516610615006,0.875,0.0,0.875,0.03561659041213144,28.076803209646595
0.5,9,0.04307763188205482,0.05006121257060577,4.321738563020661,568.2425708362128,1.8524132210295647,8.388762737407085,0.030716383932298634,0.875,0.0,0.875,0.03510443877976987,28.48642606918086
0.5,10,0.05274741955069824,0.05000763417946795,4.322177971482304,561.655737704918,1.8572673765011132,8.33676593577355,0.031032384756998443,0.875,0.0,0.875,0.035465582579426794,28.196350581876228
0.5,11,0.05357142857142857,0.050231270989332576,4.319528009431052,564.7362637362637,1.8958975614223164,8.601381804711185,0.03141010784329015,0.875,0.0,0.875,0.035897266106617316,27.857274618906413
0.5,12,0.05035322410942432,0.05008299924986458,4.321862159717802,556.1781151360289,1.852512355602812,8.203874138291313,0.03109328332460132,0.875,0.0,0.875,0.03553518094240151,28.141125878066763
0.5,13,0.02686341278849792,0.05008459907595229,4.320760076572638,560.0011350737798,1.874019657203462,8.467954508421746,0.03276290459051477,0.875,0.0,0.875,0.037443319532016885,26.707033791299516
0.5,14,0.055742211362248016,0.050036216351555314,4.322529989711373,565.0806353084912,1.831195152393775,8.31561430648873,0.030057402907374166,0.875,0.0,0.875,0.03435131760842762,29.110964866007468
0.5,15,0.05654671908073783,0.05011492562246864,4.321105927658518,559.4517689749017,1.8897675431799144,8.459695718216452,0.03117897605526762,0.875,0.0,0.875,0.035633115491734424,28.063782417003736
0.5,16,0.051860288534548216,0.05017741880476219,4.3205829971957215,561.9111617312072,1.8961136877769604,8.600797968195327,0.030741050628159468,0.875,0.0,0.875,0.035132629289325104,28.463568489701554
0.5,17,0.05082697681444,0.050210568007418376,4.319390061519414,558.9034816101503,1.8920655679830816,8.478256339358602,0.0303680145880629,0.875,0.0,0.875,0.0347063023863576,28.813210605606933
0.5,18,0.044648917716268194,0.05005169563089981,4.322042443206538,558.1460894486763,1.8563946803333238,8.354075869413782,0.030122737846350313,0.875,0.0,0.875,0.034425986110114645,29.04782441965233
0.5,19,0.05210601396501239,0.05007109914604633,4.322103275901185,555.6362339514978,1.86207207487314,8.340113812262823,0.031509818850668087,0.875,0.0,0.875,0.03601122154362067,27.769121877431797
0.5,20,0.0552002436424547,0.05013587487902283,4.320239886162346,563.4486066697121,1.8803648459143005,8.56559876822797,0.03334156543270995,0.875,0.0,0.875,0.03810464620881137,26.24351882235187
0.5,21,0.05533084026558803,0.050048728051370485,4.322128593218453,564.7792871861406,1.862272172991652,8.417230561256934,0.0314726612108397,0.875,0.0,0.875,0.03596875566953108,27.801906999165222
0.5,22,0.05388490306823386,0.050088278067236966,4.3217786298217975,564.8223172034803,1.87719733119593,8.386134703568299,0.030341469347823228,0.875,0.0,0.875,0.034675964968940834,28.83841879802616
0.5,23,0.05196778605075217,0.0501012875082697,4.321248794976209,562.2520893481234,1.8680014224082697,8.370903748607113,0.03126151360655755,0.875,0.0,0.875,0.03572744412178006,27.989687607974815
0.5,24,0.033669780054233205,0.05000659912411719,4.3221795870273585,557.4326604398915,1.848881885089213,8.375179176523954,0.029568121602480676,0.875,0.0,0.875,0.03379213897426363,29.592681326316995
0.5,25,0.05086539188269972,0.050137630619809484,4.3209813350625135,559.3251454916484,1.870384887442924,8.477369931893433,0.03202794676062673,0.875,0.0,0.875,0.036603367726430545,27.319890548702716
0.5,26,0.037560827250608275,0.050061814326552975,4.321532226012428,562.6788321167883,1.8835778388893232,8.442644995660014,0.029499738304023165,0.875,0.0,0.875,0.03371398663316933,29.661280075853004
0.5,27,0.05384557210920366,0.050086225673550734,4.3217444140957095,559.6629357936928,1.9046835905464832,8.591588520039572,0.03202076287686898,0.875,0.0,0.875,0.03659515757356455,27.326019787994454
0.5,28,0.05074154934879169,0.050044549518661344,4.322346356432616,557.1394263344124,1.8896619402221404,8.540367409210518,0.029747409615389662,0.875,0.0,0.875,0.03399703956044533,29.414325862757593
0.5,29,0.057264696923545536,0.05006609360951004,4.320693598921687,563.5342674383186,1.8580375548626762,8.315005083343163,0.029811666783419333,0.875,0.0,0.875,0.03407047632390781,29.350925138028778
0.5,30,0.05408890911849492,0.05004899926001234,4.322189422822227,561.4005461993628,1.85957904253155,8.339219481095032,0.029006445831387527,0.875,0.0,0.875,0.03315022380730003,30.165708859551934
0.5,31,0.06210470166882573,0.050073277294191434,4.321783405961108,563.9200640097539,1.8767577914695721,8.463874777151553,0.03071569645193348,0.875,0.0,0.875,0.03510365308792398,28.48706365389676
0.5,32,0.03659447348767737,0.0501358999670569,4.319459370218807,552.6952949962658,1.8591884468041826,8.398465342183897,0.032152489122233986,0.875,0.0,0.875,0.036745701853981697,27.21406721182662
0.5,33,0.04537776412776413,0.050047172265422206,4.322238140150132,568.1990171990172,1.8502008373907302,8.22492859681963,0.0316520168038967,0.875,0.0,0.875,0.036173733490167656,27.64436798517933
0.5,34,0.049097808410129326,0.050051811667491855,4.322071618689502,573.0746534500116,1.8298384468944278,8.232340222046357,0.030922329741295333,0.875,0.0,0.875,0.035339805418623235,28.29670362228491
0.5,35,0.057707025868666766,0.0501661808422226,4.320750036868727,566.3757844787999,1.8775640715030022,8.52616271489794,0.03115086099413145,0.875,0.0,0.875,0.03560098399329308,28.089111250082055
0.5,36,0.05822515751916799,0.05014188116123251,4.321888935306654,561.7834206331132,1.894700312288478,8.538517682243985,0.030990312511326088,0.875,0.0,0.875,0.0354175000129441,28.234629763098134
0.5,37,0.0642851702338335,0.05014882291606574,4.321334760284281,563.6628075253257,1.8844155130209401,8.51532565690323,0.030789367674898444,0.875,0.0,0.875,0.03518784877131251,28.418901266145802
0.5,38,0.06554235339210425,0.050103613553107336,4.322037242602043,567.2859333077807,1.8609379903937224,8.370290044747577,0.03344824883070114,0.875,0.0,0.875,0.03822657009222987,26.159814955599824
0.5,39,0.09225512528473805,0.05033134167508794,4.322251902681802,561.9111617312072,1.8838322984520346,8.391056272722775,0.031018363221496887,0.875,0.0,0.875,0.035449557967425015,28.20909645527628
0.5,40,0.0500269375817748,0.050095046995913245,4.321371119321958,569.5522973909028,1.8741741539852228,8.521140933605523,0.029487861838623716,0.875,0.0,0.875,0.03370041352985568,29.673226386794507
0.5,41,0.052095130237825596,0.05002882553230641,4.321771014194651,558.7349943374859,1.8843576617946383,8.535507997229553,0.02778910374202906,0.875,0.0,0.875,0.031758975705176065,31.487161591203975
0.5,42,0.024872205691615166,0.05001220375421822,4.321522229543136,564.6072327763791,1.8723494609002955,8.343324550685455,0.03200267685131563,0.875,0.0,0.875,0.036574487830075005,27.341462842788065
0.5,43,0.0381368706662647,0.05002860039078055,4.3219871444942575,557.7681640036177,1.8396781170740724,8.34349524894982,0.03125906617556164,0.875,0.0,0.875,0.03572464705778473,27.99187906272375
0.5,44,0.049738418378952154,0.05003619055912671,4.321337605848827,561.1031162332247,1.895330766274128,8.498704423661017,0.03159183069175699,0.875,0.0,0.875,0.03610494936200799,27.697033721705367
0.5,45,0.05737580006095703,0.05009003237043684,4.322121649697259,563.8771715940262,1.879797053639777,8.508137005770852,0.031071873698049608,0.875,0.0,0.875,0.03551071279777098,28.16051611509106
0.5,46,0.049977317405111146,0.050049214942432904,4.321614037112304,559.5362165431725,1.879149745538598,8.314183930021644,0.03010222627702097,0.875,0.0,0.875,0.034402544316595396,29.06761752262641
0.5,47,0.04600995625282848,0.05008386089515476,4.321596224424778,558.188112837532,1.8742575439973734,8.509074552062016,0.03257958110698699,0.875,0.0,0.875,0.037233806979413704,26.85731277902613
0.5,48,0.04693552061973114,0.050065494703047234,4.321591346777168,562.038961038961,1.8670080332667567,8.264838905403856,0.03135984482184098,0.875,0.0,0.875,0.03583982265353255,27.901923780904507
0.5,49,0.04391440035666518,0.050027673645598826,4.322104403676339,549.9077128845297,1.882870078261476,8.467177558852864,0.030878734293376828,0.875,0.0,0.875,0.035289982049573516,28.336653688155817
1.0,0,0.05129565085619033,0.049927630091014225,4.323702636897157,560.7211698742234,3.5018561175093055,14.792946491788413,0.031053603598948574,1.75,0.0,1.75,0.017744916342256327,56.35416818611197
1.0,1,0.05099962278385515,0.049970699506587286,4.323850618086698,558.3142210486609,3.4766830341832247,14.974090078400783,0.03155606258404174,1.75,0.0,1.75,0.018032035762309568,55.45685540898233
1.0,2,0.049622926093514326,0.04997051469333342,4.32349412516448,558.10407239819,3.4869187930598855,14.832417858440161,0.03171051486734763,1.75,0.0,1.75,0.018120294209912933,55.18674191575419
1.0,3,0.048005512594747723,0.04993041152797579,4.323861050808563,566.5922211163005,3.5021428074978758,15.182794821129935,0.029333327752865027,1.75,0.0,1.75,0.01676190157306573,59.65910225883168
1.0,4,0.05437696254882438,0.04996259158127316,4.323546607791047,566.7654897755993,3.454741917026695,14.738167221126758,0.027360860130292486,1.75,0.0,1.75,0.015634777217309992,63.959977561615226
1.0,5,0.04660063034669068,0.049941026852703685,4.323644716512012,555.3448896893291,3.472803133598063,14.759480628275746,0.02889617398703825,1.75,0.0,1.75,0.016512099421164713,60.56165085332698
1.0,6,0.043121149897330596,0.04992118861765602,4.323940071426816,562.8069815195072,3.512742342572892,15.11138814243094,0.031158474626255046,1.75,0.0,1.75,0.017804842643574313,56.164495245393
1.0,7,0.04786065884134797,0.0499776216306615,4.323254438932433,560.4244604316547,3.470265666517662,14.867024802521744,0.03168611741656789,1.75,0.0,1.75,0.018106352809467367,55.229234209836264
1.0,8,0.03594128329297821,0.04993597750458764,4.323630627454273,559.9588377723971,3.4733190184342675,14.839614347170329,0.0292042931300289,1.75,0.0,1.75,0.016688167502873656,59.92269671477127
1.0,9,0.11712875047474364,0.0500054828981055,4.323289552426505,562.1241929358147,3.492227036622353,14.949634995497535,0.03303937646183074,1.75,0.0,1.75,0.01887964369247471,52.96710130173658
1.0,10,0.062279760992799145,0.049976577789905274,4.323357768429356,566.8955109544967,3.4926427506434266,15.032037711859582,0.03377946966106541,1.75,0.0,1.75,0.019302554092037377,51.8066156028811
1.0,11,0.06042204341885532,0.04998188274953633,4.323599067728201,561.7408531956885,3.4828443170990795,14.72387316783444,0.032513862147496186,1.75,0.0,1.75,0.01857934979856925,53.823196766391014
1.0,12,0.04602735515598586,0.04997303417227335,4.3234072688096665,568.6348547717843,3.457918001629878,14.81242414460884,0.03149521323659695,1.75,0.0,1.75,0.01799726470662683,55.563999102140606
1.0,13,0.06342494714587738,0.04995630021270788,4.3234656071450805,558.7771066143159,3.5507379414630122,15.047094289550992,0.028792262801682792,1.75,0.0,1.75,0.016452721600961596,60.780217659645686
1.0,14,0.04301817345295606,0.04998278291213345,4.323052295478949,567.4596273291926,3.4956489474279806,14.948945748081034,0.030737883153257692,1.75,0.0,1.75,0.017564504659004394,56.93300320241896
1.0,15,0.04257133995037221,0.04995024858145233,4.3237669002594235,573.8287841191067,3.465322854492115,14.889227497790719,0.03043629294946547,1.75,0.0,1.75,0.017392167399694555,57.49714667635744
1.0,16,0.04616210413311862,0.04996402304102764,4.323622409172937,567.4596273291926,3.490917425544467,15.192839579707602,0.030158600162601544,1.75,0.0,1.75,0.017233485807200882,58.026565907064345
1.0,17,0.050098529634682434,0.049979883419676824,4.323523225749879,560.8908594815825,3.518511582456995,15.20591031495497,0.03121633946120115,1.75,0.0,1.75,0.017837908263543513,56.06038472816707
1.0,18,0.04609127880704925,0.05000778589413959,4.3229119465367045,557.3488477180298,3.4936358579725493,14.81373085715243,0.03100594843264074,1.75,0.0,1.75,0.017717684818651852,56.44078276791981
1.0,19,0.06587595376595906,0.04998401525348058,4.323916149422252,559.0720707108861,3.526231082272716,14.9816262770049,0.030981780049959235,1.75,0.0,1.75,0.01770387431426242,56.48481130451711
1.0,20,0.060860361382021624,0.050078489183454984,4.322523203369593,559.4939895667952,3.511653421621304,15.015223953022307,0.029971730471867224,1.75,0.0,1.75,0.01712670312678127,58.38835370692481
1.0,21,0.045621837141542707,0.04997320586340193,4.323671785665638,567.4161938353013,3.467208144487813,15.13304813285617,0.03039621219162394,1.75,0.0,1.75,0.017369264109499395,57.57296300498371
1.0,22,0.04315309251364894,0.04996364386025212,4.323927357208109,553.4792461296836,3.5362316071114037,15.218269959143006,0.031481814673120605,1.75,0.0,1.75,0.017989608384640345,55.58764696922513
1.0,23,0.0459954233409611,0.049950690144221335,4.323592137457791,564.4782608695652,3.485083312902134,14.861545753422979,0.03078846099371274,1.75,0.0,1.75,0.017593406282121565,56.839476333596686
1.0,24,0.04910107266958755,0.04995674353554492,4.323674275951682,559.0299138842726,3.4601453640207183,14.908601139154467,0.0314564972895565,1.75,0.0,1.75,0.017975141308318,55.632386018420334
1.0,25,0.0517632813682458,0.049955880540944804,4.323652772199296,560.0434387770547,3.510891957732383,15.06746234062472,0.03172792110203488,1.75,0.0,1.75,0.01813024062973422,55.15646595224807
1.0,26,0.07780013413816231,0.049977332761072045,4.323361817643418,551.5030181086519,3.5391213606344536,15.149965494728638,0.03129119435180072,1.75,0.0,1.75,0.01788068248674327,55.92627690477696
1.0,27,0.03793418647166362,0.04996331629467594,4.323549442688827,563.7056672760511,3.478769562119851,14.522767162139893,0.030678046464233333,1.75,0.0,1.75,0.01753031226527619,57.04404946515338
1.0,28,0.04592806630674474,0.04998056702181592,4.3234457493173695,562.7215420880541,3.48207802415709,14.955370333721492,0.032976157062727524,1.75,0.0,1.75,0.018843518321558585,53.06864583011099
1.0,29,0.06192328223899947,0.049980522638855746,4.323369568139837,564.3493479752917,3.5001441191125195,14.733907694173803,0.028960687485573053,1.75,0.0,1.75,0.016548964277470317,60.426742316520404
1.0,30,0.03532176154021072,0.049958627044524744,4.3233257419222335,560.9332979610399,3.477032274706289,14.902992756747185,0.030871824280869712,1.75,0.0,1.75,0.017641042446211265,56.68599251144414
1.0,31,0.05565230559551753,0.04998039393227119,4.323550273473998,560.3397440751116,3.5202788118622266,14.930919187507516,0.02927751024219286,1.75,0.0,1.75,0.016730005852681633,59.77284220971812
1.0,32,0.11124537421644891,0.04999156721386512,4.32364870431267,558.9034816101503,3.547080443240702,15.13103001221284,0.03349230908617624,1.75,0.0,1.75,0.01913846233495785,52.25080168396937
1.0,33,0.03937007874015748,0.04993849261271897,4.323565662954441,560.2973955178679,3.503188164846506,15.07842046760245,0.030174725359291298,1.75,0.0,1.75,0.017242700205309314,57.99555684973769
1.0,34,0.04137983784610678,0.04995897394396116,4.32369516485875,566.0298301973382,3.491120514256181,14.808380964545192,0.030669393967878503,1.75,0.0,1.75,0.01752536798164486,57.06014281967414
1.0,35,0.046818910868402966,0.050036992923379715,4.322564053407131,565.2098831436646,3.4977988832397386,14.986747887266569,0.029136296845974807,1.75,0.0,1.75,0.016649312483414176,60.062540179733354
1.0,36,0.042761424377023266,0.049947255332922276,4.323615422247651,557.1394263344124,3.5213150469062384,14.952288287711623,0.03065042370864629,1.75,0.0,1.75,0.017514527833512167,57.095458667552975
1.0,37,0.04525024758132094,0.04996484733590024,4.323792304511518,563.7485335567914,3.4856041763268877,14.84718161065537,0.030805336150199893,1.75,0.0,1.75,0.017603049228685653,56.80833968074211
1.0,38,0.05591882750845547,0.04997568310985708,4.323736517438298,556.2198421645998,3.495361393521307,14.872645474674709,0.031276942172261825,1.75,0.0,1.75,0.017872538384149615,55.95176121635061
1.0,39,0.04513301553129325,0.04997259975715929,4.323417644311023,568.9840073812087,3.4818387659906875,14.828945741112436,0.027659100191360714,1.75,0.0,1.75,0.01580520010934898,63.27031566076073
1.0,40,0.045579268292682926,0.04997442308801736,4.323666602562114,564.0487804878048,3.4944832423643675,14.939869408881647,0.03239201323047271,1.75,0.0,1.75,0.018509721845984404,54.02566328769253
1.0,41,0.04494210847044485,0.04997268378778299,4.3236344375924345,563.7056672760511,3.4901230598334223,14.878318615422712,0.029915628880725787,1.75,0.0,1.75,0.01709464507470045,58.49785097205495
1.0,42,0.06208425720620843,0.049993170562506205,4.3236912410052035,565.8138236868263,3.51599764925777,14.864074874451841,0.03299734196908343,1.75,0.0,1.75,0.01885562398233339,53.03457477392109
1.0,43,0.0377315860822413,0.04995054080986838,4.323635080654835,557.3488477180298,3.465850408800179,14.643140215906412,0.03195291711812521,1.75,0.0,1.75,0.018258809781785835,54.76808247367553
1.0,44,0.04889124347233785,0.049954506160649295,4.323689768315682,560.0857488836751,3.495357835199684,14.648454629649187,0.02909452817822514,1.75,0.0,1.75,0.016625444673271508,60.14876712486889
1.0,45,0.0518690887254166,0.049995930353715724,4.3233127111720915,555.5113346344393,3.4918419867753983,14.747652009227364,0.032091615491062035,1.75,0.0,1.75,0.018338065994892593,54.531377533405866
1.0,46,0.022521511410400298,0.04999096076169334,4.322583113046825,553.7272727272727,3.5478583691001404,15.039965439407814,0.02993497933017736,1.75,0.0,1.75,0.017105702474387065,58.46003702550849
1.0,47,0.04326160815402039,0.04996290206333768,4.3237601907146,558.7349943374859,3.502059616788756,14.967355539957207,0.03133684635312298,1.75,0.0,1.75,0.0179067693446417,55.844802641590576
1.0,48,0.08257368580978426,0.04997849383607779,4.323515534868498,562.1668185961714,3.4865498681901954,14.79549851738526,0.03140044140682897,1.75,0.0,1.75,0.017943109375330838,55.731700625692795
1.0,49,0.04873962379102886,0.04996528096685484,4.323775364150231,563.5771076079507,3.5411424215708394,14.873886145801364,0.031207286625770984,1.75,0.0,1.75,0.017832735214726277,56.07664713005999
