mix_scale,attack,rep,deanon_top1,mean_true_posterior,posterior_entropy,bandwidth_overhead,latency,latency_overhead,sigma_d,sigma_Z,eta,inv_eta
0.0001,mixnet_attribution,0,0.8777292576419214,0.8427046296655093,0.36358279217735684,566.938864628821,0.2504198007809464,1.996603715033563,0.031121182208483183,0.00017500000000000003,177.83532690561816,0.0056231796988835975
0.0001,mixnet_attribution,1,0.9108888554669875,0.8848194097980104,0.2613537385037784,556.512107083772,0.24087515790597536,1.9736970519045827,0.031458197152078406,0.00017500000000000003,179.76112658330516,0.0055629379889126284
0.0001,mixnet_attribution,2,0.9135229692728932,0.8890685368426514,0.25412514650839296,562.849710982659,0.28044809828861617,2.1046595420777106,0.028270555821084217,0.00017500000000000003,161.54603326333836,0.0061901860404698795
0.0001,mixnet_attribution,3,0.8922972051806408,0.865141506120619,0.30575080142543065,560.5092024539878,0.2422820421634242,1.9563914618072038,0.03129476280730564,0.00017500000000000003,178.8272160417465,0.005591989978564303
0.0001,mixnet_attribution,4,0.9043186326873188,0.8805304179382306,0.2683374486185558,564.6502365328857,0.30045514565426856,2.1766580785566347,0.03129399131946792,0.00017500000000000003,178.82280753981664,0.005592127837369627
0.0001,mixnet_attribution,5,0.8984655317199787,0.8750840823390604,0.27566463156511584,564.9514466753187,0.25533915497362614,2.0056231246002785,0.03212065693657727,0.00017500000000000003,183.5466110661558,0.005448207374635587
0.0001,mixnet_attribution,6,0.8784708868548573,0.840702479350376,0.37051327647383603,569.2024459656949,0.2428303232009057,1.976529174392771,0.030705292353487446,0.00017500000000000003,175.45881344849965,0.0056993432267426
0.0001,mixnet_attribution,7,0.8771607771148845,0.840961028885438,0.36812877252903714,566.0298301973382,0.2457309782039374,1.9917759231661893,0.034216703281571455,0.00017500000000000003,195.52401875183685,0.005114461161261322
0.0001,mixnet_attribution,8,0.9118137700940249,0.8850116605724563,0.2644948442829912,561.1455868971792,0.24591489825979806,1.975197273258857,0.03071216280428331,0.00017500000000000003,175.4980731673332,0.005698068257686932
0.0001,mixnet_attribution,9,0.9121580079926221,0.8891004600068365,0.25040654863396433,568.7221026744544,0.2655245466157794,2.0602256904947502,0.030723183781839834,0.00017500000000000003,175.56105018194188,0.005696024254603482
0.0001,mixnet_attribution,10,0.8951802656546489,0.8651844544698885,0.3066440069419797,561.6982922201139,0.24785129283554852,1.9889806110069022,0.029560785446364597,0.00017500000000000003,168.91877397922624,0.005920005079618804
0.0001,mixnet_attribution,11,0.8701912089586349,0.8326002415128345,0.3875732023861248,563.7485335567914,0.2289629163860809,1.9095061975914926,0.030816662745428734,0.00017500000000000003,176.09521568816416,0.005678745990299001
0.0001,mixnet_attribution,12,0.8950528155634927,0.8622386110093168,0.3189399725376716,562.3800440762976,0.2180187666672282,1.8537322521197641,0.030576917557061958,0.00017500000000000003,174.72524318321115,0.005723271473438058
0.0001,mixnet_attribution,13,0.888335220838052,0.8579895199614942,0.3246407081746761,558.7349943374859,0.2390262909757439,1.9602770526008242,0.03137303749295779,0.00017500000000000003,179.2744999597588,0.005578038149454981
0.0001,mixnet_attribution,14,0.874735089312746,0.8431163279901774,0.3613757559226227,560.1280653950954,0.22030667815124616,1.8806125950897965,0.031284893342783344,0.00017500000000000003,178.77081910161908,0.005593754087078204
0.0001,mixnet_attribution,15,0.8910144043899093,0.8595075645545386,0.3214838127941491,564.0058684551483,0.25000318957609124,1.9776701337978273,0.03163028511474909,0.00017500000000000003,180.7444863699948,0.005532672227427951
0.0001,mixnet_attribution,16,0.9067573836400186,0.8800403514495027,0.27651614556818677,572.1458172259162,0.2444635632855352,1.969435776271574,0.032715256359032635,0.00017500000000000003,186.94432205161502,0.005349186265865307
0.0001,mixnet_attribution,17,0.8946799474944019,0.8668211452475046,0.30499682353718216,571.3961084086171,0.24665634636767209,1.9833405812468317,0.03019140217548566,0.00017500000000000003,172.5222981456323,0.005796352186056923
0.0001,mixnet_attribution,18,0.9155252888514807,0.8931742359344347,0.2421079218242396,566.2460019894406,0.2564531955285929,2.0327001905147686,0.030280689821197963,0.00017500000000000003,173.03251326398833,0.005779260678450313
0.0001,mixnet_attribution,19,0.9170653907496013,0.8963811261811918,0.2339708245619944,562.038961038961,0.2677026880264748,2.0573505057807435,0.031027475055296468,0.00017500000000000003,177.29985745883693,0.005640162458856834
0.0001,mixnet_attribution,20,0.9178743961352657,0.8933150735606644,0.24372416593185445,567.4596273291926,0.24230722460197285,1.960808557451482,0.032236361877650145,0.00017500000000000003,184.2077821580008,0.005428652298426071
0.0001,mixnet_attribution,21,0.890961262553802,0.8600856584805752,0.3197394854279764,558.8192252510761,0.22325806779554114,1.879624344120666,0.03396288927628865,0.00017500000000000003,194.07365300736367,0.005152682935081648
0.0001,mixnet_attribution,22,0.8942903003898188,0.8659897282501458,0.3119768759884001,565.641137353818,0.25809919225866906,2.0003074309859405,0.02943013424031541,0.00017500000000000003,168.17219565894518,0.005946286162713898
0.0001,mixnet_attribution,23,0.8998931786967801,0.8694680143108239,0.29702611687210334,564.6502365328857,0.26278566403198056,2.0420770913632347,0.033343370465324644,0.00017500000000000003,190.5335455161408,0.005248419627583566
0.0001,mixnet_attribution,24,0.8998041519780651,0.8761462888402969,0.2795850198784164,579.7074030552292,0.29464710867614485,2.181673521991857,0.030976975443665445,0.00017500000000000003,177.0112882495168,0.005649357223988961
0.0001,mixnet_attribution,25,0.9165210786175465,0.893477420294879,0.24141001787368066,562.1241929358147,0.260145985026611,2.028772883808946,0.03239608146807453,0.00017500000000000003,185.12046553185442,0.005401887884880702
0.0001,mixnet_attribution,26,0.8959741625356767,0.8667810136974137,0.30058699667427596,555.8445245606129,0.24267165004857816,1.9721477611041285,0.03001588622669415,0.00017500000000000003,171.5193498668237,0.005830245979689467
0.0001,mixnet_attribution,27,0.8972126765941199,0.8649281242984815,0.3072107853126577,565.1237113402062,0.24619076267117634,1.9686227482734056,0.029567171313125862,0.00017500000000000003,168.95526464643348,0.0059187264871128084
0.0001,mixnet_attribution,28,0.8953153426318982,0.868300255383356,0.30010201338898446,560.9757428744693,0.23852240617270581,1.9383875073832844,0.03188170504254103,0.00017500000000000003,182.181171671663,0.0054890414350954745
0.0001,mixnet_attribution,29,0.8889224724195255,0.8605788821733765,0.31894279972023276,559.1985794166541,0.25123432782129385,1.9996956891574693,0.030961378618490305,0.00017500000000000003,176.9221635342303,0.005652203093291494
0.0001,mixnet_attribution,30,0.9082779179087366,0.8814999591852315,0.26914028685474156,565.641137353818,0.24612862593494356,1.9786981867523095,0.030805635284124736,0.00017500000000000003,176.0322016235699,0.005680778805109852
0.0001,mixnet_attribution,31,0.8932854632953938,0.8610813907904616,0.31887573135953845,565.2960812772134,0.2523764176003169,2.015088459878661,0.03159568143951303,0.00017500000000000003,180.54675108293156,0.005538731624922258
0.0001,mixnet_attribution,32,0.9148968562076578,0.8935419555633648,0.23800567403462528,563.3201644211007,0.26997953082900494,2.072089280797968,0.030530965508348384,0.00017500000000000003,174.46266004770501,0.005731885549186057
0.0001,mixnet_attribution,33,0.8876685350704439,0.8595529192736338,0.31629798781501534,560.5515830934706,0.23717084480449557,1.9598860713818615,0.031009173701401507,0.00017500000000000003,177.19527829372288,0.0056434912353724095
0.0001,mixnet_attribution,34,0.8907232109049602,0.8666782233735173,0.3020663780133337,560.4244604316547,0.2430320080020465,1.9599520033429103,0.03221785394174672,0.00017500000000000003,184.10202252426694,0.005431770853403783
0.0001,mixnet_attribution,35,0.899336536261725,0.8698809081002088,0.2942407605679878,564.3493479752917,0.2581628708576318,2.014956823388671,0.030999116890259387,0.00017500000000000003,177.13781080148217,0.005645322110933712
0.0001,mixnet_attribution,36,0.9130968831567634,0.882967091898578,0.2640379742819821,568.1119299861815,0.2433952511055395,1.9658488735660473,0.03221583044000441,0.00017500000000000003,184.09045965716803,0.005432112027219127
0.0001,mixnet_attribution,37,0.871690895179801,0.8406333939659411,0.36372507385214936,566.2027543993879,0.2569083116541151,2.015811050643861,0.030456911210983446,0.00017500000000000003,174.0394926341911,0.005745822312306282
0.0001,mixnet_attribution,38,0.9101442602823818,0.8853444423278143,0.26034595063668425,567.8508287292817,0.26896280888468027,2.0539856571520843,0.033117832575106886,0.00017500000000000003,189.2447575720393,0.005284162229008286
0.0001,mixnet_attribution,39,0.890753112663225,0.8644392886822557,0.3065171636613777,561.8259945338597,0.24167159976786934,1.9655731369070542,0.0303337992377403,0.00017500000000000003,173.33599564423028,0.0057691421581728825
0.0001,mixnet_attribution,40,0.9024280237540404,0.8737409636408511,0.28723993087468863,556.3033150417199,0.23952903650933877,1.9524293742672632,0.03167221134131593,0.00017500000000000003,180.9840648075196,0.005525348328669274
0.0001,mixnet_attribution,41,0.9165464348090212,0.892510688012174,0.24592229359520915,561.953755030754,0.2617614628979936,2.0364420798281664,0.0318855967119964,0.00017500000000000003,182.20340978283656,0.005488371492014741
0.0001,mixnet_attribution,42,0.8980206216602694,0.8676931283282573,0.30360723958070257,556.9720027094152,0.2441587034263648,1.9683796112579004,0.03070034333982738,0.00017500000000000003,175.43053337044213,0.00570026198283501
0.0001,mixnet_attribution,43,0.8811797320190975,0.8522712191470616,0.33861467928989936,569.8587709841368,0.229179922665935,1.9053371898514229,0.03013299529071179,0.00017500000000000003,172.18854451835307,0.005807587274735416
0.0001,mixnet_attribution,44,0.8632530578135683,0.8282174220118537,0.3950374296720953,562.2094507331155,0.24793671019142494,1.9765590471528465,0.030947965740692744,0.00017500000000000003,176.84551851824423,0.005654652763489934
0.0001,mixnet_attribution,45,0.886772243898707,0.8558796493350805,0.32645099452000026,566.1595134266697,0.24887653067708015,1.9923217516783496,0.03379816826058822,0.00017500000000000003,193.1323900605041,0.005177795395618115
0.0001,mixnet_attribution,46,0.9109803337306317,0.8860819922957998,0.2598041439158797,551.2979737783076,0.2548775981995277,2.035870480970832,0.03230182530736899,0.00017500000000000003,184.58185889925136,0.005417650499152362
0.0001,mixnet_attribution,47,0.9427019583843329,0.9240064914712343,0.17209859798509067,566.1162790697674,0.2866933840268757,2.144268921580185,0.030707612360648846,0.00017500000000000003,175.4720706322791,0.005698912632629778
0.0001,mixnet_attribution,48,0.897021019204597,0.8649766028731117,0.3092335572880816,559.5362165431725,0.24113680791924708,1.959756507828126,0.029423509281867443,0.00017500000000000003,168.13433875352823,0.005947625020644484
0.0001,mixnet_attribution,49,0.8746720635634511,0.840537088765728,0.3691030383605397,554.7216100742073,0.2458778394793626,1.9666650325877901,0.030334903145111634,0.00017500000000000003,173.34230368635218,0.005768932215239352
0.0001,mixnet_attribution_oracle,0,0.9723323113736634,0.963799092008333,0.08056458720645439,553.3966200553353,0.25690374290570617,2.0206909204184056,0.032745906438709435,0.00017500000000000003,187.1194653640539,0.005344179442018128
0.0001,mixnet_attribution_oracle,1,0.9738087965791081,0.968206297173986,0.07000360594541527,565.0806353084912,0.2740637020615395,2.079466126140756,0.03196474327564638,0.00017500000000000003,182.65567586083642,0.005474781964957334
0.0001,mixnet_attribution_oracle,2,0.9720700563228146,0.9645762877520179,0.07676892174648002,570.9560219118895,0.27823795584845357,2.1033093343733102,0.031581327518791315,0.00017500000000000003,180.4647286788075,0.005541249014813347
0.0001,mixnet_attribution_oracle,3,0.9730941704035875,0.9634563186230247,0.08394427412752967,562.4653796458159,0.28286329767433926,2.129982318760993,0.03050767867046018,0.00017500000000000003,174.32959240262957,0.005736260758818341
0.0001,mixnet_attribution_oracle,4,0.9749221065430503,0.9670712462894134,0.07375676990900461,562.3800440762976,0.2610609738912899,2.0522896672210402,0.03152830973366478,0.00017500000000000003,180.16176990665585,0.005550567140398948
0.0001,mixnet_attribution_oracle,5,0.9717314487632509,0.9647636463860869,0.07802529967966407,568.4604393916117,0.2393062902847305,1.9644824752798278,0.030447083909853977,0.00017500000000000003,173.98333662773697,0.005747676871720466
0.0001,mixnet_attribution_oracle,6,0.9469598965071151,0.9397535096983644,0.12613637143390896,563.1489993151206,0.2839490303886123,2.1262616016781073,0.03170514955811085,0.00017500000000000003,181.17228318920485,0.005519608090138509
0.0001,mixnet_attribution_oracle,7,0.973918427366303,0.9660600372801255,0.0760791791743477,572.7204550731368,0.23121615455602296,1.912569499654362,0.0325170253004814,0.00017500000000000003,185.81157314560798,0.005381796101668907
0.0001,mixnet_attribution_oracle,8,0.9724367711646221,0.964947150122648,0.07777091024585087,560.3820990458883,0.28379820586997084,2.1363923074874425,0.0325924303054926,0.00017500000000000003,186.24245888852911,0.005369344917200248
0.0001,mixnet_attribution_oracle,9,0.9723727390673892,0.9631482803998939,0.08271240471178488,564.7792871861406,0.28669455443741754,2.1473674370124343,0.029895005321872052,0.00017500000000000003,170.82860183926886,0.005853820667225804
0.0001,mixnet_attribution_oracle,10,0.9761509433962264,0.9694660667682777,0.06826843831353185,558.5245283018868,0.23783505914616399,1.9509700820184759,0.03163180107471095,0.00017500000000000003,180.75314899834825,0.005532407073080304
0.0001,mixnet_attribution_oracle,11,0.9715245438583098,0.9644866335347305,0.07623421046068958,564.9514466753187,0.2050934641447384,1.8282294576409197,0.031000566897961365,0.00017500000000000003,177.1460965597792,0.005645058058970794
0.0001,mixnet_attribution_oracle,12,0.9744777819977213,0.9658303945411915,0.07738805674159017,562.1241929358147,0.2576630520343315,2.0265790188986834,0.029937854894067063,0.00017500000000000003,171.07345653752606,0.005845442187465497
0.0001,mixnet_attribution_oracle,13,0.9683890577507599,0.9609831571108733,0.08422561080929941,562.3373860182371,0.260656093218131,2.0450481848260633,0.030085002156619925,0.00017500000000000003,171.9142980378281,0.005816851834976282
0.0001,mixnet_attribution_oracle,14,0.9768629807692307,0.9688077635951842,0.07110034746490496,555.9278846153846,0.2676193518273067,2.0779668415787578,0.032506400292641575,0.00017500000000000003,185.7508588150947,0.005383555189887159
0.0001,mixnet_attribution_oracle,15,0.9727382570608669,0.9648395373215937,0.07851331877888648,558.861350249207,0.2404410179296974,1.957378111895572,0.0335407849480004,0.00017500000000000003,191.66162827428795,0.005217528458898902
0.0001,mixnet_attribution_oracle,16,0.973858699794223,0.9675727042357433,0.07319175486176528,564.0058684551483,0.31323932032682933,2.2253846283039076,0.029113895854514932,0.00017500000000000003,166.36511916865672,0.0060108753866020765
0.0001,mixnet_attribution_oracle,17,0.9707442777019858,0.9636876024857719,0.07932586903718146,560.8908594815825,0.23809478103066795,1.9382747682051864,0.029694994640221295,0.00017500000000000003,169.68568365840738,0.0058932490852504115
0.0001,mixnet_attribution_oracle,18,0.9718094070782902,0.9644559167681769,0.0786547788134822,566.8955109544967,0.21951434493530542,1.8776462425394835,0.02891527000975031,0.00017500000000000003,165.23011434143032,0.006052165514656772
0.0001,mixnet_attribution_oracle,19,0.9717775586070859,0.9639855511957047,0.07988419471982681,561.4430619831576,0.29085543035762385,2.1597797671921026,0.03135307991215444,0.00017500000000000003,179.1604566408825,0.005581588810104711
0.0001,mixnet_attribution_oracle,20,0.9748160509747402,0.9663557355540077,0.07646644527683902,561.3580368656603,0.2724348686169833,2.0869551366774366,0.03249664502510863,0.00017500000000000003,185.69511442919213,0.005385171295830255
0.0001,mixnet_attribution_oracle,21,0.9689957999236349,0.961281275042114,0.08597341125204143,565.1237113402062,0.2495383195055183,1.9964605931343011,0.028303725132426204,0.00017500000000000003,161.73557218529257,0.006182931722987623
0.0001,mixnet_attribution_oracle,22,0.9726670773021251,0.9643534825886912,0.07948040677491107,569.7711733908222,0.2585264594818,2.029460779215775,0.02950313279433702,0.00017500000000000003,168.58933025335438,0.005931573477972834
0.0001,mixnet_attribution_oracle,23,0.973159509202454,0.9662332880015732,0.07356076626911802,567.5030674846626,0.29641722451196983,2.188157637597302,0.030576074179927106,0.00017500000000000003,174.72042388529772,0.005723429337926116
0.0001,mixnet_attribution_oracle,24,0.9748250684514755,0.9662391299873988,0.07663908853672328,562.849710982659,0.24954474726109765,1.9966778148339086,0.033978063857111405,0.00017500000000000003,194.16036489777943,0.005150381750294274
0.0001,mixnet_attribution_oracle,25,0.9748379129360913,0.9668836273460036,0.07358971946330377,571.1759802408151,0.26007087496691383,2.0355990555837122,0.030136430593641468,0.00017500000000000003,172.20817482080835,0.005806925257994009
0.0001,mixnet_attribution_oracle,26,0.973886562618957,0.9651208965138398,0.07778510001398989,563.4057860677578,0.23224654802470468,1.9049427283739049,0.03039614713723743,0.00017500000000000003,173.69226935564245,0.005757308622368545
0.0001,mixnet_attribution_oracle,27,0.9724868531361939,0.9639338966711769,0.07953760734758766,564.0058684551483,0.2904138001613319,2.1455779613542276,0.03257864357916319,0.00017500000000000003,186.1636775952182,0.005371617132394284
0.0001,mixnet_attribution_oracle,28,0.9737022117503991,0.9650439632773697,0.08001168301997948,562.4653796458159,0.2662102995091118,2.057216516396325,0.029932607555949856,0.00017500000000000003,171.04347174828487,0.005846466923167019
0.0001,mixnet_attribution_oracle,29,0.9520553207837111,0.9386375768854026,0.13126510508139758,568.5912408759124,0.24536361504578963,1.979713573006708,0.03140465473528643,0.00017500000000000003,179.45516991592245,0.0055724223518805035
0.0001,mixnet_attribution_oracle,30,0.9766437986587528,0.9692635209305263,0.06735482025157546,570.4288136899714,0.25445790914818645,2.018307783070268,0.032365699474377285,0.00017500000000000003,184.94685413929875,0.005406958689044894
0.0001,mixnet_attribution_oracle,31,0.9743261556994428,0.9646560445352923,0.07925851795062873,557.1812979972896,0.24979644385166466,2.008645417273075,0.031059252570932092,0.00017500000000000003,177.48144326246907,0.005634391864399854
0.0001,mixnet_attribution_oracle,32,0.9776745579862152,0.970473621789393,0.06780894818701079,554.431225651783,0.2805539011606015,2.1083593492827153,0.03228065654376766,0.00017500000000000003,184.46089453581519,0.005421203244820211
0.0001,mixnet_attribution_oracle,33,0.9857928505957837,0.9808704914872123,0.04167544289130218,565.2529789184234,0.2552382714638952,2.015262951012894,0.03299979715699786,0.00017500000000000003,188.57026946855916,0.005303062899672702
0.0001,mixnet_attribution_oracle,34,0.9753058278246334,0.965343449891715,0.07979089490749532,562.2947344426715,0.23849026445532218,1.9437250682612883,0.030708867566395976,0.00017500000000000003,175.4792432365484,0.005698679693141749
0.0001,mixnet_attribution_oracle,35,0.9725428075733574,0.9654008950974441,0.07532811568567059,558.2301425661915,0.2250234593229834,1.902579458750534,0.02934656990146199,0.00017500000000000003,167.69468515121136,0.005963218208724348
0.0001,mixnet_attribution_oracle,36,0.9720926676351404,0.9650558780722419,0.07657307029650155,565.8138236868263,0.22903804024099372,1.917860400235252,0.03304358482675819,0.00017500000000000003,188.8204847243325,0.005296035551756712
0.0001,mixnet_attribution_oracle,37,0.970038852361028,0.9617857933932191,0.08260318331545355,552.9426180514047,0.29154040943831205,2.1349141704828636,0.029961815426953996,0.00017500000000000003,171.21037386830852,0.005840767573868972
0.0001,mixnet_attribution_oracle,38,0.9682945154019534,0.9619255527176379,0.08282345159389608,556.0112697220135,0.21384926440077834,1.855004063863848,0.02836619749565729,0.00017500000000000003,162.09255711804164,0.00616931472844718
0.0001,mixnet_attribution_oracle,39,0.9738857405421963,0.9654268392417733,0.077384115788427,566.7221626589064,0.21379981821519323,1.8631755870550593,0.030278802766977357,0.00017500000000000003,173.02173009701343,0.005779620857098696
0.0001,mixnet_attribution_oracle,40,0.9717501321852103,0.9659462941698971,0.07359502900125912,558.9877634262407,0.2582742115773726,2.0212351508161905,0.02955478085364265,0.00017500000000000003,168.8844620208151,0.00592120783661406
0.0001,mixnet_attribution_oracle,41,0.973030626238001,0.9661397822317742,0.07477319749784969,563.7914063690386,0.2526288043882232,1.992975345708957,0.029402808068892148,0.00017500000000000003,168.0160461079551,0.005951812479609664
0.0001,mixnet_attribution_oracle,42,0.972541800889707,0.9652699903208884,0.07636782248476154,567.5899677864703,0.22989717122982256,1.893309872004517,0.03212100950549144,0.00017500000000000003,183.54862574566533,0.005448147573633446
0.0001,mixnet_attribution_oracle,43,0.9736277215578043,0.9651118015125962,0.07858334291671207,567.329346826127,0.259095199406147,2.0171483881801926,0.030185171320734817,0.00017500000000000003,172.4866932613418,0.005797548675159876
0.0001,mixnet_attribution_oracle,44,0.9735040190532896,0.9670400230338699,0.07415863486980026,550.8064900267937,0.25261293738731183,2.0101199682684774,0.031120520991301887,0.00017500000000000003,177.83154852172504,0.005623299174487217
0.0001,mixnet_attribution_oracle,45,0.9702790592150041,0.9617976731813304,0.08305460574982448,559.6629357936928,0.25730691716307774,2.019994149173419,0.03112214295682191,0.00017500000000000003,177.84081689612518,0.005623006109919574
0.0001,mixnet_attribution_oracle,46,0.9720902164894019,0.9648012865943674,0.07703664920767692,558.2301425661915,0.2757657485199161,2.0895812650237398,0.03352508196407467,0.00017500000000000003,191.57189693756953,0.005219972323633071
0.0001,mixnet_attribution_oracle,47,0.9785855814662399,0.970701129356293,0.06752052820320534,563.9629629629629,0.23873504321090877,1.9361008334190681,0.031469274882730484,0.00017500000000000003,179.82442790131702,0.00556097973824098
0.0001,mixnet_attribution_oracle,48,0.9738909426987061,0.9663918432848292,0.0741110739756676,569.9463955637708,0.2654396415746305,2.0334546728473004,0.031223167966681273,0.00017500000000000003,178.41810266675012,0.005604812432445844
0.0001,mixnet_attribution_oracle,49,0.9701917315757939,0.9645713087448189,0.07733485959895955,554.2654284002397,0.28890173975378275,2.146824067327766,0.03073065880014929,0.00017500000000000003,175.60376457228165,0.00569463873645136
0.0002,mixnet_attribution,0,0.81019465273044,0.7625745078340479,0.5570749322564773,560.5092024539878,0.23718629279755987,1.9424702644435898,0.02951739450855586,0.00035000000000000005,84.33541288158816,0.01185741512173609
0.0002,mixnet_attribution,1,0.7991230059726318,0.7446536282148449,0.6084536549236389,559.4939895667952,0.25675507020787336,2.012133537124215,0.03241231561179083,0.00035000000000000005,92.60661603368807,0.010798364553524167
0.0002,mixnet_attribution,2,0.8580209895052474,0.8222614495383735,0.4087333535586869,554.7631184407796,0.287757574027637,2.1385588300437535,0.03232762264371618,0.00035000000000000005,92.36463612490336,0.010826654463811394
0.0002,mixnet_attribution,3,0.8298341700897611,0.7859028876806385,0.5000179205788395,562.9351894112277,0.2433585996623151,1.9470578440878685,0.031128312172835845,0.00035000000000000005,88.93803477953097,0.011243783410313776
0.0002,mixnet_attribution,4,0.7825692237857467,0.7324070785424741,0.6387236334403473,559.8742623694961,0.21719977582688443,1.8684331647680459,0.029814310690172187,0.00035000000000000005,85.18374482906339,0.011739328929559052
0.0002,mixnet_attribution,5,0.8635089048882152,0.8265966223184185,0.4029050742848511,560.8484274346343,0.2727913979906589,2.087638334295512,0.02970469379924294,0.00035000000000000005,84.87055371212267,0.01178264965010076
0.0002,mixnet_attribution,6,0.8039230593780886,0.7538119373951802,0.5881591748053832,562.6361286398541,0.2307662486564368,1.9255255684405672,0.030846799123442896,0.00035000000000000005,88.1337117812654,0.011346396058773167
0.0002,mixnet_attribution,7,0.8209682254196643,0.7828575783308274,0.5077518878489878,554.5971223021583,0.24933181059896015,1.9894335309127837,0.03079277292605136,0.00035000000000000005,87.97935121728959,0.011366303412834003
0.0002,mixnet_attribution,8,0.7886141636141636,0.736836494159922,0.6325091391846104,564.7362637362637,0.23473397074849345,1.9336415255864177,0.031862042067192446,0.00035000000000000005,91.03440590626411,0.010984857758391649
0.0002,mixnet_attribution,9,0.8349867474441499,0.796174754030383,0.478374843033354,560.4244604316547,0.2793878586962819,2.1223539186873146,0.0324371601929048,0.00035000000000000005,92.67760055115657,0.010790093766486928
0.0002,mixnet_attribution,10,0.8212782242632989,0.7791069503453099,0.5122294676568048,566.4190585533869,0.2696771777700633,2.0808659888309387,0.031510323454994896,0.00035000000000000005,90.02949558569969,0.011107470873788172
0.0002,mixnet_attribution,11,0.8002702094122945,0.7485111749008947,0.6023897895377247,555.469714028372,0.24813110937247984,1.9896960700800523,0.029557495976936445,0.00035000000000000005,84.44998850553269,0.011841327840257617
0.0002,mixnet_attribution,12,0.8181679969593311,0.7715904157127726,0.5410759185989469,562.5507411630558,0.2624078469525557,2.0420675677006663,0.03070552040592611,0.00035000000000000005,87.73005830264601,0.011398601794498513
0.0002,mixnet_attribution,13,0.8359345260753711,0.7928465831808555,0.4830708953284664,563.4057860677578,0.32251416228245944,2.274283362694262,0.031703925682392234,0.00035000000000000005,90.58264480683494,0.011039642330299288
0.0002,mixnet_attribution,14,0.8125385089340728,0.76457910258928,0.5534330067602814,569.9463955637708,0.2586512683192268,2.026221233777423,0.030258738590080745,0.00035000000000000005,86.45353882880211,0.011566906497375774
0.0002,mixnet_attribution,15,0.7775826525158434,0.7236491442575828,0.6590192910495157,565.037565854776,0.2149499400111381,1.8515980531084593,0.0316363581263063,0.00035000000000000005,90.38959464658942,0.011063220317668855
0.0002,mixnet_attribution,16,0.7978853815507202,0.752162125451318,0.5870862239065674,566.9822249463683,0.2539374683110509,2.007658253069799,0.029919379884863935,0.00035000000000000005,85.48394252818265,0.011698103414805844
0.0002,mixnet_attribution,17,0.7734961693089585,0.7201129020300482,0.6680607108868888,561.3580368656603,0.27241669670911506,2.073815648434941,0.032109129953776655,0.00035000000000000005,91.74037129650472,0.010900326496041767
0.0002,mixnet_attribution,18,0.8433412376654172,0.8022913245071811,0.463570758287616,566.0730513271628,0.25216503214323893,1.9971761533615173,0.03181311036078658,0.00035000000000000005,90.89460103081879,0.011001753554767674
0.0002,mixnet_attribution,19,0.8813495641719267,0.8485043031152473,0.34877189761235383,556.0946798917944,0.29439034589449875,2.168840479418483,0.030340965567172504,0.00035000000000000005,86.68847304906429,0.011535559052170824
0.0002,mixnet_attribution,20,0.8160797944687925,0.7690964561905834,0.542455310551239,559.1985794166541,0.22664269417873584,1.8977625248671899,0.031619733396480096,0.00035000000000000005,90.34209541851455,0.011069037034922059
0.0002,mixnet_attribution,21,0.829077367381061,0.7821851421969485,0.5113242463764541,562.4227086183311,0.23922880867030472,1.9428656462533123,0.031669455279584716,0.00035000000000000005,90.4841579416706,0.011051658353771017
0.0002,mixnet_attribution,22,0.8134062096712974,0.7668171446914049,0.549202970151561,561.7834206331132,0.22856125072576106,1.9123528889148083,0.029863876670271714,0.00035000000000000005,85.32536191506203,0.011719844809981115
0.0002,mixnet_attribution,23,0.8113854595336076,0.761872230428411,0.560467978135224,563.9629629629629,0.2405096481088549,1.974886874928348,0.029119753575308195,0.00035000000000000005,83.19929592945198,0.012019332481466432
0.0002,mixnet_attribution,24,0.8273143629401607,0.7833983980487019,0.5034563557904304,555.6362339514978,0.24543609278043732,1.996447737166366,0.03405925701219133,0.00035000000000000005,97.3121628919752,0.010276207724517285
0.0002,mixnet_attribution,25,0.8260541030678555,0.778165836898839,0.5213474916041058,559.1985794166541,0.25728515090304427,2.0545253043317535,0.030130516970278545,0.00035000000000000005,86.08719134365298,0.011616129930503627
0.0002,mixnet_attribution,26,0.8231441048034934,0.7784917100152744,0.5247481914973559,557.1812979972896,0.21861037160851993,1.8704043536758492,0.034327348132641856,0.00035000000000000005,98.07813752183387,0.010195952179224274
0.0002,mixnet_attribution,27,0.875385089340727,0.841214474781848,0.36816941323939073,569.9463955637708,0.2890572103206068,2.1572584469206064,0.03290262823366518,0.00035000000000000005,94.00750923904336,0.010637448094249456
0.0002,mixnet_attribution,28,0.8186092363691514,0.7731096034454693,0.5308151405674575,561.1880640024266,0.23824459940078668,1.944383846002714,0.03127624675978873,0.00035000000000000005,89.3607050279678,0.011190601055430613
0.0002,mixnet_attribution,29,0.8059122126007764,0.7562083927866534,0.5810774881677149,552.4481934905942,0.27097041843808256,2.069950609961945,0.0297442570788409,0.00035000000000000005,84.98359165383113,0.01176697737221276
0.0002,mixnet_attribution,30,0.8151526573690162,0.7699113872962148,0.5431888653471182,557.894082171127,0.25970349900308065,2.0262401085493833,0.03034968714909246,0.00035000000000000005,86.71339185454987,0.011532244081483588
0.0002,mixnet_attribution,31,0.787321063394683,0.737834315765024,0.6211728474740167,560.5092024539878,0.24515251611592248,1.9783567908726152,0.030380321064344292,0.00035000000000000005,86.80091732669797,0.01152061557409858
0.0002,mixnet_attribution,32,0.7887688327499619,0.7352882549079891,0.6345679586525913,563.1062243189773,0.22440111596370116,1.8859677158004384,0.031788285682374316,0.00035000000000000005,90.82367337821232,0.011010345241551195
0.0002,mixnet_attribution,33,0.8053691275167785,0.7565135011152766,0.5813879151402402,558.0620616846392,0.24239711312111467,1.9627443074328963,0.03256082844197756,0.00035000000000000005,93.03093840565016,0.010749112253814112
0.0002,mixnet_attribution,34,0.8786703179674425,0.8482825408994238,0.3511224311735456,562.9351894112277,0.27354606095468625,2.0940711012246966,0.0308217623604147,0.00035000000000000005,88.06217817261341,0.011355612826653786
0.0002,mixnet_attribution,35,0.7916191345349456,0.7440992445710307,0.6020949719220976,562.8069815195072,0.24670709363999777,1.9907640155287556,0.02999092175932959,0.00035000000000000005,85.68834788379881,0.011670198162252945
0.0002,mixnet_attribution,36,0.8345528768389432,0.7908423983574527,0.48606934922683315,569.990217977355,0.26925243594450876,2.067472699839633,0.03157251818803513,0.00035000000000000005,90.2071948229575,0.011085590256549054
0.0002,mixnet_attribution,37,0.7785407725321889,0.730535749843573,0.6418297627889744,577.4494732735076,0.228268238453893,1.9111085670830352,0.0306007069692445,0.00035000000000000005,87.43059134069856,0.011437644246316613
0.0002,mixnet_attribution,38,0.8034761396554353,0.758275587202758,0.5730077756551167,564.1346241805153,0.23686783292214386,1.9365041120695405,0.030429029494671092,0.00035000000000000005,86.94008427048882,0.011502174266231333
0.0002,mixnet_attribution,39,0.851145038167939,0.8140229753469287,0.429428145852446,564.9083969465648,0.2727401502779685,2.0947664403080246,0.028242852167657168,0.00035000000000000005,80.69386333616333,0.01239251609300314
0.0002,mixnet_attribution,40,0.7733292505550027,0.7087678429988822,0.709146489133077,566.5056265788869,0.2241364244837314,1.8836323338041852,0.031073412437278597,0.00035000000000000005,88.78117839222455,0.01126364864838942
0.0002,mixnet_attribution,41,0.8529322624640097,0.8157816538536877,0.4266642531231026,560.7211698742234,0.258684392523719,2.0264974247467853,0.0325886875014631,0.00035000000000000005,93.11053571846598,0.010739923170710281
0.0002,mixnet_attribution,42,0.8311866473591952,0.7877892112289929,0.49722158360339724,564.0058684551483,0.2475715139589738,1.979234995233055,0.029895098524554263,0.00035000000000000005,85.41456721301216,0.011707604834034196
0.0002,mixnet_attribution,43,0.8312670093740551,0.7909566128747232,0.4924306635043317,559.4517689749017,0.2263096598617267,1.8842301762843743,0.03588708371227073,0.00035000000000000005,102.53452489220207,0.009752812538521371
0.0002,mixnet_attribution,44,0.8735876241753242,0.8404106054850395,0.36272661537842127,561.1880640024266,0.3097714630130213,2.2259568138165493,0.028846163086315397,0.00035000000000000005,82.41760881804397,0.012133329446717295
0.0002,mixnet_attribution,45,0.8055806257521059,0.753213027621834,0.5887145050018564,556.5956678700361,0.23871105766738765,1.9578237920778119,0.030149279136487028,0.00035000000000000005,86.14079753282007,0.011608901108896688
0.0002,mixnet_attribution,46,0.8436671966083731,0.8005822562915187,0.46485858829338034,560.2550533727004,0.27875034854514524,2.104063997329555,0.03153418885112639,0.00035000000000000005,90.09768243178966,0.011099064626407798
0.0002,mixnet_attribution,47,0.787166019639187,0.7353843215663097,0.6334855660116674,563.3201644211007,0.26349735967232846,2.0454756914659264,0.028958503925753797,0.00035000000000000005,82.73858264501084,0.012086259735563652
0.0002,mixnet_attribution,48,0.8418284476757677,0.8011816808920293,0.4591473456469415,572.3666950266842,0.2562334982212633,1.9963673085065738,0.030865472539225183,0.00035000000000000005,88.18706439778623,0.011339531560879388
0.0002,mixnet_attribution,49,0.8442214903882974,0.8008204149750593,0.469666602197973,566.7654897755993,0.2678371034853626,2.0727780445974417,0.03140109611533838,0.00035000000000000005,89.71741747239537,0.011146107725489136
0.0002,mixnet_attribution_oracle,0,0.9469222544676952,0.9306309305318521,0.15537743743545257,565.1667939514282,0.23013758487650193,1.9139204301574528,0.02966525696298667,0.00035000000000000005,84.75787703710476,0.011798313442445313
0.0002,mixnet_attribution_oracle,1,0.9482718982297494,0.9343658840912068,0.1481019626280305,567.1123457736225,0.23364193417364731,1.935659060106937,0.030257004402165524,0.00035000000000000005,86.4485840061872,0.011567569457568318
0.0002,mixnet_attribution_oracle,2,0.9503920386007237,0.9338461880950892,0.14937036260279282,557.9360675512665,0.2840645675896667,2.1293811139488286,0.030564580368590603,0.00035000000000000005,87.32737248168742,0.01145116326739019
0.0002,mixnet_attribution_oracle,3,0.9469587117454018,0.934084171613884,0.14783041802152497,564.7792871861406,0.24371059442637488,1.9690093552664014,0.032908253711122486,0.00035000000000000005,94.02358203177852,0.010635629683434263
0.0002,mixnet_attribution_oracle,4,0.9654180855088914,0.9523442061309662,0.1074746757901831,560.0011350737798,0.23747715534409508,1.9470580238533057,0.03019239878326123,0.00035000000000000005,86.2639965236035,0.011592321713571208
0.0002,mixnet_attribution_oracle,5,0.9470592665110324,0.9345512110932747,0.14520054473035363,557.3069508246103,0.2755448126117699,2.107536378613057,0.029534320087803836,0.00035000000000000005,84.38377167943952,0.011850619853765726
0.0002,mixnet_attribution_oracle,6,0.9439450026441036,0.9296777764700994,0.1559967256260348,559.0720707108861,0.2716156565293204,2.0643626240388433,0.03156000649988517,0.00035000000000000005,90.17144714252905,0.011089985041710099
0.0002,mixnet_attribution_oracle,7,0.9486558121923514,0.9329952978078087,0.15075639347966804,560.4244604316547,0.26229375388356857,2.0469758313000774,0.031012089882930124,0.00035000000000000005,88.60597109408606,0.01128592111403138
0.0002,mixnet_attribution_oracle,8,0.9419539341474725,0.9279773953578063,0.16231231437709093,571.9692379038491,0.21858229298959486,1.8583962513672956,0.029845251260536644,0.00035000000000000005,85.27214645867612,0.011727158767893943
0.0002,mixnet_attribution_oracle,9,0.9535934910351063,0.9375740702490818,0.14083501801134657,557.51649841796,0.2227144229982514,1.9065457524355953,0.03010768147417167,0.00035000000000000005,86.02194706906191,0.011624940309676547
0.0002,mixnet_attribution_oracle,10,0.9503755975415433,0.9377725730367505,0.1390935911222594,561.5281129068974,0.24412150343414396,1.96948952386413,0.03235732292362758,0.00035000000000000005,92.44949406750736,0.010816716847252751
0.0002,mixnet_attribution_oracle,11,0.9461136759252251,0.9331947626547916,0.1465484769657886,560.0857488836751,0.27755803693435155,2.12139725707564,0.03135344746857604,0.00035000000000000005,89.58127848164581,0.011163046754293518
0.0002,mixnet_attribution_oracle,12,0.9480224276405516,0.9332555410295607,0.14823840349198783,560.7211698742234,0.2656893845414743,2.0744392929355655,0.030775218911945502,0.00035000000000000005,87.92919689127285,0.011372786689232823
0.0002,mixnet_attribution_oracle,13,0.9459807561178877,0.9309979112336603,0.15385238331145562,560.6787635426926,0.22877602226799354,1.901706209794031,0.03323798517971996,0.00035000000000000005,94.96567194205701,0.010530120827346398
0.0002,mixnet_attribution_oracle,14,0.9447289156626506,0.9301760029732542,0.1555513188554825,557.2650602409639,0.21506193408276886,1.851411555824946,0.03063181828866628,0.00035000000000000005,87.51948082476079,0.011426027560678611
0.0002,mixnet_attribution_oracle,15,0.9459871833994508,0.931010345412161,0.153559896694572,564.5642355813244,0.24734804849140346,1.9834302939412047,0.02980529851982847,0.00035000000000000005,85.15799577093847,0.011742878527693885
0.0002,mixnet_attribution_oracle,16,0.9459397983167791,0.93110220802585,0.15341492428953896,561.1031162332247,0.23481890352559276,1.9201159150368499,0.03206351998311504,0.00035000000000000005,91.61005709461439,0.010915832079082815
0.0002,mixnet_attribution_oracle,17,0.9472109261106422,0.933278796784917,0.14840649691539534,567.8073352259648,0.23117528471630067,1.8990143320701502,0.03192379724759579,0.00035000000000000005,91.21084927884509,0.01096360803464127
0.0002,mixnet_attribution_oracle,18,0.9399269072635906,0.9273682872481261,0.16054906034964192,563.4486066697121,0.2449124792474322,1.973218583730512,0.028799502960327274,0.00035000000000000005,82.28429417236363,0.012152987517949257
0.0002,mixnet_attribution_oracle,19,0.9461244090943198,0.9314462469661926,0.15366294248594972,555.3032940646807,0.2598844141175505,2.0466070621065313,0.0312030453170912,0.00035000000000000005,89.15155804883199,0.011216853882152667
0.0002,mixnet_attribution_oracle,20,0.9497911186755377,0.9372723676896988,0.1408488320009106,572.4993037289184,0.25680489852675237,2.0199527176545913,0.030331807953750706,0.00035000000000000005,86.66230843928771,0.011539041805014479
0.0002,mixnet_attribution_oracle,21,0.9432416178018344,0.9293869270823265,0.15640041094827414,556.3450608930988,0.2790694590075873,2.0930777978846713,0.03257967275404411,0.00035000000000000005,93.08477929726887,0.0107428948916178
0.0002,mixnet_attribution_oracle,22,0.9480203662892317,0.9351671549584045,0.1455357049612191,562.3800440762976,0.25523528491612524,1.9996231239526145,0.030310780560915507,0.00035000000000000005,86.6022301740443,0.011547046744527277
0.0002,mixnet_attribution_oracle,23,0.9491434278251517,0.9349353909259772,0.14686548854277523,568.5040331873704,0.2206597775220871,1.8912916923175396,0.030305367921797513,0.00035000000000000005,86.58676549085003,0.011549109085333301
0.0002,mixnet_attribution_oracle,24,0.9511298353121409,0.9368229156987192,0.14133348424447845,566.852163921869,0.23704181285575032,1.92372337263813,0.03207196280810995,0.00035000000000000005,91.6341794517427,0.01091295852686311
0.0002,mixnet_attribution_oracle,25,0.9477920883164673,0.9314597817259272,0.14971378753284828,567.329346826127,0.25649408242315985,2.022760122214274,0.029771009471769028,0.00035000000000000005,85.06002706219721,0.011756403501597578
0.0002,mixnet_attribution_oracle,26,0.9479198299423018,0.9328774856265081,0.1532303302310302,561.8259945338597,0.2531584785319865,2.01047362039081,0.02938118797484138,0.00035000000000000005,83.94625135668964,0.011912384220124087
0.0002,mixnet_attribution_oracle,27,0.9513820522529345,0.9393816894258765,0.13800111564806208,560.4244604316547,0.28484770393697545,2.1277604258974243,0.03059863852330866,0.00035000000000000005,87.42468149516759,0.011438417422833563
0.0002,mixnet_attribution_oracle,28,0.9508073601201652,0.9390204218729412,0.13598201081433636,555.8028539241457,0.2579631074622739,2.0346711577556897,0.03026986432362235,0.00035000000000000005,86.485326638921,0.011562655063731586
0.0002,mixnet_attribution_oracle,29,0.9492731677771048,0.9342438917860887,0.14726151287676442,560.2973955178679,0.25523934155353345,2.0056530726057313,0.031190326074653288,0.00035000000000000005,89.11521735615224,0.01122142805311761
0.0002,mixnet_attribution_oracle,30,0.9528539772293115,0.9372152459081537,0.1397608900321013,565.4685565828685,0.23852058305055834,1.9545768775670211,0.031153351253720454,0.00035000000000000005,89.00957501062986,0.011234746372854564
0.0002,mixnet_attribution_oracle,31,0.9470067196090409,0.9332256018673226,0.15087361028328078,565.0806353084912,0.23898125838604756,1.9555532181083253,0.031245575500020096,0.00035000000000000005,89.27307285720026,0.011201585965340115
0.0002,mixnet_attribution_oracle,32,0.9432585577893348,0.9255771012584127,0.1660581965268488,574.406815182799,0.251377444335958,1.9851672005422252,0.030058166106783354,0.00035000000000000005,85.88047459080957,0.011644090286699629
0.0002,mixnet_attribution_oracle,33,0.9509593246354566,0.9374952860578363,0.1375487387673032,567.9378357636224,0.24171065117116086,1.9554525445792534,0.031059526998913706,0.00035000000000000005,88.741505711182,0.011268684162905673
0.0002,mixnet_attribution_oracle,34,0.9509022556390977,0.9364682496849901,0.14301567287348707,556.4285714285714,0.25939152532373555,2.028686689044706,0.03187290732507553,0.00035000000000000005,91.06544950021578,0.01098111309490248
0.0002,mixnet_attribution_oracle,35,0.9585172781245243,0.9446065963335362,0.12510830459284297,563.2773633734206,0.24923621653579175,1.9915130575229107,0.03277626883820679,0.00035000000000000005,93.64648239487654,0.010678457689241626
0.0002,mixnet_attribution_oracle,36,0.9464177750906893,0.9317327086100129,0.15346279229789542,559.2829504232164,0.35664300835924223,2.419174716031785,0.029983998052935463,0.00035000000000000005,85.66856586552989,0.011672892967178362
0.0002,mixnet_attribution_oracle,37,0.9461274322777565,0.9314864863590985,0.1540272120995106,564.6932468523464,0.23147913758293726,1.920224722392236,0.03111004535395511,0.00035000000000000005,88.88584386844316,0.011250385398602562
0.0002,mixnet_attribution_oracle,38,0.9503868912152936,0.931631005395973,0.156080485666859,561.4005461993628,0.2409662483842112,1.9517789062771447,0.029193580730979118,0.00035000000000000005,83.41023065994032,0.011988936993556031
0.0002,mixnet_attribution_oracle,39,0.9615736505032022,0.951050179095445,0.11110927493738045,564.220494053065,0.2079765716334805,1.8379789741129562,0.031038014704834534,0.00035000000000000005,88.68004201381294,0.011276494432019309
0.0002,mixnet_attribution_oracle,40,0.9519750361519141,0.9372562092283061,0.14096076432209462,563.2345688408554,0.25656539748888463,2.0301112283794636,0.03063266154956455,0.00035000000000000005,87.52189014161299,0.011425713023130222
0.0002,mixnet_attribution_oracle,41,0.9541707630643576,0.9400852305308101,0.1360779196066166,559.6629357936928,0.2963111755088903,2.174205603403536,0.03176364648744171,0.00035000000000000005,90.75327567840488,0.011018886012926079
0.0002,mixnet_attribution_oracle,42,0.9483289523094255,0.9363791945172876,0.14123519548916139,555.8028539241457,0.25488755863625556,2.012849611687247,0.02830465711928068,0.00035000000000000005,80.8704489122305,0.012365456275447537
0.0002,mixnet_attribution_oracle,43,0.9466012084592145,0.93026075403821,0.15839766891273344,558.9456193353475,0.2589783125149552,2.013178029382973,0.028152743961453973,0.00035000000000000005,80.43641131843991,0.01243218069539549
0.0002,mixnet_attribution_oracle,44,0.9544811145049542,0.9410702852913242,0.13226473203807293,551.3389704238992,0.23306929867248982,1.9342006619104928,0.03098971659378074,0.00035000000000000005,88.5420474108021,0.011294069080652412
0.0002,mixnet_attribution_oracle,45,0.9339087162740067,0.9181145790341239,0.17974048873200893,575.3876836948915,0.25752814215957187,2.0179769880582583,0.03340156869635032,0.00035000000000000005,95.43305341814374,0.010478549770575399
0.0002,mixnet_attribution_oracle,46,0.9504213803052161,0.935893279997131,0.14193478171926235,561.8685748994002,0.25411607237765566,1.994650224153414,0.0323457415413968,0.00035000000000000005,92.41640440399084,0.010820589769199208
0.0002,mixnet_attribution_oracle,47,0.9493238109709771,0.9359602398045839,0.1427667052117884,562.2520893481234,0.2308635242516175,1.9118328212198996,0.03011892806007402,0.00035000000000000005,86.05408017164004,0.011620599488199048
0.0002,mixnet_attribution_oracle,48,0.9494231797692719,0.9347160065341055,0.1457946940215452,565.3823057529223,0.25502955756383017,2.006670046194057,0.02921586030371787,0.00035000000000000005,83.47388658205105,0.011979794411717554
0.0002,mixnet_attribution_oracle,49,0.9489450177113815,0.9376188408152304,0.13672695740127833,569.8587709841368,0.2227268720162101,1.891591253354203,0.03275496393647159,0.00035000000000000005,93.58561124706168,0.01068540330799407
0.0003,mixnet_attribution,0,0.7269265915321352,0.6668818279609887,0.8106915137271283,563.5342674383186,0.23500890031573363,1.9305675581847315,0.029640667948803903,0.000525,56.458415140578865,0.017712151457139665
0.0003,mixnet_attribution,1,0.7035438437074057,0.639182253079187,0.8956580839571323,560.3820990458883,0.2217860620294232,1.8802969142701955,0.032447733683723064,0.000525,61.80520701661536,0.01617986652372454
0.0003,mixnet_attribution,2,0.6983412144411919,0.6339152873418918,0.9003629979663262,555.469714028372,0.2238242193707265,1.886817780050725,0.031269940847892294,0.000525,59.561792091223424,0.0167892866364468
0.0003,mixnet_attribution,3,0.7516102144426764,0.692697798523767,0.746180768659465,560.7635826324165,0.2560605624166783,2.005363432977319,0.031901247147724125,0.000525,60.76428028137929,0.016457036854042057
0.0003,mixnet_attribution,4,0.7080797321972002,0.6466730632161176,0.8732951802009018,563.0206938527084,0.254804349882761,2.0181004523661246,0.031012932865398395,0.000525,59.07225307694933,0.016928421516229784
0.0003,mixnet_attribution,5,0.7531432076050292,0.6949454812731996,0.7373979108307702,567.329346826127,0.252408603875665,2.0000540353236613,0.029959066301989995,0.000525,57.06488819426666,0.017523910615502975
0.0003,mixnet_attribution,6,0.7688155459592844,0.7145521142912793,0.6925488360175761,570.6483652066626,0.24915422048070468,1.9904639669225612,0.030024094027067905,0.000525,57.1887505277484,0.01748595642974911
0.0003,mixnet_attribution,7,0.6945021145713187,0.6291621316544136,0.9252975109988474,569.0276816608997,0.23695096539449878,1.9324243970464412,0.028717477821127057,0.000525,54.69995775452773,0.01828154976805674
0.0003,mixnet_attribution,8,0.7531982942430704,0.6981588216069893,0.7250291663717663,563.5342674383186,0.24797979020513594,1.9812233071897023,0.029864554097067477,0.000525,56.8848649467952,0.017579368447746282
0.0003,mixnet_attribution,9,0.7471494150747816,0.691002186527845,0.7505256965907886,547.9569080408708,0.2155849124537781,1.8666198326013403,0.03321466222610758,0.000525,63.26602328782397,0.01580627243553109
0.0003,mixnet_attribution,10,0.6947456850465862,0.6261480729930635,0.9329015442748674,565.1667939514282,0.23586273740511388,1.9432399525737543,0.031041377851032944,0.000525,59.12643400196752,0.016912909037719467
0.0003,mixnet_attribution,11,0.7922458486738297,0.7409331960448261,0.620146729308891,556.0529716733038,0.24165997849195264,1.9677644731024153,0.03136510204539479,0.000525,59.7430515150377,0.016738348220266146
0.0003,mixnet_attribution,12,0.7284149237723129,0.6728187876294124,0.797747207312903,566.938864628821,0.23305226254160516,1.916356341584259,0.03343265320517428,0.000525,63.68124420033197,0.015703210773554376
0.0003,mixnet_attribution,13,0.7491704374057315,0.6961323221230451,0.7313682672131829,558.10407239819,0.20864546863595024,1.8300047001899862,0.0313743478987381,0.000525,59.76066266426305,0.01673341551813148
0.0003,mixnet_attribution,14,0.7768059116272056,0.7254488531890391,0.6503857891778333,558.0200573065903,0.28715185745386407,2.1519963596053358,0.031163936448465046,0.000525,59.35987894945723,0.016846395540184026
0.0003,mixnet_attribution,15,0.7018774033024203,0.6426317526447181,0.8770144352305157,557.9780592626103,0.23906660749344155,1.9488181379726537,0.031517183028159805,0.000525,60.03272957744725,0.016657580074048044
0.0003,mixnet_attribution,16,0.7530674846625767,0.690566432756798,0.7577710980498356,567.5030674846626,0.24996236653532833,1.9741160168354372,0.03241381094363315,0.000525,61.74059227358696,0.01619679959610311
0.0003,mixnet_attribution,17,0.7404200858239856,0.6794044767162354,0.787101802070414,557.1394263344124,0.228546436119359,1.89958287218865,0.030973781478995835,0.000525,58.99767900761112,0.01694981932884161
0.0003,mixnet_attribution,18,0.7448634003160984,0.6860796812020833,0.7615236421479359,556.9720027094152,0.25147860043216497,1.997652016831843,0.029934903934535725,0.000525,57.01886463721091,0.017538055279820376
0.0003,mixnet_attribution,19,0.7063409563409564,0.6454546889670596,0.8820528152557243,549.5001485001485,0.23956669165636413,1.9573806507704195,0.032953636997820474,0.000525,62.76883237680091,0.015931473665098728
0.0003,mixnet_attribution,20,0.7358588865733849,0.6755465688709129,0.7877199157360208,550.8064900267937,0.2295705818978604,1.9057352829719854,0.03127292095301405,0.000525,59.567468481931535,0.016787686727082043
0.0003,mixnet_attribution,21,0.7788512742487638,0.7216719711187095,0.6688086924992312,562.977938379612,0.26634017875767313,2.057159995871849,0.03227191791342477,0.000525,61.470319835094806,0.016268013615069517
0.0003,mixnet_attribution,22,0.7474105995312618,0.6896946259578549,0.7431946398701321,559.4939895667952,0.26621565598179586,2.0693375390809203,0.03028048753094549,0.000525,57.67711910656284,0.017337897861237215
0.0003,mixnet_attribution,23,0.7460546282245827,0.6881261981829657,0.7609663252768679,561.4855842185129,0.24112478963797912,1.9678564555589673,0.029313933898499765,0.000525,55.83606456857098,0.017909571667106355
0.0003,mixnet_attribution,24,0.796678295161535,0.7491917860998099,0.5975656730582183,561.2305475504322,0.2772975376283284,2.1247911391385825,0.03055581226046089,0.000525,58.20154716278265,0.017181673834256013
0.0003,mixnet_attribution,25,0.739282456673761,0.672921159116697,0.802805182595299,562.508057160231,0.2509138491295744,2.0134541234122807,0.029630439776439314,0.000525,56.43893290750346,0.017718265539124884
0.0003,mixnet_attribution,26,0.7916164960866947,0.7420462889823503,0.6185770753986669,556.9301625526791,0.2827767616545316,2.0964030549195414,0.030471841668250295,0.000525,58.04160317761961,0.017229020999640344
0.0003,mixnet_attribution,27,0.7104818907305095,0.6474475180467612,0.8634744122531812,567.8508287292817,0.2228948981501162,1.9007465602601665,0.033874649311882846,0.000525,64.52314154644353,0.015498315426569919
0.0003,mixnet_attribution,28,0.8309215536938309,0.7865822454266144,0.5071813449392015,563.6199543031227,0.2345422645448707,1.9464573389104638,0.029154273016879194,0.000525,55.53194860357942,0.018007651903926582
0.0003,mixnet_attribution,29,0.717089552238806,0.6521853741321746,0.8586869289366217,552.2835820895523,0.25975305878091604,2.039347413445083,0.03327020386001942,0.000525,63.37181687622748,0.015779885275391682
0.0003,mixnet_attribution,30,0.762847039349936,0.7111595421916298,0.7057399153318327,556.8046798585509,0.2612077806261368,2.007455912372094,0.031416278867015236,0.000525,59.840531175267124,0.016711081609070227
0.0003,mixnet_attribution,31,0.8205895900506679,0.7745490735313052,0.5318384815813554,568.1119299861815,0.2948803175240755,2.163734059198859,0.032290213477282934,0.000525,61.505168528157974,0.016258796194374873
0.0003,mixnet_attribution,32,0.7334830764464411,0.6687598949115211,0.8148383816463822,573.1632716288436,0.2456810568983201,1.974351351468298,0.032356531680570365,0.000525,61.631488915372124,0.01622547203708038
0.0003,mixnet_attribution,33,0.7605687060425017,0.7063811786861677,0.708979225176776,559.6629357936928,0.2529510332096834,2.027658682483824,0.03139245937103563,0.000525,59.795160706734535,0.01672376139106811
0.0003,mixnet_attribution,34,0.743348031017181,0.6864050090390414,0.7560931332004555,562.5934316557701,0.26885192684130743,2.075260118131486,0.02908201773068644,0.000525,55.3943194870218,0.018052392542421025
0.0003,mixnet_attribution,35,0.70875889817394,0.643177695778923,0.8857212888757534,572.5877437325905,0.2488673529587686,2.005207913486582,0.030744020653172877,0.000525,58.560039339376914,0.0170764912606126
0.0003,mixnet_attribution,36,0.7409180726554188,0.6792527172050489,0.7811349722295218,562.4227086183311,0.2355824321275577,1.929191364392091,0.032098548453039645,0.000525,61.14009229150409,0.016355879792136954
0.0003,mixnet_attribution,37,0.7021097691484482,0.6380290564811036,0.9017598603170425,565.6842990368445,0.21879895630991086,1.8598086343282008,0.030021042000236343,0.000525,57.18293714330733,0.01748773410316227
0.0003,mixnet_attribution,38,0.709272030651341,0.6437214821739063,0.8818265802737976,567.0689655172414,0.2356979462201707,1.9452273470675838,0.029897023630977355,0.000525,56.94671167805211,0.01756027645026273
0.0003,mixnet_attribution,39,0.739514348785872,0.6799398876763928,0.7687193819835462,563.3201644211007,0.2463682954548858,1.9771083077919638,0.030180605606182364,0.000525,57.48686782129975,0.017395277180669164
0.0003,mixnet_attribution,40,0.707820197044335,0.645650497450548,0.8761682923668279,569.5960591133005,0.2204595799848903,1.8738987131614344,0.0336909028657193,0.000525,64.17314831565581,0.015582841519340545
0.0003,mixnet_attribution,41,0.715501016336671,0.6554115731898326,0.8467208446389707,557.1394263344124,0.24143573542824015,1.9710284874919086,0.03088185922081953,0.000525,58.822588992037204,0.017000271785646323
0.0003,mixnet_attribution,42,0.8280627957635394,0.7844413223064287,0.5015593373667079,555.8862014572222,0.30972195041249506,2.2275453589911285,0.03215921214743228,0.000525,61.2556421855853,0.016325026794598203
0.0003,mixnet_attribution,43,0.6934366386053789,0.6330596693718257,0.900326060513387,551.3389704238992,0.24250120841315947,1.9693775771347726,0.030941775553171597,0.000525,58.93671533937447,0.016967352086754647
0.0003,mixnet_attribution,44,0.7229044313934864,0.6571462788610443,0.8501178992110148,564.4352833498589,0.22211561832227744,1.8956252029361593,0.032750558414245394,0.000525,62.382016027134085,0.016030261022103445
0.0003,mixnet_attribution,45,0.7672158530104016,0.7115557489856601,0.6976426419649617,561.8685748994002,0.23781549598788843,1.9363588893556656,0.030678908715313005,0.000525,58.436016600596204,0.017112733861291245
0.0003,mixnet_attribution,46,0.6860642020386429,0.6234427100573372,0.9335864141528005,562.9351894112277,0.22034376216470264,1.8778897490454673,0.03117473039154475,0.000525,59.38043884103762,0.016840562641798857
0.0003,mixnet_attribution,47,0.7599606864746352,0.6961475019923503,0.7452522587192536,559.4939895667952,0.2466265442490112,1.9775531402801443,0.02874085117449338,0.000525,54.74447842760644,0.01826668238920917
0.0003,mixnet_attribution,48,0.7013852092952843,0.6402385582191444,0.8922655794867984,560.1703883127697,0.24801738519454375,2.0050632196734783,0.029304802754208062,0.000525,55.81867191277726,0.017915152147700838
0.0003,mixnet_attribution,49,0.6792395667651291,0.6143130257088678,0.9593547734050594,560.5092024539878,0.2601496553688776,2.0393397134511293,0.030135681478862805,0.000525,57.40129805497678,0.01742120882078726
0.0003,mixnet_attribution_oracle,0,0.9026609051626109,0.8831020600673242,0.2597301455989947,561.018194223334,0.26479525450849906,2.060432202536327,0.02969843653818228,0.000525,56.568450548918634,0.017677698262837004
0.0003,mixnet_attribution_oracle,1,0.9128621264978007,0.8904495600536833,0.24332111579418159,561.2305475504322,0.27422408547136,2.082073364329037,0.030538042672489135,0.000525,58.16770032855074,0.017191671569473498
0.0003,mixnet_attribution_oracle,2,0.9205221286784583,0.9019314054347165,0.22122091832013824,571.5723333590794,0.24488194505102,1.9708738720317636,0.0318545148183303,0.000525,60.67526632062915,0.01648118023439161
0.0003,mixnet_attribution_oracle,3,0.9210049796287914,0.9014134257520074,0.22168052343174624,558.3562698053418,0.24086210393579677,1.944811723822927,0.03178584089006607,0.000525,60.5444588382211,0.016516788145254844
0.0003,mixnet_attribution_oracle,4,0.9280913978494624,0.909530426012717,0.20393699138972507,552.6129032258065,0.2694566717254929,2.054112651636375,0.03047709003111254,0.000525,58.051600059261986,0.017226054044662847
0.0003,mixnet_attribution_oracle,5,0.9199274814926726,0.8994039340082653,0.23006842240624895,559.0299138842726,0.24546790347085334,1.9708927396605973,0.03060997049222734,0.000525,58.30470569948065,0.017151274292580943
0.0003,mixnet_attribution_oracle,6,0.9152821433917079,0.8942446275043455,0.2332196480667814,553.8513695554558,0.2715064875083044,2.088057692653946,0.03340689637550759,0.000525,63.63218357239541,0.015715318001971172
0.0003,mixnet_attribution_oracle,7,0.9261672928007361,0.9063927356357243,0.2079556971759883,567.3727670014567,0.33159326351596974,2.32533827848596,0.03125115419499824,0.000525,59.52600799047285,0.016799379527685617
0.0003,mixnet_attribution_oracle,8,0.929757441273242,0.9086365630329025,0.20776494598413559,566.2460019894406,0.2556823728373274,2.0204261042949856,0.030947825890495776,0.000525,58.94823979142053,0.016964034948937397
0.0003,mixnet_attribution_oracle,9,0.9173446886168353,0.8946196567482213,0.23790139610561808,562.7215420880541,0.2188641423417721,1.856765377701946,0.03011501731660339,0.000525,57.36193774591122,0.017433162813110865
0.0003,mixnet_attribution_oracle,10,0.9154126766985864,0.8952163486105271,0.23711696340841595,562.4227086183311,0.2487032478384208,1.9922345326444213,0.029530066357111664,0.000525,56.247745442117456,0.0177784903579658
0.0003,mixnet_attribution_oracle,11,0.9154022988505747,0.8959831030740519,0.22916399665874534,567.0689655172414,0.26138550211908296,2.023402383827584,0.03166298949713987,0.000525,60.310456185028336,0.016580872758316878
0.0003,mixnet_attribution_oracle,12,0.9376843378960902,0.9215915365140931,0.17695876551460127,559.6629357936928,0.23363995441468433,1.941406825749367,0.03016459205064548,0.000525,57.456365810753304,0.017404511856767037
0.0003,mixnet_attribution_oracle,13,0.9244277673545966,0.9023276904720163,0.2234390004007688,555.3864915572233,0.2629559361957945,2.0401693850098117,0.031484203984982646,0.000525,59.969912352347905,0.01667502853972153
0.0003,mixnet_attribution_oracle,14,0.9198869711318161,0.8986133912205909,0.23024564740821146,565.1667939514282,0.2370812448207289,1.9490959984237173,0.030688676257940993,0.000525,58.454621443697135,0.017107287247821616
0.0003,mixnet_attribution_oracle,15,0.9234794478992872,0.9012362483133171,0.22573962810026932,561.2305475504322,0.23153189138974994,1.9059435218878344,0.033109249635979596,0.000525,63.0652374018659,0.015856596140719725
0.0003,mixnet_attribution_oracle,16,0.9288277968690339,0.9102574576002748,0.19980553673910414,565.1237113402062,0.2665507322526537,2.0830867399614696,0.0316870086556875,0.000525,60.35620696321429,0.01656830424432531
0.0003,mixnet_attribution_oracle,17,0.9158282024327977,0.8928962402099289,0.24155468695322954,555.6778795614957,0.24899328584433533,1.9953659740162621,0.0323262050824503,0.000525,61.573723966572004,0.016240693847636923
0.0003,mixnet_attribution_oracle,18,0.9167556029882604,0.896055659758395,0.2319566456360932,564.1346241805153,0.2592401808069553,2.020932275802042,0.02993605217033388,0.000525,57.02105175301692,0.017537382585144812
0.0003,mixnet_attribution_oracle,19,0.9218796992481203,0.9017587495551717,0.22109764995412842,556.4285714285714,0.25370471947826445,1.9980072871130914,0.03109048705377322,0.000525,59.21997534052042,0.01688619413044173
0.0003,mixnet_attribution_oracle,20,0.9211349248722447,0.8987969896561154,0.22891803390254156,564.4352833498589,0.24287668723263778,1.9641617015500956,0.031158309518269048,0.000525,59.34916098717914,0.016849437858372156
0.0003,mixnet_attribution_oracle,21,0.9251581434341895,0.9034511374429516,0.21676036779220692,564.0058684551483,0.2552600930503104,2.0125520224992046,0.032061325315621815,0.000525,61.06919107737489,0.016374868937317287
0.0003,mixnet_attribution_oracle,22,0.9255742725880551,0.9045409181071251,0.2159005951642014,566.635528330781,0.24866866075899452,2.0035019478422957,0.032254759354880334,0.000525,61.43763686643874,0.016276667707352293
0.0003,mixnet_attribution_oracle,23,0.9263545099241322,0.9061323729611648,0.2124284266488327,567.1123457736225,0.23792065179441124,1.9465551059660071,0.033327773914103194,0.000525,63.481474122101325,0.01575262726376806
0.0003,mixnet_attribution_oracle,24,0.9265614275909403,0.9048482448836213,0.21655826544144816,564.3493479752917,0.23403273554868065,1.9301977268203054,0.02925508432992106,0.000525,55.72397015223059,0.017945598586535216
0.0003,mixnet_attribution_oracle,25,0.9267776096822995,0.9077369655577312,0.20837026092549277,559.7897125567322,0.2391971604374703,1.9682848317053538,0.030627083221841666,0.000525,58.33730137493651,0.017141691103826594
0.0003,mixnet_attribution_oracle,26,0.927186689055106,0.9032421912001878,0.22156812490571218,564.8223172034803,0.26925693851080723,2.0757721823802644,0.02953461973061873,0.000525,56.25641853451187,0.017775749435355998
0.0003,mixnet_attribution_oracle,27,0.9268198939195941,0.9074306900114025,0.21044324136978582,568.8530248289645,0.25716637703590095,2.026029601410519,0.03362833833262932,0.000525,64.05397777643681,0.01561183293706179
0.0003,mixnet_attribution_oracle,28,0.9306491120636865,0.9081813801674837,0.2081181310104051,566.4623392529088,0.27783907260163687,2.0963817058752996,0.03209154375064148,0.000525,61.12675000122187,0.016359449831375147
0.0003,mixnet_attribution_oracle,29,0.9288561329623223,0.9002869334098201,0.23924815562792281,556.5538843348123,0.25698060530703515,2.033164947449042,0.031663990548613095,0.000525,60.31236294973923,0.016580348556950772
0.0003,mixnet_attribution_oracle,30,0.9232268705952916,0.9003933570460212,0.22655429728828105,554.8461538461538,0.24017720445408486,1.9533940873446811,0.030309067087384844,0.000525,57.73155635692352,0.017321549306890876
0.0003,mixnet_attribution_oracle,31,0.9272589217919514,0.9059439976948078,0.2123653133146445,561.9111617312072,0.21290394174866378,1.8378128687056534,0.03281943093231144,0.000525,62.51320177583132,0.015996621059115503
0.0003,mixnet_attribution_oracle,32,0.9205243445692884,0.8985407633052859,0.23004448358732918,554.3483146067416,0.2545696990855504,2.0099059979933305,0.03145316493045505,0.000525,59.91079034372391,0.016691484025878108
0.0003,mixnet_attribution_oracle,33,0.9298589637227543,0.9075702842214841,0.20888444123814287,558.1460894486763,0.25307457862072624,2.011135209360264,0.03050235563458544,0.000525,58.099725018257985,0.017211785420425785
0.0003,mixnet_attribution_oracle,34,0.9217948717948717,0.902561800356369,0.22026561403245842,558.10407239819,0.21945555179263465,1.8775986825442483,0.03104884207215544,0.000525,59.14065156601037,0.016908843131087946
0.0003,mixnet_attribution_oracle,35,0.9217594688395956,0.8903973933678044,0.2558139008693626,558.3562698053418,0.21225662273354828,1.8412244294005058,0.03029473040171696,0.000525,57.70424838422279,0.017329746561146008
0.0003,mixnet_attribution_oracle,36,0.9186450929986391,0.8949752616568459,0.23041019466111703,559.5362165431725,0.23487178789218888,1.918559354984005,0.030221489096773368,0.000525,57.56474113671118,0.01737174493020108
0.0003,mixnet_attribution_oracle,37,0.9182571667553798,0.8997207830259477,0.2220120145302369,562.7215420880541,0.2909385544771794,2.150429268566669,0.0316404865377586,0.000525,60.26759340525447,0.016592665203598693
0.0003,mixnet_attribution_oracle,38,0.9230475899938987,0.9051550902941516,0.21462492701434066,564.392312385601,0.2344879071752075,1.9205767387512327,0.03011162179458205,0.000525,57.355470084918196,0.017435128655025237
0.0003,mixnet_attribution_oracle,39,0.9230534117826851,0.9010206105622727,0.2230725991876711,565.4685565828685,0.2720356613572221,2.0878640211955215,0.030946562588535557,0.000525,58.945833501972494,0.016964727455529783
0.0003,mixnet_attribution_oracle,40,0.9183611301500266,0.8980810477119209,0.22887987330753884,563.5771076079507,0.2694357483414933,2.065993401295619,0.03162945890902199,0.000525,60.24658839813713,0.016598450245705876
0.0003,mixnet_attribution_oracle,41,0.9371054833067154,0.919805013574198,0.18379322924468328,562.8069815195072,0.25995504556340165,2.0266066939348013,0.035027754006451375,0.000525,66.71953144085977,0.014988114850392807
0.0003,mixnet_attribution_oracle,42,0.9155346436973515,0.8965040589347092,0.23075274590594788,561.6131896486302,0.2641972054843791,2.0442562480884297,0.030108940974819982,0.000525,57.35036376156187,0.017436681032356998
0.0003,mixnet_attribution_oracle,43,0.9226552984165651,0.9023668769611001,0.21984128172640946,563.3629719853836,0.24299345252802595,1.9668921592951891,0.031532450196170854,0.000525,60.061809897468294,0.016649514919831805
0.0003,mixnet_attribution_oracle,44,0.9254615910645088,0.9046120123950914,0.21410805009591702,562.2947344426715,0.2696815095259808,2.0889033019669565,0.031072564251382287,0.000525,59.1858366692996,0.01689593416728215
0.0003,mixnet_attribution_oracle,45,0.9328828828828829,0.9115657142149379,0.2015598691029338,555.5945945945946,0.27202324342215434,2.089666985662535,0.03134535076821702,0.000525,59.705430034699084,0.016748895358744232
0.0003,mixnet_attribution_oracle,46,0.9285988189278319,0.9094510108548701,0.20548860028436391,567.5465143032441,0.23028916234034114,1.9140728784609264,0.03190230044768716,0.000525,60.766286567023165,0.016456493501491715
0.0003,mixnet_attribution_oracle,47,0.9257860665844636,0.9053945000121378,0.21537529984826476,570.2971639950678,0.24518068626639433,1.9735934542910278,0.03141593845239963,0.000525,59.83988276647549,0.016711262685832614
0.0003,mixnet_attribution_oracle,48,0.9229941592376268,0.8994374422490387,0.22685247052278926,568.7221026744544,0.22056467781658284,1.8726391290904447,0.03129259595617786,0.000525,59.60494467843402,0.01677713158522258
0.0003,mixnet_attribution_oracle,49,0.9232163080407702,0.9064143800676172,0.20553627988939394,558.7349943374859,0.2470288374752272,1.987464860526314,0.03182350354346321,0.000525,60.61619722564421,0.016497240766811767
0.00045,mixnet_attribution,0,0.7148936170212766,0.6515588085274809,0.8706188265323802,562.3373860182371,0.29726301616756245,2.1752288553588306,0.03147653234321574,0.0007875,39.97019980090888,0.02501863901058761
0.00045,mixnet_attribution,1,0.695516717325228,0.6285233687545155,0.9252582465155028,562.3373860182371,0.3026929853367619,2.225517932440238,0.029160728560420207,0.0007875,37.02949658466058,0.027005498109154653
0.00045,mixnet_attribution,2,0.6568209500609014,0.586024189624612,1.0529867855606212,563.3629719853836,0.23972342937486246,1.9382293948283504,0.029813509296209597,0.0007875,37.858424503123295,0.02641420009217501
0.00045,mixnet_attribution,3,0.7353344507085174,0.6709463638821881,0.8100495551579854,563.7914063690386,0.29097830754471943,2.154461421769172,0.029992805391134848,0.0007875,38.086102083980755,0.02625629679285573
0.00045,mixnet_attribution,4,0.5991593427588843,0.5229560234990368,1.2492616388965359,565.5548337791364,0.22412165731657296,1.895126814362063,0.030640589218013766,0.0007875,38.90868472128732,0.025701202884735146
0.00045,mixnet_attribution,5,0.6779481755684823,0.6066009235571104,0.9905110633045122,559.0720707108861,0.24349014562903903,1.952123093033836,0.030080836666857364,0.0007875,38.197887830929986,0.026179457995849437
0.00045,mixnet_attribution,6,0.6910368543021604,0.6371671718737156,0.8948959273565276,553.2314420273603,0.22940283492789604,1.91178848138864,0.032266819904918774,0.0007875,40.973739561801615,0.024405875829119218
0.00045,mixnet_attribution,7,0.6204352081921543,0.540272530144736,1.1941225487178293,557.2231759656653,0.212414455920225,1.8431769081266882,0.030331880536882135,0.0007875,38.51667369762811,0.025962781933102932
0.00045,mixnet_attribution,8,0.5876996681842734,0.5099725854558319,1.2816226970296554,571.0439848753762,0.22734701656736434,1.908469494995004,0.031023208434916804,0.0007875,39.394550393545146,0.025384221675591238
0.00045,mixnet_attribution,9,0.711320045129748,0.6443972026572724,0.8781762971996376,556.6374576908612,0.28018870431696996,2.1106973514209435,0.03131542534663458,0.0007875,39.76561948778995,0.025147351226530005
0.00045,mixnet_attribution,10,0.6807490294587806,0.6134668614372203,0.9618527228753445,563.3201644211007,0.24831138478475623,1.98275631146131,0.031203546123773546,0.0007875,39.62355063336323,0.025237516174484245
0.00045,mixnet_attribution,11,0.650742703590356,0.5823450460671381,1.0563664232875982,552.4070314249459,0.22692372102756053,1.8945148202858078,0.03130771273030856,0.0007875,39.755825689280705,0.025153546245415503
0.00045,mixnet_attribution,12,0.697831662392166,0.6342477393881738,0.8929884442947085,575.1198414548846,0.27485479894676246,2.114847723002139,0.03311170536865264,0.0007875,42.04660999193986,0.023783130202213575
0.00045,mixnet_attribution,13,0.6790272638018277,0.6140845072193531,0.9512720205797525,558.9034816101503,0.2596155705396086,2.019050667006315,0.03162582608137169,0.0007875,40.159779150948175,0.024900535340129974
0.00045,mixnet_attribution,14,0.687211093990755,0.6160623436825895,0.9588541607198207,570.1217257318953,0.27831070189131424,2.1064397704176807,0.028747574696505934,0.0007875,36.504856757467856,0.027393615228894948
0.00045,mixnet_attribution,15,0.6676230745998187,0.5987374821826341,1.004540357200801,558.7771066143159,0.2324972058122512,1.925015390631545,0.02998888042666466,0.0007875,38.081118002113854,0.026259733234315515
0.00045,mixnet_attribution,16,0.759401381427475,0.7037701657374092,0.7219459795677733,567.9378357636224,0.25688053559861146,2.0291999424963807,0.031030470288427116,0.0007875,39.40377179482808,0.02537828117589632
0.00045,mixnet_attribution,17,0.5823702696578291,0.5104741919943583,1.289603859173385,558.9877634262407,0.21295402137911879,1.843760554832832,0.03034544106951937,0.0007875,38.5338934216119,0.025951179888797474
0.00045,mixnet_attribution,18,0.7170539701763682,0.6544529868108709,0.8553222452701769,560.1703883127697,0.25526317808544263,2.012561693738052,0.03299689707493661,0.0007875,41.90082168245919,0.023865880425410057
0.00045,mixnet_attribution,19,0.6715345036319612,0.6008941867269357,1.006990553224936,559.9588377723971,0.252982871606946,1.9952226608847756,0.030767094103678956,0.0007875,39.069325845941535,0.025595527395154135
0.00045,mixnet_attribution,20,0.697679726131609,0.6326890187858432,0.9104688001577663,562.977938379612,0.259563569619786,2.019666729536791,0.03299252722124467,0.0007875,41.89527266189799,0.023869041456542624
0.00045,mixnet_attribution,21,0.7154365505600736,0.6534237455787106,0.8446699604542023,567.7638483965014,0.2582802031247411,2.0164490184735433,0.03090871556310724,0.0007875,39.24916261981872,0.025478250572791933
0.00045,mixnet_attribution,22,0.6628110493874134,0.5927308174222726,1.028868413958572,563.1489993151206,0.24367650688509457,1.9719594594219778,0.030817731855648112,0.0007875,39.13362775320395,0.025553470439962672
0.00045,mixnet_attribution,23,0.6535017221584386,0.5807926208075179,1.0578326189699419,566.4190585533869,0.21510788070736453,1.8618876535437434,0.031117531543086215,0.0007875,39.51432576899837,0.025307277311171203
0.00045,mixnet_attribution,24,0.7434515222838053,0.6837957904640034,0.7676496909297533,561.8685748994002,0.2995871728635393,2.1890784731452833,0.031103732731835584,0.0007875,39.49680346899757,0.025318504592021864
0.00045,mixnet_attribution,25,0.6892127837242845,0.6208443653606412,0.9492270718680053,561.7834206331132,0.24316900133271702,1.9725194896521145,0.029553915136420698,0.0007875,37.528781125613584,0.02664621578443684
0.00045,mixnet_attribution,26,0.6658782237143294,0.603191340699938,0.9873221920165121,564.6502365328857,0.27210752642713487,2.0947018331908955,0.035533778084930835,0.0007875,45.12225788562646,0.022162011540618108
0.00045,mixnet_attribution,27,0.6342415429358641,0.5655949101112857,1.120518265169439,566.3757844787999,0.2788770820188802,2.104327327961526,0.030198740737964885,0.0007875,38.347607286304616,0.026077246294246313
0.00045,mixnet_attribution,28,0.6648557655520698,0.594786185266061,1.0209305821883334,566.2460019894406,0.20991962810512632,1.8146790911139026,0.03262644651396167,0.0007875,41.43040827169736,0.02413686086417683
0.00045,mixnet_attribution,29,0.6868755164901209,0.621811055234839,0.941622578120214,555.9695740365112,0.24059763917466626,1.959496031717743,0.033316393901856686,0.0007875,42.30653193886563,0.023637011926315156
0.00045,mixnet_attribution,30,0.7583674087535969,0.6907828880744645,0.7601516994784249,560.3820990458883,0.28506229375489056,2.118687591748057,0.03046351819180637,0.0007875,38.68383262451603,0.025850592667652227
0.00045,mixnet_attribution,31,0.6474314937791008,0.5772781316711233,1.0673965151429086,564.865353789787,0.23146293871104717,1.9184855343649119,0.03164968102435217,0.0007875,40.190071142034505,0.024881767351591155
0.00045,mixnet_attribution,32,0.6906989124648262,0.6261408516418367,0.9297058145126554,562.8069815195072,0.25131334364414215,1.9995371065846654,0.03299125757408731,0.0007875,41.893660411539436,0.023869960041127226
0.00045,mixnet_attribution,33,0.6750131194242447,0.6004154383324567,1.0144687873879845,554.8046330309619,0.2807166957354639,2.111965426421623,0.03048054691424482,0.0007875,38.70545639904104,0.025836150585341652
0.00045,mixnet_attribution,34,0.6161374845869297,0.5481264320686533,1.1656442798821869,570.2971639950678,0.2524732601013966,1.9918289088986332,0.03040897010146138,0.0007875,38.61456520820493,0.02589696386863673
0.00045,mixnet_attribution,35,0.7569204815581627,0.6948729153232003,0.7485989695995418,567.4596273291926,0.24554340954637155,1.976097852068304,0.029746386343296446,0.0007875,37.773189007360564,0.026473803940809386
0.00045,mixnet_attribution,36,0.6681285444234405,0.5947240840299469,1.0307872021700413,559.578449905482,0.2560960906557739,2.00149037416464,0.032318675666533424,0.0007875,41.039588147978954,0.024366716264165197
0.00045,mixnet_attribution,37,0.6693327239488117,0.5964191006798903,1.0140577970050597,563.7056672760511,0.24499625727185048,1.9665342534984114,0.03017219783758548,0.0007875,38.31390201598156,0.026100186809030264
0.00045,mixnet_attribution,38,0.7030757689422356,0.6417125008895833,0.878233793605541,555.178544636159,0.283554370776983,2.1421093961372706,0.031074149174443205,0.0007875,39.45923704691201,0.025342608596591144
0.00045,mixnet_attribution,39,0.6005740614850065,0.5261355652244327,1.2250403026792513,558.9877634262407,0.21517860348103568,1.8701769126495031,0.028908329712610117,0.0007875,36.70899011125094,0.027241283319682223
0.00045,mixnet_attribution,40,0.682902810393152,0.61302945993728,0.9682487176686634,560.5939701537762,0.25355607736855745,1.9830650205096712,0.029375059491023068,0.0007875,37.30166284574358,0.02680845634510656
0.00045,mixnet_attribution,41,0.6826672791303017,0.6069151816593547,0.9891546678328901,566.5489205328433,0.2612055616627913,2.0545481027419257,0.030852165805145226,0.0007875,39.177353403359014,0.025524950338127263
0.00045,mixnet_attribution,42,0.6432514177693762,0.5702287571458305,1.086900627813593,559.578449905482,0.27220304164802656,2.0788969494096725,0.029153109169033603,0.0007875,37.0198211670268,0.02701255620571961
0.00045,mixnet_attribution,43,0.666054062332491,0.5954037089542887,1.0189075682428355,566.6788421778084,0.2865160948422272,2.1484859997208776,0.02862407358965721,0.0007875,36.34802995512027,0.027511807413901735
0.00045,mixnet_attribution,44,0.6238227981616816,0.5538036379224902,1.144431420630358,557.5584268816394,0.26168571296148,2.035067175496955,0.03226939919862096,0.0007875,40.977014855391694,0.024403925066992075
0.00045,mixnet_attribution,45,0.6559653916211293,0.5859212024529484,1.0372356833655443,561.655737704918,0.23623707678052597,1.924397767438358,0.03182242018484023,0.0007875,40.40942245693998,0.02474670359532096
0.00045,mixnet_attribution,46,0.6179095446982302,0.5433281272618472,1.1966450637194808,559.7051883224929,0.22170917221228592,1.881587739566031,0.030588295088626677,0.0007875,38.842279477621176,0.025745141980561312
0.00045,mixnet_attribution,47,0.6401357978121464,0.5682790817258628,1.1039908238752014,558.3142210486609,0.24439721932867542,1.9786715610251344,0.03119555613507891,0.0007875,39.61340461597322,0.02524398015506025
0.00045,mixnet_attribution,48,0.7196464684293311,0.6524157538648929,0.8557025792370859,554.3068683993708,0.273866064962931,2.087302734921093,0.02920863084538064,0.0007875,37.09032488302304,0.02696120897171541
0.00045,mixnet_attribution,49,0.7384072966965586,0.6861167986554538,0.7534322572639338,567.1991262359163,0.33309698320226744,2.3247164199787855,0.031936246963937605,0.0007875,40.553964398650926,0.024658501698375662
0.00045,mixnet_attribution_oracle,0,0.8953822861468584,0.864011813905566,0.31398560757307736,560.2127176381529,0.28912127285730094,2.1521514184541375,0.03146122408816843,0.0007875,39.95076074688054,0.025030812462765995
0.00045,mixnet_attribution_oracle,1,0.8949845679012346,0.8651815068739437,0.30767143538234015,571.0,0.24414738154155202,1.9635297802597425,0.03303647573733362,0.0007875,41.951080301376024,0.023837288403922206
0.00045,mixnet_attribution_oracle,2,0.8984894259818731,0.8672917857901777,0.3054685109485654,558.9456193353475,0.2582215660950169,2.0172297650391724,0.03182874700211762,0.0007875,40.417456510625556,0.024741784524147502
0.00045,mixnet_attribution_oracle,3,0.89,0.8584146547316226,0.3244015273806007,556.4285714285714,0.2564435944077559,2.012680826756622,0.03103484657897612,0.0007875,39.409328989176025,0.025374702529816107
0.00045,mixnet_attribution_oracle,4,0.8847549909255898,0.8545972535715132,0.3303745143486528,559.6206896551724,0.23503544210689142,1.9524798630839155,0.0311743824889972,0.0007875,39.58651744634565,0.02526112587083138
0.00045,mixnet_attribution_oracle,5,0.9035586918582593,0.8801765882220111,0.26655944251510194,561.5281129068974,0.30522800830658525,2.196726488919117,0.029252909388320928,0.0007875,37.14655160421705,0.026920399251446944
0.00045,mixnet_attribution_oracle,6,0.890239327781529,0.8634770832714134,0.3118641294383184,555.2201215395004,0.2242968113569077,1.8871922130615348,0.03001029455670554,0.0007875,38.10831054819751,0.026240995352844344
0.00045,mixnet_attribution_oracle,7,0.8902921485088253,0.8663666038653591,0.29947938761749493,563.0206938527084,0.2323305046884343,1.9156063407971091,0.02961325639442383,0.0007875,37.60413510403026,0.02659282010431943
0.00045,mixnet_attribution_oracle,8,0.897166921898928,0.8724538571013466,0.2901850615943231,566.635528330781,0.24048867990495637,1.9583019689153909,0.030228992374698005,0.0007875,38.38602206310858,0.026051149513641944
0.00045,mixnet_attribution_oracle,9,0.8835684330918795,0.8468343200133207,0.348713455557031,564.2634388105223,0.2875282932363916,2.1446791272696393,0.028839355402472216,0.0007875,36.621403685679006,0.027306435563829994
0.00045,mixnet_attribution_oracle,10,0.8943709351872617,0.8635387995732068,0.3133051439359259,553.2314420273603,0.2620999817736447,2.041004360796388,0.02868410299600575,0.0007875,36.424257772705715,0.027454231359776496
0.00045,mixnet_attribution_oracle,11,0.8827401454267126,0.8517434210906188,0.3401142050337826,566.4190585533869,0.2761538362246938,2.0937834213104702,0.029654276358947802,0.0007875,37.656223947870224,0.026556034970058606
0.00045,mixnet_attribution_oracle,12,0.883354877956049,0.8533766427619862,0.3350540233447739,562.7215420880541,0.2289963072980754,1.9277156938144895,0.028835036946734,0.0007875,36.61591993236064,0.027310525089831596
0.00045,mixnet_attribution_oracle,13,0.8920753565708184,0.8635547457981977,0.31143726362063856,564.4352833498589,0.2509974588174373,2.0015224628826007,0.030432425050601224,0.0007875,38.64434927060473,0.025877004500646658
0.00045,mixnet_attribution_oracle,14,0.9023348084846635,0.8675703691221859,0.31161410366470027,564.6502365328857,0.2522701301786583,2.00794709419484,0.03337917025525443,0.0007875,42.38624794318022,0.023592557693252865
0.00045,mixnet_attribution_oracle,15,0.8837565004588559,0.8577318737176811,0.3207786211936163,565.9434077699602,0.2589194917527493,2.061278167656866,0.03016676342215551,0.0007875,38.30700117099113,0.02610488864780346
0.00045,mixnet_attribution_oracle,16,0.885383967536942,0.8512607668728529,0.3425572459375805,566.5922211163005,0.23409474463551305,1.9170176540139559,0.02803186818399504,0.0007875,35.59602309078735,0.028093025938586133
0.00045,mixnet_attribution_oracle,17,0.892920015308075,0.8646583134601192,0.3087035738813219,566.4190585533869,0.3055887441150844,2.236459571419986,0.03329673004462739,0.0007875,42.281561961431606,0.023650971099700147
0.00045,mixnet_attribution_oracle,18,0.9052520850552258,0.8765520326213057,0.28654415909176356,556.0529716733038,0.2408324096177239,1.9500903645440038,0.03036523933458543,0.0007875,38.55903407566404,0.025934259609245117
0.00045,mixnet_attribution_oracle,19,0.8862519839770236,0.8555912089125084,0.33385984417777836,559.3251454916484,0.24400243582203984,1.9676107217951477,0.030952755593715336,0.0007875,39.30508646820995,0.02544199974750857
0.00045,mixnet_attribution_oracle,20,0.8837593984962406,0.8561535059473119,0.32438761914328706,556.4285714285714,0.23703668604139239,1.942845652932933,0.0325452066591039,0.0007875,41.32724655124304,0.024197111674499446
0.00045,mixnet_attribution_oracle,21,0.899194773625038,0.8682922608567367,0.3042542690791964,562.1668185961714,0.2633552234910894,2.0421459066540697,0.030644473890769314,0.0007875,38.91361763907214,0.02569794484992642
0.00045,mixnet_attribution_oracle,22,0.8853416243269887,0.8555989144328011,0.33030832821182776,561.1880640024266,0.23123041796498,1.9267100101333985,0.031261431580908536,0.0007875,39.69705597575687,0.025190784944120376
0.00045,mixnet_attribution_oracle,23,0.8937790299246173,0.8679966286827211,0.3007184787732452,563.4914337927358,0.23610685055609792,1.9349905059296695,0.032120913133090234,0.0007875,40.78846112138442,0.024516737638717232
0.00045,mixnet_attribution_oracle,24,0.8910047995045672,0.8619248644540137,0.3131821809712629,572.8532280538783,0.25227170923608355,2.026490003835584,0.03223242949558589,0.0007875,40.930069200743986,0.024431915692481238
0.00045,mixnet_attribution_oracle,25,0.8985864931568319,0.8739788341646788,0.28526698720639465,553.4792461296836,0.28744056686991826,2.1517926352199757,0.03279155011956731,0.0007875,41.640063643895,0.024015333130899614
0.00045,mixnet_attribution_oracle,26,0.8878334219925527,0.8580239909849987,0.32404211075085015,562.3800440762976,0.2631922730943188,2.0551340383171715,0.031734599165973224,0.0007875,40.29790370282314,0.024815186600635586
0.00045,mixnet_attribution_oracle,27,0.8917054147292636,0.8573871025069147,0.32971783432065,555.0122993850307,0.21529913795529865,1.8488144496821515,0.02995851097743863,0.0007875,38.04255362214429,0.026286353169990864
0.00045,mixnet_attribution_oracle,28,0.8866065337679072,0.8607281379875514,0.3148437511703975,560.9332979610399,0.23680070671252906,1.9566375849817117,0.030773388874171352,0.0007875,39.07731920529695,0.02559029176864439
0.00045,mixnet_attribution_oracle,29,0.9034962940780116,0.8753528486058841,0.28310346144583254,554.0583214793741,0.2317679332336411,1.9262437860260182,0.03423016071316478,0.0007875,43.46687074687591,0.02300602695380074
0.00045,mixnet_attribution_oracle,30,0.8887971166841868,0.8610282574505788,0.3155767010948939,555.6778795614957,0.2607002819131594,2.0240836305417322,0.03077409937635448,0.0007875,39.07822143029141,0.025589700948489228
0.00045,mixnet_attribution_oracle,31,0.8893808687686083,0.8596211742946116,0.32135192930244627,564.9514466753187,0.25514779312652536,2.0202092487272303,0.031229451670907554,0.0007875,39.656446566231814,0.025216581075408764
0.00045,mixnet_attribution_oracle,32,0.8893149860891796,0.8590721038577518,0.3183160843395719,556.4703361154974,0.23605483630672097,1.941524689267836,0.0293564524571752,0.0007875,37.27803486625422,0.026825448379663535
0.00045,mixnet_attribution_oracle,33,0.89637539479621,0.8673050401236899,0.31013670496727597,556.512107083772,0.29395129295880906,2.174065052723611,0.032127502855182496,0.0007875,40.79682902245396,0.024511708972518795
0.00045,mixnet_attribution_oracle,34,0.8952899090773587,0.8671284732085781,0.303342441722157,551.5440453122671,0.23304682993330061,1.9327860995727653,0.0321019758892263,0.0007875,40.76441382758895,0.02453120028241912
0.00045,mixnet_attribution_oracle,35,0.8951091971701015,0.8678568609610305,0.3010562472017391,569.0713626576438,0.2231283878791146,1.8662401956787797,0.02912786850615159,0.0007875,36.98776953162107,0.02703596385137779
0.00045,mixnet_attribution_oracle,36,0.9116196640468485,0.8870737413977988,0.25750734424929683,570.2094313453537,0.25938130693975836,2.0411553164928407,0.030600383191629867,0.0007875,38.857629449688716,0.025734971848829825
0.00045,mixnet_attribution_oracle,37,0.891471119133574,0.8621579241529752,0.31739050019479975,556.5956678700361,0.26350432849721983,2.0440732524266734,0.030122521608951805,0.0007875,38.25082109073245,0.026143229648010972
0.00045,mixnet_attribution_oracle,38,0.891780192866983,0.8607323594743506,0.3189392890843899,566.3757844787999,0.26129552102065645,2.038700602376121,0.03053630057881154,0.0007875,38.77625470325275,0.025788978529587465
0.00045,mixnet_attribution_oracle,39,0.8940847624084007,0.8666618928530433,0.3024004037283348,559.0720707108861,0.27744363361853175,2.0993661719680428,0.029556848536733894,0.0007875,37.532506078392245,0.026643571252912092
0.00045,mixnet_attribution_oracle,40,0.8943962235419521,0.8643019630812439,0.3127484769820191,563.4486066697121,0.25347964264801703,2.0081033317668995,0.02964617941291231,0.0007875,37.64594211163468,0.026563287937770713
0.00045,mixnet_attribution_oracle,41,0.9015414840562188,0.874455281243294,0.28767756201113437,559.1985794166541,0.2378556928015314,1.9400802867493154,0.031142317662656266,0.0007875,39.54580020654764,0.025287135290650384
0.00045,mixnet_attribution_oracle,42,0.8831594180821083,0.8594958434010341,0.3155386027760323,563.6628075253257,0.2576496332476381,2.0230279957882535,0.03138084459369045,0.0007875,39.848691547543424,0.025094926863706457
0.00045,mixnet_attribution_oracle,43,0.8931780112684635,0.8662112175444209,0.3082038524396962,563.4486066697121,0.22027757531031966,1.881416745308298,0.03072812318258479,0.0007875,39.01983896201243,0.025627988905170648
0.00045,mixnet_attribution_oracle,44,0.8865767207866453,0.8576142819855198,0.3262172570829227,564.0916990624286,0.2510969761351589,2.007556004670029,0.027929674766904413,0.0007875,35.46625367225957,0.02819581705022778
0.00045,mixnet_attribution_oracle,45,0.8929942057340657,0.8633336963212711,0.31330073270419195,556.8883286929039,0.2604827969917096,2.0330937632129666,0.03147636243241621,0.0007875,39.969984041163436,0.025018774062309887
0.00045,mixnet_attribution_oracle,46,0.8947408077154912,0.8663666534039228,0.308464202660449,557.6003616636528,0.2489462496014312,1.990965073902527,0.029682836881152315,0.0007875,37.69249127765373,0.02653048302468819
0.00045,mixnet_attribution_oracle,47,0.8880975831502387,0.8597996145393374,0.31846771837518056,560.6787635426926,0.21347347705159336,1.8468278424563125,0.032636384995586916,0.0007875,41.443028565824655,0.024129510670574745
0.00045,mixnet_attribution_oracle,48,0.902482799880347,0.8753841186415942,0.28740857446538814,553.4379300029914,0.2795660121482797,2.094535802151388,0.03131249431919036,0.0007875,39.76189754817823,0.025149705161538926
0.00045,mixnet_attribution_oracle,49,0.8784690454406832,0.849800972084018,0.3437663266279839,564.220494053065,0.23259682397474535,1.9187708334011733,0.027288914943307013,0.0007875,34.65259040419938,0.028857871470376852
0.0007,mixnet_attribution,0,0.555925030229746,0.47467183283054415,1.4045026810358703,559.2829504232164,0.25597795424982905,2.01752612060815,0.03251498092472547,0.001225,26.542841571204466,0.037674941370439786
0.0007,mixnet_attribution,1,0.5875884343278991,0.5115623607585129,1.2771909892572042,569.0713626576438,0.2548246115911752,2.0099369855183387,0.029816051627238768,0.001225,24.339633981419404,0.0410852521760758
0.0007,mixnet_attribution,2,0.5661880778771705,0.4885490560041126,1.368736913658889,556.3033150417199,0.2526543853455223,1.990118769237947,0.030572724219911817,0.001225,24.957325893805567,0.0400683953182741
0.0007,mixnet_attribution,3,0.571588868940754,0.4985132152813816,1.343541505730271,553.6032315978456,0.2663804382318631,2.0520423864967903,0.033541485894350034,0.001225,27.380804811714313,0.03652193596486874
0.0007,mixnet_attribution,4,0.5559482628966762,0.47367607262638384,1.4142709440834234,556.512107083772,0.2264768302848097,1.9036957384745252,0.03166557126813032,0.001225,25.84944593316761,0.038685548718740345
0.0007,mixnet_attribution,5,0.5200181296268318,0.43683977242637423,1.5704688541988931,559.0299138842726,0.23620491413748823,1.937262154593676,0.030302984990109163,0.001225,24.737130604170748,0.04042506044866001
0.0007,mixnet_attribution,6,0.520245213047756,0.4375531510207032,1.5711967881538569,560.0857488836751,0.24595949848298915,1.974329399398592,0.033627901467287745,0.001225,27.451348136561425,0.03642808342327412
0.0007,mixnet_attribution,7,0.5052456789191637,0.4249976974577073,1.6000572864852942,558.5666088006642,0.20892838927102275,1.8200104199647436,0.030803055976134506,0.001225,25.14535181725266,0.0397687814140617
0.0007,mixnet_attribution,8,0.5780088025497041,0.4962369462936823,1.3470786665030274,561.57064804978,0.2503814584342763,1.9931554024965585,0.03263027343613954,0.001225,26.63695790705269,0.037541824539026256
0.0007,mixnet_attribution,9,0.5839104954714971,0.5087927941052462,1.3203556248748936,563.2345688408554,0.2615560804842971,2.03447194253072,0.030659942310190716,0.001225,25.028524334849564,0.03995441307770615
0.0007,mixnet_attribution,10,0.6136573362042449,0.5382836263201265,1.1865456257771514,569.0713626576438,0.32140540587715805,2.2633403233094613,0.02960822817697481,0.001225,24.16998218528556,0.041373634135683804
0.0007,mixnet_attribution,11,0.6162133251833741,0.5362622474887642,1.2144415061778842,565.4254278728606,0.2622161044564564,2.055365305165023,0.02951489393128353,0.001225,24.093790964313087,0.04150446899291051
0.0007,mixnet_attribution,12,0.6578045250247582,0.5860175186533624,1.0483185110960216,563.7485335567914,0.3135583356197458,2.2612543020444873,0.03200334571525676,0.001225,26.125180175719805,0.03827724797585814
0.0007,mixnet_attribution,13,0.5250554662994416,0.443637238154519,1.528850916112627,566.1595134266697,0.25716526195174083,2.0258241792538767,0.029711191870399722,0.001225,24.25403417991814,0.04123025442208621
0.0007,mixnet_attribution,14,0.5395661703574938,0.4624660030767073,1.4544415153092587,559.3251454916484,0.24792083285865374,1.9904879271821279,0.02695743300203363,0.001225,22.006067756762146,0.04544201222377471
0.0007,mixnet_attribution,15,0.5960125918153201,0.5181785870020235,1.2599873653892604,554.6801079298456,0.2926640467776451,2.1628888667172435,0.03363555152725351,0.001225,27.457593083472254,0.03641979823067366
0.0007,mixnet_attribution,16,0.6056115540845495,0.5281586237397153,1.2224240857901605,556.6792537987062,0.2644691359892022,2.0483054220573242,0.03019328187657336,0.001225,24.647577042100703,0.04057193931443617
0.0007,mixnet_attribution,17,0.5458691191000988,0.46399872068145526,1.4526840609326113,562.4653796458159,0.2463176430319436,1.9965683886144046,0.03174112258224192,0.001225,25.911120475299526,0.038593468042158845
0.0007,mixnet_attribution,18,0.567965173009082,0.48401893355680414,1.397527422180963,555.469714028372,0.2519318091799505,2.0037280396030677,0.030990682785067617,0.001225,25.298516559238873,0.03952800938578376
0.0007,mixnet_attribution,19,0.6095411728957764,0.5382022027030523,1.1935609769257216,562.1668185961714,0.25943139466107823,2.029257339823854,0.03050081572720951,0.001225,24.898625083436333,0.040162860264330184
0.0007,mixnet_attribution,20,0.5716446124763706,0.49342200975425254,1.348558614704354,559.578449905482,0.24447340646293014,1.9740868984087179,0.03173718888291534,0.001225,25.907909292175788,0.03859825155023223
0.0007,mixnet_attribution,21,0.5888122605363985,0.5146902768079478,1.2621243709434506,567.0689655172414,0.25433430486009456,2.003036762283033,0.03497917398563036,0.001225,28.554427743371722,0.03502083841382981
0.0007,mixnet_attribution,22,0.5566286878442617,0.47676980108861317,1.4074531984887617,558.398324907568,0.23991011426551268,1.951267721099526,0.030024677656093218,0.001225,24.509940943749566,0.040799771908671865
0.0007,mixnet_attribution,23,0.6069206252845651,0.5189484476082528,1.2895346803463432,561.57064804978,0.23385499519645236,1.9251388840542294,0.031027651349653344,0.001225,25.328694979308853,0.03948091288623063
0.0007,mixnet_attribution,24,0.5680319067341617,0.48083533133861645,1.3890056771159458,567.5899677864703,0.24515794025501236,1.9817663800690524,0.03143628879484199,0.001225,25.66227656721795,0.038967704107648854
0.0007,mixnet_attribution,25,0.5437414863024065,0.4639276081408858,1.4602025987629466,560.0434387770547,0.24556215063785203,1.9774140889331524,0.03196272786856174,0.001225,26.09202274984632,0.03832589023807631
0.0007,mixnet_attribution,26,0.5192794174013032,0.43445303166887933,1.5708495515198102,567.2859333077807,0.21755593037232757,1.8724572882263457,0.031808116829509424,0.001225,25.965809656742387,0.038512182489958906
0.0007,mixnet_attribution,27,0.5572963972146533,0.4815395798365904,1.4005342890111656,560.1280653950954,0.2526139128895011,1.9958077240275318,0.03129793746475812,0.001225,25.549336705924997,0.03913995934650217
0.0007,mixnet_attribution,28,0.530235034608656,0.4487804303307094,1.5309561640586502,562.8924469460713,0.25551401695702225,2.0034500814118017,0.03094627075981373,0.001225,25.262261844745904,0.03958473735034862
0.0007,mixnet_attribution,29,0.5099237793374085,0.4280067643346358,1.6109994987188314,558.4824541544034,0.25533383403671905,2.01150016263838,0.031741921971160277,0.001225,25.911773037681858,0.03859249610382751
0.0007,mixnet_attribution,30,0.5206768343576903,0.43549326436096036,1.557201468425387,561.5281129068974,0.22151450012461282,1.8757953021926421,0.03156678121962412,0.001225,25.768800995611528,0.03880661735756746
0.0007,mixnet_attribution,31,0.5329062762144436,0.45054513607033086,1.5149873636716698,564.3493479752917,0.21450778885628097,1.848500303315023,0.03202797615722803,0.001225,26.145286658961655,0.03824781166272798
0.0007,mixnet_attribution,32,0.5558388959723993,0.47602756644173305,1.4122341614442164,555.0538513462836,0.25019608667935245,1.977612985281505,0.034197474843194915,0.001225,27.91630599444483,0.0358213583200798
0.0007,mixnet_attribution,33,0.5428810592801157,0.47146860115750255,1.4350876750738257,563.1489993151206,0.2523385445238091,1.9965067441104645,0.0325589877829136,0.001225,26.57876553707233,0.03762401976890876
0.0007,mixnet_attribution,34,0.5786670724284845,0.49531493283131495,1.3368799919078609,563.0206938527084,0.2402709565940313,1.9448601942070174,0.029845050331418203,0.001225,24.363306392994453,0.04104533201977647
0.0007,mixnet_attribution,35,0.5892027716439504,0.5171068123699634,1.2772788668359172,563.4914337927358,0.2544152712507639,2.007354735980649,0.03216673233472441,0.001225,26.258557007938297,0.03808282380854695
0.0007,mixnet_attribution,36,0.5463641918728995,0.46453581618163026,1.4635982786087431,565.2529789184234,0.24966648590634577,1.9832093607986985,0.0316418860152146,0.001225,25.830111032828245,0.03871450644285155
0.0007,mixnet_attribution,37,0.5602605863192183,0.47761815682926523,1.396941662368266,560.5939701537762,0.2298383265733719,1.920246307666912,0.03014548428077888,0.001225,24.60855859655419,0.040636268722379576
0.0007,mixnet_attribution,38,0.5837423312883435,0.5045594696109411,1.3070597681950973,567.5030674846626,0.2790848166914657,2.123337476704518,0.029140784329616823,0.001225,23.788395371115776,0.04203730366841872
0.0007,mixnet_attribution,39,0.5701688272535423,0.4924568831572123,1.3619377133759685,557.7681640036177,0.2518992075929418,2.0025523607488487,0.03133592915326787,0.001225,25.58035032919826,0.03909250604979271
0.0007,mixnet_attribution,40,0.7533033033033033,0.6495472690867206,0.9344224852523081,555.5945945945946,0.26823245984269306,2.0585032110867543,0.03282680192512044,0.001225,26.79738932662893,0.037317068010288834
0.0007,mixnet_attribution,41,0.5731838427276916,0.5208550451889561,1.2339556091667718,568.2861311626478,0.2712903721258044,2.086971671610926,0.03194583187956858,0.001225,26.07823010577027,0.03834616060768374
0.0007,mixnet_attribution,42,0.609834069112498,0.5314464778219791,1.2207643235048315,563.2773633734206,0.28329760502674617,2.1184929007680893,0.03170330402154015,0.001225,25.880248180849105,0.03863950581200304
0.0007,mixnet_attribution,43,0.5996319865061719,0.5260379075822191,1.2415625576389588,567.3727670014567,0.2931581966695376,2.1728496285365577,0.03244677021314139,0.001225,26.487159357666446,0.037754142922485946
0.0007,mixnet_attribution,44,0.5469834087481147,0.46578745538887134,1.4659176865849035,558.10407239819,0.24870128149632365,1.9937441378220897,0.029885734287084097,0.001225,24.396517785374773,0.04098945631492869
0.0007,mixnet_attribution,45,0.5055930125651241,0.42311607470233864,1.6227598165811872,566.9822249463683,0.22887560343951918,1.895327276209212,0.030400985886146273,0.001225,24.81713133562961,0.04029474585422022
0.0007,mixnet_attribution,46,0.5186990631426612,0.43920127282433374,1.5616793837788083,563.6628075253257,0.2407101706485264,1.948727261162458,0.030247352949350586,0.001225,24.691716693347416,0.04049941170228256
0.0007,mixnet_attribution,47,0.5366002130573733,0.45528084331709046,1.4762956733058927,563.1062243189773,0.2505515290540643,2.0021438929486575,0.02930198168687041,0.001225,23.919985050506458,0.04180604619478335
0.0007,mixnet_attribution,48,0.6157446482007213,0.5225025961662539,1.2729718286096658,567.8073352259648,0.24478686065413058,1.9847054603051584,0.031979435297428895,0.001225,26.105661467288893,0.03830586714889517
0.0007,mixnet_attribution,49,0.5998167799068631,0.5233194060779872,1.2455855176784019,564.9514466753187,0.2697496436885558,2.0698790560349307,0.031213391039048105,0.001225,25.480319215549475,0.03924597614105814
0.0007,mixnet_attribution_oracle,0,0.8296357367710988,0.7821063013351393,0.5165105448661621,554.6801079298456,0.2744023170962464,2.089198963168398,0.029051607169716265,0.001225,23.715597689564298,0.042166341877187236
0.0007,mixnet_attribution_oracle,1,0.8514874141876431,0.815889978323435,0.42376548345765047,564.4782608695652,0.24472000304376706,1.9561331900924306,0.03151811910281797,0.001225,25.72907681862691,0.03886653248576865
0.0007,mixnet_attribution_oracle,2,0.8369483355927098,0.7927492478847294,0.48421850715962694,557.3488477180298,0.23547957371920347,1.9352907521686231,0.031162736731084287,0.001225,25.438968760068807,0.039309769567769826
0.0007,mixnet_attribution_oracle,3,0.8487553907845956,0.8052448078498222,0.4567352200996766,559.9165468714534,0.2822090372792445,2.1167514673568197,0.030254651275380837,0.001225,24.697674510514968,0.04048964203387864
0.0007,mixnet_attribution_oracle,4,0.8383739346858737,0.7971053569493572,0.4714699034814737,558.1460894486763,0.23764636483974755,1.9472619741291592,0.031413629633937144,0.001225,25.643779293009914,0.038995812145075824
0.0007,mixnet_attribution_oracle,5,0.8223991426165506,0.7754243280484788,0.5273182209898895,566.5056265788869,0.2583268826419953,2.0163740179970837,0.02920352286310408,0.001225,23.839610500493126,0.04194699405761326
0.0007,mixnet_attribution_oracle,6,0.8389328063241107,0.8002798791520462,0.46653397024095883,562.508057160231,0.23102559181279503,1.9164006968695442,0.03362734749589056,0.001225,27.4508959150127,0.03642868353353477
0.0007,mixnet_attribution_oracle,7,0.8327415577547783,0.792044138703102,0.48674530173924346,559.0720707108861,0.2465157209080644,1.9858919890268008,0.032006725595438046,0.001225,26.12793926158208,0.03827320593439901
0.0007,mixnet_attribution_oracle,8,0.8365042067763208,0.7982425583798203,0.4677736148765046,560.9332979610399,0.2364686896034982,1.9245063174868853,0.030877287978133057,0.001225,25.205949369904538,0.03967317339746713
0.0007,mixnet_attribution_oracle,9,0.857370820668693,0.8127378630208638,0.44340775974799673,562.3373860182371,0.2977988425118383,2.1639561924508666,0.03290493920056614,0.001225,26.861174857605015,0.03722845353195253
0.0007,mixnet_attribution_oracle,10,0.8239172096588732,0.7819933604215622,0.5125849396180413,567.2859333077807,0.236688909586519,1.9323450463773826,0.03158151819034375,0.001225,25.78083117579082,0.03878850891894588
0.0007,mixnet_attribution_oracle,11,0.8230128690386072,0.7762892146145346,0.524217404090241,560.2127176381529,0.23166509985458106,1.9151704113277832,0.027645083559934724,0.001225,22.567415150967122,0.04431167651724372
0.0007,mixnet_attribution_oracle,12,0.844899507015548,0.8092921441497374,0.43312446337203425,561.2730375426621,0.23287008263287134,1.9362790189365333,0.0337493074986843,0.001225,27.55045510096678,0.03629704105922043
0.0007,mixnet_attribution_oracle,13,0.8514873968662479,0.8131669235843733,0.4306907693653362,560.1703883127697,0.26307792114675976,2.070132861985277,0.030493511648861563,0.001225,24.892662570499237,0.04017248043144725
0.0007,mixnet_attribution_oracle,14,0.8487488829311886,0.8106588298943674,0.441096687365624,551.1340482573727,0.24679470097180456,1.9764160758907967,0.031782798356519024,0.001225,25.945141515525734,0.038542861652984
0.0007,mixnet_attribution_oracle,15,0.8288482238966631,0.7806035375867013,0.518128414231995,568.9840073812087,0.2668819122191053,2.0683639629936774,0.030667182043900478,0.001225,25.034434321551412,0.03994498086737791
0.0007,mixnet_attribution_oracle,16,0.8436758742061367,0.8035323796646432,0.4594555981512501,566.2460019894406,0.2387234983034432,1.9588042112396387,0.02968074490249587,0.001225,24.22917951224153,0.041272549055768104
0.0007,mixnet_attribution_oracle,17,0.8489309758082415,0.808400592267086,0.44539036222027106,547.5117999556114,0.3020839269447606,2.188655743154661,0.030888512861263588,0.001225,25.215112539807013,0.0396587561693926
0.0007,mixnet_attribution_oracle,18,0.8404271318995338,0.800455339990476,0.46477039133784753,556.512107083772,0.25937892316142097,2.041981890735384,0.030682454405963445,0.001225,25.046901555888528,0.039925098031333144
0.0007,mixnet_attribution_oracle,19,0.8350954590400852,0.7962741709420481,0.4738325360547644,562.8924469460713,0.2592772320494987,2.0075821673619854,0.03160470805368039,0.001225,25.79976167647379,0.03876004796245374
0.0007,mixnet_attribution_oracle,20,0.8363163530671562,0.7913171401978382,0.49297704253722896,566.0298301973382,0.2875353829585947,2.1362679192417993,0.029107429481270528,0.001225,23.761166923486147,0.04208547514607014
0.0007,mixnet_attribution_oracle,21,0.8432950191570882,0.8078977974282999,0.4410913352175671,567.0689655172414,0.2388272550306283,1.9557883853905387,0.030238090811329145,0.001225,24.684155764350322,0.04051181695443006
0.0007,mixnet_attribution_oracle,22,0.834038950042337,0.7890363173613792,0.49330971319592115,569.6398275729351,0.20511453130166046,1.8164736079546473,0.027548466131050393,0.001225,22.4885437804493,0.04446708554198883
0.0007,mixnet_attribution_oracle,23,0.8425697404831352,0.8002489622083849,0.46289669804602107,553.4792461296836,0.24738703382899985,1.9609501124706759,0.03265094962129325,0.001225,26.653836425545514,0.03751805121162904
0.0007,mixnet_attribution_oracle,24,0.8543756220810045,0.812231873849283,0.436326436587377,566.5922211163005,0.25683582984493114,2.036488724511792,0.03191288761062458,0.001225,26.05133682499966,0.038385746064300605
0.0007,mixnet_attribution_oracle,25,0.8526179209281026,0.8104197586394186,0.4454429600779744,564.8223172034803,0.29700004373444244,2.191233435710404,0.03295742580590501,0.001225,26.904021066044905,0.037169165068119965
0.0007,mixnet_attribution_oracle,26,0.8572734196496573,0.818564803114093,0.42533263052788833,563.6199543031227,0.23133916646474972,1.909877486897996,0.032534286457723736,0.001225,26.55860118997856,0.03765258542220714
0.0007,mixnet_attribution_oracle,27,0.8301296720061022,0.7890090490646537,0.4958551374790132,564.4782608695652,0.26765340904239565,2.06761609117633,0.030947158211482296,0.001225,25.26298629508759,0.03958360220440174
0.0007,mixnet_attribution_oracle,28,0.8413446912077882,0.7986455566162581,0.4721071669539088,562.849710982659,0.24026805834728293,1.9511268291045947,0.03235718905384397,0.001225,26.41403188068896,0.037858665595504576
0.0007,mixnet_attribution_oracle,29,0.8401287553648069,0.8020949366882015,0.4563132097621891,567.1557326793378,0.23869328500586562,1.9573192061213434,0.03230189543421014,0.001225,26.368894232008277,0.037923471162705606
0.0007,mixnet_attribution_oracle,30,0.8329160027316185,0.7867402295269698,0.4990856790452303,561.5281129068974,0.20789860317017883,1.82196576459683,0.02892820570613691,0.001225,23.614861800928093,0.04234621436407046
0.0007,mixnet_attribution_oracle,31,0.847552554856529,0.8089553423696443,0.4461197305247346,567.7638483965014,0.2588387714640703,2.0370497486675863,0.03237115705968573,0.001225,26.425434334437334,0.037842329754891144
0.0007,mixnet_attribution_oracle,32,0.850129395646217,0.810692549258361,0.4396252081564116,563.2773633734206,0.2532920049270615,2.023471750100603,0.0322148892410088,0.001225,26.29786876817045,0.03802589513300588
0.0007,mixnet_attribution_oracle,33,0.835332687579167,0.7950064672536251,0.4792687333955557,551.4209820430668,0.22895997017621994,1.910000789834874,0.029946354192342914,0.001225,24.446003422320747,0.040906482042252224
0.0007,mixnet_attribution_oracle,34,0.858128374325135,0.8182194606074233,0.427177806857277,554.9292141571685,0.2322966697101947,1.9143155741765063,0.029778774511120425,0.001225,24.309203682547285,0.04113668275847089
0.0007,mixnet_attribution_oracle,35,0.8472752251564647,0.8059652826324585,0.454828132096448,564.8223172034803,0.2242532939708326,1.8939443484741116,0.03309456055250204,0.001225,27.015967797960847,0.03701514628232121
0.0007,mixnet_attribution_oracle,36,0.8447653429602888,0.8011182327412573,0.46512658816021474,556.5956678700361,0.2682949347945396,2.041623526496253,0.030615010085051967,0.001225,24.991844967389362,0.04001305230985752
0.0007,mixnet_attribution_oracle,37,0.8417498081350729,0.8015266863925752,0.46106670937620897,567.9378357636224,0.2356600550119765,1.9361430986625012,0.03092310423075963,0.001225,25.243350392456843,0.03961439287784943
0.0007,mixnet_attribution_oracle,38,0.8379063869033895,0.7953819279302942,0.4828876060387577,568.765736684344,0.23159360422869213,1.9259447026999148,0.031085314978420635,0.001225,25.37576732932297,0.039407675323553666
0.0007,mixnet_attribution_oracle,39,0.8476058931860037,0.8087974367673963,0.44865169293876933,567.8508287292817,0.2633813016000204,2.0528933546303496,0.03214086848047241,0.001225,26.237443657528498,0.03811346917225539
0.0007,mixnet_attribution_oracle,40,0.8376477861061742,0.7959655914170092,0.4804235266109353,571.8368750482961,0.25423365013557486,2.005574372896964,0.028757482335561874,0.001225,23.475495784132143,0.04259760940494951
0.0007,mixnet_attribution_oracle,41,0.8304151693554553,0.7887958242330039,0.4958923057090908,565.8138236868263,0.25036388251464814,2.003227671743838,0.0293254941993913,0.001225,23.939178938278612,0.041772527060274636
0.0007,mixnet_attribution_oracle,42,0.8407306763285024,0.7992753238648704,0.47329283208770956,558.6086956521739,0.25627869757590815,2.0164327048395094,0.03205473881719303,0.001225,26.16713372832084,0.03821587837561644
0.0007,mixnet_attribution_oracle,43,0.8253442696967417,0.7841415193552105,0.49815641330373484,556.8883286929039,0.24613447868614458,1.9734717985870374,0.029122340789239913,0.001225,23.773339419787686,0.04206392641530421
0.0007,mixnet_attribution_oracle,44,0.8354910714285714,0.7984993886203242,0.4622926487118085,550.6428571428571,0.2486880504002329,1.9793580910422315,0.03222645954022072,0.001225,26.307313910384263,0.03801224265641468
0.0007,mixnet_attribution_oracle,45,0.8501806441694212,0.8099512948018183,0.4456466837207536,568.8530248289645,0.2628089456120506,2.0500646719302207,0.03175884095673203,0.001225,25.92558445447513,0.038571936604013014
0.0007,mixnet_attribution_oracle,46,0.8428322076345147,0.8032480362375397,0.45472725119574897,561.6131896486302,0.2526008294080384,1.996615678501049,0.030308896159036158,0.001225,24.741956048192783,0.04041717631589773
0.0007,mixnet_attribution_oracle,47,0.8467505083214097,0.8067800516848112,0.4497570272619087,557.3069508246103,0.26358787904609926,2.034953840570049,0.03002210466691716,0.001225,24.507840544422173,0.04080326857796509
0.0007,mixnet_attribution_oracle,48,0.8454566402949535,0.8058061647562779,0.44798793103069134,568.4168522928028,0.26364802510943264,2.042760335828704,0.033479782979719125,0.001225,27.330435085485,0.03658924553788362
0.0007,mixnet_attribution_oracle,49,0.8358738303652279,0.7942386159186678,0.47841689371756535,558.4403863567763,0.22226980031700805,1.896709196958331,0.02968785066092114,0.001225,24.234980131364196,0.0412626705109541
0.001,mixnet_attribution,0,0.4677270631627478,0.3841530371288323,1.7613963175825877,568.6348547717843,0.2179924277588725,1.8824233115575337,0.030039032973200434,0.00175,17.165161698971676,0.05825753450722854
0.001,mixnet_attribution,1,0.5053271308523409,0.42389961883275423,1.5998080027931667,555.2617046818727,0.25302686903160065,1.9982123646885308,0.032778418308213764,0.00175,18.73052474755072,0.053388787205802334
0.001,mixnet_attribution,2,0.5085897533786363,0.4340414106202876,1.554238670626405,565.037565854776,0.2917431040550582,2.156819671787516,0.0312629682376782,0.00175,17.864553278673256,0.055976770557918304
0.001,mixnet_attribution,3,0.5446034404018877,0.46621956522322455,1.4578179798009818,563.2773633734206,0.2556530394067522,2.0149810493287714,0.03131001852371733,0.00175,17.891439156409902,0.05589265297541666
0.001,mixnet_attribution,4,0.44394550574625163,0.3682933222071504,1.8713741688227816,563.2345688408554,0.22011132093030028,1.883143181334658,0.031869408465047745,0.00175,18.211090551455854,0.05491159341470941
0.001,mixnet_attribution,5,0.5716200119118523,0.5019982450547944,1.34340030055268,550.9702203692674,0.31763773286365904,2.2594795142191826,0.030651566831388973,0.00175,17.515181046507983,0.05709332934353943
0.001,mixnet_attribution,6,0.4803076923076923,0.399253649806405,1.7232492379519333,569.2461538461539,0.2414319982053712,1.9647562286216966,0.030577877130310998,0.00175,17.473072645892,0.057230918697926014
0.001,mixnet_attribution,7,0.47439539347408827,0.3834432119044436,1.769601921813693,568.1554702495201,0.2594765740504954,2.0138341422613624,0.0309518713437035,0.00175,17.686783624973426,0.05653939241886906
0.001,mixnet_attribution,8,0.4369132127318525,0.3528665242367234,1.8842722353860175,564.865353789787,0.2597486564773135,2.030467670843836,0.029547805102621803,0.00175,16.88446005864103,0.05922605736440034
0.001,mixnet_attribution,9,0.43365017588503857,0.35467155212612234,1.8969161095864115,553.8927475488362,0.25847819770569913,2.019682626638957,0.030081775870974093,0.00175,17.189586211985194,0.058174756952716185
0.001,mixnet_attribution,10,0.4731769276748356,0.39884979814443106,1.7010353082509029,552.9426180514047,0.2730547311366536,2.094660656634696,0.03252246266017394,0.00175,18.58426437724225,0.05380896330901162
0.001,mixnet_attribution,11,0.49551758485939773,0.410526793052559,1.6473225742181599,567.025591908666,0.2996732832689304,2.192664773402911,0.03369293897827834,0.00175,19.253107987587622,0.05193966608636355
0.001,mixnet_attribution,12,0.43861931731210774,0.36182848582356275,1.8564948380162838,566.3757844787999,0.24379078528727405,1.9756786772208659,0.03160005136314872,0.00175,18.057172207513556,0.05537965682045729
0.001,mixnet_attribution,13,0.5102768297307546,0.44462187037889095,1.6367629294459254,561.2730375426621,0.235374360345304,1.9198896147564004,0.032902750645570585,0.00175,18.801571797468906,0.05318704259261034
0.001,mixnet_attribution,14,0.46306966998428495,0.38310105263861854,1.7862364032878728,553.8099977549952,0.24148609684198163,1.9538639032783487,0.031875272051390416,0.00175,18.214441172223093,0.05490149220306542
0.001,mixnet_attribution,15,0.45881270133456054,0.3809761397784511,1.783378523847177,567.5899677864703,0.24126194149721414,1.962682262634348,0.030797013239658583,0.00175,17.598293279804903,0.05682369216721487
0.001,mixnet_attribution,16,0.4180889972569339,0.33909315241698074,1.9948758309469086,563.8771715940262,0.2414382055576425,1.9529400737062899,0.02899243499339917,0.00175,16.56710571051381,0.060360573384002754
0.001,mixnet_attribution,17,0.4522688196157584,0.37436135436974854,1.8374500751793905,553.2314420273603,0.25207801195210777,2.0010179634780902,0.031130361144923038,0.00175,17.788777797098877,0.05621521677352601
0.001,mixnet_attribution,18,0.46910370143774854,0.3936458637847386,1.722233954076532,565.9434077699602,0.2643863834964577,2.0499311681785026,0.02961280783016142,0.00175,16.921604474377954,0.059096050939741664
0.001,mixnet_attribution,19,0.4786562453028709,0.39407869163918363,1.714754843166285,556.1781151360289,0.22878245715401135,1.8919783481879278,0.03225514540069859,0.00175,18.431511657542053,0.05425490966666354
0.001,mixnet_attribution,20,0.4027221172022684,0.3287893241169016,2.0144065096445427,559.578449905482,0.24550851859385148,1.980799706331369,0.029675644528203454,0.00175,16.957511158973404,0.05897091799764674
0.001,mixnet_attribution,21,0.42342548168456323,0.3431988535312146,1.9369049870051005,563.5771076079507,0.23440369946183637,1.9402524855874814,0.030996343696760846,0.00175,17.712196398149054,0.0564582718891092
0.001,mixnet_attribution,22,0.45147136697178303,0.3802531897468207,1.7559385672426762,559.831984265073,0.2966347533510998,2.1607817221888244,0.028518651056851328,0.00175,16.296372032486474,0.06136335118065059
0.001,mixnet_attribution,23,0.5285617520885075,0.4506723482742408,1.4948348747135667,556.9720027094152,0.2719445725379046,2.070345154857672,0.033062220958102656,0.00175,18.892697690344374,0.05293050343525462
0.001,mixnet_attribution,24,0.42140594358123395,0.34051878011123116,1.9446815921651655,558.188112837532,0.24597578623797745,1.9882380549551546,0.03197533468790343,0.00175,18.2716198216591,0.05472968514891078
0.001,mixnet_attribution,25,0.474051360674588,0.39317591974034805,1.7311373849464957,567.2859333077807,0.2667673099495005,2.0587171410228104,0.03212941632914159,0.00175,18.359666473795194,0.05446722038373099
0.001,mixnet_attribution,26,0.5508578431372549,0.46817345761351803,1.4485998296179945,566.8088235294117,0.2785202946688514,2.106597321429553,0.03316824465284097,0.00175,18.953282658766266,0.052761308845751864
0.001,mixnet_attribution,27,0.39687001443439945,0.3209690604333686,2.0605471061589076,562.2094507331155,0.2231582261447329,1.8914509120073562,0.030332557471447974,0.00175,17.332889983684556,0.05769378337607287
0.001,mixnet_attribution,28,0.4879109144992754,0.40585657508041656,1.662900418296387,564.4352833498589,0.25780503658461384,2.0169503327912555,0.031047361225629004,0.00175,17.741349271788003,0.056365498738598384
0.001,mixnet_attribution,29,0.4782015315793464,0.397100544722688,1.6954497504149038,561.1031162332247,0.24403003545012325,1.968784680921742,0.028751454306989645,0.00175,16.429402461136938,0.06086648631107905
0.001,mixnet_attribution,30,0.5352972601694268,0.45746723909502146,1.4924487768078187,564.7792871861406,0.3000824743648991,2.2094122393074986,0.030384057845343326,0.00175,17.362318768767615,0.05759599356042583
0.001,mixnet_attribution,31,0.4931671422135456,0.4106435433919744,1.6430136982452896,555.6778795614957,0.26359423191752285,2.0422529323500997,0.033471786052015735,0.00175,19.126734886866135,0.052282838964149383
0.001,mixnet_attribution,32,0.4388395590936926,0.35771458189785027,1.885931705159623,566.4623392529088,0.25335308781359345,2.0196618881328456,0.0319107438729273,0.00175,18.234710784529884,0.0548404639819343
0.001,mixnet_attribution,33,0.4734428735192969,0.3916292047090407,1.7413849028968453,565.5548337791364,0.23537943128030747,1.9248513102751963,0.030970617679117025,0.00175,17.6974958166383,0.056505169452270756
0.001,mixnet_attribution,34,0.5729987871437234,0.5149942840045987,1.4318973326332187,560.9757428744693,0.22886437535635196,1.9272746621893675,0.0347809533716271,0.00175,19.87483049807263,0.05031489451429412
0.001,mixnet_attribution,35,0.4623345000760919,0.383656176084916,1.7436301534271645,563.1062243189773,0.2544500968651846,2.0132982958073193,0.03145731480628991,0.00175,17.975608460737092,0.0556309402368344
0.001,mixnet_attribution,36,0.44121432356726475,0.3636786060004207,1.8470441219349532,560.2550533727004,0.23893239110475406,1.957889784933067,0.029002976762848784,0.00175,16.573129578770732,0.06033863400675663
0.001,mixnet_attribution,37,0.44020509727039664,0.35905405918333244,1.8728615480828437,558.0200573065903,0.2727041410107631,2.086477112037475,0.030323795550587004,0.00175,17.327883171764,0.05771045372867658
0.001,mixnet_attribution,38,0.4981749049429658,0.4077094993451542,1.6634629550747784,562.7642585551331,0.260870714468183,2.0573436267888257,0.03129365301427664,0.00175,17.88208743672951,0.05592188291988869
0.001,mixnet_attribution,39,0.4800214740394202,0.40279620181581005,1.7202669166098081,567.5465143032441,0.23546979238744825,1.945201685508691,0.03227444632741739,0.00175,18.442540758524224,0.054222463872706676
0.001,mixnet_attribution,40,0.44505747126436784,0.3605476427217369,1.8559222340940702,567.0689655172414,0.23639378682128154,1.946014746572884,0.03115218909842731,0.00175,17.801250913387033,0.056175827466595184
0.001,mixnet_attribution,41,0.5489097516656571,0.46981765919886087,1.4351666555959235,560.2973955178679,0.2827235416334588,2.1260366862057944,0.031054606228476955,0.00175,17.7454892734154,0.05635234873450937
0.001,mixnet_attribution,42,0.4811772758384668,0.4021843003264481,1.708152083569645,562.8069815195072,0.22378182568354532,1.8838630842798976,0.03189499650623578,0.00175,18.22571228927759,0.054867540106419456
0.001,mixnet_attribution,43,0.5527714502657555,0.4674520748497029,1.448792551301588,561.9111617312072,0.2813085094676353,2.1129605510966103,0.03023047154432528,0.00175,17.274555168185874,0.057888610749391424
0.001,mixnet_attribution,44,0.4877293664577513,0.4052677155293522,1.6766161739800807,558.8192252510761,0.2579021724523045,2.0365560470639434,0.03110160985921253,0.00175,17.772348490978587,0.05626718385066608
0.001,mixnet_attribution,45,0.4580200015505078,0.3891701054003877,1.7423682490759,573.6955577951779,0.23995220745564438,1.9483026611393592,0.03382801128142956,0.00175,19.33029216081689,0.05173227552282068
0.001,mixnet_attribution,46,0.5525955244329426,0.47284505050699677,1.4226185176290551,563.2773633734206,0.27092029599589296,2.0875550718390494,0.0320299993432747,0.00175,18.302856767585542,0.054636279609148526
0.001,mixnet_attribution,47,0.588626739261948,0.5041974515759852,1.3185987129849928,559.6206896551724,0.29959720314946026,2.184716797366714,0.0301496140006907,0.00175,17.228350857537542,0.058043860858713124
0.001,mixnet_attribution,48,0.5901788420733556,0.5153545111834426,1.2680654894908756,560.806001818733,0.2854493706545327,2.14748412382705,0.03174343212596068,0.00175,18.13910407197753,0.05512951444745637
0.001,mixnet_attribution,49,0.5072683222289521,0.4228506477979003,1.6077250202600684,560.2973955178679,0.25835717492736876,2.018109536719564,0.03236637045324508,0.00175,18.495068830425758,0.054068465987805674
0.001,mixnet_attribution_oracle,0,0.7987992495309568,0.751418633929054,0.5900562838702703,555.3864915572233,0.28111055452609435,2.132434380060315,0.030796688966709684,0.00175,17.598107980976962,0.05682429049082837
0.001,mixnet_attribution_oracle,1,0.8011158021712907,0.7509661651135224,0.592623362154454,557.9360675512665,0.2526443492679391,1.9937774015489755,0.0321443676271672,0.00175,18.368210072666972,0.054441886065320085
0.001,mixnet_attribution_oracle,2,0.7800260596305664,0.724602841583495,0.6616999958266992,567.1991262359163,0.2955753499700222,2.1767580837428495,0.030682045186584184,0.00175,17.532597249476677,0.05703661504172456
0.001,mixnet_attribution_oracle,3,0.7986811187751081,0.7426127446305109,0.6195626668732649,560.9332979610399,0.26343845066730864,2.0522663039874116,0.030796737053013317,0.00175,17.598135458864753,0.056824201764867514
0.001,mixnet_attribution_oracle,4,0.733779060932989,0.6803899919542769,0.7763147885577418,562.2520893481234,0.23653069511055946,1.9294322398393793,0.03380498281265618,0.00175,19.317133035803533,0.051767516336225464
0.001,mixnet_attribution_oracle,5,0.7922433460076046,0.7429620162265068,0.6147560171327535,562.7642585551331,0.22307238381472416,1.8932388297455836,0.031453662701386526,0.00175,17.973521543649444,0.05563739958090341
0.001,mixnet_attribution_oracle,6,0.7898429159676681,0.7331191280173189,0.6398587793686831,564.3063901174318,0.3162069757527206,2.2555289931008877,0.03210480010242229,0.00175,18.345600058527022,0.05450898290651445
0.001,mixnet_attribution_oracle,7,0.78301240581475,0.7319548916482436,0.6355360304157666,563.2345688408554,0.2687274319177959,2.0765703702778637,0.03007693143984303,0.00175,17.186817965624588,0.05818412704434895
0.001,mixnet_attribution_oracle,8,0.774000605693519,0.717747813471202,0.6798488273848904,560.2973955178679,0.29712786473101005,2.1738848190880593,0.03146134759364324,0.00175,17.97791291065328,0.05562380933592264
0.001,mixnet_attribution_oracle,9,0.7877159309021113,0.731486619041814,0.6492535129414228,568.1554702495201,0.24985661325627007,1.9825233627189023,0.03267858366347111,0.00175,18.67347637912635,0.053551892518407744
0.001,mixnet_attribution_oracle,10,0.7783973722404706,0.7240628900194953,0.6682647237277629,565.2960812772134,0.2593135696952231,2.0270892775464855,0.030302699893225524,0.00175,17.315828510414583,0.057750629685351246
0.001,mixnet_attribution_oracle,11,0.7950651130911583,0.7449278314441977,0.6112034623035513,563.5771076079507,0.2501382686023135,1.9800620791893397,0.0297154088859709,0.00175,16.980233649126227,0.05889200470757116
0.001,mixnet_attribution_oracle,12,0.7739235351783426,0.717179470890853,0.6751672245071595,558.0620616846392,0.2839485007280018,2.1348359088386286,0.029234096539842654,0.00175,16.70519802276723,0.05986160706608308
0.001,mixnet_attribution_oracle,13,0.7815405548416358,0.7311654307666664,0.6442635403754227,559.4095547660443,0.23314830218441784,1.932381955813688,0.029691529161992632,0.00175,16.966588092567218,0.05893936922050247
0.001,mixnet_attribution_oracle,14,0.7845485051860891,0.7311752059900807,0.6388428295609864,564.392312385601,0.22482371039222926,1.895083163092772,0.03183083758875862,0.00175,18.18905005071921,0.054978132294515245
0.001,mixnet_attribution_oracle,15,0.7845303867403315,0.7346542583929391,0.6321182975165456,552.5305360609228,0.24135733579169028,1.956100897897431,0.030760168820924725,0.00175,17.5772393262427,0.05689175537975447
0.001,mixnet_attribution_oracle,16,0.798505755889304,0.7499622805113207,0.5958160132519505,564.1775558435618,0.2955228937207721,2.159498668780609,0.031393619774554134,0.00175,17.939211299745217,0.055743810766875936
0.001,mixnet_attribution_oracle,17,0.7903498005523166,0.7411172959924538,0.6150460900519655,567.6768947529918,0.24088329382357188,1.958345459830427,0.03248568172913676,0.00175,18.563246702363863,0.05386988688097643
0.001,mixnet_attribution_oracle,18,0.794992056887813,0.7423213953080113,0.6127207455352154,559.831984265073,0.25355746637796983,2.02662996414979,0.0306069654701351,0.00175,17.489694554362913,0.05717652740542251
0.001,mixnet_attribution_oracle,19,0.7760102533172497,0.7255737891499715,0.6491269423571572,557.9360675512665,0.2403109678416513,1.9672340687625165,0.03152123706534189,0.00175,18.01213546590965,0.055518125648823385
0.001,mixnet_attribution_oracle,20,0.787455114982046,0.7337004537726517,0.6377798790330775,565.3823057529223,0.23994084174046293,1.9501119331106542,0.029160218630608307,0.00175,16.66298207463332,0.06001326746443168
0.001,mixnet_attribution_oracle,21,0.7727511441218397,0.7250944310389779,0.6440535452495932,555.2201215395004,0.2521409366745502,2.0028848076854455,0.02907505730715738,0.00175,16.614318461232788,0.06018904731682864
0.001,mixnet_attribution_oracle,22,0.793685812095854,0.7456370127042614,0.6056903562207694,562.977938379612,0.2865309165499639,2.128149715281126,0.03140683679706159,0.00175,17.946763884035196,0.05572035195100352
0.001,mixnet_attribution_oracle,23,0.8375407474793419,0.7848046666641623,0.5191203474130571,561.018194223334,0.2593424794031307,2.0356676472878865,0.0296275602106852,0.00175,16.93003440610583,0.059066625383782406
0.001,mixnet_attribution_oracle,24,0.7662796955485508,0.7123200877127246,0.6917358794144802,568.9403398170216,0.23303717939415947,1.9159636769334418,0.027991195844725907,0.00175,15.99496905412909,0.0625196583135527
0.001,mixnet_attribution_oracle,25,0.7792629512158284,0.7311588242837488,0.6409195322269541,558.861350249207,0.22754302664543502,1.9158685664666977,0.030046023085217897,0.00175,17.16915604869594,0.058243981076516196
0.001,mixnet_attribution_oracle,26,0.7919514047076689,0.7444872261281409,0.6091691906710174,561.9111617312072,0.243287977646105,1.9728414840212811,0.03169078848296946,0.00175,18.109021990268264,0.055221093692271024
0.001,mixnet_attribution_oracle,27,0.7505200708837353,0.6883052135054945,0.7475518535834821,570.1655751598737,0.2313517302973196,1.9153784802765814,0.03293133698654595,0.00175,18.817906849454825,0.053140873105606376
0.001,mixnet_attribution_oracle,28,0.7688233939673037,0.699624366012195,0.7355651851545666,567.9813492977205,0.23969983353163116,1.9435914860242072,0.030200273885528674,0.00175,17.25729936315924,0.05794649434747552
0.001,mixnet_attribution_oracle,29,0.8643193200789194,0.8452100742126614,0.361073439874824,561.57064804978,0.3024732055782806,2.2063777582207207,0.032875856649095925,0.00175,18.786203799483385,0.05323055209416496
0.001,mixnet_attribution_oracle,30,0.7867056793457874,0.7343875822090674,0.6329853138653354,555.2201215395004,0.29742657658061944,2.1837609359106502,0.03110998956599879,0.00175,17.77713689485645,0.056252027866722176
0.001,mixnet_attribution_oracle,31,0.7848935192278229,0.7345966641304936,0.6259022284274995,566.8955109544967,0.23284451800282113,1.9336350663773931,0.029328774144012863,0.00175,16.759299510864494,0.05966836497860388
0.001,mixnet_attribution_oracle,32,0.8024010872848082,0.7492179674000414,0.6097251754136672,558.7771066143159,0.2230583066411782,1.892907660293249,0.03210640191720019,0.00175,18.34651538125725,0.054506263408559706
0.001,mixnet_attribution_oracle,33,0.7376776534623526,0.6801224158399262,0.7640814600209693,559.4517689749017,0.24746654031332582,1.97775151962029,0.02905702835671619,0.00175,16.604016203837823,0.06022639268256446
0.001,mixnet_attribution_oracle,34,0.78222957227693,0.7318903973040431,0.6375658727816202,556.3033150417199,0.23673311233869754,1.9332015349114346,0.030766902931982507,0.00175,17.58108738970429,0.05687930318721997
0.001,mixnet_attribution_oracle,35,0.7964190476190476,0.7449839704043613,0.6188858099202642,563.8342857142857,0.25823769709677435,2.042213110478775,0.032763485541484366,0.00175,18.721991737991065,0.053413120462540244
0.001,mixnet_attribution_oracle,36,0.7898501103248877,0.7385248308639762,0.6172999368981096,563.0634558320019,0.24838154605822638,1.9821244546880812,0.03335276483807421,0.00175,19.058722764613833,0.05246941321045351
0.001,mixnet_attribution_oracle,37,0.7820736802126852,0.729882093569041,0.6473814318405962,562.1241929358147,0.23049025496584363,1.9060356743364317,0.030807164289814917,0.00175,17.604093879894236,0.05680496859552125
0.001,mixnet_attribution_oracle,38,0.7919969512195122,0.7426372463253924,0.6191581329750069,564.0487804878048,0.26433577146963216,2.0541360431944176,0.03116243607883346,0.00175,17.807106330761975,0.056157355463896386
0.001,mixnet_attribution_oracle,39,0.7991590960282303,0.7500449110859709,0.5980698224709308,555.6362339514978,0.23429827817017213,1.9447132717657432,0.02899770481050196,0.00175,16.570117034572547,0.06034960392334951
0.001,mixnet_attribution_oracle,40,0.7859378578517444,0.7356844932536886,0.6271031534175006,564.9514466753187,0.22387857816647738,1.8854124867332134,0.032452581407811126,0.00175,18.54433223303493,0.053924831988212386
0.001,mixnet_attribution_oracle,41,0.7841406367888939,0.7244111370284646,0.6658084854496801,558.3562698053418,0.23628047748934478,1.9579567736565084,0.029959415452624663,0.00175,17.119665972928377,0.05841235463246287
0.001,mixnet_attribution_oracle,42,0.7799531332678207,0.7274786954470226,0.6492936354816311,559.4095547660443,0.23466578096849844,1.9323649091359625,0.02927002025807724,0.00175,16.725725861758423,0.05978813764288656
0.001,mixnet_attribution_oracle,43,0.7893700787401575,0.7374773969043711,0.6258268867462666,560.2973955178679,0.2316548077214975,1.9287332939864767,0.03195213149788347,0.00175,18.25836085593341,0.05476942907911859
0.001,mixnet_attribution_oracle,44,0.7999694025854815,0.7462156373784042,0.6047182549008454,566.0730513271628,0.26053360127843916,2.0394752444615776,0.032165126500244,0.00175,18.380072285853714,0.05440675011760718
0.001,mixnet_attribution_oracle,45,0.7749305341154678,0.7190894509463253,0.670427258826196,571.1759802408151,0.24208453710889444,1.9554416386458269,0.029740770768787315,0.00175,16.99472615359275,0.05884178367820279
0.001,mixnet_attribution_oracle,46,0.7895338208409507,0.7342621875343407,0.6347837145231897,563.7056672760511,0.3532302730018273,2.4063514199011347,0.031874192225177865,0.00175,18.213824128673064,0.054903352142604285
0.001,mixnet_attribution_oracle,47,0.7856099623337689,0.7274142335614975,0.6608978150444093,568.8530248289645,0.3050868638965767,2.225721172485548,0.03262988195388769,0.00175,18.645646830792966,0.05363182136156935
0.001,mixnet_attribution_oracle,48,0.7773356798530875,0.7260747947603579,0.6492951234428121,566.2460019894406,0.24219177209306508,1.9671312478279666,0.030463272653165372,0.00175,17.407584373237356,0.05744622450530316
0.001,mixnet_attribution_oracle,49,0.7793373216751035,0.7216165834442063,0.6751005592901254,567.5899677864703,0.25617962470278144,2.017425988368278,0.02956110527427523,0.00175,16.892060156728704,0.0591994102981965
0.0014,mixnet_attribution,0,0.3848097389173876,0.3015279013592596,2.172592026904366,566.5922211163005,0.22143567289458588,1.8738965032857582,0.029069239001391127,0.00245,11.86499551077189,0.08428153209936984
0.0014,mixnet_attribution,1,0.3406766917293233,0.27136001135030635,2.3445061536043563,556.4285714285714,0.2248271887365263,1.899977168377092,0.02980076633756742,0.00245,12.163578096966296,0.08221265091802296
0.0014,mixnet_attribution,2,0.46499142494966816,0.38184492037832607,1.7664163280203247,551.831407053911,0.2617821546155028,2.053958658826101,0.029236452943515255,0.00245,11.933246099393982,0.08379949526481181
0.0014,mixnet_attribution,3,0.4084261574600288,0.32082717309103526,2.0782371035329916,560.7635826324165,0.24783032678533345,1.9792175802812766,0.02981512507287646,0.00245,12.169438805255698,0.08217305793658482
0.0014,mixnet_attribution,4,0.6384004748126716,0.5753089731671185,1.1309695661056183,549.0525261517917,0.3792933395016007,2.522951902143271,0.03160543133724577,0.00245,12.900176056018681,0.07751832189402112
0.0014,mixnet_attribution,5,0.34188553210869893,0.2720430554753281,2.3348205126583426,561.7408531956885,0.24674746370874345,1.9695615186241038,0.028873639534719192,0.00245,11.785158993762936,0.08485248273096956
0.0014,mixnet_attribution,6,0.34870317002881845,0.2805176282341867,2.2998133734013484,561.2305475504322,0.21920274526928551,1.8701509855377272,0.0321384425143484,0.00245,13.117731638509552,0.07623269232496822
0.0014,mixnet_attribution,7,0.41153303113621165,0.31583401824596624,2.1296830148962336,549.9485026380322,0.24021070325397886,1.9508246046742084,0.03138044414520955,0.00245,12.808344549065124,0.07807410209565213
0.0014,mixnet_attribution,8,0.4259583873180398,0.35692427968441054,1.9113998828850725,564.0058684551483,0.23885942759807222,1.955808493121836,0.030914534119035126,0.00245,12.618177191442909,0.079250749520157
0.0014,mixnet_attribution,9,0.46101796857379146,0.385880837578885,1.7861506690998115,556.3868130215774,0.2702502046886366,2.0596483545700037,0.03214792857464615,0.00245,13.121603499855572,0.07621019793891859
0.0014,mixnet_attribution,10,0.4075034314473082,0.325514535480792,2.050745601676781,564.3063901174318,0.25322852536919527,1.9910349601071686,0.03527462992359385,0.00245,14.397808132079122,0.06945501640433338
0.0014,mixnet_attribution,11,0.379972669298512,0.30340084447253063,2.1538071651298734,561.8259945338597,0.22906901949318126,1.9112923793413776,0.031921468944683465,0.00245,13.029170997829986,0.07675085392359579
0.0014,mixnet_attribution,12,0.4018698578908003,0.3261310491124904,2.0365163461223794,553.5205684367988,0.24485955317504704,1.9753098126188933,0.03125833616859379,0.00245,12.75850455860971,0.07837909179764949
0.0014,mixnet_attribution,13,0.44384626887991624,0.36645728934713273,1.826285486305441,553.3553162853298,0.27934852280304767,2.1121939257416713,0.03297802925351158,0.00245,13.460420103474114,0.07429188630909829
0.0014,mixnet_attribution,14,0.41098270262104386,0.33361533171465435,1.9786371718764253,558.9877634262407,0.2535672982048709,1.9977746381392727,0.0304243099808229,0.00245,12.418085706458326,0.08052770963562651
0.0014,mixnet_attribution,15,0.3792396995219668,0.30044434415436894,2.1449348349126143,561.5281129068974,0.25420143888914026,2.023882442441413,0.031201889331464942,0.00245,12.735465033250998,0.0785208861544594
0.0014,mixnet_attribution,16,0.45508166969147007,0.37287449124868793,1.7919210315756147,559.6206896551724,0.26173303986433893,2.0426667521610726,0.03099419785421819,0.00245,12.650693001721711,0.07904705298467869
0.0014,mixnet_attribution,17,0.421516223744636,0.33426539231200003,2.026053009590933,557.1394263344124,0.2377158234885428,1.9429358447772604,0.030684382629027493,0.00245,12.524237807766324,0.07984517823351266
0.0014,mixnet_attribution,18,0.40363968628645397,0.3203752440095845,2.111618645159051,563.4914337927358,0.2373994231747929,1.940457795297207,0.03134437757308164,0.00245,12.793623499216995,0.07816393846991064
0.0014,mixnet_attribution,19,0.48576214405360135,0.4149725823613414,1.656526040606575,563.4486066697121,0.2501310969237238,1.9906228152733374,0.03205865538553992,0.00245,13.085165463485682,0.07642241917310963
0.0014,mixnet_attribution,20,0.33729689807976365,0.26009310604106045,2.3743091857943783,546.5834564254062,0.2395540913566947,1.9394448810530878,0.028956172152274272,0.00245,11.81884577643848,0.08461063109847454
0.0014,mixnet_attribution,21,0.4673510342698364,0.3929698643268082,1.7178644666732157,571.1759802408151,0.25873973322450183,2.0168549435973793,0.03165185429282848,0.00245,12.919124201154482,0.07740462777737192
0.0014,mixnet_attribution,22,0.36768972362192703,0.2855455680939746,2.2593506695453134,564.9945029775538,0.270131318946369,2.067973120433897,0.030514775115698153,0.00245,12.455010251305369,0.0802889744627222
0.0014,mixnet_attribution,23,0.3427017920049012,0.27384436696844827,2.2669412518138756,566.7221626589064,0.26379812095547095,2.050879596280285,0.03193484626814832,0.00245,13.034631129856457,0.07671870343223226
0.0014,mixnet_attribution,24,0.4031939163498099,0.3228019944263818,2.036633812275693,562.7642585551331,0.23013473793980666,1.914794165115827,0.03227371751921787,0.00245,13.172945926211376,0.07591316366145644
0.0014,mixnet_attribution,25,0.4367956137678952,0.3570242398294627,1.9036493773765701,563.5342674383186,0.2563800917705521,2.0332632662202155,0.0313333977587588,0.00245,12.78914194235053,0.07819132859011876
0.0014,mixnet_attribution,26,0.3636015911872705,0.24505653121821375,2.4648649901382917,566.1162790697674,0.2614090154238511,2.0501183255739006,0.02946057636688461,0.00245,12.024725047708005,0.08316198466347527
0.0014,mixnet_attribution,27,0.44878385636461293,0.3608417087946265,1.8332105407853252,567.8073352259648,0.22988252295181155,1.9156354081864955,0.02969254589311053,0.00245,12.119406486983891,0.08251229142895644
0.0014,mixnet_attribution,28,0.40599578186200663,0.3190181960367472,2.054981751488224,557.4326604398915,0.24377693174756132,1.979597498817562,0.031115433094007654,0.00245,12.70017677306435,0.0787390615003791
0.0014,mixnet_attribution,29,0.40530331646143386,0.3262757793740372,2.013075762996388,559.0720707108861,0.2690636042098049,2.072255040957171,0.03038189800426513,0.00245,12.400774695618422,0.08064012326208386
0.0014,mixnet_attribution,30,0.3922822325861291,0.30992302551338957,2.0841090970484935,556.6792537987062,0.22759763558860868,1.9114314702260153,0.030280951947042303,0.00245,12.359572223282573,0.0809089491071731
0.0014,mixnet_attribution,31,0.40879255075560983,0.33234046635785336,1.9827034344842018,564.8223172034803,0.2648556113417726,2.0545393777673233,0.03308849595911308,0.00245,13.505508554740034,0.07404386113613097
0.0014,mixnet_attribution,32,0.39609652772524395,0.31920101419904334,2.0406670793372137,559.831984265073,0.2422215984261129,1.9448166132604252,0.03100517873154484,0.00245,12.655174992467282,0.07901905746820793
0.0014,mixnet_attribution,33,0.3796718322698268,0.30106664266677047,2.157631255133345,562.1668185961714,0.2269822921953164,1.8935543404951671,0.03016910473181255,0.00245,12.313920298699001,0.081208906322518
0.0014,mixnet_attribution,34,0.45315487571701724,0.37509516245019164,1.7970555748784236,565.9866156787763,0.24096082738833502,1.9475441279693753,0.03109541334700776,0.00245,12.692005447758271,0.07878975502461869
0.0014,mixnet_attribution,35,0.41672342035565646,0.3415238769980243,1.9677907287652854,560.0011350737798,0.26907681609736755,2.0771960218275636,0.03155135733531871,0.00245,12.878105034823964,0.07765117595297431
0.0014,mixnet_attribution,36,0.35029917443005376,0.2668646518670922,2.314490895666099,560.5092024539878,0.24638960958691314,1.9848267563519317,0.028877962550914058,0.00245,11.786923490169004,0.08483978035778883
0.0014,mixnet_attribution,37,0.4402544646278838,0.35698647321488297,1.8653304287647197,567.1991262359163,0.235059679223923,1.928536569013401,0.03262404698138473,0.00245,13.315937543422338,0.07509797915010266
0.0014,mixnet_attribution,38,0.398121994045347,0.31554007219772073,2.0580792491428457,564.9514466753187,0.23587031310307793,1.9405457212485815,0.03104142201561954,0.00245,12.66996816964063,0.07892679654840554
0.0014,mixnet_attribution,39,0.39246658566221143,0.3060281832483028,2.140634577752502,561.9963547995139,0.24047500360757113,1.9644959062745992,0.033895536945872023,0.00245,13.834913039131438,0.07228090246549033
0.0014,mixnet_attribution,40,0.39795447554598584,0.322258183528515,2.045018525449166,569.0713626576438,0.248746322497027,1.9810162656266055,0.02968975083863229,0.00245,12.118265648421342,0.08252005930652881
0.0014,mixnet_attribution,41,0.4470288231203153,0.3646443164673198,1.8621430731294468,571.8368750482961,0.2849581911577843,2.1151514845292807,0.031520169081392886,0.00245,12.865375135262402,0.07772800944289013
0.0014,mixnet_attribution,42,0.42972376531466405,0.35610750193017776,1.9668001737696346,563.1489993151206,0.2488346199679654,1.9928880292332107,0.03273320547640151,0.00245,13.36049203118429,0.07484754286488346
0.0014,mixnet_attribution,43,0.43253206358958607,0.35006189433965834,1.8947977380092909,568.3296981798633,0.2643672252888791,2.050606958578236,0.03160925549985386,0.00245,12.901736938715862,0.07750894354380877
0.0014,mixnet_attribution,44,0.393205000383465,0.32138959868673855,2.0362381054005136,567.5465143032441,0.2392914923839271,1.9623837576661054,0.031554677429994626,0.00245,12.879460175508012,0.07764300571398416
0.0014,mixnet_attribution,45,0.3990304499318285,0.3206061365490628,2.0909235960122987,560.5515830934706,0.30523698043543845,2.213377562880475,0.030691026582871483,0.00245,12.52694962566183,0.07982789345232698
0.0014,mixnet_attribution,46,0.4090559063606961,0.33150571696195574,1.9851478612710693,569.8587709841368,0.2320337659039069,1.9322376912199868,0.028350061424836613,0.00245,11.571453642790456,0.08641956584452513
0.0014,mixnet_attribution,47,0.44096149498907394,0.3489061535890443,1.9487278435348263,557.6423027654283,0.2579041207500268,2.021291233593389,0.031914665524986965,0.00245,13.026394091831415,0.07676721531302969
0.0014,mixnet_attribution,48,0.44326486652819447,0.35930120498640206,1.8581710793553314,569.2898684514194,0.25814785572583787,2.035882846918689,0.030495265222953483,0.00245,12.447047029776932,0.08034034077381656
0.0014,mixnet_attribution,49,0.4240889911775988,0.3447761026532442,1.922147631789093,567.7203682393556,0.2738886932784226,2.0876845937228135,0.03216559426336925,0.00245,13.128813985048673,0.07616834248233068
0.0014,mixnet_attribution_oracle,0,0.7151482726994803,0.6536956706075592,0.8518009099224785,565.5979822684194,0.29028077085968107,2.1534949101227854,0.02944194172440163,0.00245,12.01711907118434,0.08321462024936445
0.0014,mixnet_attribution_oracle,1,0.7315921723901622,0.6670988705642792,0.8224190161625378,563.4914337927358,0.2586431753006764,2.0222754314989375,0.03219488100404017,0.00245,13.14076775675109,0.07609905437117617
0.0014,mixnet_attribution_oracle,2,0.764024528730411,0.7045080876975817,0.7298224219584597,560.2550533727004,0.2540413166570943,2.007868746312866,0.030476052297324623,0.00245,12.439205019316173,0.08039098949226689
0.0014,mixnet_attribution_oracle,3,0.7171816870397084,0.6542117085672693,0.8525312018064577,561.8685748994002,0.2647571464185603,2.05870484854279,0.031095937180735382,0.00245,12.692219257443014,0.07878842775376549
0.0014,mixnet_attribution_oracle,4,0.7176037282020445,0.6569292578564732,0.8354733571830935,556.2615754660253,0.22868125478271395,1.91078501240171,0.030921007267535067,0.00245,12.620819292871456,0.07923415879703025
0.0014,mixnet_attribution_oracle,5,0.7782846715328468,0.7244354595663912,0.6780321718215327,562.6788321167883,0.2761346996703651,2.1105467750643343,0.030627836507588522,0.00245,12.501157758199398,0.07999259103374717
0.0014,mixnet_attribution_oracle,6,0.7279636390730944,0.6639088169116037,0.8226613903391824,551.4209820430668,0.2662063181924168,2.0789153534611136,0.032385081478225504,0.00245,13.218400603357349,0.07565211783232001
0.0014,mixnet_attribution_oracle,7,0.7365700157338728,0.6752806696702136,0.7968552756306118,554.4726904922454,0.255128974938998,2.0293805893213106,0.03310937797086388,0.00245,13.5140318248424,0.07399716183602091
0.0014,mixnet_attribution_oracle,8,0.7239563745769086,0.665947393994063,0.8237931162344864,556.6374576908612,0.22732015125802718,1.8940684960473924,0.03318568573828706,0.00245,13.545177852362066,0.07382701142057102
0.0014,mixnet_attribution_oracle,9,0.7304639804639804,0.6675383653180464,0.826913320736441,564.7362637362637,0.2752873763383832,2.079562270325029,0.028882949048504445,0.00245,11.788958795307938,0.0848251331914066
0.0014,mixnet_attribution_oracle,10,0.7255989523149218,0.6667531734617987,0.8202742103952333,570.0778830598567,0.24730791195179336,1.9922494496462022,0.03251316970786483,0.00245,13.270681513414218,0.0753540802700437
0.0014,mixnet_attribution_oracle,11,0.7492654260528894,0.687930297852497,0.7626182772044006,557.5584268816394,0.22706962743541226,1.9143754765992487,0.029975781869556066,0.00245,12.235013007982069,0.08173264706360381
0.0014,mixnet_attribution_oracle,12,0.7008272058823529,0.6346268360830403,0.8965615601605569,566.8088235294117,0.25608475267654285,2.019839447980156,0.029763947228477642,0.00245,12.148549889174548,0.08231435102316945
0.0014,mixnet_attribution_oracle,13,0.7197476728979152,0.6555093454262096,0.8492254262976796,569.2898684514194,0.2733492522093002,2.0858406103193157,0.030013997587198003,0.00245,12.250611260080818,0.08162857989450259
0.0014,mixnet_attribution_oracle,14,0.7144795356900581,0.6500032287077235,0.8649556446593,557.8101303987337,0.21761853015050292,1.8698753763617335,0.03107033184193326,0.00245,12.68176809874827,0.0788533580028721
0.0014,mixnet_attribution_oracle,15,0.7040030499428136,0.6375649172038048,0.9054312491960108,564.2634388105223,0.22923968560644425,1.9001240561995647,0.029865576591503136,0.00245,12.190031261838016,0.08203424409013532
0.0014,mixnet_attribution_oracle,16,0.7456638642732712,0.6888380461225437,0.7601158142295094,560.5092024539878,0.230256609240314,1.9126094848519966,0.03174829167900188,0.00245,12.958486399592605,0.07716950646577354
0.0014,mixnet_attribution_oracle,17,0.7062671128688774,0.6374031591296957,0.904407374310269,562.849710982659,0.2212179002526682,1.887848388274648,0.03074107422161244,0.00245,12.5473772333112,0.07969793060378916
0.0014,mixnet_attribution_oracle,18,0.72206106870229,0.6567368651286861,0.8448376943146376,564.9083969465648,0.25314379439805634,2.0186233821583324,0.03150372699019997,0.00245,12.858664077632643,0.07776857642151781
0.0014,mixnet_attribution_oracle,19,0.7243075525957318,0.6622079019687118,0.8282287957676101,560.0434387770547,0.2568613499170169,2.0274854473110953,0.030823262616767634,0.00245,12.580923517048014,0.07948542081548556
0.0014,mixnet_attribution_oracle,20,0.7159030870254359,0.655857221897629,0.8392018521220656,558.5666088006642,0.2070440390962176,1.8237706593697958,0.030643647587454467,0.00245,12.507611260185497,0.0799513175775795
0.0014,mixnet_attribution_oracle,21,0.7095147115017195,0.6539624784626155,0.8542416332792558,565.5548337791364,0.24204590625595301,1.956348005615037,0.02932430201658484,0.00245,11.96910286391218,0.08354845065414898
0.0014,mixnet_attribution_oracle,22,0.7341868040299977,0.6796840251765737,0.7871444749854641,560.5939701537762,0.216786720440723,1.8801482925209565,0.031825869433430645,0.00245,12.990150789155367,0.07698140046494573
0.0014,mixnet_attribution_oracle,23,0.7225199020208206,0.6611473300479741,0.8328687591241534,566.4623392529088,0.2480899570218753,2.002676167190592,0.03150193714487257,0.00245,12.857933528519418,0.07777299499814332
0.0014,mixnet_attribution_oracle,24,0.679023646071701,0.6141530777315718,0.9585729089716992,564.4782608695652,0.2662309060397092,2.0608713423626863,0.03235290106974491,0.00245,13.205265742753024,0.07572736660364404
0.0014,mixnet_attribution_oracle,25,0.7601428354353442,0.7063812596525847,0.705625240312519,562.2520893481234,0.2393787806504406,1.9372880120075917,0.02956526727127159,0.00245,12.067456029090446,0.08286750725168149
0.0014,mixnet_attribution_oracle,26,0.7184662714789525,0.6539229659950142,0.8614090250625653,555.3032940646807,0.2290726268547587,1.8901613383124531,0.030753814952465933,0.00245,12.552577531618748,0.07966491324041577
0.0014,mixnet_attribution_oracle,27,0.7243155952014765,0.661943619519346,0.8281190461714212,569.0713626576438,0.2798035319428891,2.1313447841041637,0.02926089671175136,0.00245,11.943223147653617,0.08372949141425541
0.0014,mixnet_attribution_oracle,28,0.7087393422655298,0.6446045059518547,0.8694974677271903,563.3629719853836,0.27264643291709945,2.0798983937218556,0.03109436947530018,0.00245,12.691579377673543,0.07879240008214856
0.0014,mixnet_attribution_oracle,29,0.7565543071161048,0.7007601745129617,0.7369698598914969,554.3483146067416,0.2637270091508981,2.0293753693345327,0.03039139022043437,0.00245,12.40464906956505,0.08061493673799379
0.0014,mixnet_attribution_oracle,30,0.7368851849095915,0.6731170335919655,0.8106890373165426,550.6837562318625,0.22677808094886132,1.8988853685824,0.03043517097834692,0.00245,12.422518766672212,0.08049897277538053
0.0014,mixnet_attribution_oracle,31,0.7175239099329769,0.6546340471475549,0.8554259544160291,557.3069508246103,0.24591842474183068,1.970556031801374,0.029531582039452345,0.00245,12.053706954878509,0.08296203016577146
0.0014,mixnet_attribution_oracle,32,0.7226348563283067,0.6597818870905369,0.8399644627332291,555.2201215395004,0.22575887586572208,1.8952558422392434,0.030428317275594873,0.00245,12.4197213369775,0.08051710443958825
0.0014,mixnet_attribution_oracle,33,0.7183657884688812,0.6572371460042783,0.8413104562072512,565.1237113402062,0.24290075854514726,1.9644573726158883,0.029811672877321775,0.00245,12.168029745845622,0.08218257358726604
0.0014,mixnet_attribution_oracle,34,0.7172439759036144,0.651886187143339,0.8601295986216984,557.2650602409639,0.2911869913805276,2.147869523060887,0.030315147065076306,0.00245,12.37352941431686,0.08081768479435984
0.0014,mixnet_attribution_oracle,35,0.7301275760549558,0.6646438828420748,0.8277491412296545,558.6507888578546,0.2541560608369764,2.0125185074632346,0.033503409626290885,0.00245,13.674861071955464,0.07312688551189815
0.0014,mixnet_attribution_oracle,36,0.7275501640344854,0.6688319339673713,0.8224867577540901,564.6072327763791,0.25252082009683363,2.0031458011408296,0.030949266777893343,0.00245,12.632353786895242,0.07916181076541699
0.0014,mixnet_attribution_oracle,37,0.7006286415210058,0.6377832168785669,0.8872578911089007,567.329346826127,0.2862374604737852,2.145833727942982,0.031316794019386925,0.00245,12.782364905872214,0.07823278457185964
0.0014,mixnet_attribution_oracle,38,0.7008696978944157,0.6400285098809416,0.8820136867980223,564.5642355813244,0.25503400099114515,2.0140328911202907,0.02943889338954278,0.00245,12.015874852874605,0.0832232369464772
0.0014,mixnet_attribution_oracle,39,0.6362602365787079,0.5724368168331757,1.0566311723559736,561.1455868971792,0.24345063025248237,1.9664525346008908,0.030703479900710522,0.00245,12.532032612534907,0.0797955152941248
0.0014,mixnet_attribution_oracle,40,0.7203883495145631,0.6585544006678543,0.8373620630838902,552.6952949962658,0.32197499604080804,2.289313345358873,0.02816604225570875,0.00245,11.496343777840307,0.08698417682389967
0.0014,mixnet_attribution_oracle,41,0.7446857493668944,0.6919136256635664,0.7491874368883619,567.8943289079887,0.2520863691752311,1.9990812792337336,0.030885705423263406,0.00245,12.606410376842208,0.07932472211415435
0.0014,mixnet_attribution_oracle,42,0.7351657606615114,0.6780722020206966,0.7892465627800026,566.5922211163005,0.2370668710791506,1.925370242711775,0.0329513758657575,0.00245,13.44954116969694,0.07435197880601999
0.0014,mixnet_attribution_oracle,43,0.7250245783861453,0.6615240208942389,0.8404694181435799,559.6629357936928,0.2582448478497099,2.0328736626476216,0.029052470551544113,0.00245,11.85815124552821,0.08433017755420406
0.0014,mixnet_attribution_oracle,44,0.7361184960121534,0.6755644616596812,0.7986834777259423,562.1241929358147,0.255417527660029,2.011910411470019,0.03169114961490073,0.00245,12.935163108122747,0.07730865019955113
0.0014,mixnet_attribution_oracle,45,0.7091709019191382,0.644398171566769,0.876672776996419,561.3580368656603,0.24510019810986705,1.9741905726996118,0.030571113615963975,0.00245,12.478005557536317,0.08014101255116303
0.0014,mixnet_attribution_oracle,46,0.7254337449806804,0.6615322077364059,0.8351636503419955,560.6787635426926,0.28094376594526693,2.1326701914726858,0.03064555323371604,0.00245,12.50838907498614,0.07994634592873089
0.0014,mixnet_attribution_oracle,47,0.7210349564951916,0.6423028617411262,0.8976060368297866,564.8223172034803,0.26312030901317485,2.041644349695345,0.029862537480410685,0.00245,12.188790808330893,0.0820425927169504
0.0014,mixnet_attribution_oracle,48,0.7176863012660147,0.6531531864268539,0.8578994994820919,561.018194223334,0.2617542162479367,2.04350762293955,0.03221652402115002,0.00245,13.149601641285724,0.07604793112973902
0.0014,mixnet_attribution_oracle,49,0.7139596804868772,0.6505344606992007,0.8614475158712885,562.977938379612,0.24054146170965396,1.965985930607836,0.027678930607075904,0.00245,11.297522696765675,0.08851498039355886
0.0018,mixnet_attribution,0,0.3311278424214769,0.23893603951489736,2.5353361297475034,562.8069815195072,0.24129790053120814,1.9587111297481328,0.028589152497541535,0.00315,9.075921427790963,0.11018165020004975
0.0018,mixnet_attribution,1,0.30461960664735477,0.23286319336991707,2.5396079796274957,564.1346241805153,0.2620681570842862,2.04916316516692,0.03178077556535164,0.00315,10.089135100111632,0.09911652387219352
0.0018,mixnet_attribution,2,0.34960773859395233,0.2868755079659946,2.2423113656028897,563.6628075253257,0.23494286756613292,1.921767974035678,0.030386782862895652,0.00315,9.646597734252587,0.10366349126897426
0.0018,mixnet_attribution,3,0.2989401968205905,0.23986846424292205,2.5420552206065214,560.2127176381529,0.2118094117322471,1.8472125168404487,0.03297661948041706,0.00315,10.468768089021289,0.09552222300623041
0.0018,mixnet_attribution,4,0.3317589700617049,0.2630291587994961,2.4571115067278115,563.7485335567914,0.21021120640216395,1.849130370081982,0.0307363110583578,0.00315,9.757559066145333,0.1024846473612016
0.0018,mixnet_attribution,5,0.34014798993058204,0.2614679305790826,2.348546965732279,564.5212449462201,0.2571106298419181,1.9913570096763407,0.032125253305440485,0.00315,10.19849311283825,0.09805370155529763
0.0018,mixnet_attribution,6,0.3156967840735069,0.2462863792847935,2.493622805894335,566.635528330781,0.24545399160706438,1.9716766975847317,0.02879163114437857,0.00315,9.140200363294785,0.10940679200160644
0.0018,mixnet_attribution,7,0.3240915615320692,0.25008001061537993,2.429656713512571,559.0720707108861,0.24646934628253803,1.9574156109889698,0.029698882629331902,0.00315,9.428216707724413,0.10606459641309615
0.0018,mixnet_attribution,8,0.3788919413919414,0.3012577350586706,2.1115527553672213,564.7362637362637,0.29021275709965266,2.165957769619522,0.02910467274296324,0.00315,9.239578648559759,0.10823004360224558
0.0018,mixnet_attribution,9,0.29142900600806143,0.22686764569215565,2.6068664804047565,562.8069815195072,0.23324413879890926,1.9234417038649476,0.032454752043580073,0.00315,10.303095886850818,0.09705820570652324
0.0018,mixnet_attribution,10,0.322954822954823,0.2453765795212235,2.483817708977423,564.7362637362637,0.2443896361219231,1.966461741779948,0.02868876448781851,0.00315,9.107544281847145,0.10979908184395729
0.0018,mixnet_attribution,11,0.35377900298644616,0.2653130784086886,2.2973038308742266,566.6788421778084,0.2668430164922029,2.068942352883607,0.03180164639775775,0.00315,10.095760761192938,0.0990514755305907
0.0018,mixnet_attribution,12,0.3586683894504826,0.2813901466622578,2.2995515015738937,562.4653796458159,0.3128918961447198,2.2254749311451176,0.0312578636271754,0.00315,9.923131310214412,0.10077464146530504
0.0018,mixnet_attribution,13,0.49027534131645184,0.4279190368285485,1.706265564497409,564.4352833498589,0.30918158890563063,2.220026846603667,0.031175796939808775,0.00315,9.897078393590087,0.10103991907830669
0.0018,mixnet_attribution,14,0.3413654618473896,0.26883315748940545,2.307117548924579,560.7635826324165,0.23827724682632834,1.9489853758489148,0.02973521247673867,0.00315,9.43974999261545,0.10593500895492808
0.0018,mixnet_attribution,15,0.36295340719380786,0.2841677150981251,2.2448643241321635,561.57064804978,0.24108171899570152,1.9665127397521487,0.0281886734907644,0.00315,8.948785235163301,0.11174701076416564
0.0018,mixnet_attribution,16,0.4428163510670273,0.35895327544917105,1.8627684878561146,556.0946798917944,0.29132953443331644,2.156470436352879,0.029658489847981986,0.00315,9.415393602533964,0.10620904894840191
0.0018,mixnet_attribution,17,0.36626267245979116,0.29338770156060584,2.1910067887208955,564.0916990624286,0.28819212107919157,2.1571551987830904,0.03230594358384436,0.00315,10.255855105982336,0.09750527768442152
0.0018,mixnet_attribution,18,0.36380794202023253,0.29396977258216006,2.1989212537115606,558.6928884191454,0.3120739517326001,2.2386316782089355,0.03105529126703495,0.00315,9.85882262445554,0.10143199021751603
0.0018,mixnet_attribution,19,0.4002128791910591,0.3276522023143108,2.0257981669079466,562.6361286398541,0.2525789425999392,1.9989392470776426,0.03078197502834287,0.00315,9.772055564553291,0.10233261501575516
0.0018,mixnet_attribution,20,0.3303284950343774,0.25590534622059435,2.4113247835735416,565.3391902215432,0.2620387079368811,2.043612203980217,0.032788957391883096,0.00315,10.40919282282003,0.09606892840026021
0.0018,mixnet_attribution,21,0.3256009156810378,0.24624352508506178,2.4656679435730955,564.6932468523464,0.24419992245384492,1.9698630050757107,0.031052774959229867,0.00315,9.85802379658091,0.10144020958306402
0.0018,mixnet_attribution,22,0.3055534100563837,0.22473125074574732,2.597813456166584,571.5723333590794,0.23483550123637542,1.945666874972946,0.02946274114331558,0.00315,9.35325115660812,0.10691469557015956
0.0018,mixnet_attribution,23,0.32203517210281074,0.2543003465485365,2.4371341476891977,556.1781151360289,0.22370005736593157,1.9007160749978236,0.030728091703562388,0.00315,9.754949747162662,0.10251206063781736
0.0018,mixnet_attribution,24,0.3120323256510027,0.2424978242646984,2.4847060598082185,553.7686321460641,0.28045458663837053,2.105472871461939,0.03178536428102004,0.00315,10.090591835244457,0.0991022148480128
0.0018,mixnet_attribution,25,0.3655130540376442,0.27961629029834206,2.3235445637112013,561.655737704918,0.2228756238182541,1.8851861438494155,0.030872066875827393,0.00315,9.800656151056316,0.10203398472379015
0.0018,mixnet_attribution,26,0.30400485436893204,0.2355374634500006,2.5291295950570474,561.3155339805825,0.2578217246045824,2.0214579488315163,0.032099734599388,0.00315,10.19039193631365,0.09813165246730907
0.0018,mixnet_attribution,27,0.3775877587758776,0.29344165401698186,2.239432378206201,555.095409540954,0.2153030340850819,1.8475470549063036,0.029991756952571086,0.00315,9.5211926833559,0.10502885859542689
0.0018,mixnet_attribution,28,0.3806572068707991,0.29731822606571756,2.1812047504671357,552.6952949962658,0.26638030365575105,2.057194276746302,0.03372356692602738,0.00315,10.705894262230915,0.09340648950063682
0.0018,mixnet_attribution,29,0.3285389856169568,0.2537581688789097,2.4825077918267935,560.2127176381529,0.29057983509846963,2.170623002588694,0.03210134049459094,0.00315,10.190901744314584,0.09812674335300028
0.0018,mixnet_attribution,30,0.34099181073703366,0.2663800983085025,2.3600943370382232,561.1455868971792,0.24805058288620785,2.0005069989875617,0.03178214369374698,0.00315,10.089569426586344,0.09911225719553181
0.0018,mixnet_attribution,31,0.3130481612555778,0.24004797496160768,2.523523130145294,569.3335897830435,0.2588166364294011,2.0343055756948223,0.03202133804598997,0.00315,10.165504141584117,0.09837190424322304
0.0018,mixnet_attribution,32,0.33497612813799477,0.26157259383249915,2.3537608302679005,569.8587709841368,0.2457160708727315,1.9595857008461401,0.02999093153486935,0.00315,9.52093064599027,0.10503174922518199
0.0018,mixnet_attribution,33,0.3683929117018026,0.28387385215359856,2.249574797560841,565.2529789184234,0.23130087900790386,1.9207689509244847,0.030761948847805524,0.00315,9.765698046922388,0.10239923405323238
0.0018,mixnet_attribution,34,0.41332012497142423,0.33151206449031434,1.980571729304817,563.9200640097539,0.29606916662305593,2.186405158033116,0.030473955135153552,0.00315,9.674271471477319,0.10336695666937845
0.0018,mixnet_attribution,35,0.3064923147510897,0.2311772833354507,2.58081829412219,565.9002064693738,0.2585706243116874,2.0213093314536996,0.03150706224438899,0.00315,10.002241982345712,0.09997758520190105
0.0018,mixnet_attribution,36,0.38144093101600185,0.3008692540027837,2.1285042697218888,566.5922211163005,0.2719265043560881,2.077168766750681,0.029600165454642932,0.00315,9.396877922108867,0.106418324074128
0.0018,mixnet_attribution,37,0.34599604923263944,0.2771561249291342,2.3255704475165113,562.2520893481234,0.23964308359427378,1.95334999516145,0.031859103501699154,0.00315,10.114001111650525,0.09887283864820615
0.0018,mixnet_attribution,38,0.3514855266172764,0.2775729291108895,2.2811941776938145,565.2098831436646,0.2524333066830877,2.003619495948195,0.03011902845391605,0.00315,9.561596334576524,0.10458504678594438
0.0018,mixnet_attribution,39,0.3886029968215529,0.30441170203633927,2.249707732387966,560.0434387770547,0.23859975280356593,1.9425929156120088,0.03017132281751921,0.00315,9.578197719847369,0.10440377503670235
0.0018,mixnet_attribution,40,0.3406452585557063,0.2705689534212385,2.3190070695968688,557.8521031207598,0.25314965113648213,2.002530498669236,0.027725021078186588,0.00315,8.801593993075107,0.11361578377584527
0.0018,mixnet_attribution,41,0.3477639984968057,0.27188217300204837,2.320758005702043,556.2198421645998,0.25279468679218553,2.0119395826601645,0.030048512487568735,0.00315,9.539210313513884,0.1048304804207255
0.0018,mixnet_attribution,42,0.3386505876965349,0.268085208606646,2.3456403677597626,564.8223172034803,0.25912890245672315,2.0121874752749953,0.02992914746098188,0.00315,9.501316654279963,0.10524857094932628
0.0018,mixnet_attribution,43,0.4068360556563823,0.33223261049355995,2.0960016966204655,559.6206896551724,0.2603618463908788,2.024321557954237,0.031021621371600708,0.00315,9.84813376876213,0.10154208132021504
0.0018,mixnet_attribution,44,0.37214027694160146,0.2839630197436237,2.3034357970589454,556.9301625526791,0.23797858075704426,1.9658467949522835,0.030225110399266033,0.00315,9.595273142624137,0.1042179816182406
0.0018,mixnet_attribution,45,0.36433873655506743,0.28901378244214754,2.1584831130397446,560.5515830934706,0.26332990371156484,2.0263696549274757,0.03002601001155496,0.00315,9.532066670334908,0.10490904381860194
0.0018,mixnet_attribution,46,0.42201694785861515,0.3489923415569967,1.851541757879664,564.9514466753187,0.28903946495847777,2.134592814665811,0.030113035517354027,0.00315,9.559693815033025,0.10460586074707304
0.0018,mixnet_attribution,47,0.3588213071401587,0.28936819272097747,2.3145457580525997,559.1564034756328,0.24932301690569147,2.000530263359914,0.03231127714681096,0.00315,10.257548300574907,0.09748918266794344
0.0018,mixnet_attribution,48,0.35792554788351844,0.2745316335392412,2.344516596909056,555.4280996697688,0.21867968729929999,1.8875996494884815,0.029524874191037827,0.00315,9.372975933662802,0.1066897010167844
0.0018,mixnet_attribution,49,0.4662776598969385,0.37924910128411743,1.7857005182472743,560.806001818733,0.3268214899871964,2.324588236382563,0.03158874550270641,0.00315,10.028173175462353,0.09971905974329114
0.0018,mixnet_attribution_oracle,0,0.6753266369609546,0.6058885112553888,0.9834419663593822,558.9034816101503,0.25461842081858777,2.0067115206221917,0.03144949683010013,0.00315,9.983967247650835,0.10016058498542188
0.0018,mixnet_attribution_oracle,1,0.6314369237688329,0.5570481566403632,1.1332798375096904,554.7216100742073,0.24965590704232454,1.980555137677641,0.029997669819498543,0.00315,9.523069783967792,0.10500815626527411
0.0018,mixnet_attribution_oracle,2,0.651543603996094,0.5812826538478232,1.0649709999916472,555.8862014572222,0.34900385155924596,2.396603879850732,0.02841912907156981,0.00315,9.02194573700629,0.11084083513140541
0.0018,mixnet_attribution_oracle,3,0.6703129747797022,0.5976426630646964,1.0091832178477034,562.1668185961714,0.25702746713068336,2.012903713926759,0.030728795171217474,0.00315,9.75517307022777,0.10250971385140699
0.0018,mixnet_attribution_oracle,4,0.6626774069812045,0.5978525727989974,1.0146754371219016,567.7203682393556,0.21630652184830979,1.8644413706221474,0.030102785975041593,0.00315,9.556439992076696,0.10464147745699301
0.0018,mixnet_attribution_oracle,5,0.7057518739482943,0.6563823476791742,0.8410056796805946,566.0298301973382,0.25077636845526285,2.00173780996068,0.03024334778862547,0.00315,9.601062790039832,0.10415513593322218
0.0018,mixnet_attribution_oracle,6,0.674280114578622,0.6050642128865973,0.9909601168459489,557.8521031207598,0.24872548566781916,1.9666430260645473,0.03142507112211046,0.00315,9.976213054638242,0.10023843662150639
0.0018,mixnet_attribution_oracle,7,0.6623485483502248,0.5941401880395673,1.0192799253030886,563.9200640097539,0.24576331215212122,1.9900923094091092,0.029016988125933545,0.00315,9.211742262201126,0.10855709718489803
0.0018,mixnet_attribution_oracle,8,0.6745231818886649,0.6030333799874157,0.9961364069071956,573.7399596836719,0.2792350039817393,2.1212320204292903,0.03323168604968192,0.00315,10.549741603073626,0.0947890514881098
0.0018,mixnet_attribution_oracle,9,0.6859598418010344,0.6213973120967817,0.956004822414783,562.849710982659,0.22814110608305782,1.9088526693949026,0.03097092477952802,0.00315,9.832039612548577,0.10170829648852366
0.0018,mixnet_attribution_oracle,10,0.6775661937637508,0.6178395221011302,0.9490285675665903,561.4430619831576,0.2832264263415709,2.1354242383348767,0.031760561332308763,0.00315,10.082717883272624,0.0991796072821808
0.0018,mixnet_attribution_oracle,11,0.6510046604018641,0.580648002361648,1.0633454828465265,565.3823057529223,0.2532327212684322,2.0109785814422727,0.03101086885605544,0.00315,9.84472027176363,0.10157728938913316
0.0018,mixnet_attribution_oracle,12,0.6724910734634961,0.6093469836692668,0.984474223047854,562.2094507331155,0.2729897362587508,2.0826958313442776,0.029373880051162468,0.00315,9.325041286083323,0.1072381311053709
0.0018,mixnet_attribution_oracle,13,0.694958808857985,0.6299013596278595,0.9328979446824295,559.3251454916484,0.2361663295305334,1.9362359468851111,0.030117028362613825,0.00315,9.56096138495677,0.10459199234643929
0.0018,mixnet_attribution_oracle,14,0.6794622852875281,0.6104852882589575,0.9864745570790717,552.6952949962658,0.24553615375771187,1.9797982950015207,0.03181845215170658,0.00315,10.101095921176693,0.09899915888369352
0.0018,mixnet_attribution_oracle,15,0.6587087087087087,0.5932829488503266,1.0254014895383685,555.5945945945946,0.22201001751818694,1.8762870869801729,0.03376486399323969,0.00315,10.719004442298315,0.09329224606474601
0.0018,mixnet_attribution_oracle,16,0.6713096139288418,0.6033956214742311,0.995838322280826,560.2127176381529,0.23085925780469552,1.9257586144373446,0.031551662485833715,0.00315,10.01640078915356,0.09983626065391353
0.0018,mixnet_attribution_oracle,17,0.6687927107061503,0.6074753974097281,0.9831838958127107,561.9111617312072,0.23489041355787776,1.928162470138227,0.03235216838927579,0.00315,10.270529647389141,0.0973659620615777
0.0018,mixnet_attribution_oracle,18,0.6827663551401869,0.6138967777043651,0.9764768414035971,553.3140186915888,0.25808820777456276,2.023872109715742,0.029680123025785952,0.00315,9.422261278027287,0.1061316355482521
0.0018,mixnet_attribution_oracle,19,0.6702904177667339,0.5990589619753834,1.0266380390585548,574.6294455660817,0.23200193003867753,1.924653032992878,0.030503303680962195,0.00315,9.683588470146729,0.10326750285628854
0.0018,mixnet_attribution_oracle,20,0.6603532506576475,0.5937288280778311,1.0229303305933022,556.2198421645998,0.26218356427852996,2.0214596144643133,0.028905904274498885,0.00315,9.176477547459964,0.10897427633076906
0.0018,mixnet_attribution_oracle,21,0.6702613644873812,0.6017180760378273,1.0100732496367124,554.2239946079533,0.31440815396490507,2.2639859220292102,0.030903419380247505,0.00315,9.8106093270627,0.10193046799259312
0.0018,mixnet_attribution_oracle,22,0.680171555487478,0.6162423239813742,0.9625684278266576,566.7654897755993,0.23696909521822818,1.9448371613802513,0.03169844726941724,0.00315,10.062999133148331,0.09937395271216107
0.0018,mixnet_attribution_oracle,23,0.5903770142900577,0.507969346086282,1.2947964645294112,562.508057160231,0.24585713128908537,1.970863345067166,0.030141451297041818,0.00315,9.568714697473593,0.10450724382701344
0.0018,mixnet_attribution_oracle,24,0.6746987951807228,0.6034627898717831,0.9964382938516828,553.8099977549952,0.25855145789682865,2.011197854553599,0.030979506675073716,0.00315,9.834764023832925,0.10168012141182699
0.0018,mixnet_attribution_oracle,25,0.6692178172355733,0.6031256084653743,1.0033250100055213,566.3757844787999,0.23976203298661858,1.9696685262297469,0.03321910888022645,0.00315,10.54574885086554,0.09482493980670943
0.0018,mixnet_attribution_oracle,26,0.6852574401346492,0.6248504214251843,0.940451913953991,566.1595134266697,0.27124641902628355,2.0873604823027287,0.03127610526468963,0.00315,9.928922306250676,0.10071586514182489
0.0018,mixnet_attribution_oracle,27,0.6794144696505211,0.6102614169602814,0.9876434595381639,567.1557326793378,0.23550596364657395,1.9292078969504007,0.032048137131681344,0.00315,10.174011787835347,0.09828964432650446
0.0018,mixnet_attribution_oracle,28,0.6806026365348399,0.6099386549828544,0.9977602923184841,557.4745762711865,0.27717833351925947,2.1014106080474004,0.031489768537913694,0.00315,9.996751916797997,0.10003249138549236
0.0018,mixnet_attribution_oracle,29,0.6449390567037626,0.5782613489095396,1.0656621383060905,560.2550533727004,0.24309999158140272,1.9527924399425212,0.03215906088659655,0.00315,10.20922567828462,0.09795062147828068
0.0018,mixnet_attribution_oracle,30,0.69149176258181,0.6209974975876252,0.9544915581868006,556.7210561949898,0.24542785715311766,1.9702410878147416,0.030607024266190386,0.00315,9.71651564006044,0.10291755162489294
0.0018,mixnet_attribution_oracle,31,0.700550711335475,0.630081224848654,0.9338839716513335,566.0298301973382,0.2420138681482058,1.96671901434952,0.03153993028656187,0.00315,10.012676281448213,0.09987339767019433
0.0018,mixnet_attribution_oracle,32,0.6739707331867465,0.5991328829609669,1.0194049583059006,561.1031162332247,0.2477062227553688,1.9906515755923726,0.03156903879642871,0.00315,10.021917078231336,0.09978130852550215
0.0018,mixnet_attribution_oracle,33,0.7016292514453037,0.6372857715007938,0.9070687927932578,555.6362339514978,0.2830220001633279,2.128727631805088,0.03370562742526975,0.00315,10.700199182625317,0.0934562042194291
0.0018,mixnet_attribution_oracle,34,0.6837029161603888,0.6120901465431268,0.9790486715781587,561.9963547995139,0.27114434802206233,2.088637149293629,0.029996530871524055,0.00315,9.52270821318224,0.1050121433538943
0.0018,mixnet_attribution_oracle,35,0.695629199063939,0.6339179149713251,0.9174877436043181,558.6507888578546,0.2659627854300197,2.0571663103042783,0.03266251670369827,0.00315,10.369052921808974,0.09644082324015577
0.0018,mixnet_attribution_oracle,36,0.6959969207082372,0.6317196015827219,0.9213709637528209,569.6836027713625,0.2876697790925391,2.1439149558384996,0.033709555493342626,0.00315,10.701446188362738,0.09344531406301398
0.0018,mixnet_attribution_oracle,37,0.7009926498446617,0.6317034987112894,0.9300256034928371,560.7635826324165,0.21790012103156187,1.8691521983493407,0.03126079054673694,0.00315,9.9240604910276,0.10076520602671717
0.0018,mixnet_attribution_oracle,38,0.6236762481089259,0.55734143710556,1.1339255990957309,559.7897125567322,0.2273978765879292,1.8825903006423421,0.03158135200314564,0.00315,10.025826032744646,0.0997424049384031
0.0018,mixnet_attribution_oracle,39,0.6787381418461075,0.6066829095953615,1.0007335691158756,557.1812979972896,0.2512600870686583,2.009355492988512,0.03327209642390167,0.00315,10.562570293302118,0.09467392615925262
0.0018,mixnet_attribution_oracle,40,0.6739048480735882,0.6039290624381606,0.9910735502703812,557.9780592626103,0.24748088748310693,1.973695696874962,0.03372271841175856,0.00315,10.705624892621763,0.09340883974827031
0.0018,mixnet_attribution_oracle,41,0.6568011505563546,0.5843467629771214,1.058551704755563,560.1703883127697,0.2665900638967287,2.0585697435110064,0.029965792019984436,0.00315,9.512949847614106,0.10511986460759118
0.0018,mixnet_attribution_oracle,42,0.6749020789394395,0.600086050466237,1.011458922631137,557.4326604398915,0.2636929788568523,2.0483183583423172,0.033131203055746336,0.00315,10.51784223991947,0.09507653539474047
0.0018,mixnet_attribution_oracle,43,0.6722339782345829,0.6039809565839115,0.9940050277955736,559.2829504232164,0.26948529999936,2.0594183517940556,0.031050011049534147,0.00315,9.857146364931475,0.10144923926032742
0.0018,mixnet_attribution_oracle,44,0.6735418555454821,0.6102425931250374,0.9758075930042147,559.114233907525,0.28646161913638934,2.146648114130693,0.030480179740630893,0.00315,9.67624753670822,0.10334584726221172
0.0018,mixnet_attribution_oracle,45,0.6726379440665154,0.5982857662271636,1.0285232443325019,559.3673469387755,0.24524174944963306,1.9772169677704818,0.030126665780928662,0.00315,9.564020882834496,0.10455853372244303
0.0018,mixnet_attribution_oracle,46,0.6677539255101267,0.5990194371859927,1.0246384620470217,561.3580368656603,0.26496908464469016,2.0786060457219557,0.0299596414593429,0.00315,9.510997288680285,0.10514144517632984
0.0018,mixnet_attribution_oracle,47,0.6641640866873065,0.6008135115519613,1.0073510181300465,572.7647058823529,0.23619154261541553,1.9523222429564595,0.030406342237127654,0.00315,9.652807059405605,0.10359680804203057
0.0018,mixnet_attribution_oracle,48,0.667098445595855,0.5975111706955638,1.0186684428910577,563.8771715940262,0.24524649669183418,1.9756715241957825,0.030597801644377552,0.00315,9.71358782361192,0.10294857246970954
0.0018,mixnet_attribution_oracle,49,0.6740600075958982,0.6122515052740933,0.9833110246052009,562.1241929358147,0.2550519934738986,2.015495700503231,0.03033166726825339,0.00315,9.62910072008044,0.10385185793254907
0.0026,mixnet_attribution,0,0.2556107847567405,0.1930338210323955,2.842549151276989,557.3488477180298,0.2350204550602939,1.9192305605628475,0.031745685104767093,0.00455,6.977073649399361,0.14332656501140525
0.0026,mixnet_attribution,1,0.31388192386596764,0.2302672769699571,2.56231913780929,562.2947344426715,0.27287133372738026,2.0840470693754165,0.030771765523621517,0.00455,6.763025389806926,0.14786281913227423
0.0026,mixnet_attribution,2,0.31054087277197295,0.24874877365423834,2.405644438074415,568.5476336816226,0.2888889974274207,2.132040872971514,0.02694907970562618,0.00455,5.9228746605771825,0.16883693431097363
0.0026,mixnet_attribution,3,0.26709531013615734,0.20039354743164023,2.7248613889382454,559.7897125567322,0.2744258532184176,2.0971046551765937,0.031401803721014906,0.00455,6.901495323299979,0.14489613528012155
0.0026,mixnet_attribution,4,0.23751336489995417,0.17320486657299755,2.898824003655422,565.1667939514282,0.2804516713076737,2.108079817406052,0.03074912427127067,0.00455,6.758049290389158,0.1479716937581578
0.0026,mixnet_attribution,5,0.2748574071219362,0.2098367913218598,2.7066223335669233,570.3849236935409,0.25478845118777826,2.015856842746403,0.03191537001580778,0.00455,7.01436703644127,0.14256453858270707
0.0026,mixnet_attribution,6,0.25024780785360273,0.184676523689779,2.9052662412917027,564.2634388105223,0.2449209715705365,1.9661817353168316,0.0296508225186625,0.00455,6.5166642898159335,0.15345274139144668
0.0026,mixnet_attribution,7,0.27700575815738965,0.2132114804360148,2.653015094274518,568.1554702495201,0.2508734440780245,2.0004257968694352,0.030001433063361612,0.00455,6.5937215523871675,0.1516594220812924
0.0026,mixnet_attribution,8,0.2713172486138169,0.20418800385531055,2.7521392671059766,554.5141615465308,0.2665712930902373,2.057447888915409,0.03188069269213808,0.00455,7.006745646623753,0.14271960913578427
0.0026,mixnet_attribution,9,0.33277668134203736,0.2517982907438652,2.444529705739453,561.7408531956885,0.2823431207507383,2.119171583100538,0.03135689070343621,0.00455,6.8916243304255405,0.1451036725239277
0.0026,mixnet_attribution,10,0.27763904653802496,0.20629970448016885,2.738814908081022,560.0011350737798,0.2344463465269655,1.9375334381425438,0.031479986260234016,0.00455,6.918678298952531,0.1445362765531962
0.0026,mixnet_attribution,11,0.2674525413349663,0.18543552862051607,2.887951325026992,566.4623392529088,0.23618674522731453,1.9396118799321824,0.030634346616064782,0.00455,6.732823432102149,0.1485260990555601
0.0026,mixnet_attribution,12,0.2968714662646061,0.22127305956063387,2.645871185027969,557.894082171127,0.2336865671677515,1.9390411266750784,0.032470307124487396,0.00455,7.136331236151076,0.14012802473828864
0.0026,mixnet_attribution,13,0.2920525844039438,0.21936388469497065,2.5946686670229218,552.7777113833283,0.26756048426614143,2.076628912728098,0.029713528311277302,0.00455,6.530445782698308,0.153128903182902
0.0026,mixnet_attribution,14,0.28150810645457325,0.2079639764386093,2.75963135087159,565.9434077699602,0.21991115863784216,1.8783349422280615,0.03029434860231799,0.00455,6.6580985939160415,0.15019302972079268
0.0026,mixnet_attribution,15,0.32251132089953183,0.24657780232692703,2.4169185396177855,567.9813492977205,0.2773087338428013,2.104042810103863,0.030890756796218458,0.00455,6.78917731785021,0.14729325118240535
0.0026,mixnet_attribution,16,0.22572538268220244,0.17443772091018664,3.003926334205281,563.5771076079507,0.2627131104527507,2.052777734012528,0.031063629603540508,0.00455,6.827171341437474,0.14647354665474796
0.0026,mixnet_attribution,17,0.29922211313344915,0.21790646130402103,2.66696222421428,558.9034816101503,0.2615510791365523,2.035878133252413,0.031283592236812374,0.00455,6.875514777321401,0.14544365511342633
0.0026,mixnet_attribution,18,0.473221117061974,0.3575824176849597,2.0543503606672253,566.2027543993879,0.27983534755185246,2.0971055509874166,0.03543396621351762,0.00455,7.787684882091784,0.12840786641220625
0.0026,mixnet_attribution,19,0.28418432762651785,0.2071850121867596,2.7566233839668075,558.1460894486763,0.24773846159223467,1.9887563089615385,0.03436569105055401,0.00455,7.552899131989892,0.13239949091396636
0.0026,mixnet_attribution,20,0.25741670470104977,0.19387469614570316,2.8384856660921955,562.9351894112277,0.2078255640808493,1.829530300797149,0.03086898617261805,0.00455,6.78439256541056,0.14739713104138227
0.0026,mixnet_attribution,21,0.28523086178372686,0.22209359731400805,2.5801648232427805,556.512107083772,0.2687456687563099,2.080255069905655,0.029663120897606643,0.00455,6.519367230243218,0.15338911963127638
0.0026,mixnet_attribution,22,0.2683111954459203,0.2003271687085511,2.813816323887401,561.6982922201139,0.24805012872093357,1.9813065740911782,0.03108991860765438,0.00455,6.832949144539423,0.14634969159680541
0.0026,mixnet_attribution,23,0.35133741065507335,0.25598084489063183,2.4062369762017712,545.3371895954609,0.2529403168009594,2.002044195762732,0.03038506169262767,0.00455,6.678035536841246,0.14974463590126486
0.0026,mixnet_attribution,24,0.256613361231505,0.19286615073183214,2.819744040137555,553.0251083545061,0.22949826490366831,1.9175841641020588,0.028836543128554964,0.00455,6.337701786495597,0.1577859031062024
0.0026,mixnet_attribution,25,0.3226200473318574,0.24778973221795092,2.4693159048151214,564.9514466753187,0.24538212237530388,1.964565505030515,0.029993123725398196,0.00455,6.59189532426334,0.15170143802484493
0.0026,mixnet_attribution,26,0.28406238113351084,0.22194740135753227,2.5681738156105323,562.977938379612,0.24980930300080217,1.997098202393087,0.031829328937865824,0.00455,6.99545690942106,0.14294991920445685
0.0026,mixnet_attribution,27,0.2854669978174155,0.2165115452046348,2.698937185071173,556.9720027094152,0.2743125908600632,2.098361565627377,0.03101443348215271,0.00455,6.81635900706653,0.14670588784471278
0.0026,mixnet_attribution,28,0.3088012139605463,0.23237496817672362,2.527578886684333,561.4855842185129,0.27800794955692254,2.116020692757412,0.03549358595978436,0.00455,7.800788123029529,0.12819217548644793
0.0026,mixnet_attribution,29,0.2967984068627451,0.22855545793967597,2.5318639039035737,566.8088235294117,0.2825950085243676,2.130125168811017,0.030395253731044916,0.00455,6.680275545284597,0.14969442401307378
0.0026,mixnet_attribution,30,0.2851149898868829,0.22123710190015103,2.5932670215600666,554.3897670237471,0.2520937229273841,2.0102471979740595,0.03249804408386782,0.00455,7.1424272711797405,0.14000842599197044
0.0026,mixnet_attribution,31,0.3329077801141484,0.2584986426689587,2.436986090662819,555.7611895464104,0.264427069487283,2.053549283290902,0.030014062513696108,0.00455,6.596497255757386,0.15159560615707154
0.0026,mixnet_attribution,32,0.2751281652943918,0.2058927615358247,2.7833950122843305,574.8076743824763,0.24277621309738606,1.9554339090118633,0.028754770506849683,0.00455,6.319729781725204,0.1582346135892875
0.0026,mixnet_attribution,33,0.2784743991640543,0.21234767015387374,2.68498599759555,552.3658755038066,0.2543950784893241,2.0219684404411398,0.031065404969544845,0.00455,6.827561531768097,0.14646517579476656
0.0026,mixnet_attribution,34,0.2927093825056171,0.22871681656968118,2.595064624501459,573.3405903773146,0.25462983187753707,2.006454304058063,0.03219047676488941,0.00455,7.074830058217453,0.14134615132394518
0.0026,mixnet_attribution,35,0.28829235280848187,0.21495805929325046,2.6289349267075375,556.4703361154974,0.26134030826506205,2.051669362985799,0.03151234237106539,0.00455,6.925789532102284,0.14438787020090918
0.0026,mixnet_attribution,36,0.29088014555378666,0.22349473334953449,2.6837202502398765,561.018194223334,0.24043519908445887,1.9580663261152287,0.0324355084873246,0.00455,7.128683184027384,0.14027836196180135
0.0026,mixnet_attribution,37,0.35602134146341463,0.26726144038929084,2.3355386363024166,564.0487804878048,0.2425864468095824,1.9627253032711807,0.031105078358412662,0.00455,6.8362809578928925,0.14627836482428952
0.0026,mixnet_attribution,38,0.2825955582414262,0.2086337544634513,2.6911358107331713,559.0299138842726,0.2546744178980589,2.008696669800151,0.03148963459944303,0.00455,6.920798813064402,0.14449199102743726
0.0026,mixnet_attribution,39,0.29837904279019745,0.21368833286487984,2.730769060902579,568.5040331873704,0.2337797108630184,1.9164055587375168,0.03024260925327176,0.00455,6.646727308411376,0.15044998141183086
0.0026,mixnet_attribution,40,0.2799846331156358,0.1994439840060457,2.818848480161431,568.5912408759124,0.23918133325059898,1.953373062473077,0.029143625853603573,0.00455,6.405192495297488,0.1561233328637932
0.0026,mixnet_attribution,41,0.29572508796885527,0.2194117495288676,2.6251645861792583,554.0583214793741,0.26954129166551866,2.071221787448964,0.030663074002596016,0.00455,6.739137143427695,0.14838694905849248
0.0026,mixnet_attribution,42,0.3034304796599879,0.23315801612891832,2.5368263878295796,561.655737704918,0.2640032166673336,2.033967657102254,0.029851326506283565,0.00455,6.560731100282101,0.15242203722646117
0.0026,mixnet_attribution,43,0.28456748443244057,0.2161284355113385,2.6415265468759945,555.2201215395004,0.25152672838885337,2.004924103420689,0.030597230585775483,0.00455,6.724666062807798,0.14870626892994934
0.0026,mixnet_attribution,44,0.32007707129094415,0.2500440426887813,2.443447524293942,570.3410404624277,0.29780229600146413,2.177177325483192,0.03163303274501747,0.00455,6.952314889014828,0.1438369832154861
0.0026,mixnet_attribution,45,0.27915928862883976,0.21892469477370377,2.668776869547266,569.7273847101394,0.24549011609633453,1.9823581639341619,0.03181041498567101,0.00455,6.991299996850771,0.14303491488713824
0.0026,mixnet_attribution,46,0.2690106911609697,0.2048085222463418,2.809670540442247,557.1812979972896,0.23752874313504435,1.923362853484544,0.029917646468222203,0.00455,6.575306916092791,0.15208415557797636
0.0026,mixnet_attribution,47,0.34353819206458003,0.26197105545072796,2.4236602238669986,563.5771076079507,0.289470976422308,2.137573553054484,0.030386641665616405,0.00455,6.678382783651957,0.14973684983255295
0.0026,mixnet_attribution,48,0.3259136712287562,0.2546184893331335,2.3907425134347893,556.512107083772,0.2950601736083627,2.1673904057614397,0.030252991847668862,0.00455,6.6490091972898595,0.1503983481339747
0.0026,mixnet_attribution,49,0.2894173421012387,0.22194335033490512,2.584026667056209,565.8570117755008,0.2616928033530712,2.0234553652296587,0.02993540951855758,0.00455,6.579210883199467,0.1519939119984098
0.0026,mixnet_attribution_oracle,0,0.5874141876430206,0.505524557381636,1.3121395050738769,564.4782608695652,0.26704357034759596,2.0639301269977635,0.030603523621585096,0.00455,6.7260491476011195,0.14867569029831654
0.0026,mixnet_attribution_oracle,1,0.5991176023124904,0.5218081165028176,1.2619757842859876,562.9351894112277,0.32065033115213737,2.272322381261021,0.03190805832150206,0.00455,7.012760070659793,0.14259720708025242
0.0026,mixnet_attribution_oracle,2,0.5976958876935988,0.522896769281481,1.2500184058044355,564.6072327763791,0.24377820099471137,1.9649519568939788,0.03142632663508815,0.00455,6.906884974744648,0.1447830684391802
0.0026,mixnet_attribution_oracle,3,0.6757005052824988,0.5884571595626172,1.0826394179180303,566.5489205328433,0.2824642183841206,2.13485927238448,0.033002966173415256,0.00455,7.253399158992363,0.1378663958897471
0.0026,mixnet_attribution_oracle,4,0.581,0.5136239920461895,1.2767304317901542,569.2461538461539,0.266924786294112,2.070771985793547,0.030966321655440335,0.00455,6.8057849792176555,0.14693382219003823
0.0026,mixnet_attribution_oracle,5,0.5970646088666969,0.5270344971369784,1.2444647509756872,559.8742623694961,0.24412364020827226,1.964682233828806,0.031114376979433506,0.00455,6.838324610864507,0.14623464911437997
0.0026,mixnet_attribution_oracle,6,0.5669865642994242,0.4912049024442582,1.3498642982234645,568.1554702495201,0.2569132894568611,2.0215741321058713,0.030518482801651408,0.00455,6.707358857505803,0.1490899803103512
0.0026,mixnet_attribution_oracle,7,0.5855396384909622,0.5155702457367946,1.2763842994314072,555.0538513462836,0.27334387425798923,2.082118152242228,0.029076842593238235,0.00455,6.390514855656755,0.1564819146167574
0.0026,mixnet_attribution_oracle,8,0.5916441005802708,0.51693771454401,1.2809954012737759,572.5435203094778,0.23985593268298544,1.9516508849866017,0.03260256684178723,0.00455,7.165399305887303,0.1395595635791533
0.0026,mixnet_attribution_oracle,9,0.616138591292455,0.5347191545567936,1.2421376101781372,562.2947344426715,0.26021209711325355,2.033280094015816,0.031122135952391043,0.00455,6.840029879646383,0.1461981917616562
0.0026,mixnet_attribution_oracle,10,0.46151484920574015,0.39031339504831836,1.633435782786974,567.8943289079887,0.294179202610394,2.1708138149066203,0.031054142705782925,0.00455,6.82508630896328,0.14651829364951993
0.0026,mixnet_attribution_oracle,11,0.5841997419746529,0.505633427699489,1.3040127522696365,561.6131896486302,0.25103437519283034,2.0004550400556775,0.03243536933206267,0.00455,7.128652600453333,0.14027896378852953
0.0026,mixnet_attribution_oracle,12,0.5944176948540475,0.522723099776798,1.2555724694411157,556.7628648811315,0.2653667675622273,2.0488789270214323,0.03115033335364646,0.00455,6.84622711069153,0.14606585259760557
0.0026,mixnet_attribution_oracle,13,0.5837397135019811,0.5100274191763032,1.3047093984538654,563.8771715940262,0.2612068642920349,2.041980802939489,0.031532383981317136,0.00455,6.930194281608161,0.14429609897862036
0.0026,mixnet_attribution_oracle,14,0.5838911032563736,0.5041847818348257,1.321268445346189,556.5538843348123,0.26432134563219734,2.0507084099588995,0.03162997642696278,0.00455,6.95164317076105,0.14385088178950967
0.0026,mixnet_attribution_oracle,15,0.5877822245714717,0.5101761143373814,1.2906401186919483,558.8192252510761,0.31033111683791503,2.2389994630850536,0.031013647350421714,0.00455,6.8161862308619146,0.1467096065351414
0.0026,mixnet_attribution_oracle,16,0.5551655730199908,0.4731277626812962,1.4234798228219245,564.6502365328857,0.26762824671459384,2.060996368299789,0.02941323588627473,0.00455,6.4644474475329075,0.15469226227241434
0.0026,mixnet_attribution_oracle,17,0.579202667879339,0.5058916429324674,1.3021307855428483,560.8908594815825,0.2359835938550532,1.9440704067193693,0.030407812174374278,0.00455,6.683035642719621,0.14963260013275284
0.0026,mixnet_attribution_oracle,18,0.601588502269289,0.5289821018701807,1.2373781470767402,559.7897125567322,0.2655842770182062,2.032052061576362,0.03203903227677894,0.00455,7.041545555336031,0.14201427685747306
0.0026,mixnet_attribution_oracle,19,0.5790460476976151,0.5023987350417152,1.3169922312362596,555.0122993850307,0.23818472598213702,1.9640662439502203,0.030695083765144078,0.00455,6.746172256075622,0.14823220665606296
0.0026,mixnet_attribution_oracle,20,0.5640561339972838,0.48927783307313566,1.3584350270907326,558.3562698053418,0.2463287459104322,1.9680527540249897,0.03182189051438105,0.00455,6.993822091072758,0.1429833340022256
0.0026,mixnet_attribution_oracle,21,0.5869729484660723,0.5100023599255786,1.2982621651573003,559.1985794166541,0.2652140893624164,2.0498299926076724,0.0319625959425904,0.00455,7.024746361008878,0.1423538941634303
0.0026,mixnet_attribution_oracle,22,0.5804974820692812,0.5057874306465318,1.308457722377262,564.6502365328857,0.24641818151576445,1.9806548090066223,0.030812713049472182,0.00455,6.772024846037842,0.14766632177746325
0.0026,mixnet_attribution_oracle,23,0.5895865237366003,0.5092888894838473,1.302468700551045,566.635528330781,0.2714094473340083,2.077249221406028,0.03179267295100402,0.00455,6.9874006485723115,0.14311473612212622
0.0026,mixnet_attribution_oracle,24,0.5851555281798583,0.5082105891220717,1.299712950934436,569.7711733908222,0.21415863870061003,1.870478736482117,0.033512765695882095,0.00455,7.365443010083976,0.1357691585734771
0.0026,mixnet_attribution_oracle,25,0.5704865848112779,0.4961891806267915,1.3341174212098033,560.8908594815825,0.30126921224291436,2.1734016969947314,0.0305617960905433,0.00455,6.716878261657868,0.1488786845681462
0.0026,mixnet_attribution_oracle,26,0.583093688512184,0.5061287979874131,1.2967592638448293,560.0434387770547,0.26847369302413426,2.0789484155025204,0.029426537719269914,0.00455,6.467370927312069,0.15462233591349217
0.0026,mixnet_attribution_oracle,27,0.5669166098613951,0.4785187194965333,1.3980666216434245,560.5092024539878,0.2915624979650602,2.1541204451642244,0.029811890725129134,0.00455,6.552063895632776,0.15262366422686166
0.0026,mixnet_attribution_oracle,28,0.6333910947035335,0.5572176893218871,1.1710075836132172,557.5584268816394,0.24884229095187038,2.0002146568001367,0.031759930527140906,0.00455,6.980204511459539,0.1432622781120926
0.0026,mixnet_attribution_oracle,29,0.6258621996513303,0.5489910201606376,1.2120280466947682,560.9332979610399,0.26566880283644423,2.059497703623622,0.03131774178467066,0.00455,6.8830201724550895,0.14528506018358975
0.0026,mixnet_attribution_oracle,30,0.5686481593240796,0.5041087380982787,1.2755589416036233,558.2721786360893,0.2566664018086158,2.019620096970817,0.030578098570191038,0.00455,6.72046122421781,0.14879931103484484
0.0026,mixnet_attribution_oracle,31,0.5959828273535726,0.5165900700549236,1.2795503647621147,567.329346826127,0.27701764189987443,2.098072469650121,0.029855649326889232,0.00455,6.561681170744886,0.152399967931767
0.0026,mixnet_attribution_oracle,32,0.5841243110838946,0.5141084417088397,1.2700051281513185,566.4623392529088,0.23380572246969678,1.928685961658709,0.031870760934873066,0.00455,7.004562842829245,0.14276408427454204
0.0026,mixnet_attribution_oracle,33,0.5702795863653772,0.4979924234882176,1.3299397884960218,566.852163921869,0.25920136042986996,2.037761940953344,0.031113208910052086,0.00455,6.838067892319139,0.14624013913685327
0.0026,mixnet_attribution_oracle,34,0.6046441267680206,0.5271276981674872,1.257712948992742,559.7474472430225,0.27698970411438495,2.115206635585125,0.03216963147115389,0.00455,7.070248674978877,0.14143774087309421
0.0026,mixnet_attribution_oracle,35,0.6045529926126941,0.5296903182564359,1.2334245303541107,557.8521031207598,0.26341005609720014,2.0421720090933304,0.034558316469406575,0.00455,7.595234388880566,0.1316615062550277
0.0026,mixnet_attribution_oracle,36,0.5805788271134806,0.5126292671223381,1.269549497091223,563.6199543031227,0.23992244963301346,1.9408124930960438,0.030694003717382096,0.00455,6.745934882941119,0.14823742258893788
0.0026,mixnet_attribution_oracle,37,0.5613515565679574,0.48679731948749844,1.3569868894552242,561.9111617312072,0.23652728291926906,1.9400839352630528,0.032134801921778075,0.00455,7.062593828962214,0.14159103924385544
0.0026,mixnet_attribution_oracle,38,0.594172105023524,0.514381649451591,1.2882718280010397,561.57064804978,0.2497544955695048,1.995306854341412,0.03085220455894419,0.00455,6.780704298669052,0.14747730559438857
0.0026,mixnet_attribution_oracle,39,0.6193587600668592,0.5362125714696692,1.2314102704903487,562.2520893481234,0.25968481024028733,2.0274933801326354,0.029975355407056523,0.00455,6.587990199353081,0.15179136121031217
0.0026,mixnet_attribution_oracle,40,0.5837269541368276,0.5148652047478108,1.254141133208638,563.7914063690386,0.25489400123478845,2.024947451239796,0.030681173143553852,0.00455,6.743114976605242,0.14829941406448338
0.0026,mixnet_attribution_oracle,41,0.6097560975609756,0.532407620278276,1.2342135511943502,562.2947344426715,0.24542916167411022,1.9950677172149736,0.032879677692147065,0.00455,7.226302789482871,0.1383833516435812
0.0026,mixnet_attribution_oracle,42,0.5322876817138485,0.46112112486332735,1.4257289353097153,566.2027543993879,0.2711098777363077,2.068781389910116,0.02977638646965074,0.00455,6.544260762560602,0.1528056470061449
0.0026,mixnet_attribution_oracle,43,0.5915875169606513,0.5153017705268312,1.2759803204322326,557.8521031207598,0.260872265760554,2.039386627574232,0.03118697762079505,0.00455,6.854280795779132,0.14589422724201792
0.0026,mixnet_attribution_oracle,44,0.6049516441005802,0.5115268311403539,1.3019160467128876,572.5435203094778,0.23149439925327897,1.9389051004870548,0.03178360811050335,0.00455,6.985408375934801,0.14315555314490513
0.0026,mixnet_attribution_oracle,45,0.5526928566063246,0.47910428601209354,1.3918550739358007,555.8862014572222,0.23093368372065015,1.9122034273156188,0.033010859228827016,0.00455,7.255133896445498,0.13783343137056772
0.0026,mixnet_attribution_oracle,46,0.5875611246943765,0.5136292904541507,1.2824801499065346,565.4254278728606,0.26938731846166775,2.04789116985644,0.03222730271963078,0.00455,7.082923674644126,0.1411846358841702
0.0026,mixnet_attribution_oracle,47,0.5726379440665155,0.4932041866032112,1.3461790478090363,559.3673469387755,0.30710116217960604,2.196574039967642,0.032170350697473364,0.00455,7.070406746697443,0.14143457877682863
0.0026,mixnet_attribution_oracle,48,0.571817769032844,0.49265575135610407,1.3371452092224527,560.0434387770547,0.24897800586768426,1.982213496450257,0.028355883457476885,0.00455,6.232062298346568,0.16046052688935902
0.0026,mixnet_attribution_oracle,49,0.5666333819801828,0.48836625363558617,1.3616640605767616,568.4168522928028,0.3008266571559943,2.203328890715527,0.030230668441365613,0.00455,6.644102954146288,0.15050940765087703
0.0037,mixnet_attribution,0,0.2040367250929509,0.15270735563146853,3.147101907339848,561.5281129068974,0.2849170732079074,2.144027101583238,0.031879758150811184,0.006475000000000001,4.923514772326051,0.20310693604917587
0.0037,mixnet_attribution,1,0.23523629489603023,0.17739424253710048,2.9325881746904505,559.578449905482,0.3152831050392706,2.2601230206399885,0.0317977420534706,0.006475000000000001,4.910848193586192,0.20363081092713248
0.0037,mixnet_attribution,2,0.2437660571255856,0.17675550602345919,3.0781224393588955,559.1985794166541,0.25236306118313223,1.99897424778428,0.03213696838630527,0.006475000000000001,4.9632383608193456,0.201481356989455
0.0037,mixnet_attribution,3,0.2509605967000678,0.19305649279194337,2.8696815938194873,557.5584268816394,0.2691948960418813,2.0459219180759365,0.03315084845850897,0.006475000000000001,5.119822155754281,0.19531928445523797
0.0037,mixnet_attribution,4,0.24054669703872436,0.1751207113299807,2.96939202228888,561.9111617312072,0.23437827383168042,1.9486130081148314,0.031027670366393506,0.006475000000000001,4.791918203304016,0.20868469735366152
0.0037,mixnet_attribution,5,0.26509405339805825,0.19170710775024505,2.86835584134352,561.3155339805825,0.2690246537385974,2.0796160391652565,0.03345561795244309,0.006475000000000001,5.166890803466114,0.1935399910772584
0.0037,mixnet_attribution,6,0.24332277048438208,0.185403942509926,3.0004507829495175,558.3562698053418,0.25664214935386553,2.0401552193301717,0.030854149024393606,0.006475000000000001,4.7651195404468885,0.20985832391231402
0.0037,mixnet_attribution,7,0.29141776937618147,0.21430699549267526,2.7093700490882924,559.578449905482,0.2745182888756972,2.0911339605549464,0.02974020555329953,0.006475000000000001,4.593081938733517,0.2177187372964082
0.0037,mixnet_attribution,8,0.30120391271632807,0.22934689634306663,2.5117341116617107,556.8465011286681,0.27207642191206105,2.0800273332130494,0.031164516610615006,0.006475000000000001,4.8130527583961396,0.2077683437513848
0.0037,mixnet_attribution,9,0.18252322813483837,0.13551234025109157,3.328446138249783,568.2425708362128,0.23939407951547764,1.9548766086309417,0.030716383932298634,0.006475000000000001,4.743843078347279,0.21079955291193841
0.0037,mixnet_attribution,10,0.21372191863995144,0.15762940048503463,3.115298518117763,561.655737704918,0.2449011905118823,1.967433518141533,0.031032384756998443,0.006475000000000001,4.792646294517134,0.2086529943058841
0.0037,mixnet_attribution,11,0.2594627594627595,0.1945012840433739,2.781075661622567,564.7362637362637,0.2827651003317442,2.1337139370845293,0.03141010784329015,0.006475000000000001,4.850981906299637,0.20614383217990748
0.0037,mixnet_attribution,12,0.24222155418608146,0.1709275154793863,3.044645687087699,556.1781151360289,0.23998414498055354,1.9332275546755002,0.03109328332460132,0.006475000000000001,4.802051478702906,0.20824433149769409
0.0037,mixnet_attribution,13,0.2827090427544457,0.181238009399532,2.9505523566536827,560.0011350737798,0.2605130048468709,2.0381424023864776,0.03276290459051477,0.006475000000000001,5.059908044867146,0.19763205005561643
0.0037,mixnet_attribution,14,0.22793219303604154,0.16771910466357828,3.088166688188631,565.0806353084912,0.21813789865700528,1.8714596749103984,0.030057402907374166,0.006475000000000001,4.642069947084813,0.21542114000845528
0.0037,mixnet_attribution,15,0.25801330511037196,0.1922669455848362,2.823988745900532,559.4517689749017,0.2767870670068078,2.0925932695055294,0.03117897605526762,0.006475000000000001,4.815285877261408,0.2076719898858277
0.0037,mixnet_attribution,16,0.23880030372057706,0.1792330659456697,2.920239574365502,561.9111617312072,0.2828669337905012,2.133905856744909,0.030741050628159468,0.006475000000000001,4.747652606665555,0.21063040682379153
0.0037,mixnet_attribution,17,0.26757797749414697,0.20180743696213843,2.7508354763380574,558.9034816101503,0.2787116080580745,2.10158806601768,0.0303680145880629,0.006475000000000001,4.690040863021297,0.21321775848149133
0.0037,mixnet_attribution,18,0.26472584659476583,0.1834045607446806,2.8837536450275647,558.1460894486763,0.24290363551699556,1.9622586099135308,0.030122737846350313,0.006475000000000001,4.652160285150627,0.21495390070542725
0.0037,mixnet_attribution,19,0.22133793828365492,0.16080253114258394,3.1243715711282425,555.6362339514978,0.2489089902373962,1.9811759393697883,0.031509818850668087,0.006475000000000001,4.866381289678468,0.2054915018929953
0.0037,mixnet_attribution,20,0.2817877265113446,0.21059925009067032,2.725147526411702,563.4486066697121,0.26758394890930504,2.076617018587934,0.03334156543270995,0.006475000000000001,5.149276514704239,0.19420203928540386
0.0037,mixnet_attribution,21,0.22872624589788598,0.15750886183576554,3.1248612847868165,564.7792871861406,0.2491376574325841,1.9922885996306015,0.0314726612108397,0.006475000000000001,4.860642658044741,0.20573411179382267
0.0037,mixnet_attribution,22,0.23408639902304992,0.1668700954045702,3.079953219015231,564.8223172034803,0.26421175635186955,2.0395836336705244,0.030341469347823228,0.006475000000000001,4.6859412120190305,0.21340429910539363
0.0037,mixnet_attribution,23,0.2547485184622398,0.19368670979111938,2.8090682519532675,562.2520893481234,0.25513055102783255,2.006713759634514,0.03126151360655755,0.006475000000000001,4.828032989429738,0.20712368829901365
0.0037,mixnet_attribution,24,0.18371497438987647,0.14865060610888542,3.1415996682414837,557.4326604398915,0.23548139611375518,1.9393339310007653,0.029568121602480676,0.006475000000000001,4.566505266792382,0.21898584181474579
0.0037,mixnet_attribution,25,0.24933867432544782,0.1704551947589313,3.0053933535231137,559.3251454916484,0.2574943914078176,2.0294035376730815,0.03202794676062673,0.006475000000000001,4.9464010441122355,0.20216719006040013
0.0037,mixnet_attribution,26,0.23532542579075424,0.17758373402594652,2.9080701580630017,562.6788321167883,0.2705795105139259,2.069149996499262,0.029499738304023165,0.006475000000000001,4.555944139617477,0.21949347256131224
0.0037,mixnet_attribution,27,0.24412009377599636,0.1850857183630086,2.9288187617698083,559.6629357936928,0.2916628757666331,2.162494679106474,0.03202076287686898,0.006475000000000001,4.945291563995209,0.202212546431159
0.0037,mixnet_attribution,28,0.22050741549348793,0.15824006444440997,3.123986850656555,557.1394263344124,0.27724348986521363,2.1062919408482617,0.029747409615389662,0.006475000000000001,4.594194535195314,0.2176660113844062
0.0037,mixnet_attribution,29,0.19265915321352423,0.13018302959404024,3.2381165485676924,563.5342674383186,0.24491730314912274,1.9642277212566581,0.029811666783419333,0.006475000000000001,4.604118422149703,0.21719684602141298
0.0037,mixnet_attribution,30,0.2683962979820968,0.20116256767676138,2.7855313117291067,561.4005461993628,0.2460197166656144,1.970968512759588,0.029006445831387527,0.006475000000000001,4.479759973959463,0.22322624556068435
0.0037,mixnet_attribution,31,0.2653356701973634,0.19041675633361796,2.885779502358391,563.9200640097539,0.263499245949788,2.0479377704370982,0.03071569645193348,0.006475000000000001,4.74373690377351,0.21080427103883606
0.0037,mixnet_attribution,32,0.2597460791635549,0.18511301567480518,2.823595641800256,552.6952949962658,0.2466172089916654,1.981389958961558,0.032152489122233986,0.006475000000000001,4.965635385673202,0.201384097367517
0.0037,mixnet_attribution,33,0.22942260442260443,0.1598826735612425,3.1069151980408902,568.1990171990172,0.2371315888594836,1.925985310857552,0.0316520168038967,0.006475000000000001,4.888342363536169,0.20456832309032705
0.0037,mixnet_attribution,34,0.2482769302253543,0.16522806920250596,3.0982556555774075,573.0746534500116,0.21715801671962254,1.8583056397829392,0.030922329741295333,0.006475000000000001,4.7756493808950315,0.20939560680490835
0.0037,mixnet_attribution,35,0.29060156130414816,0.19943510459793135,2.859341908890612,566.3757844787999,0.2643647833028808,2.059698790270036,0.03115086099413145,0.006475000000000001,4.810943782877444,0.20785942325060724
0.0037,mixnet_attribution,36,0.2561299628027025,0.18833114794118797,2.883089751304271,561.7834206331132,0.2820633117808029,2.122256247904251,0.030990312511326088,0.006475000000000001,4.786148650397851,0.20893626024692621
0.0037,mixnet_attribution,37,0.2757254931830299,0.20415691702622848,2.753711564888531,563.6628075253257,0.27157304910360835,2.083073180808138,0.030789367674898444,0.006475000000000001,4.755114698826014,0.21029986936947895
0.0037,mixnet_attribution,38,0.26676887696435414,0.19803912474698096,2.859656094275555,567.2859333077807,0.24766838274081238,1.980896636608048,0.03344824883070114,0.006475000000000001,5.165752715166199,0.19358263067143872
0.0037,mixnet_attribution,39,0.2757023538344723,0.21951837882948327,2.7792413811775223,561.9111617312072,0.27119468309683725,2.0640093416377843,0.031018363221496887,0.006475000000000001,4.790480806408785,0.2087473137690445
0.0037,mixnet_attribution,40,0.24343877472485184,0.17193982590381782,2.9699988479727195,569.5522973909028,0.2613477641425561,2.0487997407386924,0.029487861838623716,0.006475000000000001,4.554109936466983,0.21958187526227937
0.0037,mixnet_attribution,41,0.21834654586636468,0.15694083791572672,3.104434013873764,558.7349943374859,0.27131691470276564,2.084990828428597,0.02778910374202906,0.006475000000000001,4.291753473672441,0.23300499577490943
0.0037,mixnet_attribution,42,0.17380025940337224,0.14545460698016488,3.1093531693015377,564.6072327763791,0.2594485681329388,2.0175531223186827,0.03200267685131563,0.006475000000000001,4.942498355415541,0.20232682503663169
0.0037,mixnet_attribution,43,0.21992764546276755,0.15914828842793946,3.107331985408396,557.7681640036177,0.22617703530704603,1.9028372783171899,0.03125906617556164,0.006475000000000001,4.827655007808747,0.20713990506415578
0.0037,mixnet_attribution,44,0.2618849040867389,0.19785642872211848,2.780031007010456,561.1031162332247,0.2828321021515876,2.118999582182008,0.03159183069175699,0.006475000000000001,4.8790472110821606,0.20495804954061972
0.0037,mixnet_attribution,45,0.25678146906430965,0.18915532982993352,2.8615386129932365,563.8771715940262,0.2668965035700239,2.0660169465022222,0.031071873698049608,0.006475000000000001,4.798744972671754,0.20838781925167385
0.0037,mixnet_attribution,46,0.23415998790261605,0.17412861309131822,2.9795512626874507,559.5362165431725,0.26632098012487404,2.036596810702097,0.03010222627702097,0.006475000000000001,4.648992475215594,0.21510036966743548
0.0037,mixnet_attribution,47,0.22673103032131542,0.16586373029083007,3.029533048669703,558.188112837532,0.26129991016932763,2.046878809261092,0.03257958110698699,0.006475000000000001,5.031595537758609,0.19874411456479338
0.0037,mixnet_attribution,48,0.21591858433963698,0.15959904739921008,3.1082423763002343,562.038961038961,0.25442505633691326,1.9900102275145826,0.03135984482184098,0.006475000000000001,4.8432192775043985,0.20647423597869338
0.0037,mixnet_attribution,49,0.23086639916778123,0.1719942852021447,2.9667963461901965,549.9077128845297,0.27010147273540497,2.0711815324428544,0.030878734293376828,0.006475000000000001,4.76891649318561,0.20969123729235306
0.0037,mixnet_attribution_oracle,0,0.5049249886346416,0.42552479934262033,1.602710930779428,560.7211698742234,0.263589239155408,2.0382129217997775,0.031053603598948574,0.006475000000000001,4.795923335744953,0.20851042228861433
0.0037,mixnet_attribution_oracle,1,0.4843455299886835,0.4164239964480121,1.5994097949395345,558.3142210486609,0.2387882492330391,1.9597793274905284,0.03155606258404174,0.006475000000000001,4.873523179002585,0.20519036501323462
0.0037,mixnet_attribution_oracle,2,0.5110105580693816,0.4287420244799782,1.5925259380295165,558.10407239819,0.24837166900397278,1.985276949006979,0.03171051486734763,0.006475000000000001,4.8973768134899816,0.20419094508829053
0.0037,mixnet_attribution_oracle,3,0.49957889901232677,0.4165460216220096,1.6458674004842813,566.5922211163005,0.2655972259817645,2.0756017581852797,0.029333327752865027,0.006475000000000001,4.5302436683961425,0.22073867835767724
0.0037,mixnet_attribution_oracle,4,0.49130734471930765,0.412337923551777,1.643379577022212,566.7654897755993,0.21630467238719575,1.8601596968273255,0.027360860130292486,0.006475000000000001,4.225615464137835,0.23665191697797636
0.0037,mixnet_attribution_oracle,5,0.4821401770974036,0.4098204050436387,1.64750842121114,555.3448896893291,0.23476905009010807,1.9301708368037342,0.02889617398703825,0.006475000000000001,4.46272957328776,0.22407810815730986
0.0037,mixnet_attribution_oracle,6,0.5080994752452658,0.4229257476302189,1.6069381689489897,562.8069815195072,0.2740825284854509,2.1010443025218337,0.031158474626255046,0.006475000000000001,4.812119633398463,0.20780863240795414
0.0037,mixnet_attribution_oracle,7,0.4940552820901174,0.44233872092716514,1.468943129438736,560.4244604316547,0.2331466496689245,1.9316434775520002,0.03168611741656789,0.006475000000000001,4.893608867423612,0.2043481665763942
0.0037,mixnet_attribution_oracle,8,0.4369703389830508,0.36983657153091365,1.7730614671790943,559.9588377723971,0.23418267324450426,1.9331126416237883,0.0292042931300289,0.006475000000000001,4.510315541317204,0.22171397784465374
0.0037,mixnet_attribution_oracle,9,0.5647550322825674,0.48817355733403917,1.4493163854542777,562.1241929358147,0.25447390440967865,2.016491208952868,0.03303937646183074,0.006475000000000001,5.102606403371543,0.19597827481642535
0.0037,mixnet_attribution_oracle,10,0.536540523977325,0.4601343522016099,1.4901168702370453,566.8955109544967,0.2546359323314391,2.0230250444626883,0.03377946966106541,0.006475000000000001,5.216906511361453,0.19168447773066008
0.0037,mixnet_attribution_oracle,11,0.5186731440716563,0.44235999433208645,1.5558323718928428,561.7408531956885,0.2438936993421521,1.9610438743335945,0.032513862147496186,0.006475000000000001,5.021445891505202,0.1991458280356468
0.0037,mixnet_attribution_oracle,12,0.48294144767173813,0.40385980221273704,1.6844769736516636,568.6348547717843,0.22024159086868167,1.8797404293357365,0.03149521323659695,0.006475000000000001,4.864125596385629,0.20558679667792026
0.0037,mixnet_attribution_oracle,13,0.5137420718816068,0.4355979683483536,1.5708314039434443,558.7771066143159,0.31278874271083623,2.2374252997558175,0.028792262801682792,0.006475000000000001,4.446681513773403,0.22488680534068906
0.0037,mixnet_attribution_oracle,14,0.5162180814354728,0.43857641384628915,1.5697996950870878,567.4596273291926,0.2571649119781796,2.0261841104304903,0.030737883153257692,0.006475000000000001,4.747163421352539,0.2106521118489502
0.0037,mixnet_attribution_oracle,15,0.5189981389578163,0.4285980267481552,1.6037983399209927,573.8287841191067,0.22699639160418883,1.9098155226954319,0.03043629294946547,0.006475000000000001,4.70058578370123,0.21273944270252254
0.0037,mixnet_attribution_oracle,16,0.49352043554942104,0.4111219439802975,1.6535273896047686,567.4596273291926,0.2521966403000988,2.025342631174457,0.030158600162601544,0.006475000000000001,4.657698866811049,0.21469829385613812
0.0037,mixnet_attribution_oracle,17,0.5137183568288616,0.43609474096824463,1.5744767506862842,560.8908594815825,0.28099306565127335,2.1345030977498656,0.03121633946120115,0.006475000000000001,4.8210562874441925,0.2074234234942182
0.0037,mixnet_attribution_oracle,18,0.5088868805543003,0.42447587455073776,1.6179142874264152,557.3488477180298,0.256767908053007,2.015252567466111,0.03100594843264074,0.006475000000000001,4.7885634645005,0.20883089624130335
0.0037,mixnet_attribution_oracle,19,0.5135604744277404,0.43662392388335164,1.5808614737546214,559.0720707108861,0.28894498755107634,2.1456767115640036,0.030981780049959235,0.006475000000000001,4.7848308957466,0.20899380182671332
0.0037,mixnet_attribution_oracle,20,0.4855220382550843,0.4201630803037841,1.5886598254152866,559.4939895667952,0.2738704292278271,2.093033662179055,0.029971730471867224,0.006475000000000001,4.628838682913856,0.21603690871562184
0.0037,mixnet_attribution_oracle,21,0.4756939119766907,0.40663640984013255,1.655911047290449,567.4161938353013,0.22971864641294815,1.9363800935719033,0.03039621219162394,0.006475000000000001,4.694395705270106,0.21301996311843976
0.0037,mixnet_attribution_oracle,22,0.4963727469897539,0.4135236437598608,1.6549400273839996,553.4792461296836,0.2978210315632168,2.1974611102283674,0.031481814673120605,0.006475000000000001,4.862056320173066,0.20567429378613303
0.0037,mixnet_attribution_oracle,23,0.4983981693363844,0.41699957780603314,1.6221749666735659,564.4782608695652,0.24660796285024844,1.9808567696364696,0.03078846099371274,0.006475000000000001,4.754974670843666,0.21030606243430774
0.0037,mixnet_attribution_oracle,24,0.48149267260915546,0.41375288110414826,1.61392841556141,559.0299138842726,0.222734800161561,1.8953177307142406,0.0314564972895565,0.006475000000000001,4.858146299545404,0.20583982826815525
0.0037,mixnet_attribution_oracle,25,0.5159679128197366,0.43810094840469654,1.563034332441079,560.0434387770547,0.2720287752454169,2.0899664807124383,0.03172792110203488,0.006475000000000001,4.900065035063301,0.2040789240233179
0.0037,mixnet_attribution_oracle,26,0.5284298382889933,0.45949687736192596,1.4911978475179812,551.5030181086519,0.3017428765306249,2.2064156201818106,0.03129119435180072,0.006475000000000001,4.8326168883089915,0.2069272245476748
0.0037,mixnet_attribution_oracle,27,0.5081505179768434,0.42091770591440775,1.621063999667515,563.7056672760511,0.24071329861180857,1.935707247011377,0.030678046464233333,0.006475000000000001,4.737922233858429,0.21106298302106752
0.0037,mixnet_attribution_oracle,28,0.511139837274732,0.43118705809612656,1.5892130260461874,562.7215420880541,0.2436850903031882,1.976633968680403,0.032976157062727524,0.006475000000000001,5.092842789610428,0.19635398957141068
0.0037,mixnet_attribution_oracle,29,0.5125448028673835,0.438603155499649,1.5554380638275438,564.3493479752917,0.26287758990656585,2.031482256667497,0.028960687485573053,0.006475000000000001,4.47269304796495,0.2235789465711255
0.0037,mixnet_attribution_oracle,30,0.47616160084893505,0.39754619245432266,1.658913731583301,560.9332979610399,0.2388830175041221,1.9551791872136899,0.030871824280869712,0.006475000000000001,4.767849309786827,0.20973817229234334
0.0037,mixnet_attribution_oracle,31,0.4956462482017112,0.4217858423797699,1.6191115208662363,560.3397440751116,0.28265380224911496,2.118555514383006,0.02927751024219286,0.006475000000000001,4.521623203427468,0.22115951617595708
0.0037,mixnet_attribution_oracle,32,0.5828109659391285,0.5133874147127201,1.3476685002918198,558.9034816101503,0.3093661386810709,2.2324677323840314,0.03349230908617624,0.006475000000000001,5.172557387826445,0.19332796623068668
0.0037,mixnet_attribution_oracle,33,0.4894760751059964,0.4151630227237429,1.6281639600143805,560.2973955178679,0.26586685827351175,2.0684511487949058,0.030174725359291298,0.006475000000000001,4.660189244678192,0.21458356034402948
0.0037,mixnet_attribution_oracle,34,0.5037478965886493,0.4194907835733755,1.6095237007540026,566.0298301973382,0.25447624135995284,2.0065263782142604,0.030669393967878503,0.006475000000000001,4.736585940985097,0.21112252843279436
0.0037,mixnet_attribution_oracle,35,0.4899564652867945,0.4133928573368376,1.6338839587518161,565.2098831436646,0.2596333973633591,2.038203451157917,0.029136296845974807,0.006475000000000001,4.499814184706533,0.22223139866501343
0.0037,mixnet_attribution_oracle,36,0.49920951592260787,0.42078581354435085,1.5956500567994778,557.1394263344124,0.2826732797839213,2.1200188106552145,0.03065042370864629,0.006475000000000001,4.733656171219504,0.21125319706994602
0.0037,mixnet_attribution_oracle,37,0.5040755694370381,0.429678380359639,1.5989809399003856,563.7485335567914,0.24747195004601963,1.9831262709357322,0.030805336150199893,0.006475000000000001,4.757580872617743,0.21019085681874583
0.0037,mixnet_attribution_oracle,38,0.5271702367531004,0.44499003040042967,1.5475653567127123,556.2198421645998,0.25716314479359426,2.020647863046847,0.031276942172261825,0.006475000000000001,4.830415779499895,0.20702151650049727
0.0037,mixnet_attribution_oracle,39,0.4336460095340612,0.36913145015754695,1.793072026531916,568.9840073812087,0.2437669543433003,1.9681780839528824,0.027659100191360714,0.006475000000000001,4.271675705229454,0.23410016794481475
0.0037,mixnet_attribution_oracle,40,0.519969512195122,0.43830428369256913,1.5556649394000726,564.0487804878048,0.25789833228918724,2.028784178815295,0.03239201323047271,0.006475000000000001,5.0026275259417305,0.19989495416446237
0.0037,mixnet_attribution_oracle,41,0.49139244363193174,0.4108690311316242,1.6524795046524754,563.7056672760511,0.2526447883283254,2.004630727580671,0.029915628880725787,0.006475000000000001,4.620174344513635,0.21644204859660332
0.0037,mixnet_attribution_oracle,42,0.5118128297270433,0.4444246895718073,1.541446736925347,565.8138236868263,0.2789513319148682,2.099944464642123,0.03299734196908343,0.006475000000000001,5.096114589819835,0.19622792666350808
0.0037,mixnet_attribution_oracle,43,0.5167193854496159,0.4315308733572472,1.5884684896501595,557.3488477180298,0.22751929191872478,1.895617881715064,0.03195291711812521,0.006475000000000001,4.9348134545367115,0.20264190515259947
0.0037,mixnet_attribution_oracle,44,0.5162340119579202,0.43476551207050756,1.5757922667311988,560.0857488836751,0.2576910867355764,2.006216036125693,0.02909452817822514,0.006475000000000001,4.493363425208515,0.22255043836201494
0.0037,mixnet_attribution_oracle,45,0.5246209277886204,0.44529944132375565,1.5368408013918886,555.5113346344393,0.2525177831412293,1.9941820454404358,0.032091615491062035,0.006475000000000001,4.956234052673673,0.20176609687360172
0.0037,mixnet_attribution_oracle,46,0.4372615039281706,0.3532403504146493,1.857231297061451,553.7272727272727,0.30907058966113254,2.2230872672294133,0.02993497933017736,0.006475000000000001,4.6231628309154225,0.21630213699438144
0.0037,mixnet_attribution_oracle,47,0.47519818799547,0.40413906926180304,1.663036616311389,558.7349943374859,0.2636811980046332,2.051646586504904,0.03133684635312298,0.006475000000000001,4.839667390443703,0.20662576977388517
0.0037,mixnet_attribution_oracle,48,0.5430720145852325,0.47436519763750956,1.4425457219606803,562.1668185961714,0.24801963684149086,1.981358265816311,0.03140044140682897,0.006475000000000001,4.849489020359686,0.20620729231506338
0.0037,mixnet_attribution_oracle,49,0.5019419693854238,0.4224565752467067,1.6192029364624196,563.5771076079507,0.3031378796440549,2.1876676868578526,0.031207286625770984,0.006475000000000001,4.819658166142236,0.207483594381222
0.0054,mixnet_attribution,0,0.2103469171337676,0.14969399007767822,3.204065494829635,560.5515830934706,0.29720267083030194,2.172991245721036,0.029270659252498655,0.00945,3.097424259523667,0.32284889515063836
0.0054,mixnet_attribution,1,0.19361443955710603,0.13785577998496312,3.3220251661142037,561.2305475504322,0.2863242768798955,2.1444874108757284,0.03153948205633863,0.00945,3.337511328713082,0.29962445112825786
0.0054,mixnet_attribution,2,0.2179583835946924,0.15791410076057558,3.17316161852359,557.9360675512665,0.2993402940919623,2.1843413595007477,0.03145573806693293,0.00945,3.328649530892373,0.3004221353793024
0.0054,mixnet_attribution,3,0.16748993084580896,0.12325846141111098,3.4548959623927082,562.3800440762976,0.3042472006054595,2.2199456693466924,0.032994566667979494,0.00945,3.4914885362941264,0.28641079287672594
0.0054,mixnet_attribution,4,0.16697038724373575,0.12717936219258358,3.3937292007264035,561.9111617312072,0.25616941519547254,2.0194013708136085,0.030831581611236968,0.00945,3.2626012287023247,0.30650389977255743
0.0054,mixnet_attribution,5,0.19938094519100105,0.14036514360812116,3.3030303840762456,558.6928884191454,0.25831583357648924,2.0229522052632127,0.03249900971993224,0.00945,3.4390486476118776,0.2907780908229995
0.0054,mixnet_attribution,6,0.18914811155862907,0.1492820168561688,3.1884200316176443,562.3800440762976,0.2679498420911841,2.0549349109386403,0.028805801814171864,0.00945,3.0482329962086627,0.32805891191512654
0.0054,mixnet_attribution,7,0.2094563727729557,0.14727600734510857,3.2383478224372078,563.4486066697121,0.2550944405957125,2.013055637653638,0.03313947034118063,0.00945,3.5068222583259927,0.28515845011128604
0.0054,mixnet_attribution,8,0.18353903233133945,0.13212286707536688,3.363425588202897,560.3397440751116,0.27406661974964663,2.083131181843033,0.030218926823414226,0.00945,3.1977700342237276,0.31271792195737247
0.0054,mixnet_attribution,9,0.19081833308122825,0.14248227699123006,3.2638844622776895,559.7051883224929,0.2965362269897014,2.1560713249664727,0.028693116286812603,0.00945,3.0363086017791114,0.32934728683838477
0.0054,mixnet_attribution,10,0.17440613026819923,0.12119287830479437,3.457609495722988,567.0689655172414,0.2806207042594906,2.1299233849448926,0.0310663956058985,0.00945,3.28744927046545,0.30418720342973266
0.0054,mixnet_attribution,11,0.2405471872118045,0.16126875033997357,3.1446200844661862,568.7221026744544,0.25754078722093254,2.020038656492508,0.029401698309235457,0.00945,3.1112908263741224,0.321410004980278
0.0054,mixnet_attribution,12,0.18955223880597014,0.12681409675471214,3.4529816628126775,552.2835820895523,0.27684450495871715,2.1091043725192566,0.03286443618364208,0.00945,3.477718114671119,0.2875448690856786
0.0054,mixnet_attribution,13,0.19995369655811082,0.13763665629459676,3.3906735890759885,571.0879765395895,0.23868161207064986,1.9373823445270077,0.03216893055689843,0.00945,3.4041196356506274,0.29376170846853056
0.0054,mixnet_attribution,14,0.20779614742909147,0.14174672236830194,3.3230889408146154,561.2305475504322,0.24559647013666108,1.9759864427813394,0.03137915599286492,0.00945,3.3205456077105735,0.30115532750940677
0.0054,mixnet_attribution,15,0.24629418472063855,0.1837528001448602,3.0198094967519844,562.5507411630558,0.2779672681353986,2.120009347619244,0.03187744516975029,0.00945,3.3732746211375964,0.29644784736285773
0.0054,mixnet_attribution,16,0.17595443349753695,0.12821328927614725,3.349426153575876,569.5960591133005,0.24428208015160635,1.9594064817459351,0.030111083602349736,0.00945,3.186358053158702,0.31383792509089786
0.0054,mixnet_attribution,17,0.1898281891439866,0.14275742587708454,3.1954324073714573,562.5934316557701,0.29844930904801004,2.1694011066314953,0.02944568626389655,0.00945,3.115945636391169,0.32092986100944354
0.0054,mixnet_attribution,18,0.19156534954407295,0.14069191051608052,3.2247309421937014,562.3373860182371,0.28852709571947344,2.1472164642298397,0.03163335981471528,0.00945,3.347445483038654,0.29873526098242736
0.0054,mixnet_attribution,19,0.23484331132862887,0.16988982985261342,3.0139218882589867,561.5281129068974,0.24620308805606328,1.9881748640495713,0.030353056577859135,0.00945,3.2119636590327127,0.3113360256078213
0.0054,mixnet_attribution,20,0.20022857142857142,0.14794962761569427,3.175578881775102,563.8342857142857,0.31422899226890877,2.248854083558485,0.03224218506494387,0.00945,3.411871435443796,0.29309427946540606
0.0054,mixnet_attribution,21,0.17238253512615198,0.12567175591555071,3.5023687451617103,559.0299138842726,0.26553924128529616,2.0637751639829482,0.03022206340388101,0.00945,3.198101947500636,0.3126854666973687
0.0054,mixnet_attribution,22,0.18840794544915507,0.13470432135142435,3.3671550497527694,548.5244589386303,0.23534997264505364,1.9209124845589463,0.03166272907915772,0.00945,3.3505533417098117,0.2984581643728414
0.0054,mixnet_attribution,23,0.185454824124454,0.1344602323270144,3.3297539927403768,567.1123457736225,0.27421821278403513,2.108929004102273,0.030821162275839947,0.00945,3.2614986535280366,0.30660751581739193
0.0054,mixnet_attribution,24,0.3554592457420925,0.15793285914113858,3.2150398710697305,562.6788321167883,0.25774108269251883,2.024597479054715,0.029060901341837267,0.00945,3.075227655220875,0.3251791776463379
0.0054,mixnet_attribution,25,0.21273660816920836,0.1571100561625007,3.095472809191195,567.1123457736225,0.3118290042330045,2.2395294095426994,0.030815251402852694,0.00945,3.260873164323036,0.30666632819114936
0.0054,mixnet_attribution,26,0.2074639144417022,0.14889902494912485,3.23709704133555,553.4792461296836,0.3266013551619835,2.2642187663430784,0.031724983179318905,0.00945,3.3571410771766037,0.2978724983583389
0.0054,mixnet_attribution,27,0.22099864232915975,0.1633487529171737,3.060732177809497,558.188112837532,0.27766844315920025,2.0949087624388785,0.03011818273324583,0.00945,3.1871092839413575,0.3137639506240414
0.0054,mixnet_attribution,28,0.2590598938589841,0.1838119771563054,3.108740830657257,561.0606520090978,0.28074183120043017,2.1193951324258324,0.033605231834562974,0.00945,3.5561091888426426,0.28120621355989806
0.0054,mixnet_attribution,29,0.31199877797296266,0.1767985216452804,3.158751626786591,565.2098831436646,0.2757412596256472,2.097860484155902,0.030213766173906104,0.00945,3.197223933746678,0.31277133560930986
0.0054,mixnet_attribution,30,0.1867107636800962,0.13298564519001177,3.4499624334888996,556.2615754660253,0.23670644831145182,1.926423490941056,0.03131379430032225,0.00945,3.313629026489127,0.30178393296473655
0.0054,mixnet_attribution,31,0.18725824800910126,0.132480672099669,3.3239927675720726,561.2730375426621,0.24677129439078271,2.0028006224336825,0.031187411382386808,0.00945,3.3002551727393445,0.30300687300187146
0.0054,mixnet_attribution,32,0.19989391528377662,0.13883451848443987,3.334289222762582,560.7635826324165,0.23431150105898269,1.9207504883520594,0.03089614842120216,0.00945,3.2694336953653083,0.3058633675359688
0.0054,mixnet_attribution,33,0.2029503459812942,0.14943078022203118,3.176374711585173,562.7215420880541,0.2753794605087023,2.0952941808040295,0.03033726696454667,0.00945,3.210292800481129,0.3114980664225174
0.0054,mixnet_attribution,34,0.17805227084431724,0.13736936705083752,3.253441533904775,557.3907509226482,0.2524520457664039,1.9860729592888435,0.03059331601149538,0.00945,3.2373879377243786,0.30889100078099346
0.0054,mixnet_attribution,35,0.21428029440776994,0.1536334618674338,3.107249169662503,561.5281129068974,0.27855751433526166,2.0973190619272435,0.03227978735433781,0.00945,3.415850513686541,0.29275285788802113
0.0054,mixnet_attribution,36,0.13671427480333,0.10163651228149188,3.576870661564015,565.2098831436646,0.257865702646086,2.0239508246824207,0.029418645493848643,0.00945,3.1130841792432427,0.3212248504770884
0.0054,mixnet_attribution,37,0.21595463137996218,0.14287660371499702,3.367851026208354,559.578449905482,0.24647999869193882,1.9846873834164354,0.028956201646299543,0.00945,3.06414832235974,0.3263549589629157
0.0054,mixnet_attribution,38,0.15751223990208077,0.11530834638442394,3.5288593172566705,566.1162790697674,0.23992799158440903,1.9517155866160194,0.030955523535310517,0.00945,3.275716776223335,0.30527669768597265
0.0054,mixnet_attribution,39,0.17654126304723286,0.1323631988368319,3.292886789855724,555.7195314259968,0.26856377662625164,2.070416716670178,0.030558323967303205,0.00945,3.233685075905101,0.3092447089084896
0.0054,mixnet_attribution,40,0.1629338874778727,0.12425472248141455,3.379345700931384,569.5522973909028,0.2484917127294466,1.9893492705295914,0.031067567904710172,0.00945,3.2875733232497537,0.3041757252767533
0.0054,mixnet_attribution,41,0.1795142555438226,0.13576697758454706,3.4397559021247153,558.188112837532,0.26079077809117734,2.0513688224011135,0.032361523284628727,0.00945,3.42449981847923,0.29201344809651214
0.0054,mixnet_attribution,42,0.19312552396920965,0.13655251574651517,3.344937088684797,564.0058684551483,0.2679350796097424,2.0763628985877673,0.03149776470302032,0.00945,3.3330967939704044,0.3000212900534443
0.0054,mixnet_attribution,43,0.1723381730187538,0.12129507488364186,3.4716433112043177,559.6206896551724,0.28292897302890196,2.1292921859443807,0.029742656730418832,0.00945,3.1473710825840033,0.3177254838279178
0.0054,mixnet_attribution,44,0.15984585741811175,0.11188653915828284,3.497894504375495,570.3410404624277,0.2624400408822112,2.0481082366760255,0.03235724178420791,0.00945,3.4240467496516307,0.2920520872274136
0.0054,mixnet_attribution,45,0.20284670421677575,0.14806915786043165,3.1875657950290095,563.2773633734206,0.2935216667247005,2.161947538313259,0.032620533262714344,0.00945,3.4519082817687137,0.28969483496462217
0.0054,mixnet_attribution,46,0.2006154308015611,0.14148911403825812,3.2993937169630367,555.4280996697688,0.29638917959528044,2.1889287118948166,0.031791531295392965,0.00945,3.364183205861689,0.29724897213017976
0.0054,mixnet_attribution,47,0.20834290088021432,0.14188758405135565,3.3058737236129607,566.4190585533869,0.24898648721864447,1.9867679654630133,0.03130943713330963,0.00945,3.3131679506147758,0.3018259306216109
0.0054,mixnet_attribution,48,0.21382551352990223,0.15029160592454743,3.1417162408548136,560.9332979610399,0.3127192315587308,2.2481307096318,0.031463128947006105,0.00945,3.3294316346038206,0.3003515643951623
0.0054,mixnet_attribution,49,0.19307458143074582,0.13967626600285454,3.3540093658237877,563.1917808219179,0.260846766323084,2.040040181138042,0.03146969227517483,0.00945,3.330126166685167,0.30028892298558396
0.0054,mixnet_attribution_oracle,0,0.42851782363977486,0.3537715805615562,1.908707187993032,555.3864915572233,0.2903625582694076,2.164255909375723,0.031370021491309505,0.00945,3.3195789937893654,0.3012430196331855
0.0054,mixnet_attribution_oracle,1,0.4132206685111792,0.336432303884247,1.966309139034748,553.3966200553353,0.2825956190354191,2.141275460163034,0.031723062477031494,0.00945,3.356937828257301,0.29789053332546633
0.0054,mixnet_attribution_oracle,2,0.45418897519040796,0.37445361316579484,1.854165520010476,558.0620616846392,0.29341974889393896,2.162527413737875,0.032353311975862546,0.00945,3.4236308969166713,0.29208756145430337
0.0054,mixnet_attribution_oracle,3,0.4302290076335878,0.3511227627192526,1.9153603000427442,564.9083969465648,0.2731361195037607,2.0685314072502163,0.03209020355312809,0.00945,3.39578873578075,0.29448239505102275
0.0054,mixnet_attribution_oracle,4,0.41388699795779443,0.33588146209252223,1.9754646400913674,559.7474472430225,0.24787285647471435,1.989668269459055,0.030530680051886937,0.00945,3.2307597938504693,0.3095247136303453
0.0054,mixnet_attribution_oracle,5,0.4015423379399863,0.33495722866881805,1.941988281529079,565.037565854776,0.24927991663571447,2.004958293588367,0.029363830357912412,0.00945,3.107283635757927,0.3218244992160429
0.0054,mixnet_attribution_oracle,6,0.42271150656009654,0.3492875179324535,1.9168134922633784,558.0200573065903,0.30301985461846925,2.203580187442726,0.03094059039933484,0.00945,3.274136550194163,0.3054240361296776
0.0054,mixnet_attribution_oracle,7,0.35280898876404493,0.27969498753609223,2.182034901300559,554.3483146067416,0.25473136210348457,2.0138410019503152,0.03122553902473295,0.00945,3.3042898438870845,0.30263688939092126
0.0054,mixnet_attribution_oracle,8,0.39509781875421635,0.3274809103630397,1.9790054784369449,554.7216100742073,0.2890586613211781,2.155375790274557,0.029568512238182097,0.00945,3.1289430939875236,0.31959673601017796
0.0054,mixnet_attribution_oracle,9,0.45810523114355234,0.3722554094837738,1.8470983272402095,562.6788321167883,0.2711100772721693,2.0668499477916695,0.030284212207883993,0.00945,3.2046785405168245,0.3120437782938217
0.0054,mixnet_attribution_oracle,10,0.42762163795708674,0.3458675335759881,1.9479462360084434,559.114233907525,0.2815228990511969,2.0923305296474934,0.03137874073406043,0.00945,3.32050166497994,0.3011593129275065
0.0054,mixnet_attribution_oracle,11,0.40293809024134314,0.3253991522201145,2.0180366123246802,554.6801079298456,0.2992890900641214,2.198270806104127,0.029190716781091783,0.00945,3.0889647387398713,0.3237330577000841
0.0054,mixnet_attribution_oracle,12,0.41563567362428844,0.3451750069824037,1.9395527497936482,561.6982922201139,0.2604000407154672,2.0046220686883167,0.029689262894759014,0.00945,3.14172094124434,0.3182968884575504
0.0054,mixnet_attribution_oracle,13,0.4437209998503218,0.3631916422980007,1.8862399471963045,553.8513695554558,0.26673867186764255,2.0626403313277093,0.03176768996523547,0.00945,3.361660313781531,0.29747205447866926
0.0054,mixnet_attribution_oracle,14,0.40589173183509225,0.33861681555176315,1.9328045764157544,561.8685748994002,0.2652134703239426,2.0543487681853065,0.030203017766087154,0.00945,3.196086536093879,0.31288264216467604
0.0054,mixnet_attribution_oracle,15,0.405463474524248,0.33705951077049345,1.938913589669848,567.8508287292817,0.2604941277531907,2.0405433318940864,0.03305459859259396,0.00945,3.4978411209094133,0.28589062951492983
0.0054,mixnet_attribution_oracle,16,0.5948430493273542,0.5156848746119843,1.4399961970127808,553.1076233183857,0.23726285333395936,1.9295247242535294,0.033008000778421275,0.00945,3.4929101352826746,0.28629422494978446
0.0054,mixnet_attribution_oracle,17,0.43434343434343436,0.3569066715251677,1.8888574118939718,562.038961038961,0.25507159673725255,2.0012312930546337,0.029948458943764106,0.00945,3.1691490945782124,0.3155421124587677
0.0054,mixnet_attribution_oracle,18,0.5111525550167848,0.4300282908146867,1.6838372730240436,552.0779559865722,0.26469570185872726,2.0612844964154986,0.030814819814106737,0.00945,3.2608274935562687,0.30667062332371253
0.0054,mixnet_attribution_oracle,19,0.4292275893745694,0.3518523489221065,1.9166633233160673,566.5056265788869,0.318657635274576,2.279536211724878,0.0308120065592752,0.00945,3.260529794632296,0.3066986235323681
0.0054,mixnet_attribution_oracle,20,0.39900990099009903,0.33201444967635324,1.9660027404459837,563.6199543031227,0.27847626895527355,2.1207750411480077,0.02964258570628447,0.00945,3.136781556220579,0.3187980999240739
0.0054,mixnet_attribution_oracle,21,0.4422507403751234,0.3725956660281309,1.83083773774308,561.953755030754,0.26367934461450204,2.0647229590835607,0.03121642543638029,0.00945,3.3033254430032053,0.3027252437746049
0.0054,mixnet_attribution_oracle,22,0.431919558478869,0.35900125055794313,1.8953685316557245,559.4939895667952,0.2831899584562052,2.143353541887909,0.03142406961824536,0.00945,3.325298372301096,0.3007248938410309
0.0054,mixnet_attribution_oracle,23,0.40679130103014116,0.33440641111333236,1.9638188272171586,564.6932468523464,0.29014061216730624,2.153538808900767,0.031455330612497105,0.00945,3.3286064140208578,0.30042602687652387
0.0054,mixnet_attribution_oracle,24,0.41184468953014053,0.33127438833254536,2.005588989343637,559.0299138842726,0.25055454432731494,1.9848726100148402,0.03193015259798726,0.00945,3.3788521267711387,0.2959584978806424
0.0054,mixnet_attribution_oracle,25,0.415796640944167,0.3341649998689362,1.9870403555416447,559.8742623694961,0.24573006803984754,1.9667299831159926,0.030628537792457604,0.00945,3.241115110312974,0.30853578659334824
0.0054,mixnet_attribution_oracle,26,0.4579990918722567,0.37045532128484415,1.8777000636397028,560.0434387770547,0.2745403570588678,2.084543790468528,0.030865057559366856,0.00945,3.2661436570758577,0.3061714685554551
0.0054,mixnet_attribution_oracle,27,0.40423387096774194,0.33708419969537545,1.9639010419882228,573.8287841191067,0.28660816422780044,2.1391481974425757,0.030136091958526557,0.00945,3.1890044400557205,0.31357748751912284
0.0054,mixnet_attribution_oracle,28,0.4034753448670071,0.32500506649775457,2.025719430554524,564.0058684551483,0.23119909112574533,1.9286608308237354,0.0286822174081259,0.00945,3.035155281283164,0.3294724346285284
0.0054,mixnet_attribution_oracle,29,0.4436511592200215,0.37321662472008094,1.822573382160648,568.1119299861815,0.287093369232025,2.1404038450747898,0.029549795213634055,0.00945,3.126962456469212,0.3197991705756337
0.0054,mixnet_attribution_oracle,30,0.4275455438808678,0.35190166472421985,1.9102693129781911,559.4095547660443,0.27258079141029157,2.0649799454682825,0.031686819340514524,0.00945,3.353102575715823,0.2982312581912348
0.0054,mixnet_attribution_oracle,31,0.43936637865696526,0.36361032273845756,1.841747945050296,560.8908594815825,0.28407498661545105,2.1473193923942606,0.03250021823498414,0.00945,3.4391765328025548,0.29076727828946564
0.0054,mixnet_attribution_oracle,32,0.41997107846868104,0.33935527133494686,1.9584866326550814,563.2345688408554,0.25074271313496865,1.998651178489534,0.03318172537957174,0.00945,3.511293690959972,0.28479531705780053
0.0054,mixnet_attribution_oracle,33,0.41959780070799124,0.3468370768132971,1.9255693049526035,557.3907509226482,0.26431685718125664,2.0409904418080282,0.03118584858636994,0.00945,3.3000897974994645,0.3030220573869588
0.0054,mixnet_attribution_oracle,34,0.4166411980440098,0.3486179288061376,1.8955946118205742,565.4254278728606,0.2634627480292693,2.044260883988856,0.02944167698331357,0.00945,3.115521373895616,0.3209735642896939
0.0054,mixnet_attribution_oracle,35,0.4316624316624317,0.3566640181075661,1.8893313114857044,569.8149688149688,0.31318787700729445,2.2624870834049347,0.03219636971511331,0.00945,3.407023250276541,0.2935113518579106
0.0054,mixnet_attribution_oracle,36,0.409727507992084,0.331503545781855,1.9841203505401004,563.2773633734206,0.27965043392032385,2.096033306565551,0.029628249645996325,0.00945,3.1352645128038437,0.3189523550297539
0.0054,mixnet_attribution_oracle,37,0.43440363555092004,0.3740042148558319,1.8076943629079603,551.3389704238992,0.26661520585184917,2.035575342683198,0.03321382745869029,0.00945,3.5146907363693427,0.2845200545391356
0.0054,mixnet_attribution_oracle,38,0.41021753960433566,0.32752567713635916,2.0060380302172574,560.9332979610399,0.2713819319906179,2.057219600375965,0.02990784471525984,0.00945,3.1648512926200887,0.3159706120574559
0.0054,mixnet_attribution_oracle,39,0.45448302174742466,0.37790791408161695,1.8383080011213373,564.6932468523464,0.2558348279562779,2.025980383331756,0.03260247352264467,0.00945,3.449997198163457,0.2898553078629547
0.0054,mixnet_attribution_oracle,40,0.4218106995884774,0.3868735936731463,1.6661451545341184,563.9629629629629,0.28208463787450455,2.1216277383775566,0.029413242360839902,0.00945,3.1125124191364977,0.3212838586126604
0.0054,mixnet_attribution_oracle,41,0.4218501401621335,0.35713623845860826,1.8646888221993794,560.6787635426926,0.231183989206329,1.9231461501432334,0.03115689397621453,0.00945,3.2970258175888394,0.3033036607312083
0.0054,mixnet_attribution_oracle,42,0.4220523686998638,0.3505510397165617,1.9125599325685108,560.0434387770547,0.24927766510518268,1.994379811868678,0.032805248400922145,0.00945,3.4714548572404387,0.28806366239050835
0.0054,mixnet_attribution_oracle,43,0.44038799358435804,0.35951465239830177,1.887498412616401,565.2098831436646,0.28532461100257933,2.136396187429964,0.03205632564276997,0.00945,3.3922037717216904,0.29479361126128834
0.0054,mixnet_attribution_oracle,44,0.41386990246524846,0.34899800044554435,1.9099314156608858,568.3296981798633,0.29895238811150193,2.1975301068666937,0.03236019805565193,0.00945,3.4243595826086697,0.29202540675889016
0.0054,mixnet_attribution_oracle,45,0.46787057938299476,0.37879184332756854,1.8470294239791738,556.8465011286681,0.2811647113994695,2.1068052882354267,0.03182897951560512,0.00945,3.3681459804873146,0.2968992453988935
0.0054,mixnet_attribution_oracle,46,0.4048410795762122,0.3319630669470178,2.0024268767904796,572.2783234088624,0.2618186198815238,2.038859708221815,0.029637637317556365,0.00945,3.1362579172017315,0.3188513274100338
0.0054,mixnet_attribution_oracle,47,0.43316794466997444,0.3493442118466504,1.9181188732765981,556.3450608930988,0.30040832818485796,2.196585358854643,0.03241960122093086,0.00945,3.430645631844536,0.29149032203082303
0.0054,mixnet_attribution_oracle,48,0.44659749771132135,0.36409293996192615,1.8864080075010674,564.5642355813244,0.27263466641306877,2.084040875544806,0.030358967858409868,0.00945,3.2125891913661238,0.311275404489162
0.0054,mixnet_attribution_oracle,49,0.4088069251035002,0.33794133773157753,1.980732216144437,557.055701919458,0.2724890230456367,2.0981178098849274,0.032551005388862075,0.00945,3.4445508348002196,0.290313613576848
0.008,mixnet_attribution,0,0.20565494238932686,0.15100862338321733,3.2925985596653202,560.9757428744693,0.31583080731797963,2.2686002020144826,0.036892510954597085,0.014,2.6351793538997916,0.3794808116267699
0.008,mixnet_attribution,1,0.17393600965891942,0.12446117979626094,3.510678031146662,558.4403863567763,0.265555063058855,2.043495355661205,0.03164849228494942,0.014,2.260606591782101,0.4423591453883496
0.008,mixnet_attribution,2,0.1323730098559515,0.09876012527837494,3.7144121306704467,561.0606520090978,0.2513453171995934,1.9953235756599914,0.02882029350303014,0.014,2.058592393073581,0.48576882114431114
0.008,mixnet_attribution,3,0.14285714285714285,0.10746317901272957,3.634822411592048,571.1319749942116,0.262513235618826,2.030194991384155,0.029244820711962577,0.014,2.088915765140184,0.47871724494017187
0.008,mixnet_attribution,4,0.16079228799518,0.1081676898731358,3.6243989751307186,557.3488477180298,0.30626454117009416,2.224022422951652,0.03197003482867859,0.014,2.283573916334185,0.43791006406540905
0.008,mixnet_attribution,5,0.16543134408191335,0.11239615012894569,3.5296175890918082,565.4685565828685,0.2706728100311011,2.0816105091692503,0.028734849463258178,0.014,2.052489247375584,0.48721327104570716
0.008,mixnet_attribution,6,0.13624914128692467,0.10071028112432795,3.694928224972866,564.865353789787,0.26036232986371033,2.026486779877188,0.031027907678888782,0.014,2.2162791199206273,0.45120670542427593
0.008,mixnet_attribution,7,0.1311352002408913,0.0996836640799753,3.7290529206617555,557.0975609756098,0.29137123507098295,2.142129744655538,0.030989575720465526,0.014,2.2135411228903945,0.4517648168624134
0.008,mixnet_attribution,8,0.13510863005431503,0.10696588739475768,3.54051174351013,558.2721786360893,0.29365362325916067,2.1641157599689302,0.032437203808980894,0.014,2.316943129212921,0.43160317031161044
0.008,mixnet_attribution,9,0.1620070081264445,0.11377484587928678,3.57160141423399,551.7492730932677,0.2868380453728605,2.1465157444380454,0.031197565893229882,0.014,2.2283975638021345,0.4487529587376594
0.008,mixnet_attribution,10,0.163441993525559,0.11392438912977573,3.541603553983225,557.1394263344124,0.29577298142248765,2.1814715988613003,0.02997693082881027,0.014,2.141209344915019,0.46702579660172755
0.008,mixnet_attribution,11,0.20292182958543675,0.1366078368291915,3.49624171015273,566.0298301973382,0.266408945171861,2.0577635711103657,0.03220691596022975,0.014,2.300493997159268,0.4346892455424077
0.008,mixnet_attribution,12,0.15662288930581614,0.10541980715584034,3.6661200288390523,555.3864915572233,0.26162928310805,2.049435656223829,0.02989602589679672,0.014,2.1354304211997657,0.468289666604151
0.008,mixnet_attribution,13,0.13358922254835554,0.10113859477077833,3.6811390631447667,556.9720027094152,0.2620446451473981,2.0430211943919314,0.028139615805713242,0.014,2.0099725575509457,0.49751923042096236
0.008,mixnet_attribution,14,0.1680036672014669,0.12265315957429967,3.4290827414539047,565.3823057529223,0.29473591269925237,2.1620622354780794,0.03132956332664433,0.014,2.237825951903166,0.44686227682253254
0.008,mixnet_attribution,15,0.1676890047538721,0.11350481858284472,3.58848677021338,567.4161938353013,0.25748289859620854,2.02456672952641,0.030142396616108846,0.014,2.1530283297220603,0.46446207241922005
0.008,mixnet_attribution,16,0.16429819895128808,0.1111370519567676,3.566048704166739,562.3800440762976,0.25525019702035934,2.002556232425639,0.030035495326355355,0.014,2.145392523311097,0.46611516966445266
0.008,mixnet_attribution,17,0.18421252371916508,0.1307542975871006,3.3158653697484826,561.6982922201139,0.34769480643444695,2.3700827150891186,0.032238633993936,0.014,2.3027595709954283,0.434261575804774
0.008,mixnet_attribution,18,0.12804000303053262,0.09694554183039084,3.747501683083394,560.6787635426926,0.2669438559387345,2.0665562633746397,0.03128688408225508,0.014,2.2347774344467912,0.44747185316355464
0.008,mixnet_attribution,19,0.1760595473188516,0.12485055980414224,3.4957035171431596,562.0815737505696,0.2401139542926103,1.9573368328136809,0.031208999972313127,0.014,2.2292142837366518,0.44858854857316843
0.008,mixnet_attribution,20,0.13068608317069508,0.09763617214516943,3.715956378377927,555.5113346344393,0.2711209391418379,2.0705828337413603,0.0316083780397495,0.014,2.257741288553536,0.44292054411631404
0.008,mixnet_attribution,21,0.13391011408008574,0.09976050274941603,3.7244770688785738,566.5922211163005,0.27025592961581424,2.068967526243023,0.031172242903455855,0.014,2.226588778818275,0.44911750634561864
0.008,mixnet_attribution,22,0.17986217457886677,0.1228262134381584,3.4581493297016586,566.635528330781,0.3238166697847191,2.2987886789760186,0.0297760928826348,0.014,2.126863777331057,0.47017585736255874
0.008,mixnet_attribution,23,0.1586159903089037,0.11130211066880634,3.5871740913640244,560.2973955178679,0.26929565574391745,2.043372314874003,0.02976028100789629,0.014,2.125734357706878,0.47042566554682
0.008,mixnet_attribution,24,0.19263498757436553,0.1261755552510577,3.482090949905645,557.3069508246103,0.24788305451511405,1.9947169271678575,0.030952497945148243,0.014,2.2108927103677316,0.452305982696769
0.008,mixnet_attribution,25,0.14847997549582664,0.11015910377911738,3.591163167184738,566.6788421778084,0.2566120545670856,2.0377319468576656,0.029813170226373035,0.014,2.1295121590266453,0.4695911200887807
0.008,mixnet_attribution,26,0.16381940207443563,0.11535131685254087,3.5925603541455287,564.392312385601,0.2754474217945244,2.1111824294315156,0.030445058343773382,0.014,2.1746470245552416,0.45984474202406245
0.008,mixnet_attribution,27,0.16380438968040045,0.10810393419895166,3.6562103998120787,569.9025798998845,0.2712435224093497,2.0622073250436834,0.03049103396718865,0.014,2.177930997656332,0.45915136938502565
0.008,mixnet_attribution,28,0.1764839836040686,0.1137462700040369,3.5203796333921527,561.7408531956885,0.2575118357781321,2.0296308624119668,0.031039173120340113,0.014,2.217083794310008,0.4510429432421232
0.008,mixnet_attribution,29,0.15423665546845838,0.10685074825558143,3.613281105694861,552.4893617021277,0.2973212130309548,2.1850849601907507,0.031524128829558615,0.014,2.251723487825615,0.4441042629819763
0.008,mixnet_attribution,30,0.15229007633587785,0.10669306429983165,3.6421531313706477,564.9083969465648,0.26704390507075004,2.0550906926932253,0.03157179611222121,0.014,2.2551282937300865,0.44343375176494004
0.008,mixnet_attribution,31,0.1683789092007856,0.11706081758319994,3.5246719441827437,559.0299138842726,0.3123955432965886,2.243862575528564,0.03344515862895384,0.014,2.3889399020681314,0.4185957123217244
0.008,mixnet_attribution,32,0.18930974521811447,0.1275184922184452,3.465308054077764,559.4939895667952,0.28098787550698034,2.115393076967356,0.03165668930381802,0.014,2.261192093129859,0.44224460320654885
0.008,mixnet_attribution,33,0.16448967193195627,0.1236823004424408,3.456884298950214,561.9963547995139,0.2712265519076027,2.0785814845724238,0.03171788444923238,0.014,2.26556317494517,0.44139135516457245
0.008,mixnet_attribution,34,0.1564954682779456,0.11479500432870043,3.6686423037568856,558.9456193353475,0.29183063900563866,2.1538984766218006,0.02880067053826812,0.014,2.057190752733437,0.4860997934543876
0.008,mixnet_attribution,35,0.1776715239829994,0.12236582216405996,3.4125517902402582,561.655737704918,0.29911875107791275,2.203084761333429,0.029490611959967314,0.014,2.106472282854808,0.4747273477744243
0.008,mixnet_attribution,36,0.19694552085707773,0.14858170406456347,3.342525186078991,562.2947344426715,0.24460184189956635,1.977038324125292,0.032757230005261456,0.014,2.339802143232961,0.42738656466835945
0.008,mixnet_attribution,37,0.15774500262034888,0.11579914660792437,3.584167620420668,554.0583214793741,0.3303339537815191,2.3002913038408597,0.0320100534047496,0.014,2.2864323860535425,0.4373625942755442
0.008,mixnet_attribution,38,0.16100600258339032,0.11054696485608148,3.595653602250397,562.2947344426715,0.255325152160367,1.9956328918571358,0.030244786454552263,0.014,2.160341889610876,0.462889695750945
0.008,mixnet_attribution,39,0.12014829386396307,0.09565716328834374,3.7199797183866736,559.9165468714534,0.2344495341531001,1.9280245094169168,0.031189325385952454,0.014,2.227808956139461,0.4488715234060671
0.008,mixnet_attribution,40,0.14321361058601134,0.10359273698764274,3.613125161503759,559.578449905482,0.27441194612765685,2.092116729945495,0.02954783489981236,0.014,2.110559635700883,0.47380798110825056
0.008,mixnet_attribution,41,0.16715697367428528,0.12006132328736506,3.4803372880177847,558.2301425661915,0.2922799901571125,2.159998226281724,0.028800619038835167,0.014,2.057187074202512,0.4861006626670836
0.008,mixnet_attribution,42,0.16749435665914222,0.11490607603590786,3.6077003460327415,556.8465011286681,0.24682456409209408,1.9710374751093742,0.02926859740822362,0.014,2.0906141005874015,0.4783283532427287
0.008,mixnet_attribution,43,0.15565080081209112,0.10613849058005781,3.6146074930703493,556.4703361154974,0.2849264038086403,2.1196115328961778,0.03009421150373547,0.014,2.149586535981105,0.4652057422492109
0.008,mixnet_attribution,44,0.16910022169558903,0.11623651636722457,3.521555731956407,565.7274673190124,0.2627023651439231,2.0611000284310537,0.03360566178574217,0.014,2.4004044132672977,0.4165964678588702
0.008,mixnet_attribution,45,0.16198235909702496,0.11456698094586834,3.556172919240027,553.1901629541037,0.28865375605528243,2.1528634347178506,0.029279432854416126,0.014,2.0913880610297233,0.4781513381632467
0.008,mixnet_attribution,46,0.17038769045104843,0.11807384154704761,3.480529596294292,558.188112837532,0.30429940079920925,2.212634331580161,0.02910560607641899,0.014,2.0789718626013562,0.4810069909982954
0.008,mixnet_attribution,47,0.17276653784951126,0.11792839492188097,3.5710167397355628,560.7635826324165,0.2602250383642968,2.0324625507049747,0.031028316520939563,0.014,2.2163083229242546,0.4512007601363759
0.008,mixnet_attribution,48,0.15005278238576383,0.1049607518404258,3.637999808128375,558.0200573065903,0.2677476960234344,2.058710805179505,0.03160881964797897,0.014,2.2577728319984978,0.4429143560536321
0.008,mixnet_attribution,49,0.14531191632424356,0.1056144202430573,3.5924982048248295,552.9013821441913,0.301656956988154,2.197780704497637,0.03230372119046879,0.014,2.307408656462056,0.43338660327871764
0.008,mixnet_attribution_oracle,0,0.4052759616846587,0.302706703493955,2.2299910602408106,562.5934316557701,0.25336547673214227,1.987612280537462,0.03151619170055282,0.014,2.2511565500394872,0.44421610748593165
0.008,mixnet_attribution_oracle,1,0.3412777735065734,0.23622889182050508,2.4736316979209825,568.9403398170216,0.3135068712581415,2.2205705357325742,0.029376451502563444,0.014,2.0983179644688175,0.47657219588888516
0.008,mixnet_attribution_oracle,2,0.3381201044386423,0.2647045755290045,2.315136414329683,568.2861311626478,0.3041271416586824,2.226145105398965,0.03043426617800199,0.014,2.1738761555715707,0.46000780561350474
0.008,mixnet_attribution_oracle,3,0.34645849200304646,0.27406349981798617,2.29657361819735,563.6199543031227,0.3191411789157428,2.2785612303343017,0.03179588346013662,0.014,2.2711345328669013,0.440308570685013
0.008,mixnet_attribution_oracle,4,0.3729470802919708,0.29286907696543224,2.2323860182780404,562.6788321167883,0.25681786297354847,2.013222712928707,0.03011631851357469,0.014,2.151165608112478,0.46486425602417547
0.008,mixnet_attribution_oracle,5,0.39905853769645433,0.31332678602224145,2.142174825876741,561.8685748994002,0.27998023203690536,2.1144176660807776,0.03041871231637248,0.014,2.172765165455177,0.4602430193096859
0.008,mixnet_attribution_oracle,6,0.33037609948437974,0.2621338596514492,2.3253316723404662,561.1455868971792,0.2847733649832662,2.1319913508144186,0.028975993415009713,0.014,2.0697138153578365,0.48315858578114973
0.008,mixnet_attribution_oracle,7,0.3382129854368932,0.2635951852148608,2.3375031499287116,561.3155339805825,0.27985494676977396,2.1301487097287906,0.030875844699363525,0.014,2.205417478525966,0.4534288903289048
0.008,mixnet_attribution_oracle,8,0.5291606312418998,0.4078293019533509,1.9116383443954108,564.1775558435618,0.33211560489144176,2.318424363913885,0.029643303324921218,0.014,2.117378808922944,0.47228204787251754
0.008,mixnet_attribution_oracle,9,0.3805612594113621,0.2986340297694322,2.2175539105300905,562.8069815195072,0.2526451121084392,1.9960893966108224,0.030731973530362035,0.014,2.195140966454431,0.455551609341604
0.008,mixnet_attribution_oracle,10,0.34093474825016934,0.2617139190313183,2.3463084912037546,556.9720027094152,0.3278253556054551,2.3055472995128925,0.02848092880668046,0.014,2.034352057620033,0.49155700275884867
0.008,mixnet_attribution_oracle,11,0.343273492075415,0.2721555963470748,2.304176224839468,555.8862014572222,0.3091161411430221,2.2254549331672484,0.03171974613328279,0.014,2.265696152377342,0.44136544918025455
0.008,mixnet_attribution_oracle,12,0.3131069788451404,0.2620955053289958,2.263072958554399,557.1394263344124,0.2878855651069898,2.1435355576314428,0.03077344682283309,0.014,2.1981033444880778,0.4549376636487911
0.008,mixnet_attribution_oracle,13,0.3175614877024595,0.2565832923816728,2.330772288777023,554.9292141571685,0.28965429044910707,2.15316586938933,0.02958960810368921,0.014,2.1135434359778005,0.4731390814957935
0.008,mixnet_attribution_oracle,14,0.25690959478690734,0.23086807101945916,2.3243634309470504,554.3068683993708,0.2548283157229889,2.0105986027336673,0.029671543629277368,0.014,2.119395973519812,0.4718325468643965
0.008,mixnet_attribution_oracle,15,0.36290692342961944,0.2928566554169106,2.2059483565826112,565.5116918844567,0.2881912956945598,2.131202904879091,0.03002039441147586,0.014,2.1443138865339897,0.46634963578787086
0.008,mixnet_attribution_oracle,16,0.3576420540869037,0.28743432924510837,2.2532429733918153,562.1668185961714,0.2630455932521727,2.0498455923221606,0.03146960846118003,0.014,2.2478291757985733,0.44487366333998035
0.008,mixnet_attribution_oracle,17,0.3455804848667369,0.2802626173030857,2.2429714657277056,557.1812979972896,0.2866014536411967,2.1339173379065146,0.03346186092594163,0.014,2.390132923281545,0.4183867726599259
0.008,mixnet_attribution_oracle,18,0.3383043149129447,0.2684125949976395,2.2797052938253994,560.2127176381529,0.30421595423831604,2.2232643194835875,0.029120224519655166,0.014,2.080016037118226,0.4807655239934869
0.008,mixnet_attribution_oracle,19,0.3139674894641782,0.25628285990334043,2.3465569358993172,556.9301625526791,0.27795582660473883,2.117996053487232,0.0316197489556494,0.014,2.2585534968321004,0.44276126352668793
0.008,mixnet_attribution_oracle,20,0.3410413360538049,0.27415616088362926,2.258673299890067,559.2407617320335,0.2583319364639465,2.0321068107944744,0.031526112868940706,0.014,2.251865204924336,0.44407631407653486
0.008,mixnet_attribution_oracle,21,0.3233569415886071,0.26061975235011203,2.3482739166140534,563.5771076079507,0.2528116859612055,2.004182187947036,0.030936347268437338,0.014,2.209739090602667,0.452542114249003
0.008,mixnet_attribution_oracle,22,0.3423300824071974,0.2784286035715529,2.251131021218694,559.4939895667952,0.2561699658399448,2.015269417770226,0.031266528535706245,0.014,2.2333234668361603,0.4477631721734653
0.008,mixnet_attribution_oracle,23,0.3441642051049004,0.26929011229077815,2.3031207221116747,560.5092024539878,0.2840813194634393,2.125690183784704,0.030138606091104435,0.014,2.152757577936031,0.46452048769873844
0.008,mixnet_attribution_oracle,24,0.3189817962081728,0.24780235855648278,2.397855287308929,558.9877634262407,0.30946657608728856,2.2504779375076422,0.02935099497660339,0.014,2.0964996411859564,0.47698553357935036
0.008,mixnet_attribution_oracle,25,0.31161904761904763,0.24713690277086667,2.359554088120667,563.8342857142857,0.29744403198128566,2.2005873191084726,0.030176154821832852,0.014,2.155439630130918,0.46394247652357656
0.008,mixnet_attribution_oracle,26,0.35417138542846355,0.28016470646452957,2.272997257020834,558.7349943374859,0.2657452878484037,2.0641349633448742,0.03180468671671298,0.014,2.27176333690807,0.4401866971587923
0.008,mixnet_attribution_oracle,27,0.3549711158406811,0.27888186565334483,2.2617596995617233,562.508057160231,0.2965109199285507,2.1835166446751124,0.02984897058871156,0.014,2.1320693277651115,0.46902790025511276
0.008,mixnet_attribution_oracle,28,0.31342603145657627,0.2473329403881794,2.3860036722323654,562.2947344426715,0.2688835285080131,2.0741763393451533,0.029515566372457412,0.014,2.108254740889815,0.47432598186779723
0.008,mixnet_attribution_oracle,29,0.36101028433151844,0.2934286157850851,2.2059238116731357,559.6206896551724,0.2842728534596972,2.123687090930784,0.03256543699245464,0.014,2.3261026423181885,0.42990364303245115
0.008,mixnet_attribution_oracle,30,0.3323471400394477,0.2604592361674996,2.3456161394780204,561.4005461993628,0.3055092600698117,2.2091266922011386,0.03009519143009871,0.014,2.1496565307213364,0.4651905947339602
0.008,mixnet_attribution_oracle,31,0.32527086830459334,0.2526922605327617,2.3679725663455486,564.6502365328857,0.23739515032502823,1.9531635887997663,0.029851710282918904,0.014,2.132265020208493,0.4689848543790396
0.008,mixnet_attribution_oracle,32,0.378270544003683,0.29838363713060284,2.1998004635620165,567.8073352259648,0.3268864881247282,2.2979166955174772,0.031187388704498914,0.014,2.2276706217499225,0.4488993975305294
0.008,mixnet_attribution_oracle,33,0.3485103132161956,0.2766626698394751,2.278915928946802,565.3391902215432,0.3070615843171254,2.224796845023249,0.028646286845132596,0.014,2.0461633460808994,0.48871953547371516
0.008,mixnet_attribution_oracle,34,0.36736248666768245,0.27964285447664833,2.2899751914311257,563.7914063690386,0.2787191004899796,2.1137449893312166,0.03083724126950907,0.014,2.202660090679219,0.453996512776348
0.008,mixnet_attribution_oracle,35,0.3534469866905937,0.2638136858985074,2.3597659930673696,553.3553162853298,0.264989597897511,2.0745411111136267,0.03012690232277359,0.014,2.1519215944838277,0.4647009456865763
0.008,mixnet_attribution_oracle,36,0.3690087352829472,0.29012595574023214,2.2331210130743093,562.1241929358147,0.29186897931504063,2.1698163188069786,0.03137089824639144,0.014,2.2407784461708173,0.4462734821949322
0.008,mixnet_attribution_oracle,37,0.30722393445087576,0.24535314953976237,2.3805618965783077,556.3033150417199,0.32357198040699586,2.3101122521598576,0.028828968048512642,0.014,2.0592120034651886,0.48562265483943656
0.008,mixnet_attribution_oracle,38,0.3458131114706109,0.2752100219133144,2.275492043395244,570.0778830598567,0.29221744733513333,2.161489342204339,0.03139512522008525,0.014,2.242508944291804,0.44592910210924724
0.008,mixnet_attribution_oracle,39,0.327918859147411,0.2663430633394256,2.308501260557253,564.3493479752917,0.2776680371607654,2.0964909087216825,0.029996715368428607,0.014,2.142622526316329,0.4667177665303625
0.008,mixnet_attribution_oracle,40,0.30589307411907657,0.2601913403732105,2.2927762941238337,561.9963547995139,0.2665649069240317,2.069144971318442,0.030073395108766193,0.014,2.1480996506261567,0.46552775133523566
0.008,mixnet_attribution_oracle,41,0.35293218135943116,0.2883616022634596,2.238135041125384,565.8138236868263,0.3228794288006611,2.2801964648827147,0.03241680845802203,0.014,2.315486318430145,0.431874717652394
0.008,mixnet_attribution_oracle,42,0.32704163178324075,0.26832735703267596,2.29352929592172,563.2345688408554,0.2924676724069286,2.144066217762,0.033490963119874255,0.014,2.3922116514195895,0.4180232127063584
0.008,mixnet_attribution_oracle,43,0.322521838207368,0.2609718212676838,2.3200557017691645,562.1241929358147,0.25598548314883374,2.0316314158651014,0.03125716070233884,0.014,2.2326543358813455,0.4478973676886922
0.008,mixnet_attribution_oracle,44,0.3372225168573377,0.26557794228176207,2.2960384789796713,560.6787635426926,0.24814349089865573,1.9848489218146126,0.030588447204340046,0.014,2.184889086024289,0.45768913689785495
0.008,mixnet_attribution_oracle,45,0.35936551305403763,0.29095902871652446,2.2164028741261386,561.655737704918,0.25428516368265264,2.006477679993397,0.03329323548072618,0.014,2.3780882486232984,0.4205058414375123
0.008,mixnet_attribution_oracle,46,0.34612769172648283,0.26981765319656786,2.318411583401681,559.1564034756328,0.2610973939008545,2.028368210410005,0.03169837572483411,0.014,2.2641696946310077,0.44166300890400806
0.008,mixnet_attribution_oracle,47,0.33181542197935643,0.2601405989058732,2.3304734725682823,561.655737704918,0.3312480161257554,2.297200839546052,0.0304559126129282,0.014,2.175422329494871,0.4596808566510384
0.008,mixnet_attribution_oracle,48,0.344769746874047,0.2751092846315995,2.2501711872036223,564.220494053065,0.27899234017240815,2.1190345936376627,0.03409767773575648,0.014,2.435548409696892,0.4105851462523185
0.008,mixnet_attribution_oracle,49,0.3553520492418556,0.30187022293555266,2.148817429059798,555.5113346344393,0.28076884167967364,2.1322084308943623,0.03430302863059854,0.014,2.4502163307570384,0.40812722837865995
0.012,mixnet_attribution,0,0.1365021328458257,0.08892867217838576,3.8391738734461596,563.7056672760511,0.2781403476546984,2.1053776393683132,0.029170764618232016,0.021,1.3890840294396196,0.7198988533497265
0.012,mixnet_attribution,1,0.1321613077338268,0.0911636582004561,3.7987526213259373,570.6044413601666,0.30356371667585336,2.201557762665783,0.02973143870866486,0.021,1.4157827956507074,0.7063230342055331
0.012,mixnet_attribution,2,0.14898951527123538,0.10554662399955256,3.6755639490574272,562.2520893481234,0.2920976905734278,2.1599171567008995,0.03062822772064907,0.021,1.4584870343166223,0.6856420225007708
0.012,mixnet_attribution,3,0.14160572821450335,0.09561950255757996,3.7202815790266532,563.7056672760511,0.3015635821793694,2.1954404111670662,0.03162240640581689,0.021,1.505828876467471,0.6640860828395743
0.012,mixnet_attribution,4,0.1428033441289448,0.09542348096587401,3.7413825121952473,557.3907509226482,0.302244542457629,2.2043057731373876,0.031032040894348554,0.021,1.4777162330642168,0.6767199125412485
0.012,mixnet_attribution,5,0.12472730008275032,0.0921651525094686,3.8506586994048644,556.7210561949898,0.296870718797436,2.1694673810346883,0.03235245365949636,0.021,1.5405930314045884,0.6491006901986832
0.012,mixnet_attribution,6,0.13628711355984083,0.0861734367996923,3.8652872292543496,566.2892561983471,0.3007274664705619,2.2006536553864926,0.027888891602424914,0.021,1.3280424572583291,0.7529879745444623
0.012,mixnet_attribution,7,0.15214953271028037,0.09432409477221089,3.7625283814012276,553.3140186915888,0.2765924299019389,2.0932735352845575,0.029308331038304478,0.021,1.395634811347832,0.7165198172681373
0.012,mixnet_attribution,8,0.12656214496705295,0.0917900046990812,3.8024515241071537,560.5092024539878,0.2828683631378226,2.1028841632074085,0.03119405271816511,0.021,1.4854310818173861,0.6732052481199775
0.012,mixnet_attribution,9,0.12539586789322876,0.08945054834255353,3.8241950320037024,558.0200573065903,0.27150543450261466,2.0567239914045943,0.02942254288480159,0.021,1.4010734707048376,0.7137384447775822
0.012,mixnet_attribution,10,0.12413530976814899,0.08624190866924308,3.840990467714508,562.5507411630558,0.33301728471997194,2.3210811463014105,0.02864157051486275,0.021,1.3638843102315594,0.7332000174048637
0.012,mixnet_attribution,11,0.07433401252735643,0.0731405817299562,3.903712179253955,558.4824541544034,0.2661978703981731,2.041496789910683,0.029456174399024454,0.021,1.4026749713821167,0.712923535674595
0.012,mixnet_attribution,12,0.15273753240811347,0.09925942662392327,3.8315408230448207,564.3063901174318,0.3067904838535469,2.2197022377219673,0.03125020031973784,0.021,1.4881047771303733,0.6719956923519705
0.012,mixnet_attribution,13,0.12588477053048178,0.08605830403642921,3.8482835149055323,563.2345688408554,0.3088814576913137,2.220958336917973,0.029273134829176765,0.021,1.3939588013893696,0.7173813164372521
0.012,mixnet_attribution,14,0.15664044423877835,0.10025215706894341,3.7868591002334018,570.7362332253587,0.2996470922662411,2.187275254098214,0.03079042103672557,0.021,1.4662105255583604,0.6820302968560271
0.012,mixnet_attribution,15,0.10838305032889704,0.07834748093992767,3.938782534268827,566.0298301973382,0.3104352278460283,2.257959080975345,0.02841980016142486,0.021,1.3533238172107076,0.7389214519707988
0.012,mixnet_attribution,16,0.15057357745194863,0.10554938817431593,3.705791860310287,562.2094507331155,0.2933899602503516,2.1465527913129536,0.030471131618853963,0.021,1.4510062675644744,0.689176899062268
0.012,mixnet_attribution,17,0.13338403041825095,0.09651223403714937,3.661063865000946,562.7642585551331,0.30993136516190134,2.240540191355181,0.030970058265057922,0.021,1.4747646792884723,0.6780742813032846
0.012,mixnet_attribution,18,0.14431420307504947,0.09107908052943607,3.7831102755428883,563.2773633734206,0.2871918408200145,2.141171935696722,0.03069209023306547,0.021,1.461528106336451,0.6842153740762855
0.012,mixnet_attribution,19,0.12352309344790548,0.08621083722193931,3.80959885713868,567.7638483965014,0.2921770157699939,2.153606520590101,0.031171933606822296,0.021,1.4843777908010616,0.6736829439224757
0.012,mixnet_attribution,20,0.17686768676867687,0.10493188370210237,3.774427534124371,555.095409540954,0.2564634164737072,2.029469596434933,0.029667574260518022,0.021,1.412741631453239,0.7078435134464992
0.012,mixnet_attribution,21,0.1324568736226157,0.0950247526953925,3.720457160219538,562.3800440762976,0.32707560472772457,2.295277638638784,0.032488511044981384,0.021,1.547071954522923,0.6463823463908466
0.012,mixnet_attribution,22,0.1293292084810986,0.0895037171869897,3.8001616590787974,558.398324907568,0.318292819079943,2.280228070403182,0.031324941379463116,0.021,1.4916638752125293,0.6703923160018352
0.012,mixnet_attribution,23,0.133829275623685,0.08967055737549774,3.8019649507266617,556.0946798917944,0.270365975855384,2.0781937179252226,0.03263534450340448,0.021,1.554064023971642,0.6434741327093791
0.012,mixnet_attribution,24,0.16845986005567679,0.10882918972249364,3.5649415848966837,556.8046798585509,0.31293937825830653,2.241019721912637,0.028530365922572017,0.021,1.3585888534558102,0.7360578569861836
0.012,mixnet_attribution,25,0.11427480916030534,0.08071033309920787,3.9209303494179704,564.9083969465648,0.28539225927670486,2.1382619811596566,0.02920056090181301,0.021,1.3905029000863338,0.7191642677896694
0.012,mixnet_attribution,26,0.12815651778266474,0.09093346084719847,3.861741186069839,561.1880640024266,0.28652399018756114,2.119537400193731,0.02924206260470364,0.021,1.3924791716525542,0.7181435962257365
0.012,mixnet_attribution,27,0.17715281989084294,0.11530824343909292,3.7269442993711603,560.9757428744693,0.2914811135851778,2.150502447455702,0.03259547527602754,0.021,1.5521654893346446,0.6442611995120846
0.012,mixnet_attribution,28,0.13124054462934948,0.09230422754124137,3.7861735627121362,559.7897125567322,0.29972890188219026,2.2364018334909135,0.030515596751306946,0.021,1.4531236548241402,0.6881726800607495
0.012,mixnet_attribution,29,0.151087200179332,0.1023327361657831,3.703428533985007,552.9838601210491,0.2793133406667039,2.1181827517164304,0.03136022323861538,0.021,1.4933439637435892,0.6696380902716813
0.012,mixnet_attribution,30,0.14343915750634176,0.0974509119804356,3.7743852518210756,568.8530248289645,0.2529750488465652,2.021085493916717,0.029958825531116354,0.021,1.4266107395769692,0.7009620580148784
0.012,mixnet_attribution,31,0.12312129952937605,0.0867498697548828,3.889715838012059,561.7408531956885,0.28309673912008293,2.1238778789440875,0.030856904934941885,0.021,1.469376425473423,0.680560802979949
0.012,mixnet_attribution,32,0.13884272548723373,0.09710231404963375,3.7810195082746336,559.0299138842726,0.2634918575931806,2.044873599488767,0.029442367518965326,0.021,1.4020175009031106,0.7132578583047995
0.012,mixnet_attribution,33,0.13130467858501332,0.08885880534088489,3.8305310601965146,562.977938379612,0.2989839426591061,2.1873405912346517,0.0317788751685578,0.021,1.5132797699313236,0.6608163406858881
0.012,mixnet_attribution,34,0.11014711429649189,0.09194858310359907,3.7136507710811233,558.3142210486609,0.27355723213986494,2.091260245881145,0.02893963781959581,0.021,1.3780779914093242,0.7256483350244396
0.012,mixnet_attribution,35,0.11323630267469328,0.08281137058372649,3.9106635153183293,563.9200640097539,0.2752576202910859,2.084898195919273,0.030415193798294254,0.021,1.4483425618235357,0.6904443923410978
0.012,mixnet_attribution,36,0.13507957054747582,0.10509785547024095,3.792015786916441,563.4914337927358,0.2792859840847086,2.122543084668269,0.0316773853167129,0.021,1.5084469198434713,0.6629335025615406
0.012,mixnet_attribution,37,0.14112325669053902,0.09307130063778228,3.7749310818425776,557.894082171127,0.3231859616935253,2.2767168331257253,0.0298295676657043,0.021,1.420455603128776,0.7039994758001189
0.012,mixnet_attribution,38,0.10940311937612478,0.07920570786547358,3.9065220977749298,554.9292141571685,0.2931420757086016,2.1881517061299878,0.030212041424943742,0.021,1.4386686392830352,0.6950870914224925
0.012,mixnet_attribution,39,0.13483831604636973,0.08091094253056925,3.9178891859438925,564.392312385601,0.2908818920550402,2.142947477599363,0.029586935757000207,0.021,1.4089017027142956,0.7097727244373877
0.012,mixnet_attribution,40,0.10127923699947014,0.0795907941929678,3.8561676660263693,560.1703883127697,0.26748913977644406,2.071536775119626,0.029841531320756138,0.021,1.4210253009883875,0.7037172380424576
0.012,mixnet_attribution,41,0.13757855682592565,0.09418486150777709,3.784897107319289,560.3397440751116,0.2577661171089858,2.0319017419114207,0.03289914483014956,0.021,1.566625944292836,0.6383144640512085
0.012,mixnet_attribution,42,0.16730812768847633,0.12508110572565564,3.4212924151464814,558.4824541544034,0.32376126252347603,2.2762737894346206,0.032524848589696,0.021,1.5488023137950477,0.6456601924552197
0.012,mixnet_attribution,43,0.12004590665646518,0.08717028255553556,3.873581609473681,566.2027543993879,0.2896322905435227,2.1554997969924914,0.02931942906713352,0.021,1.3961632889111197,0.7162485992450847
0.012,mixnet_attribution,44,0.16533232628398792,0.10523169594503506,3.6556591562204037,558.9456193353475,0.2941115199646447,2.1678441733814666,0.03084882526804941,0.021,1.4689916794309241,0.6807390497864441
0.012,mixnet_attribution,45,0.14652579625202436,0.10338028476454444,3.7600919352564386,570.6922958278708,0.2727570883871522,2.069477478431546,0.03149408380719174,0.021,1.49971827653294,0.6667919006173663
0.012,mixnet_attribution,46,0.12176146234609865,0.0859610951885387,3.830483812121008,558.9877634262407,0.2708111930114683,2.0706070947480755,0.0323506388107332,0.021,1.540506610034914,0.6491371043044963
0.012,mixnet_attribution,47,0.1288269172476508,0.09633078037894552,3.783367260275573,560.806001818733,0.3000373028917238,2.192568217178951,0.032353982111191566,0.021,1.5406658148186458,0.6490700256873756
0.012,mixnet_attribution,48,0.16422177085684195,0.10176214026619447,3.74310137956055,556.7210561949898,0.28161673864815384,2.093027215065974,0.03283919864938667,0.021,1.5637713642565079,0.6394796725769742
0.012,mixnet_attribution,49,0.12268360940927313,0.09143174333061757,3.7486366534889877,559.7474472430225,0.3285337507550139,2.3356780427171033,0.03058269508390986,0.021,1.456318813519517,0.6866628314601515
0.012,mixnet_attribution_oracle,0,0.2777485928705441,0.2162235987086823,2.5981241712259164,555.3864915572233,0.28125327805173583,2.109787599330736,0.029458410849448717,0.021,1.4027814690213674,0.712869411297283
0.012,mixnet_attribution_oracle,1,0.25941580496641253,0.19766051569020196,2.676388245520937,558.5666088006642,0.29275594573118724,2.1757960203976534,0.03077303547922393,0.021,1.465382641867806,0.6824156172106557
0.012,mixnet_attribution_oracle,2,0.25596676737160123,0.19577827324889316,2.681449945075514,558.9456193353475,0.2782635448675137,2.107603495476873,0.029066172920326133,0.021,1.3841034723964825,0.7224893369197081
0.012,mixnet_attribution_oracle,3,0.303158380081457,0.23113847362141685,2.549353130245663,568.6784753707831,0.27176355352276005,2.0808254602802467,0.03255161088523238,0.021,1.5500767088205896,0.6451293631531774
0.012,mixnet_attribution_oracle,4,0.26936257710760797,0.20987789868999635,2.6108154018717418,563.5771076079507,0.3218095803458709,2.2843262942786478,0.03280808060509104,0.021,1.5622895526233829,0.6400862108568856
0.012,mixnet_attribution_oracle,5,0.27314920489994676,0.2027778662785059,2.664412410836523,563.0634558320019,0.3176791697915178,2.2498661916596427,0.03082295010709274,0.021,1.467759528909178,0.6813105146339526
0.012,mixnet_attribution_oracle,6,0.26947111720774275,0.2084672451728205,2.629908292677475,563.9629629629629,0.32259610077016987,2.272914133820268,0.02885810676729036,0.021,1.37419556034716,0.7276984650913675
0.012,mixnet_attribution_oracle,7,0.2800892101822656,0.21531531568760348,2.595598202148218,569.1150503729908,0.28472326198243536,2.1284338673146665,0.03041022922522803,0.021,1.448106153582287,0.690557109729992
0.012,mixnet_attribution_oracle,8,0.32350049164208455,0.25693164847793964,2.466688662551009,559.7474472430225,0.30664480663836,2.234823624487938,0.03211484813788203,0.021,1.5292784827562869,0.6539031388172384
0.012,mixnet_attribution_oracle,9,0.2749585905737088,0.21501960655180535,2.6287739116732496,557.1812979972896,0.3466919250495266,2.37281573113959,0.030721460564356318,0.021,1.462926693540777,0.683561250481842
0.012,mixnet_attribution_oracle,10,0.26216073979400045,0.20585497527535093,2.6162779580804667,556.3868130215774,0.2909678006253671,2.157419749967814,0.030861125404865044,0.021,1.4695774002316686,0.6804677316365623
0.012,mixnet_attribution_oracle,11,0.28190797029323944,0.21280640846012142,2.6084464367561364,566.5922211163005,0.26530986168654636,2.057910869035104,0.030951332583257947,0.021,1.4738729801551402,0.6784845189948049
0.012,mixnet_attribution_oracle,12,0.30202355783751134,0.22233695938705672,2.6097222827020494,558.7771066143159,0.2976194899820257,2.2072785532069705,0.029393757845576546,0.021,1.399702754551264,0.7144374023330359
0.012,mixnet_attribution_oracle,13,0.2836369202510332,0.20546531524792386,2.680149038116791,566.3757844787999,0.30661465716548264,2.2391843811995384,0.030391113417996253,0.021,1.4471958770474405,0.6909914655369206
0.012,mixnet_attribution_oracle,14,0.2824179149644424,0.21367580738860037,2.647774951717165,559.8742623694961,0.28484256914816797,2.12360305615101,0.031563084393592386,0.021,1.5030040187424945,0.6653342156973482
0.012,mixnet_attribution_oracle,15,0.29845873509984056,0.225106870131489,2.5498086393138477,561.8685748994002,0.2814911524474155,2.1315493321032095,0.03198352231464982,0.021,1.5230248721261819,0.656588095376259
0.012,mixnet_attribution_oracle,16,0.26108597285067875,0.2070759999483354,2.6420625498503045,558.10407239819,0.28101830027299,2.1230330681644447,0.0284664213057545,0.021,1.3555438717025952,0.7377112765402246
0.012,mixnet_attribution_oracle,17,0.2914877300613497,0.22309856815362605,2.576383987800196,567.5030674846626,0.28261545769055374,2.115997964552732,0.029768385282166684,0.021,1.4175421562936514,0.7054463922361436
0.012,mixnet_attribution_oracle,18,0.27004057882244853,0.21311287665276618,2.616886206647878,566.5922211163005,0.30528947405400686,2.2136169270194226,0.02950376389556877,0.021,1.4049411378842271,0.7117735918146374
0.012,mixnet_attribution_oracle,19,0.2739223479058392,0.20624893359325197,2.6402887318443597,565.5979822684194,0.30341403555939905,2.188741367095499,0.029830606751432162,0.021,1.4205050834015314,0.7039749534759897
0.012,mixnet_attribution_oracle,20,0.2660723728941603,0.206194768355576,2.634580379993654,559.0720707108861,0.2911640405654907,2.1493717355412354,0.030887864479397596,0.021,1.4708506894951234,0.6798786628323604
0.012,mixnet_attribution_oracle,21,0.2815815586596443,0.21644502651086642,2.6021785939827278,564.865353789787,0.2673901452217251,2.0715931039130595,0.03137525405534815,0.021,1.4940597169213403,0.669317289445833
0.012,mixnet_attribution_oracle,22,0.2634023758757234,0.20724880907117557,2.6215717487376438,563.5342674383186,0.2709253751381766,2.0822556810870374,0.03150028458523088,0.021,1.500013551677661,0.6666606437532311
0.012,mixnet_attribution_oracle,23,0.30056327450244086,0.21790310471461574,2.6020607026460825,555.8028539241457,0.2630412684229668,2.0422743277168545,0.03028224367466438,0.021,1.4420116035554467,0.6934756957117295
0.012,mixnet_attribution_oracle,24,0.2692016933776837,0.21997484597920403,2.568453049795462,559.4517689749017,0.2931097307591699,2.1842586685364296,0.030165729855534906,0.021,1.436463326454043,0.6961542154149754
0.012,mixnet_attribution_oracle,25,0.25449890821474286,0.20209961329057494,2.632708962442701,557.2231759656653,0.2948638499365188,2.1905012403989677,0.030815608734521396,0.021,1.467409939739114,0.6814728269986959
0.012,mixnet_attribution_oracle,26,0.2671222358722359,0.2069341509991191,2.6387943395516213,568.1990171990172,0.2894842771347612,2.133238798419295,0.02962811933482731,0.021,1.410862825467967,0.7087861285652002
0.012,mixnet_attribution_oracle,27,0.251317969573731,0.20513493343480524,2.6073675011837203,557.3488477180298,0.2942877216555644,2.1673634312231886,0.029768045503792702,0.021,1.417525976371081,0.705454444341145
0.012,mixnet_attribution_oracle,28,0.30600722673893405,0.23437142016762566,2.5498797689282546,557.0975609756098,0.28077950031729415,2.12604999320844,0.03159996822048302,0.021,1.5047603914515724,0.6645576303582437
0.012,mixnet_attribution_oracle,29,0.3262524744936805,0.24882991900810605,2.5076739330162243,563.4486066697121,0.2764927347598132,2.080934085017234,0.0316691948405326,0.021,1.508056897168219,0.6631049543805463
0.012,mixnet_attribution_oracle,30,0.2992501704158146,0.23407380441955314,2.5568697381935905,560.5092024539878,0.26999545574653894,2.080036291598722,0.029537794158789796,0.021,1.406561626609038,0.7109535629880765
0.012,mixnet_attribution_oracle,31,0.2796435915010281,0.22147376547877776,2.602531286217535,563.5771076079507,0.2732973690435756,2.090377612955371,0.029871193781581103,0.021,1.4224377991229096,0.7030184382168491
0.012,mixnet_attribution_oracle,32,0.2773382968822708,0.21685301804815071,2.585816025849548,573.9176361098185,0.3337655379145872,2.3267635200587593,0.030643255114184524,0.021,1.4592026244849772,0.6853057849679705
0.012,mixnet_attribution_oracle,33,0.27673919705792216,0.2078963817810439,2.6573273145620924,566.9822249463683,0.288448676612461,2.1536412778818432,0.029722213883367033,0.021,1.415343518255573,0.7065422543019885
0.012,mixnet_attribution_oracle,34,0.2951201201201201,0.22336354361715363,2.586134551239871,555.5945945945946,0.2788524121569935,2.0980466676129232,0.030333570791897514,0.021,1.4444557519951196,0.6923022727548243
0.012,mixnet_attribution_oracle,35,0.2717589774802191,0.2120149606241472,2.620199146243817,563.0206938527084,0.2784674019785598,2.0944106891074767,0.03173343500019445,0.021,1.511115952390212,0.66176258573556
0.012,mixnet_attribution_oracle,36,0.2927142317855795,0.2300264134795991,2.544676589164316,558.7349943374859,0.2609627549536526,2.0581815860188413,0.032047090746385475,0.021,1.5260519403040702,0.6552856908662933
0.012,mixnet_attribution_oracle,37,0.26593709344149385,0.21060181361036354,2.5821302257006713,566.3325170276269,0.3168835004325956,2.2587187920400122,0.03213564209814701,0.021,1.5302686713403337,0.6534800187238484
0.012,mixnet_attribution_oracle,38,0.2546612096407458,0.2008830119231598,2.649255481672635,560.8908594815825,0.2933633858920075,2.1505845409519475,0.030681434351512677,0.021,1.4610206834053654,0.684453006968517
0.012,mixnet_attribution_oracle,39,0.2442163321587253,0.19954291450127354,2.6218863440713505,566.8955109544967,0.3013859658385627,2.1977423369257503,0.03311914024942019,0.021,1.5771019166390565,0.6340744307324718
0.012,mixnet_attribution_oracle,40,0.2644965934897805,0.2053221890943203,2.6342457244186614,560.2127176381529,0.28367884308681823,2.12694992355107,0.03019292814748682,0.021,1.4377584832136578,0.6955271081168054
0.012,mixnet_attribution_oracle,41,0.27116827438370844,0.21606769674413964,2.5892425038959592,566.5489205328433,0.2694742708990816,2.0702043851261953,0.030013962041531103,0.021,1.429236287691957,0.6996743705793241
0.012,mixnet_attribution_oracle,42,0.26592417423144404,0.21385963760243573,2.5872358400865787,564.5212449462201,0.29069998039631173,2.1696848546013277,0.03039300685923468,0.021,1.4472860409159372,0.690948417748253
0.012,mixnet_attribution_oracle,43,0.29136443460334427,0.22146914372663234,2.5830629612846447,565.037565854776,0.3283307249075733,2.3261572257695393,0.03121895872591758,0.021,1.4866170821865514,0.6726681752702427
0.012,mixnet_attribution_oracle,44,0.2884409833562376,0.20496088990564634,2.6617721100969853,564.9945029775538,0.2894351212307811,2.1313465500198765,0.032356972392843526,0.021,1.5408082091830249,0.6490100416392673
0.012,mixnet_attribution_oracle,45,0.2169602684359033,0.18122062581723153,2.6985459823126363,564.3493479752917,0.3051622467173729,2.2236565134399076,0.029906932808333092,0.021,1.424139657539671,0.702178325493435
0.012,mixnet_attribution_oracle,46,0.2611039404752866,0.20331969571371564,2.6397322486036217,561.8685748994002,0.2883929531672038,2.1471617983326885,0.030598996821209534,0.021,1.4570950867242634,0.6862970091046894
0.012,mixnet_attribution_oracle,47,0.23165313313926766,0.1920777148905797,2.66708419316452,566.8955109544967,0.30787534089176916,2.2153966721421545,0.02956237847339982,0.021,1.4077323082571342,0.7103623282171212
0.012,mixnet_attribution_oracle,48,0.2830518788985243,0.21287394708441096,2.6208175803989953,562.9351894112277,0.28904653969220817,2.1458394575530146,0.03057651881350581,0.021,1.4560247054050384,0.6868015331661691
0.012,mixnet_attribution_oracle,49,0.2391304347826087,0.1909754716378432,2.6623701374911946,558.6086956521739,0.2825490462128073,2.130461982469438,0.030345331065366583,0.021,1.4450157650174562,0.692033972368405
0.019,mixnet_attribution,0,0.09603180671305146,0.0744381658721328,4.017181645822735,565.8138236868263,0.32682656196993776,2.3015805687543747,0.03137546696364408,0.03325,0.9436230665757617,1.0597451836662068
0.019,mixnet_attribution,1,0.10001542257865514,0.07083853085973002,4.0197292321343365,570.6483652066626,0.3250049016205594,2.2680431196436777,0.030262892473090032,0.03325,0.9101621796418055,1.0987052883185613
0.019,mixnet_attribution,2,0.12274665270401676,0.08468636725549704,3.8819469092738075,553.5618969257237,0.2904682570951991,2.145366291894264,0.031307343083505614,0.03325,0.9415742280753567,1.0620511587748844
0.019,mixnet_attribution,3,0.11293759512937596,0.08004087439130429,3.884916433865878,563.1917808219179,0.3007623662124388,2.205590098175966,0.029444409882846967,0.03325,0.8855461618901342,1.129246608517361
0.019,mixnet_attribution,4,0.11405672009864365,0.07777257032567333,3.979939137696378,570.2971639950678,0.310630652209511,2.2273616849085194,0.030646198854956973,0.03325,0.9216901911265254,1.084963265994793
0.019,mixnet_attribution,5,0.1257112510431682,0.08684441771117557,3.8355355782901364,561.4430619831576,0.3384833980817348,2.331429505107695,0.03195289663323763,0.03325,0.9609893724281994,1.0405942341206436
0.019,mixnet_attribution,6,0.11066707654472795,0.07513014755267629,4.035656674452335,568.7221026744544,0.32228675464284606,2.281541439966018,0.031777640208462195,0.03325,0.9557185025101411,1.0463332010142694
0.019,mixnet_attribution,7,0.08900992315153324,0.06972286591628231,4.040806399384115,552.160188017608,0.30062847706722096,2.213350265644843,0.031558786789855735,0.03325,0.9491364448076912,1.0535892973771694
0.019,mixnet_attribution,8,0.10902625406673223,0.08504899932827552,3.8514471728029025,559.9165468714534,0.2801477283646818,2.1118639762158233,0.029379594802135926,0.03325,0.8835968361544638,1.1317378685421045
0.019,mixnet_attribution,9,0.1248780487804878,0.07593576474185045,3.95889783558477,555.3864915572233,0.3251669683959335,2.2929889125718828,0.03312535766472434,0.03325,0.9962513583375741,1.0037627468520407
0.019,mixnet_attribution,10,0.12110050364579418,0.07958671879337709,3.9547006004725147,556.3033150417199,0.35596671715029515,2.4182822780745754,0.03218888287373522,0.03325,0.9680867029694802,1.032965329378691
0.019,mixnet_attribution,11,0.11416347669443819,0.07932831736192467,3.932075452035466,555.469714028372,0.34936056286096573,2.3893435010823714,0.032262149539970926,0.03325,0.9702902117284489,1.0306194867395673
0.019,mixnet_attribution,12,0.1405683192261185,0.09532330704932494,3.7319985326302096,559.2829504232164,0.347328790492611,2.392231290127011,0.031030179669465165,0.03325,0.9332384862997042,1.071537463017632
0.019,mixnet_attribution,13,0.1201192022617865,0.0769063280826046,3.9888424274947987,565.4685565828685,0.3064213758916594,2.1999228577229375,0.03099038672183506,0.03325,0.9320417059198514,1.0729133617610804
0.019,mixnet_attribution,14,0.10184624697336561,0.06979747263273198,4.048845874110084,559.9588377723971,0.2979786336654797,2.166245765149714,0.02964107963479464,0.03325,0.8914610416479591,1.121754011988449
0.019,mixnet_attribution,15,0.11124419823326845,0.07471520001697833,3.9978136760705874,554.0169187004043,0.30040138665935956,2.19854954699409,0.03183318921290758,0.03325,0.9573891492603782,1.0445073466442987
0.019,mixnet_attribution,16,0.13504065658484687,0.08369412176332257,3.9465922926551977,562.3800440762976,0.3217892079264857,2.26309657223399,0.03123488912003206,0.03325,0.9393951615047236,1.064514744144732
0.019,mixnet_attribution,17,0.10187504744553252,0.07198047009091438,4.039700250433542,561.7834206331132,0.3369433330371976,2.3336578914216073,0.03048221287799967,0.03325,0.9167582820451028,1.0908000719330309
0.019,mixnet_attribution,18,0.12865228698179593,0.08430072588404743,3.846159761074975,566.0298301973382,0.3374659712135326,2.357013640874006,0.03314083926275493,0.03325,0.9967169703084188,1.0032938434775174
0.019,mixnet_attribution,19,0.13417587407295292,0.08214181308879885,3.947175760496821,560.0434387770547,0.35594726822455414,2.404194632032869,0.03165630434731511,0.03325,0.9520693036786498,1.0503437051653206
0.019,mixnet_attribution,20,0.1308828052906798,0.08610101354969471,3.8837749286726844,569.0713626576438,0.2986249908572063,2.1972933932545082,0.03226882857251608,0.03325,0.9704910848877016,1.0304061681470396
0.019,mixnet_attribution,21,0.15452904002407464,0.10283503480409098,3.8412703796992616,556.7628648811315,0.30607485701330006,2.22824605474712,0.030840328658118095,0.03325,0.9275286814471607,1.0781337763483143
0.019,mixnet_attribution,22,0.09917417417417418,0.0722558749845418,4.015758173086161,555.5945945945946,0.31368271305109374,2.238796023951856,0.030338749303755016,0.03325,0.9124435880828575,1.0959581644944296
0.019,mixnet_attribution,23,0.09342612905666087,0.06880726865251578,4.061519910239282,559.831984265073,0.2921537130314391,2.183287654772365,0.032437610235944415,0.03325,0.9755672251411853,1.0250446860340954
0.019,mixnet_attribution,24,0.1292564280750521,0.08685074446031656,3.863079301679632,571.3961084086171,0.2924814284197055,2.1586471892157055,0.030179112274859334,0.03325,0.9076424744318596,1.1017554027823033
0.019,mixnet_attribution,25,0.12574525745257453,0.08383024203856296,3.912858081527326,572.98606271777,0.31577726706746034,2.2587526909391356,0.03150941082629374,0.03325,0.9476514534223681,1.0552402957739149
0.019,mixnet_attribution,26,0.14510898257787164,0.09606254571087826,3.722591196126869,558.1460894486763,0.33394655943266116,2.3531040544468125,0.0326193685632193,0.03325,0.9810336409990766,1.019333036308121
0.019,mixnet_attribution,27,0.14940387481371087,0.10262002794334284,3.8342579932509357,551.461997019374,0.3240928458108101,2.2857395455596317,0.030133230011705956,0.03325,0.9062625567430362,1.1034329870074753
0.019,mixnet_attribution,28,0.10365117682558841,0.07371043642918113,3.992225833316523,558.2721786360893,0.29256919035105966,2.165775581187739,0.029805142966666174,0.03325,0.8963952771929676,1.115579282313342
0.019,mixnet_attribution,29,0.12123272150464537,0.07665152805502348,3.9885252283737196,558.9877634262407,0.3289445977716241,2.3230239002144453,0.029297174198547066,0.03325,0.8811180210089343,1.1349217427819018
0.019,mixnet_attribution,30,0.13025821776109112,0.07754486582027129,4.002642147806392,567.025591908666,0.3054464352026116,2.221754870634235,0.03329413517560595,0.03325,1.0013273737024344,0.9986743858828842
0.019,mixnet_attribution,31,0.0986475127989608,0.06858284704765757,4.06466318379546,565.4685565828685,0.3050666034105234,2.2162294600484858,0.032077913069370495,0.03325,0.9647492652442253,1.0365387526331529
0.019,mixnet_attribution,32,0.0982021453391751,0.0690561151540542,4.058105179287058,559.0299138842726,0.28791568250744604,2.1422571915663133,0.02918157191630193,0.03325,0.8776412606406595,1.1394177152405314
0.019,mixnet_attribution,33,0.13003676746454565,0.08412032579739627,3.894928779432208,555.3032940646807,0.31115966133074835,2.226725161291381,0.031885423164435524,0.03325,0.9589600951709931,1.0427962592350508
0.019,mixnet_attribution,34,0.12439098660170524,0.07678529424297431,3.995261888150213,563.3629719853836,0.3049161297676619,2.232520997544687,0.030852591311983882,0.03325,0.9278974830671843,1.0777052618943197
0.019,mixnet_attribution,35,0.11548155502940502,0.07345579488362458,3.990439593734081,565.2098831436646,0.28350793136633,2.134000209340017,0.02881036953585836,0.03325,0.8664772792739356,1.1540983519359558
0.019,mixnet_attribution,36,0.10316728167281673,0.07773705062052198,3.911717508701075,568.8966789667896,0.32164033674052916,2.2961169383812994,0.029311722355944436,0.03325,0.8815555595772762,1.1343584520974723
0.019,mixnet_attribution,37,0.11028968014484007,0.07785131030589691,3.9908523787899775,558.2721786360893,0.2952967796009034,2.163679789508661,0.03256563734508616,0.03325,0.9794176645138695,1.0210148706030808
0.019,mixnet_attribution,38,0.11393273850377487,0.08290698487343268,3.9071066154061507,564.3493479752917,0.3355746455199551,2.329684160597324,0.03246152274152628,0.03325,0.9762863982413917,1.0242895955544644
0.019,mixnet_attribution,39,0.1060281517747858,0.07187332735407734,4.027424377518377,566.1162790697674,0.2857264934282284,2.135405349140995,0.02966972464266111,0.03325,0.8923225456439431,1.1206710005050378
0.019,mixnet_attribution,40,0.11882397861779305,0.07622782783424442,3.999221859569713,565.1237113402062,0.2994388454244472,2.1997176787569863,0.032688881926737516,0.03325,0.9831242684733087,1.017165410383875
0.019,mixnet_attribution,41,0.09519471646549761,0.06795726363270739,4.009998933124209,561.7834206331132,0.2882961979485117,2.15803084716965,0.03053536991973479,0.03325,0.9183569900672117,1.0889011689526238
0.019,mixnet_attribution,42,0.11537306710704098,0.07794022484146888,3.975224251635971,555.5113346344393,0.34502280462766066,2.376306483012978,0.032463149281854085,0.03325,0.9763353167474912,1.0242382743372882
0.019,mixnet_attribution,43,0.09130697253244793,0.06846110933692044,4.075285496341403,558.4403863567763,0.3127133786329068,2.2466579076556408,0.030609452786774172,0.03325,0.920585046218772,1.086265743841287
0.019,mixnet_attribution,44,0.12474171577255683,0.07735310280245222,3.9764368175322473,566.3325170276269,0.3280591315415222,2.3226314888477777,0.03425056166523809,0.03325,1.0300920801575366,0.9707869997865294
0.019,mixnet_attribution,45,0.08085808580858085,0.0640903841606368,4.10810433070805,555.095409540954,0.31601331877755,2.2472491586896775,0.03061358156757169,0.03325,0.920709220077344,1.0861192417688565
0.019,mixnet_attribution,46,0.12383395522388059,0.0843646381196716,3.922254352281099,575.2537313432836,0.28930542152374983,2.1601689194944873,0.033699384534624566,0.03325,1.013515324349611,0.9866649038007551
0.019,mixnet_attribution,47,0.12782762058124378,0.0835837311850003,3.9289783341391966,567.4596273291926,0.3203276138519868,2.2621946927119767,0.03146505472474147,0.03325,0.9463174353305704,1.056727861777879
0.019,mixnet_attribution,48,0.10889042039972432,0.07505910477086766,3.9961764954022443,566.6788421778084,0.2840172406286001,2.155344704437609,0.031001176731677196,0.03325,0.932366217494051,1.072539932525366
0.019,mixnet_attribution,49,0.14719192818458343,0.09753492310279582,3.820657191500477,549.0525261517917,0.28550626381183974,2.1256237101290276,0.03335114886819618,0.03325,1.0030420712239452,0.9969671549068394
0.019,mixnet_attribution_oracle,0,0.19545593635250919,0.15941722348991713,2.877908434271525,566.1162790697674,0.3074056112091057,2.219138084369705,0.03174184018807985,0.03325,0.954641810167815,1.0475133074511074
0.019,mixnet_attribution_oracle,1,0.1917549167927383,0.15383394993880178,2.9486357446671856,559.7897125567322,0.30953996753669344,2.234030775785362,0.029292005999014454,0.03325,0.8809625864365249,1.135121985196873
0.019,mixnet_attribution_oracle,2,0.21565374754938924,0.1593702027827102,2.927254310838581,558.0200573065903,0.310150551260449,2.234129348224733,0.029953611309108567,0.03325,0.9008604904995057,1.1100497918890013
0.019,mixnet_attribution_oracle,3,0.23008716561466788,0.16942108050125035,2.8996335888079323,556.0946798917944,0.35559711704263464,2.392926263936679,0.030301411757790823,0.03325,0.9113206543696488,1.0973086094396596
0.019,mixnet_attribution_oracle,4,0.19736043689320387,0.15274186229946987,2.9538990722343574,561.3155339805825,0.2885192128305789,2.1239424320023614,0.030715016334070068,0.03325,0.9237598897464682,1.0825323886648255
0.019,mixnet_attribution_oracle,5,0.22855620671283963,0.1666282909815946,2.8941657662983133,563.2345688408554,0.3151369606202934,2.2583024206068285,0.031648922694821766,0.03325,0.9518472990923839,1.0505886826106785
0.019,mixnet_attribution_oracle,6,0.24465666211914508,0.1730935502939232,2.90310453044983,560.8908594815825,0.3116134562587831,2.24222544602004,0.030285624320636,0.03325,0.9108458442296541,1.097880619794393
0.019,mixnet_attribution_oracle,7,0.216494054468738,0.16286609000772662,2.9083943592965875,567.7203682393556,0.2958902699465398,2.179564473970892,0.030311333617200082,0.03325,0.9116190561563934,1.0969494255816044
0.019,mixnet_attribution_oracle,8,0.20351910587524544,0.1586201017131791,2.9274341978198586,558.861350249207,0.33215452122385614,2.3350761165898324,0.029315931328941804,0.03325,0.8816821452313324,1.134195588975689
0.019,mixnet_attribution_oracle,9,0.20166304592104278,0.16233734849164208,2.9023554653153294,554.3897670237471,0.3182912361808121,2.2678215981053116,0.03238618215654072,0.03325,0.9740205159861869,1.0266724197154196
0.019,mixnet_attribution_oracle,10,0.21318004207995192,0.15867971457758195,2.924414212868241,556.0946798917944,0.3264031790604349,2.30563607232608,0.029186679832780806,0.03325,0.8777948821888963,1.1392183074779032
0.019,mixnet_attribution_oracle,11,0.41662247139934844,0.29072000378909213,2.5648980970251287,560.6787635426926,0.2918576704978477,2.153988856821515,0.03228294074604758,0.03325,0.9709155111593257,1.029955736113378
0.019,mixnet_attribution_oracle,12,0.22643800273182577,0.16693690756174648,2.8911703662172004,561.57064804978,0.30907632631715387,2.238719899491527,0.030895350012382396,0.03325,0.9291834590190193,1.0762137339979607
0.019,mixnet_attribution_oracle,13,0.1943092474728566,0.15242490196461186,2.947730921070481,554.1411456383377,0.26684188173385337,2.0676890817731195,0.03114758225735913,0.03325,0.9367693911987708,1.0674985854526202
0.019,mixnet_attribution_oracle,14,0.2342481638964051,0.16948313386010042,2.8975481489597747,572.1016621569386,0.31515336071606725,2.263467012066481,0.029165991528645695,0.03325,0.8771726775532539,1.1400263888626296
0.019,mixnet_attribution_oracle,15,0.24442267108833282,0.18004805638409282,2.8183899885416084,557.7681640036177,0.2997614096093457,2.1989567529472107,0.030990680959873694,0.03325,0.9320505551841712,1.0729031750883966
0.019,mixnet_attribution_oracle,16,0.2324251091374379,0.17317230472959166,2.8670949441253586,557.0138491645341,0.31693636014824733,2.2639510364457838,0.030971336139879877,0.03325,0.9314687560866128,1.0735733146877713
0.019,mixnet_attribution_oracle,17,0.20719763115936526,0.15700295480301105,2.927068524375754,561.8685748994002,0.2812567765940912,2.101578636405856,0.031357141500541766,0.03325,0.9430719248283237,1.060364510566932
0.019,mixnet_attribution_oracle,18,0.19783218373379824,0.1637199907346334,2.8559911035259566,560.9332979610399,0.32516925694653764,2.306800452482099,0.0332314837240343,0.03325,0.9994431195198284,1.0005571907688344
0.019,mixnet_attribution_oracle,19,0.23617511520737328,0.17460038656603458,2.857104602922194,568.3732718894009,0.3095679380057845,2.2278266240056803,0.02934348292539842,0.03325,0.8825107646736366,1.133130654071752
0.019,mixnet_attribution_oracle,20,0.2245192673101771,0.16953909458679564,2.8900411196766163,562.4653796458159,0.3334146461857017,2.316005147209532,0.030060481062680982,0.03325,0.9040746184264956,1.106103389718493
0.019,mixnet_attribution_oracle,21,0.225179584120983,0.1695083804481109,2.8794423705503944,559.578449905482,0.310823447216535,2.234425495450074,0.03126746215769541,0.03325,0.9403748017352002,1.0634057804981356
0.019,mixnet_attribution_oracle,22,0.23037763087911253,0.17029268610600598,2.863847524994502,562.2947344426715,0.27421589457662776,2.0893414546021125,0.03218013162946894,0.03325,0.9678235076532012,1.0332462397248658
0.019,mixnet_attribution_oracle,23,0.21250573306833817,0.16317964436333243,2.8885925873470852,565.6842990368445,0.33314463729038835,2.332329230187116,0.03036218541881895,0.03325,0.9131484336486902,1.0951122108420805
0.019,mixnet_attribution_oracle,24,0.22474804879896945,0.1736020463718882,2.8451680045210432,560.7635826324165,0.32219530612928793,2.2486748271924375,0.03305219283122385,0.03325,0.9940509122172585,1.0059846912362587
0.019,mixnet_attribution_oracle,25,0.21039000609384523,0.16296680201235242,2.904930314851131,563.7056672760511,0.35905251785879955,2.446010261831076,0.03193983945463092,0.03325,0.9605966753272457,1.041019634655024
0.019,mixnet_attribution_oracle,26,0.21271615192932114,0.15709461181111836,2.94087355576563,558.8192252510761,0.28103789658052847,2.1158481868544063,0.02932458881357021,0.03325,0.8819425207088785,1.1338607409428798
0.019,mixnet_attribution_oracle,27,0.22157164869029275,0.1659956247791017,2.877725920140751,570.1217257318953,0.3085318542725872,2.2129439618774525,0.03136287493870295,0.03325,0.9432443590587353,1.0601706656352563
0.019,mixnet_attribution_oracle,28,0.23503916052011253,0.1735798274484862,2.8750232167299075,562.7215420880541,0.2998812792939134,2.1907677610463194,0.03254883986822901,0.03325,0.9789124772399702,1.0215417856553282
0.019,mixnet_attribution_oracle,29,0.23718531998786777,0.16443081690279182,2.9320217760102634,561.1455868971792,0.3312641223310493,2.318460303850349,0.03145929203904234,0.03325,0.9461441214749575,1.0569214322666676
0.019,mixnet_attribution_oracle,30,0.19418960244648317,0.16161522429334124,2.9119764455469186,565.7706422018349,0.30948440518113784,2.2383392906485575,0.03023361233471637,0.03325,0.9092815739764321,1.0997693438643454
0.019,mixnet_attribution_oracle,31,0.20500640880645404,0.1604421281138762,2.909476347138559,557.9780592626103,0.31371981924166903,2.267892485471882,0.029943648194209218,0.03325,0.9005608479461419,1.1104191374526702
0.019,mixnet_attribution_oracle,32,0.19034177601464755,0.15644492782217642,2.8982912285428077,564.5642355813244,0.30132806417532265,2.179538473577818,0.029325463887347535,0.03325,0.8819688387172191,1.1338269064635567
0.019,mixnet_attribution_oracle,33,0.22903421132303967,0.16680209042588942,2.879795833683538,560.1280653950954,0.33579523011576384,2.3447472880131457,0.030536124265332636,0.03325,0.9183796771528612,1.0888742694091142
0.019,mixnet_attribution_oracle,34,0.19587318322162814,0.15479488487168327,2.9093563588104256,557.3069508246103,0.32064120285212994,2.2811516629615083,0.03272934855759944,0.03325,0.9843413100029905,1.0159077850719909
0.019,mixnet_attribution_oracle,35,0.25183115608245865,0.1890890409323313,2.8109215969917845,558.8192252510761,0.3237517734814901,2.282910103131719,0.03422783029561081,0.03325,1.029408429943182,0.9714317183658527
0.019,mixnet_attribution_oracle,36,0.2215496368038741,0.16207445770684006,2.9090600368831074,559.9588377723971,0.30696017618174665,2.2264094973851525,0.030580208336980014,0.03325,0.9197055138941357,1.087304560963094
0.019,mixnet_attribution_oracle,37,0.2234198167680345,0.16938503470130545,2.8694720827539757,569.7273847101394,0.2829898419440724,2.120234624851288,0.030964785960685,0.03325,0.9312717582160901,1.0738004145165565
0.019,mixnet_attribution_oracle,38,0.20913073553147338,0.16332541147491092,2.904257994030614,568.765736684344,0.30885276416665874,2.230784687901436,0.030376445099203085,0.03325,0.9135772962166341,1.0945981299461636
0.019,mixnet_attribution_oracle,39,0.21168940028956792,0.15866981682067852,2.9215484922372035,563.9200640097539,0.3033731213363353,2.210302158929693,0.030714395346250457,0.03325,0.9237412134210663,1.0825542754517903
0.019,mixnet_attribution_oracle,40,0.2267228177641654,0.1647287404005452,2.906838670289849,566.635528330781,0.3451807526871562,2.365385306733419,0.03177609361082339,0.03325,0.9556719882954402,1.0463841278675796
0.019,mixnet_attribution_oracle,41,0.20351302241066022,0.15594415334388992,2.9337661476533428,560.2973955178679,0.29187234403798357,2.134711284538801,0.028813153876983407,0.03325,0.8665610188566438,1.153986826362693
0.019,mixnet_attribution_oracle,42,0.2265565823360097,0.17238320127052498,2.8780536309957863,560.5515830934706,0.3056274144037161,2.2232297807780563,0.03236520653822071,0.03325,0.9733896703224274,1.0273377974812063
0.019,mixnet_attribution_oracle,43,0.2048780487804878,0.15874918620002618,2.91315498086416,564.0487804878048,0.31908668827963993,2.2724156666180093,0.030715011467103502,0.03325,0.9237597433715339,1.0825325601981797
0.019,mixnet_attribution_oracle,44,0.2424521072796935,0.17553976609382202,2.8637434473829084,567.0689655172414,0.29953218944137916,2.166189477597305,0.03251106217667696,0.03325,0.9777763060654724,1.022728812098091
0.019,mixnet_attribution_oracle,45,0.2213089802130898,0.1681156178034713,2.8768650915247633,563.1917808219179,0.28343937094905414,2.130453862359405,0.03274273388551988,0.03325,0.984743876256237,1.0154924789192528
0.019,mixnet_attribution_oracle,46,0.23089052410271813,0.16903834604361795,2.8902752419918776,555.6778795614957,0.28309589010314085,2.1247618867351736,0.032303331846624414,0.03325,0.9715287773420875,1.0293055885959488
0.019,mixnet_attribution_oracle,47,0.23439161476530457,0.16702053780111378,2.911710028520682,562.0815737505696,0.3387118891987484,2.3269371663858873,0.03161584333744888,0.03325,0.95085243120147,1.0516879035965954
0.019,mixnet_attribution_oracle,48,0.23599660990831342,0.17091612023876943,2.893476275266001,570.1655751598737,0.3132670142222196,2.2365640038266825,0.031211945206601865,0.03325,0.9387051189955448,1.0652972693597786
0.019,mixnet_attribution_oracle,49,0.2310023486627775,0.16816690590577815,2.8854308284920536,560.6787635426926,0.3409256743034348,2.35858034679147,0.03155617126964259,0.03325,0.9490577825456417,1.0536766236906216
0.03,mixnet_attribution,0,0.11725128515270639,0.08013936155785921,3.886743113683507,559.4517689749017,0.392213742074091,2.568953394848257,0.02945238744311733,0.0525,0.5609978560593778,1.7825380065162975
0.03,mixnet_attribution,1,0.08307644882860665,0.05885159943943949,4.186788821347027,570.2971639950678,0.34663981015910394,2.366564496575053,0.029990245737848985,0.0525,0.5712427759590283,1.7505691836910402
0.03,mixnet_attribution,2,0.11898364934367084,0.06502241596562695,4.13468346611427,568.0683964074615,0.3491632517252583,2.390763129603112,0.03093351951804383,0.0525,0.5892098955817873,1.6971880606529828
0.03,mixnet_attribution,3,0.09772159563999697,0.06533832414478764,4.10427867613415,560.1703883127697,0.38468601353815757,2.540490376483366,0.03149286304428327,0.0525,0.599864057986348,1.66704436894727
0.03,mixnet_attribution,4,0.12836970474967907,0.0832303692526565,3.8220488258102034,558.8192252510761,0.38443873351207003,2.5335706584736823,0.030658141128820173,0.0525,0.5839645929299081,1.7124325894190433
0.03,mixnet_attribution,5,0.09031770045385779,0.06178381173384632,4.1609802540149525,559.7897125567322,0.3545328952604905,2.4150256119920837,0.030233521211150634,0.0525,0.5758765944981074,1.736483145093834
0.03,mixnet_attribution,6,0.09300405344542861,0.06096582586970662,4.162214002228568,555.5113346344393,0.3673213207803201,2.4724890542036233,0.03021406314155956,0.0525,0.5755059646011345,1.737601452476812
0.03,mixnet_attribution,7,0.08612257374293138,0.06343267826238037,4.140434610007326,565.5116918844567,0.33730757763260044,2.3130859816425273,0.02946341664625728,0.0525,0.5612079361191863,1.7818707392399125
0.03,mixnet_attribution,8,0.07888118283667403,0.06327817634620207,4.146556611504554,564.0058684551483,0.38766100839711726,2.56230015573779,0.031172167888687066,0.0525,0.5937555788321346,1.6841947017439611
0.03,mixnet_attribution,9,0.07586050724637682,0.0627168157140835,4.133969266440836,558.6086956521739,0.3408198261167854,2.3583869946066813,0.03161348286085784,0.0525,0.6021615783020542,1.6606838364210337
0.03,mixnet_attribution,10,0.09272630538876643,0.06274030597263647,4.148748017285976,562.4653796458159,0.3512784113991074,2.4092554982923575,0.03012293977299971,0.0525,0.5737702813904707,1.7428577819970168
0.03,mixnet_attribution,11,0.10015838298514217,0.06680446812149601,4.08508059433027,558.1460894486763,0.3414761419116985,2.3555639391266867,0.0311534730228879,0.0525,0.5933994861502457,1.685205368962529
0.03,mixnet_attribution,12,0.10596175478065242,0.06705011817189402,4.102453328329033,554.970753655793,0.35635676482343115,2.4287756810102374,0.029047959949244112,0.0525,0.5532944752236973,1.807355838128872
0.03,mixnet_attribution,13,0.1672250989948218,0.07584656043252332,4.119370957352638,563.5342674383186,0.34459136144141667,2.370700689132631,0.03066720274917066,0.0525,0.5841371952222983,1.7119265956338248
0.03,mixnet_attribution,14,0.10106260989221008,0.07122035226499118,4.008491112806683,565.7274673190124,0.4420614310365636,2.760692727228937,0.03183406548090409,0.0525,0.6063631520172208,1.649176729610377
0.03,mixnet_attribution,15,0.07832042882668255,0.06145639551872463,4.140839923048826,550.9702203692674,0.34647077359841205,2.3725984276847805,0.03251101829775506,0.0525,0.6192574913858107,1.6148371459538446
0.03,mixnet_attribution,16,0.1302626570232204,0.07861356591852231,3.900341130707078,563.4057860677578,0.35349594583385624,2.4158355937183433,0.031170872108067835,0.0525,0.5937308972965302,1.6842647141210922
0.03,mixnet_attribution,17,0.10625522535532417,0.06820044637641624,4.072827574989521,562.4653796458159,0.3567855891305953,2.447963616761122,0.03040787260370934,0.0525,0.5791975734039875,1.72652657041176
0.03,mixnet_attribution,18,0.08448249734808304,0.06246063566515311,4.140617119944017,560.7211698742234,0.38441532917204313,2.5410998709312054,0.03288642976052954,0.0525,0.6264081859148484,1.5964031481158458
0.03,mixnet_attribution,19,0.1100293617678875,0.07426381500361535,4.002256654446083,571.7927677329625,0.3464451352774631,2.372144729507032,0.031730425484811996,0.0525,0.6043890568535618,1.6545633787712526
0.03,mixnet_attribution,20,0.1010207145001501,0.06552036133623292,4.1121940182433745,555.4280996697688,0.3226380626729224,2.2872954584361738,0.03261225744277113,0.0525,0.6211858560527834,1.6098241617320854
0.03,mixnet_attribution,21,0.12997466090326426,0.07036484048560668,4.125792029171469,551.5440453122671,0.3768739581864793,2.4961170985979964,0.0321710180578843,0.0525,0.6127812963406533,1.6319035942704208
0.03,mixnet_attribution,22,0.11868667631598995,0.07599653332569367,3.9763561218108077,563.7485335567914,0.37155215014354326,2.4893463926752197,0.030338529284991683,0.0525,0.5778767482855559,1.7304728092396846
0.03,mixnet_attribution,23,0.10506695069993914,0.0730188155615757,4.023634893761007,563.0206938527084,0.35498143601580523,2.411992635605795,0.03116285782899768,0.0525,0.5935782443618606,1.684697863337414
0.03,mixnet_attribution,24,0.08491486010051759,0.0707575912805696,3.9920862850141625,555.1369739704448,0.34282099179108627,2.359599386670472,0.03152781069560101,0.0525,0.6005297275352574,1.6651964992712032
0.03,mixnet_attribution,25,0.09528144439387043,0.06433459253122022,4.1212194366751085,561.4005461993628,0.33693318389123306,2.3369457681258963,0.030655822446087208,0.0525,0.5839204275445182,1.7125621109115243
0.03,mixnet_attribution,26,0.09364649202047576,0.06575184897215197,4.112930797330644,557.0975609756098,0.31399713866994716,2.2430560434780427,0.03152106369797504,0.0525,0.6004012132947627,1.6655529300355645
0.03,mixnet_attribution,27,0.08040201005025126,0.06042976123903335,4.165908559987578,555.0538513462836,0.3439271373208612,2.3786830847566485,0.028519180062781768,0.0525,0.5432224773863193,1.8408663883192697
0.03,mixnet_attribution,28,0.11268031115474662,0.07351879600381,3.9838819381085977,558.9034816101503,0.3597463231126312,2.438587735447668,0.03111554661902688,0.0525,0.5926770784576548,1.6872594475938505
0.03,mixnet_attribution,29,0.08830584707646177,0.07055504537800582,3.985729067540705,554.7631184407796,0.3559584889153484,2.4388729120501003,0.029461111317699334,0.0525,0.561164025099035,1.7820101704194575
0.03,mixnet_attribution,30,0.07072913528171136,0.06097650352320486,4.141420664900704,557.4326604398915,0.3513199826120399,2.4003780050120165,0.030084582136861746,0.0525,0.5730396597497476,1.7450799137300732
0.03,mixnet_attribution,31,0.08934288763531026,0.0633087220437508,4.142424653027224,564.1346241805153,0.3907270320923999,2.55624684419712,0.030719285263730165,0.0525,0.5851292431186699,1.7090241374198254
0.03,mixnet_attribution,32,0.09245612702271519,0.06116693557315127,4.170070001051067,562.2094507331155,0.3689251874748152,2.4778157689311278,0.030215588298875842,0.0525,0.5755350152166827,1.7375137455772536
0.03,mixnet_attribution,33,0.09681093394077449,0.06425219146271995,4.138149403794494,561.9111617312072,0.36894985791877843,2.4670183711948264,0.03262596282427292,0.0525,0.6214469109385319,1.609147913358783
0.03,mixnet_attribution,34,0.1176425855513308,0.066358655871923,4.144843875587566,562.7642585551331,0.3290874948434066,2.309677103732441,0.03204781079305225,0.0525,0.6104344912962334,1.6381774199497472
0.03,mixnet_attribution,35,0.09421060629083726,0.06813350212696065,4.086832978824711,562.2520893481234,0.329853615781758,2.307784691251625,0.03210344350690348,0.0525,0.6114941620362567,1.6353385887937681
0.03,mixnet_attribution,36,0.09509524523773812,0.06295766296872353,4.145818255702296,555.0122993850307,0.36973096965812147,2.4907022539731045,0.030357744735007505,0.0525,0.5782427568572859,1.7293774770910042
0.03,mixnet_attribution,37,0.09472559346614762,0.06607409019944283,4.125287694822355,564.865353789787,0.36822900906554423,2.458975729532482,0.0327313114490352,0.0525,0.6234535514101942,1.6039687282847175
0.03,mixnet_attribution,38,0.09441764300482426,0.06583855898235405,4.116956978472674,566.6788421778084,0.33641615920350887,2.3387347229948854,0.031207876228974456,0.0525,0.5944357376947516,1.6822676306072122
0.03,mixnet_attribution,39,0.11012526096033402,0.0705716787325,4.099596987786415,551.7903370116313,0.3065142504929099,2.2225879656184473,0.03164605948416084,0.0525,0.6027820854125875,1.6589743195760835
0.03,mixnet_attribution,40,0.06807106979533699,0.06157881165129121,4.123900685132084,554.8046330309619,0.36350176876294427,2.4308983665480257,0.030956966626586077,0.0525,0.5896565071730682,1.6959025938579073
0.03,mixnet_attribution,41,0.11146950716375366,0.07504729481380432,3.994024033552098,555.1369739704448,0.3484071630227845,2.389687940957124,0.03128684912515672,0.0525,0.5959399833363185,1.678021324230649
0.03,mixnet_attribution,42,0.08477769404672193,0.06446757754317889,4.129090902930377,557.6842501883949,0.3290920985455159,2.288101201432526,0.03249187791981463,0.0525,0.6188929127583739,1.615788417325788
0.03,mixnet_attribution,43,0.07651735208683688,0.060998217773713115,4.170937877366951,565.6842990368445,0.4006328454997856,2.5821553205994965,0.03408181325116439,0.0525,0.6491773952602742,1.540410999059927
0.03,mixnet_attribution,44,0.1191916098905305,0.06524495938975051,4.143897920963135,566.5056265788869,0.3413599916093517,2.3842049766147833,0.029456151999974905,0.0525,0.5610695619042839,1.7823101944899227
0.03,mixnet_attribution,45,0.08566275924256087,0.06149742030595295,4.155211212905816,556.0946798917944,0.37078750037471764,2.4466036354516696,0.032725411514574136,0.0525,0.6233411717061741,1.6042579014359934
0.03,mixnet_attribution,46,0.09872084273890143,0.06527548820493163,4.106233376880477,556.8465011286681,0.3661139569885563,2.4422551171390694,0.029683282447107783,0.0525,0.5653958561353863,1.7686723189576152
0.03,mixnet_attribution,47,0.08936395225864935,0.06623740187448175,4.100614867596608,559.0299138842726,0.33917891402961686,2.336812691542801,0.03036931031134767,0.0525,0.5784630535494795,1.7287188764501862
0.03,mixnet_attribution,48,0.10755835772723861,0.06765112729781338,4.103792732875464,555.469714028372,0.31514653205522336,2.2508655531499144,0.030813854157509084,0.0525,0.5869305553811254,1.7037790771527417
0.03,mixnet_attribution,49,0.09387448327696354,0.067771863992629,4.0576836593935495,556.2198421645998,0.34465212482609786,2.359764793410507,0.02862433530436904,0.0525,0.5452254343689341,1.8341037247417489
0.03,mixnet_attribution_oracle,0,0.17051070840197693,0.13027677754839817,3.1206920386910544,554.1825670211173,0.35464600022532977,2.4080946127436396,0.02925798541701354,0.0525,0.5572949603240674,1.7943819183624041
0.03,mixnet_attribution_oracle,1,0.17498311698056576,0.1308918926362326,3.117136669273345,555.3032940646807,0.3193250868935138,2.2518881422193227,0.030492885236307783,0.0525,0.5808168616439578,1.7217131010445812
0.03,mixnet_attribution_oracle,2,0.17269198569145291,0.13270560628659045,3.1055804882862863,563.2345688408554,0.35180696338647977,2.3787136950530146,0.02934037585141236,0.0525,0.558864301931664,1.7893431313175494
0.03,mixnet_attribution_oracle,3,0.1873073163395744,0.13514876018242208,3.0866696166409144,556.4703361154974,0.3554406955954619,2.4352084214307963,0.03400766203309421,0.0525,0.6477649911065564,1.5437697525019556
0.03,mixnet_attribution_oracle,4,0.17705565257004025,0.13423379808882807,3.094655922984623,561.8685748994002,0.37194546457612887,2.473976072191621,0.0326196344653196,0.0525,0.6213263707679924,1.6094600954470144
0.03,mixnet_attribution_oracle,5,0.22696798493408663,0.13948995322895646,3.1245754231968834,557.4745762711865,0.33798432993353345,2.3530562416950107,0.03292812086767115,0.0525,0.6272023022413552,1.5943819026595147
0.03,mixnet_attribution_oracle,6,0.15536679536679537,0.13470309307441194,3.0227118416249694,571.4401544401544,0.4231141967175063,2.7001461674019174,0.03091170634220445,0.0525,0.58879440651818,1.6983856995406483
0.03,mixnet_attribution_oracle,7,0.19114362726222564,0.13523828759670514,3.109918785011338,569.9025798998845,0.38156753274961375,2.5299463899471424,0.030362130992364695,0.0525,0.5783263046164704,1.7291276430235551
0.03,mixnet_attribution_oracle,8,0.19007765965467843,0.13483722013670363,3.091818688816593,557.9780592626103,0.35932071556453593,2.4428377265711463,0.030619285402153442,0.0525,0.5832244838505418,1.7146056581812876
0.03,mixnet_attribution_oracle,9,0.14968610543831784,0.12431212245001823,3.155552676640088,559.7474472430225,0.33138554892502725,2.32428211562523,0.02978862274183863,0.0525,0.5674023379397835,1.7624178349898283
0.03,mixnet_attribution_oracle,10,0.17973025048169558,0.14126107465639026,3.0697617326228355,570.3410404624277,0.34258359647355974,2.358204756358841,0.029916415699768814,0.0525,0.569836489519406,1.7548893733417972
0.03,mixnet_attribution_oracle,11,0.19102878821691588,0.1341192969531726,3.1148243887513307,550.5201963847355,0.3270831028057728,2.314687517403439,0.030773385123133275,0.0525,0.58615971663111,1.70601965919356
0.03,mixnet_attribution_oracle,12,0.16424792139077854,0.13108270191315413,3.1210222672203627,559.3673469387755,0.3680504819203634,2.463458423860842,0.029333182139888503,0.0525,0.5587272788550192,1.789781952385189
0.03,mixnet_attribution_oracle,13,0.1533093028606488,0.12623221721482042,3.1338379537092624,567.5465143032441,0.3202340206189547,2.2832714131806258,0.02904621407454678,0.0525,0.5532612204675578,1.8074644724871662
0.03,mixnet_attribution_oracle,14,0.18520510062989706,0.13558795185345757,3.0920922166453066,568.4604393916117,0.31947673833929,2.2747585272023074,0.030946337290446616,0.0525,0.5894540436275546,1.6964850963544293
0.03,mixnet_attribution_oracle,15,0.17309721175584025,0.1345619934140386,3.0993398458045345,557.6842501883949,0.32433202894753776,2.3091137903482153,0.03156374725913791,0.0525,0.6012142335073888,1.6633006077819519
0.03,mixnet_attribution_oracle,16,0.14895577395577395,0.12692434637609565,3.105530961401086,568.1990171990172,0.3320752776635345,2.351756593526127,0.030256352879389905,0.0525,0.5763114834169506,1.7351727820362008
0.03,mixnet_attribution_oracle,17,0.19387910085054677,0.13514894302742536,3.1063547744244193,561.9963547995139,0.349361113156192,2.392119531294272,0.0298986109312212,0.0525,0.5694973510708801,1.7559344185176715
0.03,mixnet_attribution_oracle,18,0.148714069591528,0.12962306571555177,3.098293925198193,559.7897125567322,0.3966308438393753,2.5831164149941355,0.03163555167540689,0.0525,0.602581936674417,1.659525351056637
0.03,mixnet_attribution_oracle,19,0.17489822567017435,0.1314805471839743,3.112654814627693,568.4168522928028,0.3665732164226938,2.4412653303864555,0.03079300837413375,0.0525,0.5865334928406428,1.7049324756492519
0.03,mixnet_attribution_oracle,20,0.16598670293139922,0.12979674651785844,3.1228679331513036,559.114233907525,0.35741322665126063,2.4366933055762248,0.02898149012214151,0.0525,0.5520283832788859,1.8115010573555923
0.03,mixnet_attribution_oracle,21,0.1660328567082446,0.1299994152729076,3.1170956977846496,562.849710982659,0.3144907208334189,2.246003785393431,0.028801048941687408,0.0525,0.5485914084130935,1.8228502755679186
0.03,mixnet_attribution_oracle,22,0.21181232199070604,0.1531375428910779,3.070216641475827,554.6801079298456,0.38893099580309354,2.5571368915279375,0.030028761727185275,0.0525,0.5719764138511482,1.7483238395565053
0.03,mixnet_attribution_oracle,23,0.18949754438987534,0.13833546077767642,3.0790522520635673,559.1564034756328,0.34976138593629,2.39029565204824,0.032956313561468595,0.0525,0.6277393059327352,1.5930179782419966
0.03,mixnet_attribution_oracle,24,0.19430460590577806,0.13753148223994519,3.1019464645972135,556.0529716733038,0.33737490107887425,2.338528807985487,0.031939268335633,0.0525,0.6083670159168191,1.6437446045508952
0.03,mixnet_attribution_oracle,25,0.18979807112718505,0.13682691517870965,3.097595246468843,557.6003616636528,0.3274997838016134,2.2988302945904397,0.03205821609061014,0.0525,0.6106326874401932,1.6376457084078757
0.03,mixnet_attribution_oracle,26,0.15787068768562942,0.12645088239718,3.131263869411165,563.5771076079507,0.3441555587342009,2.3784473987359136,0.027943852517167828,0.0525,0.5322638574698634,1.8787674307880649
0.03,mixnet_attribution_oracle,27,0.1863382544175017,0.13379306284742912,3.1058821877178646,566.0730513271628,0.34228073016856797,2.3550658183807327,0.03145399496010927,0.0525,0.5991237135258909,1.6691043559516618
0.03,mixnet_attribution_oracle,28,0.11397651393046282,0.12182851946076433,3.119290088240112,567.9813492977205,0.3510882015689276,2.4210556190043135,0.02943152602310061,0.0525,0.5606004956781069,1.7838014909180413
0.03,mixnet_attribution_oracle,29,0.17968989867976665,0.13117187649263395,3.119121073732885,568.0248695118207,0.35007431666599587,2.4090949019740475,0.02931475393510893,0.0525,0.5583762654306463,1.790907067349563
0.03,mixnet_attribution_oracle,30,0.16052209754980537,0.13032261926601107,3.1122116820640437,564.865353789787,0.3573325775505509,2.4265807118582985,0.030421399138094316,0.0525,0.579455221677987,1.7257588897105787
0.03,mixnet_attribution_oracle,31,0.1499123542412926,0.12691705981307097,3.1274778650924446,564.0058684551483,0.3874073400220368,2.494467857665578,0.028827116777683955,0.0525,0.5490879386225516,1.8212019053061186
0.03,mixnet_attribution_oracle,32,0.2147575439123255,0.138139670825407,3.1234426121000176,555.5113346344393,0.39205585001036525,2.5436962394055893,0.028364088212382774,0.0525,0.540268346902529,1.8509320520685846
0.03,mixnet_attribution_oracle,33,0.18616697135892749,0.13328590376339788,3.120626318145168,563.7056672760511,0.3839843798195943,2.547820476162475,0.03176753853486933,0.0525,0.6050959720927491,1.6526304026474663
0.03,mixnet_attribution_oracle,34,0.19736034376918354,0.13280897269805897,3.126148853877657,567.8508287292817,0.35505910724168643,2.427790796069586,0.0297858089096325,0.0525,0.5673487411358572,1.7625843286405394
0.03,mixnet_attribution_oracle,35,0.19685696932887944,0.1434376366492232,3.0635683402967495,561.8259945338597,0.33713553164852783,2.342020091955355,0.031107236384657084,0.0525,0.5925187882791826,1.6877101954931102
0.03,mixnet_attribution_oracle,36,0.20695339427543832,0.14059523440397512,3.0953973405825703,554.5141615465308,0.35747390042524785,2.4437284059008424,0.030825960121204542,0.0525,0.5871611451658009,1.7031099694405407
0.03,mixnet_attribution_oracle,37,0.17082795780526674,0.13107802499311735,3.108901052396642,561.6131896486302,0.3423345766204875,2.3432337808694177,0.031187949753255985,0.0525,0.5940561857763045,1.6833424580761056
0.03,mixnet_attribution_oracle,38,0.18089492974954186,0.13938981791194957,3.0959779359177118,565.0806353084912,0.32554380982764997,2.296588516812447,0.03144980025422839,0.0525,0.5990438143662551,1.6693269774564445
0.03,mixnet_attribution_oracle,39,0.20905896730827986,0.13034902469792684,3.1484882705148833,565.2529789184234,0.40775510924868286,2.653956228253744,0.030389846993766675,0.0525,0.5788542284526986,1.727550652386252
0.03,mixnet_attribution_oracle,40,0.1704307508226144,0.12862969872000002,3.1362976465779804,553.4379300029914,0.4065526485792361,2.612223670739712,0.02835999896428406,0.0525,0.5401904564625536,1.8511989392565673
0.03,mixnet_attribution_oracle,41,0.16282051282051282,0.13398775454177864,3.0686417733710156,558.10407239819,0.3374200999678578,2.348170601518478,0.033000698003247834,0.0525,0.6285847238713873,1.5908754413265167
0.03,mixnet_attribution_oracle,42,0.1975607908491781,0.13634245422768287,3.0994083405075386,560.5939701537762,0.3415201007737778,2.3521464921323147,0.03242394597875407,0.0525,0.6175989710238871,1.6191736821422307
0.03,mixnet_attribution_oracle,43,0.1702807578178498,0.13662918830823476,3.0713276125906668,563.0634558320019,0.3469132543250453,2.3648023372649516,0.03378072748126267,0.0525,0.6434424282145271,1.5541405977452807
0.03,mixnet_attribution_oracle,44,0.18189432008527487,0.13253153578591545,3.1046206246724433,563.4486066697121,0.3198149913805537,2.253643817462984,0.030929405303747774,0.0525,0.5891315295951957,1.6974138197748818
0.03,mixnet_attribution_oracle,45,0.1874104787033547,0.13756946381143575,3.095932592368257,557.894082171127,0.3460369242820889,2.3677237307206593,0.030720757525197755,0.0525,0.585157286194243,1.7089422341535194
0.03,mixnet_attribution_oracle,46,0.20837449654229045,0.13744629478056386,3.1145980312892374,562.3800440762976,0.3491884144314099,2.3939622235477396,0.030161709046243164,0.0525,0.574508743737965,1.7406175465557452
0.03,mixnet_attribution_oracle,47,0.1768525592055004,0.1322536701343897,3.1133360211163787,565.3391902215432,0.3480870845087338,2.3697287529527538,0.029371557440719998,0.0525,0.5594582369660952,1.7874435193285088
0.03,mixnet_attribution_oracle,48,0.1575099856809104,0.12987246133112781,3.097611416034162,557.7262039339814,0.3326749792031478,2.3074086066781607,0.03161708675784544,0.0525,0.6022302239589609,1.660494542147299
0.03,mixnet_attribution_oracle,49,0.16107899807321774,0.1289329813428658,3.119417172354492,570.3410404624277,0.30330736507312395,2.200068627777429,0.030318097391590318,0.0525,0.5774875693636251,1.7316390049780146
0.06,mixnet_attribution,0,0.07991443196577279,0.05600606984795786,4.237801827304733,565.3823057529223,0.40785493998555467,2.5899930441109094,0.03023742228330626,0.105,0.2879754503172025,3.472518226461695
0.06,mixnet_attribution,1,0.07397511260401557,0.05758690765530522,4.210529891950497,564.9514466753187,0.4238763292960357,2.6955305427709284,0.02981539607930907,0.105,0.28395615313627687,3.52167047255383
0.06,mixnet_attribution,2,0.07430456624428282,0.056723756593994416,4.217324763186143,554.8876808877559,0.4697065549553372,2.8864619705365078,0.035065388766002854,0.105,0.33395608348574146,2.9944057001815203
0.06,mixnet_attribution,3,0.07659767336455658,0.05734893741597755,4.209618782385136,559.0299138842726,0.4571564524376299,2.816939872736837,0.029639326832561916,0.105,0.28227930316725636,3.542590578833473
0.06,mixnet_attribution,4,0.07375864953235495,0.054855847136584736,4.245440349236627,562.7215420880541,0.3905775539460592,2.538351820747466,0.0285236621172783,0.105,0.27165392492646,3.681154248997919
0.06,mixnet_attribution,5,0.08558048190950979,0.05587424713955329,4.247013353958714,558.9877634262407,0.47826273849932477,2.9026259080020935,0.03242678617507221,0.105,0.30882653500068774,3.2380637240183168
0.06,mixnet_attribution,6,0.08007827199518326,0.05724730975514869,4.216247607067562,556.9720027094152,0.44641843845602125,2.7748292984956304,0.03217538797081491,0.105,0.3064322663887134,3.2633639132880563
0.06,mixnet_attribution,7,0.0726832222895215,0.05491306679629658,4.2488278175859735,560.2973955178679,0.4634209189971443,2.837728918288352,0.03028935489697622,0.105,0.2884700466378688,3.466564420309992
0.06,mixnet_attribution,8,0.0745811978887784,0.056542872027704215,4.232285523976565,566.0730513271628,0.4461717730737291,2.787111128714159,0.02930386472364634,0.105,0.27908442593948896,3.5831451240379133
0.06,mixnet_attribution,9,0.08084130019120458,0.05899693924844835,4.208045250819113,565.9866156787763,0.44472376778139733,2.7748607394248133,0.03185204287081151,0.105,0.30335278924582393,3.2964918584929954
0.06,mixnet_attribution,10,0.08781633580845583,0.05779616952396182,4.213688519082799,560.7211698742234,0.5033808199805208,3.0060009899912705,0.031237824961493136,0.105,0.2975030948713632,3.36130957035048
0.06,mixnet_attribution,11,0.09226460793218286,0.05569170381628669,4.256429965660759,560.1280653950954,0.4726857973728329,2.8836188874951714,0.029423869906525967,0.105,0.28022733244310444,3.5685312752389473
0.06,mixnet_attribution,12,0.16110170795507,0.05832296510079248,4.259332019878634,569.3335897830435,0.46110622555715963,2.8158255280750604,0.034950099175978834,0.105,0.3328580873902746,3.004283320379428
0.06,mixnet_attribution,13,0.05369380224414489,0.05400323959246688,4.240056419220999,557.3069508246103,0.44069808803033084,2.7605549285398947,0.030635254035790645,0.105,0.2917643241503871,3.4274238391276364
0.06,mixnet_attribution,14,0.07262738014600738,0.05556348994335121,4.233652893933553,556.9720027094152,0.4637536462105345,2.832258401595458,0.03272593841679108,0.105,0.31167560396943883,3.2084641443353212
0.06,mixnet_attribution,15,0.0934193742027463,0.05708881991180779,4.235087792806369,555.3032940646807,0.4316505677998066,2.7122927542479394,0.030151074846024452,0.105,0.2871530937716615,3.482462915044128
0.06,mixnet_attribution,16,0.06651239175873395,0.05485902934354998,4.234495348628692,552.4481934905942,0.4238179895328358,2.6777971777201763,0.033410514433269374,0.105,0.3181953755549464,3.142723234918034
0.06,mixnet_attribution,17,0.0631788282086584,0.05438541198254008,4.2490675186001,566.0298301973382,0.43717615379136987,2.740604519597667,0.02872754182264648,0.105,0.273595636406157,3.655029053590184
0.06,mixnet_attribution,18,0.07067325979459871,0.055640962784346576,4.228183184438619,562.977938379612,0.4284544925612863,2.7328729112763956,0.029480286704558305,0.105,0.2807646352815077,3.561702131742317
0.06,mixnet_attribution,19,0.0722038334231391,0.05487818563674535,4.239813000510337,569.6398275729351,0.4293120668735355,2.694017009794826,0.031060791274042283,0.105,0.29581705975278366,3.3804676472537007
0.06,mixnet_attribution,20,0.08561361421395906,0.054955615819626165,4.264038126077845,554.8046330309619,0.4332165970117785,2.730272014051068,0.030569719904130356,0.105,0.29114018956314625,3.434771412014579
0.06,mixnet_attribution,21,0.06548431105047749,0.054681976358232916,4.242943574701586,560.8908594815825,0.47256560166715644,2.860980166055918,0.03155013063286219,0.105,0.30047743459868753,3.328036933407604
0.06,mixnet_attribution,22,0.06300105884132506,0.05358320496001785,4.254173260993946,559.7051883224929,0.4476645437825937,2.7911432063294237,0.030730577204430242,0.105,0.2926721638517166,3.4167923141014995
0.06,mixnet_attribution,23,0.05602858446100046,0.05336453993406306,4.263954446820709,562.5934316557701,0.44107638736022636,2.7677567722912166,0.028031456304162972,0.105,0.26696625051583783,3.745791829745441
0.06,mixnet_attribution,24,0.09504004929143561,0.05624793543021741,4.249099824159576,569.9463955637708,0.43165506463265046,2.6850657762297843,0.030012463378334606,0.105,0.2858329845555677,3.4985465430271008
0.06,mixnet_attribution,25,0.06171988666819818,0.0542611110083772,4.248983051776167,566.6788421778084,0.43073356756940484,2.7260526086645163,0.030398921536682846,0.105,0.28951353844459854,3.4540699042002156
0.06,mixnet_attribution,26,0.0695089455652836,0.055032586845190676,4.241720143759628,563.4057860677578,0.44434199153329246,2.7513817416416684,0.031822455961049656,0.105,0.3030710091528539,3.299556769864616
0.06,mixnet_attribution,27,0.06732212548784149,0.057142620582188504,4.207870955506767,555.4280996697688,0.42353319155517966,2.682003127858138,0.029154295736804895,0.105,0.27765995939814186,3.6015275741147863
0.06,mixnet_attribution,28,0.06659167604049494,0.05444752352701065,4.250174682796521,554.970753655793,0.4733425680315122,2.888331353829061,0.030820619411563558,0.105,0.2935297086815577,3.406810181128454
0.06,mixnet_attribution,29,0.13601056392729532,0.061056591195417564,4.220927180817026,574.8076743824763,0.44714047806337476,2.753408805129898,0.031003554624630236,0.105,0.29527194880600227,3.386708436218619
0.06,mixnet_attribution,30,0.09007070396557024,0.06267869460543012,4.141616877638882,568.7221026744544,0.5197246769967023,3.061587318787259,0.03295298703152793,0.105,0.31383797172883743,3.1863575796494787
0.06,mixnet_attribution,31,0.06608908993329755,0.05482992270772009,4.240787091938451,567.3727670014567,0.4293554773321375,2.7138863328288325,0.03178883544596049,0.105,0.30275081377105234,3.303046447816404
0.06,mixnet_attribution,32,0.08617142857142857,0.056471683947603483,4.234856405232679,563.8342857142857,0.42660788889043033,2.6954160449907443,0.03180852090024348,0.105,0.30293829428803315,3.301002279524298
0.06,mixnet_attribution,33,0.08209633444410784,0.05506464188512275,4.241246840468678,560.4668282338686,0.448812947695842,2.8169097537144463,0.030522404370303555,0.105,0.29068956543146246,3.440095961187075
0.06,mixnet_attribution,34,0.07488619119878603,0.055245666390656735,4.238547577904477,561.4855842185129,0.4379866907838732,2.747511232087862,0.032234490014870026,0.105,0.3069951429987622,3.2573805247597423
0.06,mixnet_attribution,35,0.07237189646064449,0.05509741423289789,4.245461005888045,558.4824541544034,0.45161271502729505,2.8271202308503574,0.030479714730308284,0.105,0.2902829974315075,3.4449141315483036
0.06,mixnet_attribution,36,0.07719589495925143,0.05554759917421502,4.242735487490995,558.4403863567763,0.42693340210826136,2.692506777165927,0.03070016669001187,0.105,0.292382539904875,3.4201768694031607
0.06,mixnet_attribution,37,0.06844249924539691,0.05465621432552419,4.247883751946759,558.4403863567763,0.43533208972075954,2.7313591958562244,0.030080574287732913,0.105,0.2864816598831706,3.4906248463088616
0.06,mixnet_attribution,38,0.10856074766355141,0.05675125942754552,4.240275004690737,553.3140186915888,0.40324149071238935,2.618468766086674,0.030499340181525652,0.105,0.2904699064907205,3.4426974280447413
0.06,mixnet_attribution,39,0.06991204124962087,0.056219465276340544,4.219192287738722,561.1455868971792,0.5130964000418317,3.031640689256785,0.032233694141220126,0.105,0.3069875632497155,3.2574609518841044
0.06,mixnet_attribution,40,0.06310024009603842,0.05483801218650664,4.234671062701862,555.2617046818727,0.4544534697488416,2.8246513124667736,0.028011820069098966,0.105,0.2667792387533235,3.748417623024431
0.06,mixnet_attribution,41,0.0653396140404194,0.055870907478757725,4.226729661305489,562.2520893481234,0.4351006264332682,2.7387679721929503,0.028657426272252005,0.105,0.27292786925954293,3.6639717399070086
0.06,mixnet_attribution,42,0.08162801273306049,0.05739311166973084,4.22207627823864,560.8908594815825,0.4858253145357594,2.893219350006677,0.033913287408495946,0.105,0.3229836896047233,3.0961315762533665
0.06,mixnet_attribution,43,0.07727998782992318,0.0563146898662308,4.220055969021895,562.8924469460713,0.4466805189731531,2.786996575986271,0.03146818415603618,0.105,0.29969699196224936,3.3367034932601616
0.06,mixnet_attribution,44,0.09101382488479262,0.061090058069325014,4.1668760656480375,568.3732718894009,0.46440048498334363,2.8561601981291997,0.03150701932478659,0.105,0.30006685071225325,3.3325907131239303
0.06,mixnet_attribution,45,0.08170740823802049,0.055031104620968295,4.25113973399446,553.2314420273603,0.45354943480924703,2.8003389741440046,0.0308197680325582,0.105,0.2935216003100781,3.4069042923709656
0.06,mixnet_attribution,46,0.08105673971780246,0.05604906442714003,4.24252376624045,555.4280996697688,0.45463380025466904,2.8215709810253133,0.030514830660524385,0.105,0.29061743486213704,3.440949784978935
0.06,mixnet_attribution,47,0.08125047771917755,0.058548445631101745,4.196456222076862,565.641137353818,0.46774567832471803,2.8818050989729525,0.03279471429104445,0.105,0.31233061229566145,3.201735470788148
0.06,mixnet_attribution,48,0.056329542887265605,0.05528088701863528,4.230165654205962,557.3069508246103,0.4470086332876235,2.8091430066926018,0.030850416151145768,0.105,0.2938134871537692,3.4035197284073053
0.06,mixnet_attribution,49,0.07910906298003072,0.05685364552814355,4.221862278446914,568.3732718894009,0.4518057487439364,2.7965901045349133,0.032250792717483705,0.105,0.3071504068331781,3.2557339262881966
0.06,mixnet_attribution_oracle,0,0.1640305531980557,0.11238451661395915,3.2581154239342114,570.9560219118895,0.4117863295250572,2.6456772636107955,0.031080317072389757,0.105,0.2960030197370453,3.3783439131409922
0.06,mixnet_attribution_oracle,1,0.1283406536142336,0.1091701584303252,3.2759342841309356,550.9292786421499,0.4460828651790507,2.793910554450221,0.028787755763617754,0.105,0.2741691025106453,3.647384008054564
0.06,mixnet_attribution_oracle,2,0.15032282567413596,0.11173858736659407,3.265303565018299,562.1241929358147,0.4046165522013325,2.6346607074421646,0.03215949543653319,0.105,0.3062809089193637,3.2649765978828134
0.06,mixnet_attribution_oracle,3,0.17359745954937245,0.11404462769976034,3.2569669959718563,559.5362165431725,0.4215089403151069,2.692637259857332,0.033781599363692294,0.105,0.3217295177494504,3.1082009726529303
0.06,mixnet_attribution_oracle,4,0.1346960567462436,0.10988491444531033,3.2716077689206307,564.4352833498589,0.4815143637242727,2.908535470970919,0.030846741253202806,0.105,0.29377848812574103,3.4039252035771486
0.06,mixnet_attribution_oracle,5,0.1717819514429684,0.11856502187222447,3.2528839031444132,564.9945029775538,0.43937343728612177,2.733078909423505,0.033564526587712654,0.105,0.31966215797821573,3.12830272536716
0.06,mixnet_attribution_oracle,6,0.14163447701280013,0.11315465671976446,3.260590137503892,560.5092024539878,0.4663791513594333,2.8821872351188573,0.03401841547764971,0.105,0.3239849093109496,3.086563513488322
0.06,mixnet_attribution_oracle,7,0.13618530255017353,0.1106847314826321,3.2624153666657523,558.3562698053418,0.4706381247669924,2.8816658128844783,0.031908063387330765,0.105,0.3038863179745787,3.290704256331981
0.06,mixnet_attribution_oracle,8,0.1385784872671988,0.11082660661853397,3.268305921001807,562.5507411630558,0.49651746547897346,2.946279424183106,0.03158594261912394,0.105,0.3008185011345137,3.324263621514559
0.06,mixnet_attribution_oracle,9,0.16076006635499926,0.11416379692347997,3.2689866739137257,558.0200573065903,0.4376256632676814,2.7446945498010713,0.03110883347210262,0.105,0.29627460449621545,3.3752471012505354
0.06,mixnet_attribution_oracle,10,0.14361460384790184,0.11051893846996722,3.2703904740266627,560.5515830934706,0.42714468127815053,2.6818913790328587,0.03047046065858248,0.105,0.2901948634150713,3.4459603737702307
0.06,mixnet_attribution_oracle,11,0.14528487975115698,0.11054519034993138,3.2741774129812455,561.4430619831576,0.41673274495406076,2.651541608536318,0.030567106649947908,0.105,0.29111530142807535,3.435065058739504
0.06,mixnet_attribution_oracle,12,0.17253948967193194,0.11728931722911952,3.2626228640412474,561.9963547995139,0.4394359480065759,2.7452926971369145,0.03169639379398681,0.105,0.3018704170855887,3.3126796910227614
0.06,mixnet_attribution_oracle,13,0.141417203486169,0.11225690106915723,3.262797580743445,560.8484274346343,0.46017520339228213,2.8417705980924763,0.029990047437440243,0.105,0.2856194994041928,3.5011615176345354
0.06,mixnet_attribution_oracle,14,0.3692482055156781,0.1337035314328,3.270435374847737,559.1564034756328,0.43914610653882846,2.729371202418058,0.03393398600877821,0.105,0.32318081913122104,3.0942430392008204
0.06,mixnet_attribution_oracle,15,0.14138505834217305,0.10904373208159793,3.2895729879890148,560.7211698742234,0.44702570646768436,2.777854053554358,0.027553520778868468,0.105,0.26241448360827113,3.8107652681731805
0.06,mixnet_attribution_oracle,16,0.18050866531622778,0.11615108903586423,3.252995358246395,555.2201215395004,0.4318496445193887,2.7035498701361647,0.03190971386614049,0.105,0.30390203682038563,3.2905340499281586
0.06,mixnet_attribution_oracle,17,0.15545138363828823,0.11238951396521418,3.2559094057369884,559.5362165431725,0.4369824780151248,2.7399929085697288,0.03171838714573454,0.105,0.30207987757842425,3.3103826975048536
0.06,mixnet_attribution_oracle,18,0.12364854575909852,0.1104053556631969,3.265537581637238,563.4486066697121,0.4459242366719991,2.748241159259984,0.031501999947136074,0.105,0.30001904711558164,3.3331217121516694
0.06,mixnet_attribution_oracle,19,0.1642299825770775,0.11540914561567926,3.2616117539157092,560.5939701537762,0.44106848860974424,2.728369097291651,0.03162449668738729,0.105,0.3011856827370218,3.3202109440014222
0.06,mixnet_attribution_oracle,20,0.14357832219747588,0.11133187764231658,3.270226063930195,549.4187082405346,0.42342578957322985,2.697413858089305,0.030686572228891828,0.105,0.29225306884658886,3.4216920422653483
0.06,mixnet_attribution_oracle,21,0.12844718650115217,0.11024185720957527,3.2660455683171374,550.1117222924255,0.4793867667031009,2.923300817060588,0.03070767909436883,0.105,0.2924540866130365,3.4193401486748924
0.06,mixnet_attribution_oracle,22,0.15082164027913258,0.1100598680291641,3.2857327867411663,555.3032940646807,0.4193536959064659,2.6379864531083066,0.02825611018263035,0.105,0.2691058112631462,3.7160104246955337
0.06,mixnet_attribution_oracle,23,0.14932263679709376,0.1111320304789043,3.2744746077005478,560.0857488836751,0.4306361665658187,2.740219130369651,0.03052583818782752,0.105,0.2907222684555002,3.43970898862557
0.06,mixnet_attribution_oracle,24,0.13050041512566987,0.10829889728281993,3.286166157228414,558.5666088006642,0.4661671564390417,2.8344962462326277,0.027820156307115006,0.105,0.26495386959157147,3.774241914418944
0.06,mixnet_attribution_oracle,25,0.1596315034357774,0.11201349923132017,3.276765098035442,558.8192252510761,0.44458125135861337,2.767680471022893,0.029675769156421346,0.105,0.28262637291829856,3.5382402203812715
0.06,mixnet_attribution_oracle,26,0.13061968408262453,0.11090835921411805,3.262680436922497,561.9963547995139,0.4340598373382818,2.7278563010512924,0.033137489310308334,0.105,0.3155951362886508,3.1686166388995813
0.06,mixnet_attribution_oracle,27,0.15759376160415894,0.11289080891336034,3.2638112705016615,549.6223542517638,0.4502499572990928,2.793832071170825,0.031146737878400083,0.105,0.29663559884190555,3.371139552717536
0.06,mixnet_attribution_oracle,28,0.08083088733348386,0.10633647730211065,3.2718021725412356,556.9720027094152,0.4317391987424344,2.7172251585978158,0.030537275841171163,0.105,0.2908311984873444,3.4384206550093186
0.06,mixnet_attribution_oracle,29,0.15854480125757917,0.11471908816057749,3.2551112935731497,553.9755221199191,0.4242024280538317,2.6928988311720166,0.03544201393063191,0.105,0.33754298981554204,2.9625855970123167
0.06,mixnet_attribution_oracle,30,0.13688922044013427,0.1104859918857742,3.277213565648219,552.0779559865722,0.43247082590823993,2.709218427221538,0.030336790121289807,0.105,0.28892181067895056,3.461144029417697
0.06,mixnet_attribution_oracle,31,0.14114777837055104,0.11055652863626741,3.2728849982097215,564.0058684551483,0.41614253984880634,2.669194315272376,0.0280433253867479,0.105,0.26707928939759906,3.7442064573989002
0.06,mixnet_attribution_oracle,32,0.10636553369111508,0.10855968356707116,3.265464433973119,551.6261180679785,0.41208444972289726,2.633732750843899,0.029894334307964905,0.105,0.28470794579014197,3.5123712379179586
0.06,mixnet_attribution_oracle,33,0.1465391969407266,0.11131601626108936,3.270046175981,565.9866156787763,0.47404610813828185,2.8987593048574167,0.031328084895459206,0.105,0.2983627132900877,3.3516252381970224
0.06,mixnet_attribution_oracle,34,0.13703534430225472,0.11112225728134334,3.2600550697270974,563.7056672760511,0.4635436176031362,2.8333712979900025,0.031493067961425765,0.105,0.2999339805850073,3.334067043852605
0.06,mixnet_attribution_oracle,35,0.1841926473918623,0.11079405576610717,3.295892731695597,558.6507888578546,0.4464809561322909,2.789001904460738,0.0284361363116516,0.105,0.27082034582525333,3.69248476126402
0.06,mixnet_attribution_oracle,36,0.13116600345371274,0.10977728878739366,3.273232254609151,555.6362339514978,0.44609174598008394,2.7628358131535347,0.030153862348465055,0.105,0.2871796414139529,3.4821409870017823
0.06,mixnet_attribution_oracle,37,0.10600786924939468,0.10902663158529063,3.2713722882712006,559.9588377723971,0.46043242208543234,2.811169092136636,0.030908099619877314,0.105,0.2943628535226411,3.397167774510259
0.06,mixnet_attribution_oracle,38,0.13839013998782715,0.11044293300226161,3.269688878697905,563.0206938527084,0.4555644217180088,2.8090481850560587,0.030863831738162824,0.105,0.29394125464916976,3.402040319905209
0.06,mixnet_attribution_oracle,39,0.13794902369950812,0.11029913366319398,3.2771903276694383,551.5440453122671,0.4248476749053225,2.7024482273657218,0.0297863964383676,0.105,0.2836799660796914,3.525099124268366
0.06,mixnet_attribution_oracle,40,0.11966788543570993,0.10769575201392584,3.286187741123328,563.7056672760511,0.4429454716737382,2.7657225478669947,0.028365878922146835,0.105,0.27015122782996986,3.7016304091328753
0.06,mixnet_attribution_oracle,41,0.1547847440718287,0.11198976730370731,3.273307637204198,567.8943289079887,0.43415052388445474,2.692863639301308,0.03017256629997892,0.105,0.28735777428551357,3.4799824103816235
0.06,mixnet_attribution_oracle,42,0.1382034306349684,0.11133206177646246,3.271980805518466,556.7628648811315,0.453551822778536,2.8109053288568564,0.030982159293075677,0.105,0.2950681837435779,3.3890471934752093
0.06,mixnet_attribution_oracle,43,0.1258660508083141,0.11024348787539738,3.265871081795856,569.6836027713625,0.44876342691713944,2.792853937075383,0.03192107561374946,0.105,0.30401024394047105,3.2893628419830887
0.06,mixnet_attribution_oracle,44,0.15139592948475447,0.11115097884578942,3.2830214205664734,559.9165468714534,0.43891190565773286,2.744707867944913,0.029960955898900087,0.105,0.2853424371323818,3.50456108123889
0.06,mixnet_attribution_oracle,45,0.10199251851286358,0.1093366420908328,3.2620841648740355,564.9514466753187,0.40519729431252927,2.622188150354582,0.03256492548817629,0.105,0.31014214750644087,3.224327967159744
0.06,mixnet_attribution_oracle,46,0.1389037127391934,0.10982686362878387,3.278818211154042,564.1775558435618,0.4699312004377134,2.891365610161544,0.030312377706296894,0.105,0.2886893114885419,3.463931500767358
0.06,mixnet_attribution_oracle,47,0.1458843329253366,0.10989923331917893,3.280949136772803,566.1162790697674,0.4332219849457033,2.7248537693728725,0.031402487627801255,0.105,0.2990713107409643,3.3436841451707595
0.06,mixnet_attribution_oracle,48,0.1303758379151917,0.10864750496992358,3.285271697973261,557.3907509226482,0.4473990042170044,2.7996074844900627,0.029128381850287023,0.105,0.27741316047892406,3.6047316510637324
0.06,mixnet_attribution_oracle,49,0.1660891660891661,0.11274762184843767,3.263212973310562,569.8149688149688,0.4728772158268839,2.8859851217862067,0.03229912717857301,0.105,0.30761073503402864,3.2508618396863738
0.12,mixnet_attribution,0,0.060384820138413564,0.05148508021845093,4.2990853105790725,562.8069815195072,0.6146403115708381,3.4021041827213105,0.02866451239127642,0.21,0.13649767805369725,7.326131947875384
0.12,mixnet_attribution,1,0.06596207180870998,0.05124367939704653,4.30046678585276,554.7216100742073,0.6437545517401304,3.5562717969822417,0.030360400297602577,0.21,0.14457333475048847,6.9169048478119945
0.12,mixnet_attribution,2,0.1012734990903578,0.05191514191410847,4.293853431060056,560.9757428744693,0.6412561519537121,3.5485091634213406,0.030638300945377367,0.21,0.14589667116846367,6.854165979190315
0.12,mixnet_attribution,3,0.05165351941747573,0.05132109824656863,4.295490600910259,561.3155339805825,0.6662759489263408,3.7182928225990737,0.029280480293070982,0.21,0.13943085853843326,7.17201350176264
0.12,mixnet_attribution,4,0.059281663516068055,0.05148335677049809,4.297130330896993,559.578449905482,0.592279475327814,3.3682908301532306,0.02922448306290894,0.21,0.13916420506147115,7.185755845465314
0.12,mixnet_attribution,5,0.05728051391862955,0.05121377481668051,4.3024801497617,565.9434077699602,0.6544287248980254,3.631875188272001,0.030107937171276907,0.21,0.1433711293870329,6.974904949660279
0.12,mixnet_attribution,6,0.05738080684596577,0.05162187507906919,4.297459766409502,565.4254278728606,0.6219715462939348,3.481427945948481,0.030641983565310366,0.21,0.14591420745385889,6.853342230681826
0.12,mixnet_attribution,7,0.07207071088615245,0.052237997912036115,4.2924033368203505,559.0720707108861,0.6251243634324055,3.4740662079884035,0.03032112777531303,0.21,0.14438632273958585,6.925863759295213
0.12,mixnet_attribution,8,0.055627033981684705,0.0517223706354975,4.29511932301537,560.0857488836751,0.6369292777671944,3.5113170586457043,0.03121916947915337,0.21,0.14866271180549226,6.726636342463488
0.12,mixnet_attribution,9,0.05791766826923077,0.051452317777164566,4.295508376413385,555.9278846153846,0.6317658749467228,3.494784672376745,0.03176578308020875,0.21,0.15126563371527976,6.610886924139381
0.12,mixnet_attribution,10,0.052972560975609755,0.05144162878915359,4.296617336130006,564.0487804878048,0.6332086611655541,3.491550315418675,0.03105917326589617,0.21,0.14790082507569605,6.761287501190052
0.12,mixnet_attribution,11,0.06582879914169668,0.051820787416804126,4.292883766969723,567.1123457736225,0.6364396367280278,3.496159130186659,0.03294399195847273,0.21,0.15687615218320347,6.374455174245845
0.12,mixnet_attribution,12,0.058823529411764705,0.051631646633643224,4.2953343151735615,557.3907509226482,0.6059594939579256,3.388781595387876,0.030281147491613872,0.21,0.14419594043625655,6.935007996581301
0.12,mixnet_attribution,13,0.0670420820333308,0.051989586812419886,4.294493806788796,563.1489993151206,0.6464727918501012,3.5430280315542597,0.032890948660760595,0.21,0.15662356505124095,6.384735270665306
0.12,mixnet_attribution,14,0.046439861508354656,0.051994803484232105,4.286591894452766,557.0138491645341,0.612452627858147,3.4313737127234036,0.0309314800094262,0.21,0.14729276194964858,6.789199868095663
0.12,mixnet_attribution,15,0.06836248012718601,0.051479314657478834,4.298283404140857,560.2550533727004,0.6303642376151402,3.485262476886952,0.030214681053419866,0.21,0.14387943358771366,6.950263669132163
0.12,mixnet_attribution,16,0.06169394373633004,0.0516371027065628,4.296883877283622,558.1460894486763,0.5997512816102244,3.4039670709895806,0.029330613379211307,0.21,0.13966958752005385,7.159754802429122
0.12,mixnet_attribution,17,0.07351145038167939,0.05391837161612112,4.268495366532659,564.9083969465648,0.6661980810167734,3.6806484918896123,0.030997076277225068,0.21,0.1476051251296432,6.774832507487048
0.12,mixnet_attribution,18,0.06482040446725022,0.05175349813653198,4.294797719791531,558.4403863567763,0.6149183991656173,3.4288081744530072,0.032368005783962546,0.21,0.15413336087601212,6.487888114010694
0.12,mixnet_attribution,19,0.057673361121636985,0.05177885727943693,4.293858049677781,560.8484274346343,0.640000289742602,3.573643877106267,0.031694042958258374,0.21,0.15092401408694464,6.625850803464038
0.12,mixnet_attribution,20,0.058053716807426006,0.05153791322260415,4.2943938715294365,563.0634558320019,0.6320127602957655,3.469076547028129,0.03213050956190915,0.21,0.15300242648528167,6.5358440579777115
0.12,mixnet_attribution,21,0.0523030072325847,0.05143893822974614,4.294763521362368,563.4057860677578,0.6262518069124781,3.4795809122586947,0.032242446437774255,0.21,0.15353545922749645,6.5131534111496725
0.12,mixnet_attribution,22,0.06426774414881452,0.0517196850535243,4.295509163600141,564.1775558435618,0.6502045323431958,3.5467667216973977,0.029893937259112973,0.21,0.14235208218625225,7.024835777896164
0.12,mixnet_attribution,23,0.060710538150202366,0.05155137101532378,4.296231474952506,554.6801079298456,0.651840103790164,3.6047023564940894,0.02925854072396733,0.21,0.13932638439984443,7.177391448917241
0.12,mixnet_attribution,24,0.05373337363966143,0.052027849609640846,4.281998298936357,559.2829504232164,0.6794549451442435,3.704428116067455,0.03226373853317537,0.21,0.15363685015797796,6.508855127996599
0.12,mixnet_attribution,25,0.06711563480523457,0.05195750276650479,4.2919113437552285,566.3325170276269,0.6089415861933958,3.4417371731373056,0.032987886354940134,0.21,0.15708517311876255,6.3659731860495885
0.12,mixnet_attribution,26,0.06343818360111639,0.05147169879875435,4.301702497378269,558.2301425661915,0.6276062453398481,3.465944212670991,0.03022338888332413,0.21,0.14392089944440062,6.9482611897260895
0.12,mixnet_attribution,27,0.06149732620320856,0.05138383307831435,4.302747436210676,565.3391902215432,0.6869187536067329,3.7715342571748502,0.03045924211224086,0.21,0.14504401005828982,6.894459134149168
0.12,mixnet_attribution,28,0.05527031108426457,0.05141711313874681,4.298715025922908,558.7771066143159,0.6680129881133325,3.692354453220683,0.02964438186637597,0.21,0.1411637231732189,7.083972974932958
0.12,mixnet_attribution,29,0.05971629042098841,0.05140673955846722,4.301355776152681,564.392312385601,0.6276957323134411,3.498619129505485,0.02990359403604547,0.21,0.14239806683831177,7.022567245491236
0.12,mixnet_attribution,30,0.05650827226713002,0.051818729186528,4.29433736613391,559.0720707108861,0.6218043293047231,3.473492141334999,0.03030376535750205,0.21,0.14430364455953357,6.929831904470316
0.12,mixnet_attribution,31,0.04660472845381071,0.05096944383339662,4.29932372687983,558.9877634262407,0.6788420344237238,3.6903298879336406,0.03128571540146005,0.21,0.14897959714980977,6.712328527740799
0.12,mixnet_attribution,32,0.06226800999924248,0.0518977073267522,4.295163688210232,560.5939701537762,0.6637389712268487,3.6320854444487054,0.032225670322618805,0.21,0.15345557296485146,6.516544043852008
0.12,mixnet_attribution,33,0.05481212671051637,0.05301712203123366,4.2731629412867616,559.4939895667952,0.6553811653284356,3.653817002300147,0.02989069178973406,0.21,0.1423366275701622,7.025598520008974
0.12,mixnet_attribution,34,0.060035090395911206,0.05154529278629066,4.298042852360839,564.5212449462201,0.6578396048571449,3.5897645910144322,0.0326892962482287,0.21,0.15566331546775572,6.424121168144727
0.12,mixnet_attribution,35,0.05207306905176988,0.05147554697242603,4.292990408071582,560.9332979610399,0.6662541252735537,3.637683206478057,0.031236353112548274,0.21,0.14874453863118225,6.7229359087901575
0.12,mixnet_attribution,36,0.06088082901554404,0.05161653863601289,4.299214573418726,563.8771715940262,0.6289784223190509,3.5176878272482384,0.02950375491364103,0.21,0.14049407101733824,7.117738085022754
0.12,mixnet_attribution,37,0.06268818034432178,0.05171012011644692,4.296236301882939,571.3080367482437,0.6209662645705976,3.4904026994185156,0.029699235537213587,0.21,0.1414249311295885,7.070889071769772
0.12,mixnet_attribution,38,0.05176963675877057,0.051709247881982674,4.290878632215793,574.3623098416641,0.6637157531222329,3.6339690259124153,0.031992353561898446,0.21,0.15234454077094498,6.564068491981821
0.12,mixnet_attribution,39,0.061381653454133635,0.05161318908581562,4.297349582857469,558.7349943374859,0.6465514395094942,3.588340508128935,0.029427592017207405,0.21,0.1401313905581305,7.136159828408835
0.12,mixnet_attribution,40,0.06246218995765275,0.051960424222371945,4.294520524161016,559.6206896551724,0.6145607789221685,3.413505406291337,0.031486170914324034,0.21,0.14993414721106682,6.669594742765767
0.12,mixnet_attribution,41,0.05837291251723609,0.05174547701566464,4.296307195251187,566.8955109544967,0.6337594180949964,3.502059995437276,0.031730026299079804,0.21,0.15109536332895146,6.618336777303275
0.12,mixnet_attribution,42,0.05131698455949137,0.05162525211227785,4.288029867183013,560.1280653950954,0.6299587612738833,3.492520218993551,0.03306646668814576,0.21,0.15745936518164647,6.350844859855693
0.12,mixnet_attribution,43,0.05695632597928861,0.051799610873007884,4.292292597326453,555.3448896893291,0.6502104429528117,3.5655301663101335,0.03181031500841218,0.21,0.1514776905162485,6.601632204662729
0.12,mixnet_attribution,44,0.10863594751296918,0.052747550870418033,4.296529940368608,564.5642355813244,0.640439227456227,3.5669723161427056,0.031245533433596533,0.21,0.1487882544456978,6.720960627742045
0.12,mixnet_attribution,45,0.060124185976071484,0.05171555591642192,4.294960369518127,560.3820990458883,0.6827226528548636,3.7519529411572505,0.029580696471904738,0.21,0.14086045939002256,7.0992243269003
0.12,mixnet_attribution,46,0.06883867577509196,0.05169234721825374,4.296533933496696,555.5529614893777,0.6412920092698187,3.5598389910673536,0.030641095154232363,0.21,0.14590997692491603,6.853540937194385
0.12,mixnet_attribution,47,0.05752986835096264,0.051792099143945565,4.293357323798235,563.1489993151206,0.6397689693258144,3.5716181938941083,0.03376302199502507,0.21,0.16077629521440512,6.2198223852990155
0.12,mixnet_attribution,48,0.041273673885158076,0.05090151596121175,4.300159259583119,558.398324907568,0.617592949885875,3.447814838736507,0.02811472603086466,0.21,0.1338796477660222,7.469395211941943
0.12,mixnet_attribution,49,0.053530923937698476,0.052118213826807445,4.290509391575953,559.5362165431725,0.6392981858225539,3.5058578775776224,0.03105429691587922,0.21,0.14787760436132963,6.762349203037959
0.12,mixnet_attribution_oracle,0,0.19657727863091146,0.10372540537562865,3.3413270495432355,565.3823057529223,0.6135746436775662,3.4157751603828146,0.030422656407577957,0.21,0.1448697924170379,6.902750278824805
0.12,mixnet_attribution_oracle,1,0.08952599388379205,0.1028924553726433,3.3280146297945215,565.7706422018349,0.6647565572638996,3.6196465104636393,0.031834911329395935,0.21,0.15159481585426637,6.596531644995938
0.12,mixnet_attribution_oracle,2,0.14245362241392473,0.10344219282524802,3.3290875875216646,564.9514466753187,0.6473479075939395,3.582278917222258,0.031099265687545296,0.21,0.1480917413692633,6.752571012765142
0.12,mixnet_attribution_oracle,3,0.12761056511056512,0.10374235979772535,3.3248222835610313,568.1990171990172,0.6511933837318793,3.5978027083691533,0.03131857196708241,0.21,0.1491360569861067,6.705286569921574
0.12,mixnet_attribution_oracle,4,0.15688038995125608,0.1037922500028008,3.3313555151035787,554.970753655793,0.6234785476699471,3.4723123628596726,0.03270571538362647,0.21,0.1557415018267927,6.420896089162836
0.12,mixnet_attribution_oracle,5,0.1263943322279168,0.10416781221705465,3.3254117302452366,557.7681640036177,0.6357329422025941,3.5234868892658224,0.03439318239631514,0.21,0.16377705903007211,6.105861259948402
0.12,mixnet_attribution_oracle,6,0.14949616483681757,0.10334687666376914,3.33602154008987,556.512107083772,0.653416156739695,3.5431403527066534,0.028536345449610836,0.21,0.13588735928386111,7.359036228756611
0.12,mixnet_attribution_oracle,7,0.12458168542744144,0.10361458894595067,3.3286467733300706,562.849710982659,0.640882428677287,3.5425278028751825,0.03223383241202435,0.21,0.15349444005725882,6.5148939572466915
0.12,mixnet_attribution_oracle,8,0.13351003407800074,0.10326677592257467,3.3307095088924403,560.4244604316547,0.6788593253295403,3.655411380967668,0.030421188359649055,0.21,0.14486280171261456,6.903083387713608
0.12,mixnet_attribution_oracle,9,0.14558580237629717,0.10364207800734401,3.325343814806522,556.512107083772,0.6120894566702191,3.432683481904114,0.0310475083856527,0.21,0.14784527802691763,6.763827789061574
0.12,mixnet_attribution_oracle,10,0.11780415430267062,0.10328057908366853,3.3335474388091764,549.0118694362018,0.6030290545895696,3.389072586912285,0.03158844499215536,0.21,0.15042116662931124,6.6480005600830046
0.12,mixnet_attribution_oracle,11,0.09651207359141434,0.10222410279499163,3.3360720745593455,567.2859333077807,0.6538212074083276,3.596551125832657,0.03134422104536808,0.21,0.14925819545413374,6.699799612057449
0.12,mixnet_attribution_oracle,12,0.12282450356513072,0.10341086003275801,3.329635122925067,567.3727670014567,0.6904609437915497,3.7609968087233563,0.032399892466387026,0.21,0.1542852022208906,6.481502993192418
0.12,mixnet_attribution_oracle,13,0.1293800539083558,0.1036566653541443,3.3324597332365684,554.0997304582211,0.6647027226572391,3.6469301564607584,0.03247793494350492,0.21,0.15465683306430913,6.465928340742511
0.12,mixnet_attribution_oracle,14,0.11825095057034221,0.1028127591640767,3.3319995099766744,562.7642585551331,0.6542700160644017,3.6176534625456793,0.02999908899482121,0.21,0.14285280473724388,7.000212574330261
0.12,mixnet_attribution_oracle,15,0.12029514794663487,0.10272850813137327,3.3364477132511143,551.5850786315868,0.644026408699574,3.5419938696717606,0.029581562865614974,0.21,0.14086458507435703,7.0990164026830325
0.12,mixnet_attribution_oracle,16,0.0908261068005477,0.10277342857109104,3.330855621066225,562.9351894112277,0.6354021247243509,3.524107242778859,0.0319269825900834,0.21,0.15203325042896856,6.577508519869539
0.12,mixnet_attribution_oracle,17,0.0917661370029651,0.10229333900003995,3.3329688998051727,562.6361286398541,0.6348570106201805,3.5821578592624226,0.02881206287703879,0.21,0.13720029941447043,7.288613831512751
0.12,mixnet_attribution_oracle,18,0.0938337801608579,0.10285838911046793,3.328490872650831,566.852163921869,0.6122150114970282,3.352281223524796,0.03165499108446099,0.21,0.15073805278314756,6.634024929581679
0.12,mixnet_attribution_oracle,19,0.1242089210827297,0.10295768766351432,3.3374598019026545,564.2634388105223,0.6271143898484297,3.489818239653234,0.026827044895235175,0.21,0.12774783283445323,7.827921443457183
0.12,mixnet_attribution_oracle,20,0.1347776510832383,0.10332984665641155,3.331292088933596,562.5507411630558,0.6221337100141682,3.4745037699769457,0.03110373812156271,0.21,0.14811303867410816,6.751600054606208
0.12,mixnet_attribution_oracle,21,0.13864150943396225,0.10320434275100689,3.3370042001961724,558.5245283018868,0.6376845062186476,3.499428310858393,0.029253419016969893,0.21,0.13930199531890425,7.178648071125604
0.12,mixnet_attribution_oracle,22,0.11664285177107618,0.10339612548147041,3.3289931337777596,556.5538843348123,0.6177608476136811,3.4132408729048525,0.032598305322207095,0.21,0.1552300253438433,6.44205267495733
0.12,mixnet_attribution_oracle,23,0.11593757207657415,0.10357022932558907,3.3240650077955114,568.9403398170216,0.6633153556322213,3.617266610225525,0.03222849509427305,0.21,0.1534690242584431,6.515972880077688
0.12,mixnet_attribution_oracle,24,0.1094508495145631,0.10301641126134237,3.3303891659820124,561.3155339805825,0.6958367971237749,3.7403442518417176,0.030727136371420067,0.21,0.14631969700676223,6.834349854850947
0.12,mixnet_attribution_oracle,25,0.11295430553461017,0.10331772496449317,3.330635591989315,558.0200573065903,0.6673836014524568,3.6794046320593967,0.029387551105665644,0.21,0.1399407195507888,7.145882936789311
0.12,mixnet_attribution_oracle,26,0.11921426958681418,0.10315682421407399,3.3316533638995836,556.9720027094152,0.6088207752909511,3.452262528919348,0.03250304109399963,0.21,0.154776386161903,6.460933898236617
0.12,mixnet_attribution_oracle,27,0.10596026490066225,0.10300262377616622,3.331027199806569,563.3201644211007,0.6307872723555192,3.4536026114699894,0.030805287096899097,0.21,0.14669184331856713,6.81701161685128
0.12,mixnet_attribution_oracle,28,0.10201920895409514,0.10269581484565456,3.334191854899137,559.6629357936928,0.6266996396589093,3.4819570476967487,0.029266412068341307,0.21,0.13936386699210146,7.175461054454492
0.12,mixnet_attribution_oracle,29,0.14889887982930733,0.10351852545549992,3.3261763659126315,563.9200640097539,0.6600283009756822,3.611032675890539,0.03143659009005528,0.21,0.1496980480478823,6.6801138227276065
0.12,mixnet_attribution_oracle,30,0.10746200259680745,0.10224630392289828,3.3356256153514434,565.2098831436646,0.6479388505686074,3.5715217528004457,0.028580281795976353,0.21,0.1360965799808398,7.347723213476665
0.12,mixnet_attribution_oracle,31,0.11283573004641254,0.10323124603362639,3.330202976197724,563.0634558320019,0.609656803222606,3.40089304225779,0.029036100279663902,0.21,0.13826714418887573,7.232376179217094
0.12,mixnet_attribution_oracle,32,0.09693102400486174,0.10327180848668345,3.324319971648037,562.1668185961714,0.6870484119863249,3.6892372025546742,0.03137020123575162,0.21,0.1493819106464363,6.694250968357502
0.12,mixnet_attribution_oracle,33,0.19228688461241208,0.11982182198867221,3.3098389136580555,571.9251101321586,0.6412334764027037,3.5653365211888537,0.03755296244938045,0.21,0.1788236307113355,5.59210209535585
0.12,mixnet_attribution_oracle,34,0.11480431952209542,0.10259910897943521,3.3340776978967432,566.7654897755993,0.6553511153033469,3.633020927940539,0.03152716671104216,0.21,0.15012936529067694,6.660922052549969
0.12,mixnet_attribution_oracle,35,0.09671121790058568,0.10240331001416071,3.3364778287466015,555.6778795614957,0.661889499402605,3.694327605314454,0.03054161463008745,0.21,0.14543626014327357,6.875864375327517
0.12,mixnet_attribution_oracle,36,0.11285551763367463,0.10285426797782314,3.3347692944716734,561.2730375426621,0.6397463768662419,3.56018669633597,0.029750170131643768,0.21,0.14166747681735128,7.05878316227286
0.12,mixnet_attribution_oracle,37,0.11783415372964787,0.10306941166248339,3.3322696955321915,560.4244604316547,0.6253804990556091,3.52148497523129,0.030441942805782395,0.21,0.1449616324084876,6.898377062849972
0.12,mixnet_attribution_oracle,38,0.10300792368643742,0.10248880668971021,3.335043730706783,569.2898684514194,0.6491368293354753,3.5840420543087625,0.030879905793507828,0.21,0.14704717044527538,6.800538881311946
0.12,mixnet_attribution_oracle,39,0.1597444089456869,0.10391811865728126,3.333200322875898,562.9351894112277,0.6516209339024499,3.5826717393366696,0.0319548262155017,0.21,0.15216583912143666,6.571777251541624
0.12,mixnet_attribution_oracle,40,0.13041178692859842,0.1033778967165508,3.3329928087529974,559.1564034756328,0.6602403448487166,3.617490167852432,0.03191050773968527,0.21,0.15195479876040605,6.580904375232959
0.12,mixnet_attribution_oracle,41,0.15202008673818762,0.10423445372610149,3.3355351912183315,563.0634558320019,0.6334990750765428,3.530056150717434,0.03136024609503195,0.21,0.14933450521443786,6.696376022166099
0.12,mixnet_attribution_oracle,42,0.09200090641287106,0.10250332162308326,3.3264830763040583,558.9877634262407,0.6230865612451453,3.4461640220392775,0.03276510734732877,0.21,0.15602432070156558,6.409257194669944
0.12,mixnet_attribution_oracle,43,0.1452140196152969,0.10345671661599413,3.334160839374783,562.6361286398541,0.595187734492356,3.3614472745909154,0.03017153382470529,0.21,0.14367397059383472,6.96020299200189
0.12,mixnet_attribution_oracle,44,0.11359502879660503,0.10270847329916415,3.333833988655902,560.806001818733,0.6306298092240468,3.4819533814148476,0.029140067255256044,0.21,0.13876222502502877,7.206572248460474
0.12,mixnet_attribution_oracle,45,0.12066533006608747,0.10266730825301522,3.337769673284015,549.540877701047,0.609374945925083,3.433454869382076,0.029647857651282108,0.21,0.1411802745299148,7.083142480985254
0.12,mixnet_attribution_oracle,46,0.11807922441869272,0.10360266386622782,3.3314293067929532,560.5092024539878,0.6401971213927027,3.5549835418638844,0.03246280927405695,0.21,0.15458480606693786,6.468941065055144
0.12,mixnet_attribution_oracle,47,0.12310533199969223,0.10287340016262167,3.335910681383445,569.377317842579,0.6179489641799591,3.4693327685838864,0.03008900609557118,0.21,0.14328098140748183,6.979293344983901
0.12,mixnet_attribution_oracle,48,0.11710252256422124,0.10239359682702756,3.3433722776039256,570.8680860911826,0.6178848464624025,3.477663261174025,0.030452148340312034,0.21,0.14501023019196208,6.896065185719773
0.12,mixnet_attribution_oracle,49,0.11686220381872556,0.10334396270354451,3.329530233378639,567.4596273291926,0.6962856154423207,3.73168863151497,0.031987616550624785,0.21,0.15232198357440374,6.565040557731027
0.25,mixnet_attribution,0,0.052091197342593994,0.05046269896153518,4.3153807516032785,558.6928884191454,1.0502639028418344,5.205349119427054,0.03370526266791304,0.4375,0.07704060038380123,12.980168833293034
0.25,mixnet_attribution,1,0.06333562533425013,0.05036278230957055,4.3174748586729175,565.3823057529223,1.0558292636706028,5.166888090164473,0.0293818781183157,0.4375,0.06715857855615018,14.890130516444993
0.25,mixnet_attribution,2,0.04433905450165613,0.05062985102561185,4.312065091954783,557.0975609756098,1.0793179532629438,5.271969294036341,0.029916301092350075,0.4375,0.06838011678251446,14.624134135081075
0.25,mixnet_attribution,3,0.05071412204995036,0.050408541066963825,4.316608849399373,565.2098831436646,1.0368528363178484,5.070902387259317,0.03112812326926589,0.4375,0.07114999604403632,14.054814555169864
0.25,mixnet_attribution,4,0.04430666868289732,0.05034024290164882,4.316866585216062,559.5362165431725,1.010102872212883,5.022079851851579,0.029695327441466957,0.4375,0.06787503415192447,14.732957596186298
0.25,mixnet_attribution,5,0.0558868501529052,0.050564252120917044,4.313486763538091,565.7706422018349,1.0391924427240156,5.130178826795391,0.03206837202990677,0.4375,0.07329913606835833,13.64272559866744
0.25,mixnet_attribution,6,0.04447170679343659,0.05035855122098824,4.316511701311111,567.4161938353013,1.0422228913812432,5.1114588925114814,0.031031582980285466,0.4375,0.07092933252636678,14.098539551718845
0.25,mixnet_attribution,7,0.05516136415655756,0.05075442001723007,4.311179016050883,564.6072327763791,1.064864829502767,5.219528457384449,0.030938626375237224,0.4375,0.07071686028625651,14.14089929830136
0.25,mixnet_attribution,8,0.05423140745210439,0.05036504632605256,4.317578742268948,558.188112837532,1.1082790920045227,5.4805475036434865,0.02926637695576823,0.4375,0.06689457589889881,14.948895131816833
0.25,mixnet_attribution,9,0.0581857055589493,0.05092914618055688,4.30943425513072,565.0806353084912,1.0696427534276154,5.245988977317276,0.03008189406847846,0.4375,0.06875861501366505,14.543632093247668
0.25,mixnet_attribution,10,0.05229155582579616,0.050588854700048466,4.31410335635615,562.4653796458159,1.0671917048166506,5.151982669863855,0.030266025140906167,0.4375,0.06917948603635696,14.455152203276773
0.25,mixnet_attribution,11,0.05240108728480822,0.05060071750087117,4.312914849710611,558.7771066143159,1.1047477046959102,5.450561302425236,0.03129027176454897,0.4375,0.07152062117611192,13.98198146989812
0.25,mixnet_attribution,12,0.07717917675544794,0.050605288121377864,4.316171311777894,559.9588377723971,1.0393979452201165,5.198491284060483,0.03262526414507173,0.4375,0.07457203233159253,13.409853114280068
0.25,mixnet_attribution,13,0.013882497315539193,0.050165328000315014,4.312679002023813,567.5899677864703,1.0505698691122234,5.077759250521529,0.031704672457729934,0.4375,0.07246782276052556,13.799227876688974
0.25,mixnet_attribution,14,0.04510250569476082,0.0503075924050894,4.317144079492798,561.9111617312072,1.044079290208174,5.097767704884141,0.03042270137429541,0.4375,0.06953760314124666,14.380708491904345
0.25,mixnet_attribution,15,0.07219802887921155,0.0504506558333372,4.31617725935762,565.3823057529223,1.075555704999715,5.234648776929659,0.032429106539801016,0.4375,0.07412367209097374,13.490966809802355
0.25,mixnet_attribution,16,0.06912062373491266,0.050549764401761635,4.315861676184875,554.8046330309619,1.0542378277750686,5.2357737814745935,0.032902979301177374,0.4375,0.07520680983126257,13.296668243788636
0.25,mixnet_attribution,17,0.06367440091289464,0.0504030076957202,4.316612105049291,562.977938379612,1.0579773993813433,5.134156694999416,0.030302531742098453,0.4375,0.06926292969622504,14.43773753703205
0.25,mixnet_attribution,18,0.05346489215236347,0.05054107983573927,4.314186107889144,566.0298301973382,1.037854928028537,5.098670100021209,0.028904165962805685,0.4375,0.06606666505784156,15.136226402899208
0.25,mixnet_attribution,19,0.06554994645862017,0.05047843796752512,4.315192890925688,566.0298301973382,1.0546005115029402,5.246420378225176,0.030719480021256303,0.4375,0.07021595433430013,14.241777520233821
0.25,mixnet_attribution,20,0.051813078440297373,0.05030908250957225,4.317176368519405,561.4005461993628,1.0422962252923753,5.173419023409256,0.029114931148709337,0.4375,0.06654841405419278,15.026654116590427
0.25,mixnet_attribution,21,0.056205551732048636,0.05049282407626033,4.315494489124754,565.9002064693738,1.029668230592506,5.01710163919293,0.03167568881485322,0.4375,0.07240157443395022,13.81185433905543
0.25,mixnet_attribution,22,0.04779749158764148,0.050382246640293206,4.315193432681249,565.9434077699602,1.0678213741921354,5.257482967582615,0.03070244215774111,0.4375,0.07017701064626539,14.249680782793746
0.25,mixnet_attribution,23,0.04573078091765421,0.05083124974944748,4.308367837710561,562.1668185961714,1.0667290785640944,5.271736099351981,0.030670478917135664,0.4375,0.0701039518105958,14.264531088087047
0.25,mixnet_attribution,24,0.046074318249925084,0.05029844390152954,4.317508051204198,554.431225651783,1.026217682956485,5.11353683871816,0.028073403359848887,0.4375,0.06416777910822603,15.58414540595818
0.25,mixnet_attribution,25,0.05860423501342082,0.05052841425219151,4.315558541310324,551.7903370116313,1.0506767519982532,5.194900376683855,0.03412741730678085,0.4375,0.07800552527264194,12.819604720368693
0.25,mixnet_attribution,26,0.051208994301555524,0.05030913714552309,4.316910916133829,569.8587709841368,1.049198167893337,5.087529050911153,0.029790510056068305,0.4375,0.06809259441387042,14.685884839722023
0.25,mixnet_attribution,27,0.04982778415614236,0.050389636393639,4.315469969904478,566.4190585533869,1.045680306124268,5.15966790215049,0.029330065029131245,0.4375,0.06704014863801427,14.916434708394464
0.25,mixnet_attribution,28,0.0552875411593537,0.05041795891270956,4.316869003793887,566.6788421778084,1.0446585177269299,5.13902731272249,0.02994438494938065,0.4375,0.0684443084557272,14.61041863907273
0.25,mixnet_attribution,29,0.061768082663605055,0.05104969518644271,4.307461410516247,566.4190585533869,1.1099491795175709,5.403895109193161,0.031434754026321704,0.4375,0.07185086634587819,13.917716665880763
0.25,mixnet_attribution,30,0.06641785360651992,0.0508566263636064,4.310954576359989,563.6628075253257,1.0792904168483801,5.29541214127561,0.029725274420640605,0.4375,0.06794348439003567,14.718114753423746
0.25,mixnet_attribution,31,0.044493459081229085,0.050368998558058584,4.31556933415154,562.849710982659,1.0403182657901198,5.170204978149271,0.03186131772529933,0.4375,0.07282586908639846,13.731384363070621
0.25,mixnet_attribution,32,0.05907560453014998,0.0506011710531862,4.313381616976027,566.2892561983471,1.0645365877717268,5.172432175300453,0.03157068070724574,0.4375,0.07216155590227598,13.857794326860683
0.25,mixnet_attribution,33,0.06571450277292411,0.05076776569099921,4.312220150875894,562.2094507331155,1.0777982430299744,5.253032012841763,0.03191159489300304,0.4375,0.0729407883268641,13.709750373395677
0.25,mixnet_attribution,34,0.05558921538927598,0.05041145736028388,4.31522430757206,560.4668282338686,1.1206740185443778,5.477277418846195,0.032228705406068314,0.4375,0.07366561235672757,13.574854915445146
0.25,mixnet_attribution,35,0.04977859215147351,0.05041186927628586,4.315896224785681,564.9945029775538,1.0711419828876387,5.27643316797649,0.032025247912589226,0.4375,0.0732005666573468,13.661096432231439
0.25,mixnet_attribution,36,0.04783703364614328,0.050259117770788495,4.317209618223646,564.6072327763791,1.0851089674397372,5.3274584834888605,0.02945464752311982,0.4375,0.06732490862427387,14.853343590568972
0.25,mixnet_attribution,37,0.044525215810995,0.05043184437036346,4.314368150744032,560.3820990458883,1.0481093337293714,5.162461193739525,0.03183017773387842,0.4375,0.07275469196315067,13.744818004404271
0.25,mixnet_attribution,38,0.046306169078446306,0.05030504782371113,4.3159640746168195,563.6199543031227,1.045518556056777,5.090336522111889,0.030829049323862656,0.4375,0.07046639845454321,14.191160921117383
0.25,mixnet_attribution,39,0.05083833256422089,0.05038044744205148,4.3157948685365675,569.158744808491,1.106960441247793,5.328006478695189,0.03132714900878357,0.4375,0.07160491202007672,13.965522361365627
0.25,mixnet_attribution,40,0.05897219882055602,0.050452442252137804,4.315259608416636,566.7654897755993,1.0458338382595684,5.13254784224357,0.030440819368658945,0.4375,0.06957901569979187,14.372149274353578
0.25,mixnet_attribution,41,0.0592564200843235,0.050721860479977066,4.313402789762172,567.2859333077807,1.0364982783212326,5.158713000840024,0.031042032228405014,0.4375,0.07095321652206861,14.093793756185383
0.25,mixnet_attribution,42,0.05160358717130263,0.050395890082902864,4.316346896900482,562.4227086183311,1.0718557638174389,5.128298570096232,0.03124885021915497,0.4375,0.0714259433580685,14.000515120771405
0.25,mixnet_attribution,43,0.04664546418294715,0.05041871212728853,4.316038279397156,560.3820990458883,1.0375682320154738,5.073788668528582,0.029492213443477765,0.4375,0.06741077358509204,14.834424036652074
0.25,mixnet_attribution,44,0.044524669073405534,0.050316579799089545,4.3161899225372755,556.5956678700361,1.1112546840449795,5.386057904532824,0.027557383574305976,0.4375,0.06298830531269937,15.875962927333834
0.25,mixnet_attribution,45,0.05985189709138102,0.050403948262763495,4.317236147660715,564.9514466753187,1.0210934349452145,5.0029001970204385,0.029220386950119366,0.4375,0.06678945588598713,14.972423217626583
0.25,mixnet_attribution,46,0.05306370685722974,0.05035960940859557,4.31659943793306,562.5934316557701,1.0401976227003615,5.089207017042336,0.030804505423928746,0.4375,0.07041029811183713,14.20246791757133
0.25,mixnet_attribution,47,0.0687938447612582,0.0503969404202262,4.31768126281477,558.2301425661915,1.0964991506771185,5.354089081054761,0.030043309521166562,0.4375,0.06867042176266643,14.56231044358698
0.25,mixnet_attribution,48,0.05021665119158155,0.050359369684150064,4.316374597839154,572.5877437325905,1.0599730941758025,5.150883268734813,0.03153722054219522,0.4375,0.07208507552501764,13.872497083712465
0.25,mixnet_attribution,49,0.05535499398315283,0.05037622508033313,4.316018028525416,556.5956678700361,1.0487800545524806,5.204589367829956,0.030224868917927444,0.4375,0.06908541466954844,14.474835314852372
0.25,mixnet_attribution_oracle,0,0.1263490595127968,0.10105588692500503,3.3505909485914587,570.472710453284,1.0425620486785192,5.138989228511013,0.03116720633601589,0.4375,0.07123932876803632,14.037190092794363
0.25,mixnet_attribution_oracle,1,0.105983811180876,0.10069672802846982,3.3532299262010246,559.831984265073,1.0563187960069627,5.24966845962107,0.030743176991066136,0.4375,0.0702701188367226,14.230799898368865
0.25,mixnet_attribution_oracle,2,0.08443055865506212,0.10064218563234156,3.351529621989673,550.5201963847355,1.0638056171010248,5.272485752124585,0.031109309677648547,0.4375,0.07110699354891097,14.063314311160543
0.25,mixnet_attribution_oracle,3,0.13779948115367008,0.10114159449244564,3.351455545217317,564.6502365328857,1.0739383744075894,5.263819812399796,0.029298532842668066,0.4375,0.06696807506895558,14.932488338216704
0.25,mixnet_attribution_oracle,4,0.12611106890526474,0.1005481739338477,3.356387482416014,562.2094507331155,1.0716146089835092,5.217297712445826,0.031243992865247715,0.4375,0.07141484083485192,14.002691713792622
0.25,mixnet_attribution_oracle,5,0.1078638144019283,0.10074868755376677,3.3520616120655164,557.4326604398915,1.0323013916204218,5.111324410148238,0.02850307734758504,0.4375,0.06514989108019438,15.349219828611515
0.25,mixnet_attribution_oracle,6,0.10793385922330097,0.10083272473107081,3.350786989876752,561.3155339805825,1.0876340090762824,5.384411273026296,0.031066940128191868,0.4375,0.07101014886443856,14.082494065869982
0.25,mixnet_attribution_oracle,7,0.09708811104405553,0.10102348892982589,3.349787862123937,558.2721786360893,1.0458141699200496,5.192155756113467,0.033213074850272035,0.4375,0.07591559965776465,13.172523229851349
0.25,mixnet_attribution_oracle,8,0.12126964841673628,0.10090644885127355,3.354084514131405,561.953755030754,1.0905878281919286,5.293996410361255,0.03147256658738713,0.4375,0.07193729505688487,13.90099529332099
0.25,mixnet_attribution_oracle,9,0.12522935779816513,0.10108441038982087,3.350798504424649,565.7706422018349,1.0523760501528159,5.217785895488915,0.029372701699219305,0.4375,0.06713760388392984,14.894782389446602
0.25,mixnet_attribution_oracle,10,0.10913512691898465,0.10096364055486927,3.3495956907259985,562.4227086183311,1.0715050174621865,5.326077185127873,0.030731132840165813,0.4375,0.07024258934895043,14.236377235927481
0.25,mixnet_attribution_oracle,11,0.10150375939849623,0.10039155999289866,3.35682961919022,567.7638483965014,1.0825011012493633,5.308080534253098,0.028649877074981643,0.4375,0.06548543331424375,15.27057162775908
0.25,mixnet_attribution_oracle,12,0.1245839636913767,0.1011476218471042,3.350669212279524,559.7897125567322,1.0667255847947672,5.19498968340995,0.02948133543364635,0.4375,0.06738590956262022,14.839897635732322
0.25,mixnet_attribution_oracle,13,0.11969433305591284,0.10099742020911115,3.351310880088795,559.9165468714534,1.0546543880482204,5.233129795473265,0.029899873854079374,0.4375,0.06834256880932428,14.63216875546483
0.25,mixnet_attribution_oracle,14,0.11687248921291475,0.10100964232626435,3.3513648560662057,550.5610772206517,1.063817889575148,5.22874048438043,0.031887446918247,0.4375,0.07288559295599314,13.720132600194114
0.25,mixnet_attribution_oracle,15,0.13229870928088505,0.10105756450557236,3.3517654332710403,568.5476336816226,1.0276964800723363,5.103666335723115,0.03245587687670635,0.4375,0.07418486143247165,13.479839157080198
0.25,mixnet_attribution_oracle,16,0.12637698898408814,0.1010021229651505,3.3549036329229067,566.1162790697674,1.1150930467410944,5.562327585435205,0.03328861508614402,0.4375,0.07608826305404348,13.142631463274782
0.25,mixnet_attribution_oracle,17,0.1033884235152064,0.1003862789902358,3.3560854862219878,558.4824541544034,1.0524733838974498,5.174774696026524,0.03238406964028945,0.4375,0.07402073060637589,13.509728853093266
0.25,mixnet_attribution_oracle,18,0.10242198770025054,0.100357371254945,3.3572357208328136,561.8685748994002,1.0400019963562954,5.186293792056764,0.031202777701850738,0.4375,0.0713206347470874,14.021187606449873
0.25,mixnet_attribution_oracle,19,0.10320473876063184,0.10077658959724092,3.3510860406340153,561.9963547995139,1.0623349318047985,5.221461590740809,0.028598183463238377,0.4375,0.06536727648740201,15.298174464905637
0.25,mixnet_attribution_oracle,20,0.13730960639420903,0.10134764554383764,3.3503928929170836,558.0200573065903,1.0641066605458036,5.250203357066267,0.03242567522714747,0.4375,0.07411582909062278,13.4923944354354
0.25,mixnet_attribution_oracle,21,0.12102056359482102,0.10075099986675667,3.3514206761072285,563.6199543031227,1.0859204991429579,5.372201266205534,0.028407715229751773,0.4375,0.06493192052514692,15.400745764368988
0.25,mixnet_attribution_oracle,22,0.11037828822682132,0.10060312326012164,3.35600199780791,561.018194223334,1.0730900744674727,5.26943350358133,0.029413022776254905,0.4375,0.0672297663457255,14.874363758123941
0.25,mixnet_attribution_oracle,23,0.13000149857635246,0.10099036272197694,3.35321892504721,554.5141615465308,1.0935963985102717,5.380495906014971,0.031321887004218056,0.4375,0.07159288458106984,13.967868536818447
0.25,mixnet_attribution_oracle,24,0.08493675737830586,0.10069392520074182,3.3512113159446493,567.2859333077807,1.0395382474234793,5.115966062866543,0.029239235857508438,0.4375,0.06683253910287643,14.962771330005635
0.25,mixnet_attribution_oracle,25,0.10263177739235352,0.10085910868415905,3.351077226356908,558.0620616846392,1.073877329181414,5.288411547307358,0.0323196293750726,0.4375,0.07387343857159452,13.536665130740449
0.25,mixnet_attribution_oracle,26,0.11288741422215519,0.10072023112727789,3.3535449474747145,558.0620616846392,1.1162449439289048,5.46618890929885,0.030914853457902333,0.4375,0.07066252218949105,14.151773373137823
0.25,mixnet_attribution_oracle,27,0.10405156537753223,0.1006938588017249,3.35291945748301,567.8508287292817,1.0567994281300344,5.166422016511016,0.028255368670524524,0.4375,0.06458369981834176,15.48378310336442
0.25,mixnet_attribution_oracle,28,0.11775528978840846,0.10088757713347804,3.3523902875473626,567.329346826127,1.0344794093398377,5.16975992702462,0.03092424637003082,0.4375,0.07068399170292759,14.147474921943068
0.25,mixnet_attribution_oracle,29,0.10820415879017013,0.10091591043313994,3.351777397338071,559.578449905482,1.2380992617981974,5.923199975340143,0.032319399417795935,0.4375,0.07387291295496214,13.536761446102265
0.25,mixnet_attribution_oracle,30,0.11027739881764438,0.10074466497612598,3.352634221759667,560.8908594815825,1.0239338384999428,5.126555891770563,0.029797962654826708,0.4375,0.06810962892531819,14.682211836691904
0.25,mixnet_attribution_oracle,31,0.1385369532428356,0.10090834091873233,3.3548168848578523,558.10407239819,1.052463430998614,5.226805359868926,0.03211640745694455,0.4375,0.07340893133015898,13.62232063428997
0.25,mixnet_attribution_oracle,32,0.08190345458705102,0.10065462153381761,3.350669138727835,564.3493479752917,1.0359880936448462,5.003319626448465,0.03354089051881458,0.4375,0.07666489261443332,13.043780091485251
0.25,mixnet_attribution_oracle,33,0.09569851541682528,0.10069804096845915,3.352211834646865,563.4057860677578,1.0714529798715375,5.352728284527251,0.03139966824706954,0.4375,0.07177067027901608,13.933268229381083
0.25,mixnet_attribution_oracle,34,0.09593001141118296,0.10010429497903166,3.3597918551370003,562.977938379612,1.0903180815803353,5.298326015968926,0.02956514840765056,0.4375,0.06757748207462985,14.797828644986215
0.25,mixnet_attribution_oracle,35,0.09014450646073859,0.10068288918762223,3.3521215252945504,565.8138236868263,1.0733765923650935,5.305463093104034,0.030589089557757,0.4375,0.06991791898915886,14.302485177727547
0.25,mixnet_attribution_oracle,36,0.12555313882847072,0.10039899670776649,3.3554725132748393,555.0538513462836,1.038171755761141,5.0793020637488215,0.032889433900768546,0.4375,0.07517584891604238,13.302144430943724
0.25,mixnet_attribution_oracle,37,0.09856807333888931,0.1007752981470679,3.3521696784612254,560.6787635426926,1.0968919848382939,5.299590814095957,0.02913372095422874,0.4375,0.06659136218109427,15.01696266973056
0.25,mixnet_attribution_oracle,38,0.1045766590389016,0.10024616123917761,3.3574555441375185,564.4782608695652,1.049798211461166,5.1759305896199646,0.031060646406996673,0.4375,0.0709957632159924,14.085347557398208
0.25,mixnet_attribution_oracle,39,0.08357524828113064,0.10056495275454622,3.354406948541701,565.3391902215432,1.0500300143030472,5.117658862128717,0.03053877597634975,0.4375,0.06980291651737086,14.326048966036314
0.25,mixnet_attribution_oracle,40,0.10474532657231514,0.1005155646388966,3.3544352877685952,560.0857488836751,1.056360769609455,5.1687166901417205,0.03231948002286763,0.4375,0.07387309719512601,13.536727685298375
0.25,mixnet_attribution_oracle,41,0.11452874610769348,0.1008013696279182,3.3528198276906824,562.038961038961,1.0588584678189363,5.228778218186723,0.02988604325968004,0.4375,0.06831095602212581,14.638940196885866
0.25,mixnet_attribution_oracle,42,0.09120203836930456,0.1007111918018346,3.350475368354805,554.5971223021583,1.0486806751578115,5.17640581310896,0.0329687073323336,0.4375,0.07535704533104823,13.270159354137855
0.25,mixnet_attribution_oracle,43,0.1298750473305566,0.10072860272791011,3.351358911016883,560.4244604316547,1.101247007609345,5.395409155707916,0.03195277369756491,0.4375,0.0730349113087198,13.692082075282917
0.25,mixnet_attribution_oracle,44,0.12124217915458568,0.10078084381746322,3.3551793566077146,564.6502365328857,1.0469861365563702,5.307439331434437,0.03445296663261229,0.4375,0.07874963801739952,12.698471068261325
0.25,mixnet_attribution_oracle,45,0.10493403492717152,0.10080056902156474,3.352217481794173,564.3493479752917,1.0830976852739695,5.315177950456323,0.030688408362248256,0.4375,0.07014493339942458,14.256197155476995
0.25,mixnet_attribution_oracle,46,0.10807727411013082,0.10039116594261023,3.3569967004879286,562.849710982659,1.0369281547609717,5.102349457341373,0.02751139930936407,0.4375,0.0628831984214036,15.902498999790529
0.25,mixnet_attribution_oracle,47,0.1116081583137463,0.1010292771865684,3.348115051520688,561.1031162332247,1.067628638498718,5.1584661705032655,0.030822760680677505,0.4375,0.07045202441297715,14.194056286277581
0.25,mixnet_attribution_oracle,48,0.07407126035098383,0.10044726283250748,3.354118325102838,562.2094507331155,1.0631495530542452,5.214503434267572,0.0314848498019761,0.4375,0.07196537097594537,13.89557208472187
0.25,mixnet_attribution_oracle,49,0.10518699063142661,0.1010088823839311,3.3483362805482932,563.6628075253257,1.0382677552697714,5.204043072403917,0.03196853709559175,0.4375,0.07307094193278114,13.685330632796719
0.5,mixnet_attribution,0,0.050003852376916555,0.05006693419553419,4.321946742307981,570.1655751598737,1.913016987266019,8.518032595866849,0.03170662073609487,0.875,0.03623613798410842,27.596759909639268
0.5,mixnet_attribution,1,0.043617752654495454,0.05006084800279545,4.321634607812389,565.2960812772134,1.912410311284475,8.551264123468647,0.030005762326702105,0.875,0.034292299801945265,29.16106548045734
0.5,mixnet_attribution,2,0.06305074445457308,0.050112228922932336,4.3222210076247105,562.1668185961714,1.884869024332147,8.563922203164498,0.03317589188490868,0.875,0.03791530501132421,26.37457353175265
0.5,mixnet_attribution,3,0.04092553512209828,0.05008514749164585,4.321879600573726,557.7681640036177,1.9004809198959265,8.59553811598876,0.030959680817567073,0.875,0.035382492362933796,28.262565275011152
0.5,mixnet_attribution,4,0.058699578567128236,0.05010498473468673,4.321572406387188,556.9301625526791,1.8540703347243834,8.313501656211429,0.031538285067355905,0.875,0.036043754362692464,27.744057678826668
0.5,mixnet_attribution,5,0.04479409771888881,0.050009697993038095,4.322351665247101,557.1394263344124,1.9078284102724865,8.605263617319144,0.028812500521078175,0.875,0.032928572024089345,30.368763008260316
0.5,mixnet_attribution,6,0.036599313762866945,0.05011561136936254,4.3195413705508745,564.2634388105223,1.8824929268739652,8.425529246260222,0.0336963732828096,0.875,0.03851014089463954,25.9671862207909
0.5,mixnet_attribution,7,0.0459926110231471,0.05005472511832505,4.322022098844821,557.9780592626103,1.8603665791160893,8.41994113417067,0.031176379391764875,0.875,0.03563014787630271,28.066119834015364
0.5,mixnet_attribution,8,0.05143504531722055,0.05003648949592056,4.322033627557833,558.9456193353475,1.8799304619606119,8.427901346519103,0.03266950488453984,0.875,0.03733657701090267,26.783387231989412
0.5,mixnet_attribution,9,0.04691924990432453,0.05007839525724003,4.3217841359935205,566.4190585533869,1.8473550974449608,8.295075005847409,0.03202340251060353,0.875,0.03659817429783261,27.32376735140095
0.5,mixnet_attribution,10,0.04796380090497738,0.05006332990408657,4.322249104697495,558.10407239819,1.8713102716137655,8.545158259955898,0.02996084774467098,0.875,0.03424096885105255,29.204781101550534
0.5,mixnet_attribution,11,0.04930650815424478,0.050060467413194656,4.322033245794195,563.9629629629629,1.8750322549021803,8.451062402906754,0.0313628639602577,0.875,0.035843273097437366,27.89923780904639
0.5,mixnet_attribution,12,0.05062713797035348,0.05006702833583385,4.321767387188032,562.5507411630558,1.8660512929491233,8.403833480580928,0.03232978525386525,0.875,0.03694832600441743,27.064825612950454
0.5,mixnet_attribution,13,0.0551366994136014,0.05009469310890229,4.322041197686572,563.5771076079507,1.8780676817405038,8.54249270600975,0.03183842791184771,0.875,0.036386774756397386,27.482512717733627
0.5,mixnet_attribution,14,0.04767309875141884,0.05005210581132269,4.321325354008341,560.0011350737798,1.9187294071307406,8.57095890597282,0.030394222256111852,0.875,0.034736254006984976,28.78836617785309
0.5,mixnet_attribution,15,0.04576399394856279,0.05006131500058373,4.322384716649558,559.7897125567322,1.8689772610960063,8.452773521528744,0.0291545324321459,0.875,0.03331946563673817,30.012486121548005
0.5,mixnet_attribution,16,0.04626065957286243,0.050058701789590765,4.322224457005787,558.4824541544034,1.8621065767365508,8.34779633528467,0.029513253542230476,0.875,0.033729432619691975,29.64769705068144
0.5,mixnet_attribution,17,0.049299507762211286,0.05012935182093652,4.320846124761338,560.4244604316547,1.880337243375834,8.452520261977831,0.031637765507952526,0.875,0.036157446294802886,27.656820447071663
0.5,mixnet_attribution,18,0.13676825588412794,0.05031519087920805,4.321973885511411,558.2721786360893,1.8642504530726,8.478567414327852,0.03227119300135348,0.875,0.03688136343011827,27.11396507601382
0.5,mixnet_attribution,19,0.053485347004361465,0.050104889204846126,4.320942232256673,566.2460019894406,1.9472290247795172,8.811218867170114,0.03022407361936418,0.875,0.03454179842213049,28.950432394374484
0.5,mixnet_attribution,20,0.0524834563018179,0.05004103891657976,4.322290956970434,562.8924469460713,1.8604371039255057,8.559544135200046,0.02905518197456378,0.875,0.03320592225664432,30.115109957528905
0.5,mixnet_attribution,21,0.03723528042820572,0.050039622272961194,4.321657378882502,574.0509657900861,1.8821005586360116,8.473843734978107,0.02952875491225622,0.875,0.033747148471149964,29.632133240972585
0.5,mixnet_attribution,22,0.05025686843868662,0.050006450563601576,4.3225392136357055,551.0111681929864,1.8541158586158417,8.349697270801714,0.03021386505237806,0.875,0.03453013148843207,28.960214076653887
0.5,mixnet_attribution,23,0.046657119167860105,0.050073190817507746,4.321478122744971,557.8101303987337,1.8978657564439345,8.63330372377186,0.030547237504523695,0.875,0.03491112857659851,28.644161354047892
0.5,mixnet_attribution,24,0.0404996214988645,0.05015898007259618,4.320409504815847,560.2127176381529,1.8820874302182347,8.443961133664512,0.02984603136079244,0.875,0.03410975012661993,29.317130623586127
0.5,mixnet_attribution,25,0.04243110607776519,0.05004052145180408,4.321862341234247,558.7349943374859,1.8325630342878867,8.401834877478793,0.031430785406076286,0.875,0.03592089760694433,27.83894798349018
0.5,mixnet_attribution,26,0.040589026760352816,0.05003231539633,4.32226665841022,553.1901629541037,1.8957652284880169,8.445952227005554,0.029718522806999593,0.875,0.03396402606514239,29.44291698758027
0.5,mixnet_attribution,27,0.05229709035222052,0.0501696727954609,4.3209137994989595,566.635528330781,1.898611004871782,8.54621104137338,0.032725858984517894,0.875,0.03740098169659188,26.73726609938487
0.5,mixnet_attribution,28,0.045646278999698704,0.05005466049650388,4.32215466677116,557.4326604398915,1.8877434493042529,8.511996069737554,0.030917758426357977,0.875,0.03533458105869483,28.300887403727362
0.5,mixnet_attribution,29,0.08132369722327881,0.0501528909907606,4.321464372008139,562.977938379612,1.905965270154411,8.507704059793532,0.031912650169492615,0.875,0.03647160019370584,27.418594048214448
0.5,mixnet_attribution,30,0.053104761904761905,0.05007057573500622,4.321817169500464,563.8342857142857,1.8634825968474615,8.331019859996037,0.029714854181068985,0.875,0.03395983334979313,29.446552039870117
0.5,mixnet_attribution,31,0.060452447605356736,0.050099331138111255,4.321805197207576,559.9165468714534,1.86690679815365,8.52861166726633,0.0309833204563582,0.875,0.0354095090929808,28.241001516686637
0.5,mixnet_attribution,32,0.031105729206084915,0.0499945342821968,4.321906984302653,560.0857488836751,1.854881481587654,8.37489658372035,0.0313392953883875,0.875,0.03581633758672857,27.92021930155531
0.5,mixnet_attribution,33,0.054746739460115254,0.050038395694423275,4.322089016966298,561.1455868971792,1.8703975038661156,8.531934457964722,0.031847050938618816,0.875,0.03639662964413579,27.475071449675276
0.5,mixnet_attribution,34,0.08388454600120264,0.05018019513955822,4.322138190929791,556.2615754660253,1.8621375444345176,8.334716624077718,0.032529287034476176,0.875,0.037176328039401345,26.898837317664878
0.5,mixnet_attribution,35,0.04583872687124039,0.05008344774204603,4.322062334441896,563.4914337927358,1.8519486797740683,8.424041025935097,0.029066585786246536,0.875,0.03321895518428176,30.10329477409846
0.5,mixnet_attribution,36,0.04497131931166348,0.05006210446191679,4.322209377643299,565.9866156787763,1.8787322223652154,8.618832570512435,0.030234959031081938,0.875,0.034554238892665075,28.940009447358218
0.5,mixnet_attribution,37,0.04051876294988873,0.050129990478876306,4.319885867290201,567.8943289079887,1.8823447581380606,8.388193876540553,0.031441386710494415,0.875,0.03593301338342219,27.8295613376348
0.5,mixnet_attribution,38,0.0406454559293652,0.05003860165244651,4.321724380476596,563.2773633734206,1.8279235031805001,8.303622557547785,0.03209361095070664,0.875,0.0366784125150933,27.263993489044715
0.5,mixnet_attribution,39,0.05945863746958637,0.05011456684319795,4.321641805395878,562.6788321167883,1.9327549706795253,8.761378501009592,0.03081182082398481,0.875,0.0352135095131255,28.39819188221667
0.5,mixnet_attribution,40,0.046641221374045805,0.05001611925961053,4.322180621287994,564.9083969465648,1.8757933275483083,8.429260999548902,0.03119794229310333,0.875,0.03565479119211809,28.046721536292765
0.5,mixnet_attribution,41,0.05507268095309456,0.05012928887087357,4.3217719480563686,554.5141615465308,1.8734659925685264,8.399026044636797,0.03146293380950136,0.875,0.03595763863943013,27.81050252013569
0.5,mixnet_attribution,42,0.05518611939157685,0.05003334450303402,4.322418969806528,565.641137353818,1.8726793542155065,8.42414230239747,0.031132950519748254,0.875,0.03558051487971229,28.105270634242327
0.5,mixnet_attribution,43,0.03791907514450867,0.05001593211878459,4.322134074489267,570.3410404624277,1.9080453297647182,8.46436273488612,0.030014546132964445,0.875,0.03430233843767365,29.152531446710867
0.5,mixnet_attribution,44,0.06962656238018557,0.05014824754635376,4.321561039501656,567.4596273291926,1.881607144488953,8.51979579657273,0.033273539585996256,0.875,0.03802690238399572,26.2971721940956
0.5,mixnet_attribution,45,0.06268633896491094,0.05005262248023043,4.322415239145327,565.7274673190124,1.8991295646701474,8.451415138179298,0.02925776175703578,0.875,0.03343744200804089,29.90659392424589
0.5,mixnet_attribution,46,0.049048203868590726,0.05005188856597665,4.321972782830415,568.0248695118207,1.8657046729349531,8.451992685274298,0.03211648637470917,0.875,0.036704555856810483,27.244574322085178
0.5,mixnet_attribution,47,0.054983604057042626,0.05001564476752739,4.322539612245073,564.3493479752917,1.9225074867717922,8.592851028954271,0.030262841584322832,0.875,0.034586104667797525,28.913345680442625
0.5,mixnet_attribution,48,0.0402638762511374,0.05007492146781732,4.321616768726139,561.1455868971792,1.9017688164894935,8.453833992628631,0.031530343485304764,0.875,0.03603467826891973,27.75104560493634
0.5,mixnet_attribution,49,0.0803163979312443,0.05006909843945735,4.322742543564278,562.849710982659,1.8539680922986008,8.291183972516388,0.02949945622354915,0.875,0.03371366425548474,29.661563703723303
0.5,mixnet_attribution_oracle,0,0.11280604072915872,0.10055337013377566,3.352473326226798,564.4352833498589,1.9804762070416473,8.842187894366369,0.031236956483087438,0.875,0.03569937883781422,28.01169187125351
0.5,mixnet_attribution_oracle,1,0.12224920321748368,0.10010465484458698,3.357916711599205,561.57064804978,1.8654541189898737,8.458468427609175,0.02960925383990929,0.875,0.033839147245610615,29.551572110899254
0.5,mixnet_attribution_oracle,2,0.11448527178864258,0.10050861826866914,3.3540755273225127,561.8259945338597,1.8369179124711081,8.32749922444967,0.031743536483371804,0.875,0.036278327409567775,27.564666604124298
0.5,mixnet_attribution_oracle,3,0.09617271835132483,0.10009788212655372,3.357709900221095,558.6507888578546,1.9053859348641708,8.585801340666798,0.03149871030465269,0.875,0.03599852606246022,27.778915121828124
0.5,mixnet_attribution_oracle,4,0.08271652041205646,0.09984349486649051,3.3607062521462505,564.6932468523464,1.8846131111204159,8.552202163100995,0.031963608375807924,0.875,0.03652983814378048,27.374881762794192
0.5,mixnet_attribution_oracle,5,0.09962034927866363,0.0997025949419645,3.36359299201417,561.9111617312072,1.8541443064168561,8.379634145572693,0.030809750985440285,0.875,0.035211143983360324,28.400099709130963
0.5,mixnet_attribution_oracle,6,0.04967140455448571,0.10000335482786235,3.3580433589829988,565.5116918844567,1.862216052308213,8.357365997180942,0.02992294083837029,0.875,0.034197646672423185,29.24177823050014
0.5,mixnet_attribution_oracle,7,0.09750532400365075,0.10028385380986714,3.3552880924084043,562.849710982659,1.8811518515867647,8.572746358879623,0.03309913533774853,0.875,0.03782758324314118,26.43573589072249
0.5,mixnet_attribution_oracle,8,0.1030634236453202,0.10002876021463349,3.3602661792153934,569.5960591133005,1.8919098632177338,8.529954906907317,0.030874196650575655,0.875,0.03528479617208646,28.340818383162222
0.5,mixnet_attribution_oracle,9,0.10705280048903491,0.10025244319127255,3.3563873062843257,565.4685565828685,1.8498178948066197,8.289894806597557,0.02998296173945414,0.875,0.03426624198794759,29.1832410554892
0.5,mixnet_attribution_oracle,10,0.0811799850634802,0.0997553096008758,3.3612091820843126,552.6952949962658,1.878375446278369,8.44661089795927,0.030830612680545558,0.875,0.0352349859206235,28.380882633322894
0.5,mixnet_attribution_oracle,11,0.0982736716239444,0.0998935647716342,3.3596815386642542,553.0663627531575,1.8874300614988897,8.576817106610477,0.030071081709124533,0.875,0.03436695052471375,29.09772280438109
0.5,mixnet_attribution_oracle,12,0.09417717695038139,0.09996653722764932,3.3585637381308944,558.9034816101503,1.8563484796904959,8.304074516593762,0.03158442880060091,0.875,0.03609649005782961,27.70352459194553
0.5,mixnet_attribution_oracle,13,0.08674404398289554,0.09969775215179431,3.3626919736322876,565.0806353084912,1.8852786997449584,8.462535481951921,0.03159257720377818,0.875,0.03610580251860363,27.69637925883926
0.5,mixnet_attribution_oracle,14,0.1047396579006857,0.10035604613875512,3.354434837993582,557.6423027654283,1.8781000969465822,8.345079985018813,0.03206856008028678,0.875,0.03664978294889918,27.28529119515662
0.5,mixnet_attribution_oracle,15,0.10939034524439073,0.09998418580506317,3.3613246283471323,559.0720707108861,1.8797438162437174,8.469650570703838,0.03107465511256152,0.875,0.03551389155721316,28.15799553785853
0.5,mixnet_attribution_oracle,16,0.1057882711348058,0.10024794239672756,3.357184665140904,563.6199543031227,1.8398323980218265,8.360248260196997,0.030429230942976337,0.875,0.0347762639348301,28.755245298171662
0.5,mixnet_attribution_oracle,17,0.09287370074029762,0.10021874622540598,3.3572480937543125,553.3966200553353,1.8505039261945058,8.20707898758266,0.03035126072627697,0.875,0.03468715511574511,28.82911546545604
0.5,mixnet_attribution_oracle,18,0.10131758291685597,0.09995016436415037,3.360314250003678,560.3820990458883,1.9070213515660726,8.582130232549877,0.031707211710621484,0.875,0.036236813383567414,27.596245547724617
0.5,mixnet_attribution_oracle,19,0.11053711160069893,0.10032605839171642,3.355255242266124,562.2094507331155,1.8754121139354538,8.495348772763432,0.030697371849796488,0.875,0.0350827106854817,28.50406882652402
0.5,mixnet_attribution_oracle,20,0.1051493862425693,0.10013511152490556,3.3585990447629297,571.3080367482437,1.8606054811680224,8.516868783606455,0.029115083529917825,0.875,0.033274381177048944,30.053150941534312
0.5,mixnet_attribution_oracle,21,0.11288848263254113,0.09986064859521578,3.361808800695039,563.7056672760511,1.8872358932567295,8.46438517970864,0.029628016294851504,0.875,0.03386059005125886,29.532858065561744
0.5,mixnet_attribution_oracle,22,0.10451543541698664,0.100160534089652,3.356559093829688,568.2861311626478,1.880455713486299,8.566209039569113,0.033454085088730275,0.875,0.03823324010140603,26.15525122505181
0.5,mixnet_attribution_oracle,23,0.10077809367050726,0.09976758673773503,3.362082795448855,553.6859194972318,1.8641811090928968,8.46933203383194,0.028072733295900605,0.875,0.03208312376674355,31.169034763272382
0.5,mixnet_attribution_oracle,24,0.09456555112066319,0.10020786396589053,3.357299642606707,568.0248695118207,1.8644001738284715,8.535918113820292,0.030192739095943607,0.875,0.03450598753822127,28.98047763137715
0.5,mixnet_attribution_oracle,25,0.10473075752966231,0.09992346709386289,3.361785731754022,562.849710982659,1.8766372426762246,8.51973895945767,0.03223705134838281,0.875,0.03684234439815178,27.14268096495416
0.5,mixnet_attribution_oracle,26,0.11555521566228204,0.09989340928719535,3.361042356233849,565.9434077699602,1.8452052944048773,8.368169832783302,0.03226609439544115,0.875,0.03687553645193274,27.118249555596297
0.5,mixnet_attribution_oracle,27,0.09826283987915407,0.1000683373696382,3.3584714113277974,558.9456193353475,1.8521609633753542,8.240412846375246,0.03205533307514444,0.875,0.03663466637159364,27.296549935975275
0.5,mixnet_attribution_oracle,28,0.10292450691453185,0.09991879981482547,3.3605243718248055,559.2407617320335,1.8526124968775548,8.272079220035572,0.030680288087814315,0.875,0.0350631863860735,28.51994080028
0.5,mixnet_attribution_oracle,29,0.11095921622237412,0.10015676751323932,3.3583434664928764,562.038961038961,1.8457361386390403,8.223655630024982,0.02926637582879258,0.875,0.033447286661477234,29.897791414923518
0.5,mixnet_attribution_oracle,30,0.08109322351179334,0.10007609630863684,3.3582188677277154,554.1411456383377,1.8663664243649691,8.438938457885211,0.03100122556310929,0.875,0.0354299720721249,28.22469060840062
0.5,mixnet_attribution_oracle,31,0.10741042949336102,0.09997361607950316,3.3610644551229027,548.9712187523181,1.9026362260919996,8.396560925761698,0.030322017926041604,0.875,0.034653734772618974,28.856918498439367
0.5,mixnet_attribution_oracle,32,0.08716395304808784,0.0998501383835688,3.3604804003885813,560.4244604316547,1.8713382082933094,8.419829302499018,0.0299933175430243,0.875,0.03427807719202777,29.17316494732018
0.5,mixnet_attribution_oracle,33,0.12318071558520316,0.10059797264955586,3.3544432608782433,560.9757428744693,1.8847713708819356,8.410325711789902,0.03458785778150044,0.875,0.03952898032171479,25.29789516100069
0.5,mixnet_attribution_oracle,34,0.10007627765064836,0.09975675999292068,3.362344741007507,564.4782608695652,1.9106627727742307,8.585243883429081,0.031209418250308103,0.875,0.03566790657178069,28.036408528421124
0.5,mixnet_attribution_oracle,35,0.09239963224026969,0.10000373697899796,3.360300704380061,566.9822249463683,1.8382982362236362,8.196748548470163,0.031121865114229836,0.875,0.0355678458448341,28.115281548467483
0.5,mixnet_attribution_oracle,36,0.08363247536851753,0.10043187112664743,3.3532199275653993,565.2098831436646,1.8917939614329953,8.648587121690548,0.028316182372323154,0.875,0.032361351282655035,30.90105821804721
0.5,mixnet_attribution_oracle,37,0.13174555321073259,0.09982620422161273,3.3618989536497486,557.7681640036177,1.9618762536265422,8.861268324310451,0.03288154873096047,0.875,0.03757891283538339,26.61066871148077
0.5,mixnet_attribution_oracle,38,0.10891976692066338,0.10006096870228168,3.3592754229988255,552.8601523980278,1.9093419459240977,8.522014919178382,0.030216982227755887,0.875,0.03453369397457816,28.957226549124634
0.5,mixnet_attribution_oracle,39,0.10614651848491721,0.10020338724567297,3.3576560925761623,559.4939895667952,1.876924004725879,8.470446648980605,0.03152844865582373,0.875,0.036032512749512836,27.752713416122226
0.5,mixnet_attribution_oracle,40,0.09192221391174271,0.09986882703223014,3.360565857337658,553.5205684367988,1.8437895622046199,8.40557199983936,0.02926043441001725,0.875,0.033440496468591145,29.903862250946126
0.5,mixnet_attribution_oracle,41,0.08339622641509434,0.09987668202887083,3.36003629879644,558.5245283018868,1.8936590791854542,8.548528753515324,0.031194290211534716,0.875,0.0356506173846111,28.050005115245455
0.5,mixnet_attribution_oracle,42,0.1456474930790526,0.10014090592181431,3.3609717421378233,569.0713626576438,1.8898351211682893,8.401162302705309,0.033483456941239255,0.875,0.038266807932844864,26.132307710507725
0.5,mixnet_attribution_oracle,43,0.10475827940616673,0.09999759540331231,3.3600127377053983,563.4057860677578,1.8912486512272153,8.636676234389142,0.03213520946489122,0.875,0.03672595367416139,27.228700685955275
0.5,mixnet_attribution_oracle,44,0.10701134741113699,0.10024954979842877,3.357247399275914,556.1363943788983,1.848536798643181,8.50080884120467,0.02953804381673459,0.875,0.03375776436198239,29.6228147479514
0.5,mixnet_attribution_oracle,45,0.11762041370979918,0.10021577043745396,3.3558367908294753,558.6928884191454,1.8632212775701191,8.400000488407382,0.03195052630955544,0.875,0.0365148872109205,27.386090342377678
0.5,mixnet_attribution_oracle,46,0.1115456938698759,0.09988476306492028,3.3620806119792332,556.6374576908612,1.863895875227172,8.454097373142314,0.03204654282803544,0.875,0.03662462037489765,27.304037277759623
0.5,mixnet_attribution_oracle,47,0.09365212741578184,0.10035804002748114,3.355789303072277,565.2960812772134,1.9454193204001058,8.669448908032843,0.030013455651924658,0.875,0.03430109217362818,29.153590647729672
0.5,mixnet_attribution_oracle,48,0.06604061688807451,0.10006633081374294,3.355822822007286,564.9945029775538,1.8703233945707325,8.535749168468136,0.030941902914199744,0.875,0.03536217475908542,28.27880374475767
0.5,mixnet_attribution_oracle,49,0.09799939831528279,0.10035371234999249,3.356528935436291,556.5956678700361,1.8530479067994747,8.357116084387402,0.03224405986651937,0.875,0.036850354133164995,27.136781274511794
1.0,mixnet_attribution,0,0.034054337250205825,0.04995335744574487,4.323389833080649,553.8927475488362,3.501973888516659,14.952968463618205,0.030804162186897924,1.75,0.0176023783925131,56.810504677330115
1.0,mixnet_attribution,1,0.04373682625715146,0.04994303639454854,4.323772915527294,557.0975609756098,3.552071016281843,14.967713610738128,0.03235420843461608,1.75,0.018488119105494905,54.08879044395529
1.0,mixnet_attribution,2,0.04480529243722749,0.04999178705827544,4.323456219591067,556.3450608930988,3.528205566602992,15.059677829985944,0.03217940777214748,1.75,0.018388233012655703,54.38260431612706
1.0,mixnet_attribution,3,0.057755528989838614,0.04999607204155866,4.323028897802264,552.9426180514047,3.504787119862158,15.051571565871354,0.03071083935202481,1.75,0.017549051058299892,56.98313810119358
1.0,mixnet_attribution,4,0.04149659863945578,0.04996970700949536,4.323696458913861,559.3673469387755,3.498235634440789,14.851365467145149,0.0334890980652063,1.75,0.01913662746583217,52.25581162540095
1.0,mixnet_attribution,5,0.06300460273145703,0.04996786825709169,4.323624377400158,558.398324907568,3.4906424784567207,14.993961048273333,0.032401145409076494,1.75,0.018514940233757996,54.01043629493958
1.0,mixnet_attribution,6,0.04637157482685938,0.0499622447215214,4.323737759126778,557.0975609756098,3.4725661200645845,14.799883746874945,0.030456617726713396,1.75,0.01740378155812194,57.458776798616114
1.0,mixnet_attribution,7,0.043995425085779645,0.049949659749390196,4.323647631619971,564.2634388105223,3.4750336224678904,14.844917454065127,0.029876374119182886,1.75,0.01707221378239022,58.57471167749128
1.0,mixnet_attribution,8,0.05519358945555306,0.04996215866105537,4.3237722020375395,554.2239946079533,3.481742945325095,14.742440912784732,0.032576051068292255,1.75,0.01861488632473843,53.72044623614168
1.0,mixnet_attribution,9,0.060054802861927235,0.049967718637241254,4.323950864913583,563.2773633734206,3.481801060552243,14.900262989422055,0.03082059256327539,1.75,0.01761176717901451,56.7802191475459
1.0,mixnet_attribution,10,0.04940696532446929,0.04996210172307267,4.323333079382378,559.0720707108861,3.523163897683844,15.143622972310704,0.031232239841740356,1.75,0.017846994195280203,56.03184430151599
1.0,mixnet_attribution,11,0.04110420142575459,0.04994559309042526,4.323721549133964,561.2305475504322,3.536327215610072,14.869036555588897,0.028710992190007043,1.75,0.016406281251432595,60.952264847506505
1.0,mixnet_attribution,12,0.06704423695086484,0.04994721110525648,4.323659604400266,566.3757844787999,3.4822254945756868,14.792836925299902,0.029504827910136436,1.75,0.016859901662935106,59.31232696323521
1.0,mixnet_attribution,13,0.03461421164989326,0.049969508385116324,4.323539560744624,564.220494053065,3.5385935561789665,14.992014455853834,0.033602279179265504,1.75,0.019201302388151716,52.07980061899636
1.0,mixnet_attribution,14,0.04815668202764977,0.049986422866735,4.3233157991515,568.3732718894009,3.5157846861693542,14.914272654071537,0.031057486499305537,1.75,0.017747135142460308,56.347122618539366
1.0,mixnet_attribution,15,0.07406266841173301,0.049970926398422856,4.32332738861238,569.7273847101394,3.5255325683101546,14.946515195674438,0.03122391559879211,1.75,0.017842237485024063,56.0467822961864
1.0,mixnet_attribution,16,0.05351705237515225,0.049952741742830216,4.323818777916455,563.3629719853836,3.4846009986067656,14.97341668083362,0.030683818327040223,1.75,0.017533610472594413,57.03331903962573
1.0,mixnet_attribution,17,0.06512158054711246,0.05004636331927283,4.322530789305395,562.3373860182371,3.524383447918808,15.238148570216715,0.032196629463950084,1.75,0.018398073979400048,54.35351554296824
1.0,mixnet_attribution,18,0.038103174001969546,0.04997018375746033,4.323306813621668,560.5939701537762,3.465700619359268,14.3437722993427,0.030038749610413713,1.75,0.017164999777379265,58.25808406463487
1.0,mixnet_attribution,19,0.346568774348217,0.050277775593276536,4.323220369117489,554.431225651783,3.4746049050881993,14.812178426721353,0.03714229131010679,1.75,0.021224166462918165,47.11610238014065
1.0,mixnet_attribution,20,0.042644404332129966,0.04999881168523105,4.323230153273426,556.5956678700361,3.540579112886917,15.252250112510307,0.03130034881822522,1.75,0.017885913610414413,55.90992005114746
1.0,mixnet_attribution,21,0.05499430307633878,0.04994491766877936,4.323934769105274,562.1241929358147,3.507487980677979,14.75756997118252,0.03076308320509567,1.75,0.017578904688626096,56.886365658892274
1.0,mixnet_attribution,22,0.049777509616109814,0.049977627076965694,4.323442143197964,558.1460894486763,3.503392610728042,14.832433038962337,0.03168091673446247,1.75,0.018103380991121413,55.23830054123249
1.0,mixnet_attribution,23,0.03318903318903319,0.049934188055618584,4.323619843832532,562.038961038961,3.4821375268511474,14.809160300443537,0.03084320294437115,1.75,0.017624687396783516,56.738594988215155
1.0,mixnet_attribution,24,0.05366000300616263,0.050078338837915105,4.321506689970235,556.1781151360289,3.5168611399712972,14.787801806984852,0.030613312529131447,1.75,0.01749332144521797,57.16467299429653
1.0,mixnet_attribution,25,0.05307409353652128,0.0500217514786138,4.322726653996299,555.5529614893777,3.5576224381802604,14.991578373637612,0.032048105785224074,1.75,0.018313203305842327,54.60541136901906
1.0,mixnet_attribution,26,0.046319208165790285,0.04995509681104836,4.323796161510115,572.2341478502939,3.5256276222644374,14.965790550239873,0.02940219623051873,1.75,0.016801254988867847,59.519363325095576
1.0,mixnet_attribution,27,0.06931293083857283,0.049990057876539214,4.323340320134119,560.5939701537762,3.492022782069398,14.912287531944473,0.03146614419618821,1.75,0.017980653826393266,55.615330212972005
1.0,mixnet_attribution,28,0.042826876513317194,0.04995728780956852,4.323765373025447,559.9588377723971,3.469893962086644,14.63983724922638,0.03118942102376571,1.75,0.01782252629929469,56.10876837587127
1.0,mixnet_attribution,29,0.055598218399631395,0.04994967535543748,4.32355188502072,568.2861311626478,3.4936154078750405,14.856028897245519,0.030883949659473654,1.75,0.017647971233984944,56.66373696679004
1.0,mixnet_attribution,30,0.060960778352082697,0.04997259623823092,4.323530146094515,562.508057160231,3.484116662701126,14.82994699733972,0.02871994164901551,1.75,0.016411395228008864,60.9332714316287
1.0,mixnet_attribution,31,0.055274067250115154,0.049962264529538926,4.323741878110708,568.1119299861815,3.488114120089449,14.984107716393366,0.028286793157443643,1.75,0.01616388180425351,61.86632716757747
1.0,mixnet_attribution,32,0.026520700023128518,0.04996467247863934,4.323314769380915,570.5166139850436,3.455611168552423,14.722611245435164,0.032613656457395626,1.75,0.018636375118511787,53.65850352554265
1.0,mixnet_attribution,33,0.04635463546354635,0.04996800119899738,4.323630812923115,555.095409540954,3.517808476695791,14.916441042303845,0.03314714893373475,1.75,0.018941227962134145,52.79488753311684
1.0,mixnet_attribution,34,0.026161444667386943,0.04994691346729132,4.323131206456799,571.0879765395895,3.497188370965887,14.832823324615447,0.030212870504125494,1.75,0.017264497430928855,57.92233477984297
1.0,mixnet_attribution,35,0.04798288508557457,0.049987139644707315,4.323419348970094,565.4254278728606,3.5006600221677218,14.956901494544312,0.02921014558698342,1.75,0.016691511763990526,59.9106907834048
1.0,mixnet_attribution,36,0.05169001218026797,0.049955780518983785,4.3236759844249,563.3629719853836,3.513373917521676,14.887736773105386,0.03167276720259382,1.75,0.0180987241157679,55.25251358071059
1.0,mixnet_attribution,37,0.04455558081382132,0.04997514989203743,4.323446893899823,560.7635826324165,3.5206960074137896,14.979308515915845,0.02996873473829108,1.75,0.017124991279023474,58.394190321422656
1.0,mixnet_attribution,38,0.049762497172585386,0.049980475803764836,4.323073677186446,557.9780592626103,3.4948776054370683,14.67662027024492,0.029536181730992938,1.75,0.016877818131995966,59.24936459080925
1.0,mixnet_attribution,39,0.026175253854832645,0.04995016799697253,4.32349194475295,556.6374576908612,3.486577267962275,15.051091144183538,0.03100540239537398,1.75,0.01771737279735656,56.441776748593355
1.0,mixnet_attribution,40,0.042689434364994665,0.0499665939498856,4.3235531409613035,564.1346241805153,3.5017479997186456,14.831443591308167,0.033759314199192585,1.75,0.019291036685252904,51.83754591916012
1.0,mixnet_attribution,41,0.04689898679766656,0.049990337617842724,4.323296429826456,568.0248695118207,3.5396769374783617,14.965002454539386,0.0314313029402137,1.75,0.017960744537264973,55.67697919900809
1.0,mixnet_attribution,42,0.06664125047655356,0.049967725813382234,4.323420404350241,564.2634388105223,3.478607679484412,14.610267825141909,0.031636393683543616,1.75,0.01807793924773921,55.31603941666404
1.0,mixnet_attribution,43,0.5846249225046497,0.050469294188158806,4.3217828874381725,573.4736515809052,3.5258596366038546,15.268740716615941,0.03878246096068802,1.75,0.022161406263250298,45.12349027499554
1.0,mixnet_attribution,44,0.05480783609989532,0.04999295851856615,4.323558158057681,553.3553162853298,3.499481597740669,14.80255663516845,0.03137835144067668,1.75,0.017930486537529534,55.77093504445308
1.0,mixnet_attribution,45,0.05441616766467066,0.049954333450135426,4.323552188449613,553.934131736527,3.4791099237045273,14.656543800397975,0.03059134503080993,1.75,0.017480768589034246,57.20572267213147
1.0,mixnet_attribution,46,0.004862482905333536,0.04998730112957675,4.321885773168214,562.2520893481234,3.465533499751473,14.82992808201561,0.030392692066072237,1.75,0.017367252609184137,57.579631188826085
1.0,mixnet_attribution,47,0.039948059883898566,0.0499431609907294,4.3238205107933005,565.2529789184234,3.5155930290929973,14.86852117466075,0.029935049166977083,1.75,0.017105742381129763,58.45990064150342
1.0,mixnet_attribution,48,0.041326766199784516,0.049961757380678054,4.323698947146497,569.5085424041865,3.506230109662283,14.810021946487325,0.03008337173646098,1.75,0.01719049813512056,58.17167089282761
1.0,mixnet_attribution,49,0.09785932721712538,0.04999974207549065,4.323548418036605,565.7706422018349,3.513216565712355,14.888145917766309,0.03280503338476084,1.75,0.01874573336272048,53.3454723083117
1.0,mixnet_attribution_oracle,0,0.09067630667269166,0.09997384978916024,3.358311443664942,557.3488477180298,3.489348321192665,14.982705326206466,0.030571869726634976,1.75,0.017469639843791414,57.24216463199686
1.0,mixnet_attribution_oracle,1,0.09017775053631627,0.10031528183460428,3.3546111655243562,566.9822249463683,3.490737324435031,14.821473841328803,0.028935544442965692,1.75,0.016534596824551825,60.47924909273409
1.0,mixnet_attribution_oracle,2,0.09121851599727705,0.0995801595572477,3.363568919905309,559.7474472430225,3.484469532413641,14.98569347260567,0.032830782745409744,1.75,0.018760447283091283,53.30363316557469
1.0,mixnet_attribution_oracle,3,0.06751824817518248,0.10000200532463592,3.358769608281571,562.6788321167883,3.5285889465303626,15.14053988489625,0.03076475103117203,1.75,0.017579857732098303,56.88328172156611
1.0,mixnet_attribution_oracle,4,0.11038411207759218,0.10025191341403318,3.35551202759101,569.6398275729351,3.4817319750145543,14.927428510119825,0.032354986126550786,1.75,0.018488563500886162,54.08749035326999
1.0,mixnet_attribution_oracle,5,0.09968017057569296,0.10049079417669336,3.353301290802365,563.5342674383186,3.4888984453573357,15.032433769509016,0.030594988150399342,1.75,0.017482850371656766,57.19891086073711
1.0,mixnet_attribution_oracle,6,0.08461596215932127,0.09961711812655684,3.363440469018098,555.6362339514978,3.5108360805606935,14.97045272838754,0.03130223089259476,1.75,0.017886989081482722,55.90655841766222
1.0,mixnet_attribution_oracle,7,0.09333937471681016,0.10001387234265968,3.3588388291067024,558.861350249207,3.470360378647456,14.860698018101088,0.028120853412468044,1.75,0.016069059092838883,62.23139725994575
1.0,mixnet_attribution_oracle,8,0.10289315817450072,0.09967958063468982,3.363147600895834,561.953755030754,3.4839048930152785,15.121560266447405,0.03202648221115044,1.75,0.01830084697780025,54.642279737820054
1.0,mixnet_attribution_oracle,9,0.11516516516516516,0.10010422176555245,3.3575527481835263,555.5945945945946,3.4995424923545215,14.983126591938223,0.029105296539595676,1.75,0.0166315980226261,60.12651331757606
1.0,mixnet_attribution_oracle,10,0.09768812330009066,0.10035309148688772,3.3538021033330634,559.114233907525,3.500527687196154,14.790053958339493,0.031081179847096574,1.75,0.0177606741983409,56.30416890893783
1.0,mixnet_attribution_oracle,11,0.08549242141417158,0.0997893503118868,3.359697723783875,552.5717165683566,3.5367804787529167,15.085210327968591,0.030025907314244486,1.75,0.01715766132242542,58.28300146553069
1.0,mixnet_attribution_oracle,12,0.07767063432273617,0.09962656889675488,3.363403998382273,557.51649841796,3.4888753817940596,14.991726379512553,0.03221199390737788,1.75,0.01840685366135879,54.327590059526784
1.0,mixnet_attribution_oracle,13,0.09043505331154175,0.09997496087166964,3.359637909735149,575.924118608452,3.533811866422184,14.981437249980926,0.03011417384061591,1.75,0.017208099337494807,58.11217034417598
1.0,mixnet_attribution_oracle,14,0.0985359933247364,0.09994700247805634,3.359843496965024,561.3580368656603,3.5020137576793786,14.776654263594608,0.03058196024728823,1.75,0.017475405855593273,57.2232775744052
1.0,mixnet_attribution_oracle,15,0.08534645967436577,0.09998925641903918,3.3588987484375084,560.4244604316547,3.4997630499419756,14.853008922162134,0.030441976628145545,1.75,0.01739541521608317,57.486411653769345
1.0,mixnet_attribution_oracle,16,0.10927177462221885,0.10002372541897268,3.3576728346045224,561.953755030754,3.5021313952456694,14.969944469104279,0.03165470069026213,1.75,0.018088400394435506,55.28404824053032
1.0,mixnet_attribution_oracle,17,0.1197003745318352,0.10020651422010331,3.357229771683659,554.3483146067416,3.5179180190025363,15.006270390565705,0.03146210820011527,1.75,0.01797834754292301,55.6224646126412
1.0,mixnet_attribution_oracle,18,0.09240467404674046,0.10025908243889758,3.3548051883442453,568.8966789667896,3.524269854387967,14.743987886737193,0.029805472634335733,1.75,0.01703169864819185,58.71404964684271
1.0,mixnet_attribution_oracle,19,0.10691680012201632,0.09985372446518456,3.3617242255053665,564.3493479752917,3.4881342034204863,14.780698133384677,0.032729439004160955,1.75,0.01870253657380626,53.46868303417969
1.0,mixnet_attribution_oracle,20,0.10546638400969109,0.10001285609953348,3.35870078857452,560.2973955178679,3.4727825088775717,14.996981583582729,0.02860732639472431,1.75,0.016347043654128177,61.1731406092787
1.0,mixnet_attribution_oracle,21,0.10238238841978287,0.09960248634628127,3.364700836041855,557.9360675512665,3.5030393049819395,14.774757188709666,0.029886502392142925,1.75,0.017078001366938815,58.554861222572164
1.0,mixnet_attribution_oracle,22,0.0921562548442102,0.10012559458960012,3.35622964324351,573.5623934273756,3.4816795645747334,15.01508851206078,0.03108076405836406,1.75,0.017760436604779464,56.304922128484876
1.0,mixnet_attribution_oracle,23,0.09738427514680088,0.09962053150193448,3.363235656192442,564.3493479752917,3.4988183673121966,15.13418656951674,0.032001628458581094,1.75,0.018286644833474912,54.684717131347895
1.0,mixnet_attribution_oracle,24,0.1276960967236361,0.09983321554725445,3.359939920529334,552.3247257258005,3.568815370264929,15.091959152140385,0.03130994949484918,1.75,0.017891399711342387,55.892776201631804
1.0,mixnet_attribution_oracle,25,0.09577970667464832,0.10013369362146853,3.357079746004194,553.7686321460641,3.51410187073634,14.851531395566164,0.031573189182810935,1.75,0.018041822390177677,55.42677332553831
1.0,mixnet_attribution_oracle,26,0.08583364982909229,0.09948751040564867,3.3654812099141114,562.1241929358147,3.5015763268165756,14.820077129257426,0.03215336277426721,1.75,0.01837335015672412,54.426655534784366
1.0,mixnet_attribution_oracle,27,0.09558153659277255,0.09977544217929683,3.3615627488932764,561.8259945338597,3.506312288227491,14.914471074581447,0.031091630164816315,1.75,0.017766645808466465,56.28524431569762
1.0,mixnet_attribution_oracle,28,0.11642743221690591,0.1001174793414171,3.357191505743952,562.038961038961,3.4678025053581223,14.898000099698097,0.02983082117840405,1.75,0.0170461835305166,58.66415776937808
1.0,mixnet_attribution_oracle,29,0.09342482280199065,0.09996514014848558,3.358670069004263,558.0200573065903,3.4482636574830394,14.434448765449197,0.03029832406107947,1.75,0.017313328034902552,57.75897031374121
1.0,mixnet_attribution_oracle,30,0.08985550872968091,0.09980710106732618,3.3607963990040877,556.9301625526791,3.501176132442197,14.983546136355688,0.03302211247226705,1.75,0.01886977855558117,52.99479254907456
1.0,mixnet_attribution_oracle,31,0.10312617702448211,0.09967118163111999,3.363614061469961,557.4745762711865,3.522422383510275,14.975279004487914,0.03046805974382937,1.75,0.017410319853616782,57.43719865044652
1.0,mixnet_attribution_oracle,32,0.11642730973043545,0.10023969677746757,3.3579548185488806,568.3296981798633,3.4894682349986397,14.957358063076121,0.033701043615612256,1.75,0.01925773920892129,51.927175311250586
1.0,mixnet_attribution_oracle,33,0.09821164646763228,0.0997359558456628,3.3629501309113388,546.9060005911913,3.464719844138017,14.958990841995606,0.033618411003146526,1.75,0.019210520573226586,52.05481008118463
1.0,mixnet_attribution_oracle,34,0.09790531727154148,0.10016707341039399,3.3568484460290646,567.8073352259648,3.547420804388821,14.9754774419138,0.0330619262766053,1.75,0.018892529300917314,52.930975205709785
1.0,mixnet_attribution_oracle,35,0.08865010073875083,0.0998013350552971,3.3612733260376806,552.2424445936871,3.50866100093117,15.125217572772538,0.031683921080048395,1.75,0.018105097760027656,55.23306271274575
1.0,mixnet_attribution_oracle,36,0.09933077675013159,0.09981633251452125,3.361554897359613,556.4703361154974,3.4816661314980593,14.924706217119018,0.03391911903827605,1.75,0.01938235373615774,51.59332110085794
1.0,mixnet_attribution_oracle,37,0.07764142934321216,0.09989028471384105,3.3608390659773213,571.1319749942116,3.4987552317616064,14.914640823027309,0.033603644774871926,1.75,0.019202082728498243,52.07768418349107
1.0,mixnet_attribution_oracle,38,0.11338233042413107,0.09990757545567011,3.359880752749473,566.5489205328433,3.5369088207371533,15.05682076717939,0.030704485302218063,1.75,0.017545420172696037,56.994930309858724
1.0,mixnet_attribution_oracle,39,0.11340752517223106,0.0996511230970079,3.3640508186244653,560.2550533727004,3.4670933464658447,14.727591883099969,0.031307465437601,1.75,0.017889980250057714,55.89721095397934
1.0,mixnet_attribution_oracle,40,0.10704862419901998,0.10010432331543882,3.357369670751807,557.894082171127,3.517821574845584,15.106959658876974,0.030846514794081296,1.75,0.01762657988233217,56.73250322385798
1.0,mixnet_attribution_oracle,41,0.09541145240803944,0.09988630389142394,3.3602294937376196,561.2730375426621,3.597521963180043,15.298452691979545,0.02996763761237801,1.75,0.017124364349930293,58.396328153580235
1.0,mixnet_attribution_oracle,42,0.09875330562901398,0.09996205105408211,3.359013141668468,559.1564034756328,3.464872766257031,14.813777856363481,0.030503817531093082,1.75,0.017430752874910332,57.36986848338553
1.0,mixnet_attribution_oracle,43,0.08797876374668183,0.09986228793135869,3.360154183815387,561.2730375426621,3.4781929667515215,14.927649176715414,0.031924838464170775,1.75,0.018242764836669013,54.816252303485385
1.0,mixnet_attribution_oracle,44,0.10451232749263452,0.10002184130843791,3.359539290137907,573.7399596836719,3.5016642348491587,14.78748755010336,0.03135749201253388,1.75,0.017918566864305072,55.808034625361906
1.0,mixnet_attribution_oracle,45,0.09775750665146332,0.10011457528907265,3.3575468069779175,562.5507411630558,3.5565858841873705,15.38979238029159,0.031115580069355213,1.75,0.01778033146820298,56.2419211243798
1.0,mixnet_attribution_oracle,46,0.0973330294050604,0.09988484493848136,3.3606023189360705,562.2947344426715,3.5082252259308007,14.918961446892116,0.031036724555297438,1.75,0.01773527117445568,56.38481589389577
1.0,mixnet_attribution_oracle,47,0.10021128886205856,0.09980160902480603,3.3616170181427587,558.4403863567763,3.512147325935075,14.990817185396255,0.03047041364169597,1.75,0.01741166493811198,57.43276151674178
1.0,mixnet_attribution_oracle,48,0.09203151037721558,0.09990536453981606,3.359850322949318,560.5515830934706,3.5230664371920284,14.915374144170904,0.031363455756586,1.75,0.017921974718049145,55.797422757934385
1.0,mixnet_attribution_oracle,49,0.09473443920255668,0.10001051195451437,3.358320947795519,563.1062243189773,3.536021194042405,14.959060339763942,0.028302449081668762,1.75,0.016172828046667864,61.83210488075603
