width,mix_scale,rep,deanon_top1,mean_true_posterior,posterior_entropy,bandwidth_overhead,latency,latency_overhead,sigma_d,sigma_Z,sigma_eps,sigma_noise,eta,inv_eta
1,0.0001,0,0.9505860721673178,0.9377195450484874,0.13790698133959542,566.938864628821,0.324601399974199,2.2918266052066762,0.029824393004045435,0.00017500000000000003,0.0,0.00017500000000000003,170.4251028802596,0.005867680189711244
1,0.0001,1,0.9531508497518424,0.9396302425647448,0.13305829279227824,556.512107083772,0.22724434643168934,1.9185968038633952,0.03083763315242684,0.00017500000000000003,0.0,0.00017500000000000003,176.21504658529622,0.00567488429267562
1,0.0001,2,0.9513233951931853,0.9353458579636282,0.14770081238252947,562.849710982659,0.23267888868576847,1.916500971820656,0.02861666895872985,0.00017500000000000003,0.0,0.00017500000000000003,163.5238226213134,0.006115316924285635
1,0.0001,3,0.9427402862985685,0.9273125774489047,0.16219409543904315,560.5092024539878,0.3045931115921121,2.2023600620614303,0.03086340217019357,0.00017500000000000003,0.0,0.00017500000000000003,176.3622981153918,0.005670146117883493
1,0.0001,4,0.9451396307034946,0.9321610848265607,0.14890137744021836,564.6502365328857,0.24024696153355762,1.940867654376714,0.030568693207351873,0.00017500000000000003,0.0,0.00017500000000000003,174.67824689915352,0.0057248112901964665
1,0.0001,5,0.9444232384151462,0.9267245984629773,0.16417389810536998,564.9514466753187,0.2752232876373455,2.0839344342046413,0.031516679334403365,0.00017500000000000003,0.0,0.00017500000000000003,180.0953104823049,0.005552615430806867
1,0.0001,6,0.9628490116144912,0.9494079726643788,0.11592942072979116,569.2024459656949,0.21617496939143166,1.8693360927973677,0.031001888938065863,0.00017500000000000003,0.0,0.00017500000000000003,177.15365107466204,0.005644817331924739
1,0.0001,7,0.9502830044362858,0.9355694763848291,0.1435513113440647,566.0298301973382,0.298835802503163,2.2061082248112527,0.031028441249973244,0.00017500000000000003,0.0,0.00017500000000000003,177.30537857127564,0.005639986829829904
1,0.0001,8,0.9518501668183197,0.936381851892768,0.14359984321135388,561.1455868971792,0.23327615970629267,1.9250772379863745,0.031052284272110046,0.00017500000000000003,0.0,0.00017500000000000003,177.44162441205737,0.005635656252096668
1,0.0001,9,0.9492007377805103,0.9366717915397699,0.13759008016102625,568.7221026744544,0.22416737058665603,1.895088639810546,0.030787315866928986,0.00017500000000000003,0.0,0.00017500000000000003,175.92751923959418,0.005684159046420183
1,0.0001,10,0.9474762808349146,0.9369158767373424,0.13705505084446945,561.6982922201139,0.31677343731280416,2.2639949705335587,0.030099427646158396,0.00017500000000000003,0.0,0.00017500000000000003,171.99672940661938,0.005814064043252177
1,0.0001,11,0.9482745486402072,0.9339485853604919,0.14736464344934955,563.7485335567914,0.2499962297733873,1.993056534840788,0.030299754918602564,0.00017500000000000003,0.0,0.00017500000000000003,173.1414566777289,0.005775624273863635
1,0.0001,12,0.950300174785318,0.9352210622579433,0.1454291396202357,562.3800440762976,0.1956240697472822,1.7660376222983443,0.031182085205291907,0.00017500000000000003,0.0,0.00017500000000000003,178.18334403023945,0.005612196838276255
1,0.0001,13,0.9518308795771989,0.9371294653769031,0.14212259335494182,558.7349943374859,0.18908649461809546,1.7596462338819134,0.028817294911647175,0.00017500000000000003,0.0,0.00017500000000000003,164.67025663798384,0.006072742099372753
1,0.0001,14,0.9502724795640327,0.935157405063412,0.14606062741495368,560.1280653950954,0.21245989250019193,1.8492473258511384,0.030629883448222275,0.00017500000000000003,0.0,0.00017500000000000003,175.02790541841298,0.005713374662225717
1,0.0001,15,0.9490130325432513,0.9339212969728107,0.1478829189773865,564.0058684551483,0.2619973953696899,2.024575042502831,0.029973546666814663,0.00017500000000000003,0.0,0.00017500000000000003,171.27740952465518,0.0058384815766147555
1,0.0001,16,0.9582495747641874,0.9443514265317302,0.12742491164747816,572.1458172259162,0.22776629441068508,1.9032216967754034,0.03239195533889449,0.00017500000000000003,0.0,0.00017500000000000003,185.09688765082564,0.005402575984348484
1,0.0001,17,0.9498880395336268,0.9371016570317638,0.1420375233419199,571.3961084086171,0.23755247369990684,1.9470463298620608,0.031005034476570693,0.00017500000000000003,0.0,0.00017500000000000003,177.17162558040394,0.00564424465104984
1,0.0001,18,0.9462851021501263,0.9301780262564433,0.15590058349587507,566.2460019894406,0.24733379360986874,1.9959776685768538,0.02989401534602971,0.00017500000000000003,0.0,0.00017500000000000003,170.82294483445546,0.00585401452345351
1,0.0001,19,0.9445583656109972,0.9293233463341559,0.1585391814091768,562.038961038961,0.30140285080415197,2.1904566931730285,0.03296272842604439,0.00017500000000000003,0.0,0.00017500000000000003,188.35844814882506,0.005309026538644466
1,0.0001,20,0.9456330036040181,0.9294397296769472,0.16004452344610934,567.4596273291926,0.18485651418450288,1.7330021670665263,0.030763614864268884,0.00017500000000000003,0.0,0.00017500000000000003,175.79208493867932,0.0056885382544317915
1,0.0001,21,0.9466133051423393,0.9332010648776361,0.14837586566726707,558.8192252510761,0.24965657299617305,1.9836329833253075,0.03314816022400358,0.00017500000000000003,0.0,0.00017500000000000003,189.41805842287758,0.005279327685681851
1,0.0001,22,0.9505465107391271,0.940223809760288,0.13844624833952965,565.641137353818,0.22732189355883747,1.8810247616924203,0.030096658459552682,0.00017500000000000003,0.0,0.00017500000000000003,171.98090548315815,0.005814598993944293
1,0.0001,23,0.9459789409430795,0.9311867602178341,0.15135760113573574,564.6502365328857,0.27736203288077377,2.099879712021946,0.031469971268256305,0.00017500000000000003,0.0,0.00017500000000000003,179.82840724717886,0.005560856681700315
1,0.0001,24,0.9471210340775558,0.931570943038039,0.15342003291869757,579.7074030552292,0.21829431966762058,1.875462918035882,0.030965778794226444,0.00017500000000000003,0.0,0.00017500000000000003,176.94730739557966,0.005651399926444889
1,0.0001,25,0.9430307633877706,0.9287654763533965,0.15870747002987023,562.1241929358147,0.2357629963371437,1.9323479569073134,0.029952011148379365,0.00017500000000000003,0.0,0.00017500000000000003,171.15434941931062,0.005842679449238549
1,0.0001,26,0.948550398077212,0.9353865833048144,0.14527692218358546,555.8445245606129,0.257598177267937,2.031943744748921,0.030506028275041334,0.00017500000000000003,0.0,0.00017500000000000003,174.32016157166476,0.005736571094152469
1,0.0001,27,0.9465444826269569,0.9339141850103736,0.14634218535797755,565.1237113402062,0.2753154685779009,2.083212151920958,0.028131509370428347,0.00017500000000000003,0.0,0.00017500000000000003,160.7514821167334,0.006220782457693466
1,0.0001,28,0.9500454821103699,0.9357269304253993,0.1442314239215922,560.9757428744693,0.2387023738992866,1.9390955308728401,0.033257232042888156,0.00017500000000000003,0.0,0.00017500000000000003,190.04132595936088,0.005262013380257322
1,0.0001,29,0.9480882575185129,0.9303795855230788,0.15782777644521725,559.1985794166541,0.23276978475041687,1.9262227514809422,0.030179653558077498,0.00017500000000000003,0.0,0.00017500000000000003,172.45516318901426,0.005798608644172517
1,0.0003,0,0.8648627990522052,0.8317947772962843,0.38423170430174325,565.641137353818,0.20737406238913536,1.8245957497579024,0.03181256314140964,0.000525,0.0,0.000525,60.5953583645898,0.01650291419985019
1,0.0003,1,0.8560079443892751,0.8195534000226155,0.4194533891367381,565.2960812772134,0.26770221471088007,2.0767306685021776,0.034490410945329536,0.000525,0.0,0.000525,65.69602084824673,0.015221622056987755
1,0.0003,2,0.8970845702976327,0.8689175006758398,0.3032465038701578,563.3201644211007,0.2567344752023928,2.0194931372412275,0.029718659283786236,0.000525,0.0,0.000525,56.60697006435474,0.017665669066249803
1,0.0003,3,0.8585062869262233,0.8219727352128956,0.4100609703196654,560.5515830934706,0.22720524205942638,1.9195529382102776,0.03238059691490043,0.000525,0.0,0.000525,61.67732745695321,0.016213413278938448
1,0.0003,4,0.8593714502082545,0.821755597952815,0.4118564075839539,560.4244604316547,0.23088142211781815,1.9119584104114933,0.03052881569551209,0.000525,0.0,0.000525,58.150125134308745,0.01719686755084895
1,0.0003,5,0.861816517959277,0.83380531592603,0.376516101324069,564.3493479752917,0.18461802799720317,1.7258182658638606,0.0330769484930004,0.000525,0.0,0.000525,63.00371141523886,0.01587208082725945
1,0.0003,6,0.8697220942729925,0.83402523206245,0.3848098595184136,568.1119299861815,0.2420295180636458,1.9604293277281009,0.03160166808832846,0.000525,0.0,0.000525,60.19365350157803,0.0166130470876599
1,0.0003,7,0.8493496557000765,0.8113997691456144,0.4331489933461273,566.2027543993879,0.20616123091895133,1.8151579652423329,0.02972421541260313,0.000525,0.0,0.000525,56.61755316686311,0.017662366952750547
1,0.0003,8,0.8646408839779005,0.8308446222946905,0.39115341233368767,567.8508287292817,0.19076990670873784,1.7475708121915865,0.031209749560232494,0.000525,0.0,0.000525,59.44714201949047,0.016821666543231598
1,0.0003,9,0.8596264804129973,0.8190384308056347,0.4266827383766956,561.8259945338597,0.23388622599304654,1.9344675051945561,0.03152518548240511,0.000525,0.0,0.000525,60.04797234743832,0.01665335166046886
1,0.0003,10,0.8620611892054424,0.8249765917268954,0.40533544482349076,556.3033150417199,0.2720320656953845,2.0816698212735667,0.03285234157737051,0.000525,0.0,0.000525,62.57588871880098,0.01598059604864308
1,0.0003,11,0.8641506568456223,0.8243915240525472,0.41297223094012897,561.953755030754,0.2471972497587558,1.97877521324676,0.030690428708936363,0.000525,0.0,0.000525,58.457959445593076,0.0171063104063819
1,0.0003,12,0.8507563784149921,0.8166255828818199,0.41888036508196685,556.9720027094152,0.19867123937001452,1.7879677228351685,0.031295826965751034,0.000525,0.0,0.000525,59.61109898238293,0.016775399498934477
1,0.0003,13,0.8516864315416602,0.8121756005062281,0.43403715192867676,569.8587709841368,0.2464497598411981,1.9735588109933182,0.030963321137592276,0.000525,0.0,0.000525,58.97775454779482,0.0169555454877417
1,0.0003,14,0.8536807718605182,0.8176158829876452,0.420419059164287,562.2094507331155,0.24980605891323648,1.9839219318388586,0.032681739483672125,0.000525,0.0,0.000525,62.25093234985167,0.016064016429183373
1,0.0003,15,0.8531099380307551,0.81963011643707,0.418523468385413,566.1595134266697,0.23108744694036432,1.9213930277591182,0.03250378396563051,0.000525,0.0,0.000525,61.911969458343826,0.016151965585149558
1,0.0003,16,0.8547377830750894,0.815303020242478,0.42855767200419315,551.2979737783076,0.21904610071214847,1.8902445381718096,0.02953562738489257,0.000525,0.0,0.000525,56.25833787598585,0.017775142987771327
1,0.0003,17,0.8528151774785802,0.8162975333383989,0.4240608643253322,566.1162790697674,0.28813875385094434,2.150037773817516,0.030591009129119964,0.000525,0.0,0.000525,58.26858881737136,0.017161905244251846
1,0.0003,18,0.8640556479661273,0.824956984860317,0.40894445304342697,559.5362165431725,0.2655577741970774,2.056955195638773,0.028029141925775023,0.000525,0.0,0.000525,53.388841763381,0.018730505606995438
1,0.0003,19,0.8528596057267072,0.8165331326922527,0.4267752517357656,554.7216100742073,0.3575677470653318,2.405772226570517,0.030615505172797604,0.000525,0.0,0.000525,58.31524794818591,0.017148173679867002
1,0.0003,20,0.8645031032677784,0.8276351651104495,0.4008808971648838,553.3966200553353,0.2251329566061031,1.89446405916765,0.03470010718251883,0.000525,0.0,0.000525,66.09544225241682,0.015129636264192399
1,0.0003,21,0.8598808796579108,0.8218971206392507,0.4157332170094418,565.0806353084912,0.23351254203589633,1.9197455819967315,0.03200893680443519,0.000525,0.0,0.000525,60.96940343701941,0.016401669421499045
1,0.0003,22,0.8831880256153075,0.8467288393512253,0.35970037734732313,570.9560219118895,0.25167860367218964,1.9979923545902194,0.032909696839741834,0.000525,0.0,0.000525,62.685136837603494,0.01595274494798775
1,0.0003,23,0.8515619062096222,0.8187473613775514,0.4174520251792218,562.4653796458159,0.2374084512121044,1.9483992953478406,0.032235495913224284,0.000525,0.0,0.000525,61.400944596617684,0.016286394396204218
1,0.0003,24,0.8810699901208299,0.8495093789423875,0.34786283042156846,562.3800440762976,0.2313137455494143,1.932383958811113,0.031581920164054686,0.000525,0.0,0.000525,60.156038407723216,0.016623435094283295
1,0.0003,25,0.8577354432324473,0.8156356790294538,0.42755976113838534,568.4604393916117,0.2449614262150135,1.987274519290011,0.03231878687577144,0.000525,0.0,0.000525,61.55959404908845,0.0162444216120494
1,0.0003,26,0.8379879765619055,0.8156240053167294,0.4162809187878807,563.1489993151206,0.2329380773298908,1.9239306494772348,0.030803427340864456,0.000525,0.0,0.000525,58.67319493497992,0.01704355798432612
1,0.0003,27,0.8647937466140392,0.8269834651559315,0.4022362389702647,572.7204550731368,0.22847088129492477,1.9017343888849376,0.03458004325891828,0.000525,0.0,0.000525,65.86674906460625,0.015182167242217118
1,0.0003,28,0.8596849916704529,0.8258608991627782,0.4004210767807506,560.3820990458883,0.31408900537644513,2.2576835307398304,0.03306044631398066,0.000525,0.0,0.000525,62.9722786932965,0.0158800034038859
1,0.0003,29,0.8463710600625811,0.8135574904979895,0.4281290657421517,564.7792871861406,0.25247787684202194,2.0104304039643237,0.029859515641298566,0.000525,0.0,0.000525,56.87526788818775,0.01758233476747609
1,0.0007,0,0.7259622641509434,0.6566782875810665,0.8501024923539635,558.5245283018868,0.22940204333281144,1.9172511434882296,0.03152562356589478,0.001225,0.0,0.001225,25.735202910934515,0.03885728056859868
1,0.0007,1,0.7404382013894191,0.6861498457767706,0.771665561211851,564.9514466753187,0.23301820264896378,1.9409980001323428,0.029321788066008485,0.001225,0.0,0.001225,23.936153523272232,0.04177780690735197
1,0.0007,2,0.7316369160653248,0.6666830797908828,0.8164946801174712,562.1241929358147,0.27500817086547613,2.095685299103674,0.029828991301032972,0.001225,0.0,0.001225,24.35019698043508,0.04106742959013765
1,0.0007,3,0.7165653495440729,0.6514240994788423,0.8601916287412993,562.3373860182371,0.1996502143156249,1.8004573823489087,0.029745090362583514,0.001225,0.0,0.001225,24.281706418435522,0.041183267055760336
1,0.0007,4,0.7146935096153846,0.6558278661457579,0.8433533851236364,555.9278846153846,0.35027240338968113,2.4108921264327203,0.03176136714402207,0.001225,0.0,0.001225,25.927646648181284,0.03856886872801261
1,0.0007,5,0.7377284398127171,0.6735660989246149,0.8057192158824288,558.861350249207,0.21738179159001447,1.8655618370979283,0.032828709637726466,0.001225,0.0,0.001225,26.798946643042015,0.03731489947421633
1,0.0007,6,0.7329471839036659,0.6737950826556374,0.802602670348774,564.0058684551483,0.22563879628432915,1.8826935016565725,0.029615262680299445,0.001225,0.0,0.001225,24.17572463697914,0.04136380667036561
1,0.0007,7,0.7383659239048053,0.6810851950624361,0.7749653474196427,560.8908594815825,0.23805493104737252,1.938117728921597,0.03271447175074544,0.001225,0.0,0.001225,26.70569122509832,0.037445201907381764
1,0.0007,8,0.7257545579898882,0.6674296040230026,0.8166555171576955,566.8955109544967,0.26842024983488955,2.073178264311287,0.030379590469221212,0.001225,0.0,0.001225,24.799665689160175,0.04032312421199676
1,0.0007,9,0.7230103937485775,0.6642736824140956,0.828048228992358,561.4430619831576,0.28982238651951775,2.155660527126394,0.02951493035913743,0.001225,0.0,0.001225,24.09382070133668,0.041504417767354015
1,0.0007,10,0.7339755746036563,0.6717033672992511,0.8135558652992116,561.3580368656603,0.2593748180079274,2.034848410519933,0.03134129287790522,0.001225,0.0,0.001225,25.58472887992263,0.039085815788524554
1,0.0007,11,0.7320351279114166,0.6719535815497425,0.8073748950897016,565.1237113402062,0.33578590501565486,2.3408658948295846,0.02864785208392037,0.001225,0.0,0.001225,23.386001701159486,0.04276062290504407
1,0.0007,12,0.7179704342469972,0.655693210002918,0.8440658638916487,569.7711733908222,0.24845060659572482,1.9893384049560807,0.030916009328275332,0.001225,0.0,0.001225,25.237558635326803,0.03962348396885858
1,0.0007,13,0.7285276073619632,0.6689175356690296,0.8165059353540337,567.5030674846626,0.24003292253473774,1.9621470231833085,0.030666355652434342,0.001225,0.0,0.001225,25.033759716272932,0.03994605729757646
1,0.0007,14,0.7224672954061454,0.6628119821738847,0.8376503539468537,562.849710982659,0.22554245870560408,1.9008130500129035,0.03300325341975915,0.001225,0.0,0.001225,26.94143136306869,0.03711755275819531
1,0.0007,15,0.7245291756715035,0.6616560359792794,0.8302412008418284,571.1759802408151,0.23600500079919584,1.9397690378508314,0.030895019490190523,0.001225,0.0,0.001225,25.22042407362492,0.0396504038584261
1,0.0007,16,0.7362771221926151,0.6769864414432285,0.7907849314523814,563.4057860677578,0.22465398261556402,1.8753584916429709,0.031361393795558724,0.001225,0.0,0.001225,25.601137792292835,0.0390607639438997
1,0.0007,17,0.7201432817620608,0.6516865068500932,0.8660922625253952,564.0058684551483,0.21137266754521988,1.8337891292973718,0.03192299085385029,0.001225,0.0,0.001225,26.059584370490033,0.038373597436665324
1,0.0007,18,0.7207570114767804,0.6612487048140963,0.8323183134362969,562.4653796458159,0.23370459221769124,1.92812470180837,0.0303075405644792,0.001225,0.0,0.001225,24.740849440391184,0.04041898409386985
1,0.0007,19,0.6714560122935075,0.5940031817817674,1.0419049189708036,568.5912408759124,0.23489356896607205,1.9379076750442463,0.029435802242523845,0.001225,0.0,0.001225,24.02922632042763,0.04161598824136439
1,0.0007,20,0.7216526632236183,0.6594138162970691,0.8394108094294497,570.4288136899714,0.22989364434033632,1.9200047587195266,0.03131739641593461,0.001225,0.0,0.001225,25.565221564028253,0.0391156398740959
1,0.0007,21,0.74589670230387,0.684360677482777,0.7704572090677855,557.1812979972896,0.23725190648110583,1.9579922136664676,0.031866371664478546,0.001225,0.0,0.001225,26.01336462406412,0.038441778464710114
1,0.0007,22,0.7153131555289182,0.6511797292040025,0.8674624966577704,554.431225651783,0.2784931259229779,2.1002180278042344,0.0295946181990451,0.001225,0.0,0.001225,24.15887199922049,0.04139266104941762
1,0.0007,23,0.66972196761381,0.5963526436404392,0.9995597265798878,565.2529789184234,0.21015906464890577,1.8359510935950665,0.030609878762942428,0.001225,0.0,0.001225,24.987656133014227,0.04001975994374192
1,0.0007,24,0.7229693792265025,0.6593975651310704,0.8403645136631923,562.2947344426715,0.2445178329362534,1.9675766392640202,0.030575000040934455,0.001225,0.0,0.001225,24.95918370688527,0.04006541286541109
1,0.0007,25,0.7172060043750471,0.6582135995681336,0.8394418430383657,558.2301425661915,0.21907124220160767,1.8787048417486423,0.029695608040403318,0.001225,0.0,0.001225,24.241312686043525,0.04125189146938115
1,0.0007,26,0.7214618854652496,0.6630087545108713,0.8249318498750104,565.8138236868263,0.20836767181754112,1.8350247602944045,0.031144846667034518,0.001225,0.0,0.001225,25.424364626150627,0.03933234968520843
1,0.0007,27,0.7212343096234309,0.6583217768567173,0.8389814368209162,552.9426180514047,0.3164049054030329,2.2317071634907393,0.03188234086480437,0.001225,0.0,0.001225,26.02640070596275,0.03842252377874502
1,0.0007,28,0.7465815176558979,0.6834872340407098,0.7833324681955137,556.0112697220135,0.21758241194766015,1.869929793594699,0.031168788480318288,0.001225,0.0,0.001225,25.443908963525132,0.03930213716113905
1,0.0007,29,0.7269872874865982,0.661106545818349,0.8326071088548183,566.7221626589064,0.24587768342462368,1.9926837894696838,0.031222145547655265,0.001225,0.0,0.001225,25.487465753187973,0.03923497179686921
1,0.001,0,0.6307878238537654,0.5599077894711795,1.13236653742947,558.9877634262407,0.19709302816772833,1.7793202701749093,0.029978612137623924,0.00175,0.0,0.00175,17.130635507213672,0.05837495051359317
1,0.001,1,0.6340088374219107,0.5624467613923824,1.1289874328011786,563.7914063690386,0.22711533182882704,1.89269284112183,0.02906272844619305,0.00175,0.0,0.00175,16.6072733978246,0.06021458044587806
1,0.001,2,0.6496395152630772,0.5806933765272756,1.06797552098627,567.5899677864703,0.2888949654297903,2.122557198987222,0.03430593027662473,0.00175,0.0,0.00175,19.603388729499844,0.05101158854719674
1,0.001,3,0.6320913830113463,0.5585185084012456,1.1384263897861358,567.329346826127,0.24812410018057562,1.9740783663525705,0.028368562975182254,0.00175,0.0,0.00175,16.21060741438986,0.061688003073365305
1,0.001,4,0.6689490919916642,0.6005207641208429,1.0193725532633502,550.8064900267937,0.22633719266741537,1.9050514998946737,0.0301581345499332,0.00175,0.0,0.00175,17.23321974281897,0.05802746178158013
1,0.001,5,0.6262572789835892,0.5502680931445509,1.163774060993629,559.6629357936928,0.2882575071125757,2.142685839742877,0.030377727669463925,0.00175,0.0,0.00175,17.358701525407955,0.05760799553678013
1,0.001,6,0.644414271705514,0.5754313529577321,1.0890866295697663,558.2301425661915,0.27664083713898435,2.0930388378720353,0.032884654297047976,0.00175,0.0,0.00175,18.791231026884557,0.05321631129803593
1,0.001,7,0.6562261850327694,0.5832797552919708,1.079956303672634,563.9629629629629,0.2688033281301614,2.054001189369443,0.0312743026180549,0.00175,0.0,0.00175,17.871030067459944,0.05595648355048247
1,0.001,8,0.642483056069008,0.5730676593713627,1.0849558542005078,569.9463955637708,0.2186093297204934,1.8511269529579293,0.0316973428199543,0.00175,0.0,0.00175,18.11276732568817,0.05520967514344229
1,0.001,9,0.6300179748352307,0.5589911809282634,1.1414594290550066,554.2654284002397,0.1809746489743702,1.718396791922692,0.0322292064159296,0.00175,0.0,0.00175,18.4166893805312,0.05429857556576526
1,0.001,10,0.6364462622131334,0.5697334810950971,1.1081440445893407,560.5092024539878,0.21002728075836785,1.8345527243669766,0.03200689851161181,0.00175,0.0,0.00175,18.289656292349605,0.054675713092448376
1,0.001,11,0.7056777802978755,0.6401410656340139,0.9229299767270671,559.4939895667952,0.2138760439993348,1.8431035723809552,0.0323192840191776,0.00175,0.0,0.00175,18.468162296672915,0.05414723912081672
1,0.001,12,0.6341829085457271,0.5674388661390206,1.0947664868581868,554.7631184407796,0.2727706170990132,2.079260539792908,0.02995910272844141,0.00175,0.0,0.00175,17.11948727339509,0.05841296436220211
1,0.001,13,0.6433896242202951,0.5699110668030426,1.1061729420381945,562.9351894112277,0.28817629904369824,2.12147105082068,0.03068560374785221,0.00175,0.0,0.00175,17.534630713058405,0.057030000595066944
1,0.001,14,0.6252837040399455,0.5447489490957003,1.1785748951702661,559.8742623694961,0.2767288149916567,2.1064490268040563,0.029252579065911163,0.00175,0.0,0.00175,16.71575946623495,0.0598237849748887
1,0.001,15,0.6416066691928761,0.5713830270418707,1.119410439266924,560.8484274346343,0.33273297257255763,2.326629573804974,0.030607230354495692,0.00175,0.0,0.00175,17.48984591685468,0.05717603258221481
1,0.001,16,0.6416026761955448,0.5679387840714715,1.106716305066116,562.6361286398541,0.31518696853891015,2.264108594391267,0.030274846354757603,0.00175,0.0,0.00175,17.29991220271863,0.05780376156145191
1,0.001,17,0.716501798561151,0.6602580815549344,0.8641595549341378,554.5971223021583,0.3074759324954357,2.2201692067643792,0.031080021540376968,0.00175,0.0,0.00175,17.760012308786838,0.05630626728255396
1,0.001,18,0.6259157509157509,0.5554271016572728,1.1409533660833011,564.7362637362637,0.2402892225945834,1.9557372358581848,0.029149546526529943,0.00175,0.0,0.00175,16.65688372944568,0.060035239258602824
1,0.001,19,0.6430140098447558,0.5688622231373346,1.1058280319901328,560.4244604316547,0.25305109174223617,2.016554140077174,0.0319750400602453,0.00175,0.0,0.00175,18.271451462997312,0.054730189444728246
1,0.001,20,0.6508228090317643,0.5778164590049365,1.0833063958067053,566.4190585533869,0.49991677040816285,3.0036661568785203,0.030775183271057535,0.00175,0.0,0.00175,17.58581901203288,0.056863999300559305
1,0.001,21,0.6473767169556406,0.5658393997080522,1.127816387671677,555.469714028372,0.23697843356058002,1.9452124926284844,0.03031881812620818,0.00175,0.0,0.00175,17.325038929261815,0.05771992802342337
1,0.001,22,0.6510072215887496,0.5810946720895752,1.0801399488926642,562.5507411630558,0.246274941629963,1.9780009721140683,0.03031510361996253,0.00175,0.0,0.00175,17.3229163542643,0.05772700043972877
1,0.001,23,0.6585458698134754,0.5892376075322188,1.0476579123916012,563.4057860677578,0.26656254965928383,2.0532133526920853,0.02861908999305735,0.00175,0.0,0.00175,16.353765710318484,0.06114799598535555
1,0.001,24,0.6504929143561307,0.578367751123339,1.0821421706118188,569.9463955637708,0.2539157153223641,2.0074325184904716,0.029338029089188544,0.00175,0.0,0.00175,16.764588050964882,0.059649542056146455
1,0.001,25,0.6144918683668016,0.5421351908377982,1.1814231381920635,565.037565854776,0.3277904029528145,2.2986543237359807,0.03151767072912643,0.00175,0.0,0.00175,18.010097559500817,0.055524407721626846
1,0.001,26,0.6271069567882317,0.55832737762235,1.1386383024821576,566.9822249463683,0.21040475217159837,1.8349145418395518,0.03158763740834291,0.00175,0.0,0.00175,18.05007851905309,0.055401421048912984
1,0.001,27,0.6557687931426838,0.5881083151282755,1.0619548419291531,561.3580368656603,0.22475333596230485,1.8859355983307582,0.033379130755004975,0.00175,0.0,0.00175,19.073789002859986,0.052427968027226095
1,0.001,28,0.6880593589841658,0.6088041754953124,1.0020748041918617,566.0730513271628,0.290026353293797,2.1468971763963554,0.031549906012100885,0.00175,0.0,0.00175,18.028517721200505,0.05546767712489514
1,0.001,29,0.6437481214307184,0.5668234950640115,1.1151128326573096,556.0946798917944,0.26375863354769535,2.047221051865387,0.02923568520331647,0.00175,0.0,0.00175,16.70610583046655,0.05985835419384943
1,0.0018,0,0.49078132084025994,0.41644619108374803,1.653050617609376,559.1985794166541,0.2186335724836681,1.86603730495226,0.031818020688430024,0.00315,0.0,0.00315,10.100958948707945,0.0990005013462523
1,0.0018,1,0.48411612707098345,0.40603970858269883,1.691163248377655,562.4227086183311,0.22069084233953618,1.8698024909342101,0.031195372787724027,0.00315,0.0,0.00315,9.903292948483818,0.10097651409505146
1,0.0018,2,0.5067942002581037,0.4297322291480843,1.607030385578536,561.7834206331132,0.28205019840970635,2.125865878494193,0.0311551057626194,0.00315,0.0,0.00315,9.89050976591092,0.1011070231634213
1,0.0018,3,0.5105928974241731,0.42818829763964483,1.6163345459694314,563.9629629629629,0.28329591211513616,2.1483176189127393,0.030437670260256885,0.00315,0.0,0.00315,9.662752463573614,0.10349018085372395
1,0.0018,4,0.4879495457616938,0.4123132658897306,1.6549754300908148,555.6362339514978,0.36022499736282043,2.462480026578848,0.031351186762303015,0.00315,0.0,0.00315,9.952757702318417,0.10047466540525324
1,0.0018,5,0.5803989723439625,0.5011975623088054,1.3881900777012603,559.1985794166541,0.2500126534723677,2.0247177832236813,0.030804281935505797,0.00315,0.0,0.00315,9.779137122382792,0.10225851089777327
1,0.0018,6,0.4966119560307183,0.4173509392557449,1.6249522855532885,557.1812979972896,0.2157728238380514,1.8591065643028826,0.03084357611520972,0.00315,0.0,0.00315,9.791611465145943,0.10212823533282375
1,0.0018,7,0.44986136783733827,0.37935977192849746,1.7651215424289746,569.9463955637708,0.2611565862898715,2.0455565703332272,0.030961770262821146,0.00315,0.0,0.00315,9.829133416768618,0.10173836874510099
1,0.0018,8,0.5249867293546675,0.44490576889114936,1.544667697370522,561.1880640024266,0.22093563625821844,1.8757724053907938,0.032504875154467844,0.00315,0.0,0.00315,10.319007985545348,0.0969085401814573
1,0.0018,9,0.5001492982979994,0.41819750559467417,1.6461908119713544,552.4481934905942,0.2238007919222582,1.8836971770108653,0.027763601002363053,0.00315,0.0,0.00315,8.813841588051762,0.11345790482048394
1,0.0018,10,0.49815303430079155,0.42028510276403996,1.6235073480684714,557.894082171127,0.23016661102883518,1.9095226240439431,0.029298902752036324,0.00315,0.0,0.00315,9.301238968900421,0.10751255863262899
1,0.0018,11,0.4964023328031508,0.41933315252880515,1.6357817095072795,560.5092024539878,0.24111215272569098,1.9622324735576058,0.030609382188179837,0.00315,0.0,0.00315,9.717264186723758,0.10290962361260622
1,0.0018,12,0.503043676761528,0.41985129561546464,1.6425239111907821,563.1062243189773,0.3082226775586605,2.2169072351614947,0.03090413887522552,0.00315,0.0,0.00315,9.810837738166832,0.10192809489751599
1,0.0018,13,0.5495060704320941,0.482003817157171,1.4217199190442702,558.0620616846392,0.2641766381566413,2.0492474570643386,0.031069401887504747,0.00315,0.0,0.00315,9.863302186509443,0.10138592340481593
1,0.0018,14,0.5071504640194736,0.4263282558778333,1.619758742306419,562.9351894112277,0.27333805157104507,2.0932391497258114,0.03175032370514857,0.00315,0.0,0.00315,10.079467842904307,0.09921158691963831
1,0.0018,15,0.5257434025401171,0.45248710105952306,1.5276733721538154,562.8069815195072,0.2175585048389621,1.8737046620200468,0.03096363646392419,0.00315,0.0,0.00315,9.829725861563235,0.10173223689892086
1,0.0018,16,0.47700839559423863,0.40184774532239814,1.7087203226562528,569.990217977355,0.30689965991768986,2.216728113909132,0.030708705019849677,0.00315,0.0,0.00315,9.748795244396723,0.10257677743050006
1,0.0018,17,0.6000780335544285,0.5264780709129779,1.2727821557870909,577.4494732735076,0.23784830761724152,1.9493464014269395,0.030870879863382765,0.00315,0.0,0.00315,9.800279321708814,0.10203790802011918
1,0.0018,18,0.4970269858210093,0.4136937092569102,1.6729683335760028,564.1346241805153,0.20633062880369835,1.8157691989526925,0.03039152544929396,0.00315,0.0,0.00315,9.648103317236178,0.10364731461918701
1,0.0018,19,0.4804580152671756,0.40062365096073627,1.6984420634121231,564.9083969465648,0.2092367340810597,1.8398666434631716,0.029085317285409824,0.00315,0.0,0.00315,9.233434058860261,0.10830206764084868
1,0.0018,20,0.7880272525453571,0.7168239770290887,0.7499065284118096,566.5056265788869,0.2785884811892174,2.0983033675638,0.03237155297226707,0.00315,0.0,0.00315,10.276683483259387,0.09730765782842196
1,0.0018,21,0.5232611001666919,0.4440371183522852,1.560178879029776,560.7211698742234,0.2422980973497033,1.9614742139022212,0.03134152697450531,0.00315,0.0,0.00315,9.949691103017559,0.1005056327524297
1,0.0018,22,0.4910448898711988,0.4094601452620256,1.6752737660043548,564.0058684551483,0.18888581689679995,1.7471118104451255,0.028438695080651884,0.00315,0.0,0.00315,9.028157168460915,0.11076457590851578
1,0.0018,23,0.49720290293317204,0.43137998251866083,1.5679977123945295,559.4517689749017,0.2870107912167441,2.121399778817038,0.03178829579433372,0.00315,0.0,0.00315,10.091522474391656,0.0990930756521238
1,0.0018,24,0.5007204064609084,0.4220095229622899,1.633364640466663,561.1880640024266,0.20926401976612397,1.8281868459527426,0.03047060701731441,0.00315,0.0,0.00315,9.67320857692521,0.10337831465615586
1,0.0018,25,0.5112815884476535,0.4289822436216332,1.6078309762002614,556.5956678700361,0.21492061429307796,1.8623650692575875,0.032428559478226655,0.00315,0.0,0.00315,10.29478078673862,0.09713659967273565
1,0.0018,26,0.5066242713301536,0.42435255502780117,1.6124178443559605,560.2550533727004,0.2079096894012764,1.82348095334038,0.03172839605623819,0.00315,0.0,0.00315,10.072506684520059,0.09928015253013939
1,0.0018,27,0.5368805663393469,0.4597373777645055,1.5223737298709692,563.3201644211007,0.25910708343144506,2.028056438785855,0.029635301945183202,0.00315,0.0,0.00315,9.408032363550223,0.10629215136146059
1,0.0018,28,0.4932322685435842,0.40715301409487464,1.6907244811826636,572.3666950266842,0.2364670367387589,1.9195051645529562,0.030642567121728085,0.00315,0.0,0.00315,9.727799086262884,0.10279817573660115
1,0.0018,29,0.5057057517040667,0.42628327812722877,1.6250870234668964,566.7654897755993,0.22453345349640585,1.899332303307069,0.0304243504309422,0.00315,0.0,0.00315,9.658523946330858,0.10353548902054402
1,0.0037,0,0.3258744463112876,0.2555839659940288,2.4407096523652703,565.1667939514282,0.26547486244817264,2.054251527905894,0.028770569494803645,0.006475000000000001,0.0,0.006475000000000001,4.44333119610867,0.22505637231718592
1,0.0037,1,0.3276879454364319,0.25890854502853067,2.445330031053561,567.1123457736225,0.25181516728480347,2.008436878318504,0.03077618538147168,0.006475000000000001,0.0,0.006475000000000001,4.7530788233933094,0.21038994663380772
1,0.0037,2,0.3713057901085645,0.29219422098272346,2.2992889502694527,557.9360675512665,0.21979535650461912,1.873860216627019,0.031375307754499974,0.006475000000000001,0.0,0.006475000000000001,4.84560737521235,0.2063724777033089
1,0.0037,3,0.3467908112645959,0.28179647318781975,2.307679821352696,564.7792871861406,0.3127712542191148,2.2435990815667566,0.03259106399375006,0.006475000000000001,0.0,0.006475000000000001,5.033368956563715,0.19867409058021862
1,0.0037,4,0.5629209231933409,0.5060754067149646,1.5865599220814735,560.0011350737798,0.20780590377398767,1.8287291814999271,0.0323682905317461,0.006475000000000001,0.0,0.006475000000000001,4.998963788686655,0.2000414570441854
1,0.0037,5,0.3516831086678214,0.27609077753182654,2.321057729471778,557.3069508246103,0.23712637354037724,1.9531156929983098,0.030085691268405226,0.006475000000000001,0.0,0.006475000000000001,4.646438805931308,0.21521858820640705
1,0.0037,6,0.3476618569162197,0.2766283775586961,2.324153590811564,559.0720707108861,0.27527368016308174,2.078697083559243,0.030923911576407757,0.006475000000000001,0.0,0.006475000000000001,4.775893679754093,0.2093848956979899
1,0.0037,7,0.37114729269216207,0.3048512680181247,2.2237519599657225,560.4244604316547,0.23329931165790185,1.9312411643366598,0.030314610118313757,0.006475000000000001,0.0,0.006475000000000001,4.681793068465445,0.21359337872824244
1,0.0037,8,0.3493584788993662,0.2744022008116581,2.3382448576781267,571.9692379038491,0.26468104231753387,2.0394310144059795,0.029865075650785958,0.006475000000000001,0.0,0.006475000000000001,4.6123668958742785,0.21680842451941348
1,0.0037,9,0.36364321229471147,0.2852807922470762,2.3159738723057135,557.51649841796,0.22138075850671157,1.9011171508043976,0.02977133779978903,0.006475000000000001,0.0,0.006475000000000001,4.597890007689425,0.21749106619071332
1,0.0037,10,0.34577737309355794,0.27134677193313506,2.370426406094899,561.5281129068974,0.2355877525988035,1.9355990966885441,0.032803831533130115,0.006475000000000001,0.0,0.006475000000000001,5.066228808205422,0.19738547899383635
1,0.0037,11,0.33345947173238477,0.2629328987330131,2.415318585130084,560.0857488836751,0.23633884981973097,1.9548624167238333,0.03055470121199067,0.006475000000000001,0.0,0.006475000000000001,4.718872774052613,0.21191501612390165
1,0.0037,12,0.33171692680709197,0.2650356975877741,2.4214928726554135,560.7211698742234,0.24070928103174083,1.9734205608594801,0.02959944943211687,0.006475000000000001,0.0,0.006475000000000001,4.571343541639671,0.21875406888394028
1,0.0037,13,0.36222441094022273,0.28991316665323136,2.278135106849233,560.6787635426926,0.23810215762932785,1.9384645819578927,0.03374431881325227,0.006475000000000001,0.0,0.006475000000000001,5.21147780899649,0.19188415199115236
1,0.0037,14,0.3308734939759036,0.26378941083476715,2.4103538201105827,557.2650602409639,0.25614529522135854,2.014057021535595,0.03091245093019966,0.006475000000000001,0.0,0.006475000000000001,4.7741236957837305,0.20946252416608946
1,0.0037,15,0.3442935611840098,0.27887123780243106,2.328307566439733,564.5642355813244,0.2866006682161242,2.1394946558364474,0.03163837744556838,0.006475000000000001,0.0,0.006475000000000001,4.886235898929479,0.20465651284234743
1,0.0037,16,0.34361968306922436,0.2724000694466641,2.3330216105745976,561.1031162332247,0.2672965739038773,2.0473766293563145,0.03176036775582039,0.006475000000000001,0.0,0.006475000000000001,4.905076101285002,0.2038704353104789
1,0.0037,17,0.33315430062149926,0.26518805114003213,2.3554373260136985,567.8073352259648,0.4790701216843445,2.8630490970925475,0.032097046078033487,0.006475000000000001,0.0,0.006475000000000001,4.957072753364245,0.2017319595160923
1,0.0037,18,0.3358458961474037,0.2660118885822357,2.370516871034023,563.4486066697121,0.23562160236178897,1.9362990520184298,0.030973627323733925,0.006475000000000001,0.0,0.006475000000000001,4.7835717874492545,0.20904881214989152
1,0.0037,19,0.33068207398514293,0.25470079868292955,2.45520845084787,555.3032940646807,0.20804419185151346,1.8378360093712738,0.029892630476208944,0.006475000000000001,0.0,0.006475000000000001,4.616622467368176,0.21660857197406388
1,0.0037,20,0.3366857496518645,0.26404541624250627,2.3932878154376196,572.4993037289184,0.32012889988254756,2.271456826984803,0.029620477611041716,0.006475000000000001,0.0,0.006475000000000001,4.574591136840419,0.2185987709254997
1,0.0037,21,0.3019846639603067,0.23545725222285352,2.4956549272509205,556.3450608930988,0.23534886378911324,1.9218300658198115,0.032698938348147126,0.006475000000000001,0.0,0.006475000000000001,5.05002908851693,0.19801866137243884
1,0.0037,22,0.349418648833498,0.27663390347784006,2.351277716531291,562.3800440762976,0.19005933645530604,1.7443630205997862,0.030592130462620166,0.006475000000000001,0.0,0.006475000000000001,4.724653353300411,0.21165573963250636
1,0.0037,23,0.33225781670123683,0.2696156798218375,2.353721519605605,568.5040331873704,0.2936070300929714,2.1859411337514705,0.030100996609290474,0.006475000000000001,0.0,0.006475000000000001,4.648802565141385,0.21510915681780232
1,0.0037,24,0.3417081577939487,0.27598385112271395,2.322220937101789,566.852163921869,0.25046088188537396,1.9760158671663044,0.03154390759045126,0.006475000000000001,0.0,0.006475000000000001,4.871645959915252,0.20526943218537913
1,0.0037,25,0.3267402637227844,0.2741360213913749,2.2542917803899694,567.329346826127,0.3184665880689863,2.269873064740886,0.03057881459526403,0.006475000000000001,0.0,0.006475000000000001,4.722596848689425,0.2117479073568415
1,0.0037,26,0.3174916489523231,0.2515326178239031,2.460998647349203,561.8259945338597,0.21285585456644185,1.849607041535274,0.029656135274709967,0.006475000000000001,0.0,0.006475000000000001,4.580098111924318,0.2183359342011676
1,0.0037,27,0.37402499053388866,0.28828083345153616,2.2745960721129275,560.4244604316547,0.25128615112043917,1.9948845396781336,0.03178382942965565,0.006475000000000001,0.0,0.006475000000000001,4.908699525815544,0.20371994552546124
1,0.0037,28,0.33090499436725496,0.26466009429690257,2.3966023277082744,555.8028539241457,0.270331006962806,2.0842778981191077,0.029894478328734143,0.006475000000000001,0.0,0.006475000000000001,4.616907849997551,0.21659518285610369
1,0.0037,29,0.3293458509993943,0.26711963793297616,2.3785956620088395,560.2973955178679,0.2113279190089088,1.8326403358712244,0.030663026489807864,0.006475000000000001,0.0,0.006475000000000001,4.735602546688472,0.21116637009566674
1,0.008,0,0.2243447696187056,0.16929176711437627,3.1153543505314736,565.4685565828685,0.2748438603885006,2.099945299112864,0.0316021955192294,0.014,0.0,0.014,2.2572996799449574,0.44300719522734544
1,0.008,1,0.21594379963347587,0.16288993119321785,3.175260162754761,565.0806353084912,0.27090094733284786,2.083182312122304,0.03050012261319126,0.014,0.0,0.014,2.1785801866565184,0.45901454815611203
1,0.008,2,0.22673290382674843,0.1710943142195498,3.097629606435821,574.406815182799,0.2183031007880345,1.8555463488029083,0.031161340367701292,0.014,0.0,0.014,2.225810026264378,0.44927464078249313
1,0.008,3,0.20629316960859556,0.1564153241827221,3.1520384420487,567.9378357636224,0.26192648796131834,2.035363266793465,0.03003831778275628,0.014,0.0,0.014,2.1455941273397343,0.46607137261317627
1,0.008,4,0.2250375939849624,0.169830175343888,3.1099118730309634,556.4285714285714,0.2822207763674669,2.1192222092018773,0.032882879163794836,0.014,0.0,0.014,2.3487770831282027,0.42575347281069215
1,0.008,5,0.21411173694626276,0.16721035849452887,3.072499590079831,563.2773633734206,0.34560640636482276,2.3748935425084223,0.031862029909138834,0.014,0.0,0.014,2.2758592792242025,0.43939447800168085
1,0.008,6,0.22181076178960096,0.16633240822923667,3.093926870843861,559.2829504232164,0.5593938018137123,3.2259725306019527,0.03242217450369922,0.014,0.0,0.014,2.315869607407087,0.4318032400449472
1,0.008,7,0.2244944677603968,0.16534571979085586,3.105169900182549,564.6932468523464,0.32444457468227483,2.289800548706861,0.032430150946537215,0.014,0.0,0.014,2.316439353324087,0.43169703474645327
1,0.008,8,0.19367319071461084,0.15077329634585124,3.2105240138801268,561.4005461993628,0.34851319273002446,2.376572476950564,0.02921922535907225,0.014,0.0,0.014,2.087087525648018,0.4791365899662071
1,0.008,9,0.4537968892955169,0.3216280247788948,2.397882497274791,564.220494053065,0.22131852945312858,1.8917363759133385,0.03446403370950817,0.014,0.0,0.014,2.461716693536298,0.4062205868878774
1,0.008,10,0.2058756374153284,0.14918057731910514,3.2038903461059003,563.2345688408554,0.24920058657880872,2.000541479350117,0.030200469824782323,0.014,0.0,0.014,2.15717641605588,0.4635689471463681
1,0.008,11,0.21462603040157302,0.1652830005117611,3.1272022297736575,559.6629357936928,0.30357008703867905,2.2029708181418943,0.030630539009817125,0.014,0.0,0.014,2.187895643558366,0.4570601906650413
1,0.008,12,0.20615846789335335,0.16476362875666759,3.1316454095267527,555.8028539241457,0.24055818712804466,1.9559088239710227,0.03068691396016154,0.014,0.0,0.014,2.1919224257258243,0.4562205250803363
1,0.008,13,0.2013595166163142,0.15034447911838703,3.203439598055417,558.9456193353475,0.36666184724890627,2.4344588326256655,0.032056601877435004,0.014,0.0,0.014,2.289757276959643,0.4367275125893726
1,0.008,14,0.18706697459584296,0.14105906513423408,3.2642134765270736,551.3389704238992,0.2335006840294227,1.9359297634621797,0.03067919703669466,0.014,0.0,0.014,2.191371216906761,0.45633528098062454
1,0.008,15,0.20348339942461707,0.1476110592566445,3.2928918325955956,575.3876836948915,0.22862500997143798,1.9037264707998567,0.03216516340322815,0.014,0.0,0.014,2.2975116716591533,0.4352535015754012
1,0.008,16,0.22002885126414093,0.1649882819745426,3.110528593854275,561.8685748994002,0.25871369225205854,2.0126460305416494,0.03009459359936191,0.014,0.0,0.014,2.1496138285258506,0.465199835770397
1,0.008,17,0.22078711442030086,0.16180553424538718,3.1232586123352366,562.2520893481234,0.271483339718543,2.0722673509045038,0.030583810808010092,0.014,0.0,0.014,2.1845579148578635,0.45775852093400055
1,0.008,18,0.2610589044235618,0.19306849477847335,2.985765673912142,565.3823057529223,0.25746495948988013,2.0162832306140013,0.03277103622560413,0.014,0.0,0.014,2.340788301828866,0.42720650954154904
1,0.008,19,0.22470352687509626,0.1709530817587821,3.0907167162351334,569.8587709841368,0.30199530566460453,2.208908339829753,0.033626077412208424,0.014,0.0,0.014,2.401862672300602,0.4163435368443273
1,0.008,20,0.2062899786780384,0.15401736203284216,3.2215542942292807,563.5342674383186,0.22137022076640278,1.8765623153703803,0.028765762085766765,0.014,0.0,0.014,2.0546972918404833,0.4866896958355631
1,0.008,21,0.2137664697864607,0.1583299368134634,3.1753588435523294,560.3820990458883,0.2522256746306084,2.0011155842948636,0.030654397943056105,0.014,0.0,0.014,2.189599853075436,0.4567044515441644
1,0.008,22,0.22419875403437664,0.1687997865739766,3.1007560020221425,555.469714028372,0.284268324758159,2.1263044071348607,0.03291382049388179,0.014,0.0,0.014,2.350987178134414,0.42535323429264005
1,0.008,23,0.2205046601500341,0.16589478195904941,3.1157059559369693,560.7635826324165,0.37295375362737104,2.464317904130983,0.03354604114136617,0.014,0.0,0.014,2.396145795811869,0.4173368756391458
1,0.008,24,0.19674376141205113,0.14806810373163082,3.255858600653027,563.0206938527084,0.3435075997549575,2.372524616878155,0.029660145108518606,0.014,0.0,0.014,2.118581793465615,0.47201387413236556
1,0.008,25,0.21320147194112235,0.16472494596884626,3.128195256209196,567.329346826127,0.31600754405371845,2.2520358449401856,0.03144016642585668,0.014,0.0,0.014,2.2457261732754774,0.44529026374638625
1,0.008,26,0.21406539173349784,0.16367945693001054,3.1315278037517698,570.6483652066626,0.2481325340922922,1.9864024521255597,0.032534624761392426,0.014,0.0,0.014,2.3239017686708876,0.4303107874357062
1,0.008,27,0.22975778546712802,0.1740088389914431,3.1187984219185103,569.0276816608997,0.23889947545831092,1.940091967922821,0.03147957782873653,0.014,0.0,0.014,2.2485412734811807,0.4447327748855616
1,0.008,28,0.23537922631739264,0.1750444982498426,3.1090876824695166,563.5342674383186,0.36071760664344765,2.4273119702998573,0.031838949365667044,0.014,0.0,0.014,2.274210668976217,0.43971300180830236
1,0.008,29,0.2055382792832815,0.15750228273845848,3.1501229735821,547.9569080408708,0.2501514804898761,2.0055723829634573,0.032702930257651336,0.014,0.0,0.014,2.3359235898322384,0.42809619473547
1,0.019,0,0.12601191385367344,0.0894124000836796,3.808550917264889,565.1667939514282,0.3093068423913792,2.2369506712155056,0.03128956079206771,0.03325,0.0,0.03325,0.9410394223178259,1.0626547371808839
1,0.019,1,0.12021940040574047,0.08604581674384565,3.8371213395177217,556.0529716733038,0.3442409413692076,2.3785656827555517,0.030430948780279646,0.03325,0.0,0.03325,0.9152165046700644,1.092637638085974
1,0.019,2,0.12640772236267525,0.08989291562156891,3.816453518812208,566.938864628821,0.32284918578807265,2.269435857630431,0.034239587074649656,0.03325,0.0,0.03325,1.0297620172826965,0.9710981597852759
1,0.019,3,0.13190045248868779,0.09466715351932681,3.7963133489996803,558.10407239819,0.2857408035197295,2.1366947555005487,0.03321101338516955,0.03325,0.0,0.03325,0.998827470230663,1.001173906209314
1,0.019,4,0.1692052480772131,0.09916935551963607,3.8087790574536746,558.0200573065903,0.2918711414968129,2.1709291921686567,0.030914450929942678,0.03325,0.0,0.03325,0.9297579227050429,1.075548780579997
1,0.019,5,0.11799743647741838,0.08364127627341567,3.8591498499381114,557.9780592626103,0.5041142808913719,3.000751080779429,0.029917083562504967,0.03325,0.0,0.03325,0.8997619116542847,1.1114051251196213
1,0.019,6,0.14317484662576688,0.09390339826391648,3.77887605529894,567.5030674846626,0.3425139881146606,2.334794378999118,0.03210986192155063,0.03325,0.0,0.03325,0.9657101329789662,1.0355074114374863
1,0.019,7,0.11834675901528269,0.0873029402495163,3.823493123685783,557.1394263344124,0.27726989178336225,2.091363531442902,0.031009288825645756,0.03325,0.0,0.03325,0.9326101902449851,1.0722593538649974
1,0.019,8,0.12109580793256566,0.08486814624499818,3.856897797443471,556.9720027094152,0.2577066770172678,2.022359698342052,0.03041081176713319,0.03325,0.0,0.03325,0.914610880214532,1.0933611458519268
1,0.019,9,0.14463914463914465,0.10019647301722914,3.777486206676033,549.5001485001485,0.2614643211418297,2.044890173159266,0.03201623571263909,0.03325,0.0,0.03325,0.9628943071470403,1.038535582334992
1,0.019,10,0.14208097648109558,0.09379015135602424,3.8257794682524495,550.8064900267937,0.3276169420860242,2.2925620577932913,0.031238055809769717,0.03325,0.0,0.03325,0.939490400293826,1.0644068312856092
1,0.019,11,0.1386078356789654,0.093068882778223,3.828104230861239,562.977938379612,0.4900789619132411,2.9452261231095083,0.030446057437819432,0.03325,0.0,0.03325,0.9156709003855468,1.0920954237804719
1,0.019,12,0.14863536705224162,0.09576241823924993,3.806973660198308,559.4939895667952,0.32733746166923083,2.314852180347748,0.031025599171794198,0.03325,0.0,0.03325,0.933100726971254,1.0716956606023595
1,0.019,13,0.12344461305007587,0.08831969778295358,3.8462650047807903,561.4855842185129,0.4081012091774028,2.63808702712314,0.029352805847683003,0.03325,0.0,0.03325,0.8827911533137744,1.1327707535879274
1,0.019,14,0.13650841801911118,0.09126553533228735,3.8113124121428252,561.2305475504322,0.3026256209996063,2.227528451525255,0.031893477860791115,0.03325,0.0,0.03325,0.9592023416779283,1.042532901088111
1,0.019,15,0.13666768014594102,0.08619664481903702,3.8731775463803135,562.508057160231,0.29192370775854215,2.179095081343699,0.028511929798469986,0.03325,0.0,0.03325,0.8575016480742853,1.1661785166777547
1,0.019,16,0.12229078868151716,0.08709511412556167,3.8422392932817018,556.9301625526791,0.3349239708913956,2.2985920862186413,0.029447097710654214,0.03325,0.0,0.03325,0.8856269988166681,1.1291435348472343
1,0.019,17,0.11794045426642112,0.08741950131229417,3.8128001147671275,567.8508287292817,0.30570208132849075,2.235380892547666,0.0334562618775408,0.03325,0.0,0.03325,1.006203364738069,0.9938348797514865
1,0.019,18,0.14592536176694593,0.10412537772947969,3.7620731354791332,563.6199543031227,0.321152352145873,2.2959583262600782,0.032472074977833096,0.03325,0.0,0.03325,0.9766037587318224,1.0239567389117559
1,0.019,19,0.11708955223880597,0.08487975022858621,3.843069887661117,552.2835820895523,0.3206594629737083,2.2830516221928656,0.03177512449349235,0.03325,0.0,0.03325,0.9556428419095444,1.0464160417942567
1,0.019,20,0.12053269129486119,0.08845493606012121,3.8183385034920048,556.8046798585509,0.38131193310255185,2.4706872840515963,0.031115878423651926,0.03325,0.0,0.03325,0.9358158924406593,1.0685862551360876
1,0.019,21,0.14133271917703055,0.09943119882072242,3.7994975976011145,568.1119299861815,0.32494767094613053,2.282393736253629,0.03189760655094476,0.03325,0.0,0.03325,0.9593265128103686,1.0423979600756341
1,0.019,22,0.12617148168228642,0.08879388089102112,3.823417157501536,573.1632716288436,0.27748668182175606,2.1004899069584324,0.03270507730999158,0.03325,0.0,0.03325,0.9836113476689197,1.0166617153918773
1,0.019,23,0.14747031687211676,0.09499262776585088,3.7955675789317955,559.6629357936928,0.3068265909969341,2.2465377439021337,0.03078932231993242,0.03325,0.0,0.03325,0.9259946562385689,1.0799198389135896
1,0.019,24,0.11160103390603619,0.08287902458528787,3.841378103036157,562.5934316557701,0.26806599061819725,2.072116804687413,0.030266001612725846,0.03325,0.0,0.03325,0.9102556876007772,1.098592421472002
1,0.019,25,0.13440111420612813,0.09285232240892738,3.8052492711159207,572.5877437325905,0.29228324137511663,2.180570387062591,0.030118078523627027,0.03325,0.0,0.03325,0.9058068728910383,1.1039880905389117
1,0.019,26,0.1208390332877337,0.08778382651812312,3.8376892603772026,562.4227086183311,0.3133030060562305,2.235739206172659,0.030994199497005187,0.03325,0.0,0.03325,0.9321563758497801,1.0727813765028125
1,0.019,27,0.1508179177495796,0.09499155431591431,3.770245359738944,565.6842990368445,0.2713499314850196,2.0663168506376346,0.0319370089544484,0.03325,0.0,0.03325,0.9605115475022075,1.0411118977179208
1,0.019,28,0.11831417624521073,0.08462840153836498,3.86694674957904,567.0689655172414,0.26421119744190946,2.0595749909092476,0.030616092601289842,0.03325,0.0,0.03325,0.9207847398884162,1.086030161752228
1,0.019,29,0.11638882545482226,0.08588433300927262,3.8379508430431044,563.3201644211007,0.2728650563803967,2.0821957143598073,0.029737288267902954,0.03325,0.0,0.03325,0.8943545343730211,1.118124816911719
1,0.06,0,0.08489839901477833,0.0570437384349255,4.225963630640835,569.5960591133005,0.4717515153461136,2.87001645481308,0.03205587730254903,0.105,0.0,0.105,0.305294069548086,3.275530381183814
1,0.06,1,0.09101859519686818,0.05675997272079665,4.224934014396296,557.1394263344124,0.418524654553039,2.6832610200303244,0.03051754485050886,0.105,0.0,0.105,0.2906432842905606,3.4406437514664354
1,0.06,2,0.060241868849996244,0.054170463881325,4.238149224596114,555.8862014572222,0.4628165648318827,2.8343172818941236,0.0298212095798006,0.105,0.0,0.105,0.2840115198076248,3.5209839399378944
1,0.06,3,0.09170826193846383,0.058615436720599774,4.227588815154405,551.3389704238992,0.40708379427087493,2.627282209286165,0.030689188908632058,0.105,0.0,0.105,0.2922779896060196,3.421400295478851
1,0.06,4,0.08961940355426741,0.05655452412304816,4.229473131405593,564.4352833498589,0.417656502162572,2.684094492464795,0.03151115243732293,0.105,0.0,0.105,0.3001062136887898,3.3321535989154834
1,0.06,5,0.062485764178877835,0.05517923695597458,4.228569839124262,561.8685748994002,0.47455768365762196,2.8684918060489997,0.031330557969945695,0.105,0.0,0.105,0.2983862663804352,3.3513606779912064
1,0.06,6,0.10261676555606268,0.05739987917734761,4.199017981055832,562.9351894112277,0.39526776908314787,2.5748189065901017,0.031894431637540105,0.105,0.0,0.105,0.30375649178609626,3.2921107105233323
1,0.06,7,0.06758902245407122,0.055710468011080275,4.224654261876222,559.4939895667952,0.46687381906667724,2.850546823063812,0.028380470460173703,0.105,0.0,0.105,0.2702901948587972,3.6997272524902796
1,0.06,8,0.09280145333434259,0.057348098276349055,4.224326834707598,560.1703883127697,0.435649860650301,2.7654232232633276,0.03190121703263468,0.105,0.0,0.105,0.3038211145965208,3.291410477932107
1,0.06,9,0.06127395288949481,0.055023058379550974,4.234626098921164,560.5092024539878,0.4128017881012056,2.6492095349842555,0.029488529485161154,0.105,0.0,0.105,0.28084313795391574,3.5607065470265913
1,0.06,10,0.05935865362747328,0.05496221947688467,4.221763145543918,561.018194223334,0.45377755575464107,2.8172543681102864,0.03101963691367602,0.105,0.0,0.105,0.29542511346358113,3.384952579948069
1,0.06,11,0.36333990596086757,0.07219896804056344,4.236167740255025,561.2305475504322,0.425309810845647,2.6782494400987273,0.03359934639599221,0.105,0.0,0.105,0.31999377519992583,3.1250607902457466
1,0.06,12,0.07862825364949409,0.05631657697017796,4.225081369214203,571.5723333590794,0.47863115079235286,2.8976102078410655,0.03187507473376096,0.105,0.0,0.105,0.30357214032153296,3.294109923726318
1,0.06,13,0.06948845631507469,0.05592367801690842,4.218797695742378,558.3562698053418,0.7392197309236508,3.8996818380531284,0.030881079194260835,0.105,0.0,0.105,0.2941055161358175,3.4001402392541373
1,0.06,14,0.08012246117084827,0.05622352885987178,4.230006599939292,552.6129032258065,0.47916526728658937,2.8744912391186963,0.031229569733692855,0.105,0.0,0.105,0.2974244736542177,3.362198099281462
1,0.06,15,0.05907236742710379,0.054740644872295,4.2301401291737255,559.0299138842726,0.5773071972362231,3.2834079666835594,0.031466053550729046,0.105,0.0,0.105,0.2996767004831338,3.336929425570345
1,0.06,16,0.06421194431971262,0.05646858486783462,4.214040157470822,553.8513695554558,0.3935291007219348,2.5770612674976836,0.03207821453096462,0.105,0.0,0.105,0.30550680505680594,3.2732495101510426
1,0.06,17,0.07973625699608985,0.05617554432685655,4.226067381253422,567.3727670014567,0.4240223045635503,2.694766007038741,0.03164816000331289,0.105,0.0,0.105,0.301411047650599,3.317728423674827
1,0.06,18,0.07139031295431938,0.05597629349798227,4.221645573941551,566.2460019894406,0.7214129794447217,3.8791528646793925,0.031814194717151995,0.105,0.0,0.105,0.30299233063954284,3.3004135711595213
1,0.06,19,0.057334043038552204,0.054625499904956826,4.232904409052158,562.7215420880541,0.3931579662603326,2.5390558263927785,0.029757020874527185,0.105,0.0,0.105,0.2834001988050208,3.5285790349356794
1,0.06,20,0.073187414500684,0.05545743522844917,4.232041231227224,562.4227086183311,0.4672954368288629,2.864337009663804,0.02963292040657629,0.105,0.0,0.105,0.28221828958644085,3.543356461643175
1,0.06,21,0.069272030651341,0.05546019229123552,4.223936456053362,567.0689655172414,0.4306945131975226,2.6862977783174675,0.031047411072153263,0.105,0.0,0.105,0.29568962925860254,3.3819244946376723
1,0.06,22,0.06715571352945625,0.05477523098804206,4.2326726165132005,559.6629357936928,0.4271828039200045,2.721250153727005,0.029402401007743828,0.105,0.0,0.105,0.28002286674041743,3.571136927638859
1,0.06,23,0.08630393996247655,0.057129653686361324,4.21959495526601,555.3864915572233,0.41930737465736456,2.658645552320507,0.03298388488449781,0.105,0.0,0.105,0.3141322369952173,3.183372739981555
1,0.06,24,0.07553077745532305,0.05543984893275011,4.2315079626096574,565.1667939514282,0.39082816743757576,2.5645836939432405,0.03008311139858095,0.105,0.0,0.105,0.2865058228436281,3.4903304584695634
1,0.06,25,0.0630972243288336,0.05460239053535663,4.236036238404366,561.2305475504322,0.4054655496147461,2.586515299543877,0.030132680061229718,0.105,0.0,0.105,0.2869779053450449,3.4845888180752462
1,0.06,26,0.073463153875525,0.0559145206659344,4.229887665243305,565.1237113402062,0.529068593546981,3.1497865466662756,0.029144715111140803,0.105,0.0,0.105,0.27756871534419814,3.60271148987361
1,0.06,27,0.08544826550533113,0.0584703142815053,4.2231106236308635,555.6778795614957,0.4843713305599522,2.9363041842412323,0.03138360026829206,0.105,0.0,0.105,0.29889143112659106,3.3456964498137944
1,0.06,28,0.0825583168165879,0.056464494009044075,4.225143320593515,564.1346241805153,0.44335855878307484,2.7460220132764763,0.03159172773417122,0.105,0.0,0.105,0.30087359746829734,3.323654878375856
1,0.06,29,0.05857142857142857,0.05437155594111361,4.232453505821369,556.4285714285714,0.45751982790534385,2.799762035122013,0.030747141132418023,0.105,0.0,0.105,0.29282991554683835,3.4149516388466443
1,0.25,0,0.0506444969872626,0.05032316645874588,4.316155166710866,564.4352833498589,1.013378982723225,5.022869446344424,0.03136365670906616,0.4375,0.0,0.4375,0.07168835819215122,13.949266313501441
1,0.25,1,0.052968523740568554,0.050409593752265835,4.316353219497319,564.0058684551483,1.0418802206986584,5.132874481333116,0.031852466154564614,0.4375,0.0,0.4375,0.07280563692471911,13.735200215801944
1,0.25,2,0.04670750382848392,0.05033135097830386,4.315930556155429,566.635528330781,1.0913149181287736,5.403999453364845,0.03144009821142969,0.4375,0.0,0.4375,0.07186308162612501,13.915350933635182
1,0.25,3,0.05793547398268067,0.050508262937390504,4.313884560378593,567.1123457736225,1.038819313136628,5.132889337724457,0.03564982455269729,0.4375,0.0,0.4375,0.08148531326330809,12.27215015752156
1,0.25,4,0.06878670022115457,0.05065395964091674,4.31537355354142,564.3493479752917,1.1142962621815968,5.428935326742275,0.033252681323496035,0.4375,0.0,0.4375,0.0760061287394195,13.156833752557167
1,0.25,5,0.04107413010590015,0.05031792025942203,4.316365035130427,559.7897125567322,1.0490226785477716,5.246508386199097,0.030573193927074655,0.4375,0.0,0.4375,0.06988158611902778,14.309921333163816
1,0.25,6,0.05380857884292475,0.05032244760316705,4.316906878919821,564.8223172034803,1.0817803627287503,5.322077002380059,0.02972401876011784,0.4375,0.0,0.4375,0.06794061430884078,14.718736505005003
1,0.25,7,0.0621108463371512,0.050582710531031534,4.314317919508908,568.8530248289645,1.0893362113565672,5.3461793552591494,0.034136035415366195,0.4375,0.0,0.4375,0.0780252238065513,12.816368235986221
1,0.25,8,0.042100428658909984,0.05037818070421889,4.315951449479752,566.4623392529088,1.0471923894947395,5.132329436688128,0.03164660216753358,0.4375,0.0,0.4375,0.07233509066864818,13.824548925787477
1,0.25,9,0.030683612845002633,0.05027262916497768,4.314287436869115,556.5538843348123,1.1228756070777308,5.514409623217255,0.03233714408592347,0.4375,0.0,0.4375,0.0739134721963965,13.529333290457338
1,0.25,10,0.07624831309041835,0.050549972719247487,4.316871896729285,554.8461538461538,1.083593933522934,5.301374277594396,0.030878842248290888,0.4375,0.0,0.4375,0.07058021085323632,14.168277310468632
1,0.25,11,0.058238420652999244,0.05042553276393043,4.316260381155265,561.9111617312072,1.029586408432806,5.0515959232344905,0.03022734212974118,0.4375,0.0,0.4375,0.0690910677251227,14.473650978712302
1,0.25,12,0.05677902621722847,0.050359875266808234,4.317097440770489,554.3483146067416,1.1498495927953627,5.561579813801722,0.031029213496666132,0.4375,0.0,0.4375,0.0709239165638083,14.099616158398803
1,0.25,13,0.07210196847424391,0.05044640212430605,4.317261561790688,558.1460894486763,1.194414004945429,5.772166614029161,0.028746693818753777,0.4375,0.0,0.4375,0.06570672872858006,15.219141469221189
1,0.25,14,0.05437405731523379,0.05036942590781233,4.31739717106545,558.10407239819,1.0425027817836963,5.168949294600583,0.02964593960291493,0.4375,0.0,0.4375,0.06776214766380555,14.757501562102046
1,0.25,15,0.04406216991097027,0.05044399660982051,4.3143964336986675,558.3562698053418,1.0530440291622654,5.173468658632453,0.031809186998935264,0.4375,0.0,0.4375,0.07270671314042346,13.753888146045488
1,0.25,16,0.03160441554513836,0.050202224737233264,4.3164200116687494,559.5362165431725,1.1242544757551514,5.396843381468877,0.030070509039514755,0.4375,0.0,0.4375,0.06873259209031944,14.549138474014336
1,0.25,17,0.07117329480647859,0.05050204768506791,4.316400579459332,562.7215420880541,1.052298381284345,5.160998391121775,0.03182356992073321,0.4375,0.0,0.4375,0.07273958839024733,13.747671964199299
1,0.25,18,0.04827638804148871,0.05046125470015432,4.316034776686603,564.392312385601,1.1121991489490028,5.366385788143633,0.03143834077985628,0.4375,0.0,0.4375,0.0718590646396715,13.916128814289163
1,0.25,19,0.04798655153969588,0.050328351203899856,4.316611996652845,565.4685565828685,1.0112551027559675,5.043984663812132,0.029974681943891735,0.4375,0.0,0.4375,0.06851355872889539,14.595651117130673
1,0.25,20,0.052928185210570404,0.05039559100564974,4.31598497669993,563.5771076079507,1.0636783543159254,5.208328381743331,0.031420621754021646,0.4375,0.0,0.4375,0.07181856400919233,13.923976534423693
1,0.25,21,0.0495855198113925,0.050354584235747374,4.315101442276905,562.8069815195072,1.0558282673591748,5.1696454268365,0.032806561463347005,0.4375,0.0,0.4375,0.074986426201936,13.335746889804195
1,0.25,22,0.04553388479927146,0.05037050191186802,4.316093858635607,561.6131896486302,1.0603017465618905,5.190910050226837,0.03183409936029032,0.4375,0.0,0.4375,0.07276365568066359,13.743124787307005
1,0.25,23,0.056409866017052376,0.050321913463823385,4.317033834651105,563.3629719853836,1.0415738961892202,5.144513455298737,0.030727939243648777,0.4375,0.0,0.4375,0.07023528969976864,14.237856841975754
1,0.25,24,0.049996200896588405,0.05033878971683074,4.317319846811981,562.2947344426715,1.0064821758423932,5.063911413771159,0.030014930851652525,0.4375,0.0,0.4375,0.06860555623234862,14.576078890946793
1,0.25,25,0.05518018018018018,0.05039267638461949,4.314990777310906,555.5945945945946,1.0332536774221808,5.138993440182104,0.03230971925123529,0.4375,0.0,0.4375,0.07385078685996638,13.540817133014029
1,0.25,26,0.0420277628652504,0.05026430994349458,4.316878601791322,567.5465143032441,1.0178490473190323,5.040086815490743,0.030110695939463052,0.4375,0.0,0.4375,0.06882444786162983,14.529720630821185
1,0.25,27,0.043773119605425403,0.05034064592783025,4.3148170075291885,570.2971639950678,1.1682382919534575,5.638983483642827,0.032471584069238606,0.4375,0.0,0.4375,0.07422076358683109,13.473318673555505
1,0.25,28,0.07723639717184137,0.05060949871108348,4.316281303550436,568.7221026744544,1.1001117411942687,5.3524673181635025,0.03088133623249608,0.4375,0.0,0.4375,0.07058591138856248,14.167133076956162
1,0.25,29,0.0507361268403171,0.05038080132188294,4.3164138115861,558.7349943374859,1.0325057373847812,5.127304100929217,0.031502147949846016,0.4375,0.0,0.4375,0.07200490959964803,13.887941885630644
1,1.0,0,0.05972644376899696,0.0499660406334693,4.323838656980975,562.3373860182371,3.4737603576504625,14.733505975769333,0.02984592173647496,1.75,0.0,1.75,0.017054812420842832,58.63447661129895
1,1.0,1,0.04582066869300912,0.049928028927015485,4.323978029981662,562.3373860182371,3.4675554476852994,15.039147217572024,0.030307333600841556,1.75,0.0,1.75,0.01731847634333803,57.74180015464663
1,1.0,2,0.04818818514007308,0.049965795493607953,4.323411587882507,563.3629719853836,3.545527053560363,14.876481370570216,0.0340190156826296,1.75,0.0,1.75,0.0194394375329312,51.44181760948378
1,1.0,3,0.03923510589669359,0.049941216854250334,4.323701075432108,563.7914063690386,3.540607306495076,15.047420165004674,0.029681631017854055,1.75,0.0,1.75,0.016960932010202316,58.95902415023428
1,1.0,4,0.06503630110813909,0.04994096941084893,4.3238191873108,565.5548337791364,3.568561029562261,15.252592562871714,0.02933247891450642,1.75,0.0,1.75,0.0167614165225751,59.66082870461163
1,1.0,5,0.03807509254362771,0.049962772084241346,4.323639815816209,559.0720707108861,3.502299642219441,14.695093735586392,0.03262434208881279,1.75,0.0,1.75,0.01864248119360731,53.64092845875633
1,1.0,6,0.07625028033191299,0.049972241462101503,4.323419230474542,553.2314420273603,3.4814011245325673,14.837237213916618,0.03230628710516428,1.75,0.0,1.75,0.018460735488665305,54.16902271385609
1,1.0,7,0.05338453429711618,0.04994458067222049,4.3240851070523485,557.2231759656653,3.4795870242815,14.81218343158945,0.027887181633816822,1.75,0.0,1.75,0.01593553236218104,62.75284548216583
1,1.0,8,0.021143606759780848,0.049952146611577215,4.323264534494931,571.0439848753762,3.4474008749530185,14.775674645749813,0.03067375442273665,1.75,0.0,1.75,0.01752785967013523,57.0520313842908
1,1.0,9,0.046333207972922154,0.04995877734541464,4.323686364857794,556.6374576908612,3.462027395988116,14.723838970041783,0.02985015775067382,1.75,0.0,1.75,0.01705723300038504,58.626155835323736
1,1.0,10,0.04955469285224937,0.04995368071411504,4.323942640966196,563.3201644211007,3.4614573583821766,14.699609741023488,0.031238840783703953,1.75,0.0,1.75,0.017850766162116543,56.020004459093265
1,1.0,11,0.045308651190565055,0.04993420457977571,4.323790152217729,552.4070314249459,3.4373203128925525,14.549636626919241,0.03048819093660062,1.75,0.0,1.75,0.01742182339234321,57.39927316904694
1,1.0,12,0.06310717338929044,0.04997665286628642,4.322897378543778,575.1198414548846,3.5394524378643837,15.356491158780104,0.03044432987778739,1.75,0.0,1.75,0.017396759930164225,57.48196813741742
1,1.0,13,0.0373083603957405,0.04993232268213873,4.32398208779412,558.9034816101503,3.483951441157842,14.675308582417445,0.02929747106903072,1.75,0.0,1.75,0.016741412039446128,59.73211803423745
1,1.0,14,0.042449922958397536,0.04993875945381176,4.323603550848302,570.1217257318953,3.4594508981972467,14.753240646374365,0.02970703769301912,1.75,0.0,1.75,0.01697545011029664,58.90859997835577
1,1.0,15,0.08116883116883117,0.04997280072481093,4.323754427592368,558.7771066143159,3.480159483035095,14.84619256998465,0.030022217112095274,1.75,0.0,1.75,0.017155552635483014,58.29016536206996
1,1.0,16,0.03376822716807368,0.04995032420352969,4.323553703599204,567.9378357636224,3.5717698631924577,15.310408257447802,0.03006512582451636,1.75,0.0,1.75,0.017180071899723634,58.20697409398423
1,1.0,17,0.04728453810710779,0.049973589450222115,4.3236724254665555,558.9877634262407,3.454505725618219,14.687347385338606,0.0317655278039696,1.75,0.0,1.75,0.018151730173696916,55.091167091557345
1,1.0,18,0.042691696313677995,0.04995216205009341,4.323623886974917,560.1703883127697,3.500102560792584,14.883983596046699,0.03161002558072795,1.75,0.0,1.75,0.01806287176041597,55.362182340875506
1,1.0,19,0.04766949152542373,0.049948964879297855,4.323647875049192,559.9588377723971,3.4879034581244923,14.72124736530408,0.031492750980047265,1.75,0.0,1.75,0.01799585770288415,55.56834336602542
1,1.0,20,0.03917839482693039,0.049950344035982856,4.32349872196663,562.977938379612,3.476848800375592,14.658415356846941,0.032593331696188735,1.75,0.0,1.75,0.018624760969250705,53.69196424324532
1,1.0,21,0.050713518490102805,0.04997275856125921,4.3236352540897505,567.7638483965014,3.462570403207792,14.626775281868127,0.03039297477524452,1.75,0.0,1.75,0.017367414157282584,57.5790955949925
1,1.0,22,0.05227912639829541,0.04994859061999396,4.323894429367677,563.1489993151206,3.433727691124659,14.696207948522373,0.030180337342032567,1.75,0.0,1.75,0.017245907052590038,57.98477267392075
1,1.0,23,0.0480673555300421,0.04996079328250269,4.3235283270033085,566.4190585533869,3.528707921068417,15.13871858218142,0.030885925205572314,1.75,0.0,1.75,0.017649100117469892,56.66011260314365
1,1.0,24,0.05580441879887632,0.049964872272529985,4.323519249013889,561.8685748994002,3.5446762563078664,15.06902101434351,0.03170482878847195,1.75,0.0,1.75,0.018117045021983972,55.196639340828405
1,1.0,25,0.045244059819327415,0.049941672133907745,4.323902764133299,561.7834206331132,3.5107882197771687,15.0408931609778,0.029838868734479846,1.75,0.0,1.75,0.017050782133988484,58.6483360201191
1,1.0,26,0.047001373416755685,0.049939522381490284,4.323732185449249,564.6502365328857,3.56764576054411,15.35281267491579,0.03277728742155423,1.75,0.0,1.75,0.018729878526602416,53.390629233375975
1,1.0,27,0.05602326649318843,0.04995825263015164,4.3239936005090165,566.3757844787999,3.49195424298523,14.827814285071728,0.031166958389651944,1.75,0.0,1.75,0.017809690508372538,56.149207058364574
1,1.0,28,0.04506848266891116,0.049941855624611405,4.323910950607666,566.2460019894406,3.5497533811139874,14.776271825120599,0.031619601261421666,1.75,0.0,1.75,0.018068343577955236,55.34541645644134
1,1.0,29,0.0676132521974307,0.04998669096656398,4.32371001024758,555.9695740365112,3.5488168695010245,15.1525732141837,0.03310912051921062,1.75,0.0,1.75,0.018919497439548925,52.855526590765606
2,0.0001,0,0.9364682719975769,0.9152592319787273,0.1947647143842435,560.3820990458883,0.28392487787641585,2.114223960261948,0.03046351819180637,0.00017500000000000003,0.0,0.00017500000000000003,174.0772468103221,0.005744576148367163
2,0.0001,1,0.8910770170216014,0.8618212414643414,0.31298707805744963,564.865353789787,0.23032534954836592,1.9139713810590238,0.03164968102435217,0.00017500000000000003,0.0,0.00017500000000000003,180.85532013915525,0.005529281633686925
2,0.0001,2,0.9041752224503764,0.8810133850692597,0.2694780445547266,562.8069815195072,0.2501758402213454,1.9950129660696185,0.03299125757408731,0.00017500000000000003,0.0,0.00017500000000000003,188.52147185192746,0.00530443556469494
2,0.0001,3,0.9087637753954569,0.8781613141681942,0.2815190552825357,554.8046330309619,0.27957881562178954,2.1074580944209256,0.03048054691424482,0.00017500000000000003,0.0,0.00017500000000000003,174.17455379568466,0.005741366796742591
2,0.0001,4,0.8792385943279901,0.8477286191213003,0.3492265137144991,570.2971639950678,0.2513354223628994,1.98735896874646,0.03040897010146138,0.00017500000000000003,0.0,0.00017500000000000003,173.76554343692214,0.005754880859697052
2,0.0001,5,0.9358944866191243,0.9144141641785934,0.19780472126383886,567.4596273291926,0.24440587844583206,1.9715758750136203,0.029746386343296446,0.00017500000000000003,0.0,0.00017500000000000003,169.97935053312253,0.005883067542402087
2,0.0001,6,0.8965595463137996,0.8721661585703901,0.29208795068387067,559.578449905482,0.2549585775122978,1.9970420108149303,0.032318675666533424,0.00017500000000000003,0.0,0.00017500000000000003,184.67814666590525,0.005414825836481156
2,0.0001,7,0.9037934186471663,0.8801006581545151,0.27633399897587513,563.7056672760511,0.2438585297204554,1.9620458067693987,0.03017219783758548,0.00017500000000000003,0.0,0.00017500000000000003,172.412559071917,0.005800041513117837
2,0.0001,8,0.9129782445611403,0.8925497294673854,0.2407903380592667,555.178544636159,0.28241686752880923,2.137527724042723,0.031074149174443205,0.00017500000000000003,0.0,0.00017500000000000003,177.566566711104,0.005631690799242478
2,0.0001,9,0.8566356975602387,0.8253083857711381,0.39681945095465965,558.9877634262407,0.2140412287262734,1.865577397471816,0.028908329712610117,0.00017500000000000003,0.0,0.00017500000000000003,165.1904555006292,0.00605361851548494
2,0.0001,10,0.9054617074464055,0.8791121489814772,0.27614102230495075,560.5939701537762,0.2524190174299292,1.9786565130761717,0.029375059491023068,0.00017500000000000003,0.0,0.00017500000000000003,167.85748280584608,0.005957434743357014
2,0.0001,11,0.91080998315725,0.8835547982105885,0.2675669161520065,566.5489205328433,0.26006841682828963,2.049957182395005,0.030852165805145226,0.00017500000000000003,0.0,0.00017500000000000003,176.29809031511556,0.005672211186250504
2,0.0001,12,0.8903591682419659,0.8607580575358873,0.31532492035667764,559.578449905482,0.27106519116205163,2.0743869945951703,0.029153109169033603,0.00017500000000000003,0.0,0.00017500000000000003,166.58919525162057,0.006002790267937693
2,0.0001,13,0.9012941266559461,0.8732795567202568,0.2882900286901004,566.6788421778084,0.2853784959297627,2.143925989139334,0.02862407358965721,0.00017500000000000003,0.0,0.00017500000000000003,163.56613479804116,0.0061137349808670525
2,0.0001,14,0.8797558954268063,0.8498044243972014,0.340855188090288,557.5584268816394,0.2605481999053154,2.0305678758874706,0.03226939919862096,0.00017500000000000003,0.0,0.00017500000000000003,184.3965668492626,0.0054230944593315735
2,0.0001,15,0.896250758955677,0.8657336011983907,0.30074510743026184,561.655737704918,0.23509951707092114,1.9199464862499125,0.03182242018484023,0.00017500000000000003,0.0,0.00017500000000000003,181.84240105622987,0.00549926746562688
2,0.0001,16,0.8791408258962335,0.8450482872811709,0.3604751370330624,559.7051883224929,0.22057154148933478,1.877064150002731,0.030588295088626677,0.00017500000000000003,0.0,0.00017500000000000003,174.79025764929528,0.005721142662346959
2,0.0001,17,0.8896265560165975,0.8616064621488909,0.3157269890406998,558.3142210486609,0.24325972361839376,1.9741165390592599,0.03119555613507891,0.00017500000000000003,0.0,0.00017500000000000003,178.26032077187946,0.0056097733677911675
2,0.0001,18,0.9202306943300127,0.8980632844550419,0.2321806101167531,554.3068683993708,0.2727282147097867,2.082785243159776,0.02920863084538064,0.00017500000000000003,0.0,0.00017500000000000003,166.90646197360363,0.005991379771492314
2,0.0001,19,0.9266498045527708,0.9068116255671944,0.21122339643642496,567.1991262359163,0.33195927226915956,2.320191778717288,0.031936246963937605,0.00017500000000000003,0.0,0.00017500000000000003,182.49283979392914,0.005479667044083481
2,0.0001,20,0.8895533686601059,0.8574575934958139,0.3293887326264123,560.2127176381529,0.28798370412550867,2.147618194679316,0.03146122408816843,0.00017500000000000003,0.0,0.00017500000000000003,179.77842336096242,0.005562402769503556
2,0.0001,21,0.8961419753086419,0.8706553295017125,0.2901001663599678,571.0,0.24300995841622353,1.959040929930526,0.03303647573733362,0.00017500000000000003,0.0,0.00017500000000000003,188.7798613561921,0.005297175200871602
2,0.0001,22,0.9120845921450151,0.887933142533073,0.2575852305107451,558.9456193353475,0.2570837576931808,2.012747519072027,0.03182874700211762,0.00017500000000000003,0.0,0.00017500000000000003,181.87855429781496,0.005498174338699446
2,0.0001,23,0.8917293233082707,0.8577461203061142,0.32893234772989555,556.4285714285714,0.2553060035861563,2.008188546821189,0.03103484657897612,0.00017500000000000003,0.0,0.00017500000000000003,177.34198045129207,0.005638822784403579
2,0.0001,24,0.9010133091349062,0.8755274223365028,0.2810999130416149,559.6206896551724,0.2338977625768166,1.9478694229165718,0.0311743824889972,0.00017500000000000003,0.0,0.00017500000000000003,178.1393285085554,0.005613583526851419
2,0.0001,25,0.9358069656271341,0.9169889705183445,0.18385483226082727,561.5281129068974,0.30409069402958266,2.1922673499001717,0.029252909388320928,0.00017500000000000003,0.0,0.00017500000000000003,167.1594822189767,0.005982310944765989
2,0.0001,26,0.8843874259134219,0.8537490475650357,0.33300223799397105,555.2201215395004,0.2231595790362917,1.8826939607092665,0.03001029455670554,0.00017500000000000003,0.0,0.00017500000000000003,171.48739746688878,0.005831332300632077
2,0.0001,27,0.8860316494217894,0.8613042089387346,0.3120628007577877,563.0206938527084,0.23119282358675264,1.9111227796224726,0.02961325639442383,0.00017500000000000003,0.0,0.00017500000000000003,169.21860796813615,0.005909515578737652
2,0.0001,28,0.9088820826952527,0.8838005314639964,0.26103877921902746,566.635528330781,0.2393514322466217,1.953770251786097,0.030228992374698005,0.00017500000000000003,0.0,0.00017500000000000003,172.73709928398858,0.005789144336364877
2,0.0001,29,0.9145253526496379,0.8901749663121921,0.24660426352199236,564.2634388105223,0.2863907465070952,2.1401504390398207,0.028839355402472216,0.00017500000000000003,0.0,0.00017500000000000003,164.7963165855555,0.006068096791962222
2,0.0003,0,0.771099648650669,0.7119936752214807,0.6927195604631053,553.2314420273603,0.2616125491040293,2.0390683838030643,0.02868410299600575,0.000525,0.0,0.000525,54.63638665905857,0.018302820906517664
2,0.0003,1,0.7359357060849598,0.674147143353453,0.7946909408436714,566.4190585533869,0.2756661794555839,2.0918519221988365,0.029654276358947802,0.000525,0.0,0.000525,56.48433592180534,0.017704023313372404
2,0.0003,2,0.6692266747775835,0.6037055136308487,1.0007080270458346,562.7215420880541,0.22850875678705052,1.9257405167212784,0.028835036946734,0.000525,0.0,0.000525,54.92387989854096,0.018207016726554396
2,0.0003,3,0.6679124399359316,0.6031911834123795,1.0044810972488756,564.4352833498589,0.2505097951798234,1.9995766021965904,0.030432425050601224,0.000525,0.0,0.000525,57.966523905907096,0.01725133633376444
2,0.0003,4,0.7590416603082557,0.6933992395552515,0.7515133958259699,564.6502365328857,0.2517826654075179,2.0059994252447138,0.03337917025525443,0.000525,0.0,0.000525,63.57937191477034,0.01572837179550191
2,0.0003,5,0.7902263689201591,0.7429899414610186,0.6024245871315325,565.9434077699602,0.25843211423489265,2.0592804690069633,0.03016676342215551,0.000525,0.0,0.000525,57.46050175648669,0.01740325909853564
2,0.0003,6,0.730418804073195,0.667007615000547,0.8159868091216882,566.5922211163005,0.23360729165142402,1.915108157956676,0.02803186818399504,0.000525,0.0,0.000525,53.39403463618103,0.01872868395905742
2,0.0003,7,0.8252583237657865,0.7814185375453687,0.5087867710936537,566.4190585533869,0.3051013828080613,2.2344876317971654,0.03329673004462739,0.000525,0.0,0.000525,63.42234294214741,0.015767314066466764
2,0.0003,8,0.735517319107371,0.6703358395813062,0.8118646795851858,556.0529716733038,0.24034507188480347,1.9481678040171158,0.03036523933458543,0.000525,0.0,0.000525,57.83855111349606,0.01728950640616341
2,0.0003,9,0.7525508276018441,0.6923088090206337,0.7400941594757444,559.3251454916484,0.24351503115030937,1.965677880491205,0.030952755593715336,0.000525,0.0,0.000525,58.95762970231493,0.016961333165005713
2,0.0003,10,0.6981203007518797,0.6323706207341979,0.9117795886105392,556.4285714285714,0.23654923756839707,1.940906760344331,0.0325452066591039,0.000525,0.0,0.000525,61.99086982686457,0.01613140778299963
2,0.0003,11,0.8155575812822851,0.7638232715619169,0.5637198948610825,562.1668185961714,0.2628676991153043,2.0402166814582166,0.030644473890769314,0.000525,0.0,0.000525,58.37042645860822,0.01713196323328428
2,0.0003,12,0.7583984226890119,0.6996768741724532,0.7324242452531043,561.1880640024266,0.23074287004419602,1.9247560477499603,0.031261431580908536,0.000525,0.0,0.000525,59.54558396363531,0.016793856629413583
2,0.0003,13,0.7259575116119699,0.6642138408719033,0.8220129513912697,563.4914337927358,0.23561943977256306,1.9330603439965468,0.032120913133090234,0.000525,0.0,0.000525,61.18269168207664,0.01634449175914482
2,0.0003,14,0.7272797646694534,0.6652425806690283,0.8233207283876934,572.8532280538783,0.25178410959779285,2.024505967828951,0.03223242949558589,0.000525,0.0,0.000525,61.39510380111599,0.016287943794987488
2,0.0003,15,0.7743624261461372,0.72342539488141,0.6640803340804577,553.4792461296836,0.28695310806506313,2.1498393567822127,0.03279155011956731,0.000525,0.0,0.000525,62.4600954658425,0.016010222087266407
2,0.0003,16,0.6917698913291284,0.6287540390576234,0.9289273944886136,562.3800440762976,0.2627047644928098,2.053179623343749,0.031734599165973224,0.000525,0.0,0.000525,60.446855554234716,0.016543457733757056
2,0.0003,17,0.7298635068246587,0.6636923457555117,0.8316098404368277,555.0122993850307,0.21481141066760756,1.8468915902911287,0.02995851097743863,0.000525,0.0,0.000525,57.063830433216445,0.017524235446660572
2,0.0003,18,0.7208368073978625,0.6657195029195391,0.8171189916580979,560.9332979610399,0.2363130726153031,1.9546676199778013,0.030773388874171352,0.000525,0.0,0.000525,58.61597880794544,0.017060194512429593
2,0.0003,19,0.7001572209328442,0.629523924572336,0.9371256125324552,554.0583214793741,0.23128050792729482,1.9242958260349354,0.03423016071316478,0.000525,0.0,0.000525,65.20030612031387,0.015337351302533823
2,0.0003,20,0.7515392701606848,0.6928027444119601,0.7435527925884464,555.6778795614957,0.2602128735743463,2.0221689916410566,0.03077409937635448,0.000525,0.0,0.000525,58.61733214543711,0.01705980063232615
2,0.0003,21,0.6908924345369876,0.6249047785678762,0.9367473902567369,564.9514466753187,0.25466028857044876,2.0182599602352096,0.031229451670907554,0.000525,0.0,0.000525,59.484669849347725,0.016811054050272507
2,0.0003,22,0.7342657342657343,0.6772192078687619,0.7849770982261577,556.4703361154974,0.235567338851979,1.9395802644181863,0.0293564524571752,0.000525,0.0,0.000525,55.91705229938133,0.01788363225310902
2,0.0003,23,0.8105730184990224,0.763115829566642,0.5612740369561626,556.512107083772,0.29346383863594383,2.1721181210414446,0.032127502855182496,0.000525,0.0,0.000525,61.19524353368095,0.016341139315012528
2,0.0003,24,0.7380384558056342,0.6759341442764829,0.7961385056102563,551.5440453122671,0.2325593731366098,1.9308350199368587,0.0321019758892263,0.000525,0.0,0.000525,61.14662074138344,0.016354133521612746
2,0.0003,25,0.7306982466933252,0.6625035172534387,0.8284458180191056,569.0713626576438,0.22264089839882217,1.8643476396180572,0.02912786850615159,0.000525,0.0,0.000525,55.481654297431604,0.018023975900918525
2,0.0003,26,0.769224842040376,0.718379549406675,0.6756686991370107,570.2094313453537,0.25889367243507877,2.0391979539402243,0.030600383191629867,0.000525,0.0,0.000525,58.28644417453308,0.017156647899219883
2,0.0003,27,0.7393200962695547,0.6780807894078257,0.7885438032041433,556.5956678700361,0.2630169217591174,2.0421420191099093,0.030122521608951805,0.000525,0.0,0.000525,57.37623163609868,0.017428819765340647
2,0.0003,28,0.7570029083116485,0.7018960258676283,0.7219228295210804,566.3757844787999,0.26080796570749953,2.036762475019442,0.03053630057881154,0.000525,0.0,0.000525,58.16438205487913,0.017192652353058308
2,0.0003,29,0.816952481680139,0.7674355226173136,0.5531381106275439,559.0720707108861,0.2769559958251193,2.0974339146397387,0.029556848536733894,0.000525,0.0,0.000525,56.298759117588375,0.017762380835274726
2,0.0007,0,0.5466727577280341,0.46758564434782324,1.4305523789768408,563.4486066697121,0.25429208076093346,2.011334445555484,0.02964617941291231,0.001225,0.0,0.001225,24.200962786050866,0.04132067012542111
2,0.0007,1,0.5218376907964334,0.436276886882637,1.5784509090853938,559.1985794166541,0.2386681238131132,1.943291268876067,0.031142317662656266,0.001225,0.0,0.001225,25.422300132780627,0.03933554378545615
2,0.0007,2,0.6211440322949197,0.5556678070805854,1.138485770322273,563.6628075253257,0.2584622486901935,2.0262545804220653,0.03138084459369045,0.001225,0.0,0.001225,25.617015994849346,0.03903655289909893
2,0.0007,3,0.5164458656920968,0.43970233001370435,1.5453130048934771,563.4486066697121,0.22109018531045876,1.8846683157893993,0.03072812318258479,0.001225,0.0,0.001225,25.084182189865135,0.03986576051915434
2,0.0007,4,0.6120131107553929,0.5328179581518746,1.222507247926361,564.0916990624286,0.2519096257747151,2.0108168564597655,0.027929674766904413,0.001225,0.0,0.001225,22.79973450359544,0.043860159855909873
2,0.0007,5,0.5752125818346,0.4929007987254924,1.3557892338753135,556.8883286929039,0.2612952007330023,2.0363158156787464,0.03147636243241621,0.001225,0.0,0.001225,25.694989740747925,0.03891809298581538
2,0.0007,6,0.5315702230259193,0.4615228859480184,1.4734259170070279,557.6003616636528,0.24975884772720747,1.9941997334447061,0.029682836881152315,0.001225,0.0,0.001225,24.230887249920258,0.04126964026062607
2,0.0007,7,0.5185998939313584,0.4454371063263548,1.5253400254281437,560.6787635426926,0.21428595285397023,1.8500508523602948,0.032636384995586916,0.001225,0.0,0.001225,26.641946935172992,0.037534794376449604
2,0.0007,8,0.5656595871971283,0.48672742780167283,1.4048928500514317,553.4379300029914,0.28037860625772737,2.097717209428236,0.03131249431919036,0.001225,0.0,0.001225,25.561219852400292,0.0391217635846161
2,0.0007,9,0.5340805123513266,0.45600042421978365,1.46869730230188,564.220494053065,0.23340910056140274,1.9219793726396817,0.027288914943307013,0.001225,0.0,0.001225,22.27666525984246,0.044890022287252876
2,0.0007,10,0.555925030229746,0.47467183283054415,1.4045026810358703,559.2829504232164,0.25597795424982905,2.01752612060815,0.03251498092472547,0.001225,0.0,0.001225,26.542841571204466,0.037674941370439786
2,0.0007,11,0.5875884343278991,0.5115623607585129,1.2771909892572042,569.0713626576438,0.2548246115911752,2.0099369855183387,0.029816051627238768,0.001225,0.0,0.001225,24.339633981419404,0.0410852521760758
2,0.0007,12,0.5661880778771705,0.4885490560041126,1.368736913658889,556.3033150417199,0.2526543853455223,1.990118769237947,0.030572724219911817,0.001225,0.0,0.001225,24.957325893805567,0.0400683953182741
2,0.0007,13,0.571588868940754,0.4985132152813816,1.343541505730271,553.6032315978456,0.2663804382318631,2.0520423864967903,0.033541485894350034,0.001225,0.0,0.001225,27.380804811714313,0.03652193596486874
2,0.0007,14,0.5559482628966762,0.47367607262638384,1.4142709440834234,556.512107083772,0.2264768302848097,1.9036957384745252,0.03166557126813032,0.001225,0.0,0.001225,25.84944593316761,0.038685548718740345
2,0.0007,15,0.5200181296268318,0.43683977242637423,1.5704688541988931,559.0299138842726,0.23620491413748823,1.937262154593676,0.030302984990109163,0.001225,0.0,0.001225,24.737130604170748,0.04042506044866001
2,0.0007,16,0.520245213047756,0.4375531510207032,1.5711967881538569,560.0857488836751,0.24595949848298915,1.974329399398592,0.033627901467287745,0.001225,0.0,0.001225,27.451348136561425,0.03642808342327412
2,0.0007,17,0.5052456789191637,0.4249976974577073,1.6000572864852942,558.5666088006642,0.20892838927102275,1.8200104199647436,0.030803055976134506,0.001225,0.0,0.001225,25.14535181725266,0.0397687814140617
2,0.0007,18,0.5780088025497041,0.4962369462936823,1.3470786665030274,561.57064804978,0.2503814584342763,1.9931554024965585,0.03263027343613954,0.001225,0.0,0.001225,26.63695790705269,0.037541824539026256
2,0.0007,19,0.5839104954714971,0.5087927941052462,1.3203556248748936,563.2345688408554,0.2615560804842971,2.03447194253072,0.030659942310190716,0.001225,0.0,0.001225,25.028524334849564,0.03995441307770615
2,0.0007,20,0.6136573362042449,0.5382836263201265,1.1865456257771514,569.0713626576438,0.32140540587715805,2.2633403233094613,0.02960822817697481,0.001225,0.0,0.001225,24.16998218528556,0.041373634135683804
2,0.0007,21,0.6162133251833741,0.5362622474887642,1.2144415061778842,565.4254278728606,0.2622161044564564,2.055365305165023,0.02951489393128353,0.001225,0.0,0.001225,24.093790964313087,0.04150446899291051
2,0.0007,22,0.6578045250247582,0.5860175186533624,1.0483185110960216,563.7485335567914,0.3135583356197458,2.2612543020444873,0.03200334571525676,0.001225,0.0,0.001225,26.125180175719805,0.03827724797585814
2,0.0007,23,0.5250554662994416,0.443637238154519,1.528850916112627,566.1595134266697,0.25716526195174083,2.0258241792538767,0.029711191870399722,0.001225,0.0,0.001225,24.25403417991814,0.04123025442208621
2,0.0007,24,0.5395661703574938,0.4624660030767073,1.4544415153092587,559.3251454916484,0.24792083285865374,1.9904879271821279,0.02695743300203363,0.001225,0.0,0.001225,22.006067756762146,0.04544201222377471
2,0.0007,25,0.5960125918153201,0.5181785870020235,1.2599873653892604,554.6801079298456,0.2926640467776451,2.1628888667172435,0.03363555152725351,0.001225,0.0,0.001225,27.457593083472254,0.03641979823067366
2,0.0007,26,0.6056115540845495,0.5281586237397153,1.2224240857901605,556.6792537987062,0.2644691359892022,2.0483054220573242,0.03019328187657336,0.001225,0.0,0.001225,24.647577042100703,0.04057193931443617
2,0.0007,27,0.5458691191000988,0.46399872068145526,1.4526840609326113,562.4653796458159,0.2463176430319436,1.9965683886144046,0.03174112258224192,0.001225,0.0,0.001225,25.911120475299526,0.038593468042158845
2,0.0007,28,0.567965173009082,0.48401893355680414,1.397527422180963,555.469714028372,0.2519318091799505,2.0037280396030677,0.030990682785067617,0.001225,0.0,0.001225,25.298516559238873,0.03952800938578376
2,0.0007,29,0.6095411728957764,0.5382022027030523,1.1935609769257216,562.1668185961714,0.25943139466107823,2.029257339823854,0.03050081572720951,0.001225,0.0,0.001225,24.898625083436333,0.040162860264330184
2,0.001,0,0.4849149338374291,0.40318612408511945,1.682869750392108,559.578449905482,0.24544832939864136,1.9779714094987961,0.03173718888291534,0.00175,0.0,0.00175,18.13553650452305,0.05514035935747461
2,0.001,1,0.5045210727969348,0.4231029244055214,1.588479082845761,567.0689655172414,0.2553093836759217,2.006882251781337,0.03497917398563036,0.00175,0.0,0.00175,19.988099420360204,0.050029769162614014
2,0.001,2,0.4766467969516336,0.39437533557403365,1.735037400404245,558.398324907568,0.2408851979416795,1.9551340259001733,0.030024677656093218,0.00175,0.0,0.00175,17.156958660624696,0.05828538844095982
2,0.001,3,0.5277735619972682,0.43503674516094937,1.59991334892596,561.57064804978,0.23482995040831156,1.92899584240547,0.031027651349653344,0.00175,0.0,0.00175,17.730086485516196,0.05640130412318662
2,0.001,4,0.47913790458659306,0.39220247964344973,1.720857598306993,567.5899677864703,0.24613311525899917,1.9856715933066984,0.03143628879484199,0.00175,0.0,0.00175,17.963593597052565,0.055668148725212654
2,0.001,5,0.4583018011200242,0.38063506036034295,1.7950568678000671,560.0434387770547,0.2465373862942215,1.981295831571786,0.03196272786856174,0.00175,0.0,0.00175,18.264415924892422,0.05475127176868044
2,0.001,6,0.433806055960138,0.3513226378130174,1.9209206117588848,567.2859333077807,0.21853079227730632,1.876366744394961,0.031808116829509424,0.00175,0.0,0.00175,18.17606675971967,0.05501740355708415
2,0.001,7,0.47199515591886165,0.39511509231985614,1.736814021689794,560.1280653950954,0.25358894796227105,1.9996513264861453,0.03129793746475812,0.00175,0.0,0.00175,17.884535694147495,0.05591422763786025
2,0.001,8,0.4468700083669278,0.3665477281312499,1.8692180052369374,562.8924469460713,0.2564887968474068,2.007278219578208,0.03094627075981373,0.00175,0.0,0.00175,17.683583291322133,0.05654962478621232
2,0.001,9,0.4343068447664327,0.35503274704995325,1.918615925211777,558.4824541544034,0.25630890400498174,2.015362883907586,0.031741921971160277,0.00175,0.0,0.00175,18.138241126377302,0.055132137291182166
2,0.001,10,0.43781774034448745,0.35084894421826257,1.9136295727327732,561.5281129068974,0.22248940585996024,1.8796497580527216,0.03156678121962412,0.00175,0.0,0.00175,18.038160696928067,0.05543802479652495
2,0.001,11,0.4654922595897201,0.38358472607606825,1.7945238188407941,564.3493479752917,0.21548309773788787,1.8523582046354443,0.03202797615722803,0.00175,0.0,0.00175,18.30170066127316,0.05463973094675426
2,0.001,12,0.4683867096677417,0.3905047639911277,1.7415283820305725,555.0538513462836,0.2511708485544659,1.9814217573503088,0.034197474843194915,0.00175,0.0,0.00175,19.54141419611138,0.05117336902868544
2,0.001,13,0.47515409786165436,0.4047891979224315,1.6963874803032681,563.1489993151206,0.25331350645865314,2.0003569531427647,0.0325589877829136,0.00175,0.0,0.00175,18.605135875950626,0.053748599669869654
2,0.001,14,0.490642118076689,0.40585872654994914,1.6662879653103324,563.0206938527084,0.24124570449930616,1.9486933686702839,0.029845050331418203,0.00175,0.0,0.00175,17.054314475096117,0.05863618859968068
2,0.001,15,0.5071956141018807,0.4327399345534688,1.586727179057506,563.4914337927358,0.2553906199755147,2.011216619555012,0.03216673233472441,0.00175,0.0,0.00175,18.380989905556806,0.05440403401220994
2,0.001,16,0.46333638863428045,0.38115418023124975,1.7929172704313656,565.2529789184234,0.2506416196702048,1.987049526374693,0.0316418860152146,0.00175,0.0,0.00175,18.08107772297977,0.05530643777550221
2,0.001,17,0.4739792439966669,0.3885014941313002,1.7325757800609078,560.5939701537762,0.23081350859138183,1.9241508246582955,0.03014548428077888,0.00175,0.0,0.00175,17.22599101758793,0.05805181246054226
2,0.001,18,0.49739263803680983,0.4149681994487139,1.6352480193402237,567.5030674846626,0.2800598407338839,2.12726202215461,0.029140784329616823,0.00175,0.0,0.00175,16.65187675978104,0.06005329095488389
2,0.001,19,0.482363581549593,0.4061162315568932,1.6813526266526753,557.7681640036177,0.25287445122376084,2.006433805290599,0.03133592915326787,0.00175,0.0,0.00175,17.90624523043878,0.05584643721398959
2,0.001,20,0.6902402402402402,0.5652547295951197,1.2136684946456378,555.5945945945946,0.2692077393294312,2.062351874552111,0.03282680192512044,0.00175,0.0,0.00175,18.75817252864025,0.05331009715755548
2,0.001,21,0.4844877898940255,0.44045271518906315,1.515547005965376,568.2861311626478,0.27226477608201094,2.0908757891393246,0.03194583187956858,0.00175,0.0,0.00175,18.254761074039187,0.054780229439548196
2,0.001,22,0.522530065458974,0.43789390447549836,1.54168873791611,563.2773633734206,0.28427272822591476,2.1223428040369194,0.03170330402154015,0.00175,0.0,0.00175,18.116173726594372,0.055199294017147196
2,0.001,23,0.5316261596258529,0.4490018359357865,1.5226245388577417,567.3727670014567,0.2941331635520328,2.176750217225398,0.03244677021314139,0.00175,0.0,0.00175,18.54101155036651,0.05393448988926564
2,0.001,24,0.4599547511312217,0.38085355774373014,1.8030665637642513,558.10407239819,0.24967648793244734,1.9976408032241884,0.029885734287084097,0.00175,0.0,0.00175,17.07756244976234,0.05855636616418384
2,0.001,25,0.42123812442537545,0.34223553284090363,1.9701345267070831,566.9822249463683,0.22985100906225853,1.8991429177467214,0.030400985886146273,0.00175,0.0,0.00175,17.371991934940727,0.05756392264888603
2,0.001,26,0.4393327747734024,0.3607464443989125,1.8906641591594706,563.6628075253257,0.24168542100233026,1.9525710812828094,0.030247352949350586,0.00175,0.0,0.00175,17.28420168534319,0.05785630243183223
2,0.001,27,0.4421701415309694,0.3670458981536551,1.8249109140419242,563.1062243189773,0.2515262861852534,2.006042679397167,0.02930198168687041,0.00175,0.0,0.00175,16.74398953535452,0.05972292313540478
2,0.001,28,0.5341824599094606,0.4320200879867503,1.5999605322360206,567.8073352259648,0.2457619410706684,1.9886279216980436,0.031979435297428895,0.00175,0.0,0.00175,18.273963027102226,0.054722667355564525
2,0.001,29,0.5151538285365295,0.43247264035317307,1.558618852519807,564.9514466753187,0.27072473816224374,2.0737464685763856,0.031213391039048105,0.00175,0.0,0.00175,17.83622345088463,0.05606568020151163
2,0.0018,0,0.3319592265027732,0.25436125333971904,2.390303946552411,554.6801079298456,0.27797751934849657,2.1033901938674537,0.029051607169716265,0.00315,0.0,0.00315,9.22273243483056,0.10842773625562432
2,0.0018,1,0.34668192219679633,0.2701847458700112,2.3528468938579477,564.4782608695652,0.2482945385563653,1.9700990776384026,0.03151811910281797,0.00315,0.0,0.00315,10.005752096132687,0.09994251210626225
2,0.0018,2,0.35186021991263744,0.27024183975833693,2.3089924927234295,557.3488477180298,0.23905515522346832,1.9494924438981651,0.031162736731084287,0.00315,0.0,0.00315,9.892932295582312,0.10108226460283669
2,0.0018,3,0.42619353862449877,0.34207122118506955,1.9923380915698408,559.9165468714534,0.285784185572993,2.1308989664644096,0.030254651275380837,0.00315,0.0,0.00315,9.604651198533599,0.1041162223728308
2,0.0018,4,0.40093521381702996,0.3164851315195443,2.043229837040507,558.1460894486763,0.24122175833326764,1.9615135462129327,0.031413629633937144,0.00315,0.0,0.00315,9.972580836170522,0.10027494551590926
2,0.0018,5,0.3513741100819107,0.27971075030534326,2.2510918075816297,566.5056265788869,0.26190209822379984,2.030440522376809,0.02920352286310408,0.00315,0.0,0.00315,9.27095963908066,0.10786369900529126
2,0.0018,6,0.31521739130434784,0.2440997659815592,2.5373579005537055,562.508057160231,0.2346005413273815,1.9305813172966317,0.03362734749589056,0.00315,0.0,0.00315,10.675348411393829,0.09367375765766082
2,0.0018,7,0.3626199289869306,0.2851371844429297,2.216706547612939,559.0720707108861,0.2500909591035452,2.000190463309914,0.032006725595438046,0.00315,0.0,0.00315,10.16086526839303,0.09841681525988316
2,0.0018,8,0.3501857045402865,0.27335648360281445,2.3097988697717753,560.9332979610399,0.2400431717687752,1.9384812388563228,0.030877287978133057,0.00315,0.0,0.00315,9.802313643851765,0.1020167315934869
2,0.0018,9,0.43852583586626137,0.3674512977182507,1.932175944175939,562.3373860182371,0.3013741913018748,2.177930556250381,0.03290493920056614,0.00315,0.0,0.00315,10.446012444624172,0.09573030908216366
2,0.0018,10,0.33484093522422387,0.2585814045367594,2.383728672514595,567.2859333077807,0.24026376398978755,1.9464268121864794,0.03158151819034375,0.00315,0.0,0.00315,10.025878790585317,0.0997418800772894
2,0.0018,11,0.3728993186979561,0.2765473400958809,2.27328341062637,560.2127176381529,0.23524130223086104,1.9292978504705198,0.027645083559934724,0.00315,0.0,0.00315,8.776217003153882,0.113944311044341
2,0.0018,12,0.36556693211983315,0.27740019562357177,2.2869353887585824,561.2730375426621,0.2364454752241727,1.9506542664129305,0.0337493074986843,0.00315,0.0,0.00315,10.71406587259819,0.09333524843799539
2,0.0018,13,0.3991370827340852,0.3223539501986518,2.080009133695735,560.1703883127697,0.2666522712097503,2.084672392501452,0.030493511648861563,0.00315,0.0,0.00315,9.680479888527481,0.10330066396657865
2,0.0018,14,0.35977062853738456,0.2873287974851023,2.2029142454026385,551.1340482573727,0.2503698343934957,1.9905606978484314,0.031782798356519024,0.00315,0.0,0.00315,10.089777256037785,0.09911021567910172
2,0.0018,15,0.35399046593879746,0.27532523942854137,2.286466967211449,568.9840073812087,0.2704557189717889,2.0826703890587606,0.030667182043900478,0.00315,0.0,0.00315,9.735613347269993,0.10271566508754319
2,0.0018,16,0.3405769377917209,0.2645664772168562,2.387074677587761,566.2460019894406,0.2422992064675782,1.9731656129043325,0.02968074490249587,0.00315,0.0,0.00315,9.42245869920504,0.10612941185768941
2,0.0018,17,0.37863431234741435,0.29971291722644877,2.1613713171280957,547.5117999556114,0.3056588097824715,2.2027223803939444,0.030888512861263588,0.00315,0.0,0.00315,9.805877098813838,0.10197965872129526
2,0.0018,18,0.33298240336892765,0.2713813553934978,2.3728640115274398,556.512107083772,0.26295341295190156,2.0563413983811976,0.030682454405963445,0.00315,0.0,0.00315,9.74046171617887,0.10266453779485665
2,0.0018,19,0.3722522248421693,0.29628694799138855,2.1694223595239484,562.8924469460713,0.2628529649809934,2.021477890902937,0.03160470805368039,0.00315,0.0,0.00315,10.033240651962029,0.09966869476059534
2,0.0018,20,0.37494263423588803,0.2973178286796311,2.177872762883567,566.0298301973382,0.29111025983002037,2.150394938540935,0.029107429481270528,0.00315,0.0,0.00315,9.240453803577946,0.10821979323275178
2,0.0018,21,0.38911877394636013,0.3091188591060614,2.087465676069177,567.0689655172414,0.24240323042613454,1.9700994645386405,0.030238090811329145,0.00315,0.0,0.00315,9.599393908358458,0.10417324359710588
2,0.0018,22,0.3118312678007852,0.24109535871636842,2.489845546121594,569.6398275729351,0.20868993681506254,1.8307057748367441,0.027548466131050393,0.00315,0.0,0.00315,8.74554480350806,0.11434393425082844
2,0.0018,23,0.32772417919377755,0.25723534698813105,2.413348614506061,553.4792461296836,0.2509623229561839,1.9748379643750629,0.03265094962129325,0.00315,0.0,0.00315,10.365380832156587,0.09647498882990324
2,0.0018,24,0.35012633029630197,0.2705511810708409,2.3650026022205184,566.5922211163005,0.2604108535742853,2.0509161188032152,0.03191288761062458,0.00315,0.0,0.00315,10.13107543194431,0.09870620416534441
2,0.0018,25,0.40886887498091895,0.3191681730531753,2.1201413882487308,564.8223172034803,0.300573592830915,2.2055665351751204,0.03295742580590501,0.00315,0.0,0.00315,10.462674859017463,0.0955778530323085
2,0.0018,26,0.42482863670982485,0.33831988292016585,2.096079703699273,563.6199543031227,0.23491365122026764,1.9239362528908326,0.032534286457723736,0.00315,0.0,0.00315,10.328344907213884,0.09682093394281836
2,0.0018,27,0.33752860411899316,0.27533251411567045,2.2647940882776525,564.4782608695652,0.2712273379438557,2.081871781091023,0.030947158211482296,0.00315,0.0,0.00315,9.82449467031184,0.10178640566846162
2,0.0018,28,0.3551871006997262,0.2742733023892195,2.2942255704780044,562.849710982659,0.24384328839369118,1.9652797599633636,0.03235718905384397,0.00315,0.0,0.00315,10.272123509156817,0.09735085438844034
2,0.0018,29,0.3678724708767627,0.29390324165229054,2.1620428471544595,567.1557326793378,0.24226842235657386,1.9716578903883544,0.03230189543421014,0.00315,0.0,0.00315,10.25456997911433,0.0975174972755287
2,0.0037,0,0.2032020638895212,0.14514701940912703,3.2392506512396744,561.5281129068974,0.21764885500306264,1.8605151972559213,0.02892820570613691,0.006475000000000001,0.0,0.006475000000000001,4.467676556932341,0.22382999021008676
2,0.0037,1,0.22878625134264233,0.16914754195039947,3.0117340197552602,567.7638483965014,0.2685893638408743,2.076115957012375,0.03237115705968573,0.006475000000000001,0.0,0.006475000000000001,4.99940649570436,0.20002374299013895
2,0.0037,2,0.22423504338559902,0.1640481491355262,3.095485423445101,563.2773633734206,0.26304500130936503,2.0628804802695457,0.0322148892410088,0.006475000000000001,0.0,0.006475000000000001,4.975272469653868,0.20099401713160253
2,0.0037,3,0.21749497056851202,0.16410225574626539,3.0567418410210827,551.4209820430668,0.238708738819696,1.948747244766069,0.029946354192342914,0.006475000000000001,0.0,0.006475000000000001,4.624919566385006,0.21621997650904748
2,0.0037,4,0.23920215956808638,0.17403036596556684,2.9433017326726643,554.9292141571685,0.24204695763182826,1.952692534597749,0.029778774511120425,0.006475000000000001,0.0,0.006475000000000001,4.599038534535972,0.21743675172334617
2,0.0037,5,0.22668294916806594,0.16299052115951287,3.0905865349778177,564.8223172034803,0.23400495946407318,1.9328175623365857,0.03309456055250204,0.006475000000000001,0.0,0.006475000000000001,5.111129042857457,0.19565148749226927
2,0.0037,6,0.22691034897713597,0.16960360457474424,2.968392730807732,556.5956678700361,0.27804367765202187,2.0794718739572,0.030615010085051967,0.006475000000000001,0.0,0.006475000000000001,4.728186885722311,0.21149756220924693
2,0.0037,7,0.2565617805065234,0.18132724273753598,2.9597168389830824,567.9378357636224,0.2454097207810264,1.9748729645428187,0.03092310423075963,0.006475000000000001,0.0,0.006475000000000001,4.77576899316751,0.20939036235434702
2,0.0037,8,0.26139420490354315,0.2014128991829162,2.7235557310433873,568.765736684344,0.2413447348808404,1.9649311324105365,0.031085314978420635,0.006475000000000001,0.0,0.006475000000000001,4.800820846088128,0.20829771242449796
2,0.0037,9,0.25728974831184775,0.19070236391065848,2.8720077985064605,567.8508287292817,0.27312896627699956,2.0918606286897,0.03214086848047241,0.006475000000000001,0.0,0.006475000000000001,4.96384069196485,0.20145690848192135
2,0.0037,10,0.2220848466115447,0.16135840677811453,3.10468092262193,571.8368750482961,0.26398632576456293,2.044149284890154,0.028757482335561874,0.006475000000000001,0.0,0.006475000000000001,4.4413100132141885,0.22515879256901888
2,0.0037,11,0.23839743099625355,0.17727513145622129,2.925631373584471,565.8138236868263,0.2601116063306108,2.0422875639713762,0.0293254941993913,0.006475000000000001,0.0,0.006475000000000001,4.529033853187845,0.22079764303288027
2,0.0037,12,0.27204106280193235,0.21145172587094482,2.719125432793925,558.6086956521739,0.2660268552717753,2.055095092262785,0.03205473881719303,0.006475000000000001,0.0,0.006475000000000001,4.950538813466104,0.2019982142711155
2,0.0037,13,0.21702159680939123,0.15929652381251672,3.083023954719097,556.8883286929039,0.2558882623561658,2.012048406719992,0.029122340789239913,0.006475000000000001,0.0,0.006475000000000001,4.497658809149021,0.22233789676660798
2,0.0037,14,0.22842261904761904,0.16678401648301677,3.036311229206279,550.6428571428571,0.2584372179408092,2.0177512751796414,0.03222645954022072,0.006475000000000001,0.0,0.006475000000000001,4.977059388451076,0.20092185404104906
2,0.0037,15,0.28972249980782533,0.21639639336900335,2.696083444158668,568.8530248289645,0.272561986988876,2.0890333766287124,0.03175884095673203,0.006475000000000001,0.0,0.006475000000000001,4.9048403021979965,0.2038802363354974
2,0.0037,16,0.21150489489261592,0.153292205360083,3.1595475149056433,561.6131896486302,0.2623513496364467,2.035085549545994,0.030308896159036158,0.006475000000000001,0.0,0.006475000000000001,4.680910603712148,0.21363364624117376
2,0.0037,17,0.26282099555689437,0.19767935741309986,2.8104641553802274,557.3069508246103,0.2733388135675341,2.0732399983730074,0.03002210466691716,0.006475000000000001,0.0,0.006475000000000001,4.636618481377167,0.21567441962638692
2,0.0037,18,0.21645287656502035,0.1638373945749327,3.1242713913147915,568.4168522928028,0.2733943077328149,2.081308081207116,0.033479782979719125,0.006475000000000001,0.0,0.006475000000000001,5.170622854010675,0.19340029784309917
2,0.0037,19,0.23800181104738907,0.17891468160469645,2.9563917910296826,558.4403863567763,0.2320211167098023,1.936049202120517,0.02968785066092114,0.006475000000000001,0.0,0.006475000000000001,4.584996241068901,0.21810268698647173
2,0.0037,20,0.25672352850776087,0.1797772617578992,2.9625102100824554,568.6348547717843,0.22676689067156985,1.9179419334663903,0.030039032973200434,0.006475000000000001,0.0,0.006475000000000001,4.6392328916139665,0.2155528776767456
2,0.0037,21,0.24557322929171668,0.18401716869950938,2.9221123182282636,555.2617046818727,0.26180067379027605,2.0328257653482806,0.032778418308213764,0.006475000000000001,0.0,0.006475000000000001,5.062303985824519,0.19753851266146866
2,0.0037,22,0.27487210811636253,0.19212449521958566,2.835797954273347,565.037565854776,0.30052112083649263,2.1916262613894686,0.0312629682376782,0.006475000000000001,0.0,0.006475000000000001,4.8282576428846635,0.20711405106429773
2,0.0037,23,0.25833460191810015,0.1966654247806281,2.8198605974948183,563.2773633734206,0.26442825130652636,2.049819961484024,0.03131001852371733,0.006475000000000001,0.0,0.006475000000000001,4.835524096327,0.20680281600904166
2,0.0037,24,0.229850064692899,0.17545674425082033,3.0707428867214985,563.2345688408554,0.2288853301142808,1.9183467608282077,0.031869408465047745,0.006475000000000001,0.0,0.006475000000000001,4.921916365258339,0.20317289563442484
2,0.0037,25,0.3122394282310899,0.2454658358066949,2.5616727860868624,550.9702203692674,0.32641415478428826,2.294279295459031,0.030651566831388973,0.006475000000000001,0.0,0.006475000000000001,4.7338327152724275,0.2112453185710959
2,0.0037,26,0.2316923076923077,0.177351114126726,3.0388377472345516,569.2461538461539,0.25020675724954344,1.99981994637844,0.030577877130310998,0.006475000000000001,0.0,0.006475000000000001,4.722452066457296,0.21175439918232628
2,0.0037,27,0.24214971209213051,0.16749830735415672,3.0536263469587666,568.1554702495201,0.26824892646982335,2.048109723489489,0.0309518713437035,0.006475000000000001,0.0,0.006475000000000001,4.780211790533358,0.20919575194981554
2,0.0037,28,0.22112815815586598,0.15357542204029925,3.134374963382126,564.865353789787,0.2685260392318014,2.0652890604355543,0.029547805102621803,0.006475000000000001,0.0,0.006475000000000001,4.563367583416494,0.2191364122482813
2,0.0037,29,0.20447571289574135,0.15077835007130283,3.201221706541836,553.8927475488362,0.2672506565868389,2.054289506419927,0.030081775870974093,0.006475000000000001,0.0,0.006475000000000001,4.64583411134735,0.2152466007250499
2,0.008,0,0.1456216377764495,0.10524776945069667,3.6709366243275072,552.9426180514047,0.2958054586779326,2.185867010194598,0.03252246266017394,0.014,0.0,0.014,2.323033047155281,0.430471706472093
2,0.008,1,0.141138610068194,0.10543397200973184,3.625370817483399,567.025591908666,0.3224218572722748,2.2832014490884447,0.03369293897827834,0.014,0.0,0.014,2.406638498448453,0.4155173286909084
2,0.008,2,0.12544007347313638,0.09659069031628131,3.7715930058377665,566.3757844787999,0.2665421517158393,2.0667322544749545,0.03160005136314872,0.014,0.0,0.014,2.2571465259391945,0.44303725456365833
2,0.008,3,0.27417519908987487,0.21130620893223687,3.1523882173688955,561.2730375426621,0.2581286139902659,2.0088177443488764,0.032902750645570585,0.014,0.0,0.014,2.3501964746836133,0.4254963407408827
2,0.008,4,0.15804834243807528,0.1118746086943363,3.619773018699777,553.8099977549952,0.2642355472780764,2.0437236503784484,0.031875272051390416,0.014,0.0,0.014,2.2768051465278867,0.4392119376245234
2,0.008,5,0.19558214450069028,0.14654585443158782,3.2716606293198667,567.5899677864703,0.2640166235505603,2.053477887790558,0.030797013239658583,0.014,0.0,0.014,2.199786659975613,0.45458953733771895
2,0.008,6,0.17029868942395612,0.12240780942125021,3.5000214060501995,563.8771715940262,0.2641874371620361,2.0427297339292103,0.02899243499339917,0.014,0.0,0.014,2.0708882138142264,0.48288458707202203
2,0.008,7,0.14921133288480226,0.11138097714863816,3.643109720708142,553.2314420273603,0.2748233875609003,2.0913413097871825,0.031130361144923038,0.014,0.0,0.014,2.2235972246373596,0.4497217341882081
2,0.008,8,0.14920464973998165,0.10504285940021467,3.66849122523365,565.9434077699602,0.2871348077314906,2.1402697072342716,0.02961280783016142,0.014,0.0,0.014,2.1152005592972443,0.4727684075179333
2,0.008,9,0.1657147151660905,0.11162288169463874,3.584020568141381,556.1781151360289,0.25152862290269695,1.9806612288795327,0.03225514540069859,0.014,0.0,0.014,2.3039389571927567,0.4340392773333083
2,0.008,10,0.16695652173913045,0.11699889832003237,3.5368234209463143,559.578449905482,0.26826061014435254,2.071693679538353,0.029675644528203454,0.014,0.0,0.014,2.1196888948716754,0.4717673439811739
2,0.008,11,0.13944101743964663,0.10090971649478589,3.6754119142006383,563.5771076079507,0.2571505652740598,2.031495913777275,0.030996343696760846,0.014,0.0,0.014,2.2140245497686317,0.4516661751128736
2,0.008,12,0.12065965655495878,0.09575750928549309,3.644506023440846,559.831984265073,0.31938143327715807,2.2497933096726284,0.028518651056851328,0.014,0.0,0.014,2.0370465040608092,0.4909068094452047
2,0.008,13,0.1581244825769549,0.11448296764451034,3.516186340430464,556.9720027094152,0.2946958654501941,2.1598918441265766,0.033062220958102656,0.014,0.0,0.014,2.3615872112930467,0.42344402748203697
2,0.008,14,0.1498717755317544,0.10417063929582705,3.6357412036359835,558.188112837532,0.2687184241367504,2.0796094073365166,0.03197533468790343,0.014,0.0,0.014,2.2839524777073876,0.43783748119128624
2,0.008,15,0.14787274817937907,0.10362784516822174,3.696929119882932,567.2859333077807,0.2895135366707109,2.1489898964361154,0.03212941632914159,0.014,0.0,0.014,2.2949583092243993,0.4357377630698479
2,0.008,16,0.1803002450980392,0.12530374649909792,3.444597282735837,566.8088235294117,0.3012670229363721,2.196973028528571,0.03316824465284097,0.014,0.0,0.014,2.3691603323457833,0.4220904707660149
2,0.008,17,0.16120945073311554,0.1207240337177482,3.494756612549944,562.2094507331155,0.24591764609795064,1.9823680429801382,0.030332557471447974,0.014,0.0,0.014,2.1666112479605695,0.461550267008583
2,0.008,18,0.14323850202120356,0.10166575433557211,3.676510567003943,564.4352833498589,0.2805587194743566,2.1067056211033055,0.031047361225629004,0.014,0.0,0.014,2.2176686589735004,0.45092398990878707
2,0.008,19,0.13951019789218289,0.09748706347928583,3.7207163907624095,561.1031162332247,0.2667717461299617,2.0590679154586025,0.028751454306989645,0.014,0.0,0.014,2.0536753076421173,0.4869318904886324
2,0.008,20,0.16232923757918033,0.119059323605657,3.4724696458548383,564.7792871861406,0.32283478672616184,2.3011101137018493,0.030384057845343326,0.014,0.0,0.014,2.170289846095952,0.46076794848340663
2,0.008,21,0.18396155578915754,0.11942970658085486,3.509815111620825,555.6778795614957,0.2863449548603967,2.1322094064648835,0.033471786052015735,0.014,0.0,0.014,2.390841860858267,0.41826271171319507
2,0.008,22,0.1524800979791794,0.10818599343409803,3.6545821214240384,566.4623392529088,0.276105211552931,2.1112316165750515,0.0319107438729273,0.014,0.0,0.014,2.2793388480662355,0.4387237118554744
2,0.008,23,0.14474589224302636,0.10202246396024069,3.703859097300409,565.5548337791364,0.2581284487969242,2.014236599989237,0.030970617679117025,0.014,0.0,0.014,2.2121869770797873,0.45204135561816605
2,0.008,24,0.36226500909642206,0.3149339352408882,2.6871452462077663,560.9757428744693,0.25161609807400964,2.019456313284664,0.0347809533716271,0.014,0.0,0.014,2.4843538122590787,0.40251915611435296
2,0.008,25,0.17813118246842186,0.1375085692337616,3.2866085147344437,563.1062243189773,0.2771996500669047,2.103893991284278,0.03145731480628991,0.014,0.0,0.014,2.2469510575921365,0.4450475218946752
2,0.008,26,0.148005148005148,0.10486076594192684,3.6894733702234364,560.2550533727004,0.2616809946775902,2.049089872468951,0.029002976762848784,0.014,0.0,0.014,2.0716411973463416,0.48270907205405306
2,0.008,27,0.16392700950082945,0.12246660537401183,3.446304387899757,558.0200573065903,0.2954624130798038,2.1771480553568088,0.030323795550587004,0.014,0.0,0.014,2.1659853964705,0.46168362982941263
2,0.008,28,0.14577946768060837,0.10469511565312922,3.6291557631313323,562.7642585551331,0.2836160350125283,2.1495334295647357,0.03129365301427664,0.014,0.0,0.014,2.2352609295911887,0.44737506335910954
2,0.008,29,0.19963187360993942,0.12496032713800292,3.5209273759077555,567.5465143032441,0.25821979448664933,2.036522700028078,0.03227444632741739,0.014,0.0,0.014,2.305317594815528,0.4337797109816534
2,0.019,0,0.10206896551724139,0.07321320851116075,3.9983319600356753,567.0689655172414,0.29489067976828665,2.180111099529908,0.03115218909842731,0.03325,0.0,0.03325,0.9369079428098439,1.0673407218653086
2,0.019,1,0.10849485160508783,0.07805530577084166,3.9527077179687304,560.2973955178679,0.3412264391372446,2.3590431364574913,0.031054606228476955,0.03325,0.0,0.03325,0.9339731196534422,1.070694625955678
2,0.019,2,0.13476309985550233,0.08350000501580863,3.9932882435016124,562.8069815195072,0.2822747257887386,2.1148904026849307,0.03189499650623578,0.03325,0.0,0.03325,0.9592480152251361,1.0424832620219697
2,0.019,3,0.09179954441913439,0.06930204454850723,4.030407264898112,561.9111617312072,0.3398001901223324,2.344375282414962,0.03023047154432528,0.03325,0.0,0.03325,0.909187114115046,1.099883604238437
2,0.019,4,0.12678396133806538,0.08184820903680255,3.9884110839018443,558.8192252510761,0.31641519293771125,2.27173058878806,0.03110160985921253,0.03325,0.0,0.03325,0.9353867626830835,1.0690764931626555
2,0.019,5,0.09861229552678502,0.07597576777718826,4.006676562097516,573.6955577951779,0.2984543659258634,2.1795060042882666,0.03382801128142956,0.03325,0.0,0.03325,1.017383797937731,0.9829132349335928
2,0.019,6,0.10207033033947328,0.0718692602578436,4.031103440993115,563.2773633734206,0.32942432339768857,2.3224077302194246,0.0320299993432747,0.03325,0.0,0.03325,0.9633082509255547,1.038089312573822
2,0.019,7,0.11887477313974591,0.07651076524511065,3.97844924214047,559.6206896551724,0.35808242188068107,2.415988719467995,0.0301496140006907,0.03325,0.0,0.03325,0.9067553082914496,1.1028333563155495
2,0.019,8,0.12465898757199151,0.07801370628635708,3.9911524714712496,560.806001818733,0.3439503613044508,2.3826535265306177,0.03174343212596068,0.03325,0.0,0.03325,0.9546896879988175,1.047460774501671
2,0.019,9,0.09615384615384616,0.07071592457802554,4.048928315782229,560.2973955178679,0.31685530158574693,2.2486334253937104,0.03236637045324508,0.03325,0.0,0.03325,0.9734246752855662,1.027300853768308
2,0.019,10,0.10589118198874296,0.0750476639399881,4.010363632891384,555.3864915572233,0.3396053467004094,2.36807659500436,0.030796688966709684,0.03325,0.0,0.03325,0.9262162095251032,1.079661519325739
2,0.019,11,0.11519903498190591,0.07489520689194219,4.020659350353216,557.9360675512665,0.3111523690749891,2.2239188951628392,0.0321443676271672,0.03325,0.0,0.03325,0.9667478985614195,1.0343958352410816
2,0.019,12,0.10922051046217521,0.07511285571032537,4.00527463887823,567.1991262359163,0.35408462496707216,2.40969788177978,0.030682045186584184,0.03325,0.0,0.03325,0.9227682762882461,1.0836956857927666
2,0.019,13,0.12241340104600924,0.07923148253580284,3.9917928817051678,560.9332979610399,0.3219246948719956,2.2858810396779607,0.030796737053013317,0.03325,0.0,0.03325,0.9262176557297238,1.0796598335324827
2,0.019,14,0.11335663273058806,0.07843115213877017,3.9744348110619785,562.2520893481234,0.2950279947835952,2.1592936378885907,0.03380498281265618,0.03325,0.0,0.03325,1.0166912124107121,0.9835828103882839
2,0.019,15,0.11475285171102662,0.06981539861028155,4.055869171741387,562.7642585551331,0.2815496400289703,2.1273967071766586,0.031453662701386526,0.03325,0.0,0.03325,0.9459748180868127,1.0571105920371648
2,0.019,16,0.11438157694067409,0.07627687627399321,3.9532942096432158,564.3063901174318,0.3746843246917706,2.48771870636664,0.03210480010242229,0.03325,0.0,0.03325,0.9655578978172117,1.0356706752237748
2,0.019,17,0.1226881802268057,0.08524164639006218,3.8953002160369365,563.2345688408554,0.3272250201262068,2.310922217978904,0.03007693143984303,0.03325,0.0,0.03325,0.9045693666118204,1.10549841384263
2,0.019,18,0.13279830405814658,0.09140710522405099,3.7716741482447125,560.2973955178679,0.3556140999717172,2.404950672628365,0.03146134759364324,0.03325,0.0,0.03325,0.946205942665962,1.0568523773825302
2,0.019,19,0.13804222648752398,0.08259377366601982,3.872933070398104,568.1554702495201,0.3083619888348039,2.2125869083717644,0.03267858366347111,0.03325,0.0,0.03325,0.9828145462698077,1.0174859578497473
2,0.019,20,0.10480482774425177,0.0760275893489736,3.9773643646554846,565.2960812772134,0.3178228640172165,2.2588329109612775,0.030302699893225524,0.03325,0.0,0.03325,0.9113593952849781,1.0972619640216739
2,0.019,21,0.1220775264640926,0.07562616912200677,4.0255762658776835,563.5771076079507,0.30865410654223524,2.209331891111176,0.0297154088859709,0.03325,0.0,0.03325,0.8936965078487488,1.118948089443852
2,0.019,22,0.11356609607118619,0.08111105945571676,3.9102781561310236,558.0620616846392,0.34246704340330325,2.3687126272948804,0.029234096539842654,0.03325,0.0,0.03325,0.8792209485666963,1.1373705342555787
2,0.019,23,0.10681079446670194,0.07623781443503727,3.9738618711820357,559.4095547660443,0.29165321291657165,2.1663485881334172,0.029691529161992632,0.03325,0.0,0.03325,0.8929783206614325,1.119848015189547
2,0.019,24,0.1160006101281269,0.08185125563954511,3.9780843855470893,564.392312385601,0.28334149211877957,2.1280580618416343,0.03183083758875862,0.03325,0.0,0.03325,0.9573184237220637,1.0445845135957896
2,0.019,25,0.11139316111691802,0.07738042350456076,3.9847649947600696,552.5305360609228,0.2998529004107695,2.1878223066205895,0.030760168820924725,0.03325,0.0,0.03325,0.9251178592759315,1.080943352215335
2,0.019,26,0.12876419913089884,0.09204003502866513,3.9318875958463972,564.1775558435618,0.3540152285422664,2.388996233268707,0.031393619774554134,0.03325,0.0,0.03325,0.9441690157760642,1.0591324045706427
2,0.019,27,0.10087450138079165,0.07277025681285236,4.027650309534443,567.6768947529918,0.29939244358683936,2.1911219929977053,0.03248568172913676,0.03325,0.0,0.03325,0.9770129843349401,1.0235278507385521
2,0.019,28,0.10136924124366442,0.07074429786674845,4.057312005793947,559.831984265073,0.31207178212935105,2.2635488399384514,0.0306069654701351,0.03325,0.0,0.03325,0.9205102397033113,1.0863540207030278
2,0.019,29,0.11369119420989143,0.07951123811852431,3.9517972325210713,557.9360675512665,0.2988179103122093,2.2027202328977347,0.03152123706534189,0.03325,0.0,0.03325,0.9480071297847185,1.0548443873276443
2,0.06,0,0.07296202918481168,0.05673730149930889,4.21251531169656,565.3823057529223,0.4316915684612468,2.7094018160607214,0.029160218630608307,0.105,0.0,0.105,0.2777163679105553,3.6007960478659005
2,0.06,1,0.09017930827518944,0.05499304063961315,4.246854006380903,555.2201215395004,0.44383444520644844,2.7653413527196316,0.02907505730715738,0.105,0.0,0.105,0.27690530768721316,3.6113428390097186
2,0.06,2,0.0801065043742868,0.055630819832012006,4.243800645415469,562.977938379612,0.47819134348537773,2.8827686537234722,0.03140683679706159,0.105,0.0,0.105,0.2991127314005866,3.343221117060211
2,0.06,3,0.06299749829429156,0.05418936697120312,4.262461841139295,561.018194223334,0.45107418473344296,2.8013359814032333,0.0296275602106852,0.105,0.0,0.105,0.2821672401017638,3.543997523026944
2,0.06,4,0.06396555700776504,0.05460223066936482,4.24343017217746,568.9403398170216,0.42488398315617815,2.670026630487158,0.027991195844725907,0.105,0.0,0.105,0.2665828175688182,3.7511794988131624
2,0.06,5,0.07400694759099834,0.054901536142971274,4.243397533239635,558.861350249207,0.4193228529766202,2.6877890124967614,0.030046023085217897,0.105,0.0,0.105,0.28615260081159904,3.494638864590972
2,0.06,6,0.07114654517843584,0.0547469441763708,4.247790607924977,561.9111617312072,0.43499979298212565,2.7394441280993416,0.03169078848296946,0.105,0.0,0.105,0.3018170331711377,3.313265621536261
2,0.06,7,0.06171507820325141,0.05459698396477727,4.229795464161032,570.1655751598737,0.4231746915902477,2.6743553444859622,0.03293133698654595,0.105,0.0,0.105,0.31363178082424714,3.1884523863363823
2,0.06,8,0.024407091871977895,0.052047965128569504,4.2464144231180345,567.9813492977205,0.43153211136814207,2.698749724743949,0.030200273885528674,0.105,0.0,0.105,0.28762165605265405,3.476789660848531
2,0.06,9,0.1858400364243436,0.06122968009489024,4.1863753596057665,561.57064804978,0.49420764049864374,2.9710873374732945,0.032875856649095925,0.105,0.0,0.105,0.3131033966580564,3.1938331256498973
2,0.06,10,0.07930077275114412,0.05542033993402232,4.245942271360086,555.2201215395004,0.48915770184248686,2.946852852216489,0.03110998956599879,0.105,0.0,0.105,0.2962856149142742,3.3751216720033304
2,0.06,11,0.0956794852152597,0.0554977806410931,4.245421374260066,566.8955109544967,0.4246265721740201,2.7026222532432262,0.029328774144012863,0.105,0.0,0.105,0.2793216585144082,3.5801018987162325
2,0.06,12,0.07897916037450921,0.056507371047558735,4.229912675325066,558.7771066143159,0.414842457161285,2.6606241363163106,0.03210640191720019,0.105,0.0,0.105,0.30577525635428754,3.2703758045135825
2,0.06,13,0.05798306622316299,0.05417140382422799,4.242593228149006,559.4517689749017,0.43922637857031077,2.73540333396463,0.02905702835671619,0.105,0.0,0.105,0.2767336033972971,3.6135835609538676
2,0.06,14,0.07471998797263775,0.05668198433183911,4.239175527479051,556.3033150417199,0.4284648798638955,2.6890078434510167,0.030766902931982507,0.105,0.0,0.105,0.2930181231617382,3.412758191233198
2,0.06,15,0.08091428571428572,0.05632007840069337,4.234494834839735,563.8342857142857,0.45000105834333226,2.8161446140800614,0.032763485541484366,0.105,0.0,0.105,0.31203319563318443,3.2047872277524143
2,0.06,16,0.0710644449516853,0.056797475121248754,4.2204239858947075,563.0634558320019,0.4401794228760991,2.7405116544196053,0.03335276483807421,0.105,0.0,0.105,0.3176453794102306,3.14816479262721
2,0.06,17,0.07519939232814281,0.055687456803544096,4.235415421402119,562.1241929358147,0.4223429394478444,2.6601906661978596,0.030807164289814917,0.105,0.0,0.105,0.29340156466490397,3.4082981157312746
2,0.06,18,0.08589939024390245,0.05666225373314756,4.227301547913195,564.0487804878048,0.4561367057613097,2.8190127635532782,0.03116243607883346,0.105,0.0,0.105,0.2967851055126996,3.369441327833783
2,0.06,19,0.07553119603573842,0.054485120149075916,4.256487231085633,555.6362339514978,0.4260410496208351,2.7178386330328994,0.02899770481050196,0.105,0.0,0.105,0.27616861724287584,3.6209762354009705
2,0.06,20,0.0798534239254905,0.0558659321528138,4.2252291216825295,564.9514466753187,0.41556802042759955,2.643520864689388,0.032452581407811126,0.105,0.0,0.105,0.3090722038839155,3.235489919292743
2,0.06,21,0.06465972536592726,0.054984515610240474,4.240975254748763,558.3562698053418,0.42800682070082985,2.735276809232097,0.029959415452624663,0.105,0.0,0.105,0.285327766215473,3.504741277947772
2,0.06,22,0.07158515382870966,0.05401654473198416,4.2541263216730405,559.4095547660443,0.42643068460165523,2.694277729204928,0.02927002025807724,0.105,0.0,0.105,0.2787620976959737,3.587288258573193
2,0.06,23,0.07578740157480315,0.05740199027437748,4.217312308438054,560.2973955178679,0.42339390149572864,2.697439464596198,0.03195213149788347,0.105,0.0,0.105,0.30430601426555687,3.286165744747115
2,0.06,24,0.10892679568576455,0.05840224585446487,4.250824457165532,566.0730513271628,0.4522567614912987,2.80441104488534,0.032165126500244,0.105,0.0,0.105,0.30633453809756195,3.2644050070564306
2,0.06,25,0.06869404137079345,0.05537297513040795,4.233005651103236,571.1759802408151,0.43384432964376174,2.7122652366911804,0.029740770768787315,0.105,0.0,0.105,0.28324543589321255,3.530507020692167
2,0.06,26,0.10321450335161488,0.07337239691565767,3.9676963789254143,563.7056672760511,0.5449592212389689,3.1697012774827367,0.031874192225177865,0.105,0.0,0.105,0.30356373547788446,3.294201128556257
2,0.06,27,0.0765623798908448,0.05789450859106646,4.201619618123928,568.8530248289645,0.49685382781899534,2.996166759230518,0.03262988195388769,0.105,0.0,0.105,0.3107607805132161,3.2179092816941606
2,0.06,28,0.08110796541433928,0.05511458082867052,4.247044052045426,566.2460019894406,0.4340304534707684,2.7331902336435396,0.030463272653165372,0.105,0.0,0.105,0.2901264062206226,3.446773470318189
2,0.06,29,0.06626783248964566,0.054647415956557095,4.247359914891339,567.5899677864703,0.447955934680067,2.7790720480447124,0.02956110527427523,0.105,0.0,0.105,0.2815343359454784,3.5519646178917896
2,0.25,0,0.06316514815098384,0.05036671419584217,4.317370482564263,566.5922211163005,1.0295484634116292,5.063115894460953,0.029069239001391127,0.4375,0.0,0.4375,0.06644397486032258,15.050273589173186
2,0.25,1,0.050676691729323306,0.050327638140613015,4.317235408894141,556.4285714285714,1.0326022032240871,5.133478749345675,0.02980076633756742,0.4375,0.0,0.4375,0.06811603734301125,14.680830521075528
2,0.25,2,0.03974349414659608,0.05026325146963179,4.317780294759735,551.831407053911,1.0696375117404386,5.306457477821059,0.029236452943515255,0.4375,0.0,0.4375,0.0668261781566063,14.964195583002109
2,0.25,3,0.06402970372054255,0.05037613946966059,4.317214405287877,560.7635826324165,1.0558595708571374,5.1718714069530085,0.02981512507287646,0.4375,0.0,0.4375,0.0681488573094319,14.673760345818717
2,0.25,4,0.17338081460048965,0.05162696965377674,4.312108010468526,549.0525261517917,1.1871836159843951,5.766821237969909,0.03160543133724577,0.4375,0.0,0.4375,0.07224098591370462,13.8425574810752
2,0.25,5,0.052603613177470775,0.050327812972635555,4.317534804560043,561.7408531956885,1.054430635238532,5.143245699953362,0.028873639534719192,0.4375,0.0,0.4375,0.06599689036507243,15.152229059101705
2,0.25,6,0.05141817078719854,0.05035759921218833,4.316293887637702,561.2305475504322,1.027367687842343,5.078256433273294,0.0321384425143484,0.4375,0.0,0.4375,0.07345929717565348,13.612980772315755
2,0.25,7,0.053503752693765325,0.05041509607788444,4.315403412711431,549.9485026380322,1.0481144885125104,5.148745375178076,0.03138044414520955,0.4375,0.0,0.4375,0.07172672947476469,13.941803945652167
2,0.25,8,0.07781419099154029,0.05057352949438268,4.317096313065781,564.0058684551483,1.0468672475253697,5.189094047564834,0.030914534119035126,0.4375,0.0,0.4375,0.07066179227208029,14.151919557170892
2,0.25,9,0.05961957747537779,0.0507186642363041,4.313468358890401,556.3868130215774,1.0780870992748532,5.227168753288946,0.03214792857464615,0.4375,0.0,0.4375,0.0734809795991912,13.608963917664035
2,0.25,10,0.05055665700777795,0.050493409112010404,4.314258175914633,564.3063901174318,1.0609494541713502,5.152130959407039,0.03527462992359385,0.4375,0.0,0.4375,0.08062772553964308,12.402681500773818
2,0.25,11,0.06377163680534467,0.050400204375491614,4.316281403192655,561.8259945338597,1.0370202800258994,5.125519376216627,0.031921468944683465,0.4375,0.0,0.4375,0.07296335758784792,13.705509629213534
2,0.25,12,0.048092744951383694,0.05053071059569214,4.314720552834861,553.5205684367988,1.0528815347934142,5.193774264037596,0.03125833616859379,0.4375,0.0,0.4375,0.07144762552821438,13.996266392437409
2,0.25,13,0.0547330641543293,0.050812308315549184,4.309975992824932,553.3553162853298,1.0875070522306487,5.329783904190962,0.03297802925351158,0.4375,0.0,0.4375,0.07537835257945504,13.266408269481838
2,0.25,14,0.06616813958758215,0.05040508235932892,4.31673954920574,558.9877634262407,1.0614257684501354,5.176657319475628,0.0304243099808229,0.4375,0.0,0.4375,0.06954127995616663,14.37994814921902
2,0.25,15,0.04400940890811139,0.05052900204670738,4.313730568603896,561.5281129068974,1.0619963000353891,5.277550002453707,0.031201889331464942,0.4375,0.0,0.4375,0.07131860418620559,14.021586813296322
2,0.25,16,0.04953115547489413,0.051308603286552526,4.3017468795587135,559.6206896551724,1.069603734795237,5.26098383618802,0.03099419785421819,0.4375,0.0,0.4375,0.07084388080964157,14.11554517583548
2,0.25,17,0.06512083113754423,0.0506368962009994,4.313776056210064,557.1394263344124,1.0454233202035539,5.146830055818718,0.030684382629027493,0.4375,0.0,0.4375,0.07013573172349141,14.25806754169869
2,0.25,18,0.055280590877941065,0.050474665796234025,4.3161436237377355,563.4914337927358,1.04533448535949,5.141092477404602,0.03134437757308164,0.4375,0.0,0.4375,0.07164429159561517,13.957846155341185
2,0.25,19,0.0522308512258261,0.05054828572190106,4.314763437910021,563.4486066697121,1.058108976809308,5.1905501009835096,0.03205865538553992,0.4375,0.0,0.4375,0.0732769265955198,13.646860566626719
2,0.25,20,0.03899556868537666,0.05021326485667242,4.317363900132331,546.5834564254062,1.0477361421799287,5.108843851886634,0.028956172152274272,0.4375,0.0,0.4375,0.06618553634805548,15.10904126758474
2,0.25,21,0.06776782957702995,0.05132334898991769,4.3042781973318265,571.1759802408151,1.0667210459359922,5.192245835154409,0.03165185429282848,0.4375,0.0,0.4375,0.0723470955264651,13.822254960244987
2,0.25,22,0.057947778286761335,0.05036399115597844,4.317245368714919,564.9945029775538,1.0780646859493572,5.262164458285224,0.030514775115698153,0.4375,0.0,0.4375,0.06974805740731006,14.337316868343251
2,0.25,23,0.042732424567315054,0.050343747007371424,4.315452703884702,566.7221626589064,1.0715991143661086,5.268876672057328,0.03193484626814832,0.4375,0.0,0.4375,0.07299393432719616,13.699768470041475
2,0.25,24,0.06167300380228137,0.05048649130418634,4.316113555204094,562.7642585551331,1.0381914445315488,5.126849706536008,0.03227371751921787,0.4375,0.0,0.4375,0.0737684971867837,13.555922082402935
2,0.25,25,0.05627474870545233,0.05044966158318387,4.317050627573143,563.5342674383186,1.0642844318645075,5.289280032085385,0.0313333977587588,0.4375,0.0,0.4375,0.07161919487716296,13.962737248235493
2,0.25,26,0.02042533659730722,0.05009385497881399,4.316834008108393,566.1162790697674,1.0694424742541742,5.2961071504764,0.02946057636688461,0.4375,0.0,0.4375,0.06733846026716482,14.850354404192013
2,0.25,27,0.04764827744955114,0.05080441622244222,4.307241683306158,567.8073352259648,1.0377749371982645,5.133517702980994,0.02969254589311053,0.4375,0.0,0.4375,0.06786867632710979,14.734337755170793
2,0.25,28,0.06191623983127448,0.05043347359480166,4.315981866311494,557.4326604398915,1.051604243053589,5.225784937304827,0.031115433094007654,0.4375,0.0,0.4375,0.07112098992916036,14.060546696496269
2,0.25,29,0.04970914859862507,0.050532456146380945,4.313363697337179,559.0720707108861,1.0772543316998053,5.293004960482768,0.03038189800426513,0.4375,0.0,0.4375,0.06944433829546316,14.400022011086405
2,1.0,0,0.03655784564465172,0.04996282436361238,4.3235902022479396,556.6792537987062,3.4738386460230686,14.911242339071219,0.030280951947042303,1.75,0.0,1.75,0.017303401112595602,57.79210650512365
2,1.0,1,0.041901999694703096,0.049975800270218376,4.323476427035154,564.8223172034803,3.5094036629016045,14.972912774104168,0.03308849595911308,1.75,0.0,1.75,0.018907711976636047,52.888472240093556
2,1.0,2,0.040245101747484684,0.049937274124726594,4.323550707039199,559.831984265073,3.4871960589953233,14.60225839332034,0.03100517873154484,1.75,0.0,1.75,0.017717244989454196,56.442183905862805
2,1.0,3,0.048921300516560316,0.049943931123982606,4.323810739572048,562.1668185961714,3.4732224632170983,14.672930066467066,0.03016910473181255,1.75,0.0,1.75,0.0172394884181786,58.00636165894143
2,1.0,4,0.06959847036328871,0.05003663808763616,4.322882075952695,565.9866156787763,3.4870912721089553,14.712489678893157,0.03109541334700776,1.75,0.0,1.75,0.017768807626861578,56.27839644615621
2,1.0,5,0.05811577752553916,0.04997959405387796,4.323580794579726,560.0011350737798,3.513817372673657,15.066875586572227,0.03155135733531871,1.75,0.0,1.75,0.01802934704875355,55.465125680695934
2,1.0,6,0.029538741195182912,0.04995310331025298,4.323716124747069,560.5092024539878,3.491382603679085,14.955162356600708,0.028877962550914058,1.75,0.0,1.75,0.016501692886236603,60.59984311270631
2,1.0,7,0.04246186862880356,0.04998335928753462,4.323378287714872,567.1991262359163,3.4813145449734293,14.75194535242559,0.03262404698138473,1.75,0.0,1.75,0.018642312560791272,53.64141367864476
2,1.0,8,0.04977479196885259,0.04995835125070444,4.32369824801878,564.9514466753187,3.4816189147531986,14.883145064797558,0.03104142201561954,1.75,0.0,1.75,0.01773795543749688,56.3762832488611
2,1.0,9,0.045792831105710814,0.04996394123205977,4.323434084384179,561.9963547995139,3.486508756323019,14.983671367988386,0.033895536945872023,1.75,0.0,1.75,0.019368878254784012,51.629216046778815
2,1.0,10,0.050138418948015996,0.04994685111808127,4.323736346263815,569.0713626576438,3.494351349916542,14.781170622626531,0.02968975083863229,1.75,0.0,1.75,0.01696557190778988,58.94289950466344
2,1.0,11,0.058728073564639514,0.04998438510682488,4.323551126904367,571.8368750482961,3.530299489706522,14.815425697306354,0.031520169081392886,1.75,0.0,1.75,0.018011525189367363,55.520006744921524
2,1.0,12,0.08248991705349669,0.04998856853002326,4.323599072796698,563.1489993151206,3.495201694604475,14.946387053277322,0.03273320547640151,1.75,0.0,1.75,0.018704688843658005,53.4625306177739
2,1.0,13,0.04400583672528992,0.049974088326572325,4.32366952187921,568.3296981798633,3.5096387515950482,14.947458466125903,0.03160925549985386,1.75,0.0,1.75,0.018062431714202208,55.36353110272055
2,1.0,14,0.04563233376792699,0.04995181972013518,4.323608932587332,567.5465143032441,3.48512314321124,15.016486223887277,0.031554677429994626,1.75,0.0,1.75,0.018031244245711214,55.45928979570298
2,1.0,15,0.06612634449325859,0.049954721555817594,4.3238185188340825,560.5515830934706,3.5501016513444483,15.112358481404225,0.030691026582871483,1.75,0.0,1.75,0.01753772947592656,57.01992389451927
2,1.0,16,0.04758971199753581,0.04993286354342804,4.32375941615115,569.8587709841368,3.4780549905844964,14.973716031059986,0.028350061424836613,1.75,0.0,1.75,0.016200035099906637,61.72826131751796
2,1.0,17,0.04302614723833924,0.04997529563706397,4.323550257335528,557.6423027654283,3.503535566793289,14.873877433764342,0.031914665524986965,1.75,0.0,1.75,0.01823695172856398,54.83372522359263
2,1.0,18,0.056696668974536506,0.04993519284360493,4.323740803895367,569.2898684514194,3.5050151251780335,15.064749971111553,0.030495265222953483,1.75,0.0,1.75,0.017425865841687704,57.38595769558326
2,1.0,19,0.04441887226697353,0.04995511047167728,4.323416245146369,567.7203682393556,3.5197401533368975,14.97782103695816,0.03216559426336925,1.75,0.0,1.75,0.018380339579068143,54.405958915950485
2,1.0,20,0.04685111586670743,0.049960616762428266,4.323772702268115,565.5979822684194,3.535278633586131,15.048212348446143,0.02944194172440163,1.75,0.0,1.75,0.016823966699658074,59.43901446383175
2,1.0,21,0.04614330312952106,0.04997866691756332,4.323374466136727,563.4914337927358,3.5038771727413405,14.848915767908393,0.03219488100404017,1.75,0.0,1.75,0.018397074859451527,54.35646740798298
2,1.0,22,0.049133166780225605,0.04994248640104812,4.323802964355077,560.2550533727004,3.4986145840666723,14.880200044132131,0.030476052297324623,1.75,0.0,1.75,0.017414887027042643,57.422135351619204
2,1.0,23,0.050337863487965984,0.04995935903778664,4.323772681720724,561.8685748994002,3.5109553138318006,15.03952816402701,0.031095937180735382,1.75,0.0,1.75,0.01776910696042022,56.277448395546784
2,1.0,24,0.06065844858689116,0.04996889394773735,4.323969029892791,556.2615754660253,3.473212294455152,14.833008331552259,0.030921007267535067,1.75,0.0,1.75,0.01766914701002004,56.595827712164464
2,1.0,25,0.09428223844282238,0.049980209359054985,4.323826231021031,562.6788321167883,3.5205089180672076,15.158632834670708,0.030627836507588522,1.75,0.0,1.75,0.017501620861479154,57.13756502410512
2,1.0,26,0.03807465911631026,0.04995768269606756,4.3236814669440164,551.4209820430668,3.5129860911983997,15.237883818932085,0.032385081478225504,1.75,0.0,1.75,0.01850576084470029,54.03722702308572
2,1.0,27,0.049599160860118376,0.049942348668926606,4.323563878457481,554.4726904922454,3.5011886604770552,15.126406643967822,0.03310937797086388,1.75,0.0,1.75,0.018919644554779357,52.85511559715779
2,1.0,28,0.05182399398270026,0.049965406821714395,4.323779210613908,556.6374576908612,3.472816653404152,14.658868099348698,0.03318568573828706,1.75,0.0,1.75,0.018963248993306894,52.73357958612216
2,1.0,29,0.07364163614163614,0.04996319441836654,4.323906642036796,564.7362637362637,3.520693087077234,14.806689840840297,0.028882949048504445,1.75,0.0,1.75,0.01650454231343111,60.58938085100471
3,0.0001,0,0.7977043371080811,0.7484805289020326,0.5976359935227294,570.0778830598567,0.22227163045317866,1.891798815689007,0.03394457096620305,0.00017500000000000003,0.0,0.00017500000000000003,193.96897694973168,0.0051554635990020015
3,0.0001,1,0.7692307692307693,0.7164973116749661,0.6807424087791548,557.5584268816394,0.2249311807390768,1.9057642711323266,0.029571750296625024,0.00017500000000000003,0.0,0.00017500000000000003,168.98143026642867,0.005917810012753033
3,0.0001,2,0.7905177696078431,0.7341225520369928,0.6369805252933872,566.8088235294117,0.23299988935468718,1.927905609589569,0.031059292630135234,0.00017500000000000003,0.0,0.00017500000000000003,177.4816721722013,0.005634384597355786
3,0.0001,3,0.8055235018078314,0.7592938167634651,0.5683835478117499,569.2898684514194,0.2602563251275569,2.033830839601448,0.03186649861922951,0.00017500000000000003,0.0,0.00017500000000000003,182.09427782416859,0.005491660759189844
3,0.0001,4,0.8365116454360443,0.7910409031121788,0.492026823827963,557.8101303987337,0.2568890782131348,2.026849521680555,0.03119383927105073,0.00017500000000000003,0.0,0.00017500000000000003,178.25051012028987,0.00561008212164534
3,0.0001,5,0.8435379336637439,0.8022993260376269,0.4643485835269122,564.2634388105223,0.26667602272937074,2.047120190534673,0.029935873207500446,0.00017500000000000003,0.0,0.00017500000000000003,171.06213261428823,0.005845829142413448
3,0.0001,6,0.7995152616829508,0.7526490079192074,0.5816497419764106,560.5092024539878,0.22606786407413892,1.8960076223435043,0.03148742787488772,0.00017500000000000003,0.0,0.00017500000000000003,179.92815928507267,0.005557773746885448
3,0.0001,7,0.8200486766048068,0.7776289092243909,0.517088526606257,562.849710982659,0.24943595385411754,2.001100314912046,0.030662042995668805,0.00017500000000000003,0.0,0.00017500000000000003,175.21167426096457,0.0057073822518845145
3,0.0001,8,0.8014503816793893,0.7522619161007333,0.5867318697380637,564.9083969465648,0.25528459032648243,2.027237714555101,0.031937134446508704,0.00017500000000000003,0.0,0.00017500000000000003,182.49791112290686,0.005479514772782961
3,0.0001,9,0.8214772211291055,0.7768584834946345,0.5207262552201751,560.0434387770547,0.25361135049024597,2.014484942891667,0.03012609148281919,0.00017500000000000003,0.0,0.00017500000000000003,172.14909418753822,0.005808918163174335
3,0.0001,10,0.832515661559363,0.786281114525667,0.5009240857331988,558.5666088006642,0.2535634695959743,2.008858537792044,0.030184273898505094,0.00017500000000000003,0.0,0.00017500000000000003,172.4815651343148,0.005797721044688343
3,0.0001,11,0.7967137944210928,0.7492250702245115,0.5920006709728962,565.5548337791364,0.24469069237238728,1.9667978246880176,0.030490348837308372,0.00017500000000000003,0.0,0.00017500000000000003,174.23056478461925,0.005739521083663951
3,0.0001,12,0.8303158851602152,0.7844774927941185,0.5022168723326488,560.5939701537762,0.26512064813869074,2.0763827475083865,0.031263679608075044,0.00017500000000000003,0.0,0.00017500000000000003,178.6495977604288,0.005597549686851306
3,0.0001,13,0.8048071034905082,0.7630147755766312,0.5521864788063943,566.4623392529088,0.24273694414296187,1.98104152102925,0.030551158174892627,0.00017500000000000003,0.0,0.00017500000000000003,174.57804671367214,0.0057280970822185555
3,0.0001,14,0.794279176201373,0.7451399673098223,0.6043908593014616,564.4782608695652,0.24467831902438775,1.9749890447044187,0.03208313902778201,0.00017500000000000003,0.0,0.00017500000000000003,183.33222301589717,0.00545457848898329
3,0.0001,15,0.7960796231575749,0.74505565789191,0.6017063890367671,562.2520893481234,0.2243115997116547,1.8782924400930712,0.029747911821539623,0.00017500000000000003,0.0,0.00017500000000000003,169.98806755165495,0.005882765857645425
3,0.0001,16,0.8113603961881893,0.7644489347055267,0.5588264285903689,555.3032940646807,0.25734294616268016,2.0000179615816114,0.030795893437592505,0.00017500000000000003,0.0,0.00017500000000000003,175.97653392910001,0.005682575839361029
3,0.0001,17,0.8234389418640419,0.7760813056357412,0.5282936814047204,569.0713626576438,0.25179921108065173,2.018113395923051,0.028802744340947886,0.00017500000000000003,0.0,0.00017500000000000003,164.58711051970218,0.006075809927292534
3,0.0001,18,0.8417326431181485,0.8027153822300112,0.4611675141155895,563.3629719853836,0.2575923086842522,2.020271996251678,0.0336827082193329,0.00017500000000000003,0.0,0.00017500000000000003,192.47261839618795,0.005195544219913858
3,0.0001,19,0.8138576779026218,0.7642599031661933,0.5570413778659141,554.3483146067416,0.21788293513236567,1.8504374563139323,0.031522774595783724,0.00017500000000000003,0.0,0.00017500000000000003,180.13014054733554,0.005551541773972106
3,0.0001,20,0.8050450182305231,0.7532419415986612,0.5869691011629219,550.6837562318625,0.23253179437597282,1.9216914916124863,0.031130272051377687,0.00017500000000000003,0.0,0.00017500000000000003,177.88726886501533,0.005621537765914105
3,0.0001,21,0.8212214775208977,0.7794966927127362,0.5162083186433185,557.3069508246103,0.2768437028862536,2.0926075424586776,0.03058465262333059,0.00017500000000000003,0.0,0.00017500000000000003,174.76944356188906,0.005721824019230694
3,0.0001,22,0.8265436266786705,0.7840442358439326,0.5085468521083919,555.2201215395004,0.2851610142388381,2.1308173953170804,0.032451209563105925,0.00017500000000000003,0.0,0.00017500000000000003,185.4354832177481,0.005392711161033551
3,0.0001,23,0.7946544482626957,0.7491014071841262,0.5904116289194309,565.1237113402062,0.23728310552542098,1.9421520208165615,0.029082528993512467,0.00017500000000000003,0.0,0.00017500000000000003,166.18587996292837,0.00601735839544896
3,0.0001,24,0.7988704819277108,0.7468706858187132,0.6004238000542722,557.2650602409639,0.24079707768396474,1.949230683022991,0.030898004536592884,0.00017500000000000003,0.0,0.00017500000000000003,176.56002592338788,0.005663796177929399
3,0.0001,25,0.8109005812636824,0.7684446392541214,0.5405561011503899,558.6507888578546,0.2839562151930295,2.1312377216004057,0.03162043966733458,0.00017500000000000003,0.0,0.00017500000000000003,180.68822667048326,0.005534394899030559
3,0.0001,26,0.8112458991378653,0.7608376155710588,0.5685747779321241,564.6072327763791,0.2424437970330473,1.963114553932935,0.031068291931060057,0.00017500000000000003,0.0,0.00017500000000000003,177.53309674891457,0.005632752530725592
3,0.0001,27,0.8315700705305121,0.7896937591877038,0.49288152686958514,567.329346826127,0.2758247514429968,2.1041507379283804,0.032743934820296035,0.00017500000000000003,0.0,0.00017500000000000003,187.10819897312018,0.005344501232378701
3,0.0001,28,0.8030973451327433,0.7555520694244978,0.5746886164377015,564.5642355813244,0.24340901026153006,1.9678111210308689,0.030272077593710162,0.00017500000000000003,0.0,0.00017500000000000003,172.98330053548662,0.005780904844019063
3,0.0001,29,0.8151349711859266,0.762659448630088,0.556955505030289,561.1455868971792,0.2624876867630519,2.042026015338646,0.02957898050271794,0.00017500000000000003,0.0,0.00017500000000000003,169.0227457298168,0.005916363479259189
3,0.0003,0,0.5911874533233756,0.5136435069915757,1.2749627431153625,552.6952949962658,0.24094111486920156,1.9648221093762643,0.0283348725020849,0.000525,0.0,0.000525,53.971185718256955,0.018528405234975738
3,0.0003,1,0.5918195073286777,0.514980005353903,1.2700308517416738,567.8943289079887,0.24758975609438494,1.9812600778584697,0.03264379154158474,0.000525,0.0,0.000525,62.17865055539951,0.01608269061917043
3,0.0003,2,0.58747415971212,0.5079539352660816,1.3023433385139085,566.5922211163005,0.22876264958176762,1.8929554247847271,0.030409361560593547,0.000525,0.0,0.000525,57.922593448749616,0.01726442033167607
3,0.0003,3,0.5848143386523482,0.5021114061778383,1.3315750185454862,559.6629357936928,0.23870765391620807,1.9547328856912631,0.03068640900382924,0.000525,0.0,0.000525,58.45030286443665,0.017108551213486308
3,0.0003,4,0.6142802886441322,0.540316844858252,1.1923478989264247,562.1241929358147,0.2459239770541899,1.9742989648795055,0.031127754347197986,0.000525,0.0,0.000525,59.2909606613295,0.016865977357189556
3,0.0003,5,0.6100280664492149,0.5387079961488553,1.1899803356072458,561.3580368656603,0.256906796596013,2.0211178172695945,0.03208930856669908,0.000525,0.0,0.000525,61.12249250799825,0.01636058935046119
3,0.0003,6,0.6045912569134025,0.527573884608136,1.2468570431954944,560.6787635426926,0.2507618775416631,2.010987031135975,0.03227910100778486,0.000525,0.0,0.000525,61.48400191959021,0.016264393480889816
3,0.0003,7,0.5901389100900626,0.4991984319307601,1.3334772680371487,564.8223172034803,0.22847400480532087,1.9044860773016694,0.02776516296204137,0.000525,0.0,0.000525,52.886024689602614,0.018908587020279477
3,0.0003,8,0.6219392009703586,0.5484110326361994,1.1628585800103561,561.018194223334,0.26153359541785903,2.042628097401183,0.03227262752212496,0.000525,0.0,0.000525,61.47167147071421,0.016267655914910514
3,0.0003,9,0.6163560289083302,0.5386480958274535,1.2033711610869704,562.977938379612,0.2636687201738823,2.0588622527653104,0.030927378388164256,0.000525,0.0,0.000525,58.90929216793192,0.016975250647203732
3,0.0003,10,0.5652901361320253,0.4868917234133791,1.3786633907082926,562.8069815195072,0.24755142943467945,1.9835572960295678,0.029038992241201756,0.000525,0.0,0.000525,55.312366173717635,0.018079139786920967
3,0.0003,11,0.5851501753316054,0.5110575318251379,1.2839361344272548,564.1346241805153,0.25711555319139734,2.0293359200949057,0.031473866461605875,0.000525,0.0,0.000525,59.950221831630245,0.01668050541678549
3,0.0003,12,0.6068245867925965,0.5273360496122327,1.2268836158446028,563.6628075253257,0.26226853657863103,2.0289767045059905,0.032309018519309486,0.000525,0.0,0.000525,61.5409876558276,0.016249332974514027
3,0.0003,13,0.6531415594246782,0.5851398929919933,1.0526163272856324,560.2127176381529,0.2908067065582145,2.1631923235248625,0.03159006917681884,0.000525,0.0,0.000525,60.171560336797796,0.016619146892696616
3,0.0003,14,0.6191056600898911,0.5400251462064375,1.1908627604915676,563.7485335567914,0.2577288669999689,2.0410739368376545,0.03229437517251167,0.000525,0.0,0.000525,61.513095566688904,0.01625670096403876
3,0.0003,15,0.6314745594629644,0.5541204936118698,1.1417029415009907,564.5212449462201,0.27937560179270804,2.077205408971359,0.031807204830582844,0.000525,0.0,0.000525,60.58515205825304,0.016505694316628818
3,0.0003,16,0.6950995405819296,0.6267267193970528,0.9292886885947951,566.635528330781,0.28093042186810635,2.112116950246535,0.03067972297287136,0.000525,0.0,0.000525,58.437567567374025,0.017112279679455805
3,0.0003,17,0.5825338067537962,0.4956991712950047,1.3431449335430397,559.0720707108861,0.23636089358478785,1.918149103564248,0.030940451526608324,0.000525,0.0,0.000525,58.934193384015856,0.016968078166167286
3,0.0003,18,0.554945054945055,0.4733825417023,1.4191896651804101,564.7362637362637,0.23656309209764004,1.9504150609814528,0.03245872329891985,0.000525,0.0,0.000525,61.82613961699019,0.016174388473790366
3,0.0003,19,0.6345729713286181,0.5580860916703667,1.124956528611817,562.8069815195072,0.2599823109921999,2.0293013555396,0.030931276741402294,0.000525,0.0,0.000525,58.91671760267104,0.01697311121002885
3,0.0003,20,0.6119505494505495,0.5364823901919019,1.198140767564653,564.7362637362637,0.2325376597000286,1.9195919892077704,0.03005783040022712,0.000525,0.0,0.000525,57.253010286146896,0.017466330503882042
3,0.0003,21,0.58388850601118,0.507594496425794,1.2799153868773974,566.6788421778084,0.2559877956227865,2.0254575898579117,0.03177555550145553,0.000525,0.0,0.000525,60.52486762182006,0.016522134443124104
3,0.0003,22,0.57847533632287,0.5010544751739092,1.3192635138617284,562.4653796458159,0.22766112760291435,1.8916594137182785,0.02912742450526027,0.000525,0.0,0.000525,55.48080858144814,0.018024250647536225
3,0.0003,23,0.6878193882999009,0.6200029882273101,0.9643379876435043,564.4352833498589,0.24923396363737993,1.9834742353169532,0.032726263366502674,0.000525,0.0,0.000525,62.33573974571938,0.016042161432257174
3,0.0003,24,0.6068803515950595,0.5324357459030759,1.2141894542356046,560.7635826324165,0.25958325812825933,2.0338407005284935,0.03049873763440205,0.000525,0.0,0.000525,58.09283358933724,0.017213827217812748
3,0.0003,25,0.5893914099256337,0.5112792525297775,1.2840275710708569,561.57064804978,0.2447200965252705,1.981099238674612,0.030166945552206018,0.000525,0.0,0.000525,57.46084867086861,0.017403154028022182
3,0.0003,26,0.5689810640216412,0.48805322107739035,1.3642619617300353,556.0946798917944,0.219739617255982,1.872284959183248,0.03270098737459705,0.000525,0.0,0.000525,62.287594999232475,0.016054561105021348
3,0.0003,27,0.6388444241176919,0.5640798018287116,1.11565426934941,564.0916990624286,0.29130148253170773,2.1696399737179544,0.03189286883446579,0.000525,0.0,0.000525,60.748321589458655,0.016461360146837783
3,0.0003,28,0.6161860184206553,0.5401927688055,1.198814424426755,558.6928884191454,0.2546262117684819,2.0106197273043094,0.030898643561317555,0.000525,0.0,0.000525,58.8545591644144,0.016991037129450395
3,0.0003,29,0.5980384703109557,0.5236272521803601,1.238193342391467,562.6361286398541,0.247335613676114,1.9782020985512017,0.03170992822889125,0.000525,0.0,0.000525,60.399863293126195,0.016556328863641733
3,0.0007,0,0.4439266615737204,0.35991818124433916,1.85363851137761,565.3391902215432,0.2824007026501931,2.1247071931423216,0.034762031805584,0.001225,0.0,0.001225,28.3771688208849,0.03523959723790432
3,0.0007,1,0.42823349866463184,0.34306571233788724,1.991142147395512,564.6932468523464,0.24265418091090396,1.9637239468694556,0.03164526536224032,0.001225,0.0,0.001225,25.832869683461485,0.038710372182932974
3,0.0007,2,0.40604000926855643,0.31675187690811374,2.064050943892943,571.5723333590794,0.268633979401784,2.081771088591617,0.029791494930182218,0.001225,0.0,0.001225,24.319587698107934,0.04111911815338054
3,0.0007,3,0.39651285134525777,0.3111203325088021,2.090723692150291,556.1781151360289,0.263154140469851,2.0595757878403127,0.02941332913330389,0.001225,0.0,0.001225,24.010880925146033,0.04164778473215963
3,0.0007,4,0.40384615384615385,0.32260361913505037,2.0550983257327844,553.7686321460641,0.22976605387520976,1.905672973248338,0.031691923060932096,0.001225,0.0,0.001225,25.870957600760896,0.038653381735301084
3,0.0007,5,0.38949605343047966,0.30453446540544715,2.127742817994332,561.655737704918,0.26585445043747313,2.0558834195338243,0.031169373769178704,0.001225,0.0,0.001225,25.444386750349963,0.039301399157763
3,0.0007,6,0.4344660194174757,0.34936201809526174,1.921033032366554,561.3155339805825,0.2808452128083445,2.112674176135984,0.033350702572254795,0.001225,0.0,0.001225,27.22506332428963,0.03673086038730426
3,0.0007,7,0.47134713471347134,0.3743532734362671,1.8163510409523824,555.095409540954,0.2764962580986321,2.0884360744842203,0.03272246138274636,0.001225,0.0,0.001225,26.712213373670497,0.037436059154336974
3,0.0007,8,0.4504107542942494,0.3730465969386707,1.82518727480589,552.6952949962658,0.25888864454464056,2.027461826460354,0.032431036317804085,0.001225,0.0,0.001225,26.474315361472723,0.03777245931939264
3,0.0007,9,0.4299772899318698,0.34556727703211565,1.9304582563285664,560.2127176381529,0.2523862471571192,2.016757223910735,0.0322115582277801,0.001225,0.0,0.001225,26.295149573698044,0.038029827409700644
3,0.0007,10,0.4510160752198969,0.36701921188872433,1.8645783470353756,561.1455868971792,0.26295383673277684,2.0606189713428975,0.031410501050570215,0.001225,0.0,0.001225,25.64122534740426,0.038999696248963905
3,0.0007,11,0.39698415140790894,0.3071235288136538,2.1159874758451145,569.3335897830435,0.23455990586080588,1.9373687171475986,0.029917169076734782,0.001225,0.0,0.001225,24.422178838150842,0.040946387569558734
3,0.0007,12,0.3993531495456646,0.3175509408697591,2.0492604458384265,569.8587709841368,0.28058752926881425,2.0957678916392846,0.03253443397922685,0.001225,0.0,0.001225,26.558721615695386,0.03765241469337255
3,0.0007,13,0.4510388023220287,0.35957646347459654,1.881124928010179,565.2529789184234,0.25519243863527663,2.015877133774469,0.031410910519770845,0.001225,0.0,0.001225,25.641559607976202,0.03899918785318092
3,0.0007,14,0.42650308618456145,0.34566167167256706,1.9467319906069218,563.9200640097539,0.2489598132960964,1.9976290675803494,0.02978420269412464,0.001225,0.0,0.001225,24.313634852346645,0.04112918558137696
3,0.0007,15,0.41989753001452934,0.33298947087193553,1.9927723179875878,565.9002064693738,0.238046282553114,1.9402417244284398,0.03154945162453328,0.001225,0.0,0.001225,25.754654387374107,0.03882793319448454
3,0.0007,16,0.41934001990659214,0.3348074331906266,2.0064307502053076,566.5922211163005,0.25765948262414895,2.0206535320897974,0.027605336013245864,0.001225,0.0,0.001225,22.53496817407826,0.0443754786905042
3,0.0007,17,0.39933140860051664,0.31640119021002194,2.07437270238844,562.2520893481234,0.2473698980465997,1.9840888690327687,0.031297475375384305,0.001225,0.0,0.001225,25.548959490109638,0.03914053722567896
3,0.0007,18,0.4356526388146338,0.3452714090000672,1.9567265719078264,565.2098831436646,0.24236077125533484,1.9635733029091251,0.03084154147135129,0.001225,0.0,0.001225,25.17676854804187,0.039719156097885136
3,0.0007,19,0.4222794006356894,0.3342885380114253,1.9566344801828002,560.0434387770547,0.25043963524512947,1.9893665990712903,0.02920712558576303,0.001225,0.0,0.001225,23.842551498582065,0.04194181986183277
3,0.0007,20,0.3628071762400121,0.2835642200512885,2.2495719736039237,557.8521031207598,0.24305437074508518,1.962550880133098,0.030391021199466788,0.001225,0.0,0.001225,24.808996897523908,0.04030795779976925
3,0.0007,21,0.41352874859075534,0.3320384154293155,1.9895843881780728,556.2198421645998,0.2557118975382764,2.023617205565893,0.03273218125534858,0.001225,0.0,0.001225,26.720147963549863,0.03742494245780915
3,0.0007,22,0.3803236147153106,0.2971604708453127,2.189334328358015,564.8223172034803,0.24222692867624573,1.9461664100606169,0.030425269214918307,0.001225,0.0,0.001225,24.836954461157802,0.04026258539725099
3,0.0007,23,0.45152752571082877,0.3578072293063306,1.876798901093993,559.6206896551724,0.25914179798564874,2.0195216154874416,0.030407137368949764,0.001225,0.0,0.001225,24.822152954244707,0.040286594069552505
3,0.0007,24,0.4193257074051776,0.33556025742736945,2.001136040660523,556.9301625526791,0.2689368847350124,2.0914924668407355,0.03453355939374892,0.001225,0.0,0.001225,28.190660729590956,0.03547274076305447
3,0.0007,25,0.39834873504014545,0.3158504450014553,2.1025653560663233,560.5515830934706,0.25516369761317037,1.9945405841795658,0.030989887697619813,0.001225,0.0,0.001225,25.297867508261074,0.03952902353028167
3,0.0007,26,0.39835101916176807,0.31459688982230544,2.0446075520077347,564.9514466753187,0.25952132427482866,2.018722581074097,0.03481923082980546,0.001225,0.0,0.001225,28.42386190188201,0.0351817076599921
3,0.0007,27,0.46596146581035136,0.3863924884749936,1.7682205601894303,559.1564034756328,0.27082528863684274,2.0868186207887947,0.03038241777288878,0.001225,0.0,0.001225,24.801973692154107,0.040319371853714266
3,0.0007,28,0.40520864605223655,0.323568081580132,2.101033379622409,555.4280996697688,0.25233145561651327,2.0241889145085334,0.02992671357547966,0.001225,0.0,0.001225,24.429970265697683,0.040933328576502934
3,0.0007,29,0.4671870263716278,0.38611350157557445,1.739607143265442,560.806001818733,0.29794370592571795,2.207548279609437,0.031473192236260585,0.001225,0.0,0.001225,25.692401825518846,0.038922013083523985
3,0.001,0,0.379578581678121,0.2859915922351335,2.2317410919596097,558.9034816101503,0.24515795789193362,1.9693066974045208,0.0324402816414782,0.00175,0.0,0.00175,18.5373037951304,0.053945277644027824
3,0.001,1,0.47117907203358067,0.3700490982417848,1.9271561348779558,554.7216100742073,0.2588082318834495,2.016502050574592,0.031720830634633754,0.00175,0.0,0.00175,18.12618893407643,0.055168794920814515
3,0.001,2,0.3477052505070232,0.2687984114733827,2.3224644667656555,555.8862014572222,0.26258309121476486,2.0507751199172226,0.029627542010192933,0.00175,0.0,0.00175,16.93002400582453,0.059066661668994935
3,0.001,3,0.35756608933454875,0.27863609952769103,2.3196392525231144,562.1668185961714,0.2440787595405709,1.9618749497444936,0.03344772045121799,0.00175,0.0,0.00175,19.112983114981706,0.05232045641353339
3,0.001,4,0.3533563482930572,0.28251846576075124,2.2713584044243773,567.7203682393556,0.25228484559920616,2.0082241434676313,0.0318775594421121,0.00175,0.0,0.00175,18.215748252635482,0.05489755271817168
3,0.001,5,0.39268777726785986,0.3020101424242252,2.15992762163793,566.0298301973382,0.25252053764415905,2.0087049745075163,0.02910396759100124,0.00175,0.0,0.00175,16.63083862342928,0.06012925882109245
3,0.001,6,0.3680838233077039,0.27871649051228625,2.2683061376311398,557.8521031207598,0.26457323561771773,2.0282334856298503,0.03185578432322529,0.00175,0.0,0.00175,18.20330532755731,0.05493507810837722
3,0.001,7,0.3799436104549265,0.29185778677087687,2.176819522206106,563.9200640097539,0.25677267485298216,2.0344450862583687,0.028440729519631527,0.00175,0.0,0.00175,16.251845439789445,0.06153147368431753
3,0.001,8,0.3682741510311676,0.2828988784228362,2.2658215600048424,573.7399596836719,0.25320706333150156,2.0167201932344874,0.03089025178700744,0.00175,0.0,0.00175,17.651572449718536,0.05665217661761038
3,0.001,9,0.4060693641618497,0.31844449924697726,2.0557684278451425,562.849710982659,0.280323815473821,2.1167345173455625,0.030919132418599834,0.00175,0.0,0.00175,17.668075667771333,0.05659925952344197
3,0.001,10,0.34777331006752144,0.26632550165506985,2.339207856656364,561.4430619831576,0.24439546404755674,1.979755092782338,0.03353647262964678,0.00175,0.0,0.00175,19.163698645512444,0.052181993596218945
3,0.001,11,0.40117656047062417,0.3126364928396212,2.1340545762546954,565.3823057529223,0.2579571707174182,2.029839955983869,0.030775559284159384,0.00175,0.0,0.00175,17.586033876662505,0.056863304541170424
3,0.001,12,0.36503836511433563,0.2879022314835496,2.2284273443322955,562.2094507331155,0.25925677336636,2.028229967977517,0.029168610602998173,0.00175,0.0,0.00175,16.66777748742753,0.05999600131177046
3,0.001,13,0.36633663366336633,0.2796635462532967,2.2762702996496125,559.3251454916484,0.2442174065799918,1.968152891861258,0.03208002014368938,0.00175,0.0,0.00175,18.331440082108216,0.05455108794076774
3,0.001,14,0.3407766990291262,0.2629289352056738,2.350335303358304,552.6952949962658,0.25709484406979755,2.0259226025094383,0.03195738812107031,0.00175,0.0,0.00175,18.261364640611607,0.054760420137282155
3,0.001,15,0.37657657657657656,0.30110830970600655,2.1138614102983886,555.5945945945946,0.25781591425766237,2.0176151464132452,0.03349460226057633,0.00175,0.0,0.00175,19.13977272032933,0.05224722438515944
3,0.001,16,0.34988644965934895,0.2667871718875124,2.331735370777364,560.2127176381529,0.2453183674660977,1.9837404578055728,0.030631862534098706,0.00175,0.0,0.00175,17.503921448056403,0.05713005528318558
3,0.001,17,0.34677296886864084,0.25897350890558735,2.3709636003608865,561.9111617312072,0.23909388174070045,1.9447723494118003,0.03045810669746237,0.00175,0.0,0.00175,17.404632398549925,0.057455967876880606
3,0.001,18,0.3409345794392523,0.250336431215597,2.443145608237544,553.3140186915888,0.25626349527738057,2.0166332193757905,0.028870996845603077,0.00175,0.0,0.00175,16.49771248320176,0.060614464036648504
3,0.001,19,0.37156390743904333,0.2929982779528872,2.2004532523025175,574.6294455660817,0.2595375603996217,2.034397396431463,0.03134221221668871,0.00175,0.0,0.00175,17.90983555239355,0.055835241874476936
3,0.001,20,0.32514092446448706,0.24777412413145736,2.4818854466370803,556.2198421645998,0.23661689428263344,1.9218526045855353,0.0305911566038167,0.00175,0.0,0.00175,17.480660916466686,0.057206075032209196
3,0.001,21,0.3411967348161462,0.26159797297136156,2.394204906984757,554.2239946079533,0.24141894257627428,1.9705541694114288,0.031372560621981044,0.00175,0.0,0.00175,17.927177498274883,0.05578122937067083
3,0.001,22,0.3892930994868653,0.3110456134360172,2.1152259198877545,566.7654897755993,0.2619675179303158,2.0445102378737117,0.031523288480994026,0.00175,0.0,0.00175,18.013307703425156,0.05551451274048098
3,0.001,23,0.4367588932806324,0.3306137285607256,2.0355369721850973,562.508057160231,0.26909631575108506,2.062632382821376,0.031845397776846654,0.00175,0.0,0.00175,18.197370158198087,0.054952995477178364
3,0.001,24,0.3405672378956821,0.25890409204952636,2.3746525566456187,553.8099977549952,0.2527048916381318,1.9883318637547431,0.03232970144103944,0.00175,0.0,0.00175,18.474115109165396,0.05412979155379838
3,0.001,25,0.3495331394458901,0.26418797614963074,2.3623655014728935,566.3757844787999,0.24550382621237077,1.9928900350974241,0.03498035043989411,0.00175,0.0,0.00175,19.98877167993949,0.05002808656840024
3,0.001,26,0.3158901384744855,0.2473502310922779,2.4271659166216764,566.1595134266697,0.24213551430148073,1.9706619927320215,0.03166784329604533,0.00175,0.0,0.00175,18.095910454883043,0.05526110457350089
3,0.001,27,0.37584304107909255,0.28056740671781705,2.2445029116022495,567.1557326793378,0.2424799621803686,1.9567243742853337,0.031827431388105405,0.00175,0.0,0.00175,18.187103650345946,0.054984016104234305
3,0.001,28,0.34026365348399246,0.2622807861512397,2.344531808330143,557.4745762711865,0.26486875995760784,2.052496630070832,0.03088912090640918,0.00175,0.0,0.00175,17.650926232233818,0.05665425070860119
3,0.001,29,0.33318192141721553,0.25196155242342466,2.4459710591613244,560.2550533727004,0.2541776280559134,1.9962095055569025,0.031169183971538034,0.00175,0.0,0.00175,17.810962269450304,0.05614519782096326
3,0.0018,0,0.2863913337846987,0.2078719673270258,2.759090674497599,556.7210561949898,0.23876384156756103,1.9438964755692334,0.03113832847340435,0.00315,0.0,0.00315,9.885183642350587,0.1011614994905862
3,0.0018,1,0.24162459843965123,0.16276784405851424,3.049409710682817,566.0298301973382,0.23652257904177532,1.9447841821306247,0.03204253225119243,0.00315,0.0,0.00315,10.172232460696009,0.0983068371533831
3,0.0018,2,0.26795056486465996,0.19343958478763346,2.811386394129495,561.1031162332247,0.2603157430421561,2.041080834093102,0.03145395156720595,0.00315,0.0,0.00315,9.98538144990665,0.10014639951579903
3,0.0018,3,0.26165628050153916,0.18423439264735927,2.8829847339347037,555.6362339514978,0.25117682886775583,2.0017250498145174,0.030932229531723105,0.00315,0.0,0.00315,9.819755406896224,0.10183553037356913
3,0.0018,4,0.2632897934386391,0.18524648625783352,2.872853037697605,561.9963547995139,0.27317726900218986,2.0967992714868053,0.03195240564535605,0.00315,0.0,0.00315,10.143620839795572,0.09858412649621015
3,0.0018,5,0.2698724239450442,0.19357872035942242,2.86004578513633,558.6507888578546,0.252284241723828,2.0027959383109555,0.03212473302680948,0.00315,0.0,0.00315,10.198327945018884,0.09805528959170458
3,0.0018,6,0.24688221709006927,0.1792565717151977,2.909739407227622,569.6836027713625,0.24748952890513465,1.9841387385949107,0.0307935373162135,0.00315,0.0,0.00315,9.77572613213127,0.10229419139649971
3,0.0018,7,0.28582253542471775,0.20942022057818263,2.721215873470776,560.7635826324165,0.2822230735910125,2.1257212876949545,0.030381449063126984,0.00315,0.0,0.00315,9.644904464484757,0.10368169054263632
3,0.0018,8,0.26104387291981845,0.18218890108911787,2.893159610433855,559.7897125567322,0.25209409871604294,1.9784427617111846,0.029575748048891185,0.00315,0.0,0.00315,9.38912636472736,0.10650618184847892
3,0.0018,9,0.2658485167896401,0.19047956001659005,2.8364552175628055,557.1812979972896,0.2524576192663517,2.014166188216211,0.032864715920211174,0.00315,0.0,0.00315,10.43324314927339,0.09584747385760331
3,0.0018,10,0.3159918570459172,0.24185583721763543,2.5835438673616737,557.9780592626103,0.2724157012999058,2.071799922872829,0.029216845692129557,0.00315,0.0,0.00315,9.275189108612558,0.10781451335277265
3,0.0018,11,0.24782378321096057,0.1746236210990255,2.965238671359787,560.1703883127697,0.2473991543520242,1.9823669177284584,0.030456411287486614,0.00315,0.0,0.00315,9.668701996027496,0.10342649927682766
3,0.0018,12,0.24457667972280808,0.18016142800674584,2.9882286422151463,557.4326604398915,0.24896023113979027,1.9897479331168273,0.033183876628929916,0.00315,0.0,0.00315,10.5345640091841,0.09492561810134655
3,0.0018,13,0.24047762998790811,0.16871092128090587,3.015004901423614,559.2829504232164,0.23738880865857936,1.933238512097038,0.03041547468394546,0.00315,0.0,0.00315,9.655706248871574,0.10356570241735204
3,0.0018,14,0.27485645210033244,0.20134126238343458,2.771488402693416,559.114233907525,0.2715531582653057,2.0869725506330217,0.028841777002092287,0.00315,0.0,0.00315,9.156119683203901,0.10921657149528226
3,0.0018,15,0.24973544973544973,0.17975645050293812,2.965475954419546,559.3673469387755,0.2358933670911938,1.939966385916558,0.03156159887511334,0.00315,0.0,0.00315,10.019555198448678,0.09980482967495696
3,0.0018,16,0.23871652886292952,0.17159446736134346,2.9781156150943913,561.3580368656603,0.23647259364952333,1.962605767763249,0.029900823923076376,0.00315,0.0,0.00315,9.492325054944882,0.10534826759636358
3,0.0018,17,0.2646284829721362,0.18795533875054493,2.8389205732330414,572.7647058823529,0.2513693140645046,2.0135188852638946,0.03420384916643739,0.00315,0.0,0.00315,10.85836481474203,0.0920948979944323
3,0.0018,18,0.2312557147211216,0.1629643482625421,3.066502314158358,563.8771715940262,0.23135184365673922,1.920394007542987,0.02984884613419734,0.00315,0.0,0.00315,9.475824169586456,0.1055317175691792
3,0.0018,19,0.26167869350550704,0.18547692289025264,2.886220838134896,562.1241929358147,0.2691596545628272,2.0716656954318524,0.030173620597569933,0.00315,0.0,0.00315,9.578927173831724,0.10439582448563328
3,0.0018,20,0.2580207862629914,0.17817914498669435,2.991116917854545,557.3488477180298,0.24043114270898513,1.9403932693111603,0.03187671618224382,0.00315,0.0,0.00315,10.11959243880756,0.0988182089394338
3,0.0018,21,0.2792341007522225,0.2026069386797489,2.77311716173706,562.2947344426715,0.2762308022356592,2.097393366845774,0.03121421541212613,0.00315,0.0,0.00315,9.909274734008294,0.10091555909415185
3,0.0018,22,0.24992317148125384,0.18357551369800973,2.8659407178498952,568.5476336816226,0.2690387139446102,2.054255521356459,0.029099509257016258,0.00315,0.0,0.00315,9.237939446671827,0.10824924819790545
3,0.0018,23,0.24334341906202722,0.17101845344796407,2.975313517047939,559.7897125567322,0.2304024837212637,1.9211072298412852,0.030923039394890703,0.00315,0.0,0.00315,9.816837903139906,0.10186579526592275
3,0.0018,24,0.20299373758973577,0.15329840053736465,3.065109038391237,565.1667939514282,0.24444279837189242,1.9658068005913134,0.030827305756446818,0.00315,0.0,0.00315,9.786446271887879,0.10218213764403496
3,0.0018,25,0.2580545706798212,0.1858455126453511,2.8765518915240973,570.3849236935409,0.2468330292031169,1.984138097950952,0.03277411434131476,0.00315,0.0,0.00315,10.404480743274528,0.09611243700425912
3,0.0018,26,0.24422417079679756,0.17714552256548777,2.9377691698134,564.2634388105223,0.24167976403259672,1.9533955884081062,0.029526231028270497,0.00315,0.0,0.00315,9.373406675641428,0.10668479823869047
3,0.0018,27,0.29051823416506717,0.21753872267752605,2.759016352060952,568.1554702495201,0.25448690180201083,2.014835438098137,0.03152609422406814,0.00315,0.0,0.00315,10.00828388065655,0.09991722975931407
3,0.0018,28,0.25730555971826763,0.18803844801547906,2.810645799081501,554.5141615465308,0.2505543380684685,1.9939110576299446,0.03080310508165074,0.00315,0.0,0.00315,9.77876351798436,0.10226241775464513
3,0.0018,29,0.25869136177318963,0.18449457738065364,2.8882964538617677,561.7408531956885,0.2785516659496352,2.1041427470491336,0.03129058070986627,0.00315,0.0,0.00315,9.93351768567183,0.10066927262256817
3,0.0037,0,0.19947029890276202,0.13722061744151307,3.2947402553372815,560.0011350737798,0.2583361580618657,2.0330670110758984,0.03162313326114156,0.006475000000000001,0.0,0.006475000000000001,4.883881584732286,0.20475516915195965
3,0.0037,1,0.20904776484996937,0.1438903170715476,3.255983719513265,566.4623392529088,0.2994060115888715,2.191114451157108,0.03320749603995126,0.006475000000000001,0.0,0.006475000000000001,5.128570816980889,0.19498609567580946
3,0.0037,2,0.20052770448548812,0.13858619857241125,3.3566324180070466,557.894082171127,0.27170198695966974,2.0918014802764184,0.031280148176029504,0.006475000000000001,0.0,0.006475000000000001,4.830910915216911,0.20700029819430013
3,0.0037,3,0.19345682700926203,0.1320224456805491,3.3080368798590256,552.7777113833283,0.28302017130772583,2.1388367013570857,0.030979863780798724,0.006475000000000001,0.0,0.006475000000000001,4.784534946841501,0.20900672920367055
3,0.0037,4,0.1745946772713368,0.1163837732194011,3.494389674627025,565.9434077699602,0.25529915463994257,2.0196761711888875,0.03025907331872426,0.006475000000000001,0.0,0.006475000000000001,4.673215956559731,0.21398540304911726
3,0.0037,5,0.21958707498656843,0.15276089681293278,3.2947251862316627,567.9813492977205,0.25408507912652567,2.011583013910162,0.03242401500002604,0.006475000000000001,0.0,0.006475000000000001,5.007569884173906,0.19969766236521913
3,0.0037,6,0.20287868403015763,0.1333920980981712,3.354113867210896,563.5771076079507,0.2793349895218853,2.1193870636774097,0.03131379449927887,0.006475000000000001,0.0,0.006475000000000001,4.836107258575886,0.20677787868056408
3,0.0037,7,0.17408050751453819,0.12134001979810925,3.406156570862276,558.9034816101503,0.25573671277379617,2.012850222246345,0.02974204285845428,0.006475000000000001,0.0,0.006475000000000001,4.593365692425371,0.2177052877912675
3,0.0037,8,0.17299158377964804,0.11644234612870276,3.428974181427344,566.2027543993879,0.24587966763647273,1.963980964516752,0.03186406191878969,0.006475000000000001,0.0,0.006475000000000001,4.9210906438285225,0.20320698649476968
3,0.0037,9,0.1989591975262086,0.14641065826189306,3.3808275922614057,558.1460894486763,0.25632722105365247,2.0230351611391537,0.03368540385444341,0.006475000000000001,0.0,0.006475000000000001,5.202378973659213,0.19221975274450775
3,0.0037,10,0.21474212688270197,0.1412999716926048,3.3153491021893475,562.9351894112277,0.2610323579865508,2.0419038263942126,0.030469518656193798,0.006475000000000001,0.0,0.006475000000000001,4.705717166979737,0.21250745944041266
3,0.0037,11,0.1909309670627162,0.13420164866497938,3.3777910332062944,556.512107083772,0.27374100661836565,2.1003344225380154,0.028757844711766515,0.006475000000000001,0.0,0.006475000000000001,4.4413659786511985,0.22515595535400815
3,0.0037,12,0.1801897533206831,0.12329820435303943,3.4282099409967377,561.6982922201139,0.26022354906308465,2.029465619492713,0.03043417823578434,0.006475000000000001,0.0,0.006475000000000001,4.70025918699372,0.21275422486639484
3,0.0037,13,0.198879964630462,0.13680305356469769,3.2869093708548007,545.3371895954609,0.2674279978964478,2.0594383547303563,0.030404333962151996,0.006475000000000001,0.0,0.006475000000000001,4.695650032764786,0.2129630600709829
3,0.0037,14,0.18397847855328053,0.12472496275253248,3.424096389202409,553.0251083545061,0.27353410332580097,2.0936490594339103,0.030143687568623588,0.006475000000000001,0.0,0.006475000000000001,4.65539576349399,0.21480450874695886
3,0.0037,15,0.21047408199099168,0.13960940449643264,3.3522422076114893,564.9514466753187,0.2659738424117677,2.045508903205384,0.0325134997975718,0.006475000000000001,0.0,0.006475000000000001,5.021389930126919,0.19914804743608597
3,0.0037,16,0.199087105363256,0.1327363017747244,3.3615993329593845,562.977938379612,0.2636862007784657,2.0524869715969967,0.03015120719179337,0.006475000000000001,0.0,0.006475000000000001,4.6565570952576625,0.21475093712872573
3,0.0037,17,0.1917663881989915,0.13238415771170328,3.2863032221582067,556.9720027094152,0.25538376849726774,2.0225695981471508,0.032504450683246866,0.006475000000000001,0.0,0.006475000000000001,5.019992383513029,0.19920348948820363
3,0.0037,18,0.191350531107739,0.11474938031638342,3.527411474062483,561.4855842185129,0.27539092651568353,2.1055150512025556,0.0342884446301916,0.006475000000000001,0.0,0.006475000000000001,5.295512684199474,0.18883912845374867
3,0.0037,19,0.22196691176470587,0.15072977523367803,3.124322171761174,566.8088235294117,0.2673996803932823,2.069357560568564,0.02995462264164607,0.006475000000000001,0.0,0.006475000000000001,4.626196546972365,0.2161602927688955
3,0.0037,20,0.1769420930406772,0.12303581157672855,3.4126056888249994,554.3897670237471,0.25321875349618495,2.0147556758788965,0.031910762014392496,0.006475000000000001,0.0,0.006475000000000001,4.928303013805791,0.20290960137773034
3,0.0037,21,0.17768098528086512,0.12572025278621254,3.411023247725233,555.7611895464104,0.26944097434170544,2.073526042387874,0.030231682862232608,0.006475000000000001,0.0,0.006475000000000001,4.668985770228973,0.21417927773015222
3,0.0037,22,0.16995494795712288,0.11840617792066167,3.4949111753607265,574.8076743824763,0.2593991545436438,2.020852681809438,0.030156077039185384,0.006475000000000001,0.0,0.006475000000000001,4.657309195240986,0.2147162574092864
3,0.0037,23,0.19517838483355723,0.12661994920157005,3.459639822404318,552.3658755038066,0.26533156749792397,2.0659030428021268,0.03336100625312487,0.006475000000000001,0.0,0.006475000000000001,5.1522789580115615,0.1940888698281845
3,0.0037,24,0.1750987836057953,0.12030996600400795,3.44903245420419,573.3405903773146,0.24017539361375384,1.9493214398682814,0.031154600349700454,0.006475000000000001,0.0,0.006475000000000001,4.811521289529027,0.20783447475878974
3,0.0037,25,0.23881494849236784,0.1685791283192637,3.0570294369047732,556.4703361154974,0.27443659654818475,2.104370629191626,0.03237094284443425,0.006475000000000001,0.0,0.006475000000000001,4.999373412267838,0.20002506665057765
3,0.0037,26,0.17678720339625503,0.12006829002538764,3.4469200225050995,561.018194223334,0.26814045521314256,2.068463942830098,0.03201335003071381,0.006475000000000001,0.0,0.006475000000000001,4.944146722890163,0.20225936972506298
3,0.0037,27,0.18681402439024392,0.12845519812918393,3.3329916878521044,564.0487804878048,0.26657654478913173,2.057932082778512,0.0315741385456327,0.006475000000000001,0.0,0.006475000000000001,4.876314833302347,0.2050728950416801
3,0.0037,28,0.19172080374678954,0.12515939092350092,3.4228129557778684,559.0299138842726,0.2778163460607175,2.1003556046201055,0.030396678387452677,0.006475000000000001,0.0,0.006475000000000001,4.694467704625896,0.21301669601744347
3,0.0037,29,0.18583390950295767,0.1264455295853902,3.388529965574801,568.5040331873704,0.2831073748820927,2.1097677001301176,0.031095710552988674,0.006475000000000001,0.0,0.006475000000000001,4.8024263402299106,0.20822807663347234
3,0.008,0,0.13284671532846715,0.08901448168147796,3.8227682902108846,568.5912408759124,0.2736531925620511,2.090777355835999,0.02960277376207724,0.014,0.0,0.014,2.1144838401483743,0.47292865569018944
3,0.008,1,0.14464325821666543,0.09328953650838125,3.820228089184705,554.0583214793741,0.2697761511954013,2.072155175590891,0.02916054720783269,0.014,0.0,0.014,2.0828962291309066,0.4801007299423901
3,0.008,2,0.14974195506982393,0.09328108802373933,3.7984891559041865,561.655737704918,0.2826670805225149,2.1070646133682613,0.03071417480142458,0.014,0.0,0.014,2.193869628673184,0.4558155994915629
3,0.008,3,0.13999549853702453,0.08848973483256563,3.8083686051433765,555.2201215395004,0.26595674952841364,2.062576330477831,0.03331731530649614,0.014,0.0,0.014,2.3798082361782957,0.4202019241709523
3,0.008,4,0.14235067437379575,0.1078176373227573,3.5156054361674527,570.3410404624277,0.2933660267444793,2.1596412767381716,0.02933257165869163,0.014,0.0,0.014,2.095183689906545,0.47728512054454025
3,0.008,5,0.13365155131264916,0.088846690123412,3.8247584157126933,569.7273847101394,0.26883337207254954,2.0757690044424657,0.030403035841095286,0.014,0.0,0.014,2.1716454172210917,0.46048033075290556
3,0.008,6,0.12249661195603072,0.0861439354855465,3.855568370688715,557.1812979972896,0.2679877101618331,2.04176822344879,0.02891304430705895,0.014,0.0,0.014,2.0652174505042105,0.4842105124357999
3,0.008,7,0.14332495621049424,0.0870695636002855,3.8048515017128954,563.5771076079507,0.28521394840208814,2.120844129779423,0.031473432885967385,0.014,0.0,0.014,2.24810234899767,0.4448196054978795
3,0.008,8,0.11633328320048128,0.08632795122007841,3.825711884059142,556.512107083772,0.3007460832304787,2.1898864148287127,0.033011393237301394,0.014,0.0,0.014,2.3579566598072423,0.4240960052598031
3,0.008,9,0.15376968955497783,0.0922625483892082,3.8327155954378394,565.8570117755008,0.2675024307973217,2.046176258970789,0.029672159336132837,0.014,0.0,0.014,2.1194399525809167,0.4718227561872016
3,0.008,10,0.12135774218154081,0.0890163176876007,3.8211692552691994,564.4782608695652,0.2798733213567175,2.115045226315515,0.031173133652817184,0.014,0.0,0.014,2.226652403772656,0.4491046731432722
3,0.008,11,0.12148181956488666,0.08702902940548125,3.837684309951453,562.9351894112277,0.2949329405382741,2.1702772296216004,0.029668865021711285,0.014,0.0,0.014,2.1192046444079486,0.47187514553573195
3,0.008,12,0.14343480582894635,0.09478005562905169,3.7958544621085517,564.6072327763791,0.2931493653450161,2.1603787893981465,0.03227981439176989,0.014,0.0,0.014,2.3057010279835635,0.4337075743400018
3,0.008,13,0.10496095544327055,0.08373394814226859,3.8476402261962024,566.5489205328433,0.2872175830998458,2.1539569126219775,0.03295245988617282,0.014,0.0,0.014,2.3537471347266297,0.42485447363747614
3,0.008,14,0.144,0.09469891430570554,3.765640287355504,569.2461538461539,0.29541232174960896,2.185050076388086,0.03178481014394234,0.014,0.0,0.014,2.270343581710167,0.4404619671031186
3,0.008,15,0.1283855348766833,0.08864051985192242,3.800590201167894,559.8742623694961,0.26414619252318516,2.0438036187042137,0.028603615605265007,0.014,0.0,0.014,2.043115400376072,0.4894486135320267
3,0.008,16,0.12238003838771593,0.08777016618730474,3.822042244687354,568.1554702495201,0.25693168898578733,2.0216472948559714,0.03052968359282869,0.014,0.0,0.014,2.1806916852020493,0.4585700980958921
3,0.008,17,0.1359783994599865,0.0869499585255034,3.820481442764936,555.0538513462836,0.2986183131870348,2.1821750100265893,0.02941548503399833,0.014,0.0,0.014,2.1011060738570237,0.47593979782481377
3,0.008,18,0.16270793036750483,0.10182273266242571,3.7190003236816347,572.5435203094778,0.2699052729876712,2.070874457963691,0.031236307272593283,0.014,0.0,0.014,2.2311648051852346,0.44819638498957887
3,0.008,19,0.1557632398753894,0.10015186823256314,3.7158263353410215,562.2947344426715,0.261675804737024,2.0390923524307007,0.03010250217771443,0.014,0.0,0.014,2.150178726979602,0.4650776177126073
3,0.008,20,0.09945514542245415,0.08312823559974532,3.7575282291669634,567.8943289079887,0.30939671126543544,2.231378495222856,0.031600340960356334,0.014,0.0,0.014,2.257167211454024,0.443033194406461
3,0.008,21,0.15413220004553388,0.09583402116158839,3.7896381283856235,561.6131896486302,0.28574596805265173,2.138792221958727,0.03307049850942849,0.014,0.0,0.014,2.362178464959178,0.42333803937090825
3,0.008,22,0.15302437556424917,0.09990241629032513,3.73988004975905,556.7628648811315,0.25614070339361206,2.0124123250625456,0.032225657525556096,0.014,0.0,0.014,2.301832680396864,0.43443644210820215
3,0.008,23,0.13982017677537337,0.08889599685455392,3.831768287184286,563.8771715940262,0.2780236727267038,2.109064765694943,0.03041720101292655,0.014,0.0,0.014,2.172657215209039,0.4602658868595552
3,0.008,24,0.13627133939986463,0.09004945484461066,3.773837547436212,556.5538843348123,0.2793940585106611,2.110624214883466,0.03134772501165567,0.014,0.0,0.014,2.239123215118262,0.44660338173805403
3,0.008,25,0.12534924110851015,0.08752951505645994,3.8120878059538352,558.8192252510761,0.2741298690380063,2.0944656920468026,0.03174538800484012,0.014,0.0,0.014,2.267527714631437,0.44100894271210245
3,0.008,26,0.14100412025026704,0.09110778739507268,3.7964656765729807,564.6502365328857,0.27917164243990555,2.10675947848249,0.032012430866165204,0.014,0.0,0.014,2.286602204726086,0.437330112746826
3,0.008,27,0.13741094436865242,0.0965135300729914,3.8343680859341136,560.8908594815825,0.2835677061229944,2.1344342853615768,0.03048832634108665,0.014,0.0,0.014,2.177737595791904,0.45919214598320973
3,0.008,28,0.14387291981845687,0.09706177653143222,3.705184048913437,559.7897125567322,0.27886762903654017,2.0836707454422987,0.030261490057907302,0.014,0.0,0.014,2.161535004136236,0.4626341919452777
3,0.008,29,0.12696865156742163,0.09132563364362457,3.8165843434068263,555.0122993850307,0.25759977943380363,2.0426497785579123,0.03069097906520313,0.014,0.0,0.014,2.192212790371652,0.45616009741028246
3,0.019,0,0.08367285347819527,0.06643193099321587,4.0586058171453265,558.3562698053418,0.31598297762684524,2.241788450576972,0.02995476646839558,0.03325,0.0,0.03325,0.9008952321321978,1.110006984533868
3,0.019,1,0.09845851594378117,0.06854058787894482,4.057839081781197,559.1985794166541,0.31944904377451167,2.2645149738106207,0.03148050006242318,0.03325,0.0,0.03325,0.9467819567646069,1.0562093973751387
3,0.019,2,0.13741797649931328,0.08333011391560086,3.933337739595323,564.6502365328857,0.3507590403605718,2.395893507598737,0.029785757266599006,0.03325,0.0,0.03325,0.8958122486195189,1.1163053436041295
3,0.019,3,0.09640122511485452,0.06825464572975799,4.072436347175197,566.635528330781,0.30203725086175837,2.198813808887177,0.030531649616335307,0.03325,0.0,0.03325,0.918245101243167,1.0890338523408936
3,0.019,4,0.10163227594702802,0.06969908123205174,4.061919877370007,569.7711733908222,0.30146693577989936,2.225355927461239,0.030804814564833766,0.03325,0.0,0.03325,0.926460588416053,1.0793767295699814
3,0.019,5,0.09322419281491587,0.07119441408515917,4.048826992353513,560.8908594815825,0.2974905880400911,2.158684481057236,0.03045887647427713,0.03325,0.0,0.03325,0.9160564353166054,1.0916358004235647
3,0.019,6,0.12585136975934616,0.07292389313261974,4.027079967321573,560.0434387770547,0.30945532958139665,2.2436463839704537,0.030842252317214127,0.03325,0.0,0.03325,0.9275865358560639,1.0780665321722314
3,0.019,7,0.1827614935999394,0.0693359756519972,4.122180414692579,560.5092024539878,0.30524096605950035,2.208265267617391,0.02867575793075626,0.03325,0.0,0.03325,0.8624288099475567,1.1595159953675584
3,0.019,8,0.11692910419648911,0.07556755426331163,3.983124264952527,557.5584268816394,0.30397724619251676,2.2218280735661002,0.03139699735278646,0.03325,0.0,0.03325,0.9442705970762846,1.0590184668423106
3,0.019,9,0.09467141666035019,0.07144500321017322,4.033841432814503,560.9332979610399,0.3239276525564492,2.2918363027932784,0.030789363481873715,0.03325,0.0,0.03325,0.9259958941916906,1.0799183951813396
3,0.019,10,0.11308086904043452,0.07260777276341986,4.016411395838878,558.2721786360893,0.3013145687582437,2.1969871695364502,0.03145064954767391,0.03325,0.0,0.03325,0.9458841969225236,1.057211869331938
3,0.019,11,0.10456915056731064,0.07476552649901151,3.994224813190129,567.329346826127,0.29450604715384543,2.1673949005818343,0.03050897393376345,0.03325,0.0,0.03325,0.9175631258274721,1.0898432727428808
3,0.019,12,0.12545927740355176,0.07767179325688753,4.011624042901167,566.4623392529088,0.296095939935185,2.176105271578998,0.02906448848730765,0.03325,0.0,0.03325,0.8741199545054932,1.1440077472727639
3,0.019,13,0.10800459594025277,0.0712436688249478,4.04179591131056,566.852163921869,0.3032033222843893,2.2139321634559215,0.03109471901700714,0.03325,0.0,0.03325,0.9351795193084853,1.0693134091938261
3,0.019,14,0.09636184857423795,0.06802600625223042,4.051572325137996,559.7474472430225,0.3280977078829892,2.320975962342195,0.031646476193151724,0.03325,0.0,0.03325,0.9517737200947887,1.0506699007201086
3,0.019,15,0.1083974069048696,0.0766907751303051,3.970507271847968,557.8521031207598,0.2899208757735323,2.1470610729892012,0.032707515920459375,0.03325,0.0,0.03325,0.983684689337124,1.0165859150190397
3,0.019,16,0.13015993907083015,0.08295617043172133,3.89829978729857,563.6199543031227,0.32524365713470615,2.275384176848088,0.029337796663975766,0.03325,0.0,0.03325,0.8823397492925042,1.1333502778287394
3,0.019,17,0.12300683371298406,0.07360308381558338,4.02738212559907,561.9111617312072,0.2933964996773284,2.1661121398126797,0.03193058225778913,0.03325,0.0,0.03325,0.9603182633921542,1.0413214432345346
3,0.019,18,0.10547882835028077,0.07287247695289205,4.020133781599202,561.57064804978,0.30181172327138484,2.202762241406802,0.031284391377725734,0.03325,0.0,0.03325,0.9408839512097965,1.0628303296216197
3,0.019,19,0.1136605379121714,0.0755022461227017,4.017565855743205,562.2520893481234,0.3029739818884991,2.1987753941203074,0.030957377677552807,0.03325,0.0,0.03325,0.9310489527083551,1.074057381291361
3,0.019,20,0.14589364619838488,0.08106604415630149,3.9713511710311655,563.7914063690386,0.2969903290795628,2.1942198692725494,0.031131004789027784,0.03325,0.0,0.03325,0.9362708207226401,1.0680670355914457
3,0.019,21,0.09999240179317681,0.07155015742128648,4.032926993661052,562.2947344426715,0.2939664461882785,2.191857228990509,0.030175998190286307,0.03325,0.0,0.03325,0.9075488177529716,1.1018691010759412
3,0.019,22,0.12463657230298393,0.07216974404004362,4.023769261071198,566.2027543993879,0.31443739373935387,2.2395890460595136,0.029086214071816795,0.03325,0.0,0.03325,0.8747733555433622,1.1431532449669248
3,0.019,23,0.1148047640584954,0.06939152732320376,4.091319402274284,557.8521031207598,0.3206975646025967,2.277747019874906,0.031277228373799516,0.03325,0.0,0.03325,0.9406685225202862,1.0630737353906028
3,0.019,24,0.09756286266924565,0.06988582174277644,4.031898465778307,572.5435203094778,0.312571034533903,2.2677392607987255,0.03149403660407535,0.03325,0.0,0.03325,0.9471890707992585,1.0557554250031396
3,0.019,25,0.10147975662885901,0.07509880248312212,4.021993873596695,555.8862014572222,0.2968189222738147,2.1724545065406176,0.02995412849847363,0.03325,0.0,0.03325,0.900876045066876,1.1100306257180648
3,0.019,26,0.11430317848410758,0.07110722368462373,4.053662313291851,565.4254278728606,0.3241674439923372,2.2609806729370536,0.03367978117152699,0.03325,0.0,0.03325,1.0129257495196087,0.9872391934692756
3,0.019,27,0.11239606953892668,0.06925398616814696,4.072166650406866,559.3673469387755,0.3180530090467073,2.2392462837255804,0.03133060944381711,0.03325,0.0,0.03325,0.942273968235101,1.0612624711186929
3,0.019,28,0.08521265324655668,0.06419838026024459,4.11266499164597,560.0434387770547,0.3064966909587383,2.209123614866617,0.028621872159237793,0.03325,0.0,0.03325,0.8608081852402343,1.1616989907233748
3,0.019,29,0.1110684384361318,0.07675507911168238,3.9804260517835806,568.4168522928028,0.30809728647000156,2.232411946020335,0.028465235474183746,0.03325,0.0,0.03325,0.856097307494248,1.1680915139506134
3,0.06,0,0.09682069959784506,0.059097778064931335,4.202559605444006,561.5281129068974,0.47379259567242116,2.902418706874727,0.033860965325801795,0.105,0.0,0.105,0.32248538405525523,3.100915729652598
3,0.06,1,0.0835538752362949,0.05892457986783796,4.196700938100631,559.578449905482,0.4706030320376158,2.880905461711034,0.03282653722228273,0.105,0.0,0.105,0.3126336878312641,3.1986316220014137
3,0.06,2,0.11243766057125586,0.05587939841338605,4.237786572516386,559.1985794166541,0.4471065153484233,2.769862406786716,0.03396979483260421,0.105,0.0,0.105,0.32352185554861157,3.0909812825604996
3,0.06,3,0.0704437580049725,0.05512577443574229,4.243769222601411,557.5584268816394,0.44187138957204297,2.7168340786526923,0.032537095511779204,0.105,0.0,0.105,0.3098771001121829,3.227085833828883
3,0.06,4,0.07524677296886864,0.05547822054253851,4.233523866797072,561.9111617312072,0.4284424389479682,2.734060346849228,0.03222307564075106,0.105,0.0,0.105,0.30688643467381965,3.2585343860600093
3,0.06,5,0.09587378640776699,0.05637684976765368,4.2480845824928375,561.3155339805825,0.4376509389549028,2.756325922867113,0.03223421235700786,0.105,0.0,0.105,0.3069924986381701,3.257408583063223
3,0.06,6,0.07152557718424626,0.05497462183962266,4.245913230186356,558.3562698053418,0.42719380275229923,2.73139082850194,0.0321333131977009,0.105,0.0,0.105,0.3060315542638181,3.2676369023631406
3,0.06,7,0.0753875236294896,0.05492248372028706,4.243642126494552,559.578449905482,0.4418294892529957,2.7561495172982253,0.0316998523142137,0.105,0.0,0.105,0.3019033553734638,3.3123182707359082
3,0.06,8,0.0727614747930775,0.05418510688310719,4.25614827748831,556.8465011286681,0.4509273863513954,2.789989368175526,0.030632112195995966,0.105,0.0,0.105,0.29173440186662825,3.4277753792546153
3,0.06,9,0.06657452199953928,0.05452087987743296,4.247209972694101,568.2425708362128,0.4585620462312363,2.8290768612088346,0.031985555516910485,0.105,0.0,0.105,0.3046243382562904,3.28273179262081
3,0.06,10,0.10215543412264724,0.05839430315115121,4.2361097719470555,561.655737704918,0.4375696659262758,2.728532068195615,0.03337486160828723,0.105,0.0,0.105,0.3178558248408308,3.1460804611674464
3,0.06,11,0.06295787545787546,0.0556401157081674,4.230932301709211,564.7362637362637,0.4357823079044465,2.7472187176794556,0.03268255389159345,0.105,0.0,0.105,0.3112624180151757,3.2127232268408474
3,0.06,12,0.08244401022095295,0.0565203276426117,4.22311426251765,556.1781151360289,0.43811122738406993,2.703685339048745,0.0319208394802494,0.105,0.0,0.105,0.3040079950499943,3.2893871749509396
3,0.06,13,0.07105561861521,0.05425163783420301,4.240216059781193,560.0011350737798,0.4461168252164498,2.777772257271618,0.031301799735923994,0.105,0.0,0.105,0.2981123784373714,3.3544397090846862
3,0.06,14,0.06261453879047037,0.05356596738117115,4.2616160821167,565.0806353084912,0.4548090753087308,2.816959690888253,0.029958793423116258,0.105,0.0,0.105,0.28532184212491674,3.5048140463154236
3,0.06,15,0.080057453885697,0.0569302770052456,4.221097013371932,559.4517689749017,0.48113084596116096,2.899222856520737,0.029463858557699372,0.105,0.0,0.105,0.28060817673999405,3.563688027974253
3,0.06,16,0.08314350797266515,0.060396741725971786,4.170312272888864,561.9111617312072,0.4565706414578017,2.8302178958471327,0.03144958447901505,0.105,0.0,0.105,0.2995198521810957,3.3386768613767206
3,0.06,17,0.07469224378823351,0.055598694921312766,4.235097000634426,558.9034816101503,0.44599852128885686,2.7627778474550095,0.03230628977472661,0.105,0.0,0.105,0.3076789502354915,3.250141094262767
3,0.06,18,0.07255449128893582,0.05485065518316427,4.2498137717354005,558.1460894486763,0.4327186254959088,2.714207455837988,0.03194911200260172,0.105,0.0,0.105,0.30427725716763543,3.2864763186986075
3,0.06,19,0.09595314963585855,0.056209953029293665,4.24958212213356,555.6362339514978,0.46230439582723193,2.822360652453514,0.03128299352524834,0.105,0.0,0.105,0.29793327166903183,3.35645627760192
3,0.06,20,0.0741586721486219,0.054812336065624676,4.249285037097096,563.4486066697121,0.44851952069438994,2.8046065584903674,0.03236171312758552,0.105,0.0,0.105,0.30820679169129067,3.2445748340342564
3,0.06,21,0.06555750591467603,0.05430835158614492,4.248757643779216,564.7792871861406,0.44623310468159616,2.777298651341517,0.030466966610309395,0.105,0.0,0.105,0.2901615867648514,3.4463555674252833
3,0.06,22,0.06739429094794688,0.056434494647476935,4.215261777277882,564.8223172034803,0.4378987588279415,2.722983069216264,0.031609158047075724,0.105,0.0,0.105,0.3010396004483402,3.321822107492481
3,0.06,23,0.06754292660689865,0.05524791627494972,4.237378185761977,562.2520893481234,0.4439266026893165,2.7516797474653876,0.031933407111356775,0.105,0.0,0.105,0.30412768677482643,3.2880926120363108
3,0.06,24,0.0540825549864417,0.054834362065510844,4.240844791634565,557.4326604398915,0.4637456072960049,2.8498785529335837,0.03057342113578436,0.105,0.0,0.105,0.2911754393884225,3.4343555970942283
3,0.06,25,0.07044063184944449,0.05389371236387832,4.259064543825744,559.3251454916484,0.47475769961602055,2.897972429031431,0.03093163864992959,0.105,0.0,0.105,0.2945870347612342,3.3945825240086016
3,0.06,26,0.06668187347931874,0.05465227994165067,4.246011823201675,562.6788321167883,0.43675229884684086,2.7257541707287247,0.03155850470683229,0.105,0.0,0.105,0.30055718768411704,3.327153836197693
3,0.06,27,0.0680632231717462,0.05416622332077738,4.25783701551335,559.6629357936928,0.48166202037828043,2.919783360654507,0.03102965294511285,0.105,0.0,0.105,0.29552050423917003,3.3838599544033063
3,0.06,28,0.08394188059926222,0.05473532316337863,4.254563122000154,557.1394263344124,0.4334049631142989,2.72942714741504,0.030641966533391154,0.105,0.0,0.105,0.2918282526989634,3.4266730200093205
3,0.06,29,0.07729211087420043,0.05421959335126606,4.264962211404957,563.5342674383186,0.46435629701591097,2.8281485561279975,0.029876875516206658,0.105,0.0,0.105,0.28454167158292054,3.514423720212742
3,0.25,0,0.06137156728872705,0.050369981192627845,4.317537132857224,561.4005461993628,1.0371764288283885,5.093434738556287,0.02918075128717042,0.4375,0.0,0.4375,0.06669886008496097,14.99275997710007
3,0.25,1,0.07109654804541644,0.05078764374406184,4.3135021640676205,563.9200640097539,1.092593654844677,5.345250228419383,0.031316154767211064,0.4375,0.0,0.4375,0.07157978232505387,13.970425272584084
3,0.25,2,0.03263629574309186,0.05029228304642931,4.315835654726565,552.6952949962658,1.0608502415998373,5.221553634982579,0.02993460968131246,0.4375,0.0,0.4375,0.06842196498585705,14.615189730471814
3,0.25,3,0.041692260442260445,0.05039813645654502,4.314952290167791,568.1990171990172,1.0534121945966035,5.1135144548484766,0.032050215871068315,0.4375,0.0,0.4375,0.07325763627672757,13.650454079934315
3,0.25,4,0.048865484395570355,0.05025440107096157,4.3170217935094986,573.0746534500116,1.0477704142394941,5.141257455397465,0.030632853816481145,0.4375,0.0,0.4375,0.07001795158052833,14.282051637141802
3,0.25,5,0.034746670748507576,0.05030825027145574,4.313311793791143,566.3757844787999,1.0434462779667228,5.182625025384985,0.03279300248701085,0.4375,0.0,0.4375,0.0749554342560248,13.341260842867062
3,0.25,6,0.06490548849920291,0.05033896602549385,4.316725592412601,561.7834206331132,1.0441928340005688,5.154570562812703,0.030465426728157344,0.4375,0.0,0.4375,0.06963526109293107,14.360540684488273
3,0.25,7,0.04326300556021022,0.0503615412865214,4.315123579556475,563.6628075253257,1.0692894560052082,5.2644832988502035,0.031354511677025784,0.4375,0.0,0.4375,0.07166745526177322,13.9533348344432
3,0.25,8,0.05005749329244921,0.05037471842690353,4.315418831030072,567.2859333077807,1.04534657674958,5.14012047026797,0.0328961118997612,0.4375,0.0,0.4375,0.0751911129137399,13.29944405992782
3,0.25,9,0.046621108580106305,0.050354938902407,4.31535178606538,561.9111617312072,1.0566599529702216,5.145715719999563,0.030448470162364367,0.4375,0.0,0.4375,0.06959650322826141,14.368537981286464
3,0.25,10,0.04394674055260525,0.050327971171730684,4.316067631887246,569.5522973909028,1.062513054406736,5.263910271623424,0.029502874518293115,0.4375,0.0,0.4375,0.06743514175609855,14.829063511378536
3,0.25,11,0.06357115892789732,0.050491407235989515,4.3154358543541855,558.7349943374859,1.0484879720315803,5.192882093688235,0.0314438174189268,0.4375,0.0,0.4375,0.07187158267183269,13.913705011423264
3,0.25,12,0.02883955138475624,0.05030640612015581,4.315162662525128,564.6072327763791,1.0520956365799066,5.126302209658757,0.032905087766618206,0.4375,0.0,0.4375,0.07521162918084161,13.295816230699685
3,0.25,13,0.04529695507989147,0.050368015387903795,4.316277743794393,557.7681640036177,1.0471117651031818,5.179785692284271,0.030878173090753972,0.4375,0.0,0.4375,0.0705786813502948,14.16858434966812
3,0.25,14,0.05261960724846463,0.05068071573840094,4.31090713283453,561.1031162332247,1.0921129998459946,5.320846117631374,0.03171964437800506,0.4375,0.0,0.4375,0.072502044292583,13.792714533185936
3,0.25,15,0.05516610789393478,0.05044899948201429,4.314943682186054,563.8771715940262,1.0810786068905145,5.317958834346221,0.030954550051785275,0.4375,0.0,0.4375,0.07075325726122349,14.133624920022624
3,0.25,16,0.04869197036140935,0.05035577228563706,4.316266881383858,559.5362165431725,1.0338493326562457,5.024034908836164,0.030966693003054883,0.4375,0.0,0.4375,0.07078101257841116,14.12808270992451
3,0.25,17,0.056946749132599186,0.05043650630057352,4.316310939927165,558.188112837532,1.0807168179308064,5.329812186964328,0.03096908583644561,0.4375,0.0,0.4375,0.07078648191187568,14.126991100432587
3,0.25,18,0.059314954051796154,0.050562103247350824,4.314431425761424,562.038961038961,1.0933148092299234,5.254269837312953,0.029166459191025167,0.4375,0.0,0.4375,0.06666619243662895,15.00010670251751
3,0.25,19,0.06501709020656858,0.050377734090309656,4.317257307819805,549.9077128845297,1.0771949479239993,5.271992016079372,0.030878833975694627,0.4375,0.0,0.4375,0.07058019194444486,14.168281106221995
3,0.25,20,0.04887104106682831,0.050377147643640804,4.31511344736874,560.7211698742234,1.0429493186529726,5.107919818264609,0.03160790137512884,0.4375,0.0,0.4375,0.0722466317145802,13.841475737590525
3,0.25,21,0.053413806110901546,0.050411970774101866,4.3162415234857345,558.3142210486609,1.059102629253175,5.2569297798906,0.03177865016481414,0.4375,0.0,0.4375,0.07263691466243231,13.767104572755184
3,0.25,22,0.0638763197586727,0.05038516951743761,4.31662497871663,558.10407239819,1.0595793647225946,5.203293909853834,0.03130509059962012,0.4375,0.0,0.4375,0.0715544927991317,13.975362844192151
3,0.25,23,0.04892427838603476,0.05028457741383697,4.317488666327928,566.5922211163005,1.064635518094292,5.311505253324215,0.029613019832719256,0.4375,0.0,0.4375,0.06768690247478687,14.773906966307056
3,0.25,24,0.05475989890480202,0.05047942317143304,4.315186058182959,566.7654897755993,1.0620884261734318,5.223513290669117,0.03076180547817435,0.4375,0.0,0.4375,0.07031269823582709,14.222182124856369
3,0.25,25,0.07661713942668467,0.050484554080410145,4.317320654976093,555.3448896893291,1.04667029279517,5.146978410200222,0.027813226693006503,0.4375,0.0,0.4375,0.06357308958401486,15.729926082614758
3,0.25,26,0.08730701954521257,0.05058522591600831,4.315194398111185,562.8069815195072,1.0532369733555242,5.231063450584004,0.03159596193171744,0.4375,0.0,0.4375,0.07221934155821129,13.846706137495943
3,0.25,27,0.19606209769026883,0.05104893550416423,4.3120268290418675,560.4244604316547,1.0584378485218622,5.229469818115931,0.03146620430319489,0.4375,0.0,0.4375,0.07192275269301689,13.90380599402575
3,0.25,28,0.051831113801452784,0.050389251772090186,4.316476676702396,559.9588377723971,1.043262686842354,5.156932654921964,0.030143520526310447,0.4375,0.0,0.4375,0.06889947548870959,14.513898587861787
3,0.25,29,0.07725028484618306,0.05056860661748088,4.315825074298518,562.1241929358147,1.046153136412613,5.178838961302338,0.031112604194547862,0.4375,0.0,0.4375,0.07111452387325226,14.06182514534309
3,1.0,0,0.04918032786885246,0.04996981681622771,4.3235405220214576,566.8955109544967,3.4906963815155905,15.024217981370983,0.03283376370972355,1.75,0.0,1.75,0.0187621506912706,53.29879374997592
3,1.0,1,0.04675876726886291,0.04996672082852986,4.323591844154994,561.7408531956885,3.495356100349454,14.773174862311155,0.03227037633252963,1.75,0.0,1.75,0.01844021504715979,54.22930250230583
3,1.0,2,0.047871522975257416,0.04996293739945955,4.323444485602347,568.6348547717843,3.4875349783105776,14.930727193900927,0.03233494869313631,1.75,0.0,1.75,0.018477113538935032,54.12100747732035
3,1.0,3,0.05640289942615524,0.04996264510363649,4.323759217515216,558.7771066143159,3.4888015763426665,14.802067488040803,0.030289719469161716,1.75,0.0,1.75,0.017308411125235266,57.77537826924061
3,1.0,4,0.04777241009125067,0.04997352548470472,4.323543798729511,567.4596273291926,3.4875899000035133,14.916787136905898,0.028937228166801523,1.75,0.0,1.75,0.016535558952458014,60.47573008418623
3,1.0,5,0.03915942928039702,0.04995272448741865,4.323868834426193,573.8287841191067,3.4778261087776627,14.939341311287082,0.028243418477042346,1.75,0.0,1.75,0.016139096272595625,61.96133805199562
3,1.0,6,0.05244996549344375,0.05000241566567398,4.323172601666021,567.4596273291926,3.522867257677717,15.32273633370919,0.033388475952516955,1.75,0.0,1.75,0.019079129115723976,52.41329381097666
3,1.0,7,0.052144914355009855,0.04995338640090531,4.323654195539713,560.8908594815825,3.502782656607451,15.142405135354803,0.029162204435278945,1.75,0.0,1.75,0.0166641168201594,60.00918085201197
3,1.0,8,0.06544660340412713,0.04998419467022554,4.323624056163826,557.3488477180298,3.484858216426801,14.77902432710671,0.030870976420343567,1.75,0.0,1.75,0.01764055795448204,56.68754937232154
3,1.0,9,0.05174888569917655,0.05002911535672445,4.32314528905568,559.0720707108861,3.5214293938479386,14.962587418947253,0.030632719790570313,1.75,0.0,1.75,0.017504411308897322,57.12845649894605
3,1.0,10,0.05481212671051637,0.04996425600171046,4.323660306501677,559.4939895667952,3.5010591017780825,14.97294137344925,0.029923988786186982,1.75,0.0,1.75,0.017099422163535417,58.481508347837845
3,1.0,11,0.042171446097224355,0.04997275574951126,4.323601706490834,567.4161938353013,3.509759525943082,15.306496249371156,0.03028351460256221,1.75,0.0,1.75,0.017304865487178404,57.78721601395424
3,1.0,12,0.04853788048762247,0.049947806417709927,4.3240557032473985,553.4792461296836,3.494310558802681,15.049716298623418,0.030119553460765103,1.75,0.0,1.75,0.017211173406151487,58.10179099366854
3,1.0,13,0.04782608695652174,0.049971838443605594,4.323639884660194,564.4782608695652,3.4800587079080287,14.841560925008455,0.029724968385778892,1.75,0.0,1.75,0.01698569622044508,58.87306513796799
3,1.0,14,0.04804351110439643,0.04995886902864549,4.323591857314049,559.0299138842726,3.489134868927067,15.025129035686374,0.0300614961382956,1.75,0.0,1.75,0.01717799779331177,58.214002122491166
3,1.0,15,0.05880127137884062,0.049969541161310305,4.323623834364512,560.0434387770547,3.4991944188659545,15.020592573778416,0.030914766981784778,1.75,0.0,1.75,0.017665581132448444,56.60725183635101
3,1.0,16,0.05343170131902526,0.04997398199421836,4.32336878087209,551.5030181086519,3.4825561729085166,14.923808951065674,0.030956200216136334,1.75,0.0,1.75,0.01768925726636362,56.531486028049045
3,1.0,17,0.04951249238269348,0.049973186714560226,4.323533796560376,563.7056672760511,3.4950672159029637,14.586119842868737,0.030362791468840477,1.75,0.0,1.75,0.01735016655362313,57.63633432044352
3,1.0,18,0.04243023344232378,0.05000147940306395,4.32325361374791,562.7215420880541,3.489713660441339,14.98597221321444,0.028752061391563985,1.75,0.0,1.75,0.01642974936660799,60.865201147402246
3,1.0,19,0.04918782887211164,0.04994867105723709,4.323565667108148,564.3493479752917,3.481984951387858,14.662654532919186,0.030207004619239412,1.75,0.0,1.75,0.017261145496708236,57.93358269245246
3,1.0,20,0.07056772530887592,0.049980943496562034,4.323553967861741,560.9332979610399,3.5373477827815805,15.144165689765511,0.030995476511286396,1.75,0.0,1.75,0.017711700863592226,56.45985146777052
3,1.0,21,0.03975164685394109,0.049956778980600365,4.323480367694924,560.3397440751116,3.520073806401342,14.930107912417895,0.029644732530897985,1.75,0.0,1.75,0.016939847160513135,59.03240982781739
3,1.0,22,0.04803262593459708,0.04994851238441079,4.323686952882332,558.9034816101503,3.4804493973206263,14.86558204036434,0.032256724293942426,1.75,0.0,1.75,0.018432413882252814,54.25225401230952
3,1.0,23,0.04588128407026045,0.049974286440962225,4.323545594142766,560.2973955178679,3.485022649343591,15.005417890171103,0.030815499813965194,1.75,0.0,1.75,0.017608857036551538,56.789602977879404
3,1.0,24,0.03931467033807557,0.04998240829701185,4.323618388165353,566.0298301973382,3.533568696147995,14.976275674687948,0.02916045000999823,1.75,0.0,1.75,0.01666311429142756,60.01279127722577
3,1.0,25,0.042770946307187044,0.04995745208922561,4.323522221143884,565.2098831436646,3.5100798353087157,15.03585607962933,0.03116600567779359,1.75,0.0,1.75,0.017809146101596337,56.15092348028771
3,1.0,26,0.05262365429496349,0.049948557593296035,4.3236460620870005,557.1394263344124,3.492269097303506,14.837201322458764,0.029794685488587967,1.75,0.0,1.75,0.01702553456490741,58.73530702884208
3,1.0,27,0.03717528757522663,0.04993780275758838,4.323882269500276,563.7485335567914,3.5047475064056925,14.92323188912195,0.029999725895623195,1.75,0.0,1.75,0.017142700511784684,58.3338663189358
3,1.0,28,0.051108605787298006,0.049966067435282244,4.323733649486434,556.2198421645998,3.490330476750387,14.852678404916219,0.03098721264751339,1.75,0.0,1.75,0.017706978655721937,56.474908534260535
3,1.0,29,0.13124711671536213,0.050002565457403184,4.323408539791987,568.9840073812087,3.4880074591492303,14.853446164226884,0.029752181329505124,1.75,0.0,1.75,0.01700124647400293,58.81921666914996
5,0.0001,0,0.6204268292682927,0.5476946241412841,1.1677567357249101,564.0487804878048,0.2511307081731502,2.001787398506764,0.032602315313848,0.00017500000000000003,0.0,0.00017500000000000003,186.29894465056,0.005367716934069031
5,0.0001,1,0.6514320536258379,0.5806371526299937,1.062267305376091,563.7056672760511,0.25504269104567356,2.014165880739922,0.029701046915999382,0.00017500000000000003,0.0,0.00017500000000000003,169.72026809142503,0.005892048199342458
5,0.0001,2,0.6677880571909167,0.5945675550714841,1.0347579041762096,565.8138236868263,0.25906965526519343,2.0215482081034075,0.033847081391803924,0.00017500000000000003,0.0,0.00017500000000000003,193.41189366745095,0.005170312854282801
5,0.0001,3,0.6723151076969424,0.6022226140055938,1.00684774195972,557.3488477180298,0.2706504546222277,2.065401464683572,0.030188012745095954,0.00017500000000000003,0.0,0.00017500000000000003,172.50292997197684,0.005797002985180891
5,0.0001,4,0.6393703171119353,0.5695860842843833,1.0952755595328763,560.0857488836751,0.24644082252052613,1.9622867081569275,0.03234114376594648,0.00017500000000000003,0.0,0.00017500000000000003,184.80653580540846,0.005411064038627657
5,0.0001,5,0.6309112745833959,0.5577170679995572,1.133581619374958,555.5113346344393,0.2529738119628746,1.9959774661868215,0.03152960695952492,0.00017500000000000003,0.0,0.00017500000000000003,180.16918262585665,0.005550338772844534
5,0.0001,6,0.60546202768425,0.5320159857128526,1.205053787578022,553.7272727272727,0.23876756959361956,1.9448766203133623,0.02807637039913445,0.00017500000000000003,0.0,0.00017500000000000003,160.43640228076828,0.00623299940527195
5,0.0001,7,0.636466591166478,0.560764017145947,1.1306775491803145,558.7349943374859,0.254058865015395,2.0132695853424316,0.03157779526981508,0.00017500000000000003,0.0,0.00017500000000000003,180.4445443989433,0.005541868851346975
5,0.0001,8,0.7047250075964753,0.638050377120589,0.9056047805202125,562.1668185961714,0.26562377510708757,2.0510139060693353,0.03532134706714723,0.00017500000000000003,0.0,0.00017500000000000003,201.836268955127,0.004954510926984703
5,0.0001,9,0.6636204401797273,0.5864066701677859,1.0503522389703044,563.5771076079507,0.2649443638219964,2.0380288339285646,0.031581125863930734,0.00017500000000000003,0.0,0.00017500000000000003,180.46357636531846,0.005541284397332715
5,0.0001,10,0.6141493713073777,0.5344693249722154,1.204515024937854,560.5515830934706,0.2532277737627737,1.9994323434824122,0.029704074082888426,0.00017500000000000003,0.0,0.00017500000000000003,169.73756618793385,0.005891447735811161
5,0.0001,11,0.6607765812225087,0.5853092056986134,1.0599165972522075,561.2305475504322,0.25805616049910896,2.0314948847807406,0.03168758593585891,0.00017500000000000003,0.0,0.00017500000000000003,181.07191963347944,0.005522667468396928
5,0.0001,12,0.6287696019300362,0.5518739361396434,1.1517790819212557,557.9360675512665,0.2433596970513463,1.9628538494217398,0.03221324525306237,0.00017500000000000003,0.0,0.00017500000000000003,184.07568716035638,0.005432547966689682
5,0.0001,13,0.6217037768827418,0.5432553244214842,1.1743017557213065,562.3800440762976,0.23902073479257524,1.958405894003266,0.030920304758422158,0.00017500000000000003,0.0,0.00017500000000000003,176.6874557624123,0.005659711356898352
5,0.0001,14,0.6295368261199696,0.5551675925075955,1.1509144187089484,561.9111617312072,0.23618898703716695,1.939891192604092,0.028634785262654627,0.00017500000000000003,0.0,0.00017500000000000003,163.62734435802642,0.006111447960751231
5,0.0001,15,0.6316623886456288,0.5556836691771055,1.142505470307461,558.6928884191454,0.2485390420188196,1.9842352967955965,0.03072746830232056,0.00017500000000000003,0.0,0.00017500000000000003,175.58553315611746,0.00569523002279963
5,0.0001,16,0.6392583023026066,0.5601734517223486,1.133179967154074,562.3800440762976,0.24226644093869254,1.953817790301619,0.029713655002137875,0.00017500000000000003,0.0,0.00017500000000000003,169.7923142979307,0.005889548087820529
5,0.0001,17,0.6615654027714329,0.5945672052730487,1.0257050629154851,563.4486066697121,0.25783779032644816,2.023950292606867,0.031633758487549554,0.00017500000000000003,0.0,0.00017500000000000003,180.76433421456886,0.005532064742445217
5,0.0001,18,0.6603316423108957,0.5826617974578432,1.0640350764460087,560.3397440751116,0.2549908409710042,2.0077423189747234,0.03025449670378507,0.00017500000000000003,0.0,0.00017500000000000003,172.88283830734323,0.005784264128185156
5,0.0001,19,0.6372712146422629,0.5580117107545493,1.1430332481488006,559.7051883224929,0.2537716352380812,1.9893499811703812,0.03169705956516943,0.00017500000000000003,0.0,0.00017500000000000003,181.126054658111,0.005521016851427449
5,0.0001,20,0.6436781609195402,0.5725855886252008,1.0842638129159425,567.0689655172414,0.24555273988517,1.98872171162745,0.031557235403885935,0.00017500000000000003,0.0,0.00017500000000000003,180.32705945077674,0.005545479436340315
5,0.0001,21,0.6405625576391024,0.5597101898449671,1.1294167609394365,568.7221026744544,0.26965155682410114,2.068005634028027,0.02859599287070934,0.00017500000000000003,0.0,0.00017500000000000003,163.4056735469105,0.006119738551874211
5,0.0001,22,0.631268656716418,0.5505531527087149,1.1603134027499091,552.2835820895523,0.24218915865640156,1.970266882785448,0.030342205839670292,0.00017500000000000003,0.0,0.00017500000000000003,173.3840333695445,0.005767543761475637
5,0.0001,23,0.6431548078407162,0.5668876702998192,1.1079268674134075,571.0879765395895,0.243389583658427,1.9558721201181444,0.03144006387039982,0.00017500000000000003,0.0,0.00017500000000000003,179.65750783085608,0.005566146453180681
5,0.0001,24,0.6284695889579858,0.5422606955414434,1.1876476121492938,561.2305475504322,0.23783384345006198,1.9451382046031702,0.029306753763028905,0.00017500000000000003,0.0,0.00017500000000000003,167.46716436016516,0.005971319833476959
5,0.0001,25,0.6475104522995059,0.5756113108455125,1.0777973891350647,562.5507411630558,0.2479083245852962,1.998893296864394,0.031738521665315426,0.00017500000000000003,0.0,0.00017500000000000003,181.36298094465954,0.005513804387154049
5,0.0001,26,0.6487838669950738,0.5766503284859988,1.0762680895652035,569.5960591133005,0.2512328226293903,1.9867051987946605,0.03282375813221655,0.00017500000000000003,0.0,0.00017500000000000003,187.56433218409455,0.005331504067727009
5,0.0001,27,0.638512999847955,0.5623376267482603,1.1257002504157332,562.5934316557701,0.2478536932321731,1.9711544787050626,0.03033618193000346,0.00017500000000000003,0.0,0.00017500000000000003,173.34961102859117,0.005768689032910875
5,0.0001,28,0.6617781155015198,0.5960596831074395,1.0241273317587518,562.3373860182371,0.2632702153932769,2.046792242812981,0.030736902291244515,0.00017500000000000003,0.0,0.00017500000000000003,175.63944166425435,0.00569348200224618
5,0.0001,29,0.6330525836558161,0.5594049118171313,1.1406866013297587,561.5281129068974,0.23931867600185797,1.9605431921666563,0.02817966914180497,0.00017500000000000003,0.0,0.00017500000000000003,161.0266808103141,0.006210150982233671
5,0.0003,0,0.4010666666666667,0.31067276235497354,2.094441398544438,563.8342857142857,0.24651953650754876,1.9797534200183955,0.032817771722569375,0.000525,0.0,0.000525,62.510041376322626,0.015997429820591626
5,0.0003,1,0.3634990179785466,0.2781459125867173,2.255999240676708,559.0299138842726,0.24271564360242337,1.9723416860146459,0.028480381846061706,0.000525,0.0,0.000525,54.24834637345087,0.018433741613355422
5,0.0003,2,0.3876371182923214,0.3048963233744302,2.135166898110651,548.5244589386303,0.2617631408502348,2.0242658696625497,0.02937344611726008,0.000525,0.0,0.000525,55.94942117573349,0.01787328588903655
5,0.0003,3,0.4463943597210514,0.3606031804301243,1.8959899844603048,567.1123457736225,0.25817295018350706,2.0440425149974217,0.03040511526116193,0.000525,0.0,0.000525,57.914505259356055,0.017266831435781806
5,0.0003,4,0.4865419708029197,0.38482498733319165,1.842003432572074,562.6788321167883,0.2385108465969097,1.9481515697749212,0.03016518520719499,0.000525,0.0,0.000525,57.45749563275237,0.017404169621169013
5,0.0003,5,0.41221549544026365,0.3222534648433884,2.045162442931851,567.1123457736225,0.24976381560554728,1.9928184699949991,0.028468532745508843,0.000525,0.0,0.000525,54.22577665811209,0.01844141405857396
5,0.0003,6,0.4129085333931643,0.3230993960469705,2.0254791890726347,553.4792461296836,0.25458715826971456,1.9854639549639947,0.03238575558789968,0.000525,0.0,0.000525,61.687153500761305,0.016210830671375662
5,0.0003,7,0.41884145421632224,0.3243070098054889,2.048389055165485,558.188112837532,0.25356158716022037,1.9998500385600475,0.03278514230587791,0.000525,0.0,0.000525,62.447890106434116,0.0160133512644804
5,0.0003,8,0.42047005307050794,0.33291682202013373,2.018195063298917,561.0606520090978,0.2566962311102543,2.023518691134173,0.031701824015606,0.000525,0.0,0.000525,60.38442669639238,0.01656056130213693
5,0.0003,9,0.38952111815473917,0.3074085465732658,2.0999370816214786,565.2098831436646,0.24444362925714813,1.973249348064258,0.03056285488140184,0.000525,0.0,0.000525,58.214961678860654,0.017177714648623152
5,0.0003,10,0.4113800360793746,0.3135420255363075,2.1114721770339626,556.2615754660253,0.24607763267704286,1.9631005033171616,0.03133853842920366,0.000525,0.0,0.000525,59.692454150864116,0.01675253621626351
5,0.0003,11,0.4187334091770952,0.3352392211728481,1.9844950147177618,561.2730375426621,0.25117639839299954,2.0207015741882763,0.03111865157258279,0.000525,0.0,0.000525,59.273622043014846,0.016870910963974844
5,0.0003,12,0.41047207698719407,0.32139788978695544,2.0670926667699026,560.7635826324165,0.2504878070903942,1.9843169014851698,0.030881304375145992,0.000525,0.0,0.000525,58.82153214313523,0.017000577230232943
5,0.0003,13,0.422629457835906,0.329932407074681,2.023254155107105,562.7215420880541,0.2484022167918738,1.987994900013113,0.032513993304608975,0.000525,0.0,0.000525,61.93141581830281,0.016146893895238004
5,0.0003,14,0.449499133840476,0.3677314713446289,1.8220853828218353,557.3907509226482,0.26924019851139747,2.0516471692660003,0.03155038281800744,0.000525,0.0,0.000525,60.09596727239513,0.016640051660493805
5,0.0003,15,0.39585704529933985,0.3060432984203855,2.1165139832595257,561.5281129068974,0.24459530107560568,1.9635320266573746,0.029608649967831756,0.000525,0.0,0.000525,56.39742851015573,0.0177313048913201
5,0.0003,16,0.4057893530894371,0.3135561070619413,2.058779872646186,565.2098831436646,0.25616084405919537,2.0171810552322764,0.02917659119262721,0.000525,0.0,0.000525,55.57445941452802,0.017993877233083523
5,0.0003,17,0.4156521739130435,0.32735665239791434,2.03719601130586,559.578449905482,0.241854644700652,1.966209098187509,0.02890601439150088,0.000525,0.0,0.000525,55.059075031430254,0.01816231019916615
5,0.0003,18,0.4391064871481028,0.3417041495247707,1.9508610498606471,566.1162790697674,0.25473591321497224,2.010453751046648,0.031528193942148036,0.000525,0.0,0.000525,60.053702746948645,0.016651762576801486
5,0.0003,19,0.4312532852744612,0.33846168382592745,1.9709734316921543,555.7195314259968,0.2556697462860029,2.0190248804559356,0.030691086062522136,0.000525,0.0,0.000525,58.45921154766121,0.017105944016790407
5,0.0003,20,0.4254598630031555,0.33105853064063295,1.9880328928030981,569.5522973909028,0.2740373127453495,2.0910569712145297,0.03213028902181146,0.000525,0.0,0.000525,61.20055051773612,0.01633972229890639
5,0.0003,21,0.4245738422084779,0.3333913680726657,2.0152869385865744,558.188112837532,0.2553762425086461,2.029540313199517,0.02965514827972842,0.000525,0.0,0.000525,56.48599672329223,0.01770350277961274
5,0.0003,22,0.40736224373142293,0.3192125605533731,2.07315137458153,564.0058684551483,0.2419716146250721,1.9720611010441744,0.03186512684500416,0.000525,0.0,0.000525,60.69547970476983,0.016475691515482227
5,0.0003,23,0.38898971566848156,0.30272926427423713,2.1261254969609054,559.6206896551724,0.24330400823964737,1.971131773365301,0.029953124311531003,0.000525,0.0,0.000525,57.053570117201915,0.017527386944335942
5,0.0003,24,0.3954527938342967,0.3124494098842777,2.069142483743867,570.3410404624277,0.25176788511453196,2.0054867894090878,0.031752945381679706,0.000525,0.0,0.000525,60.48180072700897,0.016533899255308324
5,0.0003,25,0.42228649718374184,0.34145611040419915,1.9652396320626715,563.2773633734206,0.2562240850820672,2.0142997218563465,0.030652861076709285,0.000525,0.0,0.000525,58.38640205087483,0.01712727561339801
5,0.0003,26,0.43950765535875114,0.3502057302498895,1.932644117507998,555.4280996697688,0.2586374766251538,2.037492402224546,0.028846756410020647,0.000525,0.0,0.000525,54.94620268575362,0.01819961983031229
5,0.0003,27,0.4569460390355913,0.3698278916604691,1.8237516845742217,566.4190585533869,0.2714872467331588,2.0759415946648767,0.03500308649415017,0.000525,0.0,0.000525,66.67254570314319,0.01499867733343286
5,0.0003,28,0.38444629727886,0.2948565237195731,2.192863857206012,560.9332979610399,0.23720848441007547,1.9467508362108132,0.03014178114003336,0.000525,0.0,0.000525,57.4129164572064,0.017417683366518496
5,0.0003,29,0.41560121765601216,0.3295428062019971,2.009738664187568,563.1917808219179,0.2656771765323356,2.0592998437354257,0.029675132821111963,0.000525,0.0,0.000525,56.524062516403745,0.017691580461149478
5,0.0007,0,0.24878048780487805,0.17235149455821766,2.9638449690658244,555.3864915572233,0.2432836897787638,1.9754855280509434,0.029149035882659484,0.001225,0.0,0.001225,23.795131332783253,0.04202540368509211
5,0.0007,1,0.27151723622223883,0.1915920262551366,2.8190149682330734,553.3966200553353,0.25085013490752317,2.0130698562339027,0.031504535804851935,0.001225,0.0,0.001225,25.71798841212403,0.03888328993602695
5,0.0007,2,0.2592564663298394,0.18119417404591717,2.8926523624485108,558.0620616846392,0.24384829608607106,1.9661255933246542,0.029220308494638778,0.001225,0.0,0.001225,23.853313056847984,0.041922897570529
5,0.0007,3,0.30801526717557254,0.22947783907835373,2.6206803324974612,564.9083969465648,0.26364540882059373,2.0314029510778373,0.03180512357339035,0.001225,0.0,0.001225,25.96336618235947,0.03851580696340674
5,0.0007,4,0.2924135844489827,0.2084636647940567,2.747158733478469,559.7474472430225,0.25521262767142616,2.018973368701401,0.029942734861706517,0.001225,0.0,0.001225,24.443048866699197,0.04091142661676642
5,0.0007,5,0.2647934641520959,0.18759922975985488,2.8414504093947057,565.037565854776,0.24802565519348718,1.9999018074674395,0.02984805360293004,0.001225,0.0,0.001225,24.365758043208196,0.04104120209298162
5,0.0007,6,0.27755994570954606,0.19676264151517323,2.81138430260309,558.0200573065903,0.2530941901204642,2.005277865931913,0.031350619617789434,0.001225,0.0,0.001225,25.592342545134233,0.039074187844915585
5,0.0007,7,0.25782771535580523,0.1846553356013297,2.8648008611428866,554.3483146067416,0.25432718941010535,2.012232378477207,0.03168620589715603,0.001225,0.0,0.001225,25.86629052829064,0.038660355991373165
5,0.0007,8,0.28221272768158306,0.19684168535211516,2.808926574853695,554.7216100742073,0.2545594822440762,2.0174815783943556,0.028874414376720087,0.001225,0.0,0.001225,23.570950511608235,0.042425102861571896
5,0.0007,9,0.27684002433090027,0.20011134807879044,2.7590261785450507,562.6788321167883,0.25206115597393364,1.991890208570657,0.03022224733966113,0.001225,0.0,0.001225,24.67122231809072,0.04053305454860775
5,0.0007,10,0.27002115442731944,0.18385780851192557,2.8796463599828512,559.114233907525,0.2519522577058524,1.9775941638611276,0.02935934482303389,0.001225,0.0,0.001225,23.966812100435828,0.04172436433387047
5,0.0007,11,0.29193524209263977,0.20879153478325116,2.7385679404232146,554.6801079298456,0.2517608115740586,2.0079807137829286,0.03299298690844495,0.001225,0.0,0.001225,26.933050537506084,0.037129102721113326
5,0.0007,12,0.2686148007590133,0.19016974528796712,2.85747587909191,561.6982922201139,0.25261980868526734,1.9746059720103784,0.02801450318583767,0.001225,0.0,0.001225,22.868982192520548,0.04372735050390903
5,0.0007,13,0.3099835353988924,0.21397110752680246,2.7258088073892366,553.8513695554558,0.2528280630358495,2.0072228926995317,0.033561072417320946,0.001225,0.0,0.001225,27.396793810057915,0.036500621457131226
5,0.0007,14,0.30810113127325184,0.21717532370191128,2.7100466512992027,561.8685748994002,0.2589319313701708,2.029376684941843,0.0348021237747522,0.001225,0.0,0.001225,28.409896958981385,0.03519900130027977
5,0.0007,15,0.2793891958256599,0.18905227881067177,2.8691520925088994,567.8508287292817,0.2533842204720713,2.01214281985351,0.029287578849977736,0.001225,0.0,0.001225,23.908227632634887,0.041826605274369794
5,0.0007,16,0.3079970104633782,0.22062144713705834,2.642805353611113,553.1076233183857,0.26304228813387454,2.030520820722429,0.029372106422602594,0.001225,0.0,0.001225,23.977229732736813,0.04170623592243731
5,0.0007,17,0.2937647148173464,0.20754507651733944,2.731106688598261,562.038961038961,0.2467540061334148,1.9685822952755587,0.03203436423850363,0.001225,0.0,0.001225,26.150501419186636,0.03824018453681731
5,0.0007,18,0.26855650876538606,0.18863439517188185,2.850628261211014,552.0779559865722,0.24914514867123216,1.998935312455642,0.031440745872691474,0.001225,0.0,0.001225,25.66591499811549,0.038962179999171065
5,0.0007,19,0.2781903085049376,0.1910392073809824,2.843094767953601,566.5056265788869,0.2386357006325852,1.9582165514616554,0.030768861326618963,0.001225,0.0,0.001225,25.117437817648135,0.039812978029844084
5,0.0007,20,0.2851485148514851,0.1985211580841676,2.775835892461745,563.6199543031227,0.2614833164261654,2.0523840175915398,0.031188326592765343,0.001225,0.0,0.001225,25.45985844307375,0.039277516103866865
5,0.0007,21,0.28741741969777507,0.20631605872306366,2.7259380697318814,561.953755030754,0.26064071475411765,2.05245313574477,0.03380843412652745,0.001225,0.0,0.001225,27.598721735940774,0.03623356217609665
5,0.0007,22,0.29039086716564605,0.20749726523921636,2.775868228533456,559.4939895667952,0.2525264812284149,2.019552558667612,0.03183067621964483,0.001225,0.0,0.001225,25.984225485424354,0.038484887708542324
5,0.0007,23,0.28630293780999616,0.20264145853294208,2.787111367307586,564.6932468523464,0.24953266908414662,1.992090061873768,0.031123257188988614,0.001225,0.0,0.001225,25.406740562439687,0.039359633619369505
5,0.0007,24,0.26303066928539054,0.1844205627998513,2.9104390448025708,559.0299138842726,0.24269972162437625,1.9539970984274668,0.03149420039158145,0.001225,0.0,0.001225,25.70955134006649,0.03889605021778703
5,0.0007,25,0.25775457709184446,0.18012283106018062,2.8917320799095396,559.8742623694961,0.2463163789943792,1.9690365969695451,0.031174703476148896,0.001225,0.0,0.001225,25.44873753155012,0.0392946800901321
5,0.0007,26,0.28462237021341,0.20374434392546084,2.736269395395677,560.0434387770547,0.2601421168074012,2.0276650050480884,0.0297537136866398,0.001225,0.0,0.001225,24.288745866644735,0.0411713311790742
5,0.0007,27,0.29156327543424315,0.20813040040370992,2.715243604968914,573.8287841191067,0.27309946218156256,2.085456727671569,0.03064266597749215,0.001225,0.0,0.001225,25.01442120611604,0.03997693937269672
5,0.0007,28,0.2745217590122704,0.19387276989596355,2.8514514147532406,564.0058684551483,0.24086712024291046,1.967494547291468,0.029069532939591514,0.001225,0.0,0.001225,23.730230971095114,0.042140339940983366
5,0.0007,29,0.292491939198526,0.2126512502162582,2.7364833826446775,568.1119299861815,0.2533751107112039,2.006466820443289,0.031508375208329914,0.001225,0.0,0.001225,25.721122619044827,0.038878551873920336
5,0.001,0,0.24801572303273112,0.16730692795787086,3.0104729998283037,559.4095547660443,0.26138589304173365,2.021241198536096,0.03135881170651308,0.00175,0.0,0.00175,17.91932097515033,0.05580568601827898
5,0.001,1,0.2284371684098833,0.15159561494264126,3.137065213675359,560.8908594815825,0.2509617514733691,2.0135819687792402,0.03289260905154119,0.00175,0.0,0.00175,18.79577660088068,0.053203441455733455
5,0.001,2,0.21409544105335263,0.143083481701065,3.2072223776377227,563.2345688408554,0.2471860394871328,1.9844857565496268,0.03155206634774477,0.00175,0.0,0.00175,18.029752198711297,0.05546387931340934
5,0.001,3,0.24109362054681027,0.1680148624705229,3.03513996097124,557.3907509226482,0.25873472122475505,2.0190056534083762,0.032177204851492766,0.00175,0.0,0.00175,18.386974200853007,0.054386327466191146
5,0.001,4,0.21622860635696822,0.1488673573875935,3.148803001480249,565.4254278728606,0.26029829040635377,2.0317182405245737,0.02848274693963614,0.00175,0.0,0.00175,16.275855394077794,0.06144070316352556
5,0.001,5,0.23346423346423345,0.15580458029451086,3.137330882828148,569.8149688149688,0.24912789193331264,2.0042558118377682,0.028237442495369216,0.00175,0.0,0.00175,16.135681425925267,0.06197445113122374
5,0.001,6,0.2480590653067438,0.16639188826043735,3.043364757584694,563.2773633734206,0.25656317023094743,2.0055474467501946,0.03089969297661507,0.00175,0.0,0.00175,17.656967415208612,0.05663486693296281
5,0.001,7,0.2298293973031364,0.16079191254377814,3.0631553748717235,551.3389704238992,0.26688452201779,2.0366214089791663,0.02994224263058262,0.00175,0.0,0.00175,17.1098529317615,0.0584458559631259
5,0.001,8,0.2228454483438187,0.15267360930868973,3.1516821594048787,560.9332979610399,0.2467334610701073,1.9611968239688693,0.029999958377549346,0.00175,0.0,0.00175,17.142833358599628,0.05833341426598856
5,0.001,9,0.26676840900419685,0.18973177141265327,2.96806050752194,564.6932468523464,0.2590071384620387,2.0387023742144987,0.032976222731718484,0.00175,0.0,0.00175,18.843555846696276,0.053068540148982754
5,0.001,10,0.23007163542142967,0.15627198976809575,3.1048401103532672,563.9629629629629,0.2559937341720797,2.017884827978456,0.03018447964652512,0.00175,0.0,0.00175,17.24827408372864,0.05797681525384396
5,0.001,11,0.24373058565042807,0.1519382623749002,3.1586274815625206,560.6787635426926,0.25706488426658325,2.0264917525751196,0.03194884833509996,0.00175,0.0,0.00175,18.256484762914262,0.054775057355585424
5,0.001,12,0.2284698047525352,0.15626912578603114,3.1245495479285443,560.0434387770547,0.2398854676866904,1.956913914159418,0.031616413380242354,0.00175,0.0,0.00175,18.06652193156706,0.055350996931663524
5,0.001,13,0.24127396318643549,0.16311192175879002,3.09103946304052,565.2098831436646,0.2659565665235277,2.059256778296522,0.03135514168209748,0.00175,0.0,0.00175,17.917223818341416,0.055812217904892436
5,0.001,14,0.22294754627140773,0.15224925413757925,3.1642714576925557,568.3296981798633,0.2538712205423508,2.016945981890159,0.03146450012807031,0.00175,0.0,0.00175,17.97971435889732,0.055618236198794045
5,0.001,15,0.21956358164033107,0.14957509954563714,3.1825809459232426,556.8465011286681,0.23945377848576754,1.9426101412117038,0.03107229620238488,0.00175,0.0,0.00175,17.755597829934217,0.05632026640714383
5,0.001,16,0.23269662052432138,0.16187756320247704,3.082204796873913,572.2783234088624,0.2598020698642358,2.030858319460685,0.028720129889538353,0.00175,0.0,0.00175,16.411502794021917,0.060932872056315396
5,0.001,17,0.22973988873853557,0.15200979992007177,3.165097079035603,556.3450608930988,0.2500835688551888,1.9961319607560712,0.030592951064313572,0.00175,0.0,0.00175,17.4816863224649,0.057202719552000354
5,0.001,18,0.25137320720170886,0.1700010413242921,3.035740589537187,564.5642355813244,0.2657313499075826,2.056592138495968,0.03118425084567257,0.00175,0.0,0.00175,17.819571911812897,0.056118070902538515
5,0.001,19,0.22340986074520136,0.14989771230544585,3.152690564757359,557.055701919458,0.25519627999165095,2.0284288774020753,0.031091671344032325,0.00175,0.0,0.00175,17.76666933944704,0.056285169768973894
5,0.001,20,0.24393571861734384,0.1717450700660209,3.0589394937690395,560.9757428744693,0.25472499753232114,2.023155993146351,0.031070104479802588,0.00175,0.0,0.00175,17.75434541703005,0.05632423930655283
5,0.001,21,0.25664050709326897,0.18074840700673822,2.936763806936893,558.4403863567763,0.2749546406848822,2.0804308803880014,0.03062949622577819,0.00175,0.0,0.00175,17.502569271873252,0.05713446891520132
5,0.001,22,0.2272934040940106,0.1549120501326265,3.1518231519354134,561.0606520090978,0.2493852233455982,1.9875616342595137,0.03173764863651785,0.00175,0.0,0.00175,18.135799220867344,0.055139560590711865
5,0.001,23,0.2475109979161843,0.17392138260006965,2.9850469233194152,571.1319749942116,0.2532847028924152,1.9939789576662297,0.0334412801459074,0.00175,0.0,0.00175,19.109302940518514,0.052330532574249196
5,0.001,24,0.24981171863232415,0.1686490051173144,3.027964252955375,557.3488477180298,0.27065058119478635,2.081687024236105,0.03176990664114037,0.00175,0.0,0.00175,18.154232366365925,0.05508357389171051
5,0.001,25,0.2470390463819057,0.16335937003297105,3.0786094182336248,565.4685565828685,0.23858885365189053,1.9534027871173212,0.03151181993455011,0.00175,0.0,0.00175,18.006754248314348,0.05553471692954394
5,0.001,26,0.2509732081520495,0.15901404892927554,3.117600982517482,564.865353789787,0.24538968611159362,1.9674566548994168,0.03036472794342599,0.00175,0.0,0.00175,17.35127311052914,0.05763265863143943
5,0.001,27,0.2273411623005119,0.15884424947196807,3.090934086876711,557.0975609756098,0.23471046116901562,1.9200283583849482,0.03187017669986414,0.00175,0.0,0.00175,18.21152954277951,0.0549102697635015
5,0.001,28,0.25709112854556426,0.18450600022580002,2.92971315273373,558.2721786360893,0.25185095955384895,1.9983996380701468,0.0326591004028786,0.00175,0.0,0.00175,18.6623430873592,0.0535838396775238
5,0.001,29,0.2595988965928577,0.17273915554432437,2.9955309273974464,551.7492730932677,0.24688872584374622,1.9868349609486124,0.032305224952200874,0.00175,0.0,0.00175,18.460128544114784,0.05417080371950101
5,0.0018,0,0.1765414439509147,0.11693881752268208,3.462582000640862,557.1394263344124,0.2540572586876806,2.014837238278018,0.03026783437831493,0.00315,0.0,0.00315,9.608836310576168,0.10407087473218052
5,0.0018,1,0.2020039773596451,0.13473719582073748,3.376208091842729,566.0298301973382,0.2589026507048402,2.027960199319978,0.03335410376492256,0.00315,0.0,0.00315,10.588604369816686,0.09444115249508679
5,0.0018,2,0.1918949343339587,0.1248765943676254,3.4591330078351237,555.3864915572233,0.26223830779781565,2.0518785487676916,0.02900989824337228,0.00315,0.0,0.00315,9.20949150583247,0.10858362802839758
5,0.0018,3,0.17882140438022126,0.11489692496976772,3.5218208483460436,556.9720027094152,0.2554033284250181,2.0165866374246812,0.029256596301753233,0.00315,0.0,0.00315,9.287808349762932,0.10766802698136259
5,0.0018,4,0.20796088318435327,0.13255588208540814,3.370551408847176,565.3823057529223,0.263438030553516,2.038663337261302,0.02976695849735689,0.00315,0.0,0.00315,9.449828094399013,0.10582203083595858
5,0.0018,5,0.19437202882993407,0.12071332712373027,3.4755109112204785,567.4161938353013,0.2444209968962241,1.97259127803386,0.03045705002023285,0.00315,0.0,0.00315,9.668904768327888,0.10342433025875557
5,0.0018,6,0.1866403222129341,0.12306192434760467,3.4250135721971127,562.3800440762976,0.2724410846712999,2.070077557606065,0.032185967098396606,0.00315,0.0,0.00315,10.21776733282432,0.0978687385831859
5,0.0018,7,0.2060721062618596,0.13636788488711435,3.3498721508831513,561.6982922201139,0.27724243595730513,2.0924669059326897,0.030878877253518223,0.00315,0.0,0.00315,9.80281817572007,0.10201148099194898
5,0.0018,8,0.20334873854079855,0.13388390676011946,3.380009380620686,560.6787635426926,0.23689082948840223,1.9464814128737835,0.030930560667266425,0.00315,0.0,0.00315,9.819225608656009,0.10184102492954875
5,0.0018,9,0.19223758164970378,0.12120457661173364,3.4518239092065914,562.0815737505696,0.2569526211882476,2.0244727728391796,0.03114423341720235,0.00315,0.0,0.00315,9.887058227683285,0.10114231927956571
5,0.0018,10,0.19816844317670018,0.12640836759562107,3.4437000545459178,555.5113346344393,0.2508224962220993,1.9904298045790414,0.03195645226493105,0.00315,0.0,0.00315,10.144905480930493,0.0985716428684045
5,0.0018,11,0.19102672077176328,0.1252388991000168,3.438536568103041,566.5922211163005,0.2612601402506698,2.0333856734491484,0.032144787999567326,0.00315,0.0,0.00315,10.204694603037247,0.09799411338604565
5,0.0018,12,0.18621745788667687,0.11938474239435895,3.4940844890020006,566.635528330781,0.2589618038327899,2.0386638196509175,0.027337478853360176,0.00315,0.0,0.00315,8.678564715352437,0.11522642658076786
5,0.0018,13,0.1934433676559661,0.12545611179634839,3.436341986749599,560.2973955178679,0.2603606896882411,2.0087542435535477,0.030642980461253574,0.00315,0.0,0.00315,9.727930305159864,0.1027967891042129
5,0.0018,14,0.18811657504330145,0.1227924253283888,3.4653348966872333,557.3069508246103,0.25938368690549396,2.040867212568461,0.03218284597079753,0.00315,0.0,0.00315,10.216776498665881,0.09787823000048804
5,0.0018,15,0.19365954514128186,0.1208008341050021,3.477601145028403,566.6788421778084,0.25370081746950746,2.025958985738864,0.03012567290796786,0.00315,0.0,0.00315,9.563705685069161,0.10456197973147563
5,0.0018,16,0.21873093349603417,0.14403900791583962,3.2803900929236094,564.392312385601,0.2683930201746989,2.082724268236779,0.03065914901776344,0.00315,0.0,0.00315,9.733063180242361,0.102742577694343
5,0.0018,17,0.19699653446284174,0.13198217920941124,3.418464875331077,569.9025798998845,0.24952429786208086,1.9771534251258056,0.033599950805012824,0.00315,0.0,0.00315,10.66665104921042,0.09375013726300001
5,0.0018,18,0.19773796872627902,0.13676631475110326,3.3696807133400517,561.7408531956885,0.2504981358360965,2.0015874060861814,0.03118752860131214,0.00315,0.0,0.00315,9.900802730575283,0.10100191138157293
5,0.0018,19,0.17939529675251958,0.11498049653901887,3.5355819449200947,552.4893617021277,0.24934936448698863,1.9938752054529207,0.029882258321151618,0.00315,0.0,0.00315,9.486431213064005,0.10541371961068717
5,0.0018,20,0.1867175572519084,0.12249644241375941,3.4557067156565053,564.9083969465648,0.2441165864292998,1.9645048375298315,0.03094749241061416,0.00315,0.0,0.00315,9.824600765274337,0.10178530648640322
5,0.0018,21,0.20229641939870072,0.13593157351197405,3.396678191308573,559.0299138842726,0.24322376018972136,1.968441897687701,0.03466690849660235,0.00315,0.0,0.00315,11.00536777669916,0.09086475075528372
5,0.0018,22,0.1943751417555001,0.12425672261821132,3.4172906625320305,559.4939895667952,0.2689177326974459,2.0674801422776614,0.03171804400523159,0.00315,0.0,0.00315,10.069220319121138,0.09931255532278213
5,0.0018,23,0.2087636695018226,0.1266815013386572,3.4659186123368735,561.9963547995139,0.24663296376820654,1.980780629089111,0.031003539764153976,0.00315,0.0,0.00315,9.842393575921896,0.10160130178561103
5,0.0018,24,0.18172205438066466,0.11715143751034361,3.497160944516208,558.9456193353475,0.2346193330886308,1.9276849475416564,0.028225635540329686,0.00315,0.0,0.00315,8.960519219152282,0.11160067575800657
5,0.0018,25,0.18040376442015787,0.12131928005172576,3.4562817605277494,561.655737704918,0.2559775257250294,2.0295665495186634,0.03281475063126906,0.00315,0.0,0.00315,10.417381152783829,0.0959934157475625
5,0.0018,26,0.1868399057822354,0.1232736586277134,3.4274713565987853,562.2947344426715,0.26985893605160527,2.0779253360584047,0.030231280068825014,0.00315,0.0,0.00315,9.597231767880956,0.10419671257150408
5,0.0018,27,0.18454742831474133,0.11732331489929945,3.4889832249576855,554.0583214793741,0.2535823914804496,1.9981746492438353,0.031810298980485076,0.00315,0.0,0.00315,10.098507612852405,0.09902453296438542
5,0.0018,28,0.1951979332877441,0.12309522763815817,3.445404325788724,562.2947344426715,0.2539722953806631,1.9903574667905168,0.03156565836917911,0.00315,0.0,0.00315,10.020843926723526,0.09979199429832512
5,0.0018,29,0.19096617991980025,0.12122877140304826,3.4602163192976954,559.9165468714534,0.2705867682816461,2.0710669730966624,0.03038810069154222,0.00315,0.0,0.00315,9.647016092553086,0.10365899573568034
5,0.0037,0,0.15705103969754253,0.09638406687426126,3.73524280915217,559.578449905482,0.2587910856527742,2.0299481425297436,0.030621347664405284,0.006475000000000001,0.0,0.006475000000000001,4.729165662456414,0.21145378939433937
5,0.0037,1,0.15493701440748284,0.097677100821101,3.7374586885309586,558.2301425661915,0.26852499108645134,2.065719597175166,0.03022951871843978,0.006475000000000001,0.0,0.006475000000000001,4.668651539527379,0.2141946109135472
5,0.0037,2,0.14868322046651616,0.09413288913245674,3.7497553400836257,556.8465011286681,0.2873207412485499,2.1303542990334092,0.03324051944546806,0.006475000000000001,0.0,0.006475000000000001,5.133670956829044,0.19479238315220695
5,0.0037,3,0.1621174524400331,0.10041729648601838,3.721327369679384,556.4703361154974,0.2716117758245673,2.0672920186359187,0.031585473646781666,0.006475000000000001,0.0,0.006475000000000001,4.878065428074388,0.20499930038756145
5,0.0037,4,0.15228193563183243,0.09827213963954885,3.736530793337845,565.7274673190124,0.272377650719136,2.1001801706799155,0.029101636699581355,0.006475000000000001,0.0,0.006475000000000001,4.494461266344611,0.2224960770021965
5,0.0037,5,0.1501719240544177,0.0933707791400483,3.7773620001552275,553.1901629541037,0.2643887229205575,2.0559505456373985,0.02876225017027593,0.006475000000000001,0.0,0.006475000000000001,4.442046358343772,0.2251214686496096
5,0.0037,6,0.1437622567506411,0.0919209487867551,3.75602885043751,558.188112837532,0.26820785354357213,2.0688093711395976,0.029985895997933557,0.006475000000000001,0.0,0.006475000000000001,4.631026408947267,0.21593485151973507
5,0.0037,7,0.1470031067666894,0.09397637025521378,3.762763157058016,560.7635826324165,0.2626809270877857,2.042206475239059,0.028482026306369597,0.006475000000000001,0.0,0.006475000000000001,4.398768541524261,0.2273363534725744
5,0.0037,8,0.14070275976474136,0.0917321084679515,3.7660301219580554,558.0200573065903,0.25630111555801705,2.0134494692237572,0.02973063706104403,0.006475000000000001,0.0,0.006475000000000001,4.591604179311819,0.21778880777782508
5,0.0037,9,0.16092641016062756,0.1006090689376179,3.6819220681699565,552.9013821441913,0.2729886198940221,2.0839481532969915,0.03139131297131478,0.006475000000000001,0.0,0.006475000000000001,4.848079223369078,0.20626725635582116
5,0.0037,10,0.1428462824996199,0.09665352010965529,3.752809747594563,562.5934316557701,0.24774847622029483,1.9657173532694094,0.029719494204557457,0.006475000000000001,0.0,0.006475000000000001,4.589883274835128,0.217870464262715
5,0.0037,11,0.09817790420542785,0.08564795190163856,3.766409243980137,568.9403398170216,0.24748087557964027,1.9635127411325077,0.03041057694893938,0.006475000000000001,0.0,0.006475000000000001,4.696614200608398,0.21291934088826378
5,0.0037,12,0.16157272308401166,0.1004492670217341,3.685071046824004,568.2861311626478,0.2645725897164084,2.066673576499059,0.03100629813057012,0.006475000000000001,0.0,0.006475000000000001,4.788617471902721,0.20882854098651937
5,0.0037,13,0.15795887281035795,0.09925606840814431,3.697583912657177,563.6199543031227,0.2667041599343065,2.068485113764999,0.03302515263782787,0.006475000000000001,0.0,0.006475000000000001,5.100409673795809,0.19606268201114588
5,0.0037,14,0.15206812652068127,0.10004256360758203,3.6983338537031774,562.6788321167883,0.2437050516891759,1.9614887795105218,0.03151390224150203,0.006475000000000001,0.0,0.006475000000000001,4.867011929189502,0.20546487548193226
5,0.0037,15,0.14934325411889757,0.09299593949279251,3.7456630256299737,561.8685748994002,0.259053077432327,2.0311203896178034,0.03147064624367793,0.006475000000000001,0.0,0.006475000000000001,4.860331466205086,0.2057472843062684
5,0.0037,16,0.14680012132241432,0.09375467354990005,3.7684506991515625,561.1455868971792,0.26639505370985717,2.058936451858905,0.03030387443238124,0.006475000000000001,0.0,0.006475000000000001,4.680135047472006,0.21366904797761213
5,0.0037,17,0.14229368932038836,0.09582751063467802,3.7203991169523656,561.3155339805825,0.25857689674012363,2.044220763611987,0.03221872641165903,0.006475000000000001,0.0,0.006475000000000001,4.975865082881703,0.20097007924114854
5,0.0037,18,0.15575207745673553,0.09244605934466574,3.757830400817791,564.1775558435618,0.2609908150625415,2.03607492170888,0.027977838275951544,0.006475000000000001,0.0,0.006475000000000001,4.32090166423962,0.23143317707878852
5,0.0037,19,0.15065784470301924,0.0923846938156677,3.778274429430339,562.8069815195072,0.2791967115190346,2.100772865114264,0.03049098393690138,0.006475000000000001,0.0,0.006475000000000001,4.7090322682473165,0.21235785678151575
5,0.0037,20,0.16309174380973884,0.10431235757628907,3.6656432233056444,556.9720027094152,0.2851781330537051,2.13570697056295,0.03264365051862371,0.006475000000000001,0.0,0.006475000000000001,5.041490427586672,0.1983540412033854
5,0.0037,21,0.14902726658153684,0.09697020903073136,3.764534166515923,555.8862014572222,0.2602548479917459,2.0317500282349035,0.029560418188754007,0.006475000000000001,0.0,0.006475000000000001,4.565315550386718,0.2190429092935957
5,0.0037,22,0.12926296770307913,0.08889348270110452,3.80101348624441,557.1394263344124,0.271859081054572,2.0798753516362516,0.030026144499042954,0.006475000000000001,0.0,0.006475000000000001,4.637242393674587,0.21564540196648901
5,0.0037,23,0.14652069586082783,0.08977046057472877,3.821396877826787,554.9292141571685,0.2577601134835277,2.026189409790049,0.029966887614250464,0.006475000000000001,0.0,0.006475000000000001,4.628090751235592,0.2160718217837503
5,0.0037,24,0.13122612538386638,0.08179462916995377,3.850776808703617,554.3068683993708,0.2865355916728731,2.1363433759568924,0.029412034847428714,0.006475000000000001,0.0,0.006475000000000001,4.542399204236094,0.22014797798208321
5,0.0037,25,0.18324927403331806,0.11077240303286068,3.582751979621843,565.5116918844567,0.2712012483389117,2.06451389931276,0.030951604873290156,0.006475000000000001,0.0,0.006475000000000001,4.780170636801568,0.20919755297043208
5,0.0037,26,0.16013369796414464,0.10124997389892465,3.6875341886670094,562.1668185961714,0.26373763868468814,2.0526076262267416,0.03166329509883418,0.006475000000000001,0.0,0.006475000000000001,4.890084185148135,0.20449545695698632
5,0.0037,27,0.1502032826381569,0.09898291687300959,3.71637151062413,557.1812979972896,0.26097456747083925,2.032526468544406,0.0336711085435533,0.006475000000000001,0.0,0.006475000000000001,5.2001712036375745,0.19230136102066975
5,0.0037,28,0.15677517032551097,0.10074576621602492,3.69566851326273,560.2127176381529,0.2766229804547038,2.1123118864251387,0.03275280962745391,0.006475000000000001,0.0,0.006475000000000001,5.058348977212958,0.19769296355487487
5,0.0037,29,0.1350842865743528,0.09288585767074053,3.7649285903165137,556.9301625526791,0.24895775198820047,2.0013597757878987,0.03098028320799294,0.006475000000000001,0.0,0.006475000000000001,4.784599723242152,0.20900389956181695
5,0.008,0,0.12295020025693343,0.08442970156664129,3.9101131369068307,559.2407617320335,0.26903593144379556,2.0748722012167073,0.02950080305432855,0.014,0.0,0.014,2.107200218166325,0.4745633525371381
5,0.008,1,0.12611377655928718,0.07965099164202503,3.9576130442552735,563.5771076079507,0.2662949026271235,2.0577382803431092,0.030264480748787428,0.014,0.0,0.014,2.1617486249133875,0.4625884751239594
5,0.008,2,0.1109095032887276,0.0779330864338629,3.945864795065066,559.4939895667952,0.26917024978320114,2.0667929859865097,0.030623045508191202,0.014,0.0,0.014,2.1873603934422285,0.45717203392638434
5,0.008,3,0.12557752026054683,0.08006784589632222,3.96681439888662,560.5092024539878,0.28934876594576053,2.1465627734008033,0.03156368263247323,0.014,0.0,0.014,2.2545487594623737,0.4435477369043298
5,0.008,4,0.10348213611299947,0.07849605589332768,3.9158809613186047,558.9877634262407,0.30190214392496273,2.219911936977447,0.031480751427625,0.014,0.0,0.014,2.248625101973214,0.44471619529750855
5,0.008,5,0.11260952380952381,0.07491661175519354,3.9584061716696435,563.8342857142857,0.2866668048372958,2.1570866909128465,0.03144811322008054,0.014,0.0,0.014,2.246293801434324,0.4451777409355227
5,0.008,6,0.14994337485843715,0.08840510677956824,3.909207732064627,558.7349943374859,0.2788119954348076,2.1164585266752924,0.030599083205344376,0.014,0.0,0.014,2.185648800381741,0.4575300477484498
5,0.008,7,0.13697172392824566,0.08403372869639364,3.944525295235422,562.508057160231,0.2744822162203491,2.0955895710093078,0.031911554675594006,0.014,0.0,0.014,2.279396762542429,0.43871256484746624
5,0.008,8,0.13707165109034267,0.08477136112126092,3.933362702247017,562.2947344426715,0.2663329979113769,2.0639870963116183,0.029837183973863292,0.014,0.0,0.014,2.1312274267045206,0.46921318085056846
5,0.008,9,0.1235632183908046,0.08549932090767869,3.9083100307016925,559.6206896551724,0.28961256152251735,2.1447941398329426,0.035542364692785974,0.014,0.0,0.014,2.538740335198998,0.3938961327140278
5,0.008,10,0.11515703231679562,0.08004117385516983,3.9198074755798125,561.4005461993628,0.2786305533081759,2.1027477176655887,0.029590565101412485,0.014,0.0,0.014,2.1136117929580345,0.4731237795567385
5,0.008,11,0.10430337250114452,0.07578031007049521,3.976095194904163,564.6502365328857,0.28405080403899774,2.14049037399702,0.030905076907715587,0.014,0.0,0.014,2.2075054934082563,0.45300000520318523
5,0.008,12,0.10511777794828513,0.07458264256426295,3.9876689449919014,567.8073352259648,0.2963685233844444,2.1767438193400004,0.029038212937962566,0.014,0.0,0.014,2.074158066997326,0.48212333279288555
5,0.008,13,0.12605042016806722,0.0822671471968557,3.8863597485904444,565.3391902215432,0.26408260979223996,2.053363767461686,0.031268822106757785,0.014,0.0,0.014,2.2334872933398415,0.4477303287025428
5,0.008,14,0.1487124790492153,0.08389228787901401,3.9352556628473456,563.7914063690386,0.271365317836171,2.084359710141839,0.03159200930891328,0.014,0.0,0.014,2.256572093493806,0.4431500340198393
5,0.008,15,0.12165395543592045,0.08346492540456546,3.883053220704454,553.3553162853298,0.2694885569217149,2.0927845307311492,0.030193504756866402,0.014,0.0,0.014,2.156678911204743,0.46367588369535717
5,0.008,16,0.1304215723509305,0.08478250038136587,3.875647805546227,562.1241929358147,0.2715919712500181,2.088545691874609,0.029020851311391798,0.014,0.0,0.014,2.0729179508136997,0.4824117614532025
5,0.008,17,0.1375629557242727,0.08035349952832965,3.939423266624778,556.3033150417199,0.27573701451183297,2.1164330132403597,0.029709589984384863,0.014,0.0,0.014,2.1221135703132044,0.4712283140682283
5,0.008,18,0.1336568831368924,0.08794405634217728,3.878736844882857,570.0778830598567,0.29708555684192106,2.1808388278711996,0.03276319267899064,0.014,0.0,0.014,2.3402280484993314,0.4273087832791548
5,0.008,19,0.12521924807442997,0.07958607053440164,3.935983658611111,564.3493479752917,0.28397908483748324,2.1214127775575387,0.031149467488029145,0.014,0.0,0.014,2.224961963430653,0.44944588556386245
5,0.008,20,0.10525516403402187,0.07453946903641813,3.981500152038831,561.9963547995139,0.2726152866380289,2.09341198050743,0.032028374433989815,0.014,0.0,0.014,2.2877410309992725,0.43711241196002226
5,0.008,21,0.11621683614955272,0.07522156694661682,3.9841849278516075,565.8138236868263,0.28924683763762005,2.146845373202133,0.03168601615574354,0.014,0.0,0.014,2.2632868682673957,0.4418352856726137
5,0.008,22,0.1229165081056397,0.0814449097458247,3.911242767513236,563.2345688408554,0.2928882403066382,2.145711382584399,0.033238036556668786,0.014,0.0,0.014,2.374145468333485,0.421204182025941
5,0.008,23,0.1269274591720471,0.08395940378629672,3.880257469508874,562.1241929358147,0.2707495382637717,2.0911311300472466,0.031210486870462077,0.014,0.0,0.014,2.229320490747291,0.44856717737555524
5,0.008,24,0.1179634820819759,0.07827950327136356,3.9491907573077447,560.6787635426926,0.29575836507137865,2.17382610320881,0.03116531761284735,0.014,0.0,0.014,2.226094115203382,0.44921730540069155
5,0.008,25,0.12241955069823922,0.0827769729130932,3.8861104344261017,561.655737704918,0.293172363366466,2.1603958164366617,0.03285076092254461,0.014,0.0,0.014,2.346482923038901,0.42616973265883074
5,0.008,26,0.12837174159425765,0.09053678543843824,3.8319807687833465,559.1564034756328,0.2954031848057639,2.163486314319452,0.030106231782119717,0.014,0.0,0.014,2.1504451272942653,0.46502000321125175
5,0.008,27,0.13979963570127504,0.07884185893342326,3.9633106163947027,561.655737704918,0.27931257607997395,2.0938163869611204,0.03329785490098763,0.014,0.0,0.014,2.3784182072134024,0.42044750455035323
5,0.008,28,0.10719731625495578,0.07498180891869377,3.981758920473187,564.220494053065,0.27119971890351735,2.0877784925933955,0.03127979254897956,0.014,0.0,0.014,2.2342708963556825,0.4475733008164315
5,0.008,29,0.1255066806785768,0.07927349318699078,3.915133093396952,555.5113346344393,0.26755961816525087,2.078941857085363,0.03158732983815272,0.014,0.0,0.014,2.256237845582337,0.44321568400156813
5,0.019,0,0.09460694698354662,0.06945774938843258,4.038081110500922,563.7056672760511,0.3247119070147164,2.290461036225887,0.030808794565615787,0.03325,0.0,0.03325,0.9265802876876928,1.0792372914553667
5,0.019,1,0.09684632585395944,0.06502722004252849,4.114659092599478,570.6044413601666,0.3147443929046858,2.245812815482097,0.028521004355717416,0.03325,0.0,0.03325,0.8577745670892456,1.1658074724614176
5,0.019,2,0.09800942106062908,0.0692550099719236,4.061202747282793,562.2520893481234,0.31586448510643095,2.2542948721990834,0.030657135234447006,0.03325,0.0,0.03325,0.9220191047953986,1.084576224938317
5,0.019,3,0.12294332723948811,0.07672311819472828,4.058782855248143,563.7056672760511,0.3124359823705163,2.2385401331591823,0.03201017427105396,0.03325,0.0,0.03325,0.9627120081519988,1.038732239270162
5,0.019,4,0.10589741658507193,0.06626503545400825,4.130685756521237,557.3907509226482,0.3284866143076215,2.3088683844952507,0.030229257662552137,0.03325,0.0,0.03325,0.9091506063925454,1.0999277710080835
5,0.019,5,0.10283607913939667,0.06779332848479537,4.1120117261827485,556.7210561949898,0.3125921416503843,2.231399023483135,0.030067074903363005,0.03325,0.0,0.03325,0.9042729294244513,1.1058608164201895
5,0.019,6,0.08318028772574228,0.06309242992734107,4.126396800186467,566.2892561983471,0.32226143445586786,2.2866279685411053,0.03105961333700251,0.03325,0.0,0.03325,0.9341237093835341,1.0705220196797491
5,0.019,7,0.11618691588785046,0.07591416461773381,3.996180066703584,553.3140186915888,0.3029333410959225,2.197389982411736,0.03247457427578419,0.03325,0.0,0.03325,0.9766789255874945,1.0238779334759143
5,0.019,8,0.08308717715670681,0.0639043484525981,4.11351651028353,560.5092024539878,0.2988532063609455,2.165207960208156,0.03006587800070702,0.03325,0.0,0.03325,0.9042369323520907,1.1059048400056073
5,0.019,9,0.09131352737143719,0.06666935125570286,4.114501554053989,558.0200573065903,0.33406922162976116,2.3002279749307473,0.031480310323595065,0.03325,0.0,0.03325,0.9467762503336861,1.0562157633839626
5,0.019,10,0.11425313568985176,0.07215347595796567,4.056647679733411,562.5507411630558,0.31662823201622814,2.2560656965752433,0.03145344346161978,0.03325,0.0,0.03325,0.9459682244096175,1.0571179604094039
5,0.019,11,0.06256131612708475,0.06021427885331961,4.128358410649596,558.4824541544034,0.32300161820603535,2.263740945764721,0.030646271597905568,0.03325,0.0,0.03325,0.9216923788843779,1.0849606906920573
5,0.019,12,0.13466524325148696,0.07562168087352672,4.048631657613908,564.3063901174318,0.30833981977775693,2.225861908876057,0.029886962728695093,0.03325,0.0,0.03325,0.8988560219156418,1.1125252271980113
5,0.019,13,0.0853946266839181,0.06674208141998558,4.071891196884247,563.2345688408554,0.30821383619331755,2.21831933734844,0.03352416497518852,0.03325,0.0,0.03325,1.0082455631635645,0.9918218701228969
5,0.019,14,0.07504241863334876,0.06115714745775144,4.147243939272139,570.7362332253587,0.31809372096904553,2.260365320198098,0.03069141750860652,0.03325,0.0,0.03325,0.9230501506347825,1.0833647546802294
5,0.019,15,0.07235735046657488,0.06146710077632378,4.118512879027893,566.0298301973382,0.3158911848149728,2.2800679462034195,0.029974222785351293,0.03325,0.0,0.03325,0.9014803845218433,1.1092864771876458
5,0.019,16,0.10362379396794044,0.0684035059009454,4.074156294607361,562.2094507331155,0.31037430779542774,2.212926743134003,0.030318335716899368,0.03325,0.0,0.03325,0.9118296456210335,1.096696082214913
5,0.019,17,0.0850190114068441,0.06386714925209548,4.133987876169593,562.7642585551331,0.3222295299055986,2.2897651790762334,0.030538011235524732,0.03325,0.0,0.03325,0.9184364281360821,1.0888069869239037
5,0.019,18,0.10199421525346324,0.07132467656694381,4.043991883400323,563.2773633734206,0.2898065024346579,2.151561431608079,0.03229097960251557,0.03325,0.0,0.03325,0.9711572812786637,1.029699328087579
5,0.019,19,0.11753874482123676,0.06744749942045589,4.115491525984947,567.7638483965014,0.3151196230610367,2.244191131773617,0.03223422491129949,0.03325,0.0,0.03325,0.9694503732721651,1.0315123162258646
5,0.019,20,0.09818481848184818,0.06472770791549344,4.118281018886417,555.095409540954,0.3193893385177944,2.282060490148867,0.03275438486996556,0.03325,0.0,0.03325,0.9850942818034755,1.0151312605015184
5,0.019,21,0.1032753248727107,0.07284480700067485,4.0560580528907355,562.3800440762976,0.2970674931711983,2.176440173187018,0.03135320869035965,0.03325,0.0,0.03325,0.9429536448228466,1.0604975180809346
5,0.019,22,0.0796800724364295,0.06452177702338792,4.092155637851752,558.398324907568,0.321970404998865,2.29501994895807,0.03246352341388179,0.03325,0.0,0.03325,0.9763465688385501,1.0242264703091934
5,0.019,23,0.08393447550345656,0.06435080523538071,4.0984622339013,556.0946798917944,0.32678854555706494,2.303201543000409,0.0311868902055639,0.03325,0.0,0.03325,0.9379515851297413,1.0661531105165474
5,0.019,24,0.09562862087126626,0.06443655850486986,4.102886597442218,556.8046798585509,0.31855172058567405,2.2632765166731836,0.031881806763029735,0.03325,0.0,0.03325,0.9588513312189394,1.042914545186844
5,0.019,25,0.09068702290076336,0.06876221282138842,4.059861742331135,564.9083969465648,0.3124885446159169,2.2463331373656668,0.03238760242297517,0.03325,0.0,0.03325,0.9740632307661705,1.0266273979086844
5,0.019,26,0.11761583377568818,0.06947024316654761,4.08971267292685,561.1880640024266,0.3189183870272245,2.246112277204833,0.031098613531088195,0.03325,0.0,0.03325,0.9352966475515246,1.069179497882153
5,0.019,27,0.09884778653729533,0.06664428222011769,4.093329421151027,560.9757428744693,0.3018270843604114,2.191338934430125,0.030746148247802703,0.03325,0.0,0.03325,0.9246961879038407,1.0814362739689267
5,0.019,28,0.09039334341906202,0.06466290644240316,4.130863808189483,559.7897125567322,0.3262302992225159,2.345721875888856,0.030239456884926318,0.03325,0.0,0.03325,0.909457349922596,1.09955678524684
5,0.019,29,0.101546738399462,0.07002293699356428,4.063686467109594,552.9838601210491,0.3292991398193408,2.318292271404343,0.0315715426571687,0.03325,0.0,0.03325,0.9495200799148481,1.0531636151282644
5,0.06,0,0.07141209931585825,0.05471402146665532,4.249760816987067,568.8530248289645,0.4418219543003943,2.7833299785374965,0.029372716639231976,0.105,0.0,0.105,0.27974015846887595,3.574745955222802
5,0.06,1,0.07044177926218309,0.05453586880178571,4.251044436634283,561.7408531956885,0.45211278487113304,2.794861923467586,0.02977074998181683,0.105,0.0,0.105,0.28353095220777935,3.5269517920822
5,0.06,2,0.08082791962532104,0.05643187999258677,4.226785063939953,559.0299138842726,0.43549666536273435,2.72695647015201,0.029029699521875424,0.105,0.0,0.105,0.27647332877976594,3.6169854228383214
5,0.06,3,0.09866869532141499,0.0577064017238372,4.229726251901804,562.977938379612,0.457950576528674,2.8186371597613444,0.030607157973166616,0.105,0.0,0.105,0.2914967426015868,3.43057006769638
5,0.06,4,0.07416069407770652,0.05678790428060409,4.237331150351775,558.3142210486609,0.45460497550084256,2.8134864630089473,0.031672401109240696,0.105,0.0,0.105,0.30164191532610185,3.315189133840735
5,0.06,5,0.06797226243999085,0.054957353324131736,4.2483407579749555,563.9200640097539,0.43883266308694147,2.7296115689367926,0.029178468733676206,0.105,0.0,0.105,0.27789017841596386,3.5985438769380895
5,0.06,6,0.07089012411482525,0.054366519501766485,4.2565127322111795,563.4914337927358,0.4463052182691172,2.793848832268666,0.031000705513531186,0.105,0.0,0.105,0.2952448144145827,3.38701969070251
5,0.06,7,0.07365246890312853,0.05477970102581107,4.260084350729654,557.894082171127,0.44053360549150966,2.7402880581240474,0.02968467477301157,0.105,0.0,0.105,0.2827111883143959,3.5371787227887332
5,0.06,8,0.07311037792441512,0.05487042250297323,4.248589800608486,554.9292141571685,0.4366130833805073,2.769662641172334,0.03198780424020492,0.105,0.0,0.105,0.3046457546686183,3.282501018560921
5,0.06,9,0.0674954240390482,0.053575952031941765,4.254010318591668,564.392312385601,0.45494563365355134,2.7875948232995573,0.030131014406462372,0.105,0.0,0.105,0.2869620419663083,3.4847814475665326
5,0.06,10,0.12345772462341988,0.05936587283188463,4.22902013941239,560.1703883127697,0.45337387613835745,2.816173851270361,0.029656799934997004,0.105,0.0,0.105,0.2824457136666381,3.5405033661805496
5,0.06,11,0.07155296433709396,0.055056901893145195,4.239219005479327,560.3397440751116,0.44170794979436323,2.7682665507825828,0.03327579288404163,0.105,0.0,0.105,0.3169123131813489,3.1554469750999017
5,0.06,12,0.07546600256584408,0.05496247354768161,4.244925332543244,558.4824541544034,0.43480257017654367,2.7140009881660623,0.03174858514117663,0.105,0.0,0.105,0.3023674775350155,3.307233992730569
5,0.06,13,0.07084927314460597,0.05562236902857129,4.235553812832682,566.2027543993879,0.4461391872901004,2.779890423739339,0.029099383848149876,0.105,0.0,0.105,0.27713698902999884,3.608323823896905
5,0.06,14,0.07122356495468278,0.05490222598068568,4.250394168590048,558.9456193353475,0.45652719313511625,2.8127566800414057,0.03156615655944068,0.105,0.0,0.105,0.3006300624708636,3.3263473113136106
5,0.06,15,0.11884013264440503,0.05824040139477979,4.243913614401808,570.6922958278708,0.44023660049424507,2.7261627633360472,0.030529699208395388,0.105,0.0,0.105,0.29075904007995607,3.4392739765718345
5,0.06,16,0.07500566508044414,0.05459859893332309,4.248398137144886,558.9877634262407,0.45470058207865804,2.7975832673167087,0.032684607514675064,0.105,0.0,0.105,0.31128197633023874,3.212521366605245
5,0.06,17,0.0567596241285238,0.05347505691858879,4.256674193439977,560.806001818733,0.4583519112493377,2.8218265408033205,0.029961827148549267,0.105,0.0,0.105,0.28535073474808825,3.5044591733146033
5,0.06,18,0.06785526216805837,0.054995122578986345,4.2447724083334215,556.7210561949898,0.45105648195021786,2.750666571419491,0.033316461884665485,0.105,0.0,0.105,0.3172996369968142,3.151595159278548
5,0.06,19,0.06255200060509795,0.05517709141473969,4.235102795643066,559.7474472430225,0.4443669064785354,2.806606226999483,0.033787877762205556,0.105,0.0,0.105,0.3217893120210053,3.1076234127214373
5,0.06,20,0.0775234521575985,0.054516977671058446,4.255891767530595,555.3864915572233,0.4563349501986522,2.8006363245960664,0.030645084292613187,0.105,0.0,0.105,0.29185794564393513,3.426324398308463
5,0.06,21,0.06611819759981885,0.05362416203166946,4.260672867303551,558.5666088006642,0.4416459107596893,2.7737829474280096,0.02865607978090683,0.105,0.0,0.105,0.272915045532446,3.664143902543157
5,0.06,22,0.07945619335347431,0.05529034155602045,4.250090718245128,558.9456193353475,0.452183381508803,2.799876064233141,0.029887966522454446,0.105,0.0,0.105,0.2846473002138519,3.513119566736494
5,0.06,23,0.07884423269038654,0.057614727371121235,4.212969393314614,568.6784753707831,0.4624912414001301,2.839364780090036,0.03169948398629384,0.105,0.0,0.105,0.3018998474885128,3.3123567577756057
5,0.06,24,0.10029700708247659,0.05550590157547565,4.257601048210053,563.5771076079507,0.4701211979845539,2.8762307058118246,0.03299074122844358,0.105,0.0,0.105,0.3141975355089865,3.1827111513782023
5,0.06,25,0.04161911283573005,0.05319736585519153,4.248760067242896,563.0634558320019,0.45237898293999024,2.779824585178593,0.03155855564493273,0.105,0.0,0.105,0.3005576728088831,3.3271484658981714
5,0.06,26,0.07209266880048773,0.054228250162839144,4.2586718277172855,563.9629629629629,0.43737968066125177,2.7258323210674855,0.03030361676518054,0.105,0.0,0.105,0.28860587395410037,3.464932942283216
5,0.06,27,0.0898254249019457,0.05590096260580022,4.2457698254364225,569.1150503729908,0.45500031652045436,2.8032870346654275,0.03310496978336283,0.105,0.0,0.105,0.31528542650821745,3.171729220328985
5,0.06,28,0.06988881325164512,0.05443797285138505,4.256128463956674,559.7474472430225,0.4567208976659458,2.8391629077884972,0.030091554286712688,0.105,0.0,0.105,0.2865862313020256,3.489351164767321
5,0.06,29,0.07408522812829393,0.05449612334605809,4.25488571622806,557.1812979972896,0.44663697335636243,2.7685738225503718,0.029494370888870868,0.105,0.0,0.105,0.2808987703701988,3.560001343836756
5,0.25,0,0.06240132320878129,0.05056692808189637,4.314473691179587,556.3868130215774,1.07139966901741,5.261843181151017,0.03052112022205888,0.4375,0.0,0.4375,0.06976256050756316,14.334336250338563
5,0.25,1,0.05696347905979634,0.050361025237175595,4.316927467674744,566.5922211163005,1.0522283971949946,5.195712330569652,0.03051889331032944,0.4375,0.0,0.4375,0.06975747042361015,14.33538220247074
5,0.25,2,0.04915433403805497,0.0503764404951869,4.315430619622536,558.7771066143159,1.0737111687194556,5.355455573195413,0.030082363286640403,0.4375,0.0,0.4375,0.06875968751232092,14.5434052448364
5,0.25,3,0.07171284249196387,0.050685642834194536,4.316023128163062,566.3757844787999,1.07745069541852,5.354521357909558,0.031096716030085514,0.4375,0.0,0.4375,0.07107820806876688,14.069009717190928
5,0.25,4,0.082085035557573,0.050721111112943515,4.314999041713324,559.8742623694961,1.0642164079472423,5.197956829105725,0.034131553572257424,0.4375,0.0,0.4375,0.07801497959373126,12.818051164117117
5,0.25,5,0.056943284488649305,0.05048858257733589,4.3157307577304485,561.8685748994002,1.0524405376927461,5.230642338668303,0.033022903929825015,0.4375,0.0,0.4375,0.07548092326817146,13.248380606675443
5,0.25,6,0.04638009049773756,0.05030769461229921,4.31613473799204,558.10407239819,1.056248157779919,5.221083140216531,0.030927593081628808,0.4375,0.0,0.4375,0.07069164132943727,14.14594400687061
5,0.25,7,0.054677914110429444,0.050398956398969116,4.316581150970797,567.5030674846626,1.052909886580892,5.157753082169783,0.028877107853146518,0.4375,0.0,0.4375,0.06600481795004919,15.150409183111076
5,0.25,8,0.07051527448128014,0.05061484922801018,4.315000945071142,566.5922211163005,1.0657538305094931,5.236690088153185,0.032039949181862336,0.4375,0.0,0.4375,0.07323416955854248,13.654828149592282
5,0.25,9,0.04822684194435952,0.050455854118766394,4.315817969762768,565.5979822684194,1.0675916910695378,5.1827017131953,0.031045567843028962,0.4375,0.0,0.4375,0.07096129792692334,14.09218868896409
5,0.25,10,0.05658381808566896,0.05042470124724692,4.316568470105746,559.0720707108861,1.0604341087455396,5.186069782617388,0.02866580010217133,0.4375,0.0,0.4375,0.06552182880496303,15.262089264581908
5,0.25,11,0.05037783375314862,0.05031568829112064,4.3167076638603215,564.865353789787,1.0530170432466548,5.220072512060379,0.030377650186928663,0.4375,0.0,0.4375,0.06943462899869408,14.402035618550045
5,0.25,12,0.04066402680475175,0.05028926590027712,4.31674488297097,563.5342674383186,1.0572779668145813,5.223469601138867,0.030653561776560322,0.4375,0.0,0.4375,0.0700652840607093,14.27240342212175
5,0.25,13,0.043409688321441986,0.05036656391265402,4.31666723368701,555.8028539241457,1.0576792067149654,5.190946503292804,0.030396971499786242,0.4375,0.0,0.4375,0.06947879199951142,14.392881211967994
5,0.25,14,0.08754157846991231,0.05055669313419238,4.316221106001299,559.4517689749017,1.0689307438442484,5.318827956287635,0.03052226311165944,0.4375,0.0,0.4375,0.06976517282665015,14.333799508886218
5,0.25,15,0.07235900911075974,0.05052416550036534,4.31641184625222,557.2231759656653,1.0606618570745923,5.282380687775138,0.03319867023650737,0.4375,0.0,0.4375,0.07588267482630255,13.178238672912181
5,0.25,16,0.04599201474201474,0.050361342245864575,4.3164294022138225,568.1990171990172,1.0719191385433078,5.196222221768459,0.03175638804023178,0.4375,0.0,0.4375,0.07258602980624407,13.77675570174217
5,0.25,17,0.04405784003615002,0.050308304164235255,4.317148316371897,557.3488477180298,1.0634260878432542,5.218336802409644,0.029035615526680866,0.4375,0.0,0.4375,0.06636712120384199,15.067701926207855
5,0.25,18,0.06255645889792232,0.05043698572629861,4.316356267668904,557.0975609756098,1.0452592573710717,5.191951970616346,0.0318203739152418,0.4375,0.0,0.4375,0.0727322832348384,13.749052766172547
5,0.25,19,0.05329678696512868,0.050399568985248604,4.316050641929521,563.4486066697121,1.0558015265269205,5.127601609595895,0.03111346748047421,0.4375,0.0,0.4375,0.07111649709822677,14.061434980673903
5,0.25,20,0.06771188366280391,0.05059093620116762,4.314022643746659,560.5092024539878,1.0656343970622402,5.262752568263903,0.032287066141829524,0.4375,0.0,0.4375,0.07379900832418176,13.550317581602643
5,0.25,21,0.05757368060315284,0.05038375805762438,4.316088129033644,563.5771076079507,1.0677946241630707,5.260192322729116,0.03220718932156543,0.4375,0.0,0.4375,0.0736164327350067,13.583923627482042
5,0.25,22,0.049247712114161624,0.05038826230541258,4.317071391114257,573.9176361098185,1.0617390236875508,5.220557380648253,0.02977967331002462,0.4375,0.0,0.4375,0.0680678247086277,14.691228995206137
5,0.25,23,0.04167943610174686,0.0503194051660627,4.315891722921651,566.9822249463683,1.0490940121817403,5.19581802574042,0.03148956180644045,0.4375,0.0,0.4375,0.07197614127186389,13.893492792602775
5,0.25,24,0.058258258258258255,0.05033062060518126,4.317040532593606,555.5945945945946,1.0597449956694618,5.172994065259122,0.028655186329458345,0.4375,0.0,0.4375,0.06549756875304764,15.26774228476182
5,0.25,25,0.053636640292148506,0.05033895979432245,4.317181030314053,563.0206938527084,1.0803739110997412,5.246000602366531,0.03018760825864712,0.4375,0.0,0.4375,0.06900024744833627,14.492701649349113
5,0.25,26,0.04114760286900717,0.05031353798996063,4.315791492405583,558.7349943374859,1.0737875087943394,5.354116238943815,0.030728447404422692,0.4375,0.0,0.4375,0.070236451210109,14.237621388480285
5,0.25,27,0.04905487104920793,0.05048363624759468,4.313694959189124,566.3325170276269,1.080991703143809,5.293895292525268,0.03183241173878208,0.4375,0.0,0.4375,0.07275979826007332,13.743853390378987
5,0.25,28,0.05449446718205245,0.05039777295203549,4.315683570196822,560.8908594815825,1.059999651130056,5.157366838047282,0.03036147887516361,0.4375,0.0,0.4375,0.06939766600037396,14.409706516565144
5,0.25,29,0.07062969204841428,0.05056683825993145,4.315209010188258,566.8955109544967,1.060423869814258,5.214245877140522,0.030318737859509986,0.4375,0.0,0.4375,0.06929997225030854,14.430020208205029
5,1.0,0,0.054125662376987134,0.049970790912898765,4.323494012425091,560.2127176381529,3.4911928770306986,14.86920329715137,0.030451851056067958,1.75,0.0,1.75,0.01740105774632455,57.46777090095112
5,1.0,1,0.034451079467156635,0.04995208851143029,4.323662845950592,566.5489205328433,3.5043894086556975,14.917517616135072,0.02856973341882755,1.75,0.0,1.75,0.01632556195361574,61.25363419900671
5,1.0,2,0.05110992447936532,0.04993348058211098,4.323849472184987,564.5212449462201,3.5007294275274035,15.085828921810045,0.031443195302541915,1.75,0.0,1.75,0.017967540172881095,55.65592119890332
5,1.0,3,0.051538520271817975,0.0499722996649748,4.323480765507976,565.037565854776,3.514923601091141,15.197091462966485,0.03181427155550749,1.75,0.0,1.75,0.018179583746004282,55.006759999100176
5,1.0,4,0.05451213925790197,0.049947479809768096,4.323584705260873,564.9945029775538,3.50071060625487,14.683608437576309,0.030684833857499864,1.75,0.0,1.75,0.01753419077571421,57.03143149241044
5,1.0,5,0.07023564401738733,0.04995607734091553,4.323632325629245,564.3493479752917,3.5106961682613473,15.077384339682665,0.029150542505482983,1.75,0.0,1.75,0.01665745286027599,60.033188050302634
5,1.0,6,0.04836382962569281,0.0499687937820478,4.323798592321495,561.8685748994002,3.494722336967243,14.901213315792853,0.02924518590889982,1.75,0.0,1.75,0.016711534805085613,59.83890837457267
5,1.0,7,0.09115979776313773,0.049977136654463246,4.323455816444807,566.8955109544967,3.4944261586642824,14.794914240241466,0.03191869438351669,1.75,0.0,1.75,0.01823925393343811,54.82680397177296
5,1.0,8,0.04952076677316294,0.049951290867671826,4.323726044642436,562.9351894112277,3.494198651431361,14.85171637620029,0.02950792648472122,1.75,0.0,1.75,0.016861672276983552,59.306098681861805
5,1.0,9,0.09676932367149758,0.04995630108915017,4.32366649268194,558.6086956521739,3.496038074925309,14.987441068875787,0.028497635878574953,1.75,0.0,1.75,0.016284363359185688,61.40860271555656
5,1.0,10,0.04396360578025843,0.04996965105293461,4.323879593153142,565.8138236868263,3.48885343427537,14.894292464828743,0.03162276728910146,1.75,0.0,1.75,0.018070152736629406,55.33987534997052
5,1.0,11,0.04086983343615053,0.04994412953470695,4.3238946963537455,570.6483652066626,3.4955056889739353,14.63810796845638,0.0296914697848333,1.75,0.0,1.75,0.016966554162761886,58.939487087766786
5,1.0,12,0.03852195377365547,0.04994102464828531,4.323669291838579,553.5618969257237,3.4770584544749,14.710639463768588,0.030953839812838082,1.75,0.0,1.75,0.017687908464478905,56.535796869834186
5,1.0,13,0.03219178082191781,0.04995353628458084,4.323654764011637,563.1917808219179,3.497854069049936,15.020963738304008,0.0300439176915294,1.75,0.0,1.75,0.01716795296658823,58.24806265174252
5,1.0,14,0.05086313193588163,0.049951847400763444,4.323855407549725,570.2971639950678,3.5056844658975024,14.851636218822055,0.030605620611645002,1.75,0.0,1.75,0.017488926063797143,57.17903983081297
5,1.0,15,0.053941279113876035,0.04994943595477086,4.3240169410722915,561.4430619831576,3.5063343140354846,14.792218427655621,0.03212806308480826,1.75,0.0,1.75,0.018358893191319007,54.46951456054276
5,1.0,16,0.0453427605287427,0.049979240557968985,4.323274903488232,568.7221026744544,3.5137035622319672,14.971895083763526,0.03428244101804431,1.75,0.0,1.75,0.019589966296025323,51.046540095522964
5,1.0,17,0.05521151980899799,0.0499661542861259,4.3237311051048835,552.160188017608,3.5013574664480984,15.131638670685254,0.030349288965191835,1.75,0.0,1.75,0.017342450837252478,57.661976924965444
5,1.0,18,0.06136036922145721,0.04993688754425645,4.323761315374347,559.9165468714534,3.502189060440287,14.899658858314005,0.03234370848851297,1.75,0.0,1.75,0.018482119136293128,54.1063496358657
5,1.0,19,0.057936210131332086,0.049962299579144234,4.323678331113877,555.3864915572233,3.505150696786586,14.937827111394082,0.03301948979963452,1.75,0.0,1.75,0.018868279885505438,52.99900182041487
5,1.0,20,0.04194542584379463,0.049951109053479915,4.323783124113853,556.3033150417199,3.500695683294907,14.947862003213736,0.02973668922950452,1.75,0.0,1.75,0.016992393845431154,58.84986006658949
5,1.0,21,0.04345868047736996,0.04995809792007635,4.323846371567793,555.469714028372,3.5036191461549606,14.933256951258585,0.030494926163953138,1.75,0.0,1.75,0.01742567209368751,57.38659574354394
5,1.0,22,0.038920798065296254,0.04996506185662734,4.323845770033984,559.2829504232164,3.4980659970024135,15.021633303271196,0.03253905105971334,1.75,0.0,1.75,0.018593743462693334,53.7815315138885
5,1.0,23,0.05073737296553832,0.04997944416561126,4.323411315444451,565.4685565828685,3.494624977116473,14.684686249480716,0.030806344224667423,1.75,0.0,1.75,0.017603625271238526,56.80648074427249
5,1.0,24,0.0462318401937046,0.049940419745257765,4.323610132476388,559.9588377723971,3.4918360261654016,14.666546919885342,0.03160647636264409,1.75,0.0,1.75,0.018060843635796624,55.36839918252757
5,1.0,25,0.058017667315466384,0.04996527359987924,4.323820171551996,554.0169187004043,3.5015824378060643,14.97070796265634,0.032773469111330535,1.75,0.0,1.75,0.01872769663504602,53.396849569244566
5,1.0,26,0.035261038072801884,0.04996382554460966,4.323553900439399,562.3800440762976,3.4970977873017546,14.726912273941272,0.03281961767868481,1.75,0.0,1.75,0.01875406724496275,53.321766790006315
5,1.0,27,0.05283534502391255,0.050004255134510484,4.322999771238271,561.7834206331132,3.5064027777698357,14.87871869409902,0.031717533022881654,1.75,0.0,1.75,0.018124304584503804,55.174530715787874
5,1.0,28,0.0566008872571516,0.04995399577979838,4.323773146014744,566.0298301973382,3.5070683448575437,15.102576228160647,0.031360056060840615,1.75,0.0,1.75,0.017920032034766064,55.8034716712522
5,1.0,29,0.058271530195247466,0.04994557798856167,4.323731163358241,560.0434387770547,3.498481736984104,14.801340012641866,0.0297074719674913,1.75,0.0,1.75,0.016975698267137886,58.90773883132883
8,0.0001,0,0.4328668102122424,0.34597567134508095,1.9422333757698134,569.0713626576438,0.25491685947054066,2.022052008430898,0.029300175703241223,0.00017500000000000003,0.0,0.00017500000000000003,167.42957544709267,0.005972660429495012
8,0.0001,1,0.41987661751429434,0.3361850635842717,1.9595993370958005,556.7628648811315,0.24176334936055355,1.9701707710726668,0.030161695816104197,0.00017500000000000003,0.0,0.00017500000000000003,172.35254752059538,0.005802061033536533
8,0.0001,2,0.4346096096096096,0.34513923718344947,1.9342980360303028,555.5945945945946,0.24489730448112823,1.9671486328235546,0.03189965497999102,0.00017500000000000003,0.0,0.00017500000000000003,182.2837427428058,0.005485952751205878
8,0.0001,3,0.4461003101596187,0.35504116777839106,1.8922132351663383,559.831984265073,0.2547783101326786,2.0319089425754493,0.03130102390034941,0.00017500000000000003,0.0,0.00017500000000000003,178.86299371628232,0.005590871421878519
8,0.0001,4,0.4393483128715929,0.3509526548713579,1.916173432774667,571.3961084086171,0.25004543337854557,1.990539604943873,0.030001421658493756,0.00017500000000000003,0.0,0.00017500000000000003,171.43669519139286,0.005833056912836511
8,0.0001,5,0.4573751451800232,0.3734328651874417,1.8099915394722053,572.98606271777,0.2613042952143587,2.0416122978376428,0.031224409990967268,0.00017500000000000003,0.0,0.00017500000000000003,178.42519994838437,0.005604589487859812
8,0.0001,6,0.46172411192397617,0.3706340010028045,1.8323036889740594,558.1460894486763,0.25827181595377624,2.0464807360498183,0.031045958142096732,0.00017500000000000003,0.0,0.00017500000000000003,177.4054750976956,0.0056368046107331754
8,0.0001,7,0.4421758569299553,0.3517402892364804,1.898354161998319,551.461997019374,0.2519684598373715,1.9996080358891293,0.031788863324445735,0.00017500000000000003,0.0,0.00017500000000000003,181.65064756826132,0.0055050725851346965
8,0.0001,8,0.4474200362100181,0.36214955487690165,1.8612060505717978,558.2721786360893,0.2511798331979662,2.0008549282911114,0.030760924452147478,0.00017500000000000003,0.0,0.00017500000000000003,175.77671115512842,0.00568903578539178
8,0.0001,9,0.45101593775964954,0.36066872868774996,1.8679258971502088,558.9877634262407,0.2534445310011506,2.0193606283996814,0.03132508681460795,0.00017500000000000003,0.0,0.00017500000000000003,179.000496083474,0.005586576696042597
8,0.0001,10,0.46525170485020306,0.3702744544602885,1.8211967304913264,567.025591908666,0.26302499941084534,2.052073414821832,0.03005892035524254,0.00017500000000000003,0.0,0.00017500000000000003,171.7652591728145,0.0058218990546504605
8,0.0001,11,0.4436463666233667,0.36199736850340003,1.8358461559696664,565.4685565828685,0.26466627995250747,2.055162784654309,0.031514758050922916,0.00017500000000000003,0.0,0.00017500000000000003,180.0843317195595,0.005552953943585016
8,0.0001,12,0.42045626227526817,0.33462528654174467,1.9853643058669372,559.0299138842726,0.24636727970209904,1.977420870428182,0.03085359042103206,0.00017500000000000003,0.0,0.00017500000000000003,176.30623097732604,0.005671949280843089
8,0.0001,13,0.4724994372326855,0.3824858926459654,1.7852382193877279,555.3032940646807,0.2598875528201461,2.0245884662152114,0.030426307737172583,0.00017500000000000003,0.0,0.00017500000000000003,173.86461564098616,0.005751601591349125
8,0.0001,14,0.43711936662606576,0.3466528632857607,1.9372611272668474,563.3629719853836,0.24388743893359788,1.9858330215331788,0.03145282532073973,0.00017500000000000003,0.0,0.00017500000000000003,179.730430404227,0.005563888083675792
8,0.0001,15,0.4504697166424807,0.3626063380515371,1.868032489084975,565.2098831436646,0.25012228137347847,2.000461320680402,0.030580221979688287,0.00017500000000000003,0.0,0.00017500000000000003,174.74412559821874,0.005722653030976587
8,0.0001,16,0.4122078720787208,0.3255768167160701,2.0253090593937997,568.8966789667896,0.2389788075524848,1.9630150357441476,0.029608106067154468,0.00017500000000000003,0.0,0.00017500000000000003,169.18917752659695,0.005910543538417507
8,0.0001,17,0.4772178636089318,0.3889061680803191,1.7786275153945639,558.2721786360893,0.2534424108744133,1.998743744301919,0.03381785265709288,0.00017500000000000003,0.0,0.00017500000000000003,193.244872326245,0.005174781550279654
8,0.0001,18,0.47113551437504764,0.38236241006991006,1.814222619824353,564.3493479752917,0.2594704474613536,2.02812816384826,0.032302521535103344,0.00017500000000000003,0.0,0.00017500000000000003,184.58583734344765,0.005417533730604482
8,0.0001,19,0.45494186046511625,0.3705612584279891,1.8338613710472167,566.1162790697674,0.2522571152658202,2.0024064432920117,0.031146841887587283,0.00017500000000000003,0.0,0.00017500000000000003,177.98195364335587,0.005618547159021649
8,0.0001,20,0.45574646811760217,0.36573586656424106,1.8499660377681044,565.1237113402062,0.25680359444231726,2.028897275448931,0.032026383411998136,0.00017500000000000003,0.0,0.00017500000000000003,183.0079052114179,0.005464244830543035
8,0.0001,21,0.4610946633265012,0.37546014953288703,1.8038884260672337,561.7834206331132,0.26083221717271954,2.0477132739558623,0.030084475252063796,0.00017500000000000003,0.0,0.00017500000000000003,171.91128715465024,0.00581695371229701
8,0.0001,22,0.44130010508932593,0.3521932830775707,1.9003246823319513,555.5113346344393,0.24559426633641124,1.9796830134587577,0.03087950945168572,0.00017500000000000003,0.0,0.00017500000000000003,176.45433972391837,0.005667188472466059
8,0.0001,23,0.4447630546332629,0.3547519879273458,1.8876155432143449,558.4403863567763,0.24894541210960597,1.9924416023957554,0.02997763502989502,0.00017500000000000003,0.0,0.00017500000000000003,171.3007715994001,0.005837685321923571
8,0.0001,24,0.4290961965255988,0.34409691112997204,1.9376601637325988,566.3325170276269,0.24429930897895247,1.9849381641687922,0.029886365978593423,0.00017500000000000003,0.0,0.00017500000000000003,170.77923416339095,0.0058555128490813
8,0.0001,25,0.4465196519651965,0.3555450884709124,1.8960436301425438,555.095409540954,0.25215016011497937,1.9951924693663183,0.03123696891129115,0.00017500000000000003,0.0,0.00017500000000000003,178.49696520737797,0.005602336145257142
8,0.0001,26,0.4247512437810945,0.3394636721348939,1.9744430750443016,575.2537313432836,0.24318990082247183,1.975237045276101,0.0313591645785721,0.00017500000000000003,0.0,0.00017500000000000003,179.19522616326913,0.00558050580593523
8,0.0001,27,0.4258875853078752,0.33543286296786057,1.9726834306334657,567.4596273291926,0.25798868149286136,2.016559080387351,0.03079955837378404,0.00017500000000000003,0.0,0.00017500000000000003,175.99747642162305,0.0056818996518130755
8,0.0001,28,0.46213339459376673,0.37200437357181804,1.815050974944953,566.6788421778084,0.2611028841638472,2.062132122206493,0.029004476332207534,0.00017500000000000003,0.0,0.00017500000000000003,165.7398647554716,0.006033551442046696
8,0.0001,29,0.44380146895170264,0.3546862077076555,1.8990399455336728,549.0525261517917,0.24736402029520832,1.9752458757284113,0.031158362448971064,0.00017500000000000003,0.0,0.00017500000000000003,178.04778542269176,0.0056164697450516695
8,0.0003,0,0.26468788249694003,0.18758315555416832,2.8462764553885647,566.1162790697674,0.2516307959740516,1.9979410765002406,0.029510123455780694,0.000525,0.0,0.000525,56.2097589633918,0.01779050503759104
8,0.0003,1,0.29909228441754915,0.2135577546564962,2.7277842529837164,559.7897125567322,0.25909723705262877,2.0329327323651585,0.029576965423515164,0.000525,0.0,0.000525,56.33707699717174,0.017750299683638227
8,0.0003,2,0.2854019001658875,0.1979631017907888,2.8214075321050607,558.0200573065903,0.2502657274308149,1.995839852039517,0.03186700575370841,0.000525,0.0,0.000525,60.69905857849222,0.016474720093176777
8,0.0003,3,0.2765253982566877,0.19118742793919627,2.8567976099976997,556.0946798917944,0.25102003387291916,1.9832824317131401,0.032206308444789805,0.000525,0.0,0.000525,61.34534941864725,0.016301154194681762
8,0.0003,4,0.27715412621359226,0.19641070570519537,2.844482098498999,561.3155339805825,0.24688972806325182,1.9617724888177812,0.029470952090704935,0.000525,0.0,0.000525,56.13514683943797,0.017814151317004232
8,0.0003,5,0.27338458025724943,0.19230037718054552,2.8494194247928877,563.2345688408554,0.2482022633193992,1.9910405562081883,0.031916359567499525,0.000525,0.0,0.000525,60.793065842856244,0.01644924443496395
8,0.0003,6,0.2695922388964681,0.1908992141024638,2.871560727970645,560.8908594815825,0.24846008309395984,1.9904689009426275,0.031021666054585,0.000525,0.0,0.000525,59.08888772301905,0.016923655843506993
8,0.0003,7,0.2883007288070579,0.1982242685834842,2.821650413840438,567.7203682393556,0.25017938803648576,1.9973383656750017,0.031060071668103786,0.000525,0.0,0.000525,59.16204127257864,0.016902729833013653
8,0.0003,8,0.285455369279565,0.19993185373323086,2.8133479083270143,558.861350249207,0.2525388124049641,2.0150653247516663,0.031768699592673484,0.000525,0.0,0.000525,60.511808747949495,0.016525700035927054
8,0.0003,9,0.27155592179189453,0.18963728763415744,2.8605028617299113,554.3897670237471,0.24631571938516572,1.981127827258054,0.02978939987857841,0.000525,0.0,0.000525,56.74171405443507,0.017623718575731633
8,0.0003,10,0.28201082055906224,0.19037471214861448,2.879342675232751,556.0946798917944,0.2547082964738365,2.0188514117853993,0.029580670704005944,0.000525,0.0,0.000525,56.34413467429704,0.01774807627769245
8,0.0003,11,0.264717024016971,0.18117884682970714,2.8961824061533323,560.6787635426926,0.2526091137260664,1.9988022650704642,0.03114603491072719,0.000525,0.0,0.000525,59.32578078233751,0.01685607819758725
8,0.0003,12,0.2745484899074215,0.18966745699925902,2.8630587856099434,561.57064804978,0.2505865837447345,2.004303990308477,0.030831525498063814,0.000525,0.0,0.000525,58.72671523440727,0.017028025422646354
8,0.0003,13,0.2550355672032946,0.18459390959749178,2.8565836859651896,554.1411456383377,0.2537924811185803,2.0154757542771495,0.032234796680026157,0.000525,0.0,0.000525,61.39961272385935,0.016286747678644704
8,0.0003,14,0.2735987630459992,0.1915014155518984,2.865153134117034,572.1016621569386,0.25135794570087455,2.0077077137691512,0.029292608248527613,0.000525,0.0,0.000525,55.79544428290974,0.01792261022117718
8,0.0003,15,0.27909255351220985,0.19780792553095358,2.800864644121581,557.7681640036177,0.2519594392797444,2.0077630459068403,0.03372534296775791,0.000525,0.0,0.000525,64.23874851001507,0.015566928422400636
8,0.0003,16,0.2725425259671835,0.18913667573886148,2.8687897952662196,557.0138491645341,0.2502098726690747,1.9978439448888627,0.02928326742774739,0.000525,0.0,0.000525,55.77765224332837,0.01792832720239872
8,0.0003,17,0.26102801609596843,0.1789876073549677,2.930391049671981,561.8685748994002,0.2478689104609657,1.9708107292542019,0.03107659162040824,0.000525,0.0,0.000525,59.19350784839665,0.01689374453970777
8,0.0003,18,0.2751459107102251,0.1943480296528632,2.808346451135072,560.9332979610399,0.256465236103395,2.0306905693761452,0.03042907601491284,0.000525,0.0,0.000525,57.960144790310174,0.017253235022407686
8,0.0003,19,0.28456221198156684,0.20049679912282797,2.833048814016605,568.3732718894009,0.24918360923766159,1.988326735833062,0.0298666744620707,0.000525,0.0,0.000525,56.88890373727753,0.017578120411990486
8,0.0003,20,0.2727825492133465,0.1895190044723763,2.872074226085335,562.4653796458159,0.2545354758622125,2.0046649126371348,0.03076541907857795,0.000525,0.0,0.000525,58.60079824491038,0.017064613963460002
8,0.0003,21,0.2719848771266541,0.18363329366779332,2.9078544321404656,559.578449905482,0.24416876898612827,1.969708547821234,0.030228290985987786,0.000525,0.0,0.000525,57.577697116167215,0.017367835986604793
8,0.0003,22,0.2812856165944837,0.19280374527870042,2.8512297285538097,562.2947344426715,0.2569143119326327,2.020609730522342,0.033013472047289,0.000525,0.0,0.000525,62.8828038995981,0.015902598770828526
8,0.0003,23,0.2691484482495031,0.19062673095808425,2.851682042891797,565.6842990368445,0.25661927612964064,2.0262850556377345,0.028213850037747155,0.000525,0.0,0.000525,53.74066673856601,0.018607882274046448
8,0.0003,24,0.27263772069409714,0.19400689766411663,2.8464679501826886,560.7635826324165,0.249598460533889,1.9673241932630416,0.031552908284980204,0.000525,0.0,0.000525,60.10077768567658,0.016638719805423138
8,0.0003,25,0.29273308957952465,0.20392231475726516,2.7829215691247735,563.7056672760511,0.2515491403173655,2.0130624913114823,0.03271096152799857,0.000525,0.0,0.000525,62.30659338666395,0.016049665784071562
8,0.0003,26,0.2870195575020766,0.19984500790306717,2.787549209606789,558.8192252510761,0.25797783871530555,2.0242892758649997,0.032160610661312296,0.000525,0.0,0.000525,61.258306021547234,0.01632431689587133
8,0.0003,27,0.27134052388289676,0.19095025110953623,2.8461565237986686,570.1217257318953,0.24840587307699025,1.9765682203349808,0.03018747901444744,0.000525,0.0,0.000525,57.49996002751894,0.01739131643780986
8,0.0003,28,0.2707778876131093,0.19019669910052384,2.8434139259486644,562.7215420880541,0.2559585661801975,2.016359572323614,0.03077905266883375,0.000525,0.0,0.000525,58.626766988254765,0.01705705518778375
8,0.0003,29,0.2867000303306036,0.19970388585431545,2.8147331485643203,561.1455868971792,0.24989793810527772,1.9946157437375402,0.03210267590700251,0.000525,0.0,0.000525,61.147954108576215,0.016353776910088744
8,0.0007,0,0.20726299694189604,0.13168392849788144,3.388398911041412,565.7706422018349,0.24823234355426393,1.9932515470467753,0.03155352388088452,0.001225,0.0,0.001225,25.757978678273076,0.03882292211242114
8,0.0007,1,0.2062127723742743,0.13238672132476473,3.3622555896026816,557.9780592626103,0.2578806650126353,2.0422196407876285,0.03031362243043063,0.001225,0.0,0.001225,24.745814228922963,0.040410874774578956
8,0.0007,2,0.20491303021055843,0.13209365709228582,3.3942932407680013,564.5642355813244,0.2558388791803736,2.001472603808641,0.0313059100396464,0.001225,0.0,0.001225,25.55584493032359,0.03912999169960678
8,0.0007,3,0.1955040871934605,0.12736047395840813,3.4206076706991806,560.1280653950954,0.24253862860496156,1.9712858724720712,0.03249027942133476,0.001225,0.0,0.001225,26.522677078640623,0.03770358463570501
8,0.0007,4,0.2503200542209504,0.15200595077882506,3.268970484490771,557.3069508246103,0.25994271790841594,2.038625237058766,0.03551379350024668,0.001225,0.0,0.001225,28.990851836936066,0.03449363977383861
8,0.0007,5,0.20946915351506457,0.132234714250331,3.3803558136414993,558.8192252510761,0.26175112716737203,2.03722417313132,0.03309679977642117,0.001225,0.0,0.001225,27.017795735854016,0.03701264195557405
8,0.0007,6,0.19816888619854722,0.12955412045291956,3.4178459886321724,559.9588377723971,0.24862817651592195,1.9933534727193412,0.03282150007125952,0.001225,0.0,0.001225,26.793061282660837,0.03732309606021583
8,0.0007,7,0.21148664254369082,0.13165787962300396,3.4051674202452773,569.7273847101394,0.2483980410906952,1.983300617659709,0.02979059444866353,0.001225,0.0,0.001225,24.318852611153904,0.04112036106264929
8,0.0007,8,0.20913073553147338,0.13993589374701232,3.354121475580781,568.765736684344,0.25382302634534426,2.011490038321557,0.032328820201158515,0.001225,0.0,0.001225,26.390873633598787,0.037891886941055206
8,0.0007,9,0.20147832050598186,0.13632466667751078,3.3453460980061105,563.9200640097539,0.25618990379734896,2.0220654759924006,0.03120425633011107,0.001225,0.0,0.001225,25.47286231029475,0.039257464976594096
8,0.0007,10,0.2048238897396631,0.1362059863428936,3.379770828849296,566.635528330781,0.2519300323619973,1.9965259123926378,0.031944583904329596,0.001225,0.0,0.001225,26.07721135047314,0.03834765867255419
8,0.0007,11,0.20775287704421563,0.130169628541441,3.4019346008877402,560.2973955178679,0.2528076140151825,1.9828394443669026,0.031033962628376228,0.001225,0.0,0.001225,25.333847043572433,0.03947288377797776
8,0.0007,12,0.19375852143614603,0.12731209350157183,3.3822737434391974,560.5515830934706,0.2612328619870823,2.045546968107968,0.029850370242496368,0.001225,0.0,0.001225,24.367649177548056,0.04103801695082607
8,0.0007,13,0.2069359756097561,0.13780578863396978,3.354536154313681,564.0487804878048,0.2583822154556401,2.030345642727348,0.029681791884249863,0.001225,0.0,0.001225,24.23003419122438,0.041271093227023985
8,0.0007,14,0.1917241379310345,0.12694187761381492,3.391543824903317,567.0689655172414,0.25388140938594006,1.9884541248659386,0.03304349817669546,0.001225,0.0,0.001225,26.97428422587385,0.03707234607696451
8,0.0007,15,0.20053272450532725,0.1317128908956999,3.399298304408051,563.1917808219179,0.2495141001418233,1.9951481943881189,0.02992331454957711,0.001225,0.0,0.001225,24.42719555067519,0.0409379782433665
8,0.0007,16,0.1971016669169545,0.12433394696368662,3.439880347500668,555.6778795614957,0.2638021188613493,2.0481062399991936,0.030014941434207146,0.001225,0.0,0.001225,24.501993007516038,0.040813006504950344
8,0.0007,17,0.20363056357283912,0.1297412382409848,3.4091653523960677,562.0815737505696,0.24923644063528627,1.9764082892957782,0.03185340488943059,0.001225,0.0,0.001225,26.00277950157599,0.03845742721232519
8,0.0007,18,0.1892287541413052,0.1263349128930761,3.3960965610436404,570.1655751598737,0.2608981504163239,2.029847532051151,0.030783331950691353,0.001225,0.0,0.001225,25.12925057199294,0.03979426275109534
8,0.0007,19,0.2119099931813016,0.1326271578567523,3.3490799956754875,560.6787635426926,0.2536335703334771,2.010723479965681,0.034009313475719935,0.001225,0.0,0.001225,27.762704878138724,0.036019545083571206
8,0.0007,20,0.20328091926217115,0.13027463375218257,3.383529496877365,559.4517689749017,0.25793079723371193,2.031787917005987,0.028944235424092312,0.001225,0.0,0.001225,23.627947284973317,0.042322762444792265
8,0.0007,21,0.1875,0.12305407790638956,3.4204222791393333,570.2971639950678,0.2589106473024003,2.020708204941397,0.03079994343112653,0.001225,0.0,0.001225,25.142810964184925,0.03977280032151003
8,0.0007,22,0.19758962155523144,0.1303290420394079,3.375095316179822,568.0683964074615,0.25403437970089726,2.011852327511267,0.0305180540464009,0.001225,0.0,0.001225,24.912697180735428,0.04014017401428872
8,0.0007,23,0.19847097116039664,0.1301264639739941,3.3864176405180224,560.1703883127697,0.2540414132818114,2.0173189006520653,0.030651503520502693,0.001225,0.0,0.001225,25.021635526940976,0.03996541308913611
8,0.0007,24,0.20856301442271388,0.12955217860618387,3.410389935596973,558.8192252510761,0.2520728182280436,2.0055476832465446,0.029115700423087438,0.001225,0.0,0.001225,23.76791871272444,0.04207351986039223
8,0.0007,25,0.20506807866868382,0.1279060790468974,3.4056668871195557,559.7897125567322,0.254882115899818,2.017295508705846,0.031805239987521855,0.001225,0.0,0.001225,25.963461214303557,0.03851566598713307
8,0.0007,26,0.21730971325626783,0.1353329161288457,3.3665942082302696,555.5113346344393,0.25070081622106954,2.0049898736649028,0.03021282547532077,0.001225,0.0,0.001225,24.663531000261855,0.04054569477457964
8,0.0007,27,0.19226654439859392,0.12622314949423338,3.4427183491438846,565.5116918844567,0.2519019109313376,1.9806149933375685,0.029175700649781523,0.001225,0.0,0.001225,23.81689848961757,0.041986995092409996
8,0.0007,28,0.19404008840789574,0.1254578187212339,3.430277095873698,564.0058684551483,0.2513470805424731,2.012945781417063,0.030505769370388163,0.001225,0.0,0.001225,24.902668873786258,0.040156338465900256
8,0.0007,29,0.2508303140096618,0.19081548270830637,3.146428648733788,558.6086956521739,0.2564317730430048,2.02204613350806,0.03614109246017147,0.001225,0.0,0.001225,29.50293262054814,0.03389493555984743
8,0.001,0,0.17177168047427224,0.10694363283066956,3.594810071977303,562.4653796458159,0.25501215222175233,2.023055405592697,0.031813122196303154,0.00175,0.0,0.00175,18.178926969316088,0.0550087473087869
8,0.001,1,0.18183875103703145,0.11255324855184001,3.5623667319379018,558.1460894486763,0.2628579376032576,2.04347184940472,0.03128741738153644,0.00175,0.0,0.00175,17.87852421802082,0.05593302824133777
8,0.001,2,0.1752530933633296,0.11419320248060952,3.570916461726861,554.970753655793,0.25674183989758603,2.0293799174129648,0.030311696377103674,0.00175,0.0,0.00175,17.320969358344957,0.0577334893510574
8,0.001,3,0.18649101431617424,0.11420207184376194,3.5476499141505546,563.5342674383186,0.2609126874303911,2.037847260500999,0.029737956237158393,0.00175,0.0,0.00175,16.993117849804797,0.05884735272470833
8,0.001,4,0.1789618530693372,0.11117135778379039,3.5856315588993275,565.7274673190124,0.2504351426905487,1.9974616725640546,0.031393240422612496,0.00175,0.0,0.00175,17.93899452720714,0.055744484368025864
8,0.001,5,0.15559857057772483,0.10301415284811523,3.6317954869164826,550.9702203692674,0.24522717515355907,1.9715059990355797,0.03186158683586092,0.00175,0.0,0.00175,18.206621049063383,0.0549250735380931
8,0.001,6,0.18949371907118387,0.11547763927585532,3.5497072013636584,563.4057860677578,0.26481438940390944,2.0606448041785015,0.030510073851243654,0.00175,0.0,0.00175,17.434327914996373,0.05735810436029693
8,0.001,7,0.18697271414456182,0.11592544191653052,3.548513304421041,562.4653796458159,0.25315501948352903,2.0273936750243298,0.032426199596259773,0.00175,0.0,0.00175,18.52925691214844,0.053968704991313725
8,0.001,8,0.17487498105773602,0.11783109525366324,3.535312086594694,560.7211698742234,0.25686322746332735,2.02975052410968,0.03206512011545939,0.00175,0.0,0.00175,18.32292578026251,0.054576436754287465
8,0.001,9,0.18096121155926442,0.11444867765581308,3.545598191549412,571.7927677329625,0.25248057665885426,1.999984867121555,0.0315912967703262,0.00175,0.0,0.00175,18.05216958304354,0.055395003653151094
8,0.001,10,0.17592314620234165,0.11008989240815392,3.6030997708735626,555.4280996697688,0.24515144075849093,1.9781311408301345,0.029878750897206194,0.00175,0.0,0.00175,17.07357194126068,0.05857005220936573
8,0.001,11,0.19682516023252347,0.12872886760543453,3.43693777641914,551.5440453122671,0.2607286564889364,2.035042598710328,0.030100174770873532,0.00175,0.0,0.00175,17.200099869070588,0.058139197307697676
8,0.001,12,0.17147863182753104,0.10903566259073008,3.5976118887600195,563.7485335567914,0.2496665794751607,2.000774775140548,0.028696151852377574,0.00175,0.0,0.00175,16.39780105850147,0.060983786571892094
8,0.001,13,0.1707242848447961,0.106127226403498,3.6250602722572953,563.0206938527084,0.2500985194637906,1.9948048878901423,0.028879055763721864,0.00175,0.0,0.00175,16.502317579269636,0.0605975491137202
8,0.001,14,0.16952966769184608,0.10802589979907015,3.5891300693903108,555.1369739704448,0.2477512828190811,1.9825608706392046,0.028984130049303704,0.00175,0.0,0.00175,16.562360028173543,0.06037786875173232
8,0.001,15,0.19200424821726597,0.1165791929242373,3.5419124103380852,561.4005461993628,0.2523072952753864,2.0011515244358096,0.031941407510109404,0.00175,0.0,0.00175,18.25223286291966,0.054787817332286555
8,0.001,16,0.19361638060825054,0.1250809119198843,3.4881765537313614,557.0975609756098,0.25752895665937103,2.0195090544519836,0.032256338473789184,0.00175,0.0,0.00175,18.43219341359382,0.054252902927032866
8,0.001,17,0.18360459011475286,0.113870085837302,3.54773377219329,555.0538513462836,0.26185215343139134,2.049673304221302,0.031052166682006804,0.00175,0.0,0.00175,17.74409524686103,0.05635677593518904
8,0.001,18,0.17324975455026057,0.1105363973689034,3.5793853052802804,558.9034816101503,0.25121664436301216,2.0045889570017925,0.02972515278745896,0.00175,0.0,0.00175,16.985801592833692,0.058872699915551815
8,0.001,19,0.17173913043478262,0.11461069188114476,3.5598206230824627,554.7631184407796,0.25438715642667376,2.0282962759818863,0.030776781161099127,0.00175,0.0,0.00175,17.586732092056643,0.05686104699642679
8,0.001,20,0.19064477252184392,0.11369355619037323,3.587899906567205,557.4326604398915,0.2565486502717249,2.022615008645203,0.031472388168191534,0.00175,0.0,0.00175,17.984221810395162,0.05560429639618793
8,0.001,21,0.1664887940234792,0.10874882073932703,3.575161631267414,564.1346241805153,0.25785769772483036,2.0270347208567445,0.03295613949074141,0.00175,0.0,0.00175,18.83207970899509,0.05310087974629551
8,0.001,22,0.16257692015497988,0.11101893853411016,3.57366651490857,562.2094507331155,0.2528905111539643,2.013011845990847,0.029221673306259036,0.00175,0.0,0.00175,16.69809903214802,0.059887056489169796
8,0.001,23,0.1798025816249051,0.11102440213831982,3.570983140226089,561.9111617312072,0.2521172036649659,2.002468388406846,0.03288726701106906,0.00175,0.0,0.00175,18.792724006325177,0.05321208355230589
8,0.001,24,0.18494296577946767,0.11594349486659862,3.530219222389142,562.7642585551331,0.2579316056217067,2.026496368002186,0.0315922799675155,0.00175,0.0,0.00175,18.052731410008857,0.05539327968096709
8,0.001,25,0.18561008965202858,0.12221168808561596,3.5234694809224822,562.2520893481234,0.2544047478295397,2.008649348301617,0.032604406215303736,0.00175,0.0,0.00175,18.631089265887848,0.05367372705528958
8,0.001,26,0.17946602669866507,0.1128210928930402,3.573784388491915,555.0122993850307,0.251092420599889,2.0123686357405344,0.028224693802871414,0.00175,0.0,0.00175,16.128396458783666,0.06200244410878127
8,0.001,27,0.17227692542554005,0.10963951275033795,3.5780465278324733,564.865353789787,0.25342206354252994,2.004094275393651,0.03136608085309856,0.00175,0.0,0.00175,17.923474773199178,0.055792752948512624
8,0.001,28,0.1753579906577839,0.11381537826116389,3.5590829956763432,566.6788421778084,0.24473158342880197,1.9738850515544426,0.030433853300369705,0.00175,0.0,0.00175,17.390773314496975,0.057501755782556174
8,0.001,29,0.1705934983596779,0.1111512032448633,3.5800270229303215,551.7903370116313,0.25299297366291285,2.009108596056798,0.03164851568827894,0.00175,0.0,0.00175,18.084866107587967,0.05529485228427677
8,0.0018,0,0.1455881250468551,0.09637114081962707,3.7100204152468916,554.8046330309619,0.2546499019372277,2.002410882245861,0.030364162998586887,0.00315,0.0,0.00315,9.639416824948219,0.10374071566361297
8,0.0018,1,0.15340184532293152,0.09461845039642457,3.7468802060156943,555.1369739704448,0.24882923171389848,1.9925025067518978,0.029881728470254117,0.00315,0.0,0.00315,9.486263006429878,0.1054155887647423
8,0.0018,2,0.14928409947249435,0.09304513901862514,3.7777008408823236,557.6842501883949,0.2613140265166294,2.0228106751724004,0.030630643194673252,0.00315,0.0,0.00315,9.724013712594683,0.10283819311204648
8,0.0018,3,0.14416755847729704,0.08958803575475356,3.7955634688837216,565.6842990368445,0.26088953152066097,2.0302893659884527,0.03172191107008859,0.00315,0.0,0.00315,10.070447958758283,0.09930044860917021
8,0.0018,4,0.14468345709255148,0.09304753080466224,3.7710637387542514,566.5056265788869,0.24352914444170892,1.987503696896971,0.030025326513210965,0.00315,0.0,0.00315,9.53184968673364,0.10491143197440397
8,0.0018,5,0.15779981965734896,0.09720367848181746,3.7601417389086444,556.0946798917944,0.2610885901085567,2.018620377559367,0.03335240852677677,0.00315,0.0,0.00315,10.588066198976751,0.09444595275543721
8,0.0018,6,0.17185854025583144,0.10078086668013633,3.728921460190226,556.8465011286681,0.2677568638464436,2.0547910006165457,0.03229534229639541,0.00315,0.0,0.00315,10.252489617903306,0.09753728482238697
8,0.0018,7,0.1541773681825049,0.0979453731456341,3.7385341238728875,559.0299138842726,0.24655620305566117,1.9717569335534564,0.03195733023622174,0.00315,0.0,0.00315,10.145184201975157,0.09856893478635025
8,0.0018,8,0.161300007505817,0.09809206532081581,3.7519808415393996,555.469714028372,0.25882826483575627,2.027329599831605,0.032123147695647,0.00315,0.0,0.00315,10.197824665284763,0.09806012878454173
8,0.0018,9,0.13671552048102217,0.08841878586987653,3.7910674673649116,556.2198421645998,0.2660701360728126,2.049733274652824,0.031144043407028702,0.00315,0.0,0.00315,9.886997906993239,0.10114293635004042
8,0.0018,10,0.15485996705107083,0.09444558283445433,3.7880392472490585,554.1825670211173,0.26138026246917434,2.0377901886007956,0.03042985512408647,0.00315,0.0,0.00315,9.660271467963959,0.10351675968074678
8,0.0018,11,0.15314774517896002,0.09721172663004488,3.727829956794604,555.3032940646807,0.2604912267124746,2.021234758114259,0.032555121564334245,0.00315,0.0,0.00315,10.334959226772776,0.09675896905422653
8,0.0018,12,0.14255270568536418,0.09109363403218296,3.7984369173522716,563.2345688408554,0.252100998244714,1.9879710608078338,0.0316617164081575,0.00315,0.0,0.00315,10.051338542272223,0.09948923676128994
8,0.0018,13,0.14670275960598542,0.09346772698680932,3.757640485293635,556.4703361154974,0.25843209473532625,2.043504368881494,0.029406864711415345,0.00315,0.0,0.00315,9.335512606798522,0.10711784581296124
8,0.0018,14,0.14972287601548856,0.09431076911728525,3.768836177949449,561.8685748994002,0.2488631095038727,1.9862151944181914,0.031032653078682224,0.00315,0.0,0.00315,9.851635897994356,0.10150598442270738
8,0.0018,15,0.12248587570621469,0.08844077518049027,3.818964935493447,557.4745762711865,0.25978540276992135,2.040001649745773,0.028688226577051754,0.00315,0.0,0.00315,9.107373516524367,0.10980114060169002
8,0.0018,16,0.1643243243243243,0.09393301345790295,3.7771073935136545,571.4401544401544,0.2659373753122054,2.0685824605120473,0.03207949716036632,0.00315,0.0,0.00315,10.183967352497245,0.0981935590901896
8,0.0018,17,0.18074701578744706,0.10750329259221662,3.7091436383869314,569.9025798998845,0.2607434465608094,2.045485950791996,0.030969832704279186,0.00315,0.0,0.00315,9.831692921993392,0.10171188298233061
8,0.0018,18,0.14777953705798086,0.09545807524259384,3.746086894749202,557.9780592626103,0.25340736855287105,2.01754698713866,0.031209857356149385,0.00315,0.0,0.00315,9.907891224174408,0.10092965065664886
8,0.0018,19,0.13433174495121397,0.08486473131084538,3.8318795411214652,559.7474472430225,0.2631421655532904,2.0515680748286185,0.02958106585455778,0.00315,0.0,0.00315,9.39081455700247,0.10648703516931103
8,0.0018,20,0.14736030828516378,0.08891130196209515,3.793411803641214,570.3410404624277,0.25172161535010673,1.9979739215950238,0.03149518422445011,0.00315,0.0,0.00315,9.998471182365114,0.10001529051398961
8,0.0018,21,0.15643829502343226,0.09751776466400384,3.7664025193441257,550.5201963847355,0.2466382436978165,1.9913450665055386,0.029934733704882366,0.00315,0.0,0.00315,9.50309006504202,0.1052289300801842
8,0.0018,22,0.15026455026455027,0.09501104119498884,3.7623311018176864,559.3673469387755,0.2567568620434031,2.020927864788933,0.03112943115908847,0.00315,0.0,0.00315,9.882359098123324,0.10119041314638137
8,0.0018,23,0.15599355778817395,0.09200571280673751,3.76598022568761,567.5465143032441,0.2687518064631149,2.076967118634596,0.032831276164338265,0.00315,0.0,0.00315,10.422627353758179,0.0959450977242721
8,0.0018,24,0.15332616377323705,0.09810734360829422,3.7472351867627998,568.4604393916117,0.25947419041767716,2.0353396574137075,0.031628436148557496,0.00315,0.0,0.00315,10.040773380494443,0.099593921912692
8,0.0018,25,0.1544837980406933,0.0967990069741601,3.762667789306097,557.6842501883949,0.25825070051359944,2.0423871934773548,0.03223942457466165,0.00315,0.0,0.00315,10.234737960210047,0.09770645852270331
8,0.0018,26,0.1531019656019656,0.09428726101914248,3.7741688126953576,568.1990171990172,0.2613949777733069,2.064043030260436,0.03386418512552762,0.00315,0.0,0.00315,10.75053496048496,0.09301862685676897
8,0.0018,27,0.15089611178614823,0.0943175795521598,3.7941985660112283,561.9963547995139,0.2572643661987968,2.025136271337871,0.03142073307410598,0.00315,0.0,0.00315,9.97483589654158,0.10025227586417883
8,0.0018,28,0.1613464447806354,0.09890018517900394,3.734862325587886,559.7897125567322,0.2677249036496505,2.0685999242210436,0.03210376662777043,0.00315,0.0,0.00315,10.191671945323947,0.0981193277574845
8,0.0018,29,0.147707197173362,0.09504579681742795,3.7640659796175586,568.4168522928028,0.26014627286349423,2.0228237828348803,0.03285092700963172,0.00315,0.0,0.00315,10.428865717343404,0.0958877050585646
8,0.0037,0,0.12005137503777576,0.0807668120460479,3.9327602369703416,559.114233907525,0.26487068698043004,2.064700224984853,0.030383990540922536,0.006475000000000001,0.0,0.006475000000000001,4.692508191648267,0.2131056482287663
8,0.0037,1,0.14009735320961364,0.08913235633307037,3.845741801780997,562.849710982659,0.2612180663854815,2.0349389599379113,0.03239174673064033,0.006475000000000001,0.0,0.006475000000000001,5.00258636766646,0.199896598780056
8,0.0037,2,0.1626442812172088,0.09212550989598457,3.8544226963876618,554.6801079298456,0.2650960437604226,2.06134721580906,0.03194813510186658,0.006475000000000001,0.0,0.006475000000000001,4.934074919207193,0.20267223671599213
8,0.0037,3,0.13947865508122403,0.08291485560818082,3.894797759651738,559.1564034756328,0.2647941975737922,2.052552501154327,0.03189107279939127,0.006475000000000001,0.0,0.006475000000000001,4.925262208400195,0.20303487564468495
8,0.0037,4,0.11248027650462093,0.07861129566614805,3.9271830591914267,556.0529716733038,0.26098421498318203,2.0354501448310063,0.0306361493176407,0.006475000000000001,0.0,0.006475000000000001,4.731451632068061,0.21135162689233958
8,0.0037,5,0.1256027727546715,0.08127036333822449,3.9021685428989543,557.6003616636528,0.2662505659391172,2.055922226816051,0.03137339809449354,0.006475000000000001,0.0,0.006475000000000001,4.845312447026029,0.2063850393412262
8,0.0037,6,0.10844566293503922,0.07928608286407926,3.9089686052968395,563.5771076079507,0.2599955553887412,2.0413610587220017,0.0306290605109544,0.006475000000000001,0.0,0.006475000000000001,4.7303568356686325,0.21140054222963303
8,0.0037,7,0.12820316683240265,0.07922713317644603,3.929353862699896,566.0730513271628,0.2604765403957572,2.0312086695810483,0.028994670435192733,0.006475000000000001,0.0,0.006475000000000001,4.477941379952545,0.22331690282435038
8,0.0037,8,0.16010438253127637,0.08421038903341531,3.8991678643364667,567.9813492977205,0.2663108167471364,2.077912845971408,0.03293590169634906,0.006475000000000001,0.0,0.006475000000000001,5.086625744609893,0.19659398001900624
8,0.0037,9,0.15044519496469144,0.09295481958357175,3.850594907052741,568.0248695118207,0.2697194814973045,2.0856561828371687,0.032070165254505865,0.006475000000000001,0.0,0.006475000000000001,4.95292127482716,0.2019010487976909
8,0.0037,10,0.1541867033050912,0.10119973353126883,3.829758252146262,564.865353789787,0.26602233992889524,2.062042374270469,0.032784859032853365,0.006475000000000001,0.0,0.006475000000000001,5.063298692332565,0.19749970538264236
8,0.0037,11,0.12460940477097782,0.07803704427879203,3.9492972649251548,564.0058684551483,0.2660958446795121,2.026494972731498,0.030820980689341426,0.006475000000000001,0.0,0.006475000000000001,4.759997017658907,0.21008416524005022
8,0.0037,12,0.12873442426062154,0.08030773819289672,3.914047602212786,555.5113346344393,0.263185753574362,2.036278015102,0.0305298100136287,0.006475000000000001,0.0,0.006475000000000001,4.715028573533389,0.21208779213200213
8,0.0037,13,0.14244363193174894,0.08382832812062199,3.9391485766468386,563.7056672760511,0.2703585477138404,2.0898008305797173,0.03103460255697151,0.006475000000000001,0.0,0.006475000000000001,4.792988811887491,0.20863808351060964
8,0.0037,14,0.11625230202578268,0.07641581028837949,3.9564630221022012,567.8508287292817,0.2731469137361273,2.09839922833408,0.032389900440726635,0.006475000000000001,0.0,0.006475000000000001,5.002301226367047,0.19990799329097106
8,0.0037,15,0.1424233221986031,0.0860974582103622,3.87569829873546,561.8259945338597,0.259996459557442,2.034956092753532,0.03154337407513014,0.006475000000000001,0.0,0.006475000000000001,4.871563563726662,0.20527290405198312
8,0.0037,16,0.13397272591038514,0.08740716442935276,3.8433090832925565,554.5141615465308,0.26492175518069416,2.069938428625105,0.03374483544039844,0.006475000000000001,0.0,0.006475000000000001,5.211557596972732,0.19188121428052066
8,0.0037,17,0.1311375882219018,0.08296842372521519,3.8856971011647246,561.6131896486302,0.2703420837642625,2.060753555447472,0.031198159981204586,0.006475000000000001,0.0,0.006475000000000001,4.818248645745881,0.20754429119861176
8,0.0037,18,0.13851557727550398,0.08481665729742041,3.89421376434079,565.0806353084912,0.25915824706316926,2.0321855216882962,0.03019991199041653,0.006475000000000001,0.0,0.006475000000000001,4.664079071879,0.21440459833309253
8,0.0037,19,0.1336694164375191,0.0830356039746293,3.875905017273776,565.2529789184234,0.2565681505948305,2.040704287997184,0.03104479308894944,0.006475000000000001,0.0,0.006475000000000001,4.79456263921999,0.20856959753114965
8,0.0037,20,0.12399042775949745,0.07983698002793214,3.924658058502852,553.4379300029914,0.2613527272187639,2.036419402768565,0.030919444028448012,0.006475000000000001,0.0,0.006475000000000001,4.775203710957221,0.20941514970458577
8,0.0037,21,0.3670437405731523,0.26211800843068594,3.1143855379257204,558.10407239819,0.26245244944584556,2.048635444874532,0.03897513767256509,0.006475000000000001,0.0,0.006475000000000001,6.019326281477233,0.1661315491531363
8,0.0037,22,0.1367320657525945,0.08647706845441927,3.891477624765244,560.5939701537762,0.26929182998719625,2.066180299350148,0.03135777278669836,0.006475000000000001,0.0,0.006475000000000001,4.842899272076966,0.20648787922676157
8,0.0037,23,0.13261812371604656,0.08416519791142128,3.8905470625278324,563.0634558320019,0.2670205520116724,2.0504939460798175,0.03155042727786983,0.006475000000000001,0.0,0.006475000000000001,4.872652861447078,0.20522701461294343
8,0.0037,24,0.1362113598294503,0.07821472681800899,3.953962861835469,563.4486066697121,0.2643658780725673,2.0362886591500757,0.028314305761287465,0.006475000000000001,0.0,0.006475000000000001,4.37286575463899,0.22868298642352372
8,0.0037,25,0.13562005277044856,0.08325749918022213,3.9178047572932666,557.894082171127,0.272668282763334,2.077731463842994,0.029143103002250717,0.006475000000000001,0.0,0.006475000000000001,4.500865328532929,0.22217949816462362
8,0.0037,26,0.13823238847936772,0.08253685739333454,3.9127652719826407,562.3800440762976,0.26394662796519697,2.0536765058926827,0.031387241416051925,0.006475000000000001,0.0,0.006475000000000001,4.847450411745471,0.2062940133594724
8,0.0037,27,0.12941176470588237,0.08427650303889697,3.8870627351873095,565.3391902215432,0.26849738974124193,2.056541914907254,0.031149257871748846,0.006475000000000001,0.0,0.006475000000000001,4.810696196409087,0.20787012090816365
8,0.0037,28,0.12608335217424071,0.08407235127310593,3.8764469697873354,557.7262039339814,0.26305192831205204,2.0337908666959024,0.03300594627218286,0.006475000000000001,0.0,0.006475000000000001,5.09744343971936,0.19617677210657877
8,0.0037,29,0.12315992292870906,0.07662892270922649,3.9602992680675033,570.3410404624277,0.2740128402947448,2.084161649574952,0.03106122252506942,0.006475000000000001,0.0,0.006475000000000001,4.797100003871725,0.2084592773118974
8,0.008,0,0.10191764076705631,0.07047655360223953,4.035236939454029,565.3823057529223,0.27054254326503724,2.0546905768573485,0.030122004240072917,0.014,0.0,0.014,2.15157173143378,0.4647765098371193
8,0.008,1,0.10222154362928468,0.07006666800451972,4.038051127875171,564.9514466753187,0.274959436210338,2.0998541081356463,0.03145816626341907,0.014,0.0,0.014,2.247011875958505,0.44503547609130073
8,0.008,2,0.11306890605083603,0.06917191215915518,4.064655848118308,554.8876808877559,0.27297053550137207,2.0963196678174714,0.028535884521055214,0.014,0.0,0.014,2.0382774657896583,0.4906103397520443
8,0.008,3,0.10167699048194591,0.0719463957344401,4.023582149743719,559.0299138842726,0.2828689619782381,2.1242450872943994,0.03064321692240077,0.014,0.0,0.014,2.188801208742912,0.4568710927267475
8,0.008,4,0.12014295490837198,0.07478804757884894,4.002153270048017,562.7215420880541,0.2831098533933982,2.115073188510547,0.031649229417840055,0.014,0.0,0.014,2.2606592441314324,0.44234884253164386
8,0.008,5,0.1055215650728907,0.07107170435134656,4.029288289222706,558.9877634262407,0.274250375921838,2.0910234657742195,0.03135061115764565,0.014,0.0,0.014,2.2393293684032605,0.44656226730641396
8,0.008,6,0.11755851584255288,0.0762250970632759,3.9760958596180966,556.9720027094152,0.2708478791464586,2.076812044339193,0.03021374250900321,0.014,0.0,0.014,2.1581244649288007,0.463365304573845
8,0.008,7,0.10637492428831012,0.07511428276162792,4.0047383305469495,560.2973955178679,0.28305956500116736,2.122493022814907,0.03256244305065436,0.014,0.0,0.014,2.325888789332454,0.42994317036413715
8,0.008,8,0.09814120706800275,0.06878736800965168,4.046284205823805,566.0730513271628,0.28702845686348155,2.149673243523667,0.030131090624550046,0.014,0.0,0.014,2.1522207588964317,0.46463635101854417
8,0.008,9,0.10141491395793499,0.07063549921549521,4.01668478180856,565.9866156787763,0.28030762361595407,2.118687671224203,0.03140212231701059,0.014,0.0,0.014,2.243008736929328,0.445829739107034
8,0.008,10,0.14850734959842402,0.08682948709299769,3.962316185587511,560.7211698742234,0.283693751815008,2.1305356191705234,0.03154202138349481,0.014,0.0,0.014,2.2530015273924864,0.44385234001920587
8,0.008,11,0.09128065395095368,0.06755394981765751,4.06797045459118,560.1280653950954,0.2829800773470197,2.12765524464291,0.029625113617798418,0.014,0.0,0.014,2.1160795441284583,0.4725720272542336
8,0.008,12,0.27073395907062625,0.13614458081113456,3.7200104570985015,569.3335897830435,0.2687136097520124,2.0581879083053454,0.034070085990046725,0.014,0.0,0.014,2.433577570717623,0.4109176596762913
8,0.008,13,0.12741923337600722,0.06908694692334559,4.071401789723739,557.3069508246103,0.282219434651779,2.1274449109289892,0.030299509833168127,0.014,0.0,0.014,2.1642507023691517,0.46205367931974084
8,0.008,14,0.12410626928576804,0.07447814285521405,4.028603748799153,556.9720027094152,0.284094092057785,2.122435998659941,0.030727209287598724,0.014,0.0,0.014,2.1948006633999086,0.45562224245500543
8,0.008,15,0.1113528926239964,0.07342204853068748,4.016991901196237,555.3032940646807,0.2726557044952642,2.081584091482382,0.031880517622274035,0.014,0.0,0.014,2.277179830162431,0.4391396703740653
8,0.008,16,0.12324574499850702,0.07296829456244538,4.019763599250442,552.4481934905942,0.27775404951535165,2.09956389744306,0.029106118768085984,0.014,0.0,0.014,2.079008483434713,0.4809985182686259
8,0.008,17,0.11473152822395594,0.07494965088661708,4.001000015398789,566.0298301973382,0.2721801954030525,2.0836777673139446,0.027402686270209357,0.014,0.0,0.014,1.9573347335863827,0.5108988170703543
8,0.008,18,0.13267402054012933,0.08195592718867163,3.939166307897295,562.977938379612,0.27449452815926634,2.1101858899816515,0.03212325452845885,0.014,0.0,0.014,2.2945181806042036,0.43582134517525384
8,0.008,19,0.12855053498575938,0.08256298704845216,3.9680066276051633,569.6398275729351,0.28912092541577294,2.1408385725300754,0.030878713133046194,0.014,0.0,0.014,2.2056223666461565,0.4533867697037314
8,0.008,20,0.09505959967014019,0.07325344094878572,3.981092494653412,554.8046330309619,0.276519148144871,2.104420621658,0.03253581736664447,0.014,0.0,0.014,2.3239869547603194,0.43029501432942996
8,0.008,21,0.11717447324541458,0.07332455853422273,4.001775762499422,560.8908594815825,0.28172130943858065,2.10942854784798,0.0313116720091416,0.014,0.0,0.014,2.2365480006529714,0.44711761147448875
8,0.008,22,0.12025412191801543,0.0740922567071172,4.041994202843641,559.7051883224929,0.2815762064710725,2.12660990531697,0.028534669678180295,0.014,0.0,0.014,2.0381906912985923,0.490631227131584
8,0.008,23,0.1151740915310932,0.07270762746826039,4.015371345435753,562.5934316557701,0.274889332591556,2.1017082148232786,0.02977516281167799,0.014,0.0,0.014,2.126797343691285,0.4701905439962572
8,0.008,24,0.11991682070240296,0.08052759354319144,3.947879065728679,569.9463955637708,0.27480604764423333,2.072769217663067,0.032534126190719465,0.014,0.0,0.014,2.3238661564799616,0.43031738175262796
8,0.008,25,0.10850754269086454,0.07313751815048695,4.012977872186946,566.6788421778084,0.2721440645400435,2.0905464721093914,0.028856450262738365,0.014,0.0,0.014,2.061175018767026,0.48516015908158533
8,0.008,26,0.10658545869813475,0.07185748529705586,4.030326988486954,563.4057860677578,0.280254172248533,2.1046267281677884,0.030057884812207638,0.014,0.0,0.014,2.1469917723005456,0.4657679702835934
8,0.008,27,0.10792554788351846,0.07274085855642878,4.017310942455155,555.4280996697688,0.2713393541343976,2.077586483102359,0.03098875588564716,0.014,0.0,0.014,2.2134825632605115,0.4517767686983613
8,0.008,28,0.10738657667791526,0.0730566192126261,4.002049115138069,554.970753655793,0.27142327374895103,2.082803687212326,0.031901975763161845,0.014,0.0,0.014,2.2787125545115603,0.43884429302859085
8,0.008,29,0.11239707938480659,0.07134104775846369,4.0354427114580576,574.8076743824763,0.2718414402916096,2.065994242057738,0.030128851967374703,0.014,0.0,0.014,2.1520608548124787,0.4646708747867335
8,0.019,0,0.0879956962803566,0.0655448376023247,4.110078188747609,568.7221026744544,0.31340047280536965,2.243162907274424,0.03323372861188133,0.03325,0.0,0.03325,0.9995106349437992,1.0004896046516085
8,0.019,1,0.09039331442152879,0.06295583970567814,4.138529441702931,567.3727670014567,0.31373636922216974,2.2523619790816376,0.03042595095204787,0.03325,0.0,0.03325,0.9150661940465524,1.0928171169539749
8,0.019,2,0.11900952380952382,0.0659174046794889,4.125383734573525,563.8342857142857,0.31732147352886386,2.261092285565115,0.029257089917958775,0.03325,0.0,0.03325,0.8799124787356022,1.1364766657667573
8,0.019,3,0.07702211451075432,0.06148156294309196,4.132043791315279,560.4668282338686,0.3114643217122648,2.260887340613393,0.02836228967029754,0.03325,0.0,0.03325,0.8530011930916552,1.1723313028151294
8,0.019,4,0.06699544764795144,0.0627192290196772,4.116737544867198,561.4855842185129,0.29596414824482054,2.1808593371353293,0.030406218313381538,0.03325,0.0,0.03325,0.9144727312295199,1.0935263194294351
8,0.019,5,0.08701230095841823,0.06402283638204295,4.1092450427731695,558.4824541544034,0.31074618763523176,2.2572069545332387,0.030313840844032536,0.03325,0.0,0.03325,0.9116944614746627,1.0968586980143582
8,0.019,6,0.08277995774222759,0.0624280977895978,4.139443620720516,558.4403863567763,0.32395604212069884,2.2842700854174356,0.029519945018406733,0.03325,0.0,0.03325,0.887817895290428,1.126357111412892
8,0.019,7,0.0959855116208874,0.0656513127846817,4.12844330370543,558.4403863567763,0.32396838179556653,2.28845460794816,0.0318399016466036,0.03325,0.0,0.03325,0.9575910269655218,1.0442871453890568
8,0.019,8,0.09353271028037383,0.061674983194715816,4.147929999455029,553.3140186915888,0.3184487871185411,2.2781408347613468,0.03193291127195639,0.03325,0.0,0.03325,0.9603883089310192,1.0412454948697485
8,0.019,9,0.10388231725811344,0.06819370496794859,4.099966175039872,561.1455868971792,0.30643019833951257,2.2133315675433014,0.031086412649951246,0.03325,0.0,0.03325,0.9349297037579322,1.0695991324059113
8,0.019,10,0.1092436974789916,0.06655612561258538,4.119048979061816,555.2617046818727,0.3185877099749632,2.279144118897075,0.03033909005754174,0.03325,0.0,0.03325,0.9124538363170448,1.0959458552295855
8,0.019,11,0.09436255888162894,0.06531793246997153,4.095972770180417,562.2520893481234,0.30476898248889484,2.2179310106114025,0.03040360081012087,0.03325,0.0,0.03325,0.9143940093269434,1.0936204631699944
8,0.019,12,0.09246627254812793,0.06494779484366407,4.115459238019116,560.8908594815825,0.3076701678801328,2.1989641087498253,0.029728786047010874,0.03325,0.0,0.03325,0.89409882848153,1.1184445926389643
8,0.019,13,0.09979462995360158,0.058973068432519316,4.161646981751752,562.8924469460713,0.31486151192802936,2.2596395406244847,0.0297400349866852,0.03325,0.0,0.03325,0.8944371424566977,1.1180215495673167
8,0.019,14,0.09539170506912442,0.06782958177432681,4.116174250831745,568.3732718894009,0.3117876039177645,2.246182464006219,0.02994702966399111,0.03325,0.0,0.03325,0.9006625462854468,1.1102937544413778
8,0.019,15,0.09224788816625551,0.06401735654954914,4.111725621119359,553.2314420273603,0.310085794510087,2.2308681222802327,0.031789611127847964,0.03325,0.0,0.03325,0.956078530160841,1.0459391864303973
8,0.019,16,0.07377664365055539,0.06183131319100337,4.118528876959309,555.4280996697688,0.3031688616028987,2.214699831682055,0.03141864212657756,0.03325,0.0,0.03325,0.9449215677166182,1.0582888931368954
8,0.019,17,0.09592601085377972,0.06343533257293685,4.138138322011357,565.641137353818,0.3296317608328536,2.3261538418492247,0.029666652490771273,0.03325,0.0,0.03325,0.8922301500983841,1.1207870524098882
8,0.019,18,0.13419685217260335,0.07280859929865342,4.077584648831909,557.3069508246103,0.305336552526569,2.2357646979395933,0.03361159507112556,0.03325,0.0,0.03325,1.0108750397330994,0.989241954439818
8,0.019,19,0.2923195084485407,0.07987026874913629,4.098159366056507,568.3732718894009,0.32237753248773515,2.2819232300651873,0.035871739039883624,0.03325,0.0,0.03325,1.07884929443259,0.9269135227325146
8,0.019,20,0.09466862124836047,0.06718561427695248,4.09899687536382,570.9560219118895,0.31147894728928804,2.244805339309389,0.032568032316794414,0.03325,0.0,0.03325,0.9794896937381778,1.0209397877210382
8,0.019,21,0.10928310876200402,0.06559026445790629,4.134924200964123,550.9292786421499,0.31893311080057174,2.282581148682186,0.029630289991130404,0.03325,0.0,0.03325,0.8911365410866287,1.1221624901394192
8,0.019,22,0.12031902772502849,0.06823790162897772,4.098959792081284,562.1241929358147,0.31105698680039495,2.2566777887152565,0.031396963433385855,0.03325,0.0,0.03325,0.9442695769439354,1.059019610942494
8,0.019,23,0.10577650083169515,0.06684581595734551,4.111435849281884,559.5362165431725,0.31185489520430565,2.2523037231359835,0.03126148822338414,0.03325,0.0,0.03325,0.9401951345378688,1.0636089927135464
8,0.019,24,0.09167874304019526,0.06666031405933205,4.095900357782548,564.4352833498589,0.3149514970718883,2.2483451150821647,0.032964963929539064,0.03325,0.0,0.03325,0.9914274866026785,1.008646636807193
8,0.019,25,0.10299282333180639,0.06899918129615304,4.096295260082374,564.9945029775538,0.31600704917218536,2.2464685064537235,0.031065509831693906,0.03325,0.0,0.03325,0.9343010475697415,1.0703188256088885
8,0.019,26,0.12110883890024994,0.07132137257391606,4.098254018190922,560.5092024539878,0.32100723971962,2.2955032985926955,0.031232200752391026,0.03325,0.0,0.03325,0.9393143083425872,1.0646063741587117
8,0.019,27,0.09823449524671797,0.06414046525074528,4.136084115012781,558.3562698053418,0.31980874080909416,2.2786324408802128,0.032406471876103495,0.03325,0.0,0.03325,0.9746307331158945,1.0260296192415357
8,0.019,28,0.09494488787533258,0.06934147771366435,4.062453393994248,562.5507411630558,0.32161515095504,2.2606866713248497,0.03201184609516965,0.03325,0.0,0.03325,0.9627622885765309,1.038677991302013
8,0.019,29,0.10383049313828985,0.06562139408886279,4.108463367596789,558.0200573065903,0.3220236299384851,2.2838206696237036,0.03208167626621268,0.03325,0.0,0.03325,0.9648624440966219,1.036417166113535
8,0.06,0,0.08688077564005453,0.05764955213418786,4.246921645574917,560.5515830934706,0.45038823402137496,2.773413368397085,0.031554794578099,0.105,0.0,0.105,0.30052185312475244,3.327545034087357
8,0.06,1,0.07472877626887187,0.054709480569296406,4.252093440474963,561.4430619831576,0.44544598343782127,2.765334221778132,0.030154045705566238,0.105,0.0,0.105,0.2871813876720594,3.4821198132168942
8,0.06,2,0.06720838396111786,0.053853030203468225,4.255244350451052,561.9963547995139,0.4464096722076647,2.772989998587148,0.03189821195694938,0.105,0.0,0.105,0.3037924948280893,3.2917205560521894
8,0.06,3,0.05790071996968549,0.05377167626167409,4.256844709311944,560.8484274346343,0.4548370803531725,2.8204056962247606,0.030366862054033925,0.105,0.0,0.105,0.28920821003841835,3.4577165007423556
8,0.06,4,0.034227427276161695,0.05255702325940978,4.262637988001461,559.1564034756328,0.4472793701279443,2.7614002506625024,0.030129543818808224,0.105,0.0,0.105,0.28694803636960214,3.4849515356569802
8,0.06,5,0.05644794665858464,0.05375342633185318,4.255994113622355,560.7211698742234,0.44658445089589804,2.7760991477500525,0.03058173360653832,0.105,0.0,0.105,0.29125460577655543,3.4334220993132707
8,0.06,6,0.061670042763898265,0.05375097545597682,4.265303230543626,555.2201215395004,0.4494922379089985,2.7731459391827973,0.029267489337838293,0.105,0.0,0.105,0.27873799369369806,3.587598471053388
8,0.06,7,0.1300468773627703,0.05806642427991765,4.250481355013879,559.5362165431725,0.447197721543489,2.78066834109371,0.03261541869852179,0.105,0.0,0.105,0.3106230352240171,3.219336258429172
8,0.06,8,0.05611390284757119,0.053896599154140044,4.250222910007069,563.4486066697121,0.43976570141967386,2.724096688241272,0.03025752966864881,0.105,0.0,0.105,0.2881669492252268,3.4702105938541052
8,0.06,9,0.07097947125217786,0.05418542562940531,4.254492737618159,560.5939701537762,0.44526063691591844,2.7447964317550433,0.030815320993788815,0.105,0.0,0.105,0.29347924755989346,3.407395951551631
8,0.06,10,0.08916109873793615,0.05508294247173918,4.254316001896303,549.4187082405346,0.44672187385731377,2.790802350894327,0.031284761364019725,0.105,0.0,0.105,0.2979501082287593,3.356266611026779
8,0.06,11,0.08094848732624693,0.054164521594647026,4.260605747184658,550.1117222924255,0.43526462130830623,2.746282667661334,0.02890677920020306,0.105,0.0,0.105,0.275302659049553,3.632365933014855
8,0.06,12,0.08096345764238012,0.05486732484781793,4.253147635663683,555.3032940646807,0.43637977083562873,2.7044899330008416,0.03208520338335087,0.105,0.0,0.105,0.3055733655557226,3.272536525496512
8,0.06,13,0.08287292817679558,0.05587722314964076,4.237899669348288,560.0857488836751,0.4348525880195666,2.757257869438009,0.03477358648931389,0.105,0.0,0.105,0.3311770141839418,3.0195332319910992
8,0.06,14,0.07540191712582081,0.054000466588499337,4.25063722532531,558.5666088006642,0.44747260853182524,2.7609280476002356,0.031020248059909574,0.105,0.0,0.105,0.29543093390390074,3.3848858912157285
8,0.06,15,0.08721588763875254,0.055268407510881246,4.251247445357185,558.8192252510761,0.44392880640225485,2.765086312577732,0.032013379013515184,0.105,0.0,0.105,0.30488932393823986,3.279878701828752
8,0.06,16,0.07746051032806804,0.05490733614418356,4.2483784788174255,561.9963547995139,0.45432675108895637,2.8085325387831768,0.03284616981191432,0.105,0.0,0.105,0.3128206648753745,3.196719757623406
8,0.06,17,0.06825102116598589,0.05462485458877632,4.253444984277422,549.6223542517638,0.444780902704224,2.7720429174524988,0.029851324872283844,0.105,0.0,0.105,0.284298332116989,3.5174318208398745
8,0.06,18,0.19477684955219388,0.06008162886602533,4.265524326730231,556.9720027094152,0.445587335532764,2.77230556122358,0.03221063553698809,0.105,0.0,0.105,0.30676795749512464,3.259792868086272
8,0.06,19,0.06557377049180328,0.0537495234471394,4.262299274112496,553.9755221199191,0.4512079637788702,2.8006719999250493,0.0294698493628369,0.105,0.0,0.105,0.2806652320270181,3.5629635804114685
8,0.06,20,0.07497202536367027,0.054565642852703836,4.254841760596051,552.0779559865722,0.4436356689839158,2.753344306653764,0.030870596640415814,0.105,0.0,0.105,0.29400568228967444,3.4012948056382526
8,0.06,21,0.08185351726240378,0.055551055766543116,4.246940195991183,564.0058684551483,0.44250861046020873,2.7749515762258286,0.03125931052686072,0.105,0.0,0.105,0.2977077193034354,3.3589992303181115
8,0.06,22,0.051207513416815745,0.05358775059896921,4.247688810289107,551.6261180679785,0.4447068172157742,2.7630660227473083,0.03180322329289757,0.105,0.0,0.105,0.3028878408847388,3.301552142466296
8,0.06,23,0.07609942638623327,0.054995494648771244,4.261730349592762,565.9866156787763,0.44676200475078076,2.789474692469886,0.029475597153052268,0.105,0.0,0.105,0.2807199728862121,3.5622687966179845
8,0.06,24,0.08843692870201098,0.05613506961555115,4.237319249953183,563.7056672760511,0.4494924454484135,2.777797205815487,0.033938257282210144,0.105,0.0,0.105,0.3232214979258109,3.0938536156079883
8,0.06,25,0.04982260134370046,0.05394823752115427,4.24775208935223,558.6507888578546,0.4543691370927263,2.820609010132606,0.031331611887716763,0.105,0.0,0.105,0.2983963036925406,3.351247946524072
8,0.06,26,0.09092274194759366,0.05527888500953567,4.253378602241,555.6362339514978,0.44095027074217796,2.742518071873858,0.03190011989078155,0.105,0.0,0.105,0.30381066562649095,3.2915236795189204
8,0.06,27,0.06408898305084745,0.05387846911867109,4.251038482443248,559.9588377723971,0.44853390054777265,2.7643647546976604,0.03173687206951893,0.105,0.0,0.105,0.30225592447160887,3.3084545877741123
8,0.06,28,0.07052647595861229,0.05463113330394096,4.257723569980983,563.0206938527084,0.4434043527871836,2.760760501512846,0.032102089007117654,0.105,0.0,0.105,0.30573418102016814,3.270815178934912
8,0.06,29,0.06908630198241168,0.05463324166375436,4.2573712451367225,551.5440453122671,0.4560873883601744,2.827631905978245,0.031285663230099466,0.105,0.0,0.105,0.29795869742951875,3.356169860544336
8,0.25,0,0.047989031078610606,0.050394458447162026,4.3162890174346735,563.7056672760511,1.068520671571605,5.2594656979486345,0.03086132859181316,0.4375,0.0,0.4375,0.07054017963843008,14.176317740126692
8,0.25,1,0.04842299132837081,0.05029817270330398,4.316464117666409,567.8943289079887,1.0490807015448809,5.09063326343167,0.031163322694426957,0.4375,0.0,0.4375,0.0712304518729759,14.038939438195388
8,0.25,2,0.06748420102317183,0.05058176540580626,4.316024789058157,556.7628648811315,1.0686055908736307,5.266642667433827,0.032031874260445695,0.4375,0.0,0.4375,0.07321571259530445,13.658270397878134
8,0.25,3,0.07482678983833718,0.05054700021268814,4.31645041803143,569.6836027713625,1.0542797547241207,5.21195109864649,0.03135878302194711,0.4375,0.0,0.4375,0.07167721833587912,13.9514342662407
8,0.25,4,0.05704774154497995,0.05039783685457259,4.316456134783238,559.9165468714534,1.0632689646736253,5.226574181504051,0.030317518287362996,0.4375,0.0,0.4375,0.0692971846568297,14.430600679553628
8,0.25,5,0.02984960684021681,0.05024530033340217,4.31515833535511,564.9514466753187,1.072755765839247,5.294726830596143,0.03094951800607463,0.4375,0.0,0.4375,0.0707417554424563,14.135922889465661
8,0.25,6,0.040710528322024854,0.05026566731999228,4.315561591238155,564.1775558435618,1.0620048760611098,5.274326749394221,0.03183962622171868,0.4375,0.0,0.4375,0.07277628850678555,13.74073919566208
8,0.25,7,0.04597613219094247,0.050425306627674936,4.315180563160938,566.1162790697674,1.0550396849866956,5.200592861683482,0.03149524015921794,0.4375,0.0,0.4375,0.07198912036392671,13.890987901292561
8,0.25,8,0.06763576109060782,0.05048620877538094,4.31710601183909,557.3907509226482,1.061260845453944,5.26879126344417,0.030238068173546077,0.4375,0.0,0.4375,0.06911558439667674,14.468516887026171
8,0.25,9,0.060984060984060985,0.050363560367547335,4.317605478009483,569.8149688149688,1.0635676438978408,5.241846900779567,0.0302048579531723,0.4375,0.0,0.4375,0.06903967532153668,14.484425011310178
8,0.25,10,0.06456764772986538,0.05065883618040943,4.315427645589323,562.8069815195072,1.072058585821651,5.189761661650606,0.031692637285846315,0.4375,0.0,0.4375,0.07244031379622015,13.804468086831767
8,0.25,11,0.048272243460010494,0.05037727746089043,4.316457960786961,554.7216100742073,1.0648472855100408,5.228380330180938,0.029005857311314935,0.4375,0.0,0.4375,0.0662991024258627,15.083160456330832
8,0.25,12,0.09475439660400242,0.050639926550032084,4.315407880216915,560.9757428744693,1.0530364014557563,5.1850248303269995,0.03286520549853815,0.4375,0.0,0.4375,0.07512046971094434,13.311950841733214
8,0.25,13,0.07129854368932038,0.05049130485857851,4.315582193786294,561.3155339805825,1.0661113749956712,5.349553519696908,0.03001329280794316,0.4375,0.0,0.4375,0.06860181213244151,14.576874413600281
8,0.25,14,0.046729678638941397,0.05031189332250476,4.317479708854404,559.578449905482,1.061781933705788,5.245645040841574,0.028613193710821883,0.4375,0.0,0.4375,0.06540158562473573,15.290149167603468
8,0.25,15,0.08182930559804222,0.050714708954193534,4.316176109869767,565.9434077699602,1.0642338185862172,5.279962775309838,0.031885990968134166,0.4375,0.0,0.4375,0.07288226507002095,13.720759076837957
8,0.25,16,0.0609718826405868,0.05050736586005075,4.315192730787917,565.4254278728606,1.069086595758563,5.265245526361298,0.03138586647298482,0.4375,0.0,0.4375,0.07173912336682245,13.939395312746113
8,0.25,17,0.06240084611316764,0.05053051808080355,4.3157268087075105,559.0720707108861,1.0675584420969244,5.225095710783857,0.03100162132621797,0.4375,0.0,0.4375,0.07086084874564107,14.112165147633995
8,0.25,18,0.053583591917051386,0.050454653483252086,4.315801978213115,560.0857488836751,1.0628964614879806,5.190842073811174,0.03229182770433993,0.4375,0.0,0.4375,0.07380989189563412,13.548319531669037
8,0.25,19,0.059720552884615384,0.050411566349706435,4.317286617760865,555.9278846153846,1.0564986138779204,5.172014749154006,0.03089305667038598,0.4375,0.0,0.4375,0.07061270096088225,14.16175824451151
8,0.25,20,0.05655487804878049,0.05037088262580609,4.316003094417573,564.0487804878048,1.0575156231643632,5.161113936131799,0.03176511487683983,0.4375,0.0,0.4375,0.07260597686134818,13.77297081078666
8,0.25,21,0.059927963828645875,0.050413000921854474,4.317055237038303,567.1123457736225,1.0742780286236666,5.21339079899861,0.03092218749077574,0.4375,0.0,0.4375,0.07067928569320168,14.148416897430321
8,0.25,22,0.04767643292912555,0.05031213262226982,4.317117337029417,557.3907509226482,1.0496650396089535,5.1379342232305305,0.030572068520811204,0.4375,0.0,0.4375,0.06987901376185418,14.310448104032684
8,0.25,23,0.05722547751312686,0.05049979067244247,4.316672798124104,563.1489993151206,1.0679204133630265,5.20087524314696,0.03125741554346785,0.4375,0.0,0.4375,0.07144552124221223,13.9966786246801
8,0.25,24,0.046439861508354656,0.05032051749218492,4.316913437266211,557.0138491645341,1.069629801408155,5.24631990001306,0.030894631213273367,0.4375,0.0,0.4375,0.07061629991605341,14.161036491415873
8,0.25,25,0.0684381860852449,0.05052314665490675,4.316447616004974,560.2550533727004,1.0598956001049373,5.178724945317413,0.03029622750505361,0.4375,0.0,0.4375,0.0692485200115511,14.44074183582831
8,0.25,26,0.04660984991326646,0.05032401771583657,4.317019731761074,558.1460894486763,1.0564637713250704,5.234595566249206,0.029599722113471092,0.4375,0.0,0.4375,0.06765650768793392,14.780544166017354
8,0.25,27,0.0549618320610687,0.05040505567169896,4.3168107232718596,564.9083969465648,1.0579139394976664,5.256835147491241,0.029910390468328864,0.4375,0.0,0.4375,0.06836660678475169,14.627024025756349
8,0.25,28,0.05357681859341986,0.05050215994077948,4.316006627401198,558.4403863567763,1.063628456875449,5.201125700817012,0.0319009972596464,0.4375,0.0,0.4375,0.07291656516490606,13.71430480492914
8,0.25,29,0.1074649488442592,0.051071826499526476,4.315475971322837,560.8484274346343,1.0493533515254967,5.2197821959747825,0.03399252237461651,0.4375,0.0,0.4375,0.07769719399912345,12.870477665014281
8,1.0,0,0.0560754774404626,0.0499728995177022,4.323438108312639,563.0634558320019,3.4997837839473505,14.672562649795063,0.029951561702022966,1.75,0.0,1.75,0.017115178115441696,58.427671231640744
8,1.0,1,0.04042634183479254,0.04996601435036983,4.323627237173337,563.4057860677578,3.495723678410286,14.840965585793965,0.03154112867685327,1.75,0.0,1.75,0.018023502101059012,55.48311279311487
8,1.0,2,0.06251429442707936,0.049959588165185746,4.3234420190635765,564.1775558435618,3.502023692999501,14.716972054601651,0.03251536476596534,1.75,0.0,1.75,0.01858020843769448,53.8207094583103
8,1.0,3,0.047144356168490484,0.049941186955451265,4.323897121570813,554.6801079298456,3.50161053793272,14.992163364366965,0.029701629071361247,1.75,0.0,1.75,0.016972359469349284,58.919327145169156
8,1.0,4,0.037484885126964934,0.04996235437528322,4.32351330980923,559.2829504232164,3.4971721225010697,14.919761247467784,0.029096578091837962,1.75,0.0,1.75,0.016626616052478834,60.14452952084087
8,1.0,5,0.064513660365807,0.04995113312177235,4.323580824569266,566.3325170276269,3.5011129876074847,15.038781260835034,0.02998985893957263,1.75,0.0,1.75,0.01713706225118436,58.35305872982337
8,1.0,6,0.04186467526589726,0.04996742675194775,4.323331480796523,558.2301425661915,3.5013394922716543,14.757205129289801,0.02979732765155704,1.75,0.0,1.75,0.01702704437231831,58.73009890229384
8,1.0,7,0.06951871657754011,0.049948252292369266,4.3236673929845395,565.3391902215432,3.506196125090355,15.146567730228274,0.03014201505689814,1.75,0.0,1.75,0.017224008603941795,58.058493989090636
8,1.0,8,0.05262760495318635,0.049974953292389955,4.323544274816081,558.7771066143159,3.5025369731883984,15.116598307417949,0.03428121759395966,1.75,0.0,1.75,0.01958926719654838,51.04836183847651
8,1.0,9,0.03988712629652227,0.04993431477954499,4.3239548978914755,564.392312385601,3.4944878210953902,14.910233363276786,0.028442216986064164,1.75,0.0,1.75,0.016252695420608095,61.528255721326076
8,1.0,10,0.05273098134018282,0.04995926879850626,4.32364135915415,559.0720707108861,3.510783703677589,14.965640783948041,0.03322551478824171,1.75,0.0,1.75,0.018986008450423836,52.6703652645681
8,1.0,11,0.046227056424201225,0.04995724870547967,4.323849389447648,558.9877634262407,3.4963296916976105,14.85636096566852,0.03061735673650557,1.75,0.0,1.75,0.017495632420860326,57.157122185973904
8,1.0,12,0.047269146276797215,0.049973219621038865,4.323409253282534,560.5939701537762,3.50353297527181,14.893410735418902,0.03408632357610383,1.75,0.0,1.75,0.019477899186345047,51.340239028501
8,1.0,13,0.049066303772586375,0.04994973114086937,4.3238760117508575,559.4939895667952,3.504912726726616,15.1923471070518,0.03202000086778162,1.75,0.0,1.75,0.018297143353018068,54.653340180288446
8,1.0,14,0.057822869784117784,0.04999126461163845,4.32347934674661,564.5212449462201,3.5001745693734847,14.77938952778785,0.03211719008265315,1.75,0.0,1.75,0.018352680047230372,54.48795475246741
8,1.0,15,0.04722201167285682,0.049957227276225875,4.323672406340724,560.9332979610399,3.500593434815528,14.85876074227554,0.030539024151337957,1.75,0.0,1.75,0.01745087094362169,57.3037301823323
8,1.0,16,0.056918622371228286,0.049978504677006846,4.323514220243923,563.8771715940262,3.5022918242320884,15.019046091961748,0.031571891065796207,1.75,0.0,1.75,0.018041080609026403,55.42905226528809
8,1.0,17,0.046089708947734113,0.049970668276006,4.3234511551255785,571.3080367482437,3.4986334142740816,15.031367879878456,0.031126554378102148,1.75,0.0,1.75,0.017786602501772657,56.22209187506932
8,1.0,18,0.04113629307668426,0.049965125781777656,4.323426610303426,574.3623098416641,3.504432679153979,14.907410042423537,0.029481555235903373,1.75,0.0,1.75,0.016846602991944785,59.359147982424155
8,1.0,19,0.050132125330313325,0.04996462953179352,4.323782061615167,558.7349943374859,3.5086151493305806,15.046045161289658,0.030791219549832074,1.75,0.0,1.75,0.01759498259990404,56.83438413888819
8,1.0,20,0.04219600725952813,0.04996472091029153,4.323391331103229,559.6206896551724,3.5069491670583375,14.772503981019803,0.02939708648247574,1.75,0.0,1.75,0.01679833513284328,59.529708872449454
8,1.0,21,0.052397732495786734,0.049975803599951116,4.323629844787756,566.8955109544967,3.501335279783234,14.823149106788758,0.03081321232293461,1.75,0.0,1.75,0.017607549898819776,56.79381888714848
8,1.0,22,0.0420829548894944,0.04995407093072711,4.323840414790839,560.1280653950954,3.5042051002092194,14.864879101148723,0.029854577139334353,1.75,0.0,1.75,0.017059758365333917,58.617477374828376
8,1.0,23,0.04517484616539096,0.049969454683742184,4.3238386664548765,555.3448896893291,3.496267513226485,14.795194881734055,0.031001884092555207,1.75,0.0,1.75,0.017715362338602974,56.44818214194424
8,1.0,24,0.049664327128471165,0.04996475410729302,4.3233145054200826,564.5642355813244,3.5023512830375694,15.037926472233165,0.031449676147441034,1.75,0.0,1.75,0.017971243512823448,55.64445216528541
8,1.0,25,0.053687717704073906,0.04995787452339077,4.323428513070381,560.3820990458883,3.4971238755388185,15.096383494288702,0.030320512911612106,1.75,0.0,1.75,0.01732600737806406,57.7167017293361
8,1.0,26,0.05284888521882741,0.0499719613694225,4.323562691857577,555.5529614893777,3.507362250209553,15.000303315968189,0.03176803976979062,1.75,0.0,1.75,0.018153165582737496,55.086810916931
8,1.0,27,0.0662050072292824,0.04995221323983835,4.323774930727624,563.1489993151206,3.510989599948516,15.112789407893978,0.030708449519412876,1.75,0.0,1.75,0.0175476854396645,56.9875727165485
8,1.0,28,0.04112276465705878,0.04994424833921232,4.323790426973377,558.398324907568,3.5074322603759356,14.901623608880035,0.029109651155218758,1.75,0.0,1.75,0.01663408637441072,60.11751877989308
8,1.0,29,0.05164070769696053,0.04994726699834696,4.3241087925008586,559.5362165431725,3.4945794225495774,14.697707218657932,0.029908310537999864,1.75,0.0,1.75,0.01709046316457135,58.51216496420103
14,0.0001,0,0.24593169837267934,0.17012846104913845,2.9614836522112027,565.3823057529223,0.24639594287145883,1.9701137498777912,0.030177086551501933,0.00017500000000000003,0.0,0.00017500000000000003,172.44049458001103,0.005799101901415667
14,0.0001,1,0.28631498470948014,0.20252467628955462,2.796023205200611,565.7706422018349,0.2545175373379607,2.002992706508194,0.030037521231272974,0.00017500000000000003,0.0,0.00017500000000000003,171.64297846441696,0.005826046651872267
14,0.0001,2,0.27681502404763725,0.18952807166883873,2.8649768306438377,564.9514466753187,0.2562280061247293,2.0220967279820377,0.03307929241612438,0.00017500000000000003,0.0,0.00017500000000000003,189.0245280921393,0.005290318722618653
14,0.0001,3,0.28455159705159705,0.194589118361677,2.8353946286148717,568.1990171990172,0.2553780903981533,2.018778617025416,0.03181876817204441,0.00017500000000000003,0.0,0.00017500000000000003,181.8215324116823,0.005499898646414381
14,0.0001,4,0.2692913385826772,0.18813540539197532,2.87333909090968,554.970753655793,0.24923458296689205,1.9883030346818191,0.03058846333949202,0.00017500000000000003,0.0,0.00017500000000000003,174.79121908281152,0.005721111193384526
14,0.0001,5,0.2753240880313536,0.18987334368944594,2.861725324713849,557.7681640036177,0.24920137895969674,1.989183304569666,0.03178895974435166,0.00017500000000000003,0.0,0.00017500000000000003,181.65119853915232,0.005505055887558398
14,0.0001,6,0.2817716949917281,0.19406348023342498,2.8298689711910763,556.512107083772,0.2523948382877279,1.9823379655426834,0.030835377834324218,0.00017500000000000003,0.0,0.00017500000000000003,176.2021590532812,0.005675299357129972
14,0.0001,7,0.28475813811986617,0.2010193840183355,2.792543768112123,562.849710982659,0.24901456909719855,1.9878979933297845,0.034072545181319976,0.00017500000000000003,0.0,0.00017500000000000003,194.70025817897127,0.005136100020374836
14,0.0001,8,0.26967057932601285,0.18932303794211905,2.853889794215962,560.4244604316547,0.2497516954317689,1.9769233031358215,0.03043753676834191,0.00017500000000000003,0.0,0.00017500000000000003,173.9287815333823,0.005749479707635789
14,0.0001,9,0.2659798465934727,0.18922786591043964,2.8624600800772404,556.512107083772,0.25426384012098424,2.0105441895253637,0.031157369227527053,0.00017500000000000003,0.0,0.00017500000000000003,178.04210987158314,0.0056166487844997596
14,0.0001,10,0.27974777448071214,0.19739447398883883,2.8198892201268966,549.0118694362018,0.2530662474455312,2.002594534779713,0.029906649287942434,0.00017500000000000003,0.0,0.00017500000000000003,170.89513878824246,0.0058515415189141695
14,0.0001,11,0.26791874281333844,0.18772191459148926,2.8678839792830715,567.2859333077807,0.24827744194772094,1.9859959635809084,0.03125790903035486,0.00017500000000000003,0.0,0.00017500000000000003,178.61662303059916,0.005598583060372203
14,0.0001,12,0.28643716936287666,0.1947023314563917,2.833298672029592,567.3727670014567,0.25049817777471617,2.0016854329646327,0.031222969580774113,0.00017500000000000003,0.0,0.00017500000000000003,178.4169690329949,0.005604848044554936
14,0.0001,13,0.2705151242887092,0.19415860470459811,2.8330955089148584,554.0997304582211,0.25346360201365314,2.0093240615189467,0.03292701741333585,0.00017500000000000003,0.0,0.00017500000000000003,188.15438521906196,0.005314784445952365
14,0.0001,14,0.27908745247148287,0.19754401725134052,2.8326696421813558,562.7642585551331,0.25212441600160673,2.0087186243209256,0.030268572031740538,0.00017500000000000003,0.0,0.00017500000000000003,172.96326875280306,0.0057815743609077345
14,0.0001,15,0.26652753968845494,0.18977566139421595,2.8469112813931474,551.5850786315868,0.2565847708028741,2.0127487097136973,0.0313279749771021,0.00017500000000000003,0.0,0.00017500000000000003,179.01699986915483,0.005586061663031495
14,0.0001,16,0.3030579643998174,0.20546755119914792,2.788404565180908,562.9351894112277,0.2523124342842493,2.0023001466926504,0.029420221192594378,0.00017500000000000003,0.0,0.00017500000000000003,168.11554967196784,0.005948289744471765
14,0.0001,17,0.27385387364099445,0.19309340436494046,2.8610762085332953,562.6361286398541,0.2462880706298165,2.001728998153626,0.03018403609432488,0.00017500000000000003,0.0,0.00017500000000000003,172.480206253285,0.005797766721889888
14,0.0001,18,0.2572194561470701,0.1779763406308598,2.9279186618772846,566.852163921869,0.2448152049910277,1.9406404598371463,0.02795496817757014,0.00017500000000000003,0.0,0.00017500000000000003,159.74267530040078,0.006260067938135321
14,0.0001,19,0.2889820815859703,0.20663836013729553,2.766744047699685,564.2634388105223,0.24918365784105845,1.9893283049462964,0.031618720408894845,0.00017500000000000003,0.0,0.00017500000000000003,180.67840233654195,0.00553469583009342
14,0.0001,20,0.27784112504751046,0.19426542193581006,2.8427520082818116,562.5507411630558,0.26017671622685157,2.034839062408151,0.029633564844361363,0.00017500000000000003,0.0,0.00017500000000000003,169.33465625349348,0.005905465674451206
14,0.0001,21,0.2753962264150943,0.19782432434653818,2.8007152664707413,558.5245283018868,0.25722696690354496,2.0082107329333674,0.030823947078475213,0.00017500000000000003,0.0,0.00017500000000000003,176.13684044842975,0.005677403985753821
14,0.0001,22,0.28675641122057605,0.20178435531254657,2.7904357649807263,556.5538843348123,0.2571039633185137,2.004359203505351,0.03371104869054323,0.00017500000000000003,0.0,0.00017500000000000003,192.63456394596128,0.005191176388680302
14,0.0001,23,0.2839240409010533,0.2004761263993552,2.803906727920081,568.9403398170216,0.2490180782333482,1.9825593452174417,0.03396647882305746,0.00017500000000000003,0.0,0.00017500000000000003,194.09416470318544,0.005152138404208234
14,0.0001,24,0.27472694174757284,0.19053337821837188,2.854985527040923,561.3155339805825,0.2550124698027503,2.004290027001289,0.02925251114699132,0.00017500000000000003,0.0,0.00017500000000000003,167.1572065542361,0.00598239238746514
14,0.0001,25,0.27559945709546074,0.19129645923547717,2.858066487770938,558.0200573065903,0.25014277108130045,2.004270554524789,0.029804165540018773,0.00017500000000000003,0.0,0.00017500000000000003,170.30951737153583,0.0058716624615785095
14,0.0001,26,0.2802739519831414,0.19587994931107386,2.812268161681031,556.9720027094152,0.2562645665893797,2.0322052394427104,0.03018184645250113,0.00017500000000000003,0.0,0.00017500000000000003,172.46769401429214,0.005798187340042544
14,0.0001,27,0.2709903326482454,0.1878278010387211,2.8590550309497935,563.3201644211007,0.2491968450776767,1.9693125664527686,0.030021498171898447,0.00017500000000000003,0.0,0.00017500000000000003,171.55141812513395,0.005829156126652212
14,0.0001,28,0.2764879376843379,0.1961690289157213,2.815087377354762,559.6629357936928,0.25250766705721617,2.0000216119339402,0.030049370936112887,0.00017500000000000003,0.0,0.00017500000000000003,171.7106910635022,0.005823749201674223
14,0.0001,29,0.2999314181208565,0.21191705842067346,2.7508750641175097,563.9200640097539,0.254119614866795,2.0052820720279496,0.032579997416140045,0.00017500000000000003,0.0,0.00017500000000000003,186.17141380651452,0.00537139391893584
14,0.0003,0,0.17016726495073703,0.11152210874066774,3.5376357098637983,565.2098831436646,0.2589738055539783,2.027808062139118,0.030313842779646383,0.000525,0.0,0.000525,57.74065291361216,0.01731882044174553
14,0.0003,1,0.18009586852316822,0.11457680198972911,3.5444189974350415,563.0634558320019,0.2516618781082798,1.9910711222410138,0.031238135355072937,0.000525,0.0,0.000525,59.50121020013893,0.01680638085572359
14,0.0003,2,0.17578243694925555,0.11352116111939708,3.5206320844904644,562.1668185961714,0.2573613621352706,2.0073609624587725,0.03127512824021203,0.000525,0.0,0.000525,59.57167283849911,0.0167865019119244
14,0.0003,3,0.19058659865522837,0.11934384511632058,3.516998069695585,571.9251101321586,0.2560316381568555,2.0242873089350484,0.02919865294163415,0.000525,0.0,0.000525,55.61648179358886,0.017980281523583788
14,0.0003,4,0.18097572183503102,0.11451533346544317,3.5432835921815897,566.7654897755993,0.2499491113703698,2.004226933914189,0.029542887357785607,0.000525,0.0,0.000525,56.272166395782115,0.017770774861707743
14,0.0003,5,0.18426190118636432,0.11477453804421353,3.5354670844800373,555.6778795614957,0.2525641521497164,2.028102980730174,0.03076296058526888,0.000525,0.0,0.000525,58.596115400512154,0.017065977721643637
14,0.0003,6,0.19226393629124006,0.118919949302624,3.5209664408147194,561.2730375426621,0.25316394268884324,2.013131111799095,0.0317669546611109,0.000525,0.0,0.000525,60.508485068782676,0.016526607778450504
14,0.0003,7,0.1831881862930708,0.1155608746907328,3.5323906783836168,560.4244604316547,0.25231873884331435,2.0173293057962014,0.028923279650165168,0.000525,0.0,0.000525,55.091961238409844,0.018151468517748192
14,0.0003,8,0.16585891222401722,0.11001034823564226,3.5533854041466624,569.2898684514194,0.24921037280000746,1.992040590801818,0.031995066111351486,0.000525,0.0,0.000525,60.94298306924093,0.016408779971663692
14,0.0003,9,0.22044728434504793,0.12942941834624452,3.4554522387062314,562.9351894112277,0.24999408470466733,1.9908408769211494,0.032879602496674556,0.000525,0.0,0.000525,62.62781427938011,0.01596734632217949
14,0.0003,10,0.18730638458632415,0.11635086254254852,3.537399530770581,559.1564034756328,0.2500763919088058,1.9914154779246265,0.030368201369240757,0.000525,0.0,0.000525,57.84419308426811,0.017287820033087643
14,0.0003,11,0.19462831925739937,0.11656633802520427,3.529588757517832,563.0634558320019,0.24908592615975067,1.994794474579906,0.031851944866985074,0.000525,0.0,0.000525,60.67037117520967,0.016482510006607755
14,0.0003,12,0.18105597099478812,0.12140192057457609,3.477696322756989,558.9877634262407,0.25241172217647545,1.9909385179086603,0.03247229205807094,0.000525,0.0,0.000525,61.85198487251608,0.01616762990001231
14,0.0003,13,0.18672546187181632,0.11667352847152851,3.524702232964845,562.6361286398541,0.24552150300587527,1.9741230380380692,0.031204477025864166,0.000525,0.0,0.000525,59.43709909688413,0.016824508853804796
14,0.0003,14,0.18535919975750229,0.11845388708504154,3.513026292916497,560.806001818733,0.2525171497836709,1.9938251960242466,0.030344030277424824,0.000525,0.0,0.000525,57.79815290938062,0.01730159096204786
14,0.0003,15,0.17992128907700305,0.11491242770175544,3.536030499737394,549.540877701047,0.2574016467842739,2.0278980042464094,0.030221563274438732,0.000525,0.0,0.000525,57.56488242750235,0.017371702291920903
14,0.0003,16,0.20593804438385216,0.12728019331707452,3.4614871009303645,560.5092024539878,0.25281291306600906,2.008959288428442,0.03210064496910021,0.000525,0.0,0.000525,61.144085655428974,0.016354811577940574
14,0.0003,17,0.1821958913595445,0.11743646660445377,3.528785052825081,569.377317842579,0.2513693389191758,2.0044754204485162,0.02975532445622206,0.000525,0.0,0.000525,56.67680848804202,0.017643901036011676
14,0.0003,18,0.18776517781377766,0.11526601516452945,3.5182000357817445,570.8680860911826,0.25007137935608625,2.002763982397469,0.03002526778730602,0.000525,0.0,0.000525,57.19098626153528,0.01748527286147828
14,0.0003,19,0.18541522889348977,0.11453145682674773,3.5458542025619337,567.4596273291926,0.25066560495179147,1.9834188272346325,0.030657206275180513,0.000525,0.0,0.000525,58.394678619391456,0.01712484807935777
14,0.0003,20,0.19047259550052847,0.11929669157172929,3.523040774667057,558.6928884191454,0.24973493072320707,1.9999606462388098,0.030743650123900772,0.000525,0.0,0.000525,58.55933356933481,0.01707669707026277
14,0.0003,21,0.19955687982275194,0.12576683368856476,3.4717264753958696,565.3823057529223,0.24398471851600334,1.9628990716094057,0.031657842959993944,0.000525,0.0,0.000525,60.30065325713132,0.016583568269747346
14,0.0003,22,0.20513399578440228,0.12494315830217653,3.4869190902716523,557.0975609756098,0.25340597788454033,2.002987630452469,0.03279467986705702,0.000525,0.0,0.000525,62.46605688963242,0.016008694157962314
14,0.0003,23,0.18177652180554496,0.11560637338209119,3.5261533599411496,565.2098831436646,0.2519319282437209,1.9891377562859947,0.03210671326801982,0.000525,0.0,0.000525,61.15564432003775,0.016351720452274728
14,0.0003,24,0.17873884772417964,0.11365352442007202,3.5206227426100503,559.5362165431725,0.2524590052489657,2.0052543224690043,0.031758850411377965,0.000525,0.0,0.000525,60.4930484026247,0.016530825051901527
14,0.0003,25,0.18799694189602448,0.1210406443091578,3.507427940996768,565.7706422018349,0.24984724668320268,1.9929958742570841,0.03140374236197275,0.000525,0.0,0.000525,59.816652118043336,0.016717752742607204
14,0.0003,26,0.17873025609569085,0.11350089706882402,3.5451899176154313,567.4161938353013,0.25156378725660034,1.9923924898437804,0.03094686572553884,0.000525,0.0,0.000525,58.94641090578827,0.016964561279197484
14,0.0003,27,0.19623102159151598,0.12344892644305162,3.487768439209737,564.6072327763791,0.2542683025531005,2.007538523865633,0.0317790562296244,0.000525,0.0,0.000525,60.531535675475055,0.016520314392174915
14,0.0003,28,0.19912505656961835,0.1256332778129828,3.466001847924326,558.188112837532,0.25359623818076216,2.02523813731709,0.03220280114503542,0.000525,0.0,0.000525,61.33866884768651,0.016302929600300848
14,0.0003,29,0.1847892486255345,0.11869441782723146,3.519753299756885,565.0806353084912,0.24947373833856545,1.990295815795816,0.03240178645132902,0.000525,0.0,0.000525,61.71768847872194,0.016202810323085324
14,0.0007,0,0.15353044006992475,0.09407401711342712,3.7764352670488672,562.4653796458159,0.25697414396563545,1.999775567531914,0.030343654218115305,0.001225,0.0,0.001225,24.770329973971677,0.04037087923539114
14,0.0007,1,0.14761401389308365,0.08997906116349191,3.82869194369217,558.7771066143159,0.2521615440782625,2.0158522215200447,0.03039373434194454,0.001225,0.0,0.001225,24.81121170770983,0.04030435964920086
14,0.0007,2,0.12159503631961259,0.08427380425976687,3.8330617524753885,559.9588377723971,0.2548042835551314,2.0292434851994456,0.03169504446933157,0.001225,0.0,0.001225,25.873505689250266,0.0386495750521922
14,0.0007,3,0.14572787237306337,0.09545598753873362,3.7569798173544116,567.5899677864703,0.25294003676390275,1.981780084377312,0.03027092793631609,0.001225,0.0,0.001225,24.710961580666197,0.04046787077611734
14,0.0007,4,0.15026575550493546,0.09648670492738147,3.7765660182236926,561.9111617312072,0.2547100772499107,1.9996776475234195,0.0339808656142161,0.001225,0.0,0.001225,27.73948213405396,0.03604969967238015
14,0.0007,5,0.15471006188402475,0.09452161119413305,3.7606986073089983,565.3823057529223,0.25303596328012645,1.9962463380022604,0.03309929532165557,0.001225,0.0,0.001225,27.019832915637203,0.037009851360748774
14,0.0007,6,0.1415398455656346,0.08922458702733313,3.827603346742582,554.8046330309619,0.2549740087124519,2.0244483669695343,0.029987775267143336,0.001225,0.0,0.001225,24.479816544606805,0.04084997933615282
14,0.0007,7,0.1497147204260175,0.09281007245086044,3.8018946001887954,562.977938379612,0.24902977066813037,1.9731097226309762,0.029638504710538544,0.001225,0.0,0.001225,24.19469772288861,0.041331369850261965
14,0.0007,8,0.13867217378002142,0.08821381798768112,3.821861696075796,566.0298301973382,0.2564638405747246,2.0128204305942528,0.031141012959853515,0.001225,0.0,0.001225,25.421235069268178,0.039337191811302026
14,0.0007,9,0.14043139054612208,0.0875480403556015,3.815032314093645,566.0298301973382,0.2552134142315481,2.0276340957248316,0.03366786036364109,0.001225,0.0,0.001225,27.483967643788645,0.03638484854009058
14,0.0007,10,0.1520254893035958,0.09596836449895259,3.772929230566487,561.4005461993628,0.2574111360881943,2.0306902261749156,0.03176434061749497,0.001225,0.0,0.001225,25.93007397346528,0.038565258279761115
14,0.0007,11,0.14406974076623077,0.08883629192042022,3.831778232483643,565.9002064693738,0.24837923180893995,1.9690156397920773,0.02913608564667569,0.001225,0.0,0.001225,23.784559711571994,0.04204408288934885
14,0.0007,12,0.1508106454573264,0.09264643776904177,3.789743895656481,565.9434077699602,0.25608097363146953,2.0210138230121073,0.03173975855877924,0.001225,0.0,0.001225,25.910006986758564,0.03859512660537123
14,0.0007,13,0.14866302035855364,0.09218558499213504,3.797307321888872,562.1668185961714,0.25150330195901915,2.0071495712207783,0.030422360702343627,0.001225,0.0,0.001225,24.834580165178473,0.04026643467893767
14,0.0007,14,0.1433173509139946,0.08951562616918639,3.8188361086944687,554.431225651783,0.2555029710638337,2.0241695317947337,0.02920227993426997,0.001225,0.0,0.001225,23.838595864710182,0.04194877943630752
14,0.0007,15,0.14956755144646586,0.09236466170542722,3.8083353958121973,551.7903370116313,0.2520237522840034,2.0062224479401083,0.03003607896088036,0.001225,0.0,0.001225,24.519248131330905,0.04078428484608349
14,0.0007,16,0.13776374557215462,0.08700748415457019,3.8372460171933147,569.8587709841368,0.2578539800597355,2.004562976414179,0.029409027289359388,0.001225,0.0,0.001225,24.007369215803582,0.041653876816361846
14,0.0007,17,0.1387676999617298,0.08799959381205379,3.8006450394611804,566.4190585533869,0.257894350157585,2.0258917990648087,0.03097405430759385,0.001225,0.0,0.001225,25.28494229191335,0.03954923006962214
14,0.0007,18,0.14074584577685886,0.0889774706452031,3.8178672499033284,566.6788421778084,0.2531474368297495,2.0029920183524617,0.02993542123351442,0.001225,0.0,0.001225,24.437078557970956,0.04092142183149046
14,0.0007,19,0.1794871794871795,0.1057255788051466,3.74266694625596,566.4190585533869,0.24989652217482217,1.9915031175467055,0.030696635421232382,0.001225,0.0,0.001225,25.058477894883577,0.03990665371595373
14,0.0007,20,0.15050651230101303,0.09014756283797758,3.8218437982223215,563.6628075253257,0.2493971660733223,1.9925628898654164,0.029574200019761254,0.001225,0.0,0.001225,24.14220409776429,0.041421238754774915
14,0.0007,21,0.14367204137511408,0.091236044764175,3.7901929897916604,562.849710982659,0.2572287399088964,2.0311234618921477,0.031381263034252,0.001225,0.0,0.001225,25.617357578981224,0.03903603238221922
14,0.0007,22,0.13927150290786655,0.08919401948324265,3.812806745509296,566.2892561983471,0.25350163772236556,1.9935951491701742,0.029613890505550716,0.001225,0.0,0.001225,24.174604494327117,0.04136572328348383
14,0.0007,23,0.13393603281926614,0.08508276189092187,3.8526749835175362,562.2094507331155,0.2603503519203514,2.0273521862116075,0.026670180005058837,0.001225,0.0,0.001225,21.771575514333744,0.04593144852294361
14,0.0007,24,0.15661920630112086,0.09293349932247645,3.8065628110694782,560.4668282338686,0.2542587384523358,2.015805568237937,0.029963213445272165,0.001225,0.0,0.001225,24.459766077773196,0.04088346539457337
14,0.0007,25,0.1387234692319438,0.0891291901076368,3.8120096287863223,564.9945029775538,0.2551017581427004,2.0184696680355936,0.031991724027168135,0.001225,0.0,0.001225,26.11569308340256,0.03829115301693965
14,0.0007,26,0.1432822156099794,0.08884403287471236,3.8142103510868957,564.6072327763791,0.2589686755090952,2.0327775600582214,0.031925968058903215,0.001225,0.0,0.001225,26.062014741961807,0.038370018968254385
14,0.0007,27,0.1784037558685446,0.10224918153839634,3.7369276106485207,560.3820990458883,0.25395840909914114,2.00857037398729,0.03305620010901682,0.001225,0.0,0.001225,26.98465315021781,0.03705810092993277
14,0.0007,28,0.13175932977913177,0.08625994170529235,3.82911215106703,563.6199543031227,0.2517497298249509,1.984909457961717,0.030692742157216433,0.001225,0.0,0.001225,25.05529972017668,0.039911715731531
14,0.0007,29,0.14843870173819412,0.0932919238057667,3.779383723604488,569.158744808491,0.2530771806195844,1.9894840289837301,0.03136418043157233,0.001225,0.0,0.001225,25.603412597201903,0.03905729348396651
14,0.001,0,0.12866661560848586,0.08228303172104592,3.8925533572068747,566.7654897755993,0.25202627072576433,1.9958662487051366,0.030282037456735578,0.00175,0.0,0.00175,17.3040214038489,0.057790034851527165
14,0.001,1,0.12732847834419317,0.08127224817179475,3.894631435546837,567.2859333077807,0.2565318784327246,2.029275668162227,0.031255529242182785,0.00175,0.0,0.00175,17.860302424104447,0.05599009335084885
14,0.001,2,0.14371485028119774,0.08768519621574333,3.8647974986005305,562.4227086183311,0.2562650663603563,1.987015923908644,0.032040500343511136,0.00175,0.0,0.00175,18.30885733914922,0.054618373035314076
14,0.001,3,0.1477358776313797,0.08303253556020102,3.926960753888984,560.3820990458883,0.2497143966902513,1.9804499099101425,0.027092406564952994,0.00175,0.0,0.00175,15.481375179973139,0.0645937449596603
14,0.001,4,0.14425391095066184,0.09089338443199158,3.8458349219071626,556.5956678700361,0.2524297022027895,1.9963254207894952,0.032348169985029575,0.00175,0.0,0.00175,18.48466856287404,0.05409888722638354
14,0.001,5,0.14054507977708222,0.08540877039882551,3.8779869164872967,564.9514466753187,0.25336496901581995,1.9932437617189445,0.031761546356814746,0.00175,0.0,0.00175,18.149455061037,0.055098073007535435
14,0.001,6,0.13699254979473924,0.08418662210077235,3.8726057489222434,562.5934316557701,0.25057820713846013,1.9850687413497807,0.030110911282205294,0.00175,0.0,0.00175,17.206235018403024,0.058118466877294446
14,0.001,7,0.14128385004148752,0.0879568465294904,3.8607660666894974,558.2301425661915,0.2602032847062219,2.033241366483793,0.03195094523394255,0.00175,0.0,0.00175,18.257682990824314,0.05477146254004771
14,0.001,8,0.13726400495202723,0.08611120273966325,3.863199422175143,572.5877437325905,0.25512336372048594,1.999069983709485,0.03141392374328177,0.00175,0.0,0.00175,17.950813567589584,0.05570778150164249
14,0.001,9,0.13575511432009627,0.08431527827970753,3.8788072394082826,556.5956678700361,0.254256131418515,2.019320135072582,0.03130868276058048,0.00175,0.0,0.00175,17.890675863188843,0.055895037596514784
14,0.001,10,0.12496145544249151,0.08183864338456134,3.8983301252796028,570.472710453284,0.25347085858811624,2.0062836593442435,0.029869717784283576,0.00175,0.0,0.00175,17.06841016244776,0.05858776479370656
14,0.001,11,0.13049398592934414,0.08641697872142552,3.8599097133152696,559.831984265073,0.2564716544293333,2.0318092461624513,0.032342088730470196,0.00175,0.0,0.00175,18.481193560268682,0.05410905939266954
14,0.001,12,0.12489771628356766,0.08291967058296175,3.8903406341636932,550.5201963847355,0.2575102153059561,2.034219699760008,0.029494657654715747,0.00175,0.0,0.00175,16.854090088409,0.05933277885394278
14,0.001,13,0.1521440561574851,0.0894593352153633,3.8533811155537063,564.6502365328857,0.25050213863141835,1.9945598436542968,0.032235849266244204,0.00175,0.0,0.00175,18.420485294996688,0.05428738624338072
14,0.001,14,0.12330015953809922,0.08020209708189657,3.912916898599638,562.2094507331155,0.25614023723755963,2.008029964794848,0.028592145325913757,0.00175,0.0,0.00175,16.338368757665005,0.06120562063644565
14,0.001,15,0.13166616450738175,0.08218486175296125,3.901354488846261,557.4326604398915,0.2478990177041851,1.98730205249374,0.029707979194780007,0.00175,0.0,0.00175,16.97598811130286,0.058906733053976715
14,0.001,16,0.13713592233009708,0.08803369390093779,3.841989154942202,561.3155339805825,0.25617599848192185,2.0326828016133964,0.0317906674848425,0.00175,0.0,0.00175,18.166095705624286,0.05504760165335893
14,0.001,17,0.13752263126131564,0.08386038595392707,3.88727290394076,558.2721786360893,0.26127416666713543,2.0473199094262746,0.03179490514213505,0.00175,0.0,0.00175,18.16851722407717,0.05504026485302752
14,0.001,18,0.12734452122408688,0.0814316473216589,3.9031575467839876,561.953755030754,0.25196850148495287,1.9920813463453428,0.027696564321019468,0.00175,0.0,0.00175,15.826608183439696,0.06318473221864167
14,0.001,19,0.1591743119266055,0.09134650733639017,3.8441062540287536,565.7706422018349,0.25009755132487044,2.0023583531012297,0.03235691667356128,0.00175,0.0,0.00175,18.489666670606447,0.054084263270669376
14,0.001,20,0.14333485332117343,0.0894278478045208,3.8472298635035758,562.4227086183311,0.25430214538937435,2.0267154062457458,0.03367292184758942,0.00175,0.0,0.00175,19.241669627193954,0.05197054202545477
14,0.001,21,0.12605493325149608,0.0828454177447671,3.8577800753040226,567.7638483965014,0.25105752830859274,1.9991454506934438,0.031243483565892922,0.00175,0.0,0.00175,17.85341918051024,0.056011679885478415
14,0.001,22,0.13668683812405447,0.0882100419617975,3.8353332404550184,559.7897125567322,0.24696954095270485,1.9712288625873877,0.03164068636695384,0.00175,0.0,0.00175,18.080392209687908,0.055308534704472626
14,0.001,23,0.13535598093364606,0.08261743501041907,3.8943248767116616,559.9165468714534,0.2527311345329508,2.0144021662063967,0.03114303025530783,0.00175,0.0,0.00175,17.79601728874733,0.05619234819648742
14,0.001,24,0.127957149233745,0.08387218808188907,3.882553596759712,550.5610772206517,0.25494114641333,2.0134064838888497,0.03238888144862442,0.00175,0.0,0.00175,18.50793225635681,0.05403088719738187
14,0.001,25,0.13936693300553166,0.08715969246089846,3.8518105506659257,568.5476336816226,0.2536445028381422,2.012820835452162,0.03181334132247648,0.00175,0.0,0.00175,18.179052184272273,0.05500836841566232
14,0.001,26,0.1402998776009792,0.08675943020272181,3.8658688692464658,566.1162790697674,0.260069418058265,2.06405638848073,0.029929453753626156,0.00175,0.0,0.00175,17.102545002072087,0.05847082991910521
14,0.001,27,0.13304656252358313,0.08375600462836472,3.8958354302572578,558.4824541544034,0.2547939241921995,2.010673755453886,0.0323905324297384,0.00175,0.0,0.00175,18.508875674136227,0.05402813318354995
14,0.001,28,0.1328676638068484,0.0817368134029623,3.9028181389318153,561.8685748994002,0.25084332723054104,2.0097133152082156,0.029422537886884727,0.00175,0.0,0.00175,16.812878792505558,0.059478213834846416
14,0.001,29,0.13639125151883352,0.08451946363265235,3.8725019134876018,561.9963547995139,0.2556446876260452,2.0158700400229153,0.03197735021969261,0.00175,0.0,0.00175,18.272771554110065,0.05472623553787447
14,0.0018,0,0.11446237369929121,0.08004195000120734,3.9553708093497746,558.0200573065903,0.261034065450076,2.0426096390708697,0.031105800606015012,0.00315,0.0,0.00315,9.874857335242861,0.10126728579977061
14,0.0018,1,0.14935262757044934,0.08173542783839392,3.9600162433732105,563.6199543031227,0.2571987254486885,2.035549650237485,0.03230434298904863,0.00315,0.0,0.00315,10.255346980650359,0.09751010881316699
14,0.0018,2,0.13145326358881054,0.08514835694592199,3.932664569723323,561.018194223334,0.25020605299505405,1.9954785072316032,0.02968151868728103,0.00315,0.0,0.00315,9.422704345168581,0.10612664510828489
14,0.0018,3,0.16267046306009292,0.09388424768618658,3.8805931074834783,554.5141615465308,0.2532105135906022,2.014256831546399,0.031830222262319505,0.00315,0.0,0.00315,10.104832464228414,0.09896255118925003
14,0.0018,4,0.1197393637408969,0.07271255370343263,4.0026187553486885,567.2859333077807,0.2629925883375108,2.0412974905594385,0.03165841813895219,0.00315,0.0,0.00315,10.050291472683234,0.09949960184916101
14,0.0018,5,0.12683809667445894,0.07987241027947942,3.9412591062216418,558.0620616846392,0.25961954714148305,2.036762238678529,0.031629582611897605,0.00315,0.0,0.00315,10.041137337110351,0.09959031197633046
14,0.0018,6,0.13045773320262424,0.07990029324069492,3.9466519477104307,558.0620616846392,0.26126128339092247,2.045328135778808,0.0306530735131773,0.00315,0.0,0.00315,9.731134448627714,0.10276294149250195
14,0.0018,7,0.11701964395334562,0.07518444875515272,3.970702339087176,567.8508287292817,0.2587316077260766,2.020046981577829,0.029147528361126013,0.00315,0.0,0.00315,9.25318360670667,0.1080709129423525
14,0.0018,8,0.12496166819993867,0.07892702666833185,3.95006396161376,567.329346826127,0.25689588143723086,2.0354910326520903,0.030812388298010192,0.00315,0.0,0.00315,9.781710570796886,0.10223160793424836
14,0.0018,9,0.1044234404536862,0.07363064543399547,3.9719738440687795,559.578449905482,0.264558739727363,2.05199608875469,0.03245864674943012,0.00315,0.0,0.00315,10.304332301406388,0.09704655971387054
14,0.0018,10,0.11762922540548734,0.07599392621876618,3.9622763202532534,560.8908594815825,0.25316373573150486,2.020275203323643,0.031098575626982598,0.00315,0.0,0.00315,9.872563691105587,0.10129081272992164
14,0.0018,11,0.13355957767722473,0.07914172851310422,3.967519654364205,558.10407239819,0.25867822708096355,2.038879342030695,0.030050798080931217,0.00315,0.0,0.00315,9.539935898708322,0.1048225072597602
14,0.0018,12,0.11446655990238694,0.07725602252609545,3.94970356172084,564.3493479752917,0.2569126009766478,1.992775171916527,0.03183771111162317,0.00315,0.0,0.00315,10.107209876705767,0.09893927327112445
14,0.0018,13,0.15622382946326607,0.08860613310648768,3.9213602797769616,563.4057860677578,0.258121614693664,2.0486071477067176,0.0304428497808376,0.00315,0.0,0.00315,9.66439675582146,0.10347257312233571
14,0.0018,14,0.12955496386458729,0.07788151407236525,3.956768435313537,562.977938379612,0.2559450351400301,2.0090039060949145,0.029488773528991385,0.00315,0.0,0.00315,9.36151540602901,0.10682031237762843
14,0.0018,15,0.12248642862604174,0.08314610820587633,3.9038482445053018,565.8138236868263,0.25948813080322,2.0408430537972926,0.034282778439838624,0.00315,0.0,0.00315,10.883421726932896,0.0918828678232075
14,0.0018,16,0.1325283132078302,0.0701176412710079,4.02766651081019,555.0538513462836,0.25996462599141523,2.0214824564659617,0.030527172930770563,0.00315,0.0,0.00315,9.691166009768432,0.10318675781552263
14,0.0018,17,0.14091976664898856,0.08336171053595143,3.932116152728433,560.6787635426926,0.259736611682456,2.0181140578203163,0.0315701048040235,0.00315,0.0,0.00315,10.022255493340793,0.09977793927369362
14,0.0018,18,0.11845919145690313,0.07778901565360863,3.9577755004915423,564.4782608695652,0.25873112736735493,2.029191341216306,0.03090005973817709,0.00315,0.0,0.00315,9.809542774024473,0.10194155049183184
14,0.0018,19,0.10328495034377387,0.07258405026387273,3.9731016732092206,565.3391902215432,0.25727806286886334,2.008907632327487,0.03183136240898985,0.00315,0.0,0.00315,10.105194415552333,0.09895900651460565
14,0.0018,20,0.10603193824263983,0.07306240342019528,3.982782135245301,560.0857488836751,0.2555872756638564,2.0086241107208895,0.029761747581206092,0.00315,0.0,0.00315,9.448173835303521,0.10584055897272504
14,0.0018,21,0.1370851370851371,0.08608241116906604,3.930714162579984,562.038961038961,0.25492932979250327,2.0181149131517557,0.031646513226268436,0.00315,0.0,0.00315,10.046512135323313,0.09953703200974817
14,0.0018,22,0.1445593525179856,0.08371272839896408,3.920790486812518,554.5971223021583,0.25406164542073384,2.011808988149329,0.032594291299644404,0.00315,0.0,0.00315,10.347394063379175,0.09664269031167325
14,0.0018,23,0.10488451344187807,0.07431218475953456,3.9558390106639116,560.4244604316547,0.25975728483172134,2.0367697166230996,0.03041518353649664,0.00315,0.0,0.00315,9.655613821110045,0.10356669379358384
14,0.0018,24,0.13329772623226002,0.07575901569736194,3.995386093173476,564.6502365328857,0.26043004108942114,2.0714436064696273,0.030064913566974216,0.00315,0.0,0.00315,9.54441700538864,0.10477329306079297
14,0.0018,25,0.1305574620605506,0.0798422157117875,3.9535413439996856,564.3493479752917,0.25953166524413973,2.0340021352953386,0.029796024637623996,0.00315,0.0,0.00315,9.459055440515554,0.10571880102496749
14,0.0018,26,0.112792820200791,0.07411446171687154,3.9942001411457704,562.849710982659,0.2567232532892376,2.0156619761769203,0.028844570513616975,0.00315,0.0,0.00315,9.157006512259358,0.109205994192666
14,0.0018,27,0.12646902721965275,0.07893692223783796,3.936849051328466,561.1031162332247,0.25813366676447913,2.005443355488762,0.03132979610491745,0.00315,0.0,0.00315,9.94596701743411,0.1005432652498362
14,0.0018,28,0.11395578515535972,0.07423968354639211,3.9614890121035247,562.2094507331155,0.25558755701058544,2.013192013938805,0.03140232186943244,0.00315,0.0,0.00315,9.968991069661092,0.10031105384809982
14,0.0018,29,0.1272754969913931,0.08061306715678045,3.9536923958603727,563.6628075253257,0.2524736124323681,2.0222892273441584,0.030239769336901017,0.00315,0.0,0.00315,9.599926773619371,0.10416746122980888
14,0.0037,0,0.09854380152554126,0.06812867970379617,4.047622378718169,570.1655751598737,0.27003435356891714,2.0612174829855023,0.029622559119948197,0.006475000000000001,0.0,0.006475000000000001,4.5749126053974045,0.21858341049405336
14,0.0037,1,0.12038805286074403,0.07503194115412992,3.998191592392623,565.2960812772134,0.26333726625307463,2.0398026193937184,0.030027079745092444,0.006475000000000001,0.0,0.006475000000000001,4.63738683321891,0.21563868531232244
14,0.0037,2,0.1078699483439684,0.07427481636011392,4.002007323667512,562.1668185961714,0.267393527465174,2.073042112352045,0.03238793811055081,0.006475000000000001,0.0,0.006475000000000001,5.00199816379163,0.1999201053768434
14,0.0037,3,0.11629484473922219,0.07103594461562715,4.048100671702067,557.7681640036177,0.26634457646287046,2.0644833954036224,0.02940953220419527,0.006475000000000001,0.0,0.006475000000000001,4.542012695628613,0.22016671176688563
14,0.0037,4,0.11198073449729079,0.07003519803885339,4.041376332865657,556.9301625526791,0.2636212270881515,2.03987116605708,0.02839592555954059,0.006475000000000001,0.0,0.006475000000000001,4.385471128886577,0.2280256717261502
14,0.0037,5,0.09771888880523978,0.07073457396777068,4.004363878513425,557.1394263344124,0.2602710596693214,2.037530424689229,0.03056360552636639,0.006475000000000001,0.0,0.006475000000000001,4.720247957739982,0.21185327740256937
14,0.0037,6,0.09897064430041937,0.07064524847455876,4.02330476486717,564.2634388105223,0.26164111914113164,2.0320483835405145,0.03153906963697842,0.006475000000000001,0.0,0.006475000000000001,4.870898785633732,0.20530091960633795
14,0.0037,7,0.1049536304003619,0.07086894829338068,4.024013522057605,557.9780592626103,0.26212953467620537,2.0454851955839315,0.03183991946411422,0.006475000000000001,0.0,0.006475000000000001,4.917362079399879,0.20336106714395968
14,0.0037,8,0.10861027190332326,0.07336424735118323,4.013893546053916,558.9456193353475,0.26219708667485975,2.035981985809421,0.031901584555228936,0.006475000000000001,0.0,0.006475000000000001,4.926885645595202,0.2029679744838472
14,0.0037,9,0.12039800995024875,0.07515972091320917,4.024812147212109,566.4190585533869,0.2728281123563647,2.077378976081096,0.032452102659133855,0.006475000000000001,0.0,0.006475000000000001,5.011907746584378,0.19952482179694972
14,0.0037,10,0.1220211161387632,0.07955426236562174,3.982860858674416,558.10407239819,0.2619067131308839,2.0560128001719518,0.032225574003207386,0.006475000000000001,0.0,0.006475000000000001,4.976922625977974,0.20092737523792592
14,0.0037,11,0.0989178478890413,0.06810467658410596,4.058685341530887,563.9629629629629,0.2637611770478543,2.048142497020793,0.029599067781242903,0.006475000000000001,0.0,0.006475000000000001,4.571284599419753,0.21875688950255537
14,0.0037,12,0.11189661725579628,0.0708140802687072,4.054236100764371,562.5507411630558,0.2668775751662906,2.058876105763245,0.030387627305359856,0.006475000000000001,0.0,0.006475000000000001,4.69306985410963,0.21308014393272232
14,0.0037,13,0.12306755007234788,0.07639820329588509,4.0069672062696755,563.5771076079507,0.26298537154798396,2.0561734627421195,0.03011732979994956,0.006475000000000001,0.0,0.006475000000000001,4.651325065629275,0.21499249910298637
14,0.0037,14,0.11963677639046538,0.07891873538261195,3.9909326735344393,560.0011350737798,0.2698768792906776,2.0648853117007984,0.03145362112793849,0.006475000000000001,0.0,0.006475000000000001,4.857702104700924,0.20585865054019556
14,0.0037,15,0.11497730711043873,0.0735882966869832,3.9790242742000648,559.7897125567322,0.25773002897039987,2.027729751236799,0.031076797785717026,0.006475000000000001,0.0,0.006475000000000001,4.799505449531586,0.20835480040919555
14,0.0037,16,0.09840766734586069,0.06793072928688683,4.05232608787287,558.4824541544034,0.26825871993787587,2.058537928974058,0.03237723018417723,0.006475000000000001,0.0,0.006475000000000001,5.00034442998876,0.19998622374944033
14,0.0037,17,0.09655433547898523,0.0691288816718568,4.029208192534091,560.4244604316547,0.2664489410817623,2.056042547255697,0.031161702010038417,0.006475000000000001,0.0,0.006475000000000001,4.812618071048404,0.20778710989259017
14,0.0037,18,0.13473144236572118,0.08545503680294143,3.955943094955702,558.2721786360893,0.25745938342879526,2.0328158173436934,0.03220440969523821,0.006475000000000001,0.0,0.006475000000000001,4.973654006986596,0.20105942202559307
14,0.0037,19,0.12954319381743057,0.07801920103800566,3.9664049192336917,566.2460019894406,0.2595684203261044,2.041246672256432,0.03208639997090033,0.006475000000000001,0.0,0.006475000000000001,4.955428566934413,0.20179889317194458
14,0.0037,20,0.11219289571765421,0.07099640063474176,4.033170727722138,562.8924469460713,0.25887832618900575,2.0519044843511485,0.029511928866084194,0.006475000000000001,0.0,0.006475000000000001,4.557826851904895,0.2194028058749228
14,0.0037,21,0.08959739353037002,0.07191747707903971,4.010447781217682,574.0509657900861,0.2587518274667673,2.027506588717099,0.02918294232606069,0.006475000000000001,0.0,0.006475000000000001,4.507018119854932,0.22187618807092507
14,0.0037,22,0.10043928225746408,0.06941561275380358,4.028289767885411,551.0111681929864,0.2643130253418349,2.0477342675028183,0.030834311349567278,0.006475000000000001,0.0,0.006475000000000001,4.762055806882977,0.2099933391277399
14,0.0037,23,0.10318836210145474,0.06934897757371752,4.036164267829329,557.8101303987337,0.2614263172727078,2.0514687218282583,0.028945601570398643,0.006475000000000001,0.0,0.006475000000000001,4.4703631768955425,0.22369547180604082
14,0.0037,24,0.1295230885692657,0.08684565299632711,3.9772821981681474,560.2127176381529,0.258950541872764,2.0241914048693825,0.03142989133572181,0.006475000000000001,0.0,0.006475000000000001,4.854037271926148,0.20601407529019372
14,0.0037,25,0.13250283125707815,0.0771242236052737,4.002820848715629,558.7349943374859,0.2692620664893184,2.087566057828467,0.03382391301862629,0.006475000000000001,0.0,0.006475000000000001,5.223770350366994,0.19143261149099813
14,0.0037,26,0.0999402003288982,0.07008129336283332,4.023331101877029,553.1901629541037,0.2601362414716277,2.0217309598274262,0.029888842147701048,0.006475000000000001,0.0,0.006475000000000001,4.616037397328347,0.21663602651459807
14,0.0037,27,0.10222052067381317,0.06962941777343944,4.037332853649647,566.635528330781,0.2638972232816741,2.0488847557535523,0.029559737986959673,0.006475000000000001,0.0,0.006475000000000001,4.565210499916551,0.21904794970971858
14,0.0037,28,0.10131063573365472,0.07048726507346977,4.025439934283712,557.4326604398915,0.2585142779862508,2.028719363809466,0.03076055326396471,0.006475000000000001,0.0,0.006475000000000001,4.750664596751306,0.2104968640985179
14,0.0037,29,0.18257892734880182,0.09082375170958064,3.9386983107410036,562.977938379612,0.26030993220047094,2.0253754175844585,0.031046047279671606,0.006475000000000001,0.0,0.006475000000000001,4.794756336628819,0.20856117178690617
14,0.008,0,0.06742857142857143,0.0608597146771338,4.095012395334297,563.8342857142857,0.27529673956451006,2.083029092170687,0.029785774137975833,0.014,0.0,0.014,2.127555295569702,0.4700230363376886
14,0.008,1,0.11137171824165847,0.06831550397093407,4.0714739340425155,559.9165468714534,0.27297037589596584,2.10079836809256,0.03171878581100197,0.014,0.0,0.014,2.2656275579287124,0.4413788120207288
14,0.008,2,0.0790887762052524,0.06649799940671418,4.029831974014958,560.0857488836751,0.2772145564376842,2.1021883098859426,0.032791590945341224,0.014,0.0,0.014,2.3422564960958017,0.426938724117898
14,0.008,3,0.09971185926599939,0.06982352160887345,4.078642443826096,561.1455868971792,0.27448695426573977,2.1053360287439196,0.03106671469122519,0.014,0.0,0.014,2.219051049373228,0.45064308019522603
14,0.008,4,0.10696031268791341,0.07221062004810389,4.054685306074504,556.2615754660253,0.2806839162076358,2.105577293402656,0.03042940807082238,0.014,0.0,0.014,2.1735291479158843,0.4600812466485037
14,0.008,5,0.09221046219447195,0.06738082167535711,4.075570481142829,563.4914337927358,0.2744386880949605,2.100162278670354,0.03008292332624032,0.014,0.0,0.014,2.1487802375885945,0.4653803039077746
14,0.008,6,0.08711281070745698,0.06610455761431534,4.083843985978527,565.9866156787763,0.2791257341741584,2.131940044184153,0.030197789000206456,0.014,0.0,0.014,2.1569849285861755,0.46361010072307896
14,0.008,7,0.18202747294912133,0.0849144758148688,4.009034789290556,567.8943289079887,0.2737742213939782,2.0745624664731546,0.033454112291130225,0.014,0.0,0.014,2.3895794493664444,0.41848367932069913
14,0.008,8,0.08524889633125285,0.06842276554511009,4.046118995297678,563.2773633734206,0.2743306274933275,2.0961111642255945,0.032515957975710906,0.014,0.0,0.014,2.3225684268364932,0.4305578205771412
14,0.008,9,0.06675790754257907,0.06264496094735611,4.10191357226612,562.6788321167883,0.27607423524023034,2.10863335838316,0.0293119664790188,0.014,0.0,0.014,2.0937118913584856,0.4776206335395837
14,0.008,10,0.08961832061068702,0.0659015613934975,4.068982459398665,564.9083969465648,0.28226833330700174,2.1179510499625507,0.0317725930603911,0.014,0.0,0.014,2.269470932885078,0.4406313319592704
14,0.008,11,0.10385134122583546,0.07097020744486882,4.034619534559958,554.5141615465308,0.2816983019874897,2.112533177225078,0.03390246926137727,0.014,0.0,0.014,2.4216049472412338,0.41294927198560216
14,0.008,12,0.11350607658793854,0.06875365355781973,4.0785757262093565,565.641137353818,0.27472550224047154,2.0891353173406966,0.030581474247988984,0.014,0.0,0.014,2.184391017713499,0.45779349571156236
14,0.008,13,0.08639691714836223,0.06716595571559422,4.0564925664696165,570.3410404624277,0.27592068421654403,2.0794146454079363,0.032991500595728224,0.014,0.0,0.014,2.3565357568377303,0.4243517192974464
14,0.008,14,0.10290621884824783,0.07073876567035513,4.047521869144675,567.4596273291926,0.27239737400668673,2.0886292784614575,0.03156152607445279,0.014,0.0,0.014,2.254394719603771,0.44357804394421163
14,0.008,15,0.09907499426649338,0.06640402243575859,4.08923255183743,565.7274673190124,0.2765535939252004,2.085084279992264,0.02929010281040814,0.014,0.0,0.014,2.0921502007434385,0.47797715462525275
14,0.008,16,0.09395148910039915,0.06751688390263702,4.073791235528006,568.0248695118207,0.2806147269147914,2.120830602337338,0.029711662817872624,0.014,0.0,0.014,2.1222616298480443,0.4711954388355034
14,0.008,17,0.10928086631586975,0.0707432084205695,4.052533140583716,564.3493479752917,0.2853563688695431,2.127001280306044,0.0328622485326342,0.014,0.0,0.014,2.3473034666167285,0.4260207571036156
14,0.008,18,0.09766454352441614,0.06915809734202849,4.06085285922558,561.1455868971792,0.26904910430312157,2.054516901293388,0.03132749012833635,0.014,0.0,0.014,2.237677866309739,0.4468918493836414
14,0.008,19,0.0858685731670216,0.06833569592336486,4.0593451315634566,562.849710982659,0.27068828215124086,2.064548021385929,0.029242310679910687,0.014,0.0,0.014,2.088736477136478,0.4787583359347155
14,0.008,20,0.17199298299138127,0.07825361976964434,4.039863412126381,564.4352833498589,0.27695893350755796,2.0966877500810677,0.033198443383592166,0.014,0.0,0.014,2.3713173845422975,0.4217065191351499
14,0.008,21,0.10441645166186067,0.06952251291259653,4.071405976901232,561.57064804978,0.2763364764396101,2.1048499472276685,0.030857681346715193,0.014,0.0,0.014,2.2041200961939422,0.4536957862354199
14,0.008,22,0.08153659277254782,0.06424809134789108,4.097313995230511,561.8259945338597,0.27844521164661273,2.1107230532950503,0.028835124518766703,0.014,0.0,0.014,2.059651751340479,0.4855189715199048
14,0.008,23,0.1069676153091266,0.07238737316046992,4.068448885470585,558.6507888578546,0.27780873654410243,2.1060236393922116,0.02923227931070406,0.014,0.0,0.014,2.0880199507645756,0.4789226269767334
14,0.008,24,0.14215948111407858,0.07884393481371453,4.03727811565106,564.6932468523464,0.2805395267205313,2.124204860951301,0.032314570329542984,0.014,0.0,0.014,2.308183594967356,0.4332411001362059
14,0.008,25,0.09703872437357632,0.06700722030580883,4.082082221706164,561.9111617312072,0.2801987525599543,2.115212162711477,0.030575990155798035,0.014,0.0,0.014,2.1839992968427167,0.457875605292384
14,0.008,26,0.06533700137551582,0.06680507023666338,4.018195858506995,565.5116918844567,0.27556791246752255,2.0887318829572217,0.02982207901608062,0.014,0.0,0.014,2.1301485011486156,0.4694508385029407
14,0.008,27,0.11340127776087618,0.0733315113748722,4.043605914832417,562.849710982659,0.27561647232505493,2.1095189553603877,0.03083594090394066,0.014,0.0,0.014,2.202567207424333,0.45401565801453714
14,0.008,28,0.1073737684729064,0.06963630235669963,4.068743314769503,569.5960591133005,0.28222517666290514,2.1232791240123956,0.031663773480164886,0.014,0.0,0.014,2.2616981057260634,0.44214565925852173
14,0.008,29,0.09199969435317491,0.06780795369776231,4.068682738154071,565.4685565828685,0.2745411379728466,2.0819313736365723,0.030795406170399987,0.014,0.0,0.014,2.199671869314285,0.45461326025491944
14,0.019,0,0.18693054518297236,0.08215858825365052,4.124916532772581,552.6952949962658,0.31226925246301107,2.237956779671429,0.029547437631166195,0.03325,0.0,0.03325,0.8886447407869532,1.1253090848367981
14,0.019,1,0.08549435767132502,0.062120925227304155,4.144836192696526,553.0663627531575,0.3167960135906469,2.2717321314536196,0.029034924818598762,0.03325,0.0,0.03325,0.8732308216119928,1.145172588106762
14,0.019,2,0.08322634242126728,0.06102788650315863,4.1519248270686875,558.9034816101503,0.30739822358009405,2.209503256453176,0.029098754307815083,0.03325,0.0,0.03325,0.875150505498198,1.1426605980541928
14,0.019,3,0.09636530238240684,0.06157598531756625,4.141433293226729,565.0806353084912,0.31114131651702337,2.2315967473263387,0.031414841176855286,0.03325,0.0,0.03325,0.9448072534392566,1.0584169378038033
14,0.019,4,0.09306005576068119,0.06189737118474093,4.139528832221769,557.6423027654283,0.31202656880486757,2.2203077509280993,0.030376829398910742,0.03325,0.0,0.03325,0.9135888541025786,1.0945842820973373
14,0.019,5,0.07924756364735212,0.06317903013074608,4.1311994267249705,559.0720707108861,0.3087132647051476,2.2267523871932076,0.03183033186468137,0.03325,0.0,0.03325,0.9573032139753795,1.044601110078085
14,0.019,6,0.1028941355674029,0.06552953838561369,4.1082144467632125,563.6199543031227,0.3049118787748739,2.219799764195445,0.031533982812430444,0.03325,0.0,0.03325,0.9483904605242238,1.0544180288857492
14,0.019,7,0.09653780004486652,0.06616745932802207,4.1289634012169465,553.3966200553353,0.31969358498463407,2.2450970171924665,0.03158508416780766,0.03325,0.0,0.03325,0.9499273433927116,1.0527120910410384
14,0.019,8,0.08102377707102833,0.061114658366859594,4.154709323871798,560.3820990458883,0.3041477988299448,2.2092618778380384,0.030260225144536915,0.03325,0.0,0.03325,0.9100819592341929,1.0988021351851327
14,0.019,9,0.08075666641343159,0.06222621608409155,4.139329324203925,562.2094507331155,0.3101441405015066,2.239534759114681,0.03163079514396885,0.03325,0.0,0.03325,0.951302109593048,1.0511907730634427
14,0.019,10,0.09024936308191153,0.06089409114258081,4.16614068943059,571.3080367482437,0.3114735486160498,2.258356926392221,0.02905005163105996,0.03325,0.0,0.03325,0.8736857633401491,1.1445762789780898
14,0.019,11,0.08439975624619135,0.06254275729084187,4.1430997243176355,563.7056672760511,0.31027635326609015,2.227203351318619,0.029046773592929585,0.03325,0.0,0.03325,0.8735871757272056,1.1447054487350548
14,0.019,12,0.08493318998617724,0.06183927943491316,4.146506342515607,568.2861311626478,0.31220074291923083,2.2561721428984285,0.0298475303154754,0.03325,0.0,0.03325,0.8976700846759518,1.1139950156197842
14,0.019,13,0.08843333832111328,0.061723814795822944,4.148866430315132,553.6859194972318,0.3173696488374844,2.271624990224963,0.030216302136231114,0.03325,0.0,0.03325,0.9087609665031914,1.1003993754792154
14,0.019,14,0.09287688056493706,0.06467696358268003,4.1287097992180986,568.0248695118207,0.30957389215473086,2.2512997661141174,0.03059769606804119,0.03325,0.0,0.03325,0.9202314606929681,1.086683125620334
14,0.019,15,0.09621235168846973,0.06357036112430106,4.137354406092817,562.849710982659,0.30957287005730905,2.240467320387026,0.029451857500883177,0.03325,0.0,0.03325,0.8857701504025015,1.1289610510645358
14,0.019,16,0.0757112266748241,0.06168803763650095,4.1461206402730975,565.9434077699602,0.31534357360214926,2.259212193365629,0.030913842103268502,0.03325,0.0,0.03325,0.929739612128376,1.0755699627670836
14,0.019,17,0.08768882175226586,0.0628226146782959,4.139531902196799,558.9456193353475,0.30751326214522123,2.20212174735042,0.030523237177477604,0.03325,0.0,0.03325,0.9179920955632361,1.0893339984441235
14,0.019,18,0.07443512431043603,0.062425485893778984,4.133305310325505,559.2407617320335,0.3157627195760142,2.2394667073448007,0.032327689225933064,0.03325,0.0,0.03325,0.97226133010325,1.0285300556937755
14,0.019,19,0.07442849548112707,0.06028639965637699,4.1508697154263965,562.038961038961,0.3121648072556127,2.2217190855299505,0.030984485717537688,0.03325,0.0,0.03325,0.9318642321063966,1.073117698422214
14,0.019,20,0.09239985024335455,0.0623131199174362,4.1502398085418335,554.1411456383377,0.3165302036504727,2.261621873539066,0.030131936973843292,0.03325,0.0,0.03325,0.9062236683862643,1.1034803381164449
14,0.019,21,0.10792967880721015,0.06294619632115395,4.132933925176232,548.9712187523181,0.3100929075444583,2.2054963801515832,0.03174344615552744,0.03325,0.0,0.03325,0.9546901099406748,1.0474603115582088
14,0.019,22,0.096932979931844,0.07848169328096179,4.058411820565213,560.4244604316547,0.30563057749532163,2.2118208801538275,0.032428922151623435,0.03325,0.0,0.03325,0.9753059293721333,1.025319307392875
14,0.019,23,0.09452698605215282,0.06265089864968496,4.158383849095684,560.9757428744693,0.31263555283658206,2.2291842455780264,0.0290925900648284,0.03325,0.0,0.03325,0.8749651147316811,1.1429027091059079
14,0.019,24,0.09221967963386728,0.06282860512797296,4.135747688808873,564.4782608695652,0.312890492787119,2.2421609560909403,0.031934575186981236,0.03325,0.0,0.03325,0.9604383514881574,1.0411912419475373
14,0.019,25,0.11645724793135152,0.0674302089586105,4.133298355363489,566.9822249463683,0.31579671695362777,2.2363116710683606,0.03218993335632016,0.03325,0.0,0.03325,0.9681182964306814,1.0329316197068705
14,0.019,26,0.09867868326586726,0.06620498899547564,4.105740267460042,565.2098831436646,0.3095578992215451,2.251553081187563,0.032926681702155104,0.03325,0.0,0.03325,0.9902761414181985,1.009819340459799
14,0.019,27,0.11946035574314139,0.06518693945589589,4.1193176167775825,557.7681640036177,0.3110232697799802,2.24627502592233,0.03341151395519128,0.03325,0.0,0.03325,1.0048575625621436,0.9951659192873485
14,0.019,28,0.1004034065441506,0.06627498605359082,4.113448550226925,552.8601523980278,0.3131816777167842,2.2338058445884137,0.033707801265925326,0.03325,0.0,0.03325,1.0137684591255736,0.9864185366967821
14,0.019,29,0.10841460648673168,0.06883843241379142,4.109095426583355,559.4939895667952,0.3113497701706365,2.2392200437394956,0.03084234855403831,0.03325,0.0,0.03325,0.9275894301966409,1.0780631683006658
14,0.06,0,0.07763649962602842,0.05374074255753912,4.264863312998941,553.5205684367988,0.4427584023505915,2.7783370154349893,0.028270588765585657,0.105,0.0,0.105,0.26924370252938723,3.7141072961246056
14,0.06,1,0.048528301886792455,0.053219435357395525,4.252131900632302,558.5245283018868,0.4479733140906319,2.7857171226804116,0.03204687577709967,0.105,0.0,0.105,0.3052083407342826,3.276450432495257
14,0.06,2,0.07097816056597969,0.05403659056758289,4.263663494954595,569.0713626576438,0.444674472004408,2.741478874167531,0.029441475682810178,0.105,0.0,0.105,0.28039500650295407,3.5663973209503808
14,0.06,3,0.06349448039588884,0.05387314585649728,4.256682066767328,563.4057860677578,0.4461406557529699,2.801472133647101,0.03150389973782885,0.105,0.0,0.105,0.30003714036027473,3.332920713746414
14,0.06,4,0.165176223040505,0.07275017871627323,4.222399067497889,556.1363943788983,0.4495421718165744,2.82410753160613,0.03428106362776416,0.105,0.0,0.105,0.3264863202644206,3.0629154666881666
14,0.06,5,0.07911822436962102,0.05418016343947013,4.257217682497397,558.6928884191454,0.4438279709138442,2.762714520850948,0.03154666088294322,0.105,0.0,0.105,0.30044438936136403,3.3284029770888313
14,0.06,6,0.06182775479503573,0.053501375876362015,4.260022105492858,556.6374576908612,0.44326349307084456,2.7727005479351474,0.02994993404452937,0.105,0.0,0.105,0.2852374670907559,3.505850792321835
14,0.06,7,0.09265907875639752,0.05540642334795207,4.257454898731772,565.2960812772134,0.44160840252880007,2.740957872185656,0.030825945442330298,0.105,0.0,0.105,0.29358043278409807,3.4062215608742896
14,0.06,8,0.07184302947014812,0.05259780773655801,4.265223725686683,564.9945029775538,0.44582924697897397,2.796297574501372,0.029413148644396155,0.105,0.0,0.105,0.28012522518472527,3.569832025447054
14,0.06,9,0.0733303249097473,0.05428387577391756,4.255254443298784,556.5956678700361,0.44835368255735375,2.780088942834862,0.031031300848072277,0.105,0.0,0.105,0.29553619855306934,3.383680256076754
14,0.06,10,0.11077015193473543,0.0540868663520861,4.268163090079977,553.8927475488362,0.44921222189441323,2.7898031696117243,0.029808453966139285,0.105,0.0,0.105,0.2838900377727551,3.522490637027806
14,0.06,11,0.07234266787112316,0.054276045698977364,4.256300265759892,557.0975609756098,0.44931058620568365,2.7668119701511875,0.031791260294306074,0.105,0.0,0.105,0.30277390756481976,3.302794511069002
14,0.06,12,0.0838219816568937,0.054742659216291546,4.255553504011999,556.3450608930988,0.4455839415313676,2.7756240519109356,0.03181601910697989,0.105,0.0,0.105,0.30300970578076086,3.3002243192947036
14,0.06,13,0.06702032277346084,0.054183002843507244,4.258216318822042,552.9426180514047,0.44447852912708186,2.782026025525928,0.029321684079344948,0.105,0.0,0.105,0.2792541340889995,3.580967577301096
14,0.06,14,0.09070294784580499,0.056334268288771104,4.251291818573138,559.3673469387755,0.44452654785709456,2.7601157605271727,0.032988333053648726,0.105,0.0,0.105,0.31417460051094026,3.1829434918472277
14,0.06,15,0.07666188787444352,0.05482121275887315,4.258890321607657,558.398324907568,0.44757823695545085,2.7943379915489355,0.030077509535960566,0.105,0.0,0.105,0.28645247177105304,3.490980523984619
14,0.06,16,0.07655826558265583,0.054764277163521766,4.2590126268992226,557.0975609756098,0.4467406062176451,2.7753350743102,0.03126433357265078,0.105,0.0,0.105,0.2977555578347693,3.358459560828485
14,0.06,17,0.06282882195958826,0.0543825463282918,4.259183208297662,564.2634388105223,0.4510058186715469,2.796856954257664,0.031079411261856132,0.105,0.0,0.105,0.2959943929700584,3.3784423750930848
14,0.06,18,0.06447989215906538,0.05356176244139988,4.261876278974983,554.2239946079533,0.4458916799922008,2.7599346539992746,0.029503684857633876,0.105,0.0,0.105,0.28098747483460834,3.558877492986506
14,0.06,19,0.07444055411782616,0.05370846680417743,4.2675114512686925,563.2773633734206,0.446348263125401,2.781939328070273,0.02944905084794438,0.105,0.0,0.105,0.2804671509328036,3.565479938289056
14,0.06,20,0.0986628390118607,0.05573018581670422,4.249576418827107,559.0720707108861,0.44735498595400713,2.7958915451751745,0.031655611486155644,0.105,0.0,0.105,0.3014820141538633,3.316947456406615
14,0.06,21,0.0775064462308509,0.05513616359467384,4.249050869884774,561.2305475504322,0.446333012834657,2.7504626957723644,0.030714845915192343,0.105,0.0,0.105,0.2925223420494509,3.4185423000303685
14,0.06,22,0.06757997857033522,0.054554549666805334,4.25110085817593,566.3757844787999,0.44745189568493515,2.772323773607497,0.03242760064948753,0.105,0.0,0.105,0.3088342918998812,3.2379823945333857
14,0.06,23,0.08935651113144251,0.05524549513658889,4.254922204885692,564.220494053065,0.4502890648727771,2.7804958396567407,0.03146489897960303,0.105,0.0,0.105,0.2996657045676479,3.3370518706596117
14,0.06,24,0.09262672811059908,0.05595784280746332,4.258284221467639,568.3732718894009,0.4404769796819892,2.7432571503162575,0.03005716297110407,0.105,0.0,0.105,0.2862586949628959,3.4933436698913805
14,0.06,25,0.05743321271845408,0.053636747409438745,4.257084646181521,569.7273847101394,0.4504122322250623,2.781767979541142,0.030922121306248808,0.105,0.0,0.105,0.2944963933928458,3.3956273232386995
14,0.06,26,0.07414738124238733,0.05494019424869313,4.25621027375425,563.3629719853836,0.44818782282527536,2.797254607376053,0.031091192723352746,0.105,0.0,0.105,0.29610659736526423,3.3771621736831596
14,0.06,27,0.07021276595744681,0.05369916212055164,4.25970475589115,562.3373860182371,0.44489425723440945,2.797327284657496,0.030811373887839236,0.105,0.0,0.105,0.2934416560746594,3.4078324576575225
14,0.06,28,0.08620559048556928,0.05502784081736828,4.2501445583557205,560.5939701537762,0.449615717807319,2.731127532226248,0.03294562554636123,0.105,0.0,0.105,0.31376786234629744,3.1870695504701687
14,0.06,29,0.1531315552891819,0.055978671365805296,4.246250054595477,554.431225651783,0.4494274324388243,2.7865547468772496,0.029824047159250633,0.105,0.0,0.105,0.28403854437381554,3.5206489394056555
14,0.25,0,0.08303249097472924,0.05054872640601866,4.3144776107778435,556.5956678700361,1.066769979603123,5.294176765174524,0.03373699221703762,0.4375,0.0,0.4375,0.07711312506751455,12.967961019923312
14,0.25,1,0.060843144701860995,0.050288272491812336,4.318138116907977,562.1241929358147,1.059388298279373,5.1552839868643705,0.02861126430983264,0.4375,0.0,0.4375,0.06539717556533174,15.291180259015933
14,0.25,2,0.04985293008522513,0.05030687327347389,4.3160830430581765,558.1460894486763,1.065481801662827,5.206838146145215,0.03130377302524216,0.4375,0.0,0.4375,0.07155148120055352,13.97595106657644
14,0.25,3,0.0479987848408901,0.05045468859958115,4.316127299903575,562.038961038961,1.0652650924166664,5.224536311450912,0.030947886615274596,0.4375,0.0,0.4375,0.07073802654919907,14.136668052288524
14,0.25,4,0.0698181271606794,0.05034684764889115,4.317230410588916,556.1781151360289,1.0698487321496941,5.194326046792509,0.029594432190199086,0.4375,0.0,0.4375,0.06764441643474077,14.783186147591936
14,0.25,5,0.058479093161174084,0.05046313022069512,4.316295558077144,555.5529614893777,1.0590082029812038,5.164915341020759,0.032183813643202046,0.4375,0.0,0.4375,0.07356300261303325,13.593789873699755
14,0.25,6,0.06851221775440768,0.050440861049636056,4.317326458585894,572.2341478502939,1.0623253984376788,5.208105790041363,0.030935709042808058,0.4375,0.0,0.4375,0.07071019209784699,14.142232828560628
14,0.25,7,0.06317703204302705,0.05046831685177785,4.316878765842918,560.5939701537762,1.0657991779444274,5.246164913645242,0.03029198413760549,0.4375,0.0,0.4375,0.06923882088595541,14.44276472655592
14,0.25,8,0.08361077481840194,0.050872602779665516,4.316487850400242,559.9588377723971,1.0673462804115843,5.1956410519894805,0.0326341880324202,0.4375,0.0,0.4375,0.07459242978838902,13.406186161744511
14,0.25,9,0.055598218399631395,0.050401196589775085,4.315895642455345,568.2861311626478,1.067644323600689,5.234384404890516,0.0331675347448301,0.4375,0.0,0.4375,0.07581150798818308,13.190609533263371
14,0.25,10,0.08878078443295835,0.050675300117323706,4.315919291487862,562.508057160231,1.0648811319260858,5.226967991820147,0.0333682675683571,0.4375,0.0,0.4375,0.07627032587053051,13.111259045851044
14,0.25,11,0.054890219560878244,0.050314052490896925,4.317018420905208,568.1119299861815,1.065631987148663,5.27219752028614,0.031177974953839366,0.4375,0.0,0.4375,0.07126394275163284,14.032341762020843
14,0.25,12,0.03299668491249711,0.05030965372487365,4.316023689447912,570.5166139850436,1.06486631729058,5.2287010279163475,0.03070295035335934,0.4375,0.0,0.4375,0.07017817223624992,14.249444921899215
14,0.25,13,0.054005400540054004,0.05043746618411697,4.3144268034628785,555.095409540954,1.0669755434792023,5.220952431826343,0.03408153447861227,0.4375,0.0,0.4375,0.07790065023682805,12.836863324758788
14,0.25,14,0.0324124093224263,0.050218156943669205,4.316994868053966,571.0879765395895,1.060699763998855,5.195505325841249,0.03015271067309889,0.4375,0.0,0.4375,0.06892048153851174,14.509474943833856
14,0.25,15,0.05409535452322738,0.050348606803383204,4.317117205924013,565.4254278728606,1.0581054995709565,5.21859710306935,0.03018227325825424,0.4375,0.0,0.4375,0.06898805316172398,14.495263370539945
14,0.25,16,0.06021619975639464,0.05050748521198093,4.315994218120947,563.3629719853836,1.0649717734777369,5.209642357474688,0.03234794963412835,0.4375,0.0,0.4375,0.07393817059229336,13.524813935607852
14,0.25,17,0.05425475486853073,0.050395097650465195,4.314513207820944,560.7635826324165,1.065923010057304,5.232363879308769,0.034524175890072256,0.4375,0.0,0.4375,0.07891240203445087,12.672279315023625
14,0.25,18,0.046671190530045994,0.05036243985772281,4.315875377039383,557.9780592626103,1.0612188405066263,5.152902832035983,0.03110706327215827,0.4375,0.0,0.4375,0.07110185890779033,14.06432989743443
14,0.25,19,0.07017675817976683,0.0505714525851716,4.3164615835118365,556.6374576908612,1.0644334509852342,5.289723211971901,0.03221270424594641,0.4375,0.0,0.4375,0.07362903827644894,13.581598013617693
14,0.25,20,0.04650099100472633,0.05036926579404493,4.316639791410496,564.1346241805153,1.066963210265385,5.214364214093212,0.030812634183816093,0.4375,0.0,0.4375,0.07042887813443678,14.198721128159526
14,0.25,21,0.051657967454712926,0.05043442465851855,4.316576728144741,568.0248695118207,1.0652538355789147,5.202720387009324,0.031683936043242496,0.4375,0.0,0.4375,0.07242042524169713,13.808259157034543
14,0.25,22,0.06969119329012581,0.0505807186772631,4.316768225630558,564.2634388105223,1.0637854432570748,5.162126380794408,0.03166742820455195,0.4375,0.0,0.4375,0.07238269303897589,13.815457231765754
14,0.25,23,0.0030998140111593306,0.050039325728856374,4.316061683897842,573.4736515809052,1.0601566903933417,5.2903298750652645,0.029749312490819326,0.4375,0.0,0.4375,0.06799842855044418,14.706222207152283
14,0.25,24,0.07888440257215493,0.0510873255277887,4.316276580738233,553.3553162853298,1.0609665166120976,5.184634216396606,0.03341395622293247,0.4375,0.0,0.4375,0.07637475708098851,13.093331333801698
14,0.25,25,0.05920658682634731,0.05040032681459412,4.316666105664779,553.934131736527,1.0639164348540362,5.176189229766157,0.031723438179817195,0.4375,0.0,0.4375,0.07251071583958216,13.791065064263506
14,0.25,26,0.020665552347667527,0.050052100055658647,4.316156006339286,562.2520893481234,1.0661333737079985,5.254625697681376,0.028501490725632194,0.4375,0.0,0.4375,0.06514626451573073,15.350074289501775
14,0.25,27,0.06377940727161625,0.05048962343933887,4.317416380034135,565.2529789184234,1.0640023885353003,5.197340116782068,0.03020569316314807,0.4375,0.0,0.4375,0.06904158437290987,14.484024506140592
14,0.25,28,0.0662613513929506,0.05042306793037311,4.3173815617218345,569.5085424041865,1.0609299002680928,5.178694708602051,0.030994194062335764,0.4375,0.0,0.4375,0.07084387214248175,14.11554690275529
14,0.25,29,0.05749235474006116,0.050549751554962656,4.31487492800668,565.7706422018349,1.0675583635165822,5.220180011944079,0.03580713968901226,0.4375,0.0,0.4375,0.0818448907177423,12.218233676292519
14,1.0,0,0.043831902394939,0.049970191699043334,4.323516048369084,557.3488477180298,3.493222514312947,14.998230202427251,0.03312137241982155,1.75,0.0,1.75,0.018926498525612314,52.83597484483189
14,1.0,1,0.05171621207477781,0.049948671893593144,4.323890101151821,566.9822249463683,3.5033536254195496,14.87142772150513,0.03222026643833704,1.75,0.0,1.75,0.01841158082190688,54.313641488630765
14,1.0,2,0.050601316088041755,0.04996153239526076,4.323498005750216,559.7474472430225,3.506582001427887,15.074446785177043,0.03369153046345393,1.75,0.0,1.75,0.019252303121973676,51.94183748637569
14,1.0,3,0.03254257907542579,0.04995424691725244,4.323662922687666,562.6788321167883,3.5009030002111103,15.029590654450057,0.031334412993654394,1.75,0.0,1.75,0.017905378853516795,55.849139422346816
14,1.0,4,0.06188900007697637,0.049947602404838407,4.323685055861679,569.6398275729351,3.496504358801758,14.986520169270145,0.028490649983837952,1.75,0.0,1.75,0.016280371419335974,61.423660077700305
14,1.0,5,0.048507462686567165,0.04996666470864577,4.323599594475519,563.5342674383186,3.5039689419791102,15.093047670724761,0.031264093676328444,1.75,0.0,1.75,0.0178651963864734,55.974755517221645
14,1.0,6,0.05706134094151213,0.049976680302304496,4.3239308195347625,555.6362339514978,3.502517232001992,14.937350049174617,0.030693749854173388,1.75,0.0,1.75,0.017539285630956223,57.01486486057535
14,1.0,7,0.042516236218093945,0.049948593846928846,4.323824827231518,558.861350249207,3.5008889510354493,14.98262982823737,0.030672867590691922,1.75,0.0,1.75,0.01752735290896681,57.05368090628279
14,1.0,8,0.04100539144961653,0.04995620964692745,4.323738888631234,561.953755030754,3.4964388583030086,15.172365082199724,0.031331660906065185,1.75,0.0,1.75,0.01790380623203725,55.85404505834017
14,1.0,9,0.04264264264264264,0.04994373731460763,4.323754399165662,555.5945945945946,3.5011636691051535,14.989604330037281,0.030192509396056114,1.75,0.0,1.75,0.017252862512032067,57.961396220633226
14,1.0,10,0.0557570262919311,0.049967672798525126,4.323650012148753,559.114233907525,3.5080028717347886,14.819501860869549,0.03125229962451822,1.75,0.0,1.75,0.017858456928296126,55.99587937609176
14,1.0,11,0.05241544090196371,0.049959712642581214,4.323692400672198,552.5717165683566,3.499592729989672,14.937110307031288,0.031879670798231695,1.75,0.0,1.75,0.018216954741846682,54.893916912626
14,1.0,12,0.03254482446888655,0.049948838583593946,4.323465019747681,557.51649841796,3.5006591127603315,15.03898365338087,0.030614004337876952,1.75,0.0,1.75,0.017493716764501115,57.163381199199264
14,1.0,13,0.03650089501128492,0.04994803034854308,4.323937461524362,575.924118608452,3.5028384916950017,14.858891876447307,0.029201197312938756,1.75,0.0,1.75,0.016686398464536432,59.92904952649297
14,1.0,14,0.059925661837214594,0.049958919852244404,4.323466992632659,561.3580368656603,3.5044693276286125,14.786314287955303,0.03257773501575923,1.75,0.0,1.75,0.018615848580433848,53.7176694191125
14,1.0,15,0.03809163195759182,0.04992882843419709,4.323662943149466,560.4244604316547,3.5075065865530632,14.883659934882628,0.02992699168828718,1.75,0.0,1.75,0.017101138107592676,58.47564025905466
14,1.0,16,0.05095299567165312,0.049951364523580795,4.323837170683447,561.953755030754,3.500756753521273,14.964461045900682,0.03104467119412188,1.75,0.0,1.75,0.01773981211092679,56.370382828578705
14,1.0,17,0.06307116104868914,0.04995788686939868,4.323604311080525,554.3483146067416,3.499855868780287,14.934357583478866,0.031209165756573506,1.75,0.0,1.75,0.01783380900375629,56.07327070674428
14,1.0,18,0.04151291512915129,0.04993762873246049,4.323582921569885,568.8966789667896,3.496527958661318,14.635799724486374,0.03113841463552108,1.75,0.0,1.75,0.017793379791726332,56.20067753878809
14,1.0,19,0.04918782887211164,0.04993288366438808,4.324106246360256,564.3493479752917,3.4946881756477524,14.806591148839752,0.02872300268913396,1.75,0.0,1.75,0.016413144393790834,60.92677770983995
14,1.0,20,0.04974258025439128,0.04996749396804733,4.32383420025468,560.2973955178679,3.5020661094167735,15.115008559473218,0.028383872820728816,1.75,0.0,1.75,0.016219355897559323,61.654729467430904
14,1.0,21,0.029930639324487335,0.04992757329661253,4.323950216786657,557.9360675512665,3.4994693659828044,14.760719366518618,0.029091852494169047,1.75,0.0,1.75,0.01662391571095374,60.154299226931556
14,1.0,22,0.04247403503332817,0.04993495053521617,4.323778407880688,573.5623934273756,3.5015475421678275,15.095064701528655,0.031742437545574785,1.75,0.0,1.75,0.01813853574032845,55.13124181113708
14,1.0,23,0.0415618088919393,0.049960279373144414,4.32363284576798,564.3493479752917,3.505412047408754,15.160823077869143,0.032849768393095176,1.75,0.0,1.75,0.018771296224625814,53.27282612950901
14,1.0,24,0.10441077692365101,0.050006801556558594,4.3235639163931125,552.3247257258005,3.5032820760970935,14.833191911836277,0.03140300263408606,1.75,0.0,1.75,0.017944572933763465,55.72715515109631
14,1.0,25,0.04788985333732416,0.049940613150092523,4.323761029370587,553.7686321460641,3.505802764033433,14.818818815999887,0.029841660221806014,1.75,0.0,1.75,0.017052377269603437,58.642849861323505
14,1.0,26,0.06524876566654007,0.049963379019946734,4.323465338289724,562.1241929358147,3.4971403460076544,14.802569129659162,0.030467087947096953,1.75,0.0,1.75,0.017409764541198258,57.43903070220232
14,1.0,27,0.040616459155785,0.04993439462741676,4.323766225289772,561.8259945338597,3.5004280648427084,14.891120086605039,0.029678688009732893,1.75,0.0,1.75,0.01695925029127594,58.9648706649735
14,1.0,28,0.042606516290726815,0.049958470818027866,4.323441792012825,562.038961038961,3.508314580307342,15.060361370506708,0.030701069228474022,1.75,0.0,1.75,0.017543468130556582,57.00127207220993
14,1.0,29,0.051349721007389534,0.04998082887313968,4.32372009650833,558.0200573065903,3.5012059718137607,14.640712230209761,0.03200624037830734,1.75,0.0,1.75,0.018289280216175624,54.67683737031751
24,0.0001,0,0.17602347983142685,0.1151084589041574,3.531876084957418,556.9301625526791,0.25003103085327893,1.99861312975951,0.029966580942577505,0.00017500000000000003,0.0,0.00017500000000000003,171.23760538615716,0.005839838730195418
24,0.0001,1,0.1807156308851224,0.11571985717060743,3.523559351300891,557.4745762711865,0.2517342551727779,1.9987605312457168,0.030193461155020525,0.00017500000000000003,0.0,0.00017500000000000003,172.5340637429744,0.0057959569160192575
24,0.0001,2,0.18093848398740497,0.11615266334241997,3.520976450856419,568.3296981798633,0.25256244867341593,2.01021252867875,0.030305757500297004,0.00017500000000000003,0.0,0.00017500000000000003,173.1757571445543,0.005774480311151601
24,0.0001,3,0.18031333136269584,0.11394931036683506,3.528749661261554,546.9060005911913,0.2530636608134955,2.019566799813309,0.03327715657722273,0.00017500000000000003,0.0,0.00017500000000000003,190.1551804412727,0.005258862775546831
24,0.0001,4,0.1824599094606,0.11616465462204721,3.5217098401953266,567.8073352259648,0.2521112915710546,1.9932217976068567,0.029710687102192043,0.00017500000000000003,0.0,0.00017500000000000003,169.7753548696688,0.005890136414485298
24,0.0001,5,0.20073128870979778,0.12030811147142915,3.510004403566846,552.2424445936871,0.24980605038581416,2.005672765695561,0.029310986902587665,0.00017500000000000003,0.0,0.00017500000000000003,167.49135372907236,0.005970457445926206
24,0.0001,6,0.18294608617189262,0.11445233312321967,3.544932981867789,556.4703361154974,0.252232764090877,2.0087891847303934,0.02899312975507712,0.00017500000000000003,0.0,0.00017500000000000003,165.67502717186923,0.0060359126965020046
24,0.0001,7,0.2012039824033341,0.12231356714752153,3.495647706322439,571.1319749942116,0.2550330431840848,2.014273065373425,0.0320011933999826,0.00017500000000000003,0.0,0.00017500000000000003,182.86396228561483,0.005468546057413446
24,0.0001,8,0.1919307916092482,0.12248916206555381,3.478656448701518,566.5489205328433,0.25247781552025117,2.0034285813784347,0.0328461219672151,0.00017500000000000003,0.0,0.00017500000000000003,187.69212552694339,0.005327874023444042
24,0.0001,9,0.19630554924672572,0.12214103730501225,3.498062812112122,560.2550533727004,0.25388680803007446,2.005238145287458,0.030110671290519298,0.00017500000000000003,0.0,0.00017500000000000003,172.06097880296738,0.005811893010007414
24,0.0001,10,0.19645684131172259,0.12295361457384828,3.494596698745454,557.894082171127,0.2509040001023095,2.006160355887155,0.029576028534724186,0.00017500000000000003,0.0,0.00017500000000000003,169.00587734128104,0.0059169539884145915
24,0.0001,11,0.17937049677664013,0.11450720868207288,3.523613620138429,561.2730375426621,0.2514459782105405,1.9993791450973837,0.033414969740545315,0.00017500000000000003,0.0,0.00017500000000000003,190.94268423168748,0.005237173678707755
24,0.0001,12,0.2055912353607858,0.12696399781208878,3.465987828694029,559.1564034756328,0.2541855485760607,2.01338864056491,0.03246762609440569,0.00017500000000000003,0.0,0.00017500000000000003,185.52929196803248,0.005389984456860345
24,0.0001,13,0.20037921880925294,0.12534018905450797,3.473631652049089,561.2730375426621,0.2543408314231783,2.018451220285389,0.032620715296554074,0.00017500000000000003,0.0,0.00017500000000000003,186.4040874088804,0.005364689229193155
24,0.0001,14,0.18312916731276166,0.1165352903296711,3.5308388046814096,573.7399596836719,0.24689122985000722,1.9721119814713806,0.028547740837724732,0.00017500000000000003,0.0,0.00017500000000000003,163.1299476441413,0.006130082271475028
24,0.0001,15,0.18183200304066896,0.11596038369406261,3.525144507082927,562.5507411630558,0.24879898835206404,2.006629926393807,0.029564283339083446,0.00017500000000000003,0.0,0.00017500000000000003,168.93876193761966,0.005919304655312013
24,0.0001,16,0.18501633614466986,0.11960139593997503,3.5035381532787775,562.2947344426715,0.25153334470815025,1.9979641277653895,0.03112343653475922,0.00017500000000000003,0.0,0.00017500000000000003,177.84820877005265,0.00562277240190224
24,0.0001,17,0.19106549954723814,0.12212537596228407,3.490278843651224,558.4403863567763,0.25507095066132024,2.016088081970662,0.031750565661472795,0.00017500000000000003,0.0,0.00017500000000000003,181.4318037798445,0.005511712826343466
24,0.0001,18,0.18163914558400243,0.11518724019302655,3.529351681834337,560.5515830934706,0.2542409946618136,2.0041986509698226,0.031329033416560424,0.00017500000000000003,0.0,0.00017500000000000003,179.02304809463098,0.005585872940066373
24,0.0001,19,0.18642520164358545,0.11501681173164499,3.536553530794394,563.1062243189773,0.24719088585698046,1.975829131604439,0.031068455070099553,0.00017500000000000003,0.0,0.00017500000000000003,177.53402897199743,0.005632722953399153
24,0.0001,20,0.18351946875943254,0.1177462405325323,3.497722591534275,558.4403863567763,0.255246986518614,2.016739579951554,0.03245549977548572,0.00017500000000000003,0.0,0.00017500000000000003,185.45999871706124,0.005391998311860258
24,0.0001,21,0.1981031054000306,0.12205189809997634,3.4928481954197554,566.0298301973382,0.2521030302741565,2.0065611079037646,0.03256695223225139,0.00017500000000000003,0.0,0.00017500000000000003,186.09686989857934,0.00537354551178098
24,0.0001,22,0.19100520992951273,0.11976397079924556,3.5066597351535016,566.9822249463683,0.2524591015535407,2.002797520062274,0.029261666558519674,0.00017500000000000003,0.0,0.00017500000000000003,167.20952319154097,0.005980520612181193
24,0.0001,23,0.17146566867791949,0.11191515941959991,3.5445523407329533,565.2098831436646,0.2541073260072153,1.996675596004422,0.029163337620337668,0.00017500000000000003,0.0,0.00017500000000000003,166.64764354478666,0.006000684910562503
24,0.0001,24,0.18434901990694835,0.1162028909839271,3.5239291439480724,564.4352833498589,0.2514626619813498,1.9966481159677953,0.02974205859083754,0.00017500000000000003,0.0,0.00017500000000000003,169.95462051907163,0.00588392358469468
24,0.0001,25,0.1820495546073808,0.11781764443826971,3.516165140111048,553.9755221199191,0.2521740887023043,2.0112187366738694,0.03157087766492065,0.00017500000000000003,0.0,0.00017500000000000003,180.40501522811797,0.0055430831495206665
24,0.0001,26,0.18215130926024886,0.11442452580814286,3.5356680204111006,564.9514466753187,0.2522978713095654,2.011862692701127,0.030407338781411587,0.00017500000000000003,0.0,0.00017500000000000003,173.7562216080662,0.0057551896026817005
24,0.0001,27,0.18287671232876712,0.11722020250018336,3.5236216251579626,563.1917808219179,0.2525796440022532,1.9844459108014894,0.030425948293327808,0.00017500000000000003,0.0,0.00017500000000000003,173.8625616761589,0.005751669539199745
24,0.0001,28,0.1869894099848714,0.1167617940797941,3.5099101247237656,559.7897125567322,0.2569405813992489,2.0131470656163284,0.03247250094625772,0.00017500000000000003,0.0,0.00017500000000000003,185.5571482643298,0.005389175299113136
24,0.0001,29,0.1720771850170261,0.11255492814342492,3.5350156108035917,560.0011350737798,0.25230586959514767,2.0032476691772114,0.032164608726237456,0.00017500000000000003,0.0,0.00017500000000000003,183.7977641499283,0.005440762593740127
24,0.0003,0,0.13656620590679056,0.08542483119729795,3.8718443107780516,558.9877634262407,0.25097519616247155,2.0015128348828726,0.029920072658146165,0.000525,0.0,0.000525,56.99061458694508,0.017546748833080165
24,0.0003,1,0.13436866981769074,0.08517879639955679,3.8644097911255106,555.2201215395004,0.2527106834750157,2.011913335799112,0.02963027961204824,0.000525,0.0,0.000525,56.43862783247285,0.01771836131396225
24,0.0003,2,0.12617844482992685,0.08127447526331112,3.891565539489304,558.1460894486763,0.2513447231904138,1.9816245651211368,0.02881800826759593,0.000525,0.0,0.000525,54.891444319230345,0.01821777532732302
24,0.0003,3,0.13126275221038314,0.08693560632104781,3.8451637930655216,559.2407617320335,0.25674466518103145,2.0257721581093375,0.03288632536211798,0.000525,0.0,0.000525,62.64061973736759,0.015964082159351
24,0.0003,4,0.12603495860165592,0.08131739933542652,3.892310141929778,567.329346826127,0.25310779330902733,2.0078338091859997,0.030391183077093955,0.000525,0.0,0.000525,57.88796776589325,0.01727474704318754
24,0.0003,5,0.14490685096153846,0.09000971058923835,3.8445183208308262,555.9278846153846,0.2542130097572226,2.0008579211600175,0.03062461655167403,0.000525,0.0,0.000525,58.332602955569584,0.017143071787173184
24,0.0003,6,0.14152011472563966,0.08847331779233845,3.844195137146793,558.5666088006642,0.251962822774658,1.9971941648183682,0.03078047165719939,0.000525,0.0,0.000525,58.62946982323693,0.017056268852761562
24,0.0003,7,0.12541432205349573,0.08319264456323959,3.8727869315282604,570.4288136899714,0.24862868190393783,1.9787158725337644,0.029902853233140892,0.000525,0.0,0.000525,56.957815682173134,0.01755685305033535
24,0.0003,8,0.12073711576693684,0.08025824908827975,3.8873015409024783,565.8570117755008,0.2515459220157936,2.0249557443463138,0.029383850421783715,0.000525,0.0,0.000525,55.96923889863565,0.017866957272924016
24,0.0003,9,0.13081351310407513,0.08518616072893237,3.8511331246948743,560.5515830934706,0.2501550083979964,1.9922373119555583,0.031640286476862275,0.000525,0.0,0.000525,60.267212336880526,0.016592770118687733
24,0.0003,10,0.14952287925463972,0.09428649261981377,3.823227701918792,556.0529716733038,0.25102943822275847,2.0010771969533065,0.03198164815913847,0.000525,0.0,0.000525,60.917425065025654,0.01641566430184074
24,0.0003,11,0.14059212503757137,0.08512681229773669,3.8676466972640364,556.0946798917944,0.25053673348156735,1.995926657916924,0.029908594544576762,0.000525,0.0,0.000525,56.96875151347955,0.017553482802995724
24,0.0003,12,0.15447336923997607,0.08883230238496795,3.8611550815056885,553.6032315978456,0.25536761549301445,2.01260891273144,0.031534431217639276,0.000525,0.0,0.000525,60.06558327169386,0.016648468982257497
24,0.0003,13,0.13474480151228732,0.0858529081221091,3.8664533133603416,559.578449905482,0.25374688720330596,2.012790871578599,0.029716992558013116,0.000525,0.0,0.000525,56.603795348596414,0.017666659873979574
24,0.0003,14,0.1330611627731156,0.08489222464335668,3.8585295661557786,559.4939895667952,0.25593473843764514,2.021929597927236,0.03238736990328974,0.000525,0.0,0.000525,61.69022838721856,0.016210022659069737
24,0.0003,15,0.13132911392405064,0.083986283787683,3.870538111188168,557.6003616636528,0.2553867842943873,2.020569549451908,0.03237062650052398,0.000525,0.0,0.000525,61.658336191474255,0.01621840714116243
24,0.0003,16,0.14022727272727273,0.08931004900203837,3.832049270513079,560.6363636363636,0.25309341700631194,2.0138019460132677,0.032156882041055004,0.000525,0.0,0.000525,61.25120388772382,0.01632620971553546
24,0.0003,17,0.13627992633517497,0.08642782764416805,3.8699324563667705,567.8508287292817,0.24967055284650996,1.990702064211293,0.027955139962311876,0.000525,0.0,0.000525,53.247885642498815,0.01878008840978032
24,0.0003,18,0.12835205134082053,0.08361423154354039,3.8712894202565953,565.3823057529223,0.2538346515793819,1.9995278116123214,0.030970466924967736,0.000525,0.0,0.000525,58.99136557136712,0.016951633350311423
24,0.0003,19,0.13765243902439026,0.0867264397706036,3.8646021038006717,564.0487804878048,0.25292259818525054,1.9988092559069182,0.03047246622399654,0.000525,0.0,0.000525,58.042792807612464,0.01722866787810471
24,0.0003,20,0.13846153846153847,0.08544705740756356,3.8715930793711535,563.6199543031227,0.249644860974513,1.9952605117226672,0.02922120815120093,0.000525,0.0,0.000525,55.65944409752558,0.01796640293869655
24,0.0003,21,0.13417491873913373,0.08247468262290296,3.882480842505672,559.4095547660443,0.2540122745267581,2.0118793901372065,0.028889633386664275,0.000525,0.0,0.000525,55.02787311745576,0.018172608595384422
24,0.0003,22,0.13848131901376493,0.08307394496425484,3.891445224145741,559.7051883224929,0.2487688412948046,2.0117775119475594,0.029894215284144227,0.000525,0.0,0.000525,56.94136244598901,0.017561926112121696
24,0.0003,23,0.15160018201122402,0.0898012806683385,3.849569938492494,561.2305475504322,0.2492375096771866,1.9869431414383703,0.03042205366699344,0.000525,0.0,0.000525,57.94676888951132,0.017257217600980087
24,0.0003,24,0.1312396941987708,0.08307736680855037,3.875611280761338,554.6801079298456,0.2516119845677167,1.9809972917000476,0.03062110327208296,0.000525,0.0,0.000525,58.32591099444374,0.017145038679211754
24,0.0003,25,0.13597903406963685,0.08368053904339692,3.8778539508858745,554.1411456383377,0.25310485548106954,2.017826821651717,0.03005876099158529,0.000525,0.0,0.000525,57.25478284111484,0.017465789762491194
24,0.0003,26,0.1493565480696442,0.09117873456224544,3.8461462387510728,560.2127176381529,0.2516377492574975,1.9870419423881807,0.029563343679196726,0.000525,0.0,0.000525,56.31113081751758,0.01775847839462877
24,0.0003,27,0.13498475609756097,0.08381216347512072,3.8636533699399123,564.0487804878048,0.25063280249014497,1.993151730091182,0.030751700830450385,0.000525,0.0,0.000525,58.574668248476925,0.017072226440241124
24,0.0003,28,0.14447055256575456,0.08562536142681346,3.8634537271079075,560.9332979610399,0.25360482739051804,2.002522055289905,0.03067356665695103,0.000525,0.0,0.000525,58.4258412513353,0.0171157141871217
24,0.0003,29,0.12576803459000227,0.08446093930373469,3.847182942843923,561.3580368656603,0.2542664565553423,2.013450898785292,0.03187176466227216,0.000525,0.0,0.000525,60.70812316623268,0.01647226018273983
24,0.0007,0,0.12267884322678843,0.07550893111741075,3.985282891870732,563.1917808219179,0.2538053984171711,2.0128156747765615,0.029887397279876927,0.001225,0.0,0.001225,24.397875330511777,0.04098717558202326
24,0.0007,1,0.11036789297658862,0.07457349311565993,3.9782737980037606,562.508057160231,0.25287506854510866,2.004352539867313,0.03149360935221386,0.001225,0.0,0.001225,25.70906885895009,0.03889678017848049
24,0.0007,2,0.11093394077448747,0.07316445609062534,3.9933621605941454,561.9111617312072,0.2524648834951222,2.0015979276527416,0.029574430550286884,0.001225,0.0,0.001225,24.14239228594848,0.041420915879244784
24,0.0007,3,0.11528049330726425,0.07577439859407198,3.96546273473229,556.512107083772,0.254215614288114,2.005293805215363,0.031523859239549375,0.001225,0.0,0.001225,25.733762644530103,0.03885945533163442
24,0.0007,4,0.14274935868417082,0.08107322673453864,3.9569730490530945,558.3562698053418,0.25081873856834136,2.005464075737775,0.030457102203178113,0.001225,0.0,0.001225,24.86294057402295,0.040220503967451464
24,0.0007,5,0.10384761904761905,0.0733996178329473,3.979399547924738,563.8342857142857,0.2547325541381724,2.003799935988726,0.03019387235801566,0.001225,0.0,0.001225,24.648059067767885,0.04057114587605374
24,0.0007,6,0.12179682733374009,0.07975191260822738,3.9569182319965717,564.392312385601,0.25311015074839815,2.0056459375846343,0.03123827907242351,0.001225,0.0,0.001225,25.500635977488578,0.03921470824816992
24,0.0007,7,0.10784610724023024,0.07378287962401354,3.993409136762342,560.4668282338686,0.2563468850858044,2.027806480663098,0.03131169197319671,0.001225,0.0,0.001225,25.56056487607895,0.039122766059675684
24,0.0007,8,0.12415004966001987,0.07552366814132183,3.9914709127106134,565.3823057529223,0.25695678137708455,2.033148129787751,0.030640220552168695,0.001225,0.0,0.001225,25.012424940545873,0.039980129970484016
24,0.0007,9,0.12096652022420845,0.07832946667181219,3.9684065673657987,560.5515830934706,0.2547602246631868,2.022217026989544,0.02971474779655013,0.001225,0.0,0.001225,24.256936976775616,0.041225320449875126
24,0.0007,10,0.12149387881605454,0.0743475887038158,3.9805303349364,573.3849372384938,0.2536901908752043,2.021331401277047,0.031388533909201065,0.001225,0.0,0.001225,25.62329298710291,0.039026990032207595
24,0.0007,11,0.13627798296525212,0.08326387893121691,3.9447965915573415,557.8101303987337,0.25453452646615915,1.99747401068797,0.03236152416595258,0.001225,0.0,0.001225,26.417570747716393,0.03785359409272871
24,0.0007,12,0.13322129707432587,0.08278475179478699,3.916128239624646,565.2960812772134,0.2558664222306106,2.0070363982518318,0.03379384202150358,0.001225,0.0,0.001225,27.58680981347231,0.036249207746799315
24,0.0007,13,0.14102950030102349,0.08090722791945118,3.960792758043544,556.9301625526791,0.25482649405603297,2.008421745095754,0.030455633699140054,0.001225,0.0,0.001225,24.86174179521637,0.040222443312174096
24,0.0007,14,0.12799207196218937,0.07942219184475606,3.9706266126957415,564.1346241805153,0.2535911849117838,1.9949596694605296,0.030483601725778346,0.001225,0.0,0.001225,24.88457283737008,0.040185540114968867
24,0.0007,15,0.1247016706443914,0.07629288147138726,3.9790750686614227,551.9546539379475,0.2533721621730365,2.0191142784800324,0.0312290316546455,0.001225,0.0,0.001225,25.493087065016734,0.039226320353028754
24,0.0007,16,0.11347411136995567,0.07530444948678085,3.956196377227567,556.1363943788983,0.2523644989123568,2.0074038952016533,0.032093195983802815,0.001225,0.0,0.001225,26.198527333716584,0.0381700844197084
24,0.0007,17,0.11550980243736281,0.07448279081964279,3.9867730366329526,560.1703883127697,0.2552020301227458,2.0404119496222224,0.030937714346422566,0.001225,0.0,0.001225,25.25527701748781,0.0395956852624328
24,0.0007,18,0.12586518206439964,0.0757970518451165,3.9664426309369456,556.7628648811315,0.250582842330914,1.9926512807256014,0.032977966002626855,0.001225,0.0,0.001225,26.920788573572942,0.03714601439950611
24,0.0007,19,0.1170739133744386,0.07507120030735438,3.9736098513819145,563.3201644211007,0.2512827395112254,2.000193170453519,0.029727833933742214,0.001225,0.0,0.001225,24.267619537748747,0.04120717314050852
24,0.0007,20,0.11707243763149985,0.07548957924599124,3.9787882636742995,556.0946798917944,0.2580685198190622,2.0176400423324363,0.030124617825508567,0.001225,0.0,0.001225,24.5915247555172,0.04066441629552256
24,0.0007,21,0.1301868387484055,0.07673412192932763,3.969324064167679,555.3032940646807,0.25368477604934014,2.020951002515213,0.029374798078724226,0.001225,0.0,0.001225,23.979427003040186,0.04170241431845794
24,0.0007,22,0.11667805359447354,0.07484583296589793,3.9840424418288105,561.7834206331132,0.2533707837865222,2.0173957651300416,0.029371432450515534,0.001225,0.0,0.001225,23.976679551441254,0.0417071929353074
24,0.0007,23,0.12326207205860368,0.07414409817708204,3.999752012894272,553.1901629541037,0.25582247486454435,2.030426787650743,0.031046053588346684,0.001225,0.0,0.001225,25.343717214976888,0.03945751096879543
24,0.0007,24,0.11856958860519737,0.07537055948859278,3.975561595411894,560.6787635426926,0.2522851543908473,1.994588091557214,0.03041925315583437,0.001225,0.0,0.001225,24.832043392517853,0.04027054818619196
24,0.0007,25,0.12415674979155612,0.07617161331834972,3.972901752853218,560.9332979610399,0.2584577753441408,2.0165971033704917,0.03342617886192814,0.001225,0.0,0.001225,27.286676621982156,0.036647922128941114
24,0.0007,26,0.11984253160723748,0.07541257014802008,3.9717036161126975,560.2550533727004,0.25085104792378843,1.9982740895147466,0.029968885458903496,0.001225,0.0,0.001225,24.464396292982446,0.04087572765026078
24,0.0007,27,0.1270068591241426,0.07640294505887738,3.9778595433822823,557.8101303987337,0.25124129332834855,2.0014514777011074,0.030479583716715032,0.001225,0.0,0.001225,24.881292829971457,0.040190837623816
24,0.0007,28,0.12035210198816208,0.07626636639692311,3.956441244642952,561.57064804978,0.2509384767326992,2.0022245741098463,0.031221486828407703,0.001225,0.0,0.001225,25.48692802318996,0.0392357995867577
24,0.0007,29,0.12543819539704312,0.07975737235699279,3.9476864774341975,563.9629629629629,0.25581069389590994,2.0292637302241805,0.03135916859791859,0.001225,0.0,0.001225,25.599321304423338,0.03906353563472047
24,0.001,0,0.1200574582293793,0.07499998401716962,3.9943355711308555,559.4939895667952,0.25494031072594225,2.0129633185456637,0.03219081073806845,0.00175,0.0,0.00175,18.39474899318197,0.054363340340803284
24,0.001,1,0.10347466707485076,0.07588394488309463,3.97904729516201,566.3757844787999,0.257652356318431,2.024228997302103,0.0341562872803314,0.00175,0.0,0.00175,19.517878445903655,0.051235076741134054
24,0.001,2,0.1153699901133166,0.07400364259658136,4.004023638642251,562.8069815195072,0.2522645554563496,2.01634697017312,0.03166230044790378,0.00175,0.0,0.00175,18.092743113087874,0.05527077866244743
24,0.001,3,0.1163157894736842,0.07341157019860582,4.003898289385685,556.4285714285714,0.254342895175796,2.0162706142160824,0.03007699989576644,0.00175,0.0,0.00175,17.18685708329511,0.05818399461597649
24,0.001,4,0.1284764207980653,0.07375933276050739,4.032036510267615,559.2829504232164,0.25601159973302856,2.0062512119186886,0.029636747001992942,0.00175,0.0,0.00175,16.935284001138825,0.05904831592624927
24,0.001,5,0.11678999160881837,0.07515954430330643,3.998514210460558,564.5212449462201,0.25609049369813874,2.0071483714087064,0.03154557182963927,0.00175,0.0,0.00175,18.026041045508155,0.055475298068800666
24,0.001,6,0.11836485661989017,0.07583895473784993,4.009437889546659,564.392312385601,0.2533997075224761,2.0102603509749164,0.02955759365770117,0.00175,0.0,0.00175,16.890053518686383,0.05920644353753206
24,0.001,7,0.10807082087836284,0.07179232411608004,3.997536688234551,567.1991262359163,0.2537918441812508,2.0169425643911856,0.03107723677292875,0.00175,0.0,0.00175,17.758421013102144,0.056311312771681735
24,0.001,8,0.11230839277583853,0.07406820957867306,4.000727029764357,561.57064804978,0.25245446342159994,1.9949940632729757,0.03104896299979009,0.00175,0.0,0.00175,17.742264571308624,0.056362590918473864
24,0.001,9,0.13093239737524798,0.07881283780040214,3.9744636939359905,564.6502365328857,0.2546803570294287,2.0039184098260936,0.03318833979669813,0.00175,0.0,0.00175,18.964765598113217,0.05272936250261321
24,0.001,10,0.10754378087112708,0.07389409742503107,3.981478697644361,553.8513695554558,0.2572782960778568,2.0264120123175915,0.032282253812092286,0.00175,0.0,0.00175,18.447002178338447,0.054209350133554955
24,0.001,11,0.12323140118667275,0.08011644271676026,3.9618297295548457,562.9351894112277,0.2567689561692532,2.020244594060798,0.03297330884962615,0.00175,0.0,0.00175,18.841890771214942,0.05307322986542922
24,0.001,12,0.10413673145277169,0.07013098894977884,4.0050121029421355,559.6629357936928,0.255938463145867,2.01195229294126,0.03160735149275506,0.00175,0.0,0.00175,18.061343710145746,0.055366866167231056
24,0.001,13,0.16614965574638724,0.08313410727599005,3.9752149162048083,559.9165468714534,0.2508010078163352,2.0064370895606434,0.028646058777878215,0.00175,0.0,0.00175,16.369176444501836,0.06109042830532169
24,0.001,14,0.10707009733645212,0.07227280631261782,4.011116371812679,558.398324907568,0.255370916594984,2.0189487375470274,0.029095396315586202,0.00175,0.0,0.00175,16.625940751763544,0.06014697242884907
24,0.001,15,0.08639191290824261,0.06606964047320889,4.058044198212672,575.4323483670296,0.25454280406120233,2.0116811692745284,0.02877772699420252,0.00175,0.0,0.00175,16.444415425258583,0.06081091812263527
24,0.001,16,0.12334801762114538,0.07600019491642157,3.975404060177511,562.0815737505696,0.25855520911864005,2.02596131109049,0.03250238376783995,0.00175,0.0,0.00175,18.57279072447997,0.05384220469796951
24,0.001,17,0.11667689475299171,0.07271755665948028,4.0201770911772545,567.6768947529918,0.2531900871254038,1.9905794930897227,0.029332183186871624,0.00175,0.0,0.00175,16.761247535355214,0.0596614302062336
24,0.001,18,0.12950191570881225,0.0749895127070945,3.9845760149205165,567.0689655172414,0.25575791811570525,2.025379047254153,0.03072440671205313,0.00175,0.0,0.00175,17.556803835458933,0.05695797534516681
24,0.001,19,0.10934423746781766,0.07378839744059819,4.004524414070304,560.3820990458883,0.2524581618781667,2.016169417398089,0.030003747273859214,0.00175,0.0,0.00175,17.144998442205264,0.05832604787751591
24,0.001,20,0.10959214501510574,0.07167050568929587,4.030048004669775,558.9456193353475,0.2525887582451105,1.9877579508693097,0.02913361147284502,0.00175,0.0,0.00175,16.647777984482868,0.06006807640828009
24,0.001,21,0.09870982517749446,0.07065056660711606,4.022104386503256,564.9514466753187,0.24912130474695005,1.9969068504920673,0.029850224109732603,0.00175,0.0,0.00175,17.057270919847202,0.0586260255054305
24,0.001,22,0.12004538577912253,0.07598577205891754,4.001300213617008,559.7897125567322,0.2540710890898481,2.0087147073558684,0.03155632985122472,0.00175,0.0,0.00175,18.032188486414125,0.0554563857156564
24,0.001,23,0.10918976062825644,0.07211605334647729,4.007622022068308,558.8192252510761,0.2552472436800599,2.02117102634142,0.030142152565336127,0.00175,0.0,0.00175,17.224087180192072,0.05805822912636051
24,0.001,24,0.1362321047822114,0.0780285664241508,3.998801888773122,563.5342674383186,0.2534943663631566,2.018541548906099,0.030515035501032153,0.00175,0.0,0.00175,17.437163143446945,0.05734877811106618
24,0.001,25,0.10807701158241927,0.07231999923387385,4.008479836039655,567.6334279358748,0.25324953338713385,1.9953570072826488,0.03230412731064348,0.00175,0.0,0.00175,18.4595013203677,0.054172644355057836
24,0.001,26,0.11099252934898612,0.07363861683979969,4.007476073114841,564.1346241805153,0.2554409414588008,2.013557088081213,0.03162656427393291,0.00175,0.0,0.00175,18.072322442247376,0.05533323142034674
24,0.001,27,0.11731759006963367,0.07632960611364151,3.992831405197369,560.1280653950954,0.25833483927999623,2.0230167355095086,0.033945603283790135,0.00175,0.0,0.00175,19.39748759073722,0.051553068165256864
24,0.001,28,0.15048091839900712,0.08397446701994737,3.953339475180977,574.0065156686317,0.25584353000158444,2.01620083020005,0.0340222311622457,0.00175,0.0,0.00175,19.441274949854687,0.05143695578501525
24,0.001,29,0.15609204073934366,0.08597635183000893,3.950697621572188,558.3142210486609,0.257772514334647,2.019079104908106,0.031907886850786445,0.00175,0.0,0.00175,18.2330782004494,0.054845374379810026
24,0.0018,0,0.13184340782960852,0.077098701002747,3.99592729177753,555.0122993850307,0.25777771743014455,2.0251623111978843,0.03372987443647239,0.00315,0.0,0.00315,10.707896646499172,0.09338902242084479
24,0.0018,1,0.10560361037984205,0.073270275395931,4.00413436848669,556.6374576908612,0.2550251030479558,2.0225481992179244,0.03408134481662095,0.00315,0.0,0.00315,10.819474544959032,0.09242593028382474
24,0.0018,2,0.11008619386057765,0.07082072296848121,4.035635120326936,559.5362165431725,0.2579722741211299,2.0224043899819137,0.03132778915138701,0.00315,0.0,0.00315,9.945329889329209,0.10054970635744771
24,0.0018,3,0.12055982353388606,0.07505841696332144,4.013722899645538,562.8924469460713,0.2567812883935403,2.0038287296358988,0.03239609300933767,0.00315,0.0,0.00315,10.284473971218308,0.09723394728778133
24,0.0018,4,0.11608286252354048,0.07087845583491478,4.042287461211538,557.4745762711865,0.2591298795887269,2.0203045278495395,0.03168860246195187,0.00315,0.0,0.00315,10.059873797445038,0.09940482556093055
24,0.0018,5,0.09631336405529954,0.06469815232728707,4.083276831228895,568.3732718894009,0.25833681915537454,2.0438839183826563,0.03013231243423781,0.00315,0.0,0.00315,9.565813471186607,0.10453893994610303
24,0.0018,6,0.10749961579837099,0.07346700510591973,4.002314861650539,568.6348547717843,0.2625288561685011,2.0351156312263172,0.033027489277361474,0.00315,0.0,0.00315,10.484917230908405,0.09537509719696288
24,0.0018,7,0.12494289629968022,0.07166547494099128,4.045202360007542,563.4486066697121,0.25902149427565746,2.021046357599996,0.029291995638320807,0.00315,0.0,0.00315,9.299046234387557,0.10753791031837587
24,0.0018,8,0.10852654057352044,0.069131336064995,4.0414333084583465,564.392312385601,0.26160223069018684,2.0233102428384067,0.030663093591402568,0.00315,0.0,0.00315,9.734315425842086,0.10272936064361127
24,0.0018,9,0.1003080622135397,0.06927108951586146,4.04470885488086,556.0529716733038,0.2574952929862775,2.014857120702342,0.03117744877538683,0.00315,0.0,0.00315,9.897602785837089,0.1010345658072825
24,0.0018,10,0.11613933678125951,0.07286471317770898,4.022804684569345,562.849710982659,0.2580170856672339,2.0336925501792686,0.03183199278884516,0.00315,0.0,0.00315,10.10539453614132,0.09895704679550726
24,0.0018,11,0.10901532065593963,0.07183955800336224,4.037424671215952,569.7273847101394,0.2593288006319199,2.0370186120595806,0.03175339021324582,0.00315,0.0,0.00315,10.080441337538357,0.09920200579672239
24,0.0018,12,0.08758399511301161,0.06507478366686639,4.060475393360566,565.0806353084912,0.2611187470902223,2.052984365190255,0.03139551838924474,0.00315,0.0,0.00315,9.96683123468087,0.10033279148144614
24,0.0018,13,0.11600364409353174,0.07104520661698586,4.044868505857449,561.8259945338597,0.26072569558164105,2.0391019824638636,0.03292974716859019,0.00315,0.0,0.00315,10.453887990028633,0.09565818965669452
24,0.0018,14,0.10870556061987238,0.07281267538145189,4.011612675116496,562.1668185961714,0.25522749457741156,2.001847570379635,0.03352938690491567,0.00315,0.0,0.00315,10.64424981108434,0.09394743807672144
24,0.0018,15,0.09667194928684628,0.06784401306765915,4.050248130757515,558.4824541544034,0.25366200029384345,1.991106522425577,0.030764272667967486,0.00315,0.0,0.00315,9.766435767608726,0.1023914991911984
24,0.0018,16,0.10316547865409673,0.06798036916306507,4.0553087342297385,567.1991262359163,0.2582892614300363,2.015994043657666,0.029029912733924836,0.00315,0.0,0.00315,9.215845312357091,0.10850876572973153
24,0.0018,17,0.1613706694844894,0.08446600613292081,3.9993560753754074,558.5666088006642,0.25566846755100414,2.020044653534139,0.031004923711103482,0.00315,0.0,0.00315,9.842832924159836,0.10159676667328557
24,0.0018,18,0.10813462118925445,0.07134205761983865,4.0359618732478095,558.4403863567763,0.2577113896550145,2.020446809515536,0.02974919263818167,0.00315,0.0,0.00315,9.444188139105293,0.1058852264769406
24,0.0018,19,0.09207950609847915,0.06777274735227783,4.048051269926534,557.1812979972896,0.2552775802614633,2.013057857013848,0.03031902831163711,0.00315,0.0,0.00315,9.62508835290067,0.10389515018827172
24,0.0018,20,0.10452724661779154,0.07171296242192726,4.015094022963768,559.3251454916484,0.2537265077698976,2.002253949690704,0.030962115591847632,0.00315,0.0,0.00315,9.829243045030994,0.1017372340289757
24,0.0018,21,0.09904571340618747,0.06833895886240454,4.043830293262747,569.5085424041865,0.2564426509779878,2.0290762674118255,0.030471516853958044,0.00315,0.0,0.00315,9.673497413954934,0.10337522792505278
24,0.0018,22,0.10220825026836375,0.07043046985516277,4.0371961834844665,567.4161938353013,0.25694842453231104,2.017877104237277,0.03162681072890097,0.00315,0.0,0.00315,10.040257374254278,0.09959904041546279
24,0.0018,23,0.10375576210987682,0.06829974944912408,4.063225094950222,559.2407617320335,0.2626001854368951,2.0272241186370943,0.03147333240946018,0.00315,0.0,0.00315,9.991534098241328,0.10008473074980712
24,0.0018,24,0.12779673871824043,0.07459758385161624,4.025757694900576,561.2730375426621,0.25932412093970925,2.022584279640525,0.03185000239567542,0.00315,0.0,0.00315,10.11111187164299,0.09890109146201213
24,0.0018,25,0.11049765542278021,0.07166005650773256,4.040256789823062,559.7051883224929,0.25753428050666116,2.012376151870525,0.030210940010241792,0.00315,0.0,0.00315,9.590774606425965,0.10426686488179847
24,0.0018,26,0.10369805566145635,0.07058337545505836,4.033141623882782,564.2634388105223,0.25516372022684664,2.0126725053981973,0.031545495333297514,0.00315,0.0,0.00315,10.014442962951591,0.0998557786688184
24,0.0018,27,0.11821911563592159,0.07198991670719702,4.042664449184018,562.2520893481234,0.25288972616544925,2.004492470831531,0.029005901279493537,0.00315,0.0,0.00315,9.208222628410647,0.1085985906677195
24,0.0018,28,0.14209604992769617,0.07692123655712374,4.028728946649092,563.2345688408554,0.2574103790684603,2.02807537422584,0.03116124471517351,0.00315,0.0,0.00315,9.892458639737622,0.1010871044719903
24,0.0018,29,0.11702127659574468,0.07250995864734246,4.033596213783389,562.3373860182371,0.2576999328448437,2.024396198942739,0.031765235055415834,0.00315,0.0,0.00315,10.084201604893916,0.09916501466161633
24,0.0037,0,0.12577131103831798,0.06999947177321257,4.079203955408333,563.7485335567914,0.26337686224724166,2.0271746084553657,0.03137735973283565,0.006475000000000001,0.0,0.006475000000000001,4.84592428306342,0.2063589816074955
24,0.0037,1,0.11688609920391917,0.07184101140572549,4.042656149599529,566.4623392529088,0.2671642048517242,2.058341525156722,0.033638576690458895,0.006475000000000001,0.0,0.006475000000000001,5.19514697922145,0.19248733558446135
24,0.0037,2,0.09288567916410571,0.06668892414956246,4.083719515425929,568.5476336816226,0.2618750023539178,2.0442658769711146,0.02975657401612836,0.006475000000000001,0.0,0.006475000000000001,4.59560988666075,0.21759897481781626
24,0.0037,3,0.11068530207394049,0.07007018160127775,4.062603240620755,556.0946798917944,0.26364205387653783,2.0412665290515304,0.03063803132499906,0.006475000000000001,0.0,0.006475000000000001,4.731742289575144,0.21133864416140646
24,0.0037,4,0.0967814371257485,0.0689133682494757,4.046794758353258,553.934131736527,0.26039654755732045,2.059357171215357,0.03098741126715075,0.006475000000000001,0.0,0.006475000000000001,4.785700581799343,0.20895582222655829
24,0.0037,5,0.09768578629802184,0.06904946254539358,4.044534028555107,565.2098831436646,0.2625844560097903,2.0401325785218267,0.032091559796552045,0.006475000000000001,0.0,0.006475000000000001,4.956225451204949,0.20176644703619803
24,0.0037,6,0.1472739612397255,0.08625705689658064,4.020857336027443,558.0620616846392,0.26114540081471205,2.028483881351133,0.030739713607439326,0.006475000000000001,0.0,0.006475000000000001,4.747446116979046,0.21063956817193588
24,0.0037,7,0.13198160850229892,0.07929071941164038,4.010525088450957,557.8101303987337,0.26827914925524965,2.067368864443468,0.03459883367532053,0.006475000000000001,0.0,0.006475000000000001,5.343449216265719,0.18714503675939345
24,0.0037,8,0.11001741500719316,0.07106628151935465,4.05436846055627,560.3397440751116,0.2611620784155093,2.0367857791314594,0.03132083821729858,0.006475000000000001,0.0,0.006475000000000001,4.837195091474683,0.20673137657037038
24,0.0037,9,0.116520412056467,0.07033070222602628,4.062926114688016,564.6932468523464,0.26551368899527006,2.019718924752932,0.031139783912492114,0.006475000000000001,0.0,0.006475000000000001,4.809233036678318,0.20793336325633505
24,0.0037,10,0.11049132727133797,0.07189653482383351,4.048213362494909,565.4685565828685,0.2651516627520323,2.0557726012806743,0.03319642915497132,0.006475000000000001,0.0,0.006475000000000001,5.126861645555415,0.19505109931470865
24,0.0037,11,0.10885275519421861,0.07322937167837641,4.047149272647218,557.0975609756098,0.26066638380871154,2.0291385653623273,0.030448042577617043,0.006475000000000001,0.0,0.006475000000000001,4.7024003980875735,0.21265734844839915
24,0.0037,12,0.08587278668591838,0.06473338462740548,4.084746130497594,562.3800440762976,0.25986413707141764,2.0338190715071836,0.02898450941039743,0.006475000000000001,0.0,0.006475000000000001,4.476372109713888,0.22339519045567371
24,0.0037,13,0.10938084899303736,0.07099191439243367,4.072463722159625,554.0583214793741,0.261045478109736,2.0546400557062925,0.03007383724450092,0.006475000000000001,0.0,0.006475000000000001,4.64460806864879,0.2153034196254411
24,0.0037,14,0.10174179561934664,0.06864261330932173,4.058279470236074,553.2314420273603,0.2622077598934993,2.0463575604182282,0.031826939481162275,0.006475000000000001,0.0,0.006475000000000001,4.91535744882815,0.20344400390217926
24,0.0037,15,0.10142857142857142,0.07145684339525686,4.0609896161262915,556.4285714285714,0.26380788136157207,2.0359138445837117,0.030194027768280028,0.006475000000000001,0.0,0.006475000000000001,4.663170311703479,0.21444638157226026
24,0.0037,16,0.10104555638536221,0.06976457974447502,4.0666294522837925,552.6952949962658,0.2627690317458473,2.0470331122405114,0.03152663292506974,0.006475000000000001,0.0,0.006475000000000001,4.868978057925828,0.20538190727152247
24,0.0037,17,0.10844748858447488,0.0719216076868698,4.038692312028266,563.1917808219179,0.26410605723503977,2.074097959777628,0.0323831258054733,0.006475000000000001,0.0,0.006475000000000001,5.001254950652246,0.19994981456995778
24,0.0037,18,0.11832090412854616,0.0619735811499821,4.099560067876892,568.9403398170216,0.2619266176770907,2.045237236991592,0.031063300067178046,0.006475000000000001,0.0,0.006475000000000001,4.797420859795837,0.20844533536350132
24,0.0037,19,0.11237160815575656,0.07043488081401356,4.060042139461194,567.2425264448873,0.2665739274525549,2.0700137376373138,0.03125932592700202,0.006475000000000001,0.0,0.006475000000000001,4.827695123861315,0.20713818382138724
24,0.0037,20,0.10924434215573456,0.0697368974412929,4.065697361282864,567.7203682393556,0.26888155643246137,2.053495452429676,0.0317684211138168,0.006475000000000001,0.0,0.006475000000000001,4.906319863137729,0.20381875374926572
24,0.0037,21,0.09002654531664771,0.06694811311248328,4.071103296518706,561.2730375426621,0.26363603450590745,2.0445477300672614,0.03081569672250559,0.006475000000000001,0.0,0.006475000000000001,4.7591809610047235,0.21012018836722007
24,0.0037,22,0.10725144420796595,0.06880357730189682,4.068468580921181,562.508057160231,0.264606820885092,2.0408591827707694,0.031156275292457097,0.006475000000000001,0.0,0.006475000000000001,4.811779967947041,0.20782330170152244
24,0.0037,23,0.09503157574374192,0.06740337030174609,4.082726512841074,563.0634558320019,0.2645243529113941,2.0260065498589634,0.03064103784620693,0.006475000000000001,0.0,0.006475000000000001,4.732206617174815,0.21131790745794024
24,0.0037,24,0.09992343032159265,0.06840944578725827,4.064413061064758,566.635528330781,0.2615043026744388,2.040562421588594,0.032395788035776724,0.006475000000000001,0.0,0.006475000000000001,5.003210507455864,0.19987166210771745
24,0.0037,25,0.10908536120222748,0.0702713705811353,4.059181973191848,564.5212449462201,0.26233522527036257,2.0352896131066505,0.03107052938654739,0.006475000000000001,0.0,0.006475000000000001,4.798537356995736,0.20839683545280957
24,0.0037,26,0.1271186440677966,0.07107195985188998,4.032102287560511,559.9588377723971,0.2627235005493276,2.048354768560013,0.032721897569751954,0.006475000000000001,0.0,0.006475000000000001,5.053574914247405,0.19787972217068106
24,0.0037,27,0.08521960725528406,0.06525419531398409,4.083863387626541,554.6801079298456,0.2610867666080594,2.044057863903972,0.03056890286745164,0.006475000000000001,0.0,0.006475000000000001,4.72106607991531,0.2118165649606706
24,0.0037,28,0.0940403353727623,0.06749073952024882,4.073430679252407,558.9877634262407,0.2647420596331358,2.042258220898973,0.030552793480961165,0.006475000000000001,0.0,0.006475000000000001,4.718578143777785,0.21192824819880604
24,0.0037,29,0.10343242414955563,0.06981582351526536,4.053525341003709,566.9822249463683,0.2580734539660625,2.021915476819084,0.02878179298617074,0.006475000000000001,0.0,0.006475000000000001,4.445064553848763,0.22496861134089702
24,0.008,0,0.1583570933189489,0.06523886523707863,4.11499789902937,570.2532942898976,0.27705220549250953,2.116212283536895,0.03082530614154512,0.014,0.0,0.014,2.201807581538937,0.4541722938845807
24,0.008,1,0.07807358659886329,0.062464691604393136,4.111806888278417,553.4379300029914,0.28003427395015024,2.1419332117028542,0.028782924706459174,0.014,0.0,0.014,2.0559231933185123,0.4863994935461948
24,0.008,2,0.0964752354907323,0.06571506061046518,4.099980003079743,562.1668185961714,0.2757462776207831,2.1058386526194277,0.029676650743278278,0.014,0.0,0.014,2.11976076737702,0.47175134826058435
24,0.008,3,0.09991667297931975,0.0675111276882971,4.086546894298788,560.5939701537762,0.2802471337490715,2.138697035127844,0.032292684231656696,0.014,0.0,0.014,2.3066203022611926,0.4335347256848882
24,0.008,4,0.11103537074907217,0.06862134307687888,4.083383234745233,560.5092024539878,0.27627612848300487,2.097510879344968,0.031295228420124416,0.014,0.0,0.014,2.2353734585803156,0.4473525424405368
24,0.008,5,0.12482011664015755,0.08051737560524411,4.049109356636645,560.5092024539878,0.2785232954774983,2.1045996910886897,0.0303370781476857,0.014,0.0,0.014,2.1669341534061215,0.4614814891482226
24,0.008,6,0.10333433463502553,0.06651829618910096,4.0921174594186605,555.7611895464104,0.27720881102140993,2.1052337073341043,0.0299471844627974,0.014,0.0,0.014,2.1390846044855283,0.4674896906382579
24,0.008,7,0.09833573979785698,0.07061191267342183,4.076202073159682,562.3800440762976,0.27889918637811206,2.0865915881442003,0.030248048317786727,0.014,0.0,0.014,2.160574879841909,0.4628397790467557
24,0.008,8,0.09032992036405006,0.06668235842208735,4.08104051718337,561.2730375426621,0.2803258267522324,2.131093328195904,0.032724467041528045,0.014,0.0,0.014,2.3374619315377174,0.4278144540057353
24,0.008,9,0.0883338409990862,0.06607758745485397,4.0868996808565985,563.5342674383186,0.2741633673431352,2.0848608802968966,0.030530961872780035,0.014,0.0,0.014,2.1807829909128595,0.458550898538239
24,0.008,10,0.08931539972797341,0.06599049984683525,4.099887992494581,559.1985794166541,0.28245144966058433,2.117134255020747,0.02961394906270684,0.014,0.0,0.014,2.1152820759076314,0.47275018844515904
24,0.008,11,0.09476140298058107,0.0636812519743358,4.12047004164684,557.0138491645341,0.27938976293080486,2.100972064285658,0.029838615324520926,0.014,0.0,0.014,2.131329666037209,0.46919067281567217
24,0.008,12,0.09096399184721068,0.06522798856711721,4.102701461273766,558.6507888578546,0.2758939137274865,2.1054332723509965,0.030389573963450156,0.014,0.0,0.014,2.170683854532154,0.4606843128777633
24,0.008,13,0.07992761272809532,0.06281073088562403,4.107245036939726,558.0200573065903,0.2771861796209123,2.094936998197653,0.029563313131512187,0.014,0.0,0.014,2.111665223679442,0.4735599131843275
24,0.008,14,0.09862299962783774,0.06849875951655826,4.068296055640522,550.847413472274,0.2763054610986728,2.077316754616338,0.03368212146210747,0.014,0.0,0.014,2.405865818721962,0.41565077828455843
24,0.008,15,0.1125662376987131,0.06831836701931358,4.096935506412775,560.2127176381529,0.27786293378449045,2.0948512202276213,0.030839537942177447,0.014,0.0,0.014,2.2028241387269607,0.4539627028864467
24,0.008,16,0.09013914095583787,0.06562439796955317,4.0872556655204,559.6206896551724,0.276492770324694,2.0899534337658148,0.03244945282017635,0.014,0.0,0.014,2.3178180585840247,0.43144024885668064
24,0.008,17,0.09403546480386889,0.06718582405543681,4.074359206626665,568.0683964074615,0.27851295605069026,2.0871700876703345,0.032578096510249066,0.014,0.0,0.014,2.327006893589219,0.4297365868382028
24,0.008,18,0.05025822862869036,0.060146000127482314,4.111787124718678,570.4288136899714,0.27951578673673794,2.09208079359919,0.03152152064979624,0.014,0.0,0.014,2.25153718927116,0.44414100942463564
24,0.008,19,0.12305473316632506,0.07022769760272356,4.094243422905241,561.7834206331132,0.2810329694766551,2.125878239816277,0.031233604241661623,0.014,0.0,0.014,2.2309717315472586,0.44823517297839727
24,0.008,20,0.08308111380145279,0.06338356962085293,4.108700049208272,559.9588377723971,0.27529742385377176,2.0837261793721007,0.031103884770513644,0.014,0.0,0.014,2.2217060550366887,0.4501045481390139
24,0.008,21,0.07480857580398162,0.06278493221210274,4.10704707572579,566.635528330781,0.27977952381479554,2.112204659035893,0.029863891160998697,0.014,0.0,0.014,2.1331350829284785,0.4687935649284565
24,0.008,22,0.1454195535026944,0.061825271191115354,4.159573747815033,569.6836027713625,0.27386218568426557,2.0982943651433734,0.029112222513473982,0.014,0.0,0.014,2.0794444652481414,0.4808976708501178
24,0.008,23,0.14127717597151732,0.07322990962524563,4.086060251385484,560.5939701537762,0.2774726389616262,2.107023888039241,0.030617793952895878,0.014,0.0,0.014,2.1869852823497054,0.45725044794338815
24,0.008,24,0.11648051059949852,0.06803551593901513,4.107837229944531,562.2947344426715,0.27762558055110276,2.0982487384335,0.031398015613006564,0.014,0.0,0.014,2.24271540092904,0.4458880514155974
24,0.008,25,0.10469921934792592,0.06767101497070639,4.096593464144308,566.3757844787999,0.27957204182166606,2.124191261191263,0.03222166323510601,0.014,0.0,0.014,2.3015473739361436,0.43449029610447853
24,0.008,26,0.09649456315109117,0.06335514247084804,4.123565140992463,562.7215420880541,0.27629255651845597,2.1030762689125018,0.029865232323863577,0.014,0.0,0.014,2.1332308802759696,0.4687725127392835
24,0.008,27,0.08972701695688541,0.06716030640891724,4.081381269720355,562.7215420880541,0.2762532234482933,2.106112509221485,0.0311449313596372,0.014,0.0,0.014,2.2246379542598,0.4495113454686735
24,0.008,28,0.08669034842415539,0.06551124772312074,4.088517251591003,559.3251454916484,0.2807638446101919,2.113634521611037,0.03183622229695096,0.014,0.0,0.014,2.27401587835364,0.43975066731899337
24,0.008,29,0.1024225697638761,0.06754969565022755,4.086370320510288,567.329346826127,0.27596401335904375,2.1030714040514695,0.031276640324240206,0.014,0.0,0.014,2.234045737445729,0.4476184096138241
24,0.019,0,0.07207890743550835,0.06071335389134954,4.13770494170439,561.4855842185129,0.31534750311402604,2.2400627778550604,0.031220723528228297,0.03325,0.0,0.03325,0.9389691286685201,1.0649977400407435
24,0.019,1,0.09587793213391027,0.06332903984388744,4.1512300058385945,561.7834206331132,0.3094789963506628,2.223377077047058,0.02855462136954274,0.03325,0.0,0.03325,0.8587856050990297,1.1644349812834676
24,0.019,2,0.0914792718372342,0.0633543437174572,4.127313567103235,566.0298301973382,0.31036521334317513,2.204424448050715,0.032210469370876,0.03325,0.0,0.03325,0.9687359209286015,1.0322730667831845
24,0.019,3,0.07780355761794278,0.062288182392772645,4.1428751970372435,572.322505800464,0.31848957628244534,2.2599626845540355,0.03115652445224378,0.03325,0.0,0.03325,0.9370383293907902,1.067192204026642
24,0.019,4,0.08193229364777482,0.061611705098347444,4.144260394583017,562.977938379612,0.313690537790535,2.2424557769624593,0.03228861027159463,0.03325,0.0,0.03325,0.9710860232058535,1.0297748871914483
24,0.019,5,0.07978842285629144,0.06139603718989656,4.14534902825206,551.3389704238992,0.31352233720826916,2.2554443941953117,0.030233860269541928,0.03325,0.0,0.03325,0.9092890306629151,1.0997603251311108
24,0.019,6,0.08634294385432474,0.06149785046178358,4.1563127902054475,561.4855842185129,0.3098555805918295,2.2176392165515395,0.029784128510161507,0.03325,0.0,0.03325,0.8957632634635039,1.1163663891879878
24,0.019,7,0.08650183013371181,0.0628557114411099,4.135442002295375,552.8189288115336,0.31268148159142584,2.2529564183531257,0.03198363143265023,0.03325,0.0,0.03325,0.9619137272977512,1.0395942709012402
24,0.019,8,0.10588145548859562,0.06520283182695322,4.134339985535116,564.5212449462201,0.3103019895206671,2.2397169266154204,0.03199552492740348,0.03325,0.0,0.03325,0.9622714263880745,1.0392078290774374
24,0.019,9,0.07661812914538385,0.060974734864763874,4.162546537614117,564.1775558435618,0.31471221381798387,2.24761833458302,0.029542825959557015,0.03325,0.0,0.03325,0.8885060438964515,1.1254847469743743
24,0.019,10,0.11211545765286746,0.06503817938608021,4.143963510870635,562.1241929358147,0.3192989712115377,2.2411187344302625,0.033299146011330064,0.03325,0.0,0.03325,1.0014780755287236,0.9985241059541485
24,0.019,11,0.08466165413533834,0.060307111171413505,4.1678825428509985,556.4285714285714,0.3112210537365172,2.2324993615540785,0.028105557408614264,0.03325,0.0,0.03325,0.8452799220635868,1.183040048506883
24,0.019,12,0.05598838985640085,0.057108929341452265,4.1579793763994255,565.2529789184234,0.31563484374783,2.2694864250758693,0.03119435034763117,0.03325,0.0,0.03325,0.9381759503046968,1.0658981395496487
24,0.019,13,0.11302768951429869,0.06792237891077339,4.143294450901307,559.8742623694961,0.3037446310627274,2.210598738294476,0.029602887250795153,0.03325,0.0,0.03325,0.890312398520155,1.1232012512261582
24,0.019,14,0.09415142813964032,0.062382806683205866,4.152838626209287,559.1985794166541,0.31206665220088325,2.249862862104698,0.030575167070769058,0.03325,0.0,0.03325,0.9195538968652348,1.0874838369007043
24,0.019,15,0.08536117294849159,0.06297310094597168,4.142683325852826,568.0683964074615,0.31489764963043854,2.25083636883201,0.03184491673333443,0.03325,0.0,0.03325,0.9577418566416369,1.0441226861552686
24,0.019,16,0.0812428078250863,0.06002298362576171,4.1542529512266215,567.7203682393556,0.31315890670521185,2.253265346991783,0.030422180800984636,0.03325,0.0,0.03325,0.9149528060446507,1.0929525472718196
24,0.019,17,0.10732398568019093,0.06373991880552803,4.13899847023887,551.9546539379475,0.31397656883927993,2.2498624548120074,0.03225731268044065,0.03325,0.0,0.03325,0.9701447422688917,1.0307740241536385
24,0.019,18,0.07301829268292682,0.06126788732934368,4.141640764254038,564.0487804878048,0.3113949303806294,2.2361713772509177,0.030543522499088274,0.03325,0.0,0.03325,0.9186021804237074,1.0886105229346914
24,0.019,19,0.08172429277054333,0.059047805255405,4.1763948216629005,553.8513695554558,0.31351586247910745,2.258673346294414,0.02846099249288396,0.03325,0.0,0.03325,0.855969699034104,1.1682656537123022
24,0.019,20,0.10130718954248366,0.06430827572432253,4.142852317987681,562.4227086183311,0.31649450020631775,2.26602241455649,0.03226424451143622,0.03325,0.0,0.03325,0.9703532183890591,1.0305525668891573
24,0.019,21,0.09842972041363462,0.06531738790604566,4.136016799200782,566.852163921869,0.31268409595941193,2.2122487919506497,0.032717010878405714,0.03325,0.0,0.03325,0.9839702519821267,1.0162908868287255
24,0.019,22,0.08550413729696599,0.06169568426043287,4.146507759529394,566.9822249463683,0.30973055894719437,2.2393149388341085,0.0309083586560053,0.03325,0.0,0.03325,0.9295746964212119,1.0757607794725048
24,0.019,23,0.08155161881490532,0.06033272237366176,4.160099790358365,565.0806353084912,0.30815255545894615,2.2167084144107405,0.029202828590525365,0.03325,0.0,0.03325,0.8782805591135447,1.1385883356103288
24,0.019,24,0.08969309652968716,0.06361528666184524,4.1417524692451,549.9485026380322,0.30881366546964273,2.2173798398669073,0.030988087175620377,0.03325,0.0,0.03325,0.9319725466351992,1.0729929799009719
24,0.019,25,0.0969477973398939,0.06612557967315622,4.117198236211604,568.9403398170216,0.3173378064238932,2.2626207618350627,0.033488324901215165,0.03325,0.0,0.03325,1.0071676662019597,0.9928833436154785
24,0.019,26,0.10191617680738987,0.06280165564486609,4.151323025708735,564.9514466753187,0.3124086476454977,2.243528383285245,0.030134175966828037,0.03325,0.0,0.03325,0.9062910065211439,1.1033983486590737
24,0.019,27,0.0891156462585034,0.062009216816541146,4.147268208069252,559.3673469387755,0.3137927249772474,2.2512220673332743,0.031225668041055157,0.03325,0.0,0.03325,0.9391178358212077,1.0648291000942967
24,0.019,28,0.07935290960668558,0.06270701901161149,4.140924554534165,567.3727670014567,0.3107435018464457,2.239846225775784,0.030316483562703604,0.03325,0.0,0.03325,0.9117739417354467,1.0967630837273394
24,0.019,29,0.035352760736196316,0.0561286438449915,4.175126715246413,567.5030674846626,0.3131229958089534,2.24859050387445,0.02886590284361584,0.03325,0.0,0.03325,0.8681474539433335,1.1518780541920162
24,0.06,0,0.05698892092882076,0.05343890657106081,4.261575856509129,561.57064804978,0.4439523542241659,2.7749270161275517,0.030130516145345475,0.105,0.0,0.105,0.2869572966223379,3.484839074561299
24,0.06,1,0.07922318125770654,0.054891518752136645,4.258698972689568,570.2971639950678,0.44682905057561584,2.805971458143096,0.03109061849528907,0.105,0.0,0.105,0.29610112852656256,3.377224548167476
24,0.06,2,0.06870873637340703,0.053837697027434614,4.266890515703214,568.1119299861815,0.44153585654566996,2.744356412114475,0.029512985569196126,0.105,0.0,0.105,0.28107605303996314,3.5577559496248545
24,0.06,3,0.07208787855671676,0.053966859438456236,4.257651492314606,564.5212449462201,0.44526784887420945,2.739457914903677,0.0301295538883426,0.105,0.0,0.105,0.28694813226992955,3.4849503709587104
24,0.06,4,0.057153787299158376,0.05413584014134149,4.253826997197,566.2027543993879,0.4485238044289872,2.8015001918455633,0.030700021570252332,0.105,0.0,0.105,0.292381157811927,3.4201930366636213
24,0.06,5,0.08485359497163882,0.054515822153821114,4.260470255433522,567.2425264448873,0.44681694978498854,2.784555299754963,0.0305236338237078,0.105,0.0,0.105,0.2907012745115029,3.4399573984682705
24,0.06,6,0.07129784962635352,0.053844315749551605,4.260611895382163,564.3063901174318,0.44993066281313077,2.794706445454178,0.031025542034421198,0.105,0.0,0.105,0.29548135270877335,3.3843083187235874
24,0.06,7,0.07873179611650485,0.05495085983977703,4.255085762636681,561.3155339805825,0.44369522426859476,2.782098189218351,0.032379433450790654,0.105,0.0,0.105,0.3083755566741967,3.2427991724925027
24,0.06,8,0.05959313317704001,0.05335069249548521,4.262416490790905,559.6629357936928,0.44436848972691223,2.760882288486163,0.029952459450913377,0.105,0.0,0.105,0.2852615185801274,3.5055552006363904
24,0.06,9,0.055547192533493904,0.053577995162180064,4.260153100251395,557.0138491645341,0.44691635787603445,2.7571348048626034,0.03026685129827775,0.105,0.0,0.105,0.2882557266502643,3.4691418332628055
24,0.06,10,0.06257058956403885,0.05371199719182172,4.253838037379237,557.2231759656653,0.45090195920784026,2.8142307981116987,0.03223631562978031,0.105,0.0,0.105,0.30701252980743154,3.2571960519892564
24,0.06,11,0.07340006066120716,0.054008330669547557,4.263722720130736,561.1455868971792,0.44918325569597073,2.775797859958254,0.03002540524721294,0.105,0.0,0.105,0.28595624044964707,3.497038562360335
24,0.06,12,0.08615477629987908,0.0546502307342618,4.259273620092735,559.2829504232164,0.4478552263462916,2.8143084571955117,0.031698276888739135,0.105,0.0,0.105,0.30188835132132513,3.3124828951601915
24,0.06,13,0.0719099402665033,0.05370761223677205,4.263176213520967,566.7221626589064,0.4455958265752997,2.75481872786513,0.030235180817857296,0.105,0.0,0.105,0.28795410302721236,3.4727756593400496
24,0.06,14,0.1257052584066802,0.05575475562883754,4.2691598358277245,556.7210561949898,0.4464732566848397,2.7918213557121394,0.030091262708220164,0.105,0.0,0.105,0.28658345436400157,3.489384975902546
24,0.06,15,0.0660699385572328,0.0534637692789849,4.264402138022513,561.3580368656603,0.44780824234476313,2.806364482158366,0.02946715297042505,0.105,0.0,0.105,0.2806395520992862,3.563289609463938
24,0.06,16,0.08850295768239042,0.054925724839797505,4.261845663900234,561.2305475504322,0.4483705444727093,2.8252306764303774,0.030071584144703678,0.105,0.0,0.105,0.2863960394733684,3.491668396807522
24,0.06,17,0.05946110983894359,0.05464599902773995,4.254163314450538,564.865353789787,0.4468713989772368,2.782166472074702,0.031656034238912764,0.105,0.0,0.105,0.3014860403705978,3.316903159996274
24,0.06,18,0.07910953628100446,0.05498656217278472,4.254999565942219,570.0340471421969,0.44826020501204766,2.777059247085224,0.03189660920796443,0.105,0.0,0.105,0.3037772305520422,3.2918859592693632
24,0.06,19,0.06557377049180328,0.05386395980008227,4.260679309991393,551.461997019374,0.44653368537547067,2.779416154527766,0.03060674695806539,0.105,0.0,0.105,0.29149282817205135,3.4306161364963597
24,0.06,20,0.06989650517474126,0.05393311939858126,4.2593589587644765,555.0122993850307,0.44348805033951066,2.7791392904429677,0.031383520737639135,0.105,0.0,0.105,0.2988906736918013,3.3457049283215237
24,0.06,21,0.06826401446654612,0.05391243764350809,4.265481934338985,557.6003616636528,0.44758577647735365,2.7858322206727557,0.028878072832566198,0.105,0.0,0.105,0.27502926507205905,3.6359767013811966
24,0.06,22,0.07560994032781933,0.05379514591102524,4.253711910057103,558.9877634262407,0.44495599705260247,2.757870987239885,0.03254690731415773,0.105,0.0,0.105,0.3099705458491212,3.226112975543012
24,0.06,23,0.07207409067144671,0.05450399565930842,4.256659058676461,552.7365001120322,0.4463673826539889,2.7563112666059766,0.03137005837188553,0.105,0.0,0.105,0.2987624606846241,3.3471407274811797
24,0.06,24,0.07362103023856557,0.05529379138190452,4.250190742559796,562.2520893481234,0.4438065332651604,2.7554923371044366,0.03281794321500488,0.105,0.0,0.105,0.3125518401429036,3.199469244982798
24,0.06,25,0.05821504077318031,0.053638517389947564,4.255555915980862,558.7771066143159,0.4437799529696349,2.7630687017569198,0.03141309177755485,0.105,0.0,0.105,0.2991723026433795,3.34255541426916
24,0.06,26,0.06898652250057108,0.05397323068185226,4.254979150195162,563.4914337927358,0.4461520082259085,2.804705077282187,0.032142534449156004,0.105,0.0,0.105,0.3061193757062477,3.2666994622372436
24,0.06,27,0.0739471479704516,0.05372664884428281,4.267276496461396,563.5771076079507,0.4453817684261594,2.798394152202635,0.02878067416715904,0.105,0.0,0.105,0.274101658734848,3.6482814610303
24,0.06,28,0.05628688152519292,0.05303027767050895,4.2608979763994865,559.8742623694961,0.4444103557325434,2.7921506247864425,0.030141755333595217,0.105,0.0,0.105,0.2870643365104307,3.483539655799997
24,0.06,29,0.07736455463728191,0.05428641842041482,4.267239279620785,566.2892561983471,0.4488711307931226,2.780459103280802,0.03097126448323289,0.105,0.0,0.105,0.29496442364983705,3.390239363873713
24,0.25,0,0.053747161241483724,0.050397695795280695,4.31685978451682,560.2127176381529,1.0625340383849107,5.197725457837873,0.0316472472629171,0.4375,0.0,0.4375,0.07233656517238195,13.82426712710157
24,0.25,1,0.05357278169280897,0.05030712186387284,4.316730435778301,560.7635826324165,1.0626790559326764,5.335306537180924,0.03069325988976497,0.4375,0.0,0.4375,0.07015602260517707,14.253943750884849
24,0.25,2,0.048180112570356474,0.05033739329967833,4.3168319720308075,555.3864915572233,1.0655741449154448,5.305390050131801,0.03132036030077651,0.4375,0.0,0.4375,0.07158939497320346,13.968549397216009
24,0.25,3,0.06040828716703347,0.05046413362530784,4.316071567402638,561.6131896486302,1.0650021108158398,5.170893615323875,0.032678985370156996,0.4375,0.0,0.4375,0.07469482370321599,13.38780855783645
24,0.25,4,0.041221603731006466,0.050273321305170475,4.316825995663163,556.6792537987062,1.0650051934935618,5.212676140216802,0.030740035830666017,0.4375,0.0,0.4375,0.07026293904152232,14.232254067952434
24,0.25,5,0.057974353067649545,0.050295049270373426,4.317063705844681,568.2425708362128,1.0622785168525297,5.172486402978304,0.029509018638914017,0.4375,0.0,0.4375,0.0674491854603749,14.825975928018892
24,0.25,6,0.05220426435996661,0.05045512959440122,4.316388289139615,561.5281129068974,1.065151597984368,5.289039652088674,0.03202777567837614,0.4375,0.0,0.4375,0.0732063444077169,13.660018241459781
24,0.25,7,0.04543710184971986,0.05026493669314028,4.317556615581117,567.9813492977205,1.060808205860667,5.16491317306502,0.03038023670443735,0.4375,0.0,0.4375,0.06944054103871394,14.400809455711007
24,0.25,8,0.057075899606894465,0.05038238131295099,4.316712480353533,559.4517689749017,1.0623468291014433,5.2793413235249655,0.031326759585706736,0.4375,0.0,0.4375,0.07160402191018682,13.965695966831353
24,0.25,9,0.04837721984078383,0.050439836385676444,4.316292445870285,566.4623392529088,1.063624409289332,5.229081793027209,0.032959705007199525,0.4375,0.0,0.4375,0.07533646858788463,13.27378384923151
24,0.25,10,0.06921424186617557,0.050428207794235846,4.317390774595348,567.8508287292817,1.0607359327259474,5.2220609933817865,0.030100400659145377,0.4375,0.0,0.4375,0.06880091579233229,14.534690250612156
24,0.25,11,0.0318955042527339,0.05018590230419643,4.317348988251061,561.9963547995139,1.0668850390939042,5.198024660057764,0.029327840996950075,0.4375,0.0,0.4375,0.06703506513588589,14.917565873515798
24,0.25,12,0.05664554546148561,0.05031813560561787,4.317920548108211,564.9514466753187,1.0637624389783014,5.283980425351013,0.029599693840868965,0.4375,0.0,0.4375,0.06765644306484335,14.780558283881096
24,0.25,13,0.038560411311053984,0.050303296990292325,4.316745349947708,559.5362165431725,1.0596731133118737,5.223346907109809,0.03035049570402079,0.4375,0.0,0.4375,0.06937256160919038,14.41492106970894
24,0.25,14,0.05300083886219782,0.050350082338273636,4.316740640883273,564.3493479752917,1.066379320458509,5.2941230372603165,0.03132590971414906,0.4375,0.0,0.4375,0.07160207934662642,13.966074855996702
24,0.25,15,0.04145476961010942,0.05029427249956124,4.317317722308776,570.2094313453537,1.062072211614577,5.256550809119171,0.02964931963275434,0.4375,0.0,0.4375,0.06776987344629563,14.755819203240094
24,0.25,16,0.05341492898156543,0.050345755353998246,4.317462547310186,559.114233907525,1.0667657694721129,5.223725560599847,0.030930714589300187,0.4375,0.0,0.4375,0.07069877620411472,14.144516407368865
24,0.25,17,0.056537640963121,0.05042971056688935,4.3166574134021065,563.8771715940262,1.0662019160226919,5.218480522447437,0.0320967883376596,0.4375,0.0,0.4375,0.07336408762893623,13.630647259703403
24,0.25,18,0.07187999695423741,0.05048619794912093,4.315746662378211,563.4914337927358,1.0657991543703247,5.181927186028784,0.032470905072711186,0.4375,0.0,0.4375,0.07421921159476842,13.473600413056506
24,0.25,19,0.03914014947222436,0.0503109847476968,4.316267960021796,570.1655751598737,1.065637755964417,5.246015759375459,0.03064434368010406,0.4375,0.0,0.4375,0.07004421412595215,14.27669669049066
24,0.25,20,0.06256587863273604,0.050399316684151096,4.3168556840097825,557.1812979972896,1.0639169097703416,5.279610106743456,0.031018878061815944,0.4375,0.0,0.4375,0.07090029271272216,14.104314125357098
24,0.25,21,0.04692218350754936,0.05039792981527603,4.315455539436203,572.98606271777,1.0690956248145085,5.205237501666875,0.034234085479065195,0.4375,0.0,0.4375,0.0782493382378633,12.779660793554415
24,0.25,22,0.07112654787073391,0.050583198826944,4.316140382296778,558.7771066143159,1.0676328770059627,5.253132526671052,0.031421743545859554,0.4375,0.0,0.4375,0.07182112810482184,13.923479432688879
24,0.25,23,0.05749471139317014,0.050345879235940943,4.317323412045849,559.114233907525,1.065915278129978,5.250861336512568,0.031115481179367622,0.4375,0.0,0.4375,0.07112109983855457,14.060524967555445
24,0.25,24,0.050547278808148376,0.050406713841572214,4.316847460182898,562.508057160231,1.0621616291173268,5.207898645894666,0.0316664066562809,0.4375,0.0,0.4375,0.0723803580714992,13.815902914049886
24,0.25,25,0.06457747014528029,0.050385790647843855,4.317384337592055,562.8924469460713,1.0629131332680117,5.186827569287075,0.02908994292205538,0.4375,0.0,0.4375,0.06649129810755515,15.039561994750315
24,0.25,26,0.07053279623014365,0.0504486149268293,4.317561612068878,562.4653796458159,1.0620475278992672,5.1391531828252734,0.029272226674564784,0.4375,0.0,0.4375,0.06690794668471951,14.94590776656401
24,0.25,27,0.06448427768494608,0.05038350892101951,4.316331960269578,562.0815737505696,1.0668028724030592,5.255665362029399,0.03242115161382899,0.4375,0.0,0.4375,0.0741054894030377,13.494276983467415
24,0.25,28,0.05746595891991692,0.050423125663120884,4.314895802967793,569.2898684514194,1.062663321121363,5.060603721553754,0.03392242631881755,0.4375,0.0,0.4375,0.07753697444301154,12.897072747337909
24,0.25,29,0.06871401151631477,0.05043143744920206,4.316844426048711,568.1554702495201,1.0663631361094303,5.277671504023168,0.032562627720476675,0.4375,0.0,0.4375,0.07442886336108955,13.43564787693355
24,1.0,0,0.01729106628242075,0.04997107844985988,4.322668844433853,561.2305475504322,3.500149631727254,14.78738832300124,0.030656343200083543,1.75,0.0,1.75,0.01751791040004774,57.08443399717782
24,1.0,1,0.04281960117483382,0.04994495325890744,4.323597716470461,571.9692379038491,3.504642422660254,15.11941870065776,0.0307217263300182,1.75,0.0,1.75,0.01755527218858183,56.96294476427501
24,1.0,2,0.04243346007604563,0.04994072838489283,4.323803828060968,562.7642585551331,3.5034307739988435,14.983850953747496,0.03261278525274017,1.75,0.0,1.75,0.018635877287280094,53.65993693693987
24,1.0,3,0.050536570515259914,0.04996653355710682,4.323963582291885,563.2345688408554,3.500323497049976,14.81743146453011,0.034072576396370395,1.75,0.0,1.75,0.019470043655068797,51.36095315018268
24,1.0,4,0.04922398052343274,0.04994682330933062,4.3237467179556806,563.0206938527084,3.5054803813400213,15.100392545726141,0.0313066186063209,1.75,0.0,1.75,0.017889496346469084,55.89872295076511
24,1.0,5,0.06097929575336255,0.04995800887364304,4.323954845388228,559.1985794166541,3.5000549066171516,15.087182485281486,0.034321562380427204,1.75,0.0,1.75,0.019612321360244118,50.9883548016446
24,1.0,6,0.06806949228695522,0.04995410139027717,4.323936837111686,554.1825670211173,3.4987309308489785,14.974395812250533,0.029724119017880166,1.75,0.0,1.75,0.016985210867360094,58.87474743817671
24,1.0,7,0.08275654529040025,0.049975013175074266,4.323988037051957,556.7628648811315,3.4971010463195853,14.825898518990641,0.02952571381351545,1.75,0.0,1.75,0.016871836464865973,59.2703706014699
24,1.0,8,0.04195485292999924,0.04995856644426602,4.323892575643709,562.4653796458159,3.504402211838169,15.151125599628168,0.032162279415417674,1.75,0.0,1.75,0.01837844538023867,54.41156633820861
24,1.0,9,0.038300782734250326,0.04993518936579915,4.3239159584436,562.3800440762976,3.499706114962464,14.795411558117737,0.028677721623854572,1.75,0.0,1.75,0.01638726949934547,61.02297884586211
24,1.0,10,0.06073752711496746,0.04995872123951918,4.323970778218194,553.5618969257237,3.5061787839222234,14.901133988220444,0.032420410887229356,1.75,0.0,1.75,0.018525949078416776,53.97834117794412
24,1.0,11,0.03552840009051822,0.049955326850994256,4.323479378265528,558.2301425661915,3.505826947686728,14.950082686311953,0.03144317474167614,1.75,0.0,1.75,0.017967528423814938,55.655957592617845
24,1.0,12,0.052429667519181586,0.04998338310784644,4.323369340027959,556.6792537987062,3.5026750945544336,14.83323851330264,0.030526455167865216,1.75,0.0,1.75,0.01744368866735155,57.32732445928413
24,1.0,13,0.04286481098075301,0.049968239531836524,4.323378437834641,567.4596273291926,3.5024300951336045,15.052218272725515,0.030231150954062477,1.75,0.0,1.75,0.017274943402321417,57.88730977061375
24,1.0,14,0.042606899716973914,0.049959406567380606,4.323574419345297,566.0730513271628,3.5055284884292632,15.016382923692845,0.031190733504435564,1.75,0.0,1.75,0.017823276288248893,56.1064073645827
24,1.0,15,0.05408920511055007,0.049941650355833596,4.324171002865182,566.1595134266697,3.5000520885223523,14.79338588216265,0.028515444012805827,1.75,0.0,1.75,0.016294539435889044,61.37025252751117
24,1.0,16,0.046898638426626324,0.04996192167482469,4.323714859301158,559.7897125567322,3.4979897977318615,14.788593089322134,0.02850923068998636,1.75,0.0,1.75,0.01629098896570649,61.38362760573099
24,1.0,17,0.06698889811947738,0.049964691829975365,4.323606759747658,558.9034816101503,3.500489967118483,14.793728691488582,0.030849930356705933,1.75,0.0,1.75,0.01762853163240339,56.72622206161959
24,1.0,18,0.05455095710070364,0.049948911634099036,4.324066543305087,559.9165468714534,3.500536438834388,14.967852105326715,0.029571620360552994,1.75,0.0,1.75,0.016898068777458853,59.17836015284469
24,1.0,19,0.08092529389457717,0.049973481597976085,4.32368244373554,561.2730375426621,3.502098943834426,14.893917652765477,0.03368199323941606,1.75,0.0,1.75,0.01924685327966632,51.95654507620048
24,1.0,20,0.04565935716431361,0.049942426206879074,4.3234781945541085,555.7611895464104,3.5013351660163607,15.039004185857607,0.03176715805946142,1.75,0.0,1.75,0.018152661748263667,55.08833987366352
24,1.0,21,0.05837544309525605,0.04996569473514917,4.3239602933677785,558.1460894486763,3.5011024198611267,14.831170147149361,0.031262100568039214,1.75,0.0,1.75,0.01786405746745098,55.97832417534704
24,1.0,22,0.06368993653671805,0.04995975857684861,4.3239134098308725,559.114233907525,3.5005391207523644,14.91537343984357,0.032987773853156085,1.75,0.0,1.75,0.018850156487517762,53.049957471821635
24,1.0,23,0.03671394978381248,0.049947728378820125,4.323545443827068,561.3580368656603,3.496281200699741,14.898993290491724,0.031000574258988958,1.75,0.0,1.75,0.017714613862279405,56.45056718562458
24,1.0,24,0.06167565947242206,0.049946719634344904,4.323690571515,554.5971223021583,3.505499249906279,14.906266332609437,0.030063067068576973,1.75,0.0,1.75,0.01717889546775827,58.21096017941445
24,1.0,25,0.07085653268248036,0.05001795121839102,4.32350817933121,564.4352833498589,3.504087928478839,14.809342289372806,0.03179112609356813,1.75,0.0,1.75,0.018166357767753216,55.04680755407573
24,1.0,26,0.06421173762945914,0.049953603159911854,4.324010075614441,567.7203682393556,3.5000643055536784,14.975594339148099,0.028703407340114197,1.75,0.0,1.75,0.016401947051493827,60.96837142934953
24,1.0,27,0.05077767612076853,0.04996472735085098,4.324022067688292,564.220494053065,3.5011586574837565,14.88071150972682,0.03152085840788789,1.75,0.0,1.75,0.01801191909022165,55.51879258345559
24,1.0,28,0.05175418655755096,0.049933499671608386,4.324115174651776,560.7635826324165,3.5007452211284544,14.665879836496707,0.028152299096459454,1.75,0.0,1.75,0.016087028055119686,62.16188574879439
24,1.0,29,0.05048440811383591,0.04996721492997322,4.323647204069145,560.1280653950954,3.5022524775995407,14.793278084035718,0.032403254360488555,1.75,0.0,1.75,0.018516145348850602,54.0069210496922
40,0.0001,0,0.1284740831483041,0.0832488321778948,3.8577790505710783,566.5922211163005,0.25239821217837743,1.996327695508207,0.031142338746114353,0.00017500000000000003,0.0,0.00017500000000000003,177.95622140636772,0.0056193595935961895
40,0.0001,1,0.13862346969244552,0.08620229585360992,3.852421395761896,552.4481934905942,0.25115448847645894,1.975503808278385,0.029982922098894763,0.00017500000000000003,0.0,0.00017500000000000003,171.33098342225577,0.0058366559277573185
40,0.0001,2,0.13591645224761617,0.08751237577419683,3.8482777017345366,560.0434387770547,0.2524248037079815,1.9914238590715532,0.03062510963101424,0.00017500000000000003,0.0,0.00017500000000000003,175.00062646293847,0.005714265258426257
40,0.0001,3,0.14299743163619882,0.08898149429041925,3.8330499828073563,559.0299138842726,0.25245939564774744,2.0005795223586653,0.03242380234773404,0.00017500000000000003,0.0,0.00017500000000000003,185.27887055848018,0.005397269515869413
40,0.0001,4,0.1370039382005453,0.08589478066724562,3.8585697994869745,560.4668282338686,0.2515434261003975,2.0085911806795167,0.030086223094249246,0.00017500000000000003,0.0,0.00017500000000000003,171.92127482428137,0.005816615779647328
40,0.0001,5,0.12987795690824167,0.08516180860707774,3.8511824089989357,557.51649841796,0.2515820110857021,2.0086233853668665,0.030750296288823444,0.00017500000000000003,0.0,0.00017500000000000003,175.7159787932768,0.005691002075437102
40,0.0001,6,0.2168287267437409,0.14110911355640549,3.6105753834444445,566.5922211163005,0.2503813859366346,1.997935970638338,0.03251794385683861,0.00017500000000000003,0.0,0.00017500000000000003,185.81682203907772,0.0053816440784338546
40,0.0001,7,0.1298868898504517,0.08415892442416827,3.8680521842338935,561.7834206331132,0.2509272588067688,1.9867662168788238,0.03090299002712947,0.00017500000000000003,0.0,0.00017500000000000003,176.5885144407398,0.005662882453975134
40,0.0001,8,0.132986346835634,0.08326147837462626,3.867618133610349,558.2301425661915,0.25229759761714377,1.995380155633705,0.030011822595035865,0.00017500000000000003,0.0,0.00017500000000000003,171.49612911449063,0.005831035400993809
40,0.0001,9,0.14177707912268883,0.0874025871482149,3.8495271429976516,553.9755221199191,0.24988593513262458,1.9997595147015241,0.030944811261295828,0.00017500000000000003,0.0,0.00017500000000000003,176.8274929216904,0.0056552291924585425
40,0.0001,10,0.1372757677105503,0.08569432635623607,3.8607966338367308,562.508057160231,0.252150298532797,2.0018556592392,0.03084581877926334,0.00017500000000000003,0.0,0.00017500000000000003,176.26182159579048,0.005673378335401716
40,0.0001,11,0.128992628992629,0.0819972230973525,3.8864163153873443,568.1990171990172,0.24967084737727419,1.9800295330954505,0.028718415394217153,0.00017500000000000003,0.0,0.00017500000000000003,164.105230824098,0.006093650976134243
40,0.0001,12,0.14228228684230507,0.08674917159516493,3.8373726879718184,561.8685748994002,0.2531029995006975,2.016819204782143,0.03086200174169058,0.00017500000000000003,0.0,0.00017500000000000003,176.3542956668033,0.0056704034127377295
40,0.0001,13,0.1817153202081919,0.09752701028770953,3.811563219848352,558.2301425661915,0.25419306301046163,2.0211995958143927,0.031243688839046456,0.00017500000000000003,0.0,0.00017500000000000003,178.53536479455116,0.005601131188494481
40,0.0001,14,0.14592828927377696,0.08926116055935183,3.8280633819438865,562.1668185961714,0.25598060921765864,2.00926343936904,0.03390190034136836,0.00017500000000000003,0.0,0.00017500000000000003,193.7251448078192,0.005161952522952187
40,0.0001,15,0.15245300320953692,0.1005888420907537,3.7604788049712843,565.5116918844567,0.2548235453432426,2.019925563535952,0.03432215908210746,0.00017500000000000003,0.0,0.00017500000000000003,196.1266233263283,0.005098746835283727
40,0.0001,16,0.13621745788667688,0.08534488750210878,3.8656782265532597,566.635528330781,0.2523742839694023,2.0068847206459486,0.029749743852484925,0.00017500000000000003,0.0,0.00017500000000000003,169.99853629991384,0.005882403588674351
40,0.0001,17,0.14740763265926715,0.08879719579431981,3.8432911444383953,562.5934316557701,0.25251621901406907,2.0046224692596333,0.031197771901562643,0.00017500000000000003,0.0,0.00017500000000000003,178.27298229464364,0.0056093749435752035
40,0.0001,18,0.14656940961932985,0.0867993867781785,3.863048119677637,562.2947344426715,0.2510849066020455,2.004077456494084,0.03074440247027564,0.00017500000000000003,0.0,0.00017500000000000003,175.6822998301465,0.005692093062117368
40,0.0001,19,0.1405552613662153,0.09033403766678147,3.824607225003103,559.831984265073,0.2513028917310294,2.0169170134554566,0.03212294675732224,0.00017500000000000003,0.0,0.00017500000000000003,183.55969575612704,0.005447819009945275
40,0.0001,20,0.13710958178930652,0.08500091095570006,3.8579610787682532,559.6629357936928,0.2516764749889262,2.0020000885684603,0.029312764546842743,0.00017500000000000003,0.0,0.00017500000000000003,167.50151169624422,0.005970095373308935
40,0.0001,21,0.14418604651162792,0.09097821361496035,3.8314094326235835,564.2634388105223,0.2532584035943728,2.0060305026565244,0.03045694348971337,0.00017500000000000003,0.0,0.00017500000000000003,174.03967708407637,0.005745816222796785
40,0.0001,22,0.13434871561718573,0.08309299424264999,3.862629548518926,560.7635826324165,0.25186205544741824,1.9956746274188717,0.03177424577488945,0.00017500000000000003,0.0,0.00017500000000000003,181.56711871365397,0.005507605160475564
40,0.0001,23,0.1552324700893533,0.09197161957203748,3.8222579511737447,560.3820990458883,0.2536373623588588,2.0058691034542626,0.032569531520257676,0.00017500000000000003,0.0,0.00017500000000000003,186.1116086871867,0.005373119963090446
40,0.0001,24,0.1365981365981366,0.08763874851147306,3.8533538320413583,569.8149688149688,0.250663734448608,1.9949353258393672,0.030099668157858545,0.00017500000000000003,0.0,0.00017500000000000003,171.99810375919165,0.005814017585915156
40,0.0001,25,0.1493256987870112,0.08961376872508578,3.8318924122151627,557.5584268816394,0.25231763103511184,2.010213746035723,0.03099817797812172,0.00017500000000000003,0.0,0.00017500000000000003,177.13244558926695,0.005645493103611242
40,0.0001,26,0.13947128532360983,0.0878564240014103,3.8437184170435574,562.1668185961714,0.2518551796092652,2.0018757911754355,0.030674805885140554,0.00017500000000000003,0.0,0.00017500000000000003,175.284605057946,0.005705007577073968
40,0.0001,27,0.13332327878742176,0.08369060810623738,3.857627561632088,558.0620616846392,0.2537759396072943,2.010343361405714,0.03229759003962128,0.00017500000000000003,0.0,0.00017500000000000003,184.55765736926443,0.005418360929881073
40,0.0001,28,0.14065583725519964,0.08694191049371859,3.8479142727941538,561.7408531956885,0.24965393196907826,2.0038715354957315,0.02969663358719919,0.00017500000000000003,0.0,0.00017500000000000003,169.69504906970963,0.005892923838863481
40,0.0001,29,0.1310500564546481,0.08324482033469632,3.87099184912641,557.055701919458,0.25166172510944307,2.025958279001327,0.030573411693018353,0.00017500000000000003,0.0,0.00017500000000000003,174.70520967439057,0.005723927763023009
40,0.0003,0,0.13939210187220497,0.08184874557962783,3.945449258463418,560.9332979610399,0.2522502609353978,2.0042630979673124,0.03326595522952359,0.000525,0.0,0.000525,63.3637242467116,0.01578190063618139
40,0.0003,1,0.10943683409436834,0.07234982862442856,4.015485355110754,563.1917808219179,0.24959742100327276,2.004273509318734,0.029919516238712293,0.000525,0.0,0.000525,56.98955474040437,0.017547075153598653
40,0.0003,2,0.11089332830757632,0.07197427294694664,4.015531179263085,557.894082171127,0.25243648819741793,2.0044517817509098,0.030418957835840775,0.000525,0.0,0.000525,57.94087206826815,0.01725897392123753
40,0.0003,3,0.1554515460753472,0.07931155354979307,4.009759319542215,567.8073352259648,0.2503752895863727,1.9857674990518641,0.028480692661767906,0.000525,0.0,0.000525,54.24893840336745,0.01843354044210985
40,0.0003,4,0.11544307645538836,0.07476196754904466,3.996312732776316,562.4227086183311,0.2533985376066994,2.0136783400046667,0.03182539360910137,0.000525,0.0,0.000525,60.61979735066927,0.016496261018743894
40,0.0003,5,0.10676210782820592,0.07254053598411045,3.9960542355427484,563.5342674383186,0.2549551766132936,2.000914504088132,0.03164951157721123,0.000525,0.0,0.000525,60.28478395659282,0.016587933710105612
40,0.0003,6,0.1137983320697498,0.07468954365510844,3.998502368195385,561.0606520090978,0.25126429440570064,1.9934910382856081,0.02972182720237614,0.000525,0.0,0.000525,56.613004195002176,0.017663786160429205
40,0.0003,7,0.11895882487251694,0.07418957615455948,3.9969095874247254,563.2345688408554,0.25333262103958987,2.011298485473114,0.031992428856837715,0.000525,0.0,0.000525,60.93795972730994,0.016410132608227778
40,0.0003,8,0.1266579774591735,0.07758388630817993,3.9892664525080686,567.3727670014567,0.25251901647425257,2.017855902178426,0.03208200410315921,0.000525,0.0,0.000525,61.10857924411278,0.01636431434619453
40,0.0003,9,0.10754832770788586,0.07152745450208135,4.000477173210981,567.6768947529918,0.2519941874779761,2.00550678302269,0.030655899623483036,0.000525,0.0,0.000525,58.39218975901531,0.017125577994711316
40,0.0003,10,0.11065417713807021,0.07270122871824018,4.010077814199026,563.5771076079507,0.25101913828984834,1.9831114608315459,0.030239609548362772,0.000525,0.0,0.000525,57.59925628259576,0.017361335276513994
40,0.0003,11,0.1195258230141951,0.07616860067470825,3.9751347994700765,558.7771066143159,0.25589541005319916,2.0157242923497445,0.0340134394353425,0.000525,0.0,0.000525,64.78750368636666,0.01543507533244303
40,0.0003,12,0.11789473684210526,0.0743496614360054,4.001979791655587,556.4285714285714,0.2517653312825132,2.0060365608600383,0.030760106415751304,0.000525,0.0,0.000525,58.590678887145344,0.017067561240008054
40,0.0003,13,0.1183835657519868,0.07265543049499634,4.005282638562085,554.8461538461538,0.25029353084391914,2.0033277236513465,0.029434343784540528,0.000525,0.0,0.000525,56.065416732458154,0.017836307268916926
40,0.0003,14,0.11960132890365449,0.07482791761267421,3.98557856411983,558.7771066143159,0.2539463003631681,2.0120424130989365,0.03208009302094288,0.000525,0.0,0.000525,61.10493908751026,0.016365289204656096
40,0.0003,15,0.12822081198868415,0.07709164675412222,3.980560702346452,565.8138236868263,0.25352666070102714,1.9900692535773454,0.03223678871289503,0.000525,0.0,0.000525,61.40340707218101,0.016285741259022952
40,0.0003,16,0.10605257177486554,0.07206128151889465,4.00668544900611,560.5939701537762,0.24969583956408314,2.005944468756483,0.029485823557060385,0.000525,0.0,0.000525,56.163473442019786,0.017805166573829294
40,0.0003,17,0.099059089198344,0.07040466003482547,4.01244980519555,557.055701919458,0.25377943765488453,2.00918823088654,0.03116190100741376,0.000525,0.0,0.000525,59.35600191888336,0.016847495917373483
40,0.0003,18,0.13165905631659056,0.07696303450020461,3.995821277475841,563.1917808219179,0.252400543744443,1.9899493342866554,0.03028627368505236,0.000525,0.0,0.000525,57.688140352480694,0.01733458547787974
40,0.0003,19,0.10820524585149499,0.07056950781617467,4.024951041701154,565.9002064693738,0.25451691454509273,2.0316378131789543,0.028823233669521883,0.000525,0.0,0.000525,54.90139746575597,0.018214472602882958
40,0.0003,20,0.10320366132723112,0.06952004024116037,4.0248523727411385,564.4782608695652,0.2524699679634068,2.0095735414601936,0.029400700551368657,0.000525,0.0,0.000525,56.00133438355935,0.017856717362320137
40,0.0003,21,0.11147540983606558,0.07196950892575399,4.004267357355516,564.2634388105223,0.2528436472348403,2.0009439437851047,0.03064561584754206,0.000525,0.0,0.000525,58.37260161436583,0.017131324839801114
40,0.0003,22,0.12760533813165392,0.07460164262877124,4.008252383606038,554.8461538461538,0.2521204443764873,1.9913426983226425,0.031742900843829094,0.000525,0.0,0.000525,60.46266827396018,0.016539131145667216
40,0.0003,23,0.11075514874141876,0.07211532865170456,4.00344270207085,564.4782608695652,0.25064418325200677,1.99242026785292,0.030956757352125767,0.000525,0.0,0.000525,58.96525209928718,0.016959140585309035
40,0.0003,24,0.12620992135511191,0.07470595976024061,3.9927625304366523,559.6206896551724,0.24923711040173657,1.986437061140463,0.02822063367538825,0.000525,0.0,0.000525,53.75358795312048,0.018603409336547336
40,0.0003,25,0.12097259861487504,0.07473056831903956,3.992407945784544,557.0975609756098,0.2522091843711678,2.019632054306636,0.030381624078618493,0.000525,0.0,0.000525,57.86976014974952,0.017280182212822397
40,0.0003,26,0.12554932565540233,0.07973606378075977,3.974301671008425,560.7211698742234,0.252747826394625,2.0097410074440463,0.03201581524440956,0.000525,0.0,0.000525,60.98250522744678,0.016398145603731668
40,0.0003,27,0.11727272727272728,0.07742170149741275,3.9587620947467554,560.6363636363636,0.2545109601051081,2.0204662390575976,0.03395790392915528,0.000525,0.0,0.000525,64.68172176981957,0.015460318195589512
40,0.0003,28,0.11063348416289592,0.07176501108308328,4.0124139564074826,558.10407239819,0.2528409452061169,2.0258871111186108,0.030111332780642187,0.000525,0.0,0.000525,57.3549195821756,0.017435296000498163
40,0.0003,29,0.14310832505160156,0.08121966353641565,3.978772394413495,565.7274673190124,0.2507890044071246,1.9949510194671431,0.0304397955386036,0.000525,0.0,0.000525,57.98056293067353,0.017247159210849412
40,0.0007,0,0.10070857832051862,0.06883804360361324,4.062047703869825,557.8521031207598,0.25261402514297515,2.013589900737638,0.030242296524638328,0.001225,0.0,0.001225,24.687588999704758,0.04050618308705476
40,0.0007,1,0.11100980168680191,0.07133231971571061,4.050237199869406,562.2947344426715,0.2518152462434955,1.9877147513417892,0.029909822024200762,0.001225,0.0,0.001225,24.41618124424552,0.04095644564547468
40,0.0007,2,0.12143184246679896,0.07556745241846999,4.036704797723483,564.8223172034803,0.25391168528585695,1.9958862384467038,0.030213549387326975,0.001225,0.0,0.001225,24.664121948838346,0.04054472330595571
40,0.0007,3,0.10792441556501606,0.0682126669381142,4.068149063323671,552.7365001120322,0.2533217340533156,2.016256263283917,0.029778633117856734,0.001225,0.0,0.001225,24.309088259474887,0.04113687808139957
40,0.0007,4,0.10371376811594203,0.06770355303888523,4.062022703373878,558.6086956521739,0.252709557506023,1.995216402835163,0.030120299548842842,0.001225,0.0,0.001225,24.587999631708442,0.04067024625746333
40,0.0007,5,0.0998243336133812,0.06835728982902671,4.045635713394931,565.2098831436646,0.2517855261976365,2.006867062164524,0.030937352364727277,0.001225,0.0,0.001225,25.25498152222635,0.039596148550729376
40,0.0007,6,0.09836311758522301,0.06784848699668808,4.054469928414108,555.6778795614957,0.2532983662385959,1.9902324364477377,0.03031240257545755,0.001225,0.0,0.001225,24.74481842894494,0.04041250102002214
40,0.0007,7,0.09246315149673302,0.06809692442410815,4.046363802590313,562.2520893481234,0.25661794462939724,2.037267486218064,0.03142172169007186,0.001225,0.0,0.001225,25.650385053119887,0.038985769528569664
40,0.0007,8,0.13005232425873967,0.08164211464578822,3.9929363120358197,561.1880640024266,0.25492613375536166,2.023277775418733,0.03263229593376612,0.001225,0.0,0.001225,26.638608925523364,0.03753949775665147
40,0.0007,9,0.1024732317900769,0.06977389259383578,4.064291765691798,558.0200573065903,0.2530197215382941,2.0028205815493947,0.029156227623171584,0.001225,0.0,0.001225,23.80100214136456,0.042015037604742976
40,0.0007,10,0.09887808526551982,0.06948445810780322,4.04887688466562,553.5205684367988,0.25464763143099844,2.0146735595596277,0.03291857367618933,0.001225,0.0,0.001225,26.87230504178721,0.0372130339561482
40,0.0007,11,0.09633940879154541,0.06973023068523367,4.032989623241198,566.7221626589064,0.25477537570986897,2.020089342470526,0.032986972722413604,0.001225,0.0,0.001225,26.928140997888658,0.03713587210043228
40,0.0007,12,0.10303260045489007,0.06992231475565036,4.062562821697889,561.0606520090978,0.2536130442749709,2.012347851148742,0.029441402893437704,0.001225,0.0,0.001225,24.03379828035731,0.041608071613769615
40,0.0007,13,0.10536733917015607,0.06994767388789212,4.041648635779085,563.4057860677578,0.2563073458732106,2.0222090748290027,0.030089626326677842,0.001225,0.0,0.001225,24.56296026667579,0.04071170531333251
40,0.0007,14,0.10343778521448128,0.06917567818856436,4.049375297571192,562.849710982659,0.2549794838996604,2.0164870869108036,0.030505147902731657,0.001225,0.0,0.001225,24.902161553250334,0.04015715655292084
40,0.0007,15,0.10929213742218123,0.07170574971067982,4.03514482084263,568.765736684344,0.2562656330410391,2.026282790640395,0.032186666715546014,0.001225,0.0,0.001225,26.274829971874297,0.038059237721821335
40,0.0007,16,0.0952201731275875,0.06779899683314286,4.0604727568534,557.055701919458,0.25234141244436614,2.011456997337814,0.030989376516778508,0.001225,0.0,0.001225,25.297450217778376,0.03952967557565255
40,0.0007,17,0.1217731617370362,0.07013719879383679,4.0712910035476,556.9720027094152,0.2534798287670128,2.012884566140859,0.03042201738660751,0.001225,0.0,0.001225,24.8342999074347,0.04026688908998106
40,0.0007,18,0.12323278143191956,0.07509526504716604,4.03136387297047,559.4939895667952,0.2548865093267523,2.0016896688702204,0.03226943508438889,0.001225,0.0,0.001225,26.34239598725624,0.03796161899941728
40,0.0007,19,0.12296564195298372,0.07479382177689334,4.02263295905542,557.6003616636528,0.25645612840889953,2.0101915679880182,0.03370446337115889,0.001225,0.0,0.001225,27.513847649925626,0.03634533463743676
40,0.0007,20,0.10249412478204836,0.07123228696074126,4.028968692132433,561.018194223334,0.2545232140691951,1.9921810361080932,0.03216667985904222,0.001225,0.0,0.001225,26.258514170646713,0.038082885935635226
40,0.0007,21,0.12800362702130874,0.07549621836819999,4.021515157080824,559.1985794166541,0.2562784669280518,2.0113799425374257,0.03391437266590689,0.001225,0.0,0.001225,27.685202176250524,0.03612037916984547
40,0.0007,22,0.12175856929955291,0.07269540358048064,4.039786550873429,551.461997019374,0.2573629534745123,2.021018101163447,0.03328553584076725,0.001225,0.0,0.001225,27.171865992463065,0.03680277240721635
40,0.0007,23,0.10350404312668464,0.07268068606668027,4.029395103561112,569.9025798998845,0.25283650422352366,2.007072976263109,0.030942630455879267,0.001225,0.0,0.001225,25.25929016806471,0.0395893943711965
40,0.0007,24,0.11422018348623854,0.07046647931430856,4.0562264628941325,565.7706422018349,0.2521237216424197,1.9839696845763939,0.028639936063035373,0.001225,0.0,0.001225,23.379539643294184,0.04277244185545048
40,0.0007,25,0.10048944631385745,0.06995216641134079,4.045511519129152,565.9434077699602,0.2533474586671218,1.9960245630755922,0.030771074221084403,0.001225,0.0,0.001225,25.119244262109717,0.03981011488902222
40,0.0007,26,0.11239869726577294,0.07051021045469588,4.041317475626112,560.5092024539878,0.254183778364677,1.995762528158191,0.030673670153523062,0.001225,0.0,0.001225,25.039730737569847,0.03993653168560597
40,0.0007,27,0.11453711363465444,0.07062696070484024,4.056127979722558,556.5538843348123,0.25179946547723375,1.990599673261345,0.029553105471147124,0.001225,0.0,0.001225,24.124984058079285,0.041450804592971624
40,0.0007,28,0.12367251638171274,0.07984434953837072,4.022607334963065,557.3907509226482,0.2554059376416262,2.0060446192365897,0.031177016831063907,0.001225,0.0,0.001225,25.450625984541965,0.0392917643993265
40,0.0007,29,0.102714489811264,0.06825819050387823,4.052162666204981,556.4703361154974,0.2550790077075362,2.023791299946151,0.030892346045122306,0.001225,0.0,0.001225,25.218241669487597,0.039653835231896195
40,0.001,0,0.10692487378494461,0.06810460123892104,4.067897609927767,557.6423027654283,0.25217456003883854,1.9918089113672475,0.029155889197230424,0.00175,0.0,0.00175,16.6605081127031,0.06002217898969914
40,0.001,1,0.10485144791274915,0.06981632610710166,4.046743834860459,556.6374576908612,0.25497768897912465,2.02232251065222,0.03247025515914006,0.00175,0.0,0.00175,18.554431519508604,0.053895480384218424
40,0.001,2,0.10517848935192278,0.06902732625443571,4.054884987842651,566.8955109544967,0.257462767069228,2.028119623320472,0.03253813282550407,0.00175,0.0,0.00175,18.593218757430897,0.05378304924209767
40,0.001,3,0.09148590821897595,0.06664018586922962,4.064416765700071,546.0199203187251,0.25408057452295907,2.0174925833268045,0.031159872983140442,0.00175,0.0,0.00175,17.80564170465168,0.05616197475987358
40,0.001,4,0.11792021924482339,0.07384115673857242,4.053047421140884,563.3629719853836,0.25675728160422295,2.0270658634809235,0.03042144430967914,0.00175,0.0,0.00175,17.383682462673793,0.0575252109066763
40,0.001,5,0.11613784727493548,0.0698465051179393,4.056025280691102,561.7408531956885,0.25638634536881,2.0210291171824553,0.03160755852328185,0.00175,0.0,0.00175,18.061462013303913,0.055366503512473624
40,0.001,6,0.10880789088387147,0.06823144004045395,4.0803193442063845,570.2532942898976,0.2553027823159937,2.0251755057768905,0.02910607484617014,0.00175,0.0,0.00175,16.63204276924008,0.06012490551367733
40,0.001,7,0.1245814307458143,0.07460334025295333,4.032402875192588,563.1917808219179,0.25920193403726444,2.037642428702897,0.03408531889800254,0.00175,0.0,0.00175,19.47732508457288,0.05134175230211953
40,0.001,8,0.11758442348646182,0.07072337934867251,4.044066491368429,562.849710982659,0.2535308833466843,1.9950727869980558,0.03169537143533784,0.00175,0.0,0.00175,18.111640820193053,0.055213109067681974
40,0.001,9,0.10845937523751616,0.07178733518395329,4.039266407858924,562.4653796458159,0.25672895507887006,2.028608404055764,0.03167865506534683,0.00175,0.0,0.00175,18.102088608769616,0.05524224423006893
40,0.001,10,0.10796016117995895,0.068705539993344,4.062026344377405,562.6361286398541,0.2539543269958813,1.990353970737822,0.031365142112421106,0.00175,0.0,0.00175,17.92293834995492,0.055794422793543526
40,0.001,11,0.17808958445763626,0.08162294168813164,4.023655871221314,570.5166139850436,0.2569039643276483,2.0237920412628547,0.034154938792659774,0.00175,0.0,0.00175,19.51710788151987,0.051237099577999885
40,0.001,12,0.08788885533071579,0.06808234080957488,4.048580924724661,558.7771066143159,0.2548824145051185,2.005786848625098,0.030497657746046455,0.00175,0.0,0.00175,17.42723299774083,0.057381455801367574
40,0.001,13,0.10932402700857295,0.06989603028870747,4.050676262092801,561.4430619831576,0.25683905006735586,2.0231322087537427,0.0326025424685918,0.00175,0.0,0.00175,18.630024267766743,0.05367679535072737
40,0.001,14,0.1108897233504483,0.06634668388917671,4.07979275248318,567.1123457736225,0.25675411769771017,2.02887189592576,0.029384901203057433,0.00175,0.0,0.00175,16.791372116032818,0.05955439454796998
40,0.001,15,0.08995941680444912,0.06556762395766184,4.080414368334429,556.1781151360289,0.25483947232714854,1.9974347942041537,0.02929689121622155,0.00175,0.0,0.00175,16.741080694983744,0.05973330027013356
40,0.001,16,0.10190227527042149,0.06896675442073205,4.058359474416109,552.0779559865722,0.2539032765489537,1.9970351092886347,0.03045457894880947,0.00175,0.0,0.00175,17.40261654217684,0.057462623369101316
40,0.001,17,0.097437081505426,0.06634512964281301,4.0869815834365735,569.5522973909028,0.25483809772413224,2.0193421764609187,0.028859240405156698,0.00175,0.0,0.00175,16.490994517232398,0.06063915665941444
40,0.001,18,0.12600030197795561,0.07142736598539189,4.069742229280336,558.6928884191454,0.25538739952025935,2.0225708927378587,0.02999784490167763,0.00175,0.0,0.00175,17.141625658101503,0.05833752410334421
40,0.001,19,0.10869235436893204,0.06942907091936097,4.0549461875626465,561.3155339805825,0.25565932525205426,2.015695270380181,0.031665277406074895,0.00175,0.0,0.00175,18.094444232042797,0.055265582472499276
40,0.001,20,0.15389312977099237,0.07926833189600377,4.026478045344015,564.9083969465648,0.254226124874549,1.9943285219425744,0.031648914976013985,0.00175,0.0,0.00175,18.085094272007993,0.05529415467564327
40,0.001,21,0.11852809245039155,0.07217660494113082,4.0471303137912615,562.6361286398541,0.2551327963883523,2.000052395476337,0.032269903334395986,0.00175,0.0,0.00175,18.439944762511992,0.05423009737171113
40,0.001,22,0.13458457312886243,0.07650507043385751,4.0457460852536435,564.6072327763791,0.2549675587506499,2.017205834527664,0.032506343880670904,0.00175,0.0,0.00175,18.575053646097658,0.053835645325852666
40,0.001,23,0.11753958587088915,0.07210691417427385,4.044496698232979,563.3629719853836,0.2570881532737985,2.0248048663946614,0.03097628168924123,0.00175,0.0,0.00175,17.70073239385213,0.05649483748747723
40,0.001,24,0.08591794949571548,0.06614151735412478,4.066152969564982,561.1880640024266,0.2543506618530955,2.0076430348836696,0.03146905633681121,0.00175,0.0,0.00175,17.982317906749266,0.05561018358065353
40,0.001,25,0.08735440931780367,0.06515948210186093,4.074735219944155,559.7051883224929,0.2538084540865384,2.019523447825266,0.03047499362460183,0.00175,0.0,0.00175,17.414282071201047,0.05742413014279554
40,0.001,26,0.1005552597550772,0.06820447440412755,4.072169469709663,562.8924469460713,0.2524050255306065,2.02899841524805,0.02985673302178859,0.00175,0.0,0.00175,17.06099029816491,0.05861324474860997
40,0.001,27,0.10088953090549685,0.06701811535951042,4.055810760857759,562.6361286398541,0.25425252702552825,2.0130896116903827,0.03119221104437165,0.00175,0.0,0.00175,17.8241205967838,0.056103749667203266
40,0.001,28,0.10595677385345283,0.06632680042309899,4.094555051015484,557.3069508246103,0.25499006477184594,1.989843858922328,0.02780911355769711,0.00175,0.0,0.00175,15.890922032969778,0.0629290105335137
40,0.001,29,0.09547244094488189,0.06793321228941343,4.0602467495025225,560.2973955178679,0.2560002407117281,2.0141553454680015,0.0319740684899705,0.00175,0.0,0.00175,18.270896279983145,0.05473185248692806
40,0.0018,0,0.06720266990291263,0.06235689295197635,4.090256478875489,561.3155339805825,0.2552320503455121,2.0246303386947426,0.029239334395242785,0.00315,0.0,0.00315,9.282328379442154,0.10773159051501878
40,0.0018,1,0.10420871645361442,0.06994235285525227,4.03717396487488,553.2314420273603,0.25941309923655353,2.035676506786998,0.03378587164678971,0.00315,0.0,0.00315,10.725673538663399,0.09323423805463102
40,0.0018,2,0.089860535243121,0.0658463851093062,4.080804508393616,557.894082171127,0.2588019630056806,2.017078618764873,0.03127878809134211,0.00315,0.0,0.00315,9.929773997251463,0.10070722659718112
40,0.0018,3,0.09380004575611989,0.06567995176030855,4.094588526350474,564.3493479752917,0.25835514860227704,2.0142239217603803,0.02965992356457584,0.00315,0.0,0.00315,9.415848750658997,0.1062039149609335
40,0.0018,4,0.10247267653670258,0.06763444094640192,4.083627016535104,573.6067746686304,0.2577699061948806,2.0346728265597447,0.030953707888570058,0.00315,0.0,0.00315,9.826573932879384,0.1017648680842907
40,0.0018,5,0.0980125443965843,0.06754279247757694,4.067860071347917,559.2407617320335,0.2589636654302012,2.0493309870973055,0.031145727784951432,0.00315,0.0,0.00315,9.887532630143312,0.10113746648495317
40,0.0018,6,0.10077105122528437,0.06762548133889248,4.074736881903277,564.9514466753187,0.25800597557099536,2.0339601255286706,0.030501883768704878,0.00315,0.0,0.00315,9.683137704350754,0.10327231012636405
40,0.0018,7,0.0837255199635646,0.06521427780113345,4.092460475201957,561.7408531956885,0.25701123412000015,2.0209421449201255,0.029808004423723604,0.00315,0.0,0.00315,9.462858547213843,0.10567631281928344
40,0.0018,8,0.09056374411183711,0.06680136489841729,4.082089274345605,562.2520893481234,0.25445626355940476,2.0106171192415814,0.0293207429199777,0.00315,0.0,0.00315,9.308172355548475,0.10743247565714804
40,0.0018,9,0.10201615948048025,0.07211713859075608,4.042320486016977,558.8192252510761,0.25833307311404496,2.0338411524614664,0.03312377787609478,0.00315,0.0,0.00315,10.51548504003009,0.0950978481918071
40,0.0018,10,0.1151955222751683,0.07026960917554084,4.062981358303726,559.7474472430225,0.2560446541465353,2.0216689686114666,0.030247489390615164,0.00315,0.0,0.00315,9.602377584322275,0.10414087461345949
40,0.0018,11,0.10402051746247265,0.06938073413580337,4.0655583838206235,558.2301425661915,0.25703284138580784,2.002463294499314,0.03117356581600043,0.00315,0.0,0.00315,9.896370100317597,0.10104715060807071
40,0.0018,12,0.09172022684310019,0.06509014946004636,4.100644172290955,559.578449905482,0.257689159916481,2.030612758848706,0.030309355053678762,0.00315,0.0,0.00315,9.622017477358337,0.10392830841900981
40,0.0018,13,0.09233895243829018,0.06716206814420833,4.073790606811492,556.9301625526791,0.25908261677250266,2.026877566175207,0.03210492537722878,0.00315,0.0,0.00315,10.192039802294852,0.09811578637819279
40,0.0018,14,0.11520145135686749,0.06849929587972248,4.069563333106069,559.4095547660443,0.2566232380049769,2.027016724835795,0.030520129157655073,0.00315,0.0,0.00315,9.68892989131907,0.10321057239726378
40,0.0018,15,0.12040286891500077,0.07366813355495505,4.041901030822953,564.6502365328857,0.2590029994607903,2.031786621496205,0.032382558344607786,0.00315,0.0,0.00315,10.28017725225644,0.09727458734045716
40,0.0018,16,0.1069661210506281,0.06758983331620065,4.0804334980429475,563.4057860677578,0.25921759448829107,2.0483624813221484,0.031053885318271603,0.00315,0.0,0.00315,9.858376291514794,0.10143658249895678
40,0.0018,17,0.09518383470069887,0.06538692693975225,4.088587799015563,562.1668185961714,0.25655977113638073,2.0130333681007846,0.02943469525733735,0.00315,0.0,0.00315,9.344347700742016,0.10701656573851506
40,0.0018,18,0.09970260223048327,0.06808295960873738,4.069569040292229,550.2342007434944,0.2595777293026913,2.026688951540863,0.03162782925358496,0.00315,0.0,0.00315,10.040580715423797,0.0995958329844263
40,0.0018,19,0.1217787913340935,0.07298696387085712,4.052406022268017,562.5507411630558,0.25809570093406364,2.0270746444678167,0.03304067577152302,0.00315,0.0,0.00315,10.489103419531117,0.09533703310980435
40,0.0018,20,0.11013719512195122,0.07069895351184112,4.0625069978253,564.0487804878048,0.2583675370551646,2.03446194781524,0.03190067088496773,0.00315,0.0,0.00315,10.127197106338961,0.09874400483170861
40,0.0018,21,0.11249808546484913,0.07216853916455361,4.046559913820536,566.7221626589064,0.2564140673785005,2.0263131582845397,0.03308678902052422,0.00315,0.0,0.00315,10.503742546198165,0.09520416133599452
40,0.0018,22,0.0597872505629319,0.06238329202222721,4.078832576877769,574.5849056603773,0.2568625180865638,2.0082093375277923,0.031125251365668315,0.00315,0.0,0.00315,9.881032179577243,0.10120400195304138
40,0.0018,23,0.10514761544284633,0.06863376597244004,4.074905200112004,560.2127176381529,0.2578941125248093,2.025403466974748,0.030726508972427555,0.00315,0.0,0.00315,9.754447292834143,0.10251734106294515
40,0.0018,24,0.10405282331511839,0.06760845776649013,4.076656110837982,561.655737704918,0.258782853721641,2.028381043582925,0.03090882101129849,0.00315,0.0,0.00315,9.812324130570948,0.10191265460589846
40,0.0018,25,0.10171298058622003,0.06713253378707956,4.0875061021444505,563.4057860677578,0.2577826787310187,2.018903556833838,0.030060456599153733,0.00315,0.0,0.00315,9.543002094969438,0.10478882746207785
40,0.0018,26,0.10243791641429437,0.06965711558099552,4.050371461119359,560.2973955178679,0.2601160489139147,2.022509996330783,0.03318753709328742,0.00315,0.0,0.00315,10.535726061361087,0.09491514815171763
40,0.0018,27,0.114196353650164,0.06981652665127178,4.064077299598518,564.5212449462201,0.2599819684692193,2.036707206514758,0.03163011785625592,0.00315,0.0,0.00315,10.04130725595426,0.09958862671063307
40,0.0018,28,0.0999845583693638,0.06834800966159807,4.067055350593627,571.3520691785053,0.256624150526477,2.024600315259824,0.030623084412885884,0.00315,0.0,0.00315,9.721614099328852,0.1028635769515925
40,0.0018,29,0.10751885313223325,0.06871520192214828,4.077225622836922,552.5717165683566,0.2565889750549104,2.0266392187424467,0.03170644414207461,0.00315,0.0,0.00315,10.065537822880827,0.09934888901085992
40,0.0037,0,0.10516647531572905,0.07125179619980238,4.07144577960205,566.4190585533869,0.2654406089859549,2.049861885189986,0.0324016531328848,0.006475000000000001,0.0,0.006475000000000001,5.0041163139590426,0.19983548288245978
40,0.0037,1,0.10463779225756994,0.06737300376224747,4.0772935721016506,567.2859333077807,0.2619420917471871,2.047498247007951,0.031110931738278197,0.006475000000000001,0.0,0.006475000000000001,4.804777102436787,0.20812619996312437
40,0.0037,2,0.09866869532141499,0.06836229300679429,4.063126697829058,562.977938379612,0.26506549515761435,2.0483462843530433,0.033306659949491224,0.006475000000000001,0.0,0.006475000000000001,5.143885706485131,0.19440556362658962
40,0.0037,3,0.10365019011406844,0.06986426455234371,4.086031807909761,562.7642585551331,0.2636730286758393,2.0354035766344314,0.030814308228299708,0.006475000000000001,0.0,0.006475000000000001,4.758966521745128,0.21012965639298023
40,0.0037,4,0.0699327133892795,0.06422968614373838,4.089622652345367,559.4939895667952,0.26419305670424365,2.041795383013426,0.029478746287774412,0.006475000000000001,0.0,0.006475000000000001,4.5527021293860095,0.2196497753598615
40,0.0037,5,0.10508993494068121,0.06870210194371351,4.0790671476208935,566.4190585533869,0.26537039334652945,2.077142472530393,0.03205284367592485,0.006475000000000001,0.0,0.006475000000000001,4.95024612755596,0.20201015752194948
40,0.0037,6,0.09137055837563451,0.06385657751128752,4.117073283162912,560.6787635426926,0.2604724182456266,2.0246353448513683,0.029052368731286554,0.006475000000000001,0.0,0.006475000000000001,4.486852313712209,0.22287339321241165
40,0.0037,7,0.11225816318727537,0.06805562303849995,4.0728983821582805,565.9002064693738,0.26757024449761957,2.060760949577713,0.03228479721225214,0.006475000000000001,0.0,0.006475000000000001,4.986069067529288,0.2005587942036918
40,0.0037,8,0.09412917326098424,0.06588524907737081,4.088002515906387,557.7262039339814,0.26429611584171653,2.0442693457739436,0.030743525314191455,0.006475000000000001,0.0,0.006475000000000001,4.7480347975585255,0.21061345222537278
40,0.0037,9,0.10462962962962963,0.06736264661344452,4.079707210510351,571.0,0.2652582987502683,2.0538514599163156,0.03145322321741501,0.006475000000000001,0.0,0.006475000000000001,4.857640651338225,0.20586125483047232
40,0.0037,10,0.09616395165528113,0.06704692237987002,4.073186528328838,555.5529614893777,0.2630269061191939,2.0446443722377112,0.03162011004412906,0.006475000000000001,0.0,0.006475000000000001,4.88341467862997,0.20477474591212627
40,0.0037,11,0.16088691115543963,0.08586517864233334,4.0323437584578885,567.7638483965014,0.26460776099702343,2.0369473137554066,0.03289986078228944,0.006475000000000001,0.0,0.006475000000000001,5.08105958027636,0.19680934344517362
40,0.0037,12,0.10232558139534884,0.0644498392509797,4.113425434599195,564.2634388105223,0.2631525773613248,2.04584262310218,0.03012947915605001,0.006475000000000001,0.0,0.006475000000000001,4.653201414061777,0.2149058059206383
40,0.0037,13,0.07733211789729566,0.06477065556834484,4.081060135925961,562.1668185961714,0.26152386516332626,2.0391990197563157,0.031194847818793177,0.006475000000000001,0.0,0.006475000000000001,4.817737114871533,0.20756632754269025
40,0.0037,14,0.10254427345139587,0.06455236387335479,4.11640801622528,572.2783234088624,0.26123654161347076,2.058330757476292,0.028581962993376925,0.006475000000000001,0.0,0.006475000000000001,4.41420277889991,0.22654147307868258
40,0.0037,15,0.10724307925673113,0.06841877845026141,4.071430742611442,561.2730375426621,0.26564983424032107,2.061533001253125,0.03270482129464861,0.006475000000000001,0.0,0.006475000000000001,5.050937651683183,0.19798304175597145
40,0.0037,16,0.11476031553398058,0.07111343622264443,4.064536379258579,561.3155339805825,0.2616877658001613,2.049420216945548,0.03154746914592634,0.006475000000000001,0.0,0.006475000000000001,4.872196007092871,0.20524625826715814
40,0.0037,17,0.11984011069259744,0.07034501845469256,4.083159855566866,568.8530248289645,0.2630670842481777,2.0233197428595338,0.029539703895118546,0.006475000000000001,0.0,0.006475000000000001,4.56211643167854,0.21919650999176057
40,0.0037,18,0.09883853336369848,0.06854542511319828,4.095393891491325,561.7834206331132,0.259436988417292,2.0280230140754014,0.02993590177706193,0.006475000000000001,0.0,0.006475000000000001,4.623305293754737,0.216295471845829
40,0.0037,19,0.0923367308418271,0.06719656229102015,4.069590466950092,558.7349943374859,0.26386430687853135,2.046314143219459,0.033307686511849205,0.006475000000000001,0.0,0.006475000000000001,5.1440442489342395,0.19439957193353913
40,0.0037,20,0.08986703347088491,0.0674051795589555,4.068065736941363,565.5116918844567,0.265756285371026,2.0636680288879505,0.03337920516013712,0.006475000000000001,0.0,0.006475000000000001,5.155089600021176,0.19398304929479637
40,0.0037,21,0.09906884445122882,0.06684327553990908,4.085404598264783,564.8223172034803,0.2634535786055494,2.0310760516966355,0.031600510055052794,0.006475000000000001,0.0,0.006475000000000001,4.880387653290006,0.20490175597544427
40,0.0037,22,0.09073141396677441,0.06906777497500016,4.0498940225629365,556.3033150417199,0.26639360291301273,2.059755190703681,0.03447838934960277,0.006475000000000001,0.0,0.006475000000000001,5.324847776000427,0.18779879577160702
40,0.0037,23,0.10474519377479402,0.0705632900641653,4.068487486636561,564.5642355813244,0.265207873278996,2.036112356901437,0.03175999546425431,0.006475000000000001,0.0,0.006475000000000001,4.905018604518039,0.20387282508549398
40,0.0037,24,0.11786497316095865,0.06856624014870263,4.080599675663493,559.4939895667952,0.26380548474844545,2.0432941840618914,0.03141409625418871,0.006475000000000001,0.0,0.006475000000000001,4.851597877094781,0.2061176596521262
40,0.0037,25,0.1052120669056153,0.06792185983493096,4.075193566693711,552.6129032258065,0.26781700283754617,2.0668972697762458,0.03446174281999758,0.006475000000000001,0.0,0.006475000000000001,5.3222768833973095,0.1878895108068262
40,0.0037,26,0.10353955528664348,0.06910257567421531,4.073462862212061,559.7051883224929,0.26368185758474283,2.064806199375759,0.031124470343796187,0.006475000000000001,0.0,0.006475000000000001,4.80686800676389,0.20803566867092455
40,0.0037,27,0.09616970242110787,0.0668311568488828,4.081076832791149,554.7216100742073,0.26181227635242976,2.0471444943710244,0.030031286214676413,0.006475000000000001,0.0,0.006475000000000001,4.638036481031106,0.21560848089269122
40,0.0037,28,0.09545454545454546,0.06439536900079194,4.106237832582062,560.6363636363636,0.26470714597962797,2.0458420359017238,0.03057080780191806,0.006475000000000001,0.0,0.006475000000000001,4.721360278288503,0.21180336620328852
40,0.0037,29,0.12226014410314752,0.07057443684031088,4.075072365507378,561.2730375426621,0.265656468749512,2.045561246671942,0.03205578866413173,0.006475000000000001,0.0,0.006475000000000001,4.950700951989456,0.20199159870445146
40,0.008,0,0.08834430073368127,0.06508525433424547,4.112351362642468,559.7474472430225,0.27607562209595926,2.0977934893885557,0.030320300874252352,0.014,0.0,0.014,2.1657357767323107,0.46173684285199945
40,0.008,1,0.11220292504570384,0.06413865806836967,4.129615342428818,563.7056672760511,0.27761726279277354,2.081800151303935,0.03011407178883791,0.014,0.0,0.014,2.1510051277741367,0.4648989382162941
40,0.008,2,0.09758308157099697,0.06499560241452697,4.105253656746589,558.9456193353475,0.27728188619948924,2.093147234184076,0.030963713831488847,0.014,0.0,0.014,2.211693845106346,0.4521421453573365
40,0.008,3,0.10560344827586207,0.06629611230563032,4.107648834262527,549.9892984542212,0.27443235483951867,2.1012327439414538,0.029548127335302345,0.014,0.0,0.014,2.1105805239501674,0.47380329186796327
40,0.008,4,0.0950191570881226,0.06493774560302173,4.102012387458611,567.0689655172414,0.2760801956465002,2.095079389734617,0.030910588066480192,0.014,0.0,0.014,2.207899147605728,0.45291923821992136
40,0.008,5,0.09540072859744991,0.06519085470662307,4.133741480524015,561.655737704918,0.2764246908482164,2.1033233696029248,0.02841094463577771,0.014,0.0,0.014,2.029353188269836,0.4927678463168696
40,0.008,6,0.08807856272838002,0.06511425970484881,4.11051939081514,563.3629719853836,0.27760227204998955,2.1165740249967335,0.031335491869408934,0.014,0.0,0.014,2.238249419243495,0.44677773236639085
40,0.008,7,0.08667931688804555,0.06436804933241397,4.109534573733366,561.6982922201139,0.27757128968369216,2.1062956221358657,0.030975739294931602,0.014,0.0,0.014,2.212552806780829,0.45196661382964143
40,0.008,8,0.09352134146341463,0.0674046417479679,4.095702639507182,564.0487804878048,0.2756074515054934,2.103878859700596,0.029619691953214275,0.014,0.0,0.014,2.115692282372448,0.4726585280533529
40,0.008,9,0.09106111280024323,0.06453632872963956,4.10269333949421,562.508057160231,0.278509220428532,2.1139427327759512,0.030811180591540546,0.014,0.0,0.014,2.2007986136814677,0.45438051159402215
40,0.008,10,0.09815354713313897,0.06595402374278948,4.103501088714584,553.2314420273603,0.2777407261310145,2.1139658058902917,0.03282942650629661,0.014,0.0,0.014,2.3449590361640436,0.4264466818302425
40,0.008,11,0.11089953537969381,0.07095756779318167,4.082904180418945,563.6628075253257,0.2782745435833931,2.0932268546358532,0.032521857246501334,0.014,0.0,0.014,2.3229898033215237,0.4304797199583706
40,0.008,12,0.08795061352031096,0.06366254100268097,4.1230416453987,564.0058684551483,0.27548837193171494,2.093352741576699,0.029178145277718545,0.014,0.0,0.014,2.0841532341227533,0.47981116917293887
40,0.008,13,0.09072505061108195,0.06389845165663242,4.120124100610112,554.8876808877559,0.27739626556285657,2.0976913845351364,0.030771117526211745,0.014,0.0,0.014,2.197936966157982,0.4549721012918815
40,0.008,14,0.09690218220662292,0.06512637000673023,4.117757901896242,564.6502365328857,0.27874148142291233,2.1089204181518433,0.029319319024481698,0.014,0.0,0.014,2.094237073177264,0.47750085833541933
40,0.008,15,0.09999241332220621,0.06667181375847335,4.092338521991054,561.4430619831576,0.2805985110462643,2.114094136374155,0.03300689270441911,0.014,0.0,0.014,2.3576351931727935,0.4241538313034119
40,0.008,16,0.07828802071434011,0.06427862847734359,4.08504010181444,563.5771076079507,0.2790932748175692,2.094239323791214,0.03288859706736034,0.014,0.0,0.014,2.3491855048114525,0.42567945270897656
40,0.008,17,0.085383502170767,0.06378946496772246,4.091335471781578,563.6628075253257,0.2801534292229917,2.106747594022186,0.032680524043247144,0.014,0.0,0.014,2.3343231459462244,0.42838970334359905
40,0.008,18,0.10403655750190403,0.06834341935612817,4.093471746112642,563.6199543031227,0.27767751598730683,2.0879719925872884,0.0315332567271179,0.014,0.0,0.014,2.2523754805084217,0.4439757086035554
40,0.008,19,0.09768947091141718,0.06809080383729739,4.081916982809154,556.9720027094152,0.2768566862796433,2.104502517722831,0.03215954489664512,0.014,0.0,0.014,2.2971103497603655,0.4353295435303402
40,0.008,20,0.10783862555606688,0.06630966506714027,4.099971008281896,567.5899677864703,0.2777375361183658,2.105369733104114,0.03203055131626823,0.014,0.0,0.014,2.287896522590588,0.4370827046267367
40,0.008,21,0.10140073081607795,0.06705578493802673,4.104945176610416,563.3629719853836,0.2773025198257528,2.084424057670482,0.029111352441123006,0.014,0.0,0.014,2.0793823172230717,0.480912043791667
40,0.008,22,0.09748713290947623,0.0682069536675964,4.088979263006319,560.1280653950954,0.27758029056712985,2.1285130857791206,0.03290288464437078,0.014,0.0,0.014,2.350206046026484,0.42549460788372556
40,0.008,23,0.0858909757214842,0.06573066510037882,4.088854672863124,564.9945029775538,0.277516881149495,2.101944354781873,0.033309305462642,0.014,0.0,0.014,2.3792361044744283,0.42030296956211466
40,0.008,24,0.09495301606547439,0.06721329826397275,4.094117019869797,560.806001818733,0.27958795012091286,2.115115553881806,0.03253662482435419,0.014,0.0,0.014,2.3240446303110134,0.43028433574710473
40,0.008,25,0.08132755269846016,0.06250216410340108,4.111770406699841,553.1901629541037,0.27893897012108937,2.1005926778572492,0.030950368435830555,0.014,0.0,0.014,2.2107406025593255,0.45233710316005515
40,0.008,26,0.10670087533957139,0.07011718389724898,4.070339792865137,558.4403863567763,0.2783459155471064,2.103898856651059,0.03393743867321925,0.014,0.0,0.014,2.4241027623728035,0.4125237657091575
40,0.008,27,0.08932723318082952,0.06343766028791638,4.123482394675409,555.0538513462836,0.276792308955919,2.107649337760794,0.0293588632170632,0.014,0.0,0.014,2.0970616583616573,0.4768577003984024
40,0.008,28,0.09751665657177468,0.06650239928100452,4.089894803382263,560.2973955178679,0.2784179729933385,2.102566513066771,0.03262648175574646,0.014,0.0,0.014,2.3304629825533185,0.42909928520056256
40,0.008,29,0.09957433870477349,0.06452000839687648,4.11897008817943,562.508057160231,0.27668782661203295,2.102804016174619,0.028906168405477772,0.014,0.0,0.014,2.064726314676984,0.4843256914447013
40,0.019,0,0.10303900816449954,0.061610017167045124,4.176644716800317,559.4517689749017,0.31017470473307185,2.238160604445851,0.027791261164493153,0.03325,0.0,0.03325,0.835827403443403,1.1964192557940148
40,0.019,1,0.08510479041916168,0.060448267483343324,4.171313713862092,553.934131736527,0.31099488129257225,2.244762567750484,0.02918589989043854,0.03325,0.0,0.03325,0.877771425276347,1.1392487511030243
40,0.019,2,0.06290655850616056,0.0581686584989223,4.169374994742251,566.3325170276269,0.31298864688142203,2.2327682095288557,0.02865422243714695,0.03325,0.0,0.03325,0.8617811259292315,1.1603874463155959
40,0.019,3,0.09689952007313171,0.06367341835389606,4.156596758161411,563.7485335567914,0.3148093408672139,2.244752068763143,0.03088511024582669,0.03325,0.0,0.03325,0.9288754961150884,1.076570545979931
40,0.019,4,0.058792492650938416,0.05818932529416408,4.160082526008565,557.8101303987337,0.31257378126611,2.243901774629961,0.030294791573337473,0.03325,0.0,0.03325,0.9111215510778187,1.0975483993513728
40,0.019,5,0.0855131530196369,0.05956960990445656,4.166681036799883,548.402741756206,0.3104090318083763,2.2427745478781707,0.030098090415791666,0.03325,0.0,0.03325,0.9052057267907268,1.1047212477823714
40,0.019,6,0.04124725648982063,0.057959137735867514,4.141711191782601,560.0857488836751,0.31604817882180214,2.261391669206767,0.03269376340815184,0.03325,0.0,0.03325,0.9832710799444162,1.0170135381755858
40,0.019,7,0.09701208849692085,0.06154343911000703,4.159883946049072,562.6361286398541,0.3121373694448266,2.2238465117070616,0.03072623184834866,0.03325,0.0,0.03325,0.9240971984465761,1.0821372488532783
40,0.019,8,0.10065794449066022,0.0634422604316086,4.140531730946648,559.6629357936928,0.31485004955902696,2.2456340498177023,0.03283037105225749,0.03325,0.0,0.03325,0.9873795805190221,1.012781730278789
40,0.019,9,0.12410139992432842,0.07029580180369235,4.115532227071127,560.0011350737798,0.3131210184947122,2.231225329693493,0.03368369386911123,0.03325,0.0,0.03325,1.013043424634924,0.987124515773226
40,0.019,10,0.07735721273233502,0.06074582690704542,4.160238078147941,556.8883286929039,0.31295637766015716,2.241600532535357,0.03122803878401358,0.03325,0.0,0.03325,0.9391891363613106,1.064748261329223
40,0.019,11,0.09082603730491054,0.06186503544303034,4.1595420947204484,563.4057860677578,0.3127049323520623,2.2453761031072696,0.02970579559586685,0.03325,0.0,0.03325,0.8934073863418601,1.1193101996778796
40,0.019,12,0.06792738275340393,0.0590586838100805,4.166895151668745,559.7897125567322,0.31302990615949966,2.2205409872228192,0.02946972998098432,0.03325,0.0,0.03325,0.8863076686010322,1.128276371091793
40,0.019,13,0.08583333333333333,0.061334094518012326,4.156032792116351,560.6363636363636,0.31446493821567856,2.247950971594533,0.03065461108202619,0.03325,0.0,0.03325,0.9219431904368779,1.0846655307754198
40,0.019,14,0.09484768710041369,0.06163136943735034,4.148282573212297,556.6374576908612,0.3129592855984811,2.2587785834964014,0.03219065378990532,0.03325,0.0,0.03325,0.968139963606175,1.0329085024805207
40,0.019,15,0.11873471882640586,0.0681306268624745,4.138809632703801,565.4254278728606,0.31056089809862897,2.2253710471390376,0.03150071957878191,0.03325,0.0,0.03325,0.9473900625197565,1.055531443237137
40,0.019,16,0.0794963210194948,0.06007607928439065,4.1631675260886,561.3580368656603,0.31599811403430067,2.273238323863337,0.030238101622910043,0.03325,0.0,0.03325,0.909416590162708,1.0996060670292866
40,0.019,17,0.120663763327827,0.06413760961678068,4.160661980126228,555.6778795614957,0.3117734161496628,2.243483312784666,0.030121553024143738,0.03325,0.0,0.03325,0.9059113691471801,1.103860746268583
40,0.019,18,0.07898501618854002,0.06106216877433397,4.159401286912339,557.2231759656653,0.3122747309098486,2.207923562571695,0.031259653216351255,0.03325,0.0,0.03325,0.9401399463564286,1.063671428786281
40,0.019,19,0.10901162790697674,0.06104191155356331,4.159554550242707,566.1162790697674,0.3127193850232288,2.2692642401081415,0.031414113050874534,0.03325,0.0,0.03325,0.9447853549135198,1.0584414701173415
40,0.019,20,0.2299568300955905,0.07607158336513468,4.151517149062962,570.472710453284,0.312463924579788,2.231122144561952,0.03001730385818257,0.03325,0.0,0.03325,0.9027760558851899,1.1076944204279764
40,0.019,21,0.1018282631500075,0.06250889100204597,4.144510231696935,554.5141615465308,0.31334630987839773,2.238674391634027,0.03240127745910121,0.03325,0.0,0.03325,0.9744745100481566,1.0261941073764793
40,0.019,22,0.08826418801481145,0.062401864248652746,4.159453999444874,559.2407617320335,0.31234171290998347,2.248667324097573,0.03139784035529523,0.03325,0.0,0.03325,0.9442959505351948,1.058990033191643
40,0.019,23,0.08782192509306389,0.06193539793797311,4.152551887901557,562.2094507331155,0.3134296762291342,2.251715530011662,0.030216073462006224,0.03325,0.0,0.03325,0.9087540890828939,1.100407703264577
40,0.019,24,0.07425361649738381,0.05859372945892167,4.169073568435183,569.421052631579,0.3147197976941243,2.2408394743224074,0.029897300427186392,0.03325,0.0,0.03325,0.8991669301409441,1.1121405452970232
40,0.019,25,0.09309124480689338,0.061996210984055763,4.148420887780525,569.3335897830435,0.3122556599555537,2.249092842464445,0.031544628491447936,0.03325,0.0,0.03325,0.9487106313217424,1.0540621839630924
40,0.019,26,0.07420196439533457,0.06121214633078749,4.147788324140433,567.8508287292817,0.3121466508018784,2.248037046898812,0.03196895409451987,0.03325,0.0,0.03325,0.9614723035945826,1.0400715613558258
40,0.019,27,0.07220408473160732,0.060095702526256456,4.172204604039939,561.8685748994002,0.3142338910547551,2.2460376451392943,0.030095585871751852,0.03325,0.0,0.03325,0.9051304021579504,1.1048131822949134
40,0.019,28,0.09206969059777712,0.06242633203143207,4.147318603127437,555.7611895464104,0.3123306174238678,2.243954551607187,0.030443936741716224,0.03325,0.0,0.03325,0.9156071200516157,1.0921714981242465
40,0.019,29,0.0847953216374269,0.06227092059653984,4.151298910211206,554.8461538461538,0.3114533995685633,2.2213678892195965,0.031477407310761665,0.03325,0.0,0.03325,0.9466889416770425,1.0563131731828597
40,0.06,0,0.06776039679511636,0.05351866439362346,4.2618554009035305,564.6932468523464,0.4481322187348269,2.779610444131729,0.030656930067701916,0.105,0.0,0.105,0.2919707625495421,3.4250004735673434
40,0.06,1,0.0628204147218609,0.0533127528597997,4.263882752751525,566.2460019894406,0.4459422884392552,2.7731695974596846,0.030828828404565512,0.105,0.0,0.105,0.2936078895672906,3.405903027584736
40,0.06,2,0.06022282445046673,0.05330683591131707,4.265474214326657,557.0975609756098,0.444344655610621,2.7681580660947307,0.029353353709993518,0.105,0.0,0.105,0.2795557496189859,3.577104035109015
40,0.06,3,0.06654006836308393,0.05353156120416704,4.268648185786775,562.1241929358147,0.44447404087986797,2.7735888691949793,0.028499212954138275,0.105,0.0,0.105,0.27142107575369784,3.684312270972848
40,0.06,4,0.06491950580307002,0.05495614905429078,4.263864269907564,554.1411456383377,0.4449150226137135,2.7653445752607104,0.029599848510825304,0.105,0.0,0.105,0.2819033191507172,3.547315452023318
40,0.06,5,0.06770162817114729,0.05372418018066203,4.264074354560169,560.4244604316547,0.44791343933320604,2.7683706443869562,0.029856628494481233,0.105,0.0,0.105,0.28434884280458317,3.5168069971265656
40,0.06,6,0.08351376430559851,0.05520353826796738,4.2596085991149355,572.2341478502939,0.4446466452209279,2.7453378232286614,0.03101726931170095,0.105,0.0,0.105,0.2954025648733424,3.3852109592506845
40,0.06,7,0.07701079519537783,0.055897848894006265,4.2578971353041775,562.5934316557701,0.44402879086555913,2.7658537261979115,0.030869617171929514,0.105,0.0,0.105,0.2939963540183763,3.4014027260266455
40,0.06,8,0.07199396909159442,0.054667643032763086,4.252755402294437,557.894082171127,0.4453568288590759,2.753366324571892,0.03241517392972727,0.105,0.0,0.105,0.3087159421878788,3.239223711328191
40,0.06,9,0.08241716582000151,0.05447269679651701,4.265417127446635,561.1031162332247,0.4457840386312455,2.7824250967899435,0.029993550519020466,0.105,0.0,0.105,0.28565286208590923,3.500752601243859
40,0.06,10,0.07331400671345743,0.053808369583893,4.264698360525479,564.5642355813244,0.44569364230846986,2.737340489853322,0.03054220112379445,0.105,0.0,0.105,0.2908781059408995,3.43786616997286
40,0.06,11,0.056011551907584736,0.05299133364738973,4.267692691600482,562.4227086183311,0.4450606075115502,2.7598240585479528,0.029236210498499646,0.105,0.0,0.105,0.27844009998571095,3.591436722121987
40,0.06,12,0.06056486935508231,0.054201186821221346,4.257321165679996,558.861350249207,0.4462590336042922,2.780699602564036,0.03175345317041853,0.105,0.0,0.105,0.3024138397182717,3.30672697033839
40,0.06,13,0.062428188433550365,0.054746446973598796,4.2509507271777975,566.852163921869,0.44715336509398185,2.769703916217293,0.03417612139946277,0.105,0.0,0.105,0.32548687047107405,3.072320547224254
40,0.06,14,0.09633925881289546,0.05632364777854752,4.256311082392157,557.4326604398915,0.446901052899193,2.7905545875092157,0.032331266231349215,0.105,0.0,0.105,0.30791682125094494,3.2476303046303006
40,0.06,15,0.04936862924083371,0.05346726449093328,4.2554329934150985,562.9351894112277,0.4443356853444129,2.7879352930592347,0.03197975401815119,0.105,0.0,0.105,0.3045690858871542,3.2833273182903064
40,0.06,16,0.06566232975728525,0.053381291725745135,4.266230605872868,563.0634558320019,0.4431577092327643,2.77795533088824,0.02876590525826145,0.105,0.0,0.105,0.27396100245963284,3.6501545512754006
40,0.06,17,0.060200921519752246,0.05307136916006597,4.2689120602922985,558.9877634262407,0.44565101046464406,2.7849770193147663,0.02863497438619574,0.105,0.0,0.105,0.2727140417732928,3.666844558122534
40,0.06,18,0.0700074794315632,0.053516218965830864,4.262043572583566,553.5205684367988,0.4476530370884575,2.7673573995974783,0.030844828256815025,0.105,0.0,0.105,0.29376026911252406,3.4041363150336466
40,0.06,19,0.06032253156853796,0.05377328588062138,4.254719798998936,562.9351894112277,0.45077128225238994,2.7804062958899776,0.032621925455624964,0.105,0.0,0.105,0.31068500433928536,3.218694130817927
40,0.06,20,0.06772334293948126,0.05386188093487819,4.262406883188295,561.2305475504322,0.447978665237315,2.7897362078798986,0.030086751022782666,0.105,0.0,0.105,0.2865404859312635,3.4899082297217996
40,0.06,21,0.07041619797525309,0.0540505419453343,4.255546897050124,554.970753655793,0.44599121747887693,2.747163373866699,0.031548843308046325,0.105,0.0,0.105,0.30046517436234593,3.3281727312398943
40,0.06,22,0.07763077858880779,0.05473147492540514,4.249434426681328,562.6788321167883,0.4470950505346991,2.784852382078764,0.03382826352244586,0.105,0.0,0.105,0.3221739383090082,3.1039133868142534
40,0.06,23,0.06432345508844475,0.053217638625570114,4.264478202883712,566.6788421778084,0.4437266976456158,2.789621628562215,0.03024081990826424,0.105,0.0,0.105,0.28800780865013564,3.472128081133987
40,0.06,24,0.06669657544489307,0.054072792139239864,4.262123096181706,553.3553162853298,0.4436259384965524,2.7522278686235904,0.030794047442693227,0.105,0.0,0.105,0.2932766423113641,3.409749893884581
40,0.06,25,0.059604155607795556,0.05374838860424701,4.2568609068958345,561.1880640024266,0.4490639504219871,2.775750289735573,0.03224130690496246,0.105,0.0,0.105,0.30706006576154726,3.256691805624008
40,0.06,26,0.07382803653657431,0.05422577705326924,4.258482072467331,558.6507888578546,0.45016290320199914,2.7988067371065024,0.03137771444656155,0.105,0.0,0.105,0.2988353756815386,3.3463240344934095
40,0.06,27,0.06484641638225255,0.05425575480701859,4.259166929578336,561.2730375426621,0.44590155823971145,2.7743335603180856,0.03135161344626659,0.105,0.0,0.105,0.29858679472634847,3.3491099327299088
40,0.06,28,0.06793766076562263,0.05348087784706938,4.265015388219677,559.8742623694961,0.44593448800151236,2.7655694982263315,0.029604711028890583,0.105,0.0,0.105,0.281949628846577,3.546732812136988
40,0.06,29,0.0693545960583722,0.053940483342873824,4.261169219785493,556.6792537987062,0.4459594832442235,2.788144522658699,0.03051511243709837,0.105,0.0,0.105,0.2906201184485559,3.440918011245718
40,0.25,0,0.055420773313116,0.0503231420064944,4.317511416929375,561.0606520090978,1.0646458701812662,5.190450909396412,0.029002646293885673,0.4375,0.0,0.4375,0.06629176295745297,15.08483038295142
40,0.25,1,0.057213188124720274,0.05044729590217527,4.3159968557837916,552.0368491720126,1.063843944837572,5.218538122249993,0.032756013078824836,0.4375,0.0,0.4375,0.07487088703731391,13.35632633151018
40,0.25,2,0.03926044282127368,0.05027928746229985,4.31723673539717,563.0634558320019,1.062308790278621,5.192620122835433,0.029583836062769105,0.4375,0.0,0.4375,0.06762019671490081,14.78848108378306
40,0.25,3,0.05375854214123007,0.05039138227326562,4.316365435779304,561.9111617312072,1.0643714671896305,5.225901879445711,0.032953278861729336,0.4375,0.0,0.4375,0.07532178025538135,13.276372340237607
40,0.25,4,0.04214882366464863,0.05016733980144414,4.318332148394172,567.1123457736225,1.0638154252665117,5.262995202191465,0.027985451781151163,0.4375,0.0,0.4375,0.06396674692834552,15.633122646055197
40,0.25,5,0.054693938712819364,0.05036017120493369,4.317274613217127,554.4726904922454,1.0636427373683546,5.1855119023832055,0.031146607247265777,0.4375,0.0,0.4375,0.07119224513660749,14.04647371467421
40,0.25,6,0.048893888263967004,0.05025647723444358,4.317786695969744,554.970753655793,1.0641087791591417,5.264989972986033,0.029110837793626713,0.4375,0.0,0.4375,0.06653905781400392,15.028767055813923
40,0.25,7,0.05154320987654321,0.05041407332168982,4.317423525882841,571.0,1.063336520892335,5.209110692591836,0.03042418985354345,0.4375,0.0,0.4375,0.06954100537952788,14.380004927199243
40,0.25,8,0.04525056095736724,0.050409539237421606,4.3158968738906,553.5205684367988,1.0648979263787623,5.219893464613631,0.030676976905830402,0.4375,0.0,0.4375,0.07011880435618377,14.261509579089251
40,0.25,9,0.05806943914536437,0.05036545946095479,4.315999847402192,564.6932468523464,1.0642744004435372,5.228948210846005,0.03151989371264814,0.4375,0.0,0.4375,0.07204547134319575,13.880122946748461
40,0.25,10,0.05943950580081362,0.050442680222096484,4.3164365658558435,557.51649841796,1.0664588753716089,5.250287233561748,0.03155463367633823,0.4375,0.0,0.4375,0.07212487697448737,13.864841673889142
40,0.25,11,0.08646814926498304,0.050764004937672004,4.316068613774262,557.894082171127,1.0677148225368,5.291210229705337,0.03415077970563998,0.4375,0.0,0.4375,0.07805892504146282,12.810834884913247
40,0.25,12,0.07157863145258103,0.05045307820010502,4.316430113855743,555.2617046818727,1.0639133580261841,5.201638074434319,0.03234415832716313,0.4375,0.0,0.4375,0.07392950474780144,13.526399282821364
40,0.25,13,0.048568623007780046,0.050340954922989276,4.317153539362219,558.9877634262407,1.0630890738102607,5.235414180156483,0.030816929058344437,0.4375,0.0,0.4375,0.07043869499050157,14.196742289658358
40,0.25,14,0.08707929481798062,0.05053166554303554,4.316362208382458,564.7792871861406,1.0645074421481695,5.163798262555577,0.03353814941400742,0.4375,0.0,0.4375,0.07665862723201697,13.044846172021504
40,0.25,15,0.055245703949351826,0.05036274391614206,4.3168437202506045,557.7681640036177,1.0639069000899326,5.210239920747856,0.030645033242803123,0.4375,0.0,0.4375,0.07004579026926429,14.276375441777187
40,0.25,16,0.04659581022797289,0.050227387039394805,4.317814783582395,569.9463955637708,1.0646520292502828,5.1849179791276,0.02989208600887135,0.4375,0.0,0.4375,0.06832476802027737,14.635980903780322
40,0.25,17,0.029479326186830017,0.0501472863345082,4.316697284653995,566.635528330781,1.0639794466260355,5.1316535064429205,0.030949964342571808,0.4375,0.0,0.4375,0.07074277564016414,14.135719032096489
40,0.25,18,0.04577384998866984,0.050355890950307236,4.316188491993267,558.9877634262407,1.0614043303066865,5.188319723287077,0.03201570422886564,0.4375,0.0,0.4375,0.07317875252312146,13.665168720716322
40,0.25,19,0.07114921780986763,0.05066949897020979,4.316914594209473,556.5956678700361,1.0654159998812247,5.223508879855393,0.03199802630761983,0.4375,0.0,0.4375,0.07313834584598819,13.672718304372923
40,0.25,20,0.04562334217506631,0.050326381905503495,4.317344583399567,560.8484274346343,1.0632799206359778,5.166513397506799,0.03022281565047361,0.4375,0.0,0.4375,0.06908072148679682,14.475818701330832
40,0.25,21,0.07328605200945626,0.050414642054253465,4.316742239238637,564.3493479752917,1.0649783575499896,5.231724992817848,0.03137806026243451,0.4375,0.0,0.4375,0.0717212805998503,13.942863145169317
40,0.25,22,0.04396360578025843,0.050411729022566076,4.3156654701786366,565.8138236868263,1.0665558913897257,5.284403651408994,0.032188543113894755,0.4375,0.0,0.4375,0.07357381283175944,13.591792534752695
40,0.25,23,0.08215405798210051,0.0504248580138554,4.3162910063095214,566.0730513271628,1.063777435600059,5.2674788685108025,0.030053288052803738,0.4375,0.0,0.4375,0.06869322983497997,14.557475349496231
40,0.25,24,0.045278137128072445,0.05023675557446369,4.318038414253329,563.1489993151206,1.0623405165388249,5.278641298949162,0.029654373976845838,0.4375,0.0,0.4375,0.06778142623279049,14.75330419524622
40,0.25,25,0.05249324121357765,0.0503271285948669,4.317033294234356,555.7611895464104,1.0657847859256435,5.235616548213667,0.03091209571813135,0.4375,0.0,0.4375,0.07065621878430023,14.15303588567068
40,0.25,26,0.04440840284213778,0.05035280627719126,4.316195913431548,571.528266913809,1.0639708111993968,5.150936273270058,0.03293042495663223,0.4375,0.0,0.4375,0.07526954275801653,13.285586219314395
40,0.25,27,0.05030871255431054,0.0503815831604092,4.31717065340175,564.0916990624286,1.062594105489552,5.224055266681357,0.030774471018641347,0.4375,0.0,0.4375,0.0703416480426088,14.216328843962533
40,0.25,28,0.06756044287113053,0.0505311830522432,4.315553154977463,557.3907509226482,1.0640098911826499,5.290363668243041,0.03365472720034674,0.4375,0.0,0.4375,0.0769250907436497,12.999659673232843
40,0.25,29,0.05705409910592514,0.05046004680216381,4.317130514681575,560.7211698742234,1.0651125896838494,5.230581607498269,0.031839931665264457,0.4375,0.0,0.4375,0.07277698666346162,13.740607379421215
40,1.0,0,0.04492010853180585,0.04994484788561384,4.323788112452748,557.7681640036177,3.502084706968162,14.691739274715507,0.03183409290370536,1.75,0.0,1.75,0.018190910230688778,54.972510298740346
40,1.0,1,0.03850409382606772,0.04996136812450813,4.323669028280845,545.8993140075238,3.503275325172581,15.003609116846008,0.03146245294359327,1.75,0.0,1.75,0.017978544539196152,55.6218551407116
40,1.0,2,0.05444756199287177,0.04995717181321597,4.323917157455884,561.1880640024266,3.499923472496448,14.801565485011105,0.030531700658165514,1.75,0.0,1.75,0.017446686090380293,57.31747535432401
40,1.0,3,0.04316216423050433,0.04993287757594307,4.3238200530080055,566.3325170276269,3.5034754656080622,14.881390707289473,0.031338513858041386,1.75,0.0,1.75,0.017907722204595078,55.84183117065567
40,1.0,4,0.060689655172413794,0.049978379864672934,4.323601059529053,567.0689655172414,3.500356645148713,14.824277711711753,0.031170116054100888,1.75,0.0,1.75,0.01781149488805765,56.143518906461104
40,1.0,5,0.042948522692659155,0.04995412690029947,4.323605285927763,563.5342674383186,3.504112928902032,14.765297468554811,0.03205021428407746,1.75,0.0,1.75,0.01831440816232998,54.60181902338792
40,1.0,6,0.04418960244648318,0.049966494411340115,4.323651754127322,565.7706422018349,3.5049769302422646,14.956638844644752,0.0313071278614793,1.75,0.0,1.75,0.017889787349416743,55.8978136781823
40,1.0,7,0.04442613125561882,0.04997379906549367,4.323272285790842,554.431225651783,3.5004731355875265,14.990359825143432,0.0310312086519886,1.75,0.0,1.75,0.01773211922970777,56.394838487473905
40,1.0,8,0.02958044068819801,0.049961381205105085,4.323295970421446,558.4403863567763,3.4999312066065613,14.955939398719103,0.030146918501481337,1.75,0.0,1.75,0.01722681057227505,58.04905068204599
40,1.0,9,0.06104673180337802,0.04995127108793289,4.323654463903274,560.5092024539878,3.5003709011070896,15.140459031355082,0.030279125734095958,1.75,0.0,1.75,0.017302357562340547,57.79559209760815
40,1.0,10,0.05844990548204159,0.04995374346103225,4.32388302482042,559.578449905482,3.5026030712469947,14.938514494129826,0.03213376453430396,1.75,0.0,1.75,0.018362151162459404,54.45985010974396
40,1.0,11,0.048649871775531754,0.0499489673999749,4.323992034477362,558.188112837532,3.50248225076939,14.729441390472765,0.030978740665550394,1.75,0.0,1.75,0.017702137523171655,56.490353139050306
40,1.0,12,0.048647820424423505,0.04996716130470014,4.323647537506164,566.938864628821,3.5033104996255133,14.9062553479539,0.030144988876279158,1.75,0.0,1.75,0.017225707929302374,58.05276648740317
40,1.0,13,0.06094994739215392,0.04993013770203339,4.3240332055823,556.1781151360289,3.4992036029871088,14.888510973991124,0.03053186716809874,1.75,0.0,1.75,0.017446781238913567,57.31716276522026
40,1.0,14,0.050402307575527557,0.049955486442898246,4.323652031060245,561.7408531956885,3.5032682641758583,15.02723124909569,0.032554005732400755,1.75,0.0,1.75,0.01860228898994329,53.75682533158241
40,1.0,15,0.04377585558480632,0.049958109706426126,4.323902471596986,556.6374576908612,3.4993573171377648,14.961957806104117,0.03068482099158574,1.75,0.0,1.75,0.01753418342376328,57.03145540525974
40,1.0,16,0.04229926731626256,0.049969779587917554,4.323338528062817,558.9877634262407,3.5038286159397103,15.047668810341817,0.032432202989182965,1.75,0.0,1.75,0.018532687422390264,53.95871506427341
40,1.0,17,0.06008517228029423,0.049984962927140754,4.323669283115126,572.98606271777,3.5044350370881148,15.043315842262395,0.03533923436498848,1.75,0.0,1.75,0.020193848208564846,49.52003152999182
40,1.0,18,0.044275389882084445,0.049961598968548154,4.323867560151153,562.977938379612,3.502376077376539,15.247388166150632,0.032390545813149325,1.75,0.0,1.75,0.018508883321799615,54.02811085973015
40,1.0,19,0.06582375478927203,0.049967562758929766,4.323665694451735,567.0689655172414,3.50263955295668,15.323301665158981,0.033386272363637996,1.75,0.0,1.75,0.019077869922078855,52.416753237356865
40,1.0,20,0.05896510228640193,0.04997010420247935,4.323664147537295,556.5956678700361,3.501952915394213,15.005394147501981,0.03276598499560455,1.75,0.0,1.75,0.018723419997488312,53.409046004103246
40,1.0,21,0.054872425453427603,0.04993825626082884,4.3239283920180815,568.7221026744544,3.4995898455090355,14.874751129049498,0.030622770472216083,1.75,0.0,1.75,0.017498725984123477,57.14701749757645
40,1.0,22,0.03673964093629271,0.04994662004636021,4.323742236582247,560.5939701537762,3.5008747105603106,15.062441028542507,0.03221036340378875,1.75,0.0,1.75,0.018405921945022143,54.3303401474246
40,1.0,23,0.03887573512563965,0.04994572788512451,4.323453157641805,565.2098831436646,3.5034799608692992,14.811477857047612,0.030620436436595577,1.75,0.0,1.75,0.017497392249483188,57.15137351564697
40,1.0,24,0.047485822306238185,0.04995149032188411,4.323995122469984,559.578449905482,3.5038622345018666,14.602657438459337,0.032320212342381624,1.75,0.0,1.75,0.018468692767075214,54.145683866848174
40,1.0,25,0.048218509193560695,0.04996378898157324,4.323440624975693,564.6072327763791,3.503208976588212,14.78100531445468,0.034761621540554795,1.75,0.0,1.75,0.019863783737459884,50.34287592016831
40,1.0,26,0.0467680608365019,0.04995046322031972,4.323917499205012,562.7642585551331,3.5024046873732004,15.149592004008241,0.03167561430222773,1.75,0.0,1.75,0.018100351029844416,55.24754731834589
40,1.0,27,0.039662447257383965,0.049970123895749306,4.323450665819376,567.7203682393556,3.5006882062589284,15.257303033177294,0.029621189953152133,1.75,0.0,1.75,0.016926394258944075,59.07932810152936
40,1.0,28,0.03889986324266829,0.04997615829034211,4.323411347095688,562.2520893481234,3.5006498285511043,14.889788930083574,0.03134224591639993,1.75,0.0,1.75,0.01790985480937139,55.83518183948352
40,1.0,29,0.03932541783256447,0.049961631047007765,4.323809160056212,559.6629357936928,3.502220092457719,14.936612655762639,0.032843013177667205,1.75,0.0,1.75,0.018767436101524117,53.28378338897284
