width,mix_scale,attack,rep,deanon_top1,mean_true_posterior,posterior_entropy,bandwidth_overhead,latency,latency_overhead,sigma_d,sigma_Z,sigma_eps,sigma_noise,eta,inv_eta
1,1e-06,mixnet_attribution,0,0.9984087292566493,0.9977458300582764,0.004904482168737955,2946.2593771311663,0.3242783157620579,2.2905408166025634,0.03125206761432881,1.7500000000000002e-06,0.0,1.7500000000000002e-06,17858.324351045034,5.599629508025382e-05
1,1e-06,mixnet_attribution,1,0.9965426531379181,0.9959784680174334,0.008165410991449592,2923.371739947388,0.22691082290839404,1.9172485914773747,0.032575714310212375,1.7500000000000002e-06,0.0,1.7500000000000002e-06,18614.693891549927,5.372100158219343e-05
1,1e-06,mixnet_attribution,2,0.9974943052391799,0.9968115575718985,0.007636804710122069,2953.3657555049354,0.232350621256046,1.9152079562829893,0.02950603336625119,1.7500000000000002e-06,0.0,1.7500000000000002e-06,16860.590495000677,5.930990378400503e-05
1,1e-06,mixnet_attribution,3,0.9964168636121065,0.9960530092525487,0.008359629556468818,2964.6821681786996,0.3042895011312794,2.2011615809447003,0.0325316351854487,1.7500000000000002e-06,0.0,1.7500000000000002e-06,18589.5058202564,5.379379149016062e-05
1,1e-06,mixnet_attribution,4,0.9966777408637874,0.9956969769172552,0.009803079873408971,2936.947070371489,0.23990750347729772,1.9395382510697425,0.03186674100671674,1.7500000000000002e-06,0.0,1.7500000000000002e-06,18209.566289552422,5.491618988057619e-05
1,1e-06,mixnet_attribution,5,0.9971115840681058,0.9956700183968908,0.00982657807954254,2956.789829735482,0.2748994005669374,2.0826588432057003,0.03389242864285462,1.7500000000000002e-06,0.0,1.7500000000000002e-06,19367.10208163121,5.163395100542447e-05
1,1e-06,mixnet_attribution,6,0.9978552278820375,0.9969939719602455,0.006834999954073878,2978.7980850248946,0.21583454794017598,1.8679671061141632,0.03131531398804649,1.7500000000000002e-06,0.0,1.7500000000000002e-06,17894.465136026563,5.588320144795612e-05
1,1e-06,mixnet_attribution,7,0.9971275228664298,0.996673105877957,0.007314948915332783,2939.195555219593,0.2985349766386207,2.204894084649929,0.03264291811849921,1.7500000000000002e-06,0.0,1.7500000000000002e-06,18653.096067713832,5.361040314003821e-05
1,1e-06,mixnet_attribution,8,0.9968060836501901,0.9965802174840352,0.006887372436693102,2957.6857034220534,0.23294915922451764,1.923780488661962,0.032888014159222795,1.7500000000000002e-06,0.0,1.7500000000000002e-06,18793.15094812731,5.3210874683026347e-05
1,1e-06,mixnet_attribution,9,0.9972110319181903,0.9966332094146498,0.00750587646119729,3012.9417415556245,0.22384755860548466,1.8938116472202655,0.031623607926396326,1.7500000000000002e-06,0.0,1.7500000000000002e-06,18070.6331007979,5.5338404272944125e-05
1,1e-06,mixnet_attribution,10,0.9966623682014716,0.9957426361971274,0.009050265976360553,2950.048092240006,0.3164432448975276,2.2626774309198896,0.031233829685164662,1.7500000000000002e-06,0.0,1.7500000000000002e-06,17847.902677236947,5.60289922062042e-05
1,1e-06,mixnet_attribution,11,0.9971738466238924,0.9962510728192037,0.008442989288474048,2970.2160861594866,0.24969905707985163,1.99187607989729,0.03189766633745111,1.7500000000000002e-06,0.0,1.7500000000000002e-06,18227.237907114915,5.486294769925918e-05
1,1e-06,mixnet_attribution,12,0.997112242571624,0.9962528047405947,0.008555882681176224,2956.045368189072,0.19529348297510296,1.7647430888329554,0.032970846775497165,1.7500000000000002e-06,0.0,1.7500000000000002e-06,18840.483871712662,5.307719307047164e-05
1,1e-06,mixnet_attribution,13,0.9967399545109932,0.9960859093042822,0.008598250122799918,2949.049279757392,0.18874761229380965,1.7582847898406944,0.030155789546202943,1.7500000000000002e-06,0.0,1.7500000000000002e-06,17231.879740687393,5.803197416929682e-05
1,1e-06,mixnet_attribution,14,0.996984318455971,0.9964192700928444,0.007575894626164714,2932.9062876960193,0.21212827306590043,1.8479217725221868,0.03254662965341325,1.7500000000000002e-06,0.0,1.7500000000000002e-06,18598.07408766471,5.3769008300878654e-05
1,1e-06,mixnet_attribution,15,0.9972305561966305,0.996104653931237,0.008905902918738526,2991.9497653665667,0.2616631724231411,2.023268020006739,0.031575468576023,1.7500000000000002e-06,0.0,1.7500000000000002e-06,18043.12490058457,5.542277213674897e-05
1,1e-06,mixnet_attribution,16,0.9979323020370654,0.996707500447628,0.007644474671580805,2978.508730280288,0.2274400911119301,1.90192811689012,0.03377723375067381,1.7500000000000002e-06,0.0,1.7500000000000002e-06,19301.276428956462,5.1810044982297875e-05
1,1e-06,mixnet_attribution,17,0.9969772128352193,0.9964085247889807,0.007476123364478774,3015.03270810727,0.23721949916216545,1.9457188660432505,0.03258794311883999,1.7500000000000002e-06,0.0,1.7500000000000002e-06,18621.681782194275,5.370084247472118e-05
1,1e-06,mixnet_attribution,18,0.9971475754391232,0.9956758832765573,0.00931526609614337,2920.0634289145773,0.24701129292952828,1.9946790046497296,0.03161493809549151,1.7500000000000002e-06,0.0,1.7500000000000002e-06,18065.678911709434,5.535357983982771e-05
1,1e-06,mixnet_attribution,19,0.9973767051416579,0.996026305795582,0.009122728913573965,2914.6007345225603,0.3010621035355143,2.1891108370686556,0.035042598988443516,1.7500000000000002e-06,0.0,1.7500000000000002e-06,20024.342279110577,4.99392182805026e-05
1,1e-06,mixnet_attribution,20,0.9963478657840675,0.9959107420917157,0.008759548714673701,2958.9735220269345,0.18455089171766303,1.73179029778788,0.03234124252149242,1.7500000000000002e-06,0.0,1.7500000000000002e-06,18480.71001228138,5.411047515682291e-05
1,1e-06,mixnet_attribution,21,0.9973180076628353,0.9963858814747757,0.008140325303743659,2980.2867432950193,0.2493359069339931,1.9823695769122183,0.03521740214936347,1.7500000000000002e-06,0.0,1.7500000000000002e-06,20124.229799636265,4.969134272249637e-05
1,1e-06,mixnet_attribution,22,0.9970534904805077,0.9965985770896107,0.007021827372798865,2938.1976427923846,0.22702684640535153,1.879881256137287,0.031639339942700045,1.7500000000000002e-06,0.0,1.7500000000000002e-06,18079.622824400023,5.5310888380393254e-05
1,1e-06,mixnet_attribution,23,0.9971262194660818,0.9966744100899204,0.0069906537341639175,2942.512894199501,0.27706302190199494,2.0986939833704255,0.033643464081989205,1.7500000000000002e-06,0.0,1.7500000000000002e-06,19224.836618279543,5.201604673452311e-05
1,1e-06,mixnet_attribution,24,0.9965734755860135,0.9956406625061841,0.00940963192457977,3028.2020091893155,0.21797886973945424,1.8741978154210854,0.03277733407905523,1.7500000000000002e-06,0.0,1.7500000000000002e-06,18729.90518803156,5.3390553233499636e-05
1,1e-06,mixnet_attribution,25,0.9967392128611511,0.9958973506458462,0.008541219252029773,2948.5870175172518,0.2354636143136304,1.931164021250344,0.03145196933562584,1.7500000000000002e-06,0.0,1.7500000000000002e-06,17972.55390607191,5.564039508387045e-05
1,1e-06,mixnet_attribution,26,0.9970297764906809,0.996381310783342,0.0075586430930491815,2888.0435137744116,0.25729099311865866,2.0307131585518605,0.03216876899050947,1.7500000000000002e-06,0.0,1.7500000000000002e-06,18382.153708862556,5.440058960653081e-05
1,1e-06,mixnet_attribution,27,0.9971104858946088,0.9965971155038126,0.007412864891213982,2957.3759409930803,0.27499280901975,2.0819426672961825,0.029695048462681443,1.7500000000000002e-06,0.0,1.7500000000000002e-06,16968.59912153225,5.8932384036997675e-05
1,1e-06,mixnet_attribution,28,0.9968833143291524,0.9962293050403286,0.008094568964004031,2957.0612694792853,0.2383632403507363,1.937761322106458,0.03504724831472966,1.7500000000000002e-06,0.0,1.7500000000000002e-06,20026.999036988374,4.993259340318909e-05
1,1e-06,mixnet_attribution,29,0.9972176267107836,0.9965256000594448,0.008041181949781736,2924.2181531057304,0.23245111154392362,1.9249547072867272,0.032111017324270075,1.7500000000000002e-06,0.0,1.7500000000000002e-06,18349.152756725754,5.449842906961777e-05
1,1e-06,mixnet_attribution_oracle,0,0.9971029961119159,0.9959810686056456,0.008716978890953613,2964.8123808797745,0.20639775326708332,1.820713584634555,0.03319537069917352,1.7500000000000002e-06,0.0,1.7500000000000002e-06,18968.78325667058,5.271819422831662e-05
1,1e-06,mixnet_attribution_oracle,1,0.9967970716083276,0.9954693069732009,0.010466135443485739,2965.77297338519,0.26670306429150514,2.0727119647340757,0.03798961402233111,1.7500000000000002e-06,0.0,1.7500000000000002e-06,21708.350869903486,4.606522190436873e-05
1,1e-06,mixnet_attribution_oracle,2,0.9980842911877394,0.997274895773121,0.006274671506738941,2979.3110344827587,0.2557770815328695,2.01569132497995,0.030860201554098545,1.7500000000000002e-06,0.0,1.7500000000000002e-06,17634.40088805631,5.6707341879547205e-05
1,1e-06,mixnet_attribution_oracle,3,0.9970959113488728,0.9963809706994732,0.008163643373267837,2972.081390905617,0.2262236417736858,1.9155801714786689,0.03499386923511453,1.7500000000000002e-06,0.0,1.7500000000000002e-06,19996.49670577973,5.000875976995325e-05
1,1e-06,mixnet_attribution_oracle,4,0.9961354853375767,0.995968739656934,0.008246767507081134,2947.0064408577705,0.22990742771071382,1.90811123040409,0.03232218981077632,1.7500000000000002e-06,0.0,1.7500000000000002e-06,18469.82274901504,5.414237123923283e-05
1,1e-06,mixnet_attribution_oracle,5,0.997542242703533,0.9966115375967664,0.007359707255497941,2986.6261904761905,0.18363885505823418,1.7219686872920754,0.035049394612372664,1.7500000000000002e-06,0.0,1.7500000000000002e-06,20028.22549278438,4.9929535712500974e-05
1,1e-06,mixnet_attribution_oracle,6,0.998019801980198,0.9973298871240753,0.005732002263214478,2961.9561309977153,0.24103437838493846,1.956480382408278,0.03344766492996738,1.7500000000000002e-06,0.0,1.7500000000000002e-06,19112.95138855279,5.232054326256092e-05
1,1e-06,mixnet_attribution_oracle,7,0.9984802431610942,0.9970786335249572,0.007109655123158881,2955.2919452887536,0.2051898731442634,1.8113172332889607,0.03118910533319389,1.7500000000000002e-06,0.0,1.7500000000000002e-06,17822.34590468222,5.610933629883615e-05
1,1e-06,mixnet_attribution_oracle,8,0.9972579785208318,0.9958920299906898,0.00922960612752045,2961.665092543225,0.18978699092986062,1.743719056116384,0.03282684715483587,1.7500000000000002e-06,0.0,1.7500000000000002e-06,18758.198374191925,5.3310023705465714e-05
1,1e-06,mixnet_attribution_oracle,9,0.9974116930572473,0.9968145080799461,0.006492542431008491,2960.375,0.23290597173036076,1.9305510036929434,0.03311759424936489,1.7500000000000002e-06,0.0,1.7500000000000002e-06,18924.339571065648,5.284200255679987e-05
1,1e-06,mixnet_attribution_oracle,10,0.9982825567502986,0.9969013798184668,0.007802470751676483,2903.8109318996417,0.271075291238958,2.077865438681256,0.034598488849078284,1.7500000000000002e-06,0.0,1.7500000000000002e-06,19770.56505661616,5.0580243768265644e-05
1,1e-06,mixnet_attribution_oracle,11,0.9971078468681026,0.996318065206831,0.007800451581147176,2959.5683080904178,0.24620301739196293,1.9748385594297204,0.03232273760246458,1.7500000000000002e-06,0.0,1.7500000000000002e-06,18470.135772836904,5.414145365789079e-05
1,1e-06,mixnet_attribution_oracle,12,0.9975729996207812,0.9969562768678674,0.006899559379029015,2950.0433826317785,0.19772432043100707,1.7842120631712675,0.03328258160856626,1.7500000000000002e-06,0.0,1.7500000000000002e-06,19018.618062037858,5.258005585569077e-05
1,1e-06,mixnet_attribution_oracle,13,0.9966494060310691,0.9961546873492322,0.00870616315468691,2960.9393085592446,0.24549159524030983,1.9697737410051075,0.03298276170456144,1.7500000000000002e-06,0.0,1.7500000000000002e-06,18847.292402606538,5.305801908510224e-05
1,1e-06,mixnet_attribution_oracle,14,0.9967377285486685,0.9963852969529208,0.007536743317266283,2950.5161216903116,0.24884755234234035,1.980146620539288,0.03466272016906033,1.7500000000000002e-06,0.0,1.7500000000000002e-06,19807.26866803447,5.048651668030475e-05
1,1e-06,mixnet_attribution_oracle,15,0.9964119398427361,0.995610651021209,0.009920404000693335,2968.953889609894,0.23012844144250266,1.9175692762269096,0.03471951318521872,1.7500000000000002e-06,0.0,1.7500000000000002e-06,19839.72182012498,5.040393252820822e-05
1,1e-06,mixnet_attribution_oracle,16,0.9977835524304494,0.9970367014555809,0.006586519048624968,2971.6415469275453,0.21808765930472873,1.8863492520866472,0.03120949794588159,1.7500000000000002e-06,0.0,1.7500000000000002e-06,17833.99882621805,5.607267387109412e-05
1,1e-06,mixnet_attribution_oracle,17,0.9964326375711575,0.9956707307765001,0.00938211314619783,2951.7143074003793,0.28713005807367153,2.1460118028897943,0.03247866283580137,1.7500000000000002e-06,0.0,1.7500000000000002e-06,18559.23590617221,5.388152858531379e-05
1,1e-06,mixnet_attribution_oracle,18,0.9973173909711045,0.9964878755317095,0.007991594056040134,2980.7552694105925,0.2645873091532849,2.053092615929617,0.02950322062805013,1.7500000000000002e-06,0.0,1.7500000000000002e-06,16858.983216028642,5.931555819150778e-05
1,1e-06,mixnet_attribution_oracle,19,0.9965213529716527,0.9958611620729859,0.008618528160143453,2878.44437865443,0.3566021743172314,2.401976091815206,0.03242495122594468,1.7500000000000002e-06,0.0,1.7500000000000002e-06,18528.54355768267,5.397078280258894e-05
1,1e-06,mixnet_attribution_oracle,20,0.9970917225950783,0.9961712590804251,0.008405150121937767,2899.9503355704696,0.22416614700341597,1.8906228781397882,0.03686490210898082,1.7500000000000002e-06,0.0,1.7500000000000002e-06,21065.65834798904,4.747062652781804e-05
1,1e-06,mixnet_attribution_oracle,21,0.99731656827417,0.9962744144445791,0.008445678468513997,2982.151652227248,0.23255601921118796,1.9159780856796842,0.033683103940821114,1.7500000000000002e-06,0.0,1.7500000000000002e-06,19247.487966183493,5.1954831807502933e-05
1,1e-06,mixnet_attribution_oracle,22,0.997460170861233,0.9967757971346103,0.007208881506917097,2993.321865619949,0.25068186898715794,1.99403995823748,0.034372755338306527,1.7500000000000002e-06,0.0,1.7500000000000002e-06,19641.5744790323,5.0912415451598155e-05
1,1e-06,mixnet_attribution_oracle,23,0.9974439933844534,0.9961248256046918,0.00840267985655152,2923.256277251541,0.23642927210312337,1.9444876705837026,0.0345955977003755,1.7500000000000002e-06,0.0,1.7500000000000002e-06,19768.91297164314,5.058447075134666e-05
1,1e-06,mixnet_attribution_oracle,24,0.9977457168620378,0.9965376304870546,0.00786169809130029,2922.7938082356477,0.23034272462246008,1.928469948712787,0.03388651188540247,1.7500000000000002e-06,0.0,1.7500000000000002e-06,19363.721077372837,5.1642966556078614e-05
1,1e-06,mixnet_attribution_oracle,25,0.9969453990072547,0.9962141973545205,0.00855634591784918,2970.0919434898815,0.24401453320751898,1.9834582313411784,0.03447848732481541,1.7500000000000002e-06,0.0,1.7500000000000002e-06,19701.992757037377,5.075628705846564e-05
1,1e-06,mixnet_attribution_oracle,26,0.9964834492775781,0.995900908037087,0.00936573004834675,2972.445073006651,0.23196037884918042,1.9200526849871427,0.03326214839373223,1.7500000000000002e-06,0.0,1.7500000000000002e-06,19006.94193927556,5.261235622199804e-05
1,1e-06,mixnet_attribution_oracle,27,0.9978416711631851,0.9964545810610013,0.007882209458789207,2997.2927618900794,0.22749301759176888,1.897874932818675,0.037209025359550146,1.7500000000000002e-06,0.0,1.7500000000000002e-06,21262.300205457224,4.703160007793221e-05
1,1e-06,mixnet_attribution_oracle,28,0.9969751966122202,0.9958630492476601,0.00853286125062568,2941.323578342408,0.3130847616121173,2.2536623112077123,0.034934476297842396,1.7500000000000002e-06,0.0,1.7500000000000002e-06,19962.557884481368,5.009378085647967e-05
1,1e-06,mixnet_attribution_oracle,29,0.9971830985915493,0.9962794301862277,0.008587860886888945,2961.0740768937953,0.2515067326021381,2.0065438310935155,0.031478719133376985,1.7500000000000002e-06,0.0,1.7500000000000002e-06,17987.839504786847,5.559311332157952e-05
1,0.03,mixnet_attribution,0,0.025009502090459903,0.014897476496789961,6.361799013542783,2956.2630938806537,0.3246453443716746,2.2980761157433722,0.03308651311769317,0.0525,0.0,0.0525,0.6302192974798699,1.5867492537896164
1,0.03,mixnet_attribution,1,0.024555784336154962,0.0144950294267126,6.39499923672485,2966.2194768550294,0.3282428801758215,2.325544057467657,0.03085327511867762,0.0525,0.0,0.0525,0.5876814308319547,1.7016021734502385
1,0.03,mixnet_attribution,2,0.024605103280680437,0.014436495570510246,6.375321333919817,2952.9712181044956,0.3702287344203796,2.475062287544174,0.031460622460713204,0.0525,0.0,0.0525,0.5992499516326325,1.668752742116274
1,0.03,mixnet_attribution,3,0.02441243366186505,0.014266886387413902,6.369952489568981,2947.995678544352,0.29488894407404587,2.1822979157136384,0.03133065199807845,0.0525,0.0,0.0525,0.5967743237729228,1.675675310019718
1,0.03,mixnet_attribution,4,0.02683745044220799,0.01511827574844245,6.356413973195205,2965.506023177798,0.44553369653294794,2.794603224278215,0.03360456622977724,0.0525,0.0,0.0525,0.6400869758052808,1.562287685578854
1,0.03,mixnet_attribution,5,0.026598969384662018,0.015064579901156257,6.3387130485665955,2947.0125795695667,0.31258825003169477,2.244650980073571,0.03464110188510806,0.0525,0.0,0.0525,0.6598305120972964,1.5155407057813408
1,0.03,mixnet_attribution,6,0.026498565604710856,0.01434674132261392,6.376728887986141,2936.3795862902007,0.32083616315503605,2.255103293302964,0.030961091281816733,0.0525,0.0,0.0525,0.5897350720346044,1.6956766646927894
1,0.03,mixnet_attribution,7,0.02849919558722133,0.015441121145331936,6.349803727433628,2979.8149850609057,0.3333022197475657,2.313464585919,0.03511738843371851,0.0525,0.0,0.0525,0.6689026368327335,1.4949858842462014
1,0.03,mixnet_attribution,8,0.026081620128873887,0.014946710775382817,6.374607734036343,2984.247545259282,0.3636364111152943,2.4538645752738306,0.03217608068678817,0.0525,0.0,0.0525,0.6128777273673938,1.631646828308615
1,0.03,mixnet_attribution,9,0.025757921130613176,0.014266097936791275,6.378233965051555,2955.186839905782,0.38505751290358603,2.53540854341895,0.030833189516591388,0.0525,0.0,0.0525,0.587298847935074,1.7027106447015372
1,0.03,mixnet_attribution,10,0.024977293369663943,0.01494365564200162,6.366147766976624,2943.5299727520437,0.35460806178161874,2.414808083185032,0.03275142694765417,0.0525,0.0,0.0525,0.6238367037648413,1.6029835916434878
1,0.03,mixnet_attribution,11,0.02459698781503065,0.014173030761799514,6.392030260438972,2943.7379853174903,0.43100831014453433,2.721109596407849,0.029696436924124874,0.0525,0.0,0.0525,0.5656464176023785,1.7678888593314677
1,0.03,mixnet_attribution,12,0.027364709489498696,0.015309587806411885,6.368313341613432,2980.696841943891,0.34368179613375105,2.3685521024010936,0.03287366832406719,0.0525,0.0,0.0525,0.6261651109346132,1.5970228659137546
1,0.03,mixnet_attribution,13,0.025051554265638126,0.014205454530258232,6.365658365507905,2969.993966241503,0.33528876639320515,2.343970173280457,0.03203261899072134,0.0525,0.0,0.0525,0.6101451236327874,1.6389543426095539
1,0.03,mixnet_attribution,14,0.029576823904140754,0.015331815987717419,6.341345732165947,2949.535037160625,0.3207628026138991,2.2811216132500816,0.03501077911145406,0.0525,0.0,0.0525,0.6668719830753155,1.4995381803092807
1,0.03,mixnet_attribution,15,0.02401729863309908,0.014857133049908799,6.368635821071679,3003.8744304579504,0.3312068291124888,2.318861558317153,0.03279753632753933,0.0525,0.0,0.0525,0.6247149776674159,1.6007299900729728
1,0.03,mixnet_attribution,16,0.024418073938840712,0.01473795933411661,6.35960695841339,2957.440818499924,0.31987462981487624,2.246383305604505,0.032665012954438764,0.0525,0.0,0.0525,0.6221907229416908,1.6072242210106304
1,0.03,mixnet_attribution,17,0.023318248063204726,0.015502067536368791,6.362092814024833,2983.183861317788,0.3065977180667687,2.2094176951083915,0.034275589381843205,0.0525,0.0,0.0525,0.6528683691779659,1.531702326548783
1,0.03,mixnet_attribution,18,0.02508361204013378,0.014310174134055264,6.3699435985961,2955.946184250532,0.3289584221492987,2.306411802042278,0.03186287254699997,0.0525,0.0,0.0525,0.6069118580380947,1.647685717053879
1,0.03,mixnet_attribution,19,0.021742412803865317,0.014211314935247896,6.374177664428729,2936.8558055261965,0.3301256944250781,2.3181604924029013,0.03150064430444825,0.0525,0.0,0.0525,0.600012272465681,1.6666325771814894
1,0.03,mixnet_attribution,20,0.026176402855607583,0.015243434874044623,6.360897828341452,2985.1514546710678,0.32515115386922844,2.301213044498025,0.03312672910702487,0.0525,0.0,0.0525,0.6309853163242832,1.5848229334802277
1,0.03,mixnet_attribution,21,0.028203001281954604,0.015143244381039882,6.353369865769463,2932.6437674383533,0.33246157120447606,2.3424364055956373,0.03303298985540445,0.0525,0.0,0.0525,0.6291998067696085,1.5893202592259628
1,0.03,mixnet_attribution,22,0.025355737208598243,0.01414996101170272,6.378869800254579,2943.4515591886166,0.37376293051056564,2.4765919729968338,0.030931544335112696,0.0525,0.0,0.0525,0.5891722730497657,1.6972964372943817
1,0.03,mixnet_attribution,23,0.026525803754655318,0.014691016112637015,6.369689979897283,2955.8099870791216,0.30539491068338975,2.214771344698581,0.03227726077575183,0.0525,0.0,0.0525,0.6148049671571778,1.626532076707092
1,0.03,mixnet_attribution,24,0.023407317627452465,0.014619854590201844,6.365081224000277,2946.1849859859103,0.33974562893854454,2.3444006512960494,0.032443024818630484,0.0525,0.0,0.0525,0.6179623774977235,1.6182214911678565
1,0.03,mixnet_attribution,25,0.02451719975859988,0.01432369401488111,6.372761981475338,2933.669206397103,0.3142773529107217,2.2605809364994385,0.03117063441636944,0.0525,0.0,0.0525,0.5937263698356084,1.6842775574830557
1,0.03,mixnet_attribution,26,0.025498975487592015,0.01515951219854661,6.355957460822155,2950.9298778174093,0.3036164563964121,2.216730294639246,0.033110754793864015,0.0525,0.0,0.0525,0.6306810436926479,1.585587532716987
1,0.03,mixnet_attribution,27,0.02751543095114152,0.016641828607987373,6.351019637730578,2892.61924592846,0.41163122819853015,2.602406043113644,0.033716407317956734,0.0525,0.0,0.0525,0.642217282246795,1.5571054028653721
1,0.03,mixnet_attribution,28,0.025581742243436754,0.01531087244526989,6.365201930077839,2900.415498210024,0.31279442412778735,2.2506028698887444,0.032807284543969056,0.0525,0.0,0.0525,0.624900657980363,1.6002543559994526
1,0.03,mixnet_attribution,29,0.02474793767186068,0.014621435384623745,6.35371756258705,2969.685609532539,0.34109367019846104,2.3770999969606095,0.0327090350477379,0.0525,0.0,0.0525,0.6230292390045314,1.6050611069197775
1,0.03,mixnet_attribution_oracle,0,0.029055136124456645,0.0149471023875622,6.376880488990799,2966.0048806527875,0.29133336231461726,2.1519534543696643,0.03192436077328979,0.0525,0.0,0.0525,0.6080830623483771,1.6445121759156807
1,0.03,mixnet_attribution_oracle,1,0.02384557153671461,0.014564732878728311,6.3881575010903155,2943.595382286147,0.3213473217911087,2.263078328383399,0.030954108454795754,0.0525,0.0,0.0525,0.5896020658056335,1.6960591863490133
1,0.03,mixnet_attribution_oracle,2,0.028904358353510896,0.016368220241699552,6.3248911322252255,2942.3384533898306,0.38313119116355665,2.488730259308459,0.03620439917908776,0.0525,0.0,0.0525,0.6896076034111954,1.4501000207268968
1,0.03,mixnet_attribution_oracle,3,0.024818633066055747,0.014154265378889357,6.396913356143947,2970.505154639175,0.34236304980004206,2.344038890240843,0.02992596823880398,0.0525,0.0,0.0525,0.5700184426438853,1.7543292026864161
1,0.03,mixnet_attribution_oracle,4,0.023611949305974652,0.014298589987735703,6.36825469340038,2933.6903289076645,0.3206007191329263,2.2819818002467382,0.031565324947182886,0.0525,0.0,0.0525,0.6012442847082454,1.6632174732193108
1,0.03,mixnet_attribution_oracle,5,0.023962993857587017,0.014555035767624918,6.377714009539228,2949.601577310988,0.3825201097060926,2.5163536143651566,0.03244491561820254,0.0525,0.0,0.0525,0.6179983927276675,1.618127185713683
1,0.03,mixnet_attribution_oracle,6,0.0271338451014669,0.01592773096727649,6.34912295295447,2954.8734513946947,0.37088511703768745,2.4654085112793336,0.03500856774302066,0.0525,0.0,0.0525,0.6668298617718221,1.49963290087657
1,0.03,mixnet_attribution_oracle,7,0.027681399909488612,0.014825955668124483,6.362022950587036,2934.799140141801,0.3630395722866524,2.423509685092216,0.03275996926461827,0.0525,0.0,0.0525,0.6239994145641575,1.602565606088695
1,0.03,mixnet_attribution_oracle,8,0.026250580765061173,0.015053059579877378,6.351705421567276,3011.4495895926902,0.31287614902248606,2.218142536328154,0.03353519577430468,0.0525,0.0,0.0525,0.6387656337962796,1.565519412897733
1,0.03,mixnet_attribution_oracle,9,0.027581009796533534,0.016443417847052222,6.344685802006606,2930.5836473247928,0.2752165829879232,2.0924994822365965,0.0339052991077112,0.0525,0.0,0.0525,0.645815221099261,1.5484305221203531
1,0.03,mixnet_attribution_oracle,10,0.027660536629484474,0.015849370671333567,6.355529189736252,2931.756858607175,0.30426178680500016,2.20899771773463,0.034464656922666204,0.0525,0.0,0.0525,0.6564696556698325,1.523299655000267
1,0.03,mixnet_attribution_oracle,11,0.02666564792176039,0.015627526313221594,6.363627422040589,2971.2702475550122,0.3081259512982797,2.214638560846337,0.03423511609342018,0.0525,0.0,0.0525,0.6520974493984796,1.5335131289386876
1,0.03,mixnet_attribution_oracle,12,0.023564954682779457,0.014387558621589573,6.366235320654155,2936.866993957704,0.3670593012939207,2.4523287876959445,0.031477398619917246,0.0525,0.0,0.0525,0.5995694975222333,1.6678633655190538
1,0.03,mixnet_attribution_oracle,13,0.0250019056330513,0.015120999402014272,6.37326103904964,2965.0676118606602,0.3824302197317593,2.488270970969493,0.032297443077329076,0.0525,0.0,0.0525,0.6151893919491253,1.6255156754762405
1,0.03,mixnet_attribution_oracle,14,0.02249134948096886,0.014808888169598335,6.388801512046278,2925.596208816007,0.3709509493492078,2.4831788186273496,0.031547128831737256,0.0525,0.0,0.0525,0.6008976920330906,1.6641768029039647
1,0.03,mixnet_attribution_oracle,15,0.02624372432679142,0.014699656495405866,6.371976277298661,2958.1767838125666,0.4269748005317524,2.702378316388172,0.031941266340520656,0.0525,0.0,0.0525,0.6084050731527745,1.643641784276992
1,0.03,mixnet_attribution_oracle,16,0.025780710504104964,0.014482136991162142,6.370701737895702,2984.0510243228728,0.4094388675875962,2.6421211631768755,0.031899488204617174,0.0525,0.0,0.0525,0.6076092991355653,1.6457944297802583
1,0.03,mixnet_attribution_oracle,17,0.0280814737157406,0.01437290283405439,6.3661809394021045,2912.462183615396,0.4016917465196457,2.5940496406883815,0.031165898648527073,0.0525,0.0,0.0525,0.5936361647338491,1.6845334893778585
1,0.03,mixnet_attribution_oracle,18,0.02412950519242517,0.014182723401726497,6.3791118073561615,2969.5511606597433,0.33454125761636533,2.3306195483192402,0.030765072839458903,0.0525,0.0,0.0525,0.5860013874182648,1.706480601361169
1,0.03,mixnet_attribution_oracle,19,0.024519600307455803,0.014748159674723376,6.345700715000986,2989.4098385857033,0.3473122306750156,2.395218979540158,0.033887616359128445,0.0525,0.0,0.0525,0.6454784068405418,1.5492385018652355
1,0.03,mixnet_attribution_oracle,20,0.025919925943068734,0.015039022600788656,6.372419595912974,3000.0097199722286,0.5941388944047503,3.381308381057226,0.032603664763850106,0.0525,0.0,0.0525,0.6210221859780972,1.6102484300541058
1,0.03,mixnet_attribution_oracle,21,0.024458157736303433,0.01480441647375747,6.3732354588041416,2926.74954846478,0.3312289262248669,2.321140131967444,0.03224796754555765,0.0525,0.0,0.0525,0.6142470008677647,1.628009576908427
1,0.03,mixnet_attribution_oracle,22,0.026449412656309207,0.014492560546756836,6.368181327647447,2948.244031830239,0.3405122630065307,2.3522338977447608,0.03173022040753084,0.0525,0.0,0.0525,0.604385150619635,1.6545740724681404
1,0.03,mixnet_attribution_oracle,23,0.02754108338405356,0.014439810442260113,6.3961134731948714,2959.433962264151,0.3607991228927858,2.4255507923224133,0.02991802863442735,0.0525,0.0,0.0525,0.5698672120843306,1.7547947641037773
1,0.03,mixnet_attribution_oracle,24,0.023473458115986497,0.01386683011869069,6.378235443026872,2983.6011813439704,0.3481842670880724,2.381451134861682,0.030677740594736234,0.0525,0.0,0.0525,0.584337916090214,1.7113385465228192
1,0.03,mixnet_attribution_oracle,25,0.02807070783703816,0.01651786839841932,6.373553286035758,2950.518245960094,0.4220494342443999,2.672093867527638,0.03460839651344887,0.0525,0.0,0.0525,0.6592075526371214,1.5169729108830114
1,0.03,mixnet_attribution_oracle,26,0.02450568745705779,0.015342522346860272,6.369327331019663,2968.24658370868,0.30467286219936796,2.208983164727528,0.03423101447615163,0.0525,0.0,0.0525,0.6520193233552691,1.5336968770404444
1,0.03,mixnet_attribution_oracle,27,0.030800821355236138,0.01591063425096546,6.345321337577545,2957.3768347402843,0.3190288672631141,2.257552103479944,0.03520135430958554,0.0525,0.0,0.0525,0.6705019868492484,1.491419890788234
1,0.03,mixnet_attribution_oracle,28,0.024134550116901726,0.015987824654647723,6.36246475703453,2932.8262312391585,0.38425075277336873,2.5195036533025847,0.03395666683856433,0.0525,0.0,0.0525,0.646793654067892,1.5460881437390122
1,0.03,mixnet_attribution_oracle,29,0.022846050470359862,0.01456951665736615,6.395249720431711,2904.0524861878453,0.35803621241939254,2.4215385253273034,0.03142639746650577,0.0525,0.0,0.0525,0.5985980469810623,1.6705701013281733
1,0.06,mixnet_attribution,0,0.016276239732278673,0.01129583551839351,6.548387933564395,2957.434058411926,0.4077602281467989,2.615193700763187,0.033510434668570205,0.105,0.0,0.105,0.31914699684352577,3.133352373327482
1,0.06,mixnet_attribution,1,0.01612289907977793,0.011387016107544657,6.547727251531254,2958.5722108145105,0.4098325233790092,2.6152611767754075,0.03315917517158292,0.105,0.0,0.105,0.3158016683007897,3.166544386483532
1,0.06,mixnet_attribution,2,0.01844822350440328,0.011308880531900383,6.551317058138392,2952.3091406012754,0.4711692936834879,2.8807766622517397,0.03320263419210179,0.105,0.0,0.105,0.31621556373430276,3.162399687702408
1,0.06,mixnet_attribution,3,0.017919209083185294,0.011295386124491125,6.555472889610955,3004.554800339847,0.4724776601942722,2.9151509024360567,0.032294891871414294,0.105,0.0,0.105,0.30757039877537423,3.251288173314504
1,0.06,mixnet_attribution,4,0.016772920461445052,0.011270035275963293,6.546684153761091,2951.683970856102,0.5493607142416295,3.2303534675475487,0.033106980184788484,0.105,0.0,0.105,0.3153045731884618,3.1715366189829624
1,0.06,mixnet_attribution,5,0.018987826353265447,0.011402562720677521,6.552354441696739,2977.4607610443304,0.43912055768305436,2.799807482490717,0.03232089814372257,0.105,0.0,0.105,0.30781807755926255,3.2486720985627473
1,0.06,mixnet_attribution,6,0.01773986562995395,0.01138534236984199,6.5511515658632735,2936.5359704083944,0.4049058788223192,2.6121460165074666,0.03298789524375367,0.105,0.0,0.105,0.31417043089289215,3.1829857353473305
1,0.06,mixnet_attribution,7,0.01781053278059266,0.011412740483639777,6.549657673290267,2985.466451711961,0.4503299834905192,2.802923984210568,0.03300295252143689,0.105,0.0,0.105,0.3143138335374942,3.1815335289107183
1,0.06,mixnet_attribution,8,0.01961675376808301,0.01140758590833722,6.545357546698599,2945.68128455654,0.41010000521782786,2.62560587374249,0.03440852707497768,0.105,0.0,0.105,0.3277002578569303,3.051569158168277
1,0.06,mixnet_attribution,9,0.015169811320754716,0.011114373563379482,6.564190658223461,2935.2205283018866,0.412965027440805,2.6306288544341787,0.02920690192761489,0.105,0.0,0.105,0.27816097073918944,3.595040660602326
1,0.06,mixnet_attribution,10,0.015574691126918757,0.011140739458654868,6.557685265800313,2911.9201797079745,0.4193304310902022,2.6570192884269304,0.03075563325173993,0.105,0.0,0.105,0.29291079287371363,3.414008716405144
1,0.06,mixnet_attribution,11,0.017665422980278688,0.011175875705667856,6.554285042886268,2961.30556613112,0.4302527419058606,2.717056379858308,0.03216141850905562,0.105,0.0,0.105,0.30629922389576786,3.26478137058648
1,0.06,mixnet_attribution,12,0.015063907486305539,0.011221818708490658,6.554461027849737,2958.113131466829,0.49736551026580855,2.963670203491309,0.03272797092215031,0.105,0.0,0.105,0.3116949611633363,3.208264889068816
1,0.06,mixnet_attribution,13,0.019220622597422174,0.011361890039113965,6.548641907662619,2930.3223788347027,0.45329151465557516,2.8003672557116612,0.032495779726312075,0.105,0.0,0.105,0.3094836164410674,3.2311888154196438
1,0.06,mixnet_attribution,14,0.020370933414411676,0.011346058691598559,6.5482830016598665,2955.9556096077836,0.46249188465299085,2.84977624530153,0.03338419656040587,0.105,0.0,0.105,0.3179447291467226,3.1452007482046604
1,0.06,mixnet_attribution,15,0.01692460166196539,0.011272585897526539,6.550855214814918,2965.123046428299,0.4067086610593833,2.63332274008107,0.032362044136673096,0.105,0.0,0.105,0.3082099441587914,3.2445416475102267
1,0.06,mixnet_attribution,16,0.01869303259694114,0.011679641972224389,6.549879855028207,3004.1459137957672,0.4960221382789314,2.9665192230162893,0.03295222204703377,0.105,0.0,0.105,0.31383068616222637,3.1864315508110534
1,0.06,mixnet_attribution,17,0.01656218558935067,0.011276085566476126,6.551993661438601,3009.9840569615353,0.42697362453327514,2.7042201309550062,0.03252427816114651,0.105,0.0,0.105,0.30975503010615724,3.228357581981111
1,0.06,mixnet_attribution,18,0.019633110976349302,0.011390243068454263,6.556760962363524,2948.1409187386294,0.3954696383443661,2.5635679101682256,0.03206541271655391,0.105,0.0,0.105,0.30538488301479916,3.2745563242288567
1,0.06,mixnet_attribution,19,0.015895844372114148,0.011147145315280129,6.558740745051664,2943.7881311028686,0.3983685896964744,2.599033227883963,0.030668436027965745,0.105,0.0,0.105,0.2920803431234833,3.4237155068570577
1,0.06,mixnet_attribution,20,0.0170863309352518,0.011340040653210403,6.552480403000434,2914.926184052758,0.4676670822664164,2.843724224201061,0.03280890449863379,0.105,0.0,0.105,0.3124657571298456,3.2003506854175017
1,0.06,mixnet_attribution,21,0.018880749188127786,0.011364378460498975,6.5480124614912185,2937.2656143795784,0.43144635419594124,2.712042103421122,0.03279873159864846,0.105,0.0,0.105,0.3123688723680806,3.2013433106153024
1,0.06,mixnet_attribution,22,0.017045020255293128,0.011098666331167174,6.565005651765548,2971.9153099442024,0.3780418456881307,2.495292406789814,0.029889858227308982,0.105,0.0,0.105,0.28466531645056176,3.512897224252016
1,0.06,mixnet_attribution,23,0.01633913108952639,0.011509975102732961,6.545800623405719,2927.8704916798433,0.47616092636599205,2.860441397497488,0.03351607306586705,0.105,0.0,0.105,0.31920069586540045,3.132825250549193
1,0.06,mixnet_attribution,24,0.018947686268589115,0.011242354891104292,6.557273897691235,2935.6276892881406,0.39842790344846435,2.5768250512693447,0.03218497978869778,0.105,0.0,0.105,0.30652361703521697,3.262391360484006
1,0.06,mixnet_attribution,25,0.022148561096881122,0.011519955693727551,6.544036956127326,2929.274220280247,0.40404338264488615,2.6212167492806637,0.034442023353890426,0.105,0.0,0.105,0.32801927003705167,3.0486013821293003
1,0.06,mixnet_attribution,26,0.01606455992156271,0.011293936587097092,6.546796974306586,2933.0931442793576,0.3970686940010637,2.5726948927643782,0.033140326866298794,0.105,0.0,0.105,0.3156221606314171,3.1683453341788566
1,0.06,mixnet_attribution,27,0.01693616369070427,0.011173956655568971,6.560945665535718,2980.626178251207,0.44824562600115314,2.7784994368554443,0.03117106101019527,0.105,0.0,0.105,0.2968672477161455,3.3685090143597334
1,0.06,mixnet_attribution,28,0.018687329079307202,0.011347886328081135,6.5497558932365605,2954.072318444242,0.4256029005337041,2.654962444181187,0.0327468705676663,0.105,0.0,0.105,0.3118749577872981,3.206413259643662
1,0.06,mixnet_attribution,29,0.017640823743185947,0.011295111736275181,6.552907936930743,2944.586235614779,0.4136704702686984,2.656889924613492,0.03211100600183742,0.105,0.0,0.105,0.305819104779404,3.269906897155194
1,0.06,mixnet_attribution_oracle,0,0.017283386630120297,0.01109624798563348,6.56207145362452,2961.024592660271,0.44845675432588905,2.7809076689514676,0.03033423407880895,0.105,0.0,0.105,0.2888974674172281,3.4614356745322095
1,0.06,mixnet_attribution_oracle,1,0.01564862413063199,0.011332315517496291,6.55335255172143,2941.0815693982463,0.4348021604528185,2.7412395690894606,0.03263133940178204,0.105,0.0,0.105,0.3107746609693528,3.2177655568212993
1,0.06,mixnet_attribution_oracle,2,0.020228136882129277,0.011563220004835138,6.550629805730651,2957.4990874524715,0.4027680714498274,2.6013213371056647,0.032613634630559225,0.105,0.0,0.105,0.3106060441005641,3.219512366205703
1,0.06,mixnet_attribution_oracle,3,0.01973934913497447,0.01162053495245659,6.5414385717826535,2964.168813352641,0.49578805488999933,2.9712859202880386,0.03386217753850165,0.105,0.0,0.105,0.322496928938111,3.1008047217463757
1,0.06,mixnet_attribution_oracle,4,0.021014331328432466,0.011401104961446846,6.558099971055966,2887.85980545036,0.3907250141783152,2.5582099223885244,0.030757799704906028,0.105,0.0,0.105,0.2929314257610098,3.4137682476439286
1,0.06,mixnet_attribution_oracle,5,0.018661811561219845,0.011255746140768562,6.551842133604584,2950.666211500531,0.42013109754770994,2.6886925575199303,0.03186460528742337,0.105,0.0,0.105,0.303472431308794,3.295192237684564
1,0.06,mixnet_attribution_oracle,6,0.016161921305037383,0.011370870893424681,6.55165154992747,2936.97326485915,0.4582359529158566,2.795659453164886,0.03272392507052556,0.105,0.0,0.105,0.31165642924310055,3.2086615457561205
1,0.06,mixnet_attribution_oracle,7,0.017916540671303296,0.011266514348694858,6.553903856965416,2940.1376625340185,0.41625696065602824,2.66153776429897,0.03160019542356618,0.105,0.0,0.105,0.30095424212920174,3.32276426118856
1,0.06,mixnet_attribution_oracle,8,0.017592167661006578,0.011214804608670467,6.559186512225774,2974.200933149763,0.4476712696196046,2.758053383146636,0.03130031083458105,0.105,0.0,0.105,0.2980981984245814,3.354599273946968
1,0.06,mixnet_attribution_oracle,9,0.015259641664136046,0.011233405472243732,6.560615847369475,2953.076450045551,0.40431886160513386,2.645755769578548,0.031228714801786663,0.105,0.0,0.105,0.29741633144558727,3.3622901443895707
1,0.06,mixnet_attribution_oracle,10,0.01808884139825981,0.011429461355393737,6.542961739808526,2967.7877423294153,0.4185703486436978,2.6622852239630457,0.034650854274037496,0.105,0.0,0.105,0.33000813594321426,3.0302283219225656
1,0.06,mixnet_attribution_oracle,11,0.017550495498903095,0.011269055093485596,6.553201745060455,2942.579922838339,0.4193020417005755,2.694075100986733,0.03217238332837717,0.105,0.0,0.105,0.30640365074644926,3.2636686852909125
1,0.06,mixnet_attribution_oracle,12,0.020595309681298857,0.011265128768210233,6.554627920052527,2923.190243535779,0.4236921419214923,2.713397342442267,0.03122817233601699,0.105,0.0,0.105,0.2974111651049237,3.3623485508595814
1,0.06,mixnet_attribution_oracle,13,0.019507734511925626,0.011534795834094934,6.538553735117203,2963.299702811857,0.42104877857491374,2.659537107531516,0.035849254627989185,0.105,0.0,0.105,0.34142147264751604,2.9289311894931727
1,0.06,mixnet_attribution_oracle,14,0.01665034280117532,0.01123505136142748,6.552770221755323,2929.921494763806,0.4391058002074715,2.7383818020650614,0.03296075322454863,0.105,0.0,0.105,0.3139119354718917,3.185606811976545
1,0.06,mixnet_attribution_oracle,15,0.018317245572698943,0.01129682563244114,6.54642691748432,2955.850573839021,0.46955602400703356,2.8669062542741237,0.033187383824912826,0.105,0.0,0.105,0.3160703221420269,3.1638528831904935
1,0.06,mixnet_attribution_oracle,16,0.017918414029736943,0.011395482828292634,6.545925076231214,2965.3740754860846,0.4503015706432052,2.7644645958826985,0.03341200136273176,0.105,0.0,0.105,0.3182095367879215,3.14258337476062
1,0.06,mixnet_attribution_oracle,17,0.01812203700871693,0.011664016459890646,6.545136520362814,2973.4440281388593,0.6620225836231839,3.5745303679921685,0.03495104158665206,0.105,0.0,0.105,0.33286706273001965,3.004202313675822
1,0.06,mixnet_attribution_oracle,18,0.018286232431615534,0.011319672182091223,6.5479789089914915,2937.948843886958,0.41857723746215925,2.6633172285728834,0.032566820700152044,0.105,0.0,0.105,0.3101601971443052,3.224140328795122
1,0.06,mixnet_attribution_oracle,19,0.017983155019348964,0.011179673091144721,6.557344463817192,2950.815312239168,0.39100593255716376,2.5746599184465735,0.03196668925582191,0.105,0.0,0.105,0.3044446595792563,3.2846692117444394
1,0.06,mixnet_attribution_oracle,20,0.018647839766710153,0.011257484859371766,6.555461137448541,2984.9299363057326,0.5030900895944797,2.9981242844303715,0.03119497088708001,0.105,0.0,0.105,0.29709496082933345,3.365927167557888
1,0.06,mixnet_attribution_oracle,21,0.017401215805471125,0.011384944823040291,6.536853745134871,2955.479255319149,0.41829511686228216,2.638406104457685,0.03489468925709356,0.105,0.0,0.105,0.33233037387708153,3.0090538771212896
1,0.06,mixnet_attribution_oracle,22,0.017543859649122806,0.011303999149718693,6.550941963611108,2966.9798627002288,0.3730141210544389,2.4609012272320014,0.03236099602048176,0.105,0.0,0.105,0.30819996209982625,3.2446467325524817
1,0.06,mixnet_attribution_oracle,23,0.01693616369070427,0.011225930386996333,6.556615937662896,2980.8501034562037,0.4765955380280502,2.925070569771103,0.031572332336564916,0.105,0.0,0.105,0.30068887939585637,3.325696653661414
1,0.06,mixnet_attribution_oracle,24,0.01880564937058643,0.011328071552277238,6.544592566140878,2986.1578906969603,0.43343556160107255,2.6890461389910527,0.03317556762928154,0.105,0.0,0.105,0.3159577869455385,3.164979757793941
1,0.06,mixnet_attribution_oracle,25,0.018700114025085517,0.011311564837911467,6.549225865448933,2955.958494868871,0.5014861649542581,2.999656469700578,0.032482466362990424,0.105,0.0,0.105,0.3093568225046707,3.232513160381009
1,0.06,mixnet_attribution_oracle,26,0.016398397944532607,0.011237195648669712,6.55427423995723,2939.3459532985717,0.39587446727091447,2.5801197277024306,0.03138374061222686,0.105,0.0,0.105,0.2988927677354939,3.3456814883020294
1,0.06,mixnet_attribution_oracle,27,0.01772190245380188,0.011473888011685605,6.546027922490639,2946.376098152075,0.43429661000845954,2.7194540208662374,0.033545442016127004,0.105,0.0,0.105,0.3194804001535905,3.1300824699081664
1,0.06,mixnet_attribution_oracle,28,0.01776707069186178,0.011181833653088391,6.556469325668405,2927.941428894075,0.45331432842067443,2.818210617899523,0.031423818979404945,0.105,0.0,0.105,0.2992744664705233,3.3414143605147615
1,0.06,mixnet_attribution_oracle,29,0.018484985664704995,0.01131598685116377,6.551609057895824,2934.2832352497358,0.3942788711283356,2.553474302983057,0.032345358229840804,0.105,0.0,0.105,0.30805103076038864,3.2462153998693486
1,0.12,mixnet_attribution,0,0.015634441087613294,0.010402475379023063,6.622129228924817,2937.0672960725074,0.6388480524765328,3.5567167888548963,0.03339947336121217,0.21,0.0,0.21,0.15904511124386747,6.287524289047007
1,0.12,mixnet_attribution,1,0.014085573646346081,0.01034788603085675,6.620120266567396,2945.153502461189,0.6348570505506359,3.5384404693043385,0.03223535955393177,0.21,0.0,0.21,0.15350171216157985,6.514585315813118
1,0.12,mixnet_attribution,2,0.012692307692307692,0.010376069457992685,6.617832330798756,2991.6323846153846,0.582267193851294,3.2819491336995905,0.03270194124567887,0.21,0.0,0.21,0.15572352974132797,6.42163712613693
1,0.12,mixnet_attribution,3,0.013309875315535838,0.010357531792441078,6.619998496949656,2975.4097758739385,0.625942298094742,3.4742730970961975,0.03156519997732401,0.21,0.0,0.21,0.1503104760824953,6.65289623227038
1,0.12,mixnet_attribution,4,0.012891207153502235,0.010397344646500075,6.6177150794808215,2898.505290611028,0.6462186546414159,3.5627534570080814,0.034655802832416836,0.21,0.0,0.21,0.16502763253531827,6.059591261396698
1,0.12,mixnet_attribution,5,0.015234613040828763,0.010367817571206573,6.617890137206848,2962.1687233394273,0.7095855099032633,3.8228774625019337,0.03365647250380453,0.21,0.0,0.21,0.1602689166847835,6.239513067694826
1,0.12,mixnet_attribution,6,0.014133474416143904,0.010383533147523674,6.618175024561512,2939.0482956692617,0.9233475900546182,4.674238729487314,0.03411246706379109,0.21,0.0,0.21,0.16244031935138614,6.156107079775122
1,0.12,mixnet_attribution,7,0.011721723245547268,0.010357476083811922,6.618457466029747,2960.2946414979447,0.6884602721838746,3.736912576501618,0.03428104334064868,0.21,0.0,0.21,0.1632430635268985,6.125834558570535
1,0.12,mixnet_attribution,8,0.012439320388349514,0.010342460074190252,6.621419952235492,2950.1390321601943,0.7125063830171712,3.8142885175449397,0.030723632834768786,0.21,0.0,0.21,0.146303013498899,6.835129202636182
1,0.12,mixnet_attribution,9,0.013486176668914362,0.010442897709658226,6.615386623844279,2914.0427062261183,0.5852513141871896,3.3580939526454348,0.0350465388003714,0.21,0.0,0.21,0.16688828000176859,5.99203251414301
1,0.12,mixnet_attribution,10,0.014132664691132892,0.010398195299462723,6.619704016920221,2955.576096041334,0.6131479984032921,3.4617919797270726,0.03189562600233692,0.21,0.0,0.21,0.1518839333444615,6.583974868046602
1,0.12,mixnet_attribution,11,0.013313161875945537,0.010363250946194703,6.621375482318886,2942.0556732223904,0.6675306745164562,3.645253784690439,0.03208568175075896,0.21,0.0,0.21,0.15278896071789982,6.544975470095244
1,0.12,mixnet_attribution,12,0.016110732924892218,0.010376969622184656,6.6223455185300555,2941.273882459723,0.6045680124079809,3.402378836700328,0.03187983794156225,0.21,0.0,0.21,0.1518087521026774,6.587235493007938
1,0.12,mixnet_attribution,13,0.014093044400666768,0.010394643274064645,6.619028237045057,2947.187149568116,0.7306428915180732,3.8584297960015865,0.03425158851905893,0.21,0.0,0.21,0.1631028024717092,6.131102500053326
1,0.12,mixnet_attribution,14,0.012975256487628244,0.010374165653911718,6.619780502000652,2933.1016143633074,0.5975725863245316,3.395221974166585,0.032663281951226676,0.21,0.0,0.21,0.1555394378629842,6.42923758590993
1,0.12,mixnet_attribution,15,0.013608057199969248,0.01038253031955596,6.6183195670993555,2990.235104174675,0.5926516079925932,3.342678721684553,0.03428011372222037,0.21,0.0,0.21,0.16323863677247794,6.126000680793483
1,0.12,mixnet_attribution,16,0.012525465932241757,0.010395245686548045,6.618782136824307,2933.7959707236096,0.6226692353957333,3.437225196993322,0.031352410556085196,0.21,0.0,0.21,0.14929719312421522,6.6980495686077655
1,0.12,mixnet_attribution,17,0.014214426130349312,0.010397935853250799,6.618683683385299,2940.7076213518826,0.6355473320872989,3.510196960366648,0.032119833293933045,0.21,0.0,0.21,0.1529515871139669,6.53801649835044
1,0.12,mixnet_attribution,18,0.013879356363913674,0.010421324147554057,6.61666311198263,2966.2986349424236,0.6214782496390399,3.453141291734977,0.03456838175845434,0.21,0.0,0.21,0.16461134170692546,6.0749155533912305
1,0.12,mixnet_attribution,19,0.01373244869618886,0.01042590656900139,6.614887243916595,3000.372010492208,0.6660342979303095,3.6661818984525234,0.03556465269240408,0.21,0.0,0.21,0.169355489011448,5.904739231288822
1,0.12,mixnet_attribution,20,0.014326647564469915,0.010337738622577707,6.62195813129885,2933.1660383049316,0.5853701916057616,3.3178973609291558,0.030428384154540612,0.21,0.0,0.21,0.14489706740257435,6.901450925998749
1,0.12,mixnet_attribution,21,0.013502300671343441,0.010355939066285562,6.621417261176032,2933.3368031983105,0.6162468833790626,3.445961774618848,0.032205229291573906,0.21,0.0,0.21,0.1533582347217805,6.520680169631453
1,0.12,mixnet_attribution,22,0.015355944837868058,0.010438291670417113,6.6165906042651255,2899.1462541930673,0.6482186009525321,3.568318041275809,0.0348665691337633,0.21,0.0,0.21,0.16603128158934904,6.022961398764209
1,0.12,mixnet_attribution,23,0.015108951484321616,0.010417926103534711,6.616654083582009,2952.3642851719687,0.7369192886108067,3.8933456164927502,0.03539464040160044,0.21,0.0,0.21,0.16854590667428782,5.933101667858855
1,0.12,mixnet_attribution,24,0.014613136440547608,0.010340301071657933,6.621702951376289,2991.2726503614826,0.7074101190955844,3.8265395099846966,0.03152500992505204,0.21,0.0,0.21,0.1501190948812002,6.661377760046917
1,0.12,mixnet_attribution,25,0.014752208989627353,0.01040953717968721,6.619649199242567,2987.8815981559737,0.6800118804676458,3.6942371008267547,0.03329659345173672,0.21,0.0,0.21,0.158555206913032,6.306951499539861
1,0.12,mixnet_attribution,26,0.014185478950579622,0.010410411208889829,6.61838078083015,2966.2625838926174,0.6120926545117982,3.433254863362296,0.03441619984534386,0.21,0.0,0.21,0.16388666593020887,6.101777678641959
1,0.12,mixnet_attribution,27,0.01494138380200751,0.010378925794918979,6.621823295184855,2980.641560033714,0.6028666867059655,3.3723372720398563,0.033779392555865574,0.21,0.0,0.21,0.16085425026602654,6.216808062865383
1,0.12,mixnet_attribution,28,0.014167560116403737,0.010369987984323118,6.618531788541538,2978.7024046561496,0.7246894765121397,3.8675006307594195,0.03374017266696513,0.21,0.0,0.21,0.16066748889031013,6.224034538080778
1,0.12,mixnet_attribution,29,0.014019731473926267,0.010428583575212909,6.617262361458005,2884.9235219939173,0.6141479653306305,3.4687850408891525,0.034676311325189155,0.21,0.0,0.21,0.16512529202471027,6.05600745796322
1,0.12,mixnet_attribution_oracle,0,0.01182803851694594,0.010410840363158713,6.617538143326053,2948.0262339828646,0.6374911957827862,3.549394499070644,0.0330125323988855,0.21,0.0,0.21,0.1572025352327881,6.361220565044855
1,0.12,mixnet_attribution_oracle,1,0.012635104277667834,0.010321035327406197,6.623425474239139,2960.097655655351,0.6724665365181863,3.6929954535860405,0.03199678487374836,0.21,0.0,0.21,0.15236564225594457,6.56315941831686
1,0.12,mixnet_attribution_oracle,2,0.014705882352941176,0.010465378174573062,6.61383090369533,2994.503079765938,0.6511162149836309,3.56017455570539,0.03646085626952494,0.21,0.0,0.21,0.1736231250929759,5.759601432496368
1,0.12,mixnet_attribution_oracle,3,0.015463917525773196,0.010434249342203826,6.615564843196725,2947.078456640388,0.6139843130949885,3.4424679291786604,0.03519351206067014,0.21,0.0,0.21,0.1675881526698578,5.9670089088574265
1,0.12,mixnet_attribution_oracle,4,0.014617889873513595,0.010404198013314207,6.617971116556072,2945.2493372718322,0.6201256244676188,3.487821141813301,0.03223916900544751,0.21,0.0,0.21,0.1535198524068929,6.5138155380033504
1,0.12,mixnet_attribution_oracle,5,0.014161302536917834,0.010329144770962508,6.623802357248999,2945.1811435062477,0.8323242908518296,4.303365501838676,0.03177479944405437,0.21,0.0,0.21,0.1513085687812113,6.609011029943566
1,0.12,mixnet_attribution_oracle,6,0.014088820826952527,0.010420126359758268,6.61676317326826,2977.851531393568,0.670788184623234,3.6140955680746725,0.03369038115489244,0.21,0.0,0.21,0.16043038645186875,6.233233130682592
1,0.12,mixnet_attribution_oracle,7,0.01352686374344555,0.0103590599260862,6.620653742118296,2956.3342959191427,0.6054901087481994,3.3832729153783796,0.03264312737612345,0.21,0.0,0.21,0.15544346369582598,6.433207136691283
1,0.12,mixnet_attribution_oracle,8,0.013867838739011823,0.010346336142869495,6.620884262479575,2947.4843134283115,0.5860049602924846,3.3247665189188216,0.03221256973470608,0.21,0.0,0.21,0.15339318921288608,6.5191942688677935
1,0.12,mixnet_attribution_oracle,9,0.01601022248947685,0.01042354008565174,6.618049159632929,2923.323135898978,0.5897705118113663,3.356900587887588,0.033730233121574624,0.21,0.0,0.21,0.16062015772178392,6.225868621870841
1,0.12,mixnet_attribution_oracle,10,0.014639976097998207,0.01038183761647509,6.619392553123442,2905.361144308336,0.6558928297017701,3.5877238834265714,0.03302178557649635,0.21,0.0,0.21,0.15724659798331594,6.359438059868877
1,0.12,mixnet_attribution_oracle,11,0.014637090689603139,0.010341862037772149,6.622408709581746,2934.376112871586,0.818316792807309,4.248070874402822,0.032127913479757984,0.21,0.0,0.21,0.15299006418932373,6.5363721840296085
1,0.12,mixnet_attribution_oracle,12,0.015463528701817908,0.010413653699797477,6.620043275354174,2933.94923436675,0.6555813158629462,3.6333451666728873,0.032255968853797785,0.21,0.0,0.21,0.15359985168475138,6.510422953092442
1,0.12,mixnet_attribution_oracle,13,0.014764595103578155,0.010350264279658163,6.62314645613339,2930.041581920904,0.7363336406415328,3.955586891792123,0.030683910787177825,0.21,0.0,0.21,0.14611386089132297,6.8439776616660835
1,0.12,mixnet_attribution_oracle,14,0.015473300970873786,0.010397005635060168,6.618900857929451,2949.9374241504856,0.6309025678783655,3.559105371359303,0.033508534552631926,0.21,0.0,0.21,0.15956445025062824,6.267060102856857
1,0.12,mixnet_attribution_oracle,15,0.012769172648281073,0.010318321479541608,6.6245004002867365,2938.8840952021155,0.6202059260685928,3.505044083136112,0.02988706803129593,0.21,0.0,0.21,0.14231937157759966,7.0264503624142955
1,0.12,mixnet_attribution_oracle,16,0.012903225806451613,0.010337023648860653,6.621330716118828,2917.334208552138,0.6632159990549553,3.5714703117073334,0.030750359180359354,0.21,0.0,0.21,0.14643028181123502,6.829188523239418
1,0.12,mixnet_attribution_oracle,17,0.012088337853545137,0.010449210562204882,6.612135193083693,3013.610538550949,0.6339307907037437,3.5617947467996225,0.035720793598542584,0.21,0.0,0.21,0.17009901713591707,5.87892873714228
1,0.12,mixnet_attribution_oracle,18,0.01636115740039388,0.0104490500494226,6.618441569782578,2946.20981669444,0.6494243571942206,3.620646859219227,0.03378074271763648,0.21,0.0,0.21,0.16086067960779277,6.216559587079823
1,0.12,mixnet_attribution_oracle,19,0.01492087415222306,0.01042107531911774,6.6156164830551285,2930.686586284853,0.6489039670559578,3.5964531963517876,0.03411141112347851,0.21,0.0,0.21,0.1624352910641834,6.156297645964558
1,0.12,mixnet_attribution_oracle,20,0.016271186440677966,0.01040888389499011,6.617572701570807,2930.0169491525426,0.709529359039152,3.7365936269283178,0.032983885270734585,0.21,0.0,0.21,0.15706612033683137,6.366745405409394
1,0.12,mixnet_attribution_oracle,21,0.01702290076335878,0.010395418290933225,6.619217978794192,2970.2527480916033,0.6531845243589487,3.5777681071441956,0.0338292883733585,0.21,0.0,0.21,0.16109184939694526,6.2076387088704115
1,0.12,mixnet_attribution_oracle,22,0.01493571483563015,0.01041702006610461,6.615369092477729,2994.5229039956885,0.6057352273783181,3.4022972909640585,0.0347863910163295,0.21,0.0,0.21,0.1656494810301405,6.036843543252917
1,0.12,mixnet_attribution_oracle,23,0.015547169811320755,0.010364409544965309,6.6213541244485254,2935.2384150943394,0.63508808935876,3.5801586215723264,0.032220734833342556,0.21,0.0,0.21,0.15343207063496456,6.517542231305304
1,0.12,mixnet_attribution_oracle,24,0.012596752162695402,0.010328251504361922,6.6222372433236165,2951.9427075428744,0.596340172807686,3.385033323708446,0.03184482075739333,0.21,0.0,0.21,0.1516420036066349,6.594478945253439
1,0.12,mixnet_attribution_oracle,25,0.01470927993839045,0.010378729046623845,6.617960125535895,2994.5082017712743,0.6205034175072797,3.5062947719266493,0.03136042518081078,0.21,0.0,0.21,0.14933535800386086,6.69633778206864
1,0.12,mixnet_attribution_oracle,26,0.013335353841491135,0.010391196244618142,6.619068895386371,2946.2917866343387,0.6415762407123111,3.530524441424534,0.0327032310021368,0.21,0.0,0.21,0.15572967143874666,6.421383868348629
1,0.12,mixnet_attribution_oracle,27,0.016715005342695773,0.01042304924632875,6.619194866061934,2968.8641428789497,0.5996021380997263,3.3562411091649365,0.03361965299194156,0.21,0.0,0.21,0.16009358567591217,6.2463464465363705
1,0.12,mixnet_attribution_oracle,28,0.013295419612665232,0.010363832723277403,6.620147519403747,2988.6593144789426,0.5925008981430437,3.376126143940841,0.032759287472644054,0.21,0.0,0.21,0.15599660701259074,6.410395835848457
1,0.12,mixnet_attribution_oracle,29,0.013731886806767317,0.01034768672584489,6.621191258240031,2950.4419239814883,0.6011675442568958,3.3842589030530106,0.03116646613905106,0.21,0.0,0.21,0.14841174351929076,6.738011267080213
1,0.25,mixnet_attribution,0,0.012717995582971594,0.010104656743983203,6.642132461046421,2960.6489223973804,1.0892118474585004,5.317620635580499,0.03369922430284431,0.4375,0.0,0.4375,0.07702679840650128,12.982494673121415
1,0.25,mixnet_attribution,1,0.015217225899718481,0.010105405793362563,6.642106183649134,2958.709731415963,1.0360728780797217,5.1669733684977315,0.03223577441405231,0.4375,0.0,0.4375,0.07368177008926242,13.571878074977587
1,0.25,mixnet_attribution,2,0.011706948640483383,0.010087660604787704,6.645111270688322,2937.7962235649547,1.0803043289633933,5.281655089511342,0.03142523275402407,0.4375,0.0,0.4375,0.0718291034377693,13.921933480157826
1,0.25,mixnet_attribution,3,0.01495581237253569,0.010118497661470723,6.643774151420367,2937.827026210439,1.0246417796879541,5.0959167681041135,0.03194672696937724,0.4375,0.0,0.4375,0.07302109021571941,13.69467364902103
1,0.25,mixnet_attribution,4,0.011347303124290794,0.01010142327252014,6.642556737089057,2942.193055450488,1.0351696801371872,5.1740606169396965,0.03312615325506297,0.4375,0.0,0.4375,0.07571692172585821,13.20708736180024
1,0.25,mixnet_attribution,5,0.01141826923076923,0.010087483930014966,6.642482375696324,2921.268329326923,1.0921256756118964,5.300062871869551,0.03393101911910371,0.4375,0.0,0.4375,0.07755661512937992,12.89380665120313
1,0.25,mixnet_attribution,6,0.011220517517746737,0.010114917845378683,6.640710831164896,2968.4827875734677,1.0129461499745958,5.035762268291805,0.033812769593017156,0.4375,0.0,0.4375,0.07728633049832492,12.938898684310981
1,0.25,mixnet_attribution,7,0.012873287927550332,0.010092717817527715,6.643027065926619,2910.331038095951,1.0843506292731036,5.298038420959316,0.029569114492023454,0.4375,0.0,0.4375,0.06758654741033933,14.795843822716426
1,0.25,mixnet_attribution,8,0.01351043643263757,0.01011945950263265,6.641866393853564,2951.7096774193546,1.0531834277499001,5.267910194967864,0.03334538229846394,0.4375,0.0,0.4375,0.0762180166822033,13.120257434270096
1,0.25,mixnet_attribution,9,0.010735495660118775,0.010070423834051642,6.644475153870946,2961.696360590833,1.0304113014717586,5.116658871947841,0.03112725903368739,0.4375,0.0,0.4375,0.07114802064842832,14.055204781330628
1,0.25,mixnet_attribution,10,0.012112548901594944,0.010107055733261502,6.642450098318414,2926.424089678002,1.0713462116545998,5.290447066404553,0.032953428357842346,0.4375,0.0,0.4375,0.0753221219607825,13.276312110812063
1,0.25,mixnet_attribution,11,0.017135023989033583,0.010139352156638675,6.640981876750974,2962.10197243165,1.0427909432910383,5.114796489736608,0.03244766400977388,0.4375,0.0,0.4375,0.07416608916519743,13.48325105524442
1,0.25,mixnet_attribution,12,0.013924542979385453,0.010101314303947983,6.643786967930683,3024.894671334111,1.0961340433277655,5.345799779929622,0.03379529708701797,0.4375,0.0,0.4375,0.07724639334175536,12.945588224110034
1,0.25,mixnet_attribution,13,0.011086808959951731,0.010097550678809058,6.64187214329362,2932.926012519798,1.3567163650004659,6.3218896065798225,0.03257546236421002,0.4375,0.0,0.4375,0.0744581996896229,13.430354268146077
1,0.25,mixnet_attribution,14,0.012313968421847852,0.010106732081705986,6.641530673598553,2937.2592732492258,1.0966769413207658,5.290192672541394,0.03299421103133823,0.4375,0.0,0.4375,0.07541533950020167,13.2599018532208
1,0.25,mixnet_attribution,15,0.012071059823868812,0.010111411907785934,6.641821346278155,2953.06369571819,1.1948800092795864,5.726077460114401,0.03324735571690783,0.4375,0.0,0.4375,0.07599395592436076,13.15894123205446
1,0.25,mixnet_attribution,16,0.011173603299587552,0.010078269920189122,6.64257579773245,2916.799925009374,1.0111777635465842,5.052277919266373,0.03401234336593778,0.4375,0.0,0.4375,0.0777424991221435,12.862977281304927
1,0.25,mixnet_attribution,17,0.013115754155863963,0.010102141119675924,6.641403159801729,2965.113237761171,1.0414204538683407,5.162431941092376,0.03315657844574404,0.4375,0.0,0.4375,0.07578646501884352,13.194968253913947
1,0.25,mixnet_attribution,18,0.01255197905436624,0.010095236443731606,6.641706498981128,2995.0425073155707,1.3388680077623576,6.34341045948974,0.03353746643951784,0.4375,0.0,0.4375,0.07665706614746935,13.04511182408476
1,0.25,mixnet_attribution,19,0.010733861144945189,0.010118545142840515,6.640980912218325,2960.3666260657733,1.0106851444288623,4.956427170934851,0.03159463973894636,0.4375,0.0,0.4375,0.07221631940330597,13.847285603345513
1,0.25,mixnet_attribution,20,0.012364408708184784,0.010069059302598002,6.6448070179716385,2950.7089433361148,1.0847033590544015,5.327567652950084,0.030936725855561332,0.4375,0.0,0.4375,0.07071251624128304,14.141768008761435
1,0.25,mixnet_attribution,21,0.010895883777239709,0.010108359326071981,6.6414369560849815,2943.4967463680387,1.04817631750484,5.103923642702127,0.032724356601675934,0.4375,0.0,0.4375,0.07479852937525928,13.369246806752926
1,0.25,mixnet_attribution,22,0.011233413751507841,0.010086950424210804,6.643244251359552,2931.7159227985526,1.0447833680955227,5.209751695160925,0.03093184096524695,0.4375,0.0,0.4375,0.07070135077770731,14.14400133802405
1,0.25,mixnet_attribution,23,0.011332933053137196,0.010108791379428711,6.641047641131632,2918.5430051035723,1.0368314777733758,5.101372937978933,0.034820876575620295,0.4375,0.0,0.4375,0.07959057502998924,12.564301735767156
1,0.25,mixnet_attribution,24,0.011784511784511785,0.010099192061536146,6.642596085847569,2975.749311294766,1.0082961214357056,5.036463596284911,0.03156939589200862,0.4375,0.0,0.4375,0.07215861918173398,13.858358313113854
1,0.25,mixnet_attribution,25,0.0119994000299985,0.010095423323634478,6.644405095939035,2917.210814459277,1.0229556919948664,5.0026454963865215,0.03203322458405128,0.4375,0.0,0.4375,0.07321879904926007,13.657694649255598
1,0.25,mixnet_attribution,26,0.011526503374535528,0.010086274235892999,6.643004265771056,2949.8967922954425,1.1465586585109122,5.658859756738922,0.030386856822870668,0.4375,0.0,0.4375,0.0694556727379901,14.397672077446181
1,0.25,mixnet_attribution,27,0.012791228871630882,0.010106356932157435,6.642810953092623,2961.3146033196285,1.1020037299313117,5.405327687022002,0.033146953922262495,0.4375,0.0,0.4375,0.07576446610802856,13.19879953452259
1,0.25,mixnet_attribution,28,0.011520388055176595,0.010102536627633158,6.640828254090722,2947.824010914052,1.060906751168659,5.178032666513669,0.03383490320737839,0.4375,0.0,0.4375,0.0773369216168649,12.930434507777584
1,0.25,mixnet_attribution,29,0.012219186399514269,0.010128170241534434,6.640642741903253,2951.827109896782,1.0750309487630147,5.228887515155217,0.032722349555833544,0.4375,0.0,0.4375,0.07479394184190524,13.370066817894656
1,0.25,mixnet_attribution_oracle,0,0.012249614791987674,0.010082909380100775,6.643620064519217,2996.892064714946,1.0135107484529726,5.023392524420163,0.03450828733056576,0.4375,0.0,0.4375,0.07887608532700745,12.6781139790871
1,0.25,mixnet_attribution_oracle,1,0.0110105580693816,0.010083272873397716,6.642824194408984,2932.30467571644,1.0417935306031723,5.132530603720027,0.033418905914717925,0.4375,0.0,0.4375,0.0763860706622124,13.091392073590352
1,0.25,mixnet_attribution_oracle,2,0.011605711231579751,0.010099067829397911,6.643293299480566,2969.3179354050544,1.091323675471358,5.404034793605607,0.03322058535051743,0.4375,0.0,0.4375,0.07593276651546842,13.16954518964205
1,0.25,mixnet_attribution_oracle,3,0.011893799877225292,0.010117163550836559,6.639672961347861,2984.2094843462246,1.038341949286405,5.13099017013886,0.03832973565910474,0.4375,0.0,0.4375,0.08761082436366797,11.41411471999227
1,0.25,mixnet_attribution_oracle,4,0.013172836702248466,0.010114112354560525,6.6408390700067965,2943.9530623060036,1.1143727154412773,5.429239201532252,0.03476412307373137,0.4375,0.0,0.4375,0.07946085273995741,12.58481334541661
1,0.25,mixnet_attribution_oracle,5,0.010371716254069196,0.010101663733721823,6.642531981413924,2944.185176773412,1.048932325327769,5.2461426308018995,0.032354619043956576,0.4375,0.0,0.4375,0.07395341495761502,13.522026002087
1,0.25,mixnet_attribution_oracle,6,0.011644832605531296,0.01010340534758319,6.642554224608289,2979.3399984677853,1.081746686308179,5.321942453734244,0.031232827189664095,0.4375,0.0,0.4375,0.0713893192906608,14.007697649119073
1,0.25,mixnet_attribution_oracle,7,0.012755881454323251,0.010109162199239314,6.6426262336322965,2970.446990528567,1.0894298180646729,5.346552822640516,0.036679255846136787,0.4375,0.0,0.4375,0.08383829907688409,11.927722902428494
1,0.25,mixnet_attribution_oracle,8,0.010371716254069196,0.010100373948363101,6.642926285530709,2944.372549019608,1.0472958101308905,5.132737545210893,0.03341123539007693,0.4375,0.0,0.4375,0.07636853803446154,13.094397584889563
1,0.25,mixnet_attribution_oracle,9,0.012364990689013035,0.01012000315263154,6.641181334178508,2896.75009310987,1.1227637214469723,5.513959798174292,0.03438077056186101,0.4375,0.0,0.4375,0.07858461842711087,12.725136547268777
1,0.25,mixnet_attribution_oracle,10,0.014309509388249545,0.010079853076524111,6.64289611504435,2945.7707450030284,1.0833119125745725,5.300254782905937,0.03200363684786746,0.4375,0.0,0.4375,0.07315116993798276,13.670321347529992
1,0.25,mixnet_attribution_oracle,11,0.011191473163304148,0.010088659779861993,6.642796706695273,2961.2755995432053,1.0295472007710487,5.0514416344820035,0.032204819161629684,0.4375,0.0,0.4375,0.07361101522658213,13.584923355857804
1,0.25,mixnet_attribution_oracle,12,0.010023187972174434,0.010109262433494205,6.641687416228485,2908.5016829979804,1.1497399201616645,5.56114473040026,0.03248311347356904,0.4375,0.0,0.4375,0.07424711651101494,13.468536516857792
1,0.25,mixnet_attribution_oracle,13,0.013206272979665342,0.010091667647925084,6.643492185982394,2918.162452164778,1.194401477870997,5.772116563304598,0.03026926097289374,0.4375,0.0,0.4375,0.06918688222375712,14.453606924588717
1,0.25,mixnet_attribution_oracle,14,0.010582413399314807,0.010113669363545947,6.640310160039905,2960.800152264941,1.0426030284434091,5.169350179134033,0.03141708035080988,0.4375,0.0,0.4375,0.07181046937327973,13.92554607604465
1,0.25,mixnet_attribution_oracle,15,0.010974040717475214,0.010102966167429858,6.6420926852881275,2943.6568530992204,1.0533047665085178,5.174502023916889,0.03369961724046464,0.4375,0.0,0.4375,0.07702769654963347,12.982343297201433
1,0.25,mixnet_attribution_oracle,16,0.011374764595103578,0.01009597589825973,6.64202006872918,2928.7773258003767,1.124067341326736,5.396111518006674,0.03163793266097149,0.4375,0.0,0.4375,0.07231527465364913,13.828337163752149
1,0.25,mixnet_attribution_oracle,17,0.012018327950123938,0.010087977532101383,6.643702398532865,2921.756478629911,1.0526907590392511,5.162549931289388,0.03340390774330125,0.4375,0.0,0.4375,0.07635178912754571,13.097270036848768
1,0.25,mixnet_attribution_oracle,18,0.013367135284627794,0.01009409071452025,6.64307164691572,2988.7461012522085,1.1121867419278715,5.366337079384242,0.033403620821841236,0.4375,0.0,0.4375,0.07635113330706568,13.097382536264961
1,0.25,mixnet_attribution_oracle,19,0.012123967568386754,0.010086762261192636,6.642242799425744,2947.1297264529817,1.0113940197625197,5.044540189556832,0.03163180664933663,0.4375,0.0,0.4375,0.07230127234134087,13.831015245193877
1,0.25,mixnet_attribution_oracle,20,0.010610883735031074,0.010060393485151156,6.645820365306407,2948.0156889495224,1.0636826010013465,5.208345183294959,0.033797752851574325,0.4375,0.0,0.4375,0.07725200651788418,12.944647590072572
1,0.25,mixnet_attribution_oracle,21,0.011824960457934774,0.010132385451452026,6.639567094459633,2928.6267229042705,1.0559810819395352,5.170248917608487,0.03553744487529908,0.4375,0.0,0.4375,0.08122844542925503,12.310958245174572
1,0.25,mixnet_attribution_oracle,22,0.011609498680738786,0.010088873823681073,6.643962984804449,2932.374971730117,1.0601057495514397,5.190135359584691,0.03361668365411089,0.4375,0.0,0.4375,0.07683813406653918,13.014371212268564
1,0.25,mixnet_attribution_oracle,23,0.011971510834974997,0.01009832151865476,6.64257953588888,2946.445825125019,1.04160238665645,5.14462682135487,0.03227894365923977,0.4375,0.0,0.4375,0.0737804426496909,13.553727303426383
1,0.25,mixnet_attribution_oracle,24,0.013371827989667224,0.010091505293655208,6.641761302901543,2954.648229752317,1.006422090344131,5.063668804266439,0.03165927721103865,0.4375,0.0,0.4375,0.07236406219665978,13.819014157640236
1,0.25,mixnet_attribution_oracle,25,0.010760021216943244,0.010110158294818972,6.63997452216769,2946.9412745320906,1.0333790644363035,5.139495713767264,0.03448346405236023,0.4375,0.0,0.4375,0.07881934640539481,12.687240450544445
1,0.25,mixnet_attribution_oracle,26,0.008855008855008855,0.010067199112851232,6.642951457415791,2994.7542927542927,1.017802600079449,5.0399024552648815,0.031755253209621546,0.4375,0.0,0.4375,0.0725834359077064,13.777248038678575
1,0.25,mixnet_attribution_oracle,27,0.009878067603025158,0.010109699895719365,6.639281968420818,3001.7640839635746,1.1681068517791573,5.638461544923761,0.03471354804836212,0.4375,0.0,0.4375,0.07934525268197055,12.603148470749376
1,0.25,mixnet_attribution_oracle,28,0.013342482464165905,0.01011332833049126,6.641805742992183,2965.383882281183,1.100060425553238,5.352264293650507,0.032169771991816754,0.4375,0.0,0.4375,0.07353090740986687,13.59972337109787
1,0.25,mixnet_attribution_oracle,29,0.012212589521296646,0.010106950759755125,6.641984951624411,2932.34036939314,1.0322241436806507,5.1261784676201,0.033400276030829325,0.4375,0.0,0.4375,0.07634348807046702,13.098694142412958
1,0.5,mixnet_attribution,0,0.0121699196326062,0.010023297527915235,6.648883547581441,2976.729889016456,1.848083068151027,8.306393431623157,0.031206718231103985,0.875,0.0,0.875,0.03566482083554741,28.038834251013313
1,0.5,mixnet_attribution,1,0.011815825583168165,0.010041863642313627,6.646996040320523,2964.291431620674,1.8428050771181006,8.46099439829294,0.032039683577861876,0.875,0.0,0.875,0.036616781231842144,27.30988269199355
1,0.5,mixnet_attribution,2,0.010080953108293876,0.010028307649408472,6.6486123848253476,2970.7448449671606,1.9208419831993524,8.517790047296042,0.03622841124296885,0.875,0.0,0.875,0.04140389856339297,24.152314992002818
1,0.5,mixnet_attribution,3,0.012213740458015267,0.010025781909679494,6.6486908474620785,2968.662671755725,1.915645364089869,8.600355811035259,0.03138411588264294,0.875,0.0,0.875,0.03586756100873479,27.880345690538338
1,0.5,mixnet_attribution,4,0.013176826959485044,0.0100187868929749,6.64936113252619,2945.437334343052,1.9449363218736835,8.767944761700281,0.030513406238280184,0.875,0.0,0.875,0.03487246427232021,28.675920123997187
1,0.5,mixnet_attribution,5,0.009894259818731118,0.010028409060245337,6.648879569037674,2937.3553625377644,1.8765713461034466,8.337984499269176,0.03477804923732756,0.875,0.0,0.875,0.03974634198551721,25.159548024932217
1,0.5,mixnet_attribution,6,0.011218070188736452,0.010045775269123276,6.646219694099251,2947.979004017282,1.856860802625306,8.380311110400921,0.03341087727201769,0.875,0.0,0.875,0.03818385973944879,26.1890758771794
1,0.5,mixnet_attribution,7,0.010739676297080622,0.01002405685127599,6.648548271903281,2941.7892905763124,1.8548900039168075,8.362966007384427,0.029238312795420315,0.875,0.0,0.875,0.033415214623337505,29.926487418147257
1,0.5,mixnet_attribution,8,0.0090514946375599,0.01001506637571973,6.648191155494784,2957.9507872518443,1.8220130500558298,8.280690551609098,0.033126270711164106,0.875,0.0,0.875,0.037858595098473266,26.414081066635443
1,0.5,mixnet_attribution,9,0.009421969640320048,0.010022559521780895,6.648814778286005,2909.0480071786437,1.837037072982639,8.282207241001618,0.03194240308057825,0.875,0.0,0.875,0.03650560352066085,27.393054861674486
1,0.5,mixnet_attribution,10,0.00931013431013431,0.010028843947156038,6.647101827391833,2968.2479395604396,1.83660146035254,8.268823692337293,0.033177617132373556,0.875,0.0,0.875,0.03791727672271263,26.373202044887233
1,0.5,mixnet_attribution,11,0.01130113764785655,0.010013102903217181,6.649520719105132,2930.588186544112,1.8120488685381133,8.142949007929445,0.03233701262565998,0.875,0.0,0.875,0.03695658585789712,27.05877658301906
1,0.5,mixnet_attribution,12,0.010931079928676642,0.01000492415359057,6.650283741291376,3015.38863477789,1.9153361650533043,8.768858941433002,0.031654341651898954,0.875,0.0,0.875,0.03617639045931309,27.642337649044375
1,0.5,mixnet_attribution,13,0.011293399465852729,0.010032629469743952,6.647406840508272,2968.529797787104,1.859243885759497,8.297958739426093,0.03138993983707536,0.875,0.0,0.875,0.03587421695665755,27.87517289110946
1,0.5,mixnet_attribution,14,0.009567517112632234,0.010028091750546756,6.648459140269893,3025.3486309894215,1.8344120527617633,8.292807774606441,0.031356503159831094,0.875,0.0,0.875,0.03583600361123553,27.90489728844858
1,0.5,mixnet_attribution,15,0.012284271610520764,0.01001137328787704,6.650107279338534,2931.956439822142,1.8554041645256802,8.381927030185754,0.030851454705543103,0.875,0.0,0.875,0.03525880537776355,28.361709629296286
1,0.5,mixnet_attribution,16,0.009383986680793098,0.010022180717704289,6.648207322008926,2943.0628878462235,1.9466254273720551,8.799215978916472,0.031885953825153135,0.875,0.0,0.875,0.0364410900858893,27.44155011946856
1,0.5,mixnet_attribution,17,0.01066001360852801,0.010020602481227301,6.648454626234699,2940.70371210403,1.8290258011838887,8.24691562439688,0.03389797694601282,0.875,0.0,0.875,0.038740545081157506,25.812749869809565
1,0.5,mixnet_attribution,18,0.00885424549719994,0.010021051624094038,6.648628861803561,2943.441123051309,1.8758803326636553,8.441122456980548,0.033861123643095875,0.875,0.0,0.875,0.038698427020681,25.84084359463979
1,0.5,mixnet_attribution,19,0.011902071563088512,0.010021111244402596,6.649720067107301,2929.4808286252355,1.8622687209863216,8.326077137198595,0.033349957779643176,0.875,0.0,0.875,0.038114237462449345,26.236914774569826
1,0.5,mixnet_attribution,20,0.011053069876599288,0.010029463039030649,6.646712773056921,2944.092209856916,1.8514650346769486,8.27327528869389,0.034777064513959344,0.875,0.0,0.875,0.03974521658738211,25.160260425338063
1,0.5,mixnet_attribution,21,0.009482627825823093,0.010033728641690125,6.646620230924703,2950.057502655136,1.836263798904838,8.22652574016243,0.03197684894372842,0.875,0.0,0.875,0.036544970221403905,27.363546719058846
1,0.5,mixnet_attribution,22,0.010218757096359095,0.010023429586330238,6.648904254953829,2943.6148663992126,1.808464645902859,8.213474709091955,0.03221478508781988,0.875,0.0,0.875,0.03681689724322272,27.16144148144045
1,0.5,mixnet_attribution,23,0.009724965810667072,0.010036447637596983,6.646326174503399,2954.1939674821456,1.9039050292340107,8.628508229547414,0.032504154334721674,0.875,0.0,0.875,0.03714760495396763,26.91963590221159
1,0.5,mixnet_attribution,24,0.012188699119705064,0.01003331152728005,6.647269859402632,2926.309908960951,1.9199027935101185,8.620203029634496,0.03397378092645407,0.875,0.0,0.875,0.038827178201661795,25.7551551855293
1,0.5,mixnet_attribution,25,0.00946059357595178,0.010014935234322193,6.649105652200595,2967.732356755932,1.8857261924422346,8.541691022484803,0.031220240563656444,0.875,0.0,0.875,0.03568027492989308,28.026689871781116
1,0.5,mixnet_attribution,26,0.011730652041438147,0.010041809504370574,6.646947852854886,2962.41978976234,1.9421932118711993,8.813537895709953,0.034812863058499434,0.875,0.0,0.875,0.03978612920971364,25.134387784470714
1,0.5,mixnet_attribution,27,0.011071237688020158,0.01002981444498594,6.64810812588011,2970.0731465221043,1.866520245472202,8.39124671108277,0.032997554716079194,0.875,0.0,0.875,0.03771149110409051,26.51711642055786
1,0.5,mixnet_attribution,28,0.011976504691433366,0.010040089809827795,6.64620045233242,2966.510260126631,1.9248234403785318,8.470065687125821,0.033561590508872856,0.875,0.0,0.875,0.03835610343871183,26.071469996890393
1,0.5,mixnet_attribution,29,0.01251405020606969,0.010023675708358794,6.650285694964613,2914.7321094042713,1.9244986159028485,8.674841662367836,0.03472573704837094,0.875,0.0,0.875,0.03968655662670965,25.197449337970156
1,0.5,mixnet_attribution_oracle,0,0.010454545454545454,0.010031712339826249,6.6483016262509596,2946.8136363636363,1.8379665930697229,8.212845987559781,0.03420673139701249,0.875,0.0,0.875,0.039093407310871416,25.579760598711275
1,0.5,mixnet_attribution_oracle,1,0.00966035421298781,0.010017602539456065,6.64954656716911,2982.4689105267194,1.8558889669948258,8.364492903549356,0.03184696539252151,0.875,0.0,0.875,0.036396531877167446,27.475145252158704
1,0.5,mixnet_attribution_oracle,2,0.010807951024110045,0.010014214315646629,6.650286349875053,2940.6146927669865,1.9077658366877586,8.587670104553172,0.03361656158752231,0.875,0.0,0.875,0.03841892752859693,26.028836938658824
1,0.5,mixnet_attribution_oracle,3,0.011289230074508919,0.010011519513964423,6.649520105729365,2926.951757356815,1.8361518559104297,8.273302273963594,0.03188769392739502,0.875,0.0,0.875,0.036443078774165735,27.440052642009313
1,0.5,mixnet_attribution_oracle,4,0.010923346273882925,0.010035961487156632,6.647459718156696,2959.9718352744158,1.9337500336696394,8.596642849254533,0.033918950375061895,0.875,0.0,0.875,0.03876451471435645,25.796788825261615
1,0.5,mixnet_attribution_oracle,5,0.01021671826625387,0.010009648089170264,6.64937878753853,3009.638080495356,1.8704920878517441,8.435684438185014,0.03374035904103121,0.875,0.0,0.875,0.0385604103326071,25.933333991375846
1,0.5,mixnet_attribution_oracle,6,0.01004347174336681,0.010012919358935302,6.650604202858357,2916.1494528556436,1.8752704224025365,8.333439851357046,0.03266169805249691,0.875,0.0,0.875,0.03732765491713933,26.789789024245426
1,0.5,mixnet_attribution_oracle,7,0.01924545593401558,0.010043709749927925,6.647683096346939,2970.6843592485106,1.8689981166098733,8.373380799948317,0.032998908814584914,0.875,0.0,0.875,0.0377130386452399,26.51602830010143
1,0.5,mixnet_attribution_oracle,8,0.009657134301542147,0.010033196861036523,6.647475600555806,2911.220991166342,1.9026725576550234,8.663645599663347,0.03247963371840355,0.875,0.0,0.875,0.0371195813924612,26.939958978176808
1,0.5,mixnet_attribution_oracle,9,0.009263409532347229,0.010015477017134356,6.649237858262477,2905.9444942477217,1.809241031674901,8.316525666179537,0.03192251023020267,0.875,0.0,0.875,0.03648286883451734,27.410125133960832
1,0.5,mixnet_attribution_oracle,10,0.01180952380952381,0.010024707126009577,6.648593330786587,2963.0118857142857,1.8110933553252835,8.021809711584389,0.03155767791352036,0.875,0.0,0.875,0.036065917615451845,27.727008381219353
1,0.5,mixnet_attribution_oracle,11,0.010330737799707038,0.010013930197777882,6.6497879002529015,2998.90154961067,1.9825951638049446,9.004201576668217,0.03484245208274081,0.875,0.0,0.875,0.03981994523741807,25.113043075215444
1,0.5,mixnet_attribution_oracle,12,0.010881886193606891,0.010016943185916132,6.648611305621363,2939.3117962669085,1.8345742118544877,8.271470989640246,0.03186542685249556,0.875,0.0,0.875,0.036417630688566356,27.459227332819292
1,0.5,mixnet_attribution_oracle,13,0.010379824696294018,0.010008443292432152,6.649983906222234,2989.7874058127018,1.9761901459714863,8.92146324863321,0.03274221121052016,0.875,0.0,0.875,0.03741966995488018,26.72391288340539
1,0.5,mixnet_attribution_oracle,14,0.011815496478073164,0.010035089840913265,6.6464101826579745,2945.667727031735,1.9109216509095859,8.558426684509573,0.031594789937320414,0.875,0.0,0.875,0.03610833135693762,27.694439549554723
1,0.5,mixnet_attribution_oracle,15,0.009746440264981344,0.010012565487152663,6.649923231112896,2961.2101576182135,1.8277544279990252,8.152019216007972,0.03299457917664902,0.875,0.0,0.875,0.03770809048759888,26.519507805065643
1,0.5,mixnet_attribution_oracle,16,0.014138035877166312,0.010029650384552648,6.6488830283018725,2956.314913347522,1.8109758758801036,8.201028775196889,0.032586903256527494,0.875,0.0,0.875,0.037242175150317136,26.851278046026923
1,0.5,mixnet_attribution_oracle,17,0.01106344547301874,0.01002461737928957,6.64802911120523,2926.8533152705654,1.7999763636908028,8.207879379726371,0.03268640975079919,0.875,0.0,0.875,0.03735589685805622,26.769535310576774
1,0.5,mixnet_attribution_oracle,18,0.009189514914130762,0.010020533047205979,6.649844380872613,2929.69471226273,1.8555105839623138,8.366745978149345,0.029805560743735533,0.875,0.0,0.875,0.034063497992840606,29.356938039956372
1,0.5,mixnet_attribution_oracle,19,0.009596493879401542,0.010025029303474818,6.648542127117582,2938.894211878495,1.8310093189647887,8.281867540943608,0.03429109806583489,0.875,0.0,0.875,0.03918982636095416,25.51682650465443
1,0.5,mixnet_attribution_oracle,20,0.011763818716537214,0.010021191206417184,6.649971802822162,2933.7594449890657,1.8458271887502633,8.355641432823493,0.03496579575668253,0.875,0.0,0.875,0.03996090943620861,25.024455501853502
1,0.5,mixnet_attribution_oracle,21,0.015908221797323135,0.010035259955531005,6.6489526884000965,2973.704780114723,1.8596274199080653,8.339035905097585,0.031530926975209615,0.875,0.0,0.875,0.036035345114525275,27.750532062947162
1,0.5,mixnet_attribution_oracle,22,0.008913059898783895,0.010038570359670535,6.6473721101278915,2937.4850064204247,1.883336057595443,8.419153730376916,0.033368734856526854,0.875,0.0,0.875,0.038135696978887836,26.22215087752576
1,0.5,mixnet_attribution_oracle,23,0.011395578515535972,0.010020296309922178,6.6491893672064055,2955.512649092152,1.8287925129698124,8.221795179862674,0.03391412018232357,0.875,0.0,0.875,0.038758994494084084,25.800462913263484
1,0.5,mixnet_attribution_oracle,24,0.010120995358039724,0.010018826430751483,6.6491400216196626,2959.263145879309,1.8790276251966134,8.61474932944034,0.03564157902280497,0.875,0.0,0.875,0.04073323316891997,24.54997853602778
1,0.5,mixnet_attribution_oracle,25,0.010347713611808567,0.01002560728677443,6.647715578953577,2959.0839990869663,1.8081668270751834,8.089392452386615,0.03188801055179478,0.875,0.0,0.875,0.0364434406306226,27.439780182547377
1,0.5,mixnet_attribution_oracle,26,0.010106382978723405,0.01000892812566564,6.650434458035395,2955.343161094225,1.8959461791964713,8.499298257478664,0.03194276258055294,0.875,0.0,0.875,0.03650601437777479,27.39274656640714
1,0.5,mixnet_attribution_oracle,27,0.010643150372510263,0.01004353711374829,6.646357912804915,2955.9172114946023,1.8641036644694395,8.34636692405167,0.031064767923131842,0.875,0.0,0.875,0.035502591912150674,28.166957569589517
1,0.5,mixnet_attribution_oracle,28,0.009279141104294479,0.010019030671509216,6.649249387047688,2982.6277607361963,1.8424924151331652,8.341984287292004,0.0317907796078646,0.875,0.0,0.875,0.03633231955184525,27.52370375288114
1,0.5,mixnet_attribution_oracle,29,0.010906872092136375,0.01001479795327902,6.649356894809865,2966.8503546640227,1.9117378233349882,8.610821037998928,0.03157903576852793,0.875,0.0,0.875,0.03609032659260335,27.708255768595578
1,1.0,mixnet_attribution,0,0.007853403141361256,0.010000894383160522,6.650444149167684,2908.635976065819,3.5834641552646644,15.232743501713468,0.03206255159169684,1.75,0.0,1.75,0.018321458052398192,54.580808860302724
1,1.0,mixnet_attribution,1,0.010778992431771271,0.010007217246138947,6.64948485427077,2972.281859185078,3.512647189141717,14.912807849860581,0.03226642576706996,1.75,0.0,1.75,0.018437957581182832,54.23594211001802
1,1.0,mixnet_attribution,2,0.011968790243163397,0.01002130439424999,6.647908738534423,2945.670328005454,3.436809734412236,14.923291449055764,0.03151295262404551,1.75,0.0,1.75,0.018007401499454574,55.53272081095592
1,1.0,mixnet_attribution,3,0.011613784727493548,0.010019599986824527,6.648003983094043,2952.3487930772735,3.480511666450184,14.887832301960527,0.033062146287427006,1.75,0.0,1.75,0.018892655021386862,52.930622978505674
1,1.0,mixnet_attribution,4,0.009793420045906656,0.010014602729866097,6.648616424095929,2975.5461361897474,3.4753181226260494,14.885658205443528,0.03260906942175386,1.75,0.0,1.75,0.018633753955287918,53.66605153204882
1,1.0,mixnet_attribution,5,0.00961245041196216,0.009991767934498009,6.651189719621172,2967.6869850472995,3.4552302137890365,15.16255054920458,0.03166872165740965,1.75,0.0,1.75,0.018096412375662656,55.25957185551712
1,1.0,mixnet_attribution,6,0.011978332188906692,0.010009627209662367,6.649319959694016,2967.4395361257343,3.5390185177966487,14.863371703430795,0.03237613040259724,1.75,0.0,1.75,0.018500645944341282,54.052166773445336
1,1.0,mixnet_attribution,7,0.01170123850771218,0.010004890805212227,6.650128076971082,2954.953498974242,3.471048670588061,15.044402597488782,0.03430538468955036,1.75,0.0,1.75,0.01960307696545735,51.012399826930405
1,1.0,mixnet_attribution,8,0.010384294701735769,0.010006847924920775,6.64951717570769,2948.430455544607,3.4995295256376266,14.805738554969247,0.031365984708908806,1.75,0.0,1.75,0.017923419833662173,55.792923966546205
1,1.0,mixnet_attribution,9,0.010931450694602596,0.009993726517749501,6.651931839389353,2952.6386548242617,3.5121799656481016,14.927824040714963,0.030322512402499634,1.75,0.0,1.75,0.017327149944285504,57.71289584354293
1,1.0,mixnet_attribution,10,0.00963434987103626,0.0100005685333318,6.650829324162567,2950.1765285996057,3.4970066417299677,14.90981946928221,0.03356350009285414,1.75,0.0,1.75,0.019179142910202365,52.139973338852855
1,1.0,mixnet_attribution,11,0.009381856699704925,0.010010973965654122,6.649591173629225,2942.4432170689265,3.5070446726458613,14.878032117994076,0.03166716059718376,1.75,0.0,1.75,0.018095520341247864,55.26229592417679
1,1.0,mixnet_attribution,12,0.011006649850951617,0.009995467667599053,6.65171711333651,2972.6848582129483,3.478190087422263,14.939660705232725,0.03296584094706092,1.75,0.0,1.75,0.018837623398320524,53.08525278667347
1,1.0,mixnet_attribution,13,0.009208937198067632,0.0100039703666636,6.650589759230096,2935.987243357488,3.6029078421124723,15.267627636303292,0.03242237779505049,1.75,0.0,1.75,0.01852707302574314,53.975066574763986
1,1.0,mixnet_attribution,14,0.010535219932328515,0.010012995997323323,6.649520282224414,2990.9587819132576,3.4737988445267547,15.134838187128283,0.03377662546535908,1.75,0.0,1.75,0.019300928837348047,51.81097803256811
1,1.0,mixnet_attribution,15,0.01268387871510057,0.01000728780986688,6.649809912825922,2918.9181927349146,3.5238134808605537,15.120144763633258,0.03231435808834903,1.75,0.0,1.75,0.01846534747905659,54.15549320879018
1,1.0,mixnet_attribution,16,0.009257134113686788,0.009995293408762476,6.651188210366978,2975.4444189426977,3.4817496564646717,14.958284307679753,0.03314741578238971,1.75,0.0,1.75,0.018941380447079832,52.79446251522648
1,1.0,mixnet_attribution,17,0.011536721459809983,0.010009854505450696,6.649078697728339,2932.682627054743,3.5381235466047656,14.949012613986062,0.03184079635457013,1.75,0.0,1.75,0.018194740774040073,54.96093692232109
1,1.0,mixnet_attribution,18,0.009115564260961278,0.00998555446789164,6.6525406541779795,2930.4164532168147,3.5177628681703936,15.211208325616083,0.0317698168275162,1.75,0.0,1.75,0.018154181044294972,55.083729613584204
1,1.0,mixnet_attribution,19,0.011351676439633139,0.009998243917158521,6.650869486288559,2923.996842580063,3.5364625985966995,15.133217053635791,0.03414650572573551,1.75,0.0,1.75,0.019512288986134576,51.24975346104189
1,1.0,mixnet_attribution,20,0.009969035571331471,0.01001314048262693,6.649008767832484,2937.53930971981,3.4566926384868566,14.5785904062339,0.03437744609301447,1.75,0.0,1.75,0.019644254910293982,50.90546852331772
1,1.0,mixnet_attribution,21,0.00969007152195647,0.010010080199905217,6.6496408607171755,2990.4209028685686,3.5510943332628813,15.19906179670975,0.034276949359622375,1.75,0.0,1.75,0.0195868282054985,51.05471848266253
1,1.0,mixnet_attribution,22,0.0081556303778526,0.009980671739514156,6.653678000162717,2910.4915824915824,3.485295993014006,14.90139798942774,0.0336963149639805,1.75,0.0,1.75,0.01925503712227457,51.934462325350815
1,1.0,mixnet_attribution,23,0.010276027602760276,0.010018356806108315,6.648374717829264,2916.530303030303,3.7555872619268484,16.000116897938376,0.03260203972209113,1.75,0.0,1.75,0.018629736984052073,53.67762308485873
1,1.0,mixnet_attribution,24,0.010967548076923076,0.010012392582177234,6.648546598148237,2921.8857421875,3.5353424129716586,15.150453198586003,0.03462106641020458,1.75,0.0,1.75,0.0197834665201169,50.54725869114726
1,1.0,mixnet_attribution,25,0.011874664828008887,0.010013735499501398,6.648871605123354,2979.3139508159043,3.5098232782329433,14.626011608086491,0.032480997949620546,1.75,0.0,1.75,0.018560570256926028,53.877654951191055
1,1.0,mixnet_attribution,26,0.009310844844692055,0.010009981916471357,6.649378324151863,2968.0934137220484,3.5182532476319466,15.12225158689231,0.03133512618309118,1.75,0.0,1.75,0.017905786390337818,55.84786829243156
1,1.0,mixnet_attribution,27,0.011337868480725623,0.010006076505945408,6.6495150464479496,2938.9266061980347,3.5884829980204813,15.218510702986773,0.03383676842837734,1.75,0.0,1.75,0.01933529624478705,51.718886917473945
1,1.0,mixnet_attribution,28,0.013774733637747337,0.010002944603159198,6.650393374793148,2959.4178843226787,3.4485229695856106,14.70855065492413,0.03028594930443505,1.75,0.0,1.75,0.017306256745391456,57.78257047216715
1,1.0,mixnet_attribution,29,0.010018077734257306,0.009993968213956036,6.650972577858921,2929.5552124133774,3.476586924633011,14.77592273067985,0.03155558564893219,1.75,0.0,1.75,0.01803176322796125,55.457693590903716
1,1.0,mixnet_attribution_oracle,0,0.01173780487804878,0.010000444001149078,6.651112955931053,2964.2252286585367,3.553764293232234,15.133527990239505,0.03317870534886046,1.75,0.0,1.75,0.01895926019934883,52.744674079336995
1,1.0,mixnet_attribution_oracle,1,0.010753508236729712,0.00999909910697395,6.650886310988011,2966.4176327028676,3.468260840396397,14.707654447782359,0.03434725892784604,1.75,0.0,1.75,0.01962700510162631,50.95020839002784
1,1.0,mixnet_attribution_oracle,2,0.009765028989929814,0.010010363905846534,6.649180978046166,2966.674244736039,3.4899294461938553,14.857172943656185,0.031822514902198215,1.75,0.0,1.75,0.018184294229827553,54.992510974646905
1,1.0,mixnet_attribution_oracle,3,0.008971652593486128,0.010010249608794134,6.64860686430556,2931.6822979493368,3.648700997233391,15.599879960790231,0.03364983484756065,1.75,0.0,1.75,0.019228477055748944,52.00619878010668
1,1.0,mixnet_attribution_oracle,4,0.01110005358646559,0.010013513470259609,6.648810506231181,2976.0777003751055,3.437206373375375,14.79219285747318,0.03032012094860512,1.75,0.0,1.75,0.017325783399202925,57.71744786131893
1,1.0,mixnet_attribution_oracle,5,0.009877846478660836,0.010006455061953483,6.649549249052585,2932.549313828985,3.527697948855348,14.991107249887321,0.035870980163099,1.75,0.0,1.75,0.020497702950342287,48.78595432974119
1,1.0,mixnet_attribution_oracle,6,0.0082179272561254,0.010008907762221157,6.649202239832079,2958.8895145335564,3.451507741032401,14.739205266772794,0.031753593927080125,1.75,0.0,1.75,0.01814491081547436,55.11187187248004
1,1.0,mixnet_attribution_oracle,7,0.010951095109510952,0.01000088486171515,6.651234621568387,2917.0696819681966,3.493084291461855,14.856714543239326,0.03093579783042294,1.75,0.0,1.75,0.01767759876024168,56.568768957980836
1,1.0,mixnet_attribution_oracle,8,0.011591787256610349,0.010007808892140882,6.649636766875485,2946.0766724751875,3.4771197571535595,14.613357479785227,0.03098585497694304,1.75,0.0,1.75,0.017706202843967452,56.477383028552765
1,1.0,mixnet_attribution_oracle,9,0.009811320754716982,0.01000196519616955,6.650323330914529,2935.2497358490564,3.4602198795764707,14.668067552181896,0.029981534897057537,1.75,0.0,1.75,0.01713230565546145,58.36925981303744
1,1.0,mixnet_attribution_oracle,10,0.00988231744115872,0.010002040872822762,6.649853396662238,2933.581774290887,3.4508026896510273,14.717126086404468,0.035371108080759134,1.75,0.0,1.75,0.020212061760433792,49.47540789517843
1,1.0,mixnet_attribution_oracle,11,0.011473152822395595,0.00999598239545671,6.652025909531684,2974.852608230075,3.493569044803735,14.845933356978199,0.03085869887867773,1.75,0.0,1.75,0.017633542216387275,56.710103263919144
1,1.0,mixnet_attribution_oracle,12,0.012327938284677053,0.010016023990584611,6.64854396609325,2940.933898048707,3.511173788981978,14.759820815194043,0.0325895700448795,1.75,0.0,1.75,0.01862261145421686,53.69816163852586
1,1.0,mixnet_attribution_oracle,13,0.0093685733871582,0.01000559789474198,6.650122195886526,2962.650696930459,3.548086312832311,15.012805207564261,0.034659064918016756,1.75,0.0,1.75,0.01980517995315243,50.491841142843434
1,1.0,mixnet_attribution_oracle,14,0.010750279955207167,0.01000261587419463,6.650669882971598,2904.3355729749906,3.4563269660284277,14.791556275520573,0.03472151802118509,1.75,0.0,1.75,0.019840867440677194,50.401022182620295
1,1.0,mixnet_attribution_oracle,15,0.010548523206751054,0.01000887026991233,6.6494102926822185,2930.563215792646,3.502418173040496,14.897610958429187,0.03384788642331919,1.75,0.0,1.75,0.019341649384753825,51.701898845723896
1,1.0,mixnet_attribution_oracle,16,0.01,0.010005771929738434,6.650289256076979,2947.3765151515154,3.5140520689019468,14.920357875446761,0.034893602529162925,1.75,0.0,1.75,0.019939201445235956,50.15245985384878
1,1.0,mixnet_attribution_oracle,17,0.008828006088280061,0.009999844795789234,6.650606258372985,2959.5748858447487,3.4608023707696702,14.583094261969778,0.030142064896064316,1.75,0.0,1.75,0.017224037083465323,58.05839799079258
1,1.0,mixnet_attribution_oracle,18,0.009149828440716736,0.009991173210099695,6.651813306242694,2965.978192908883,3.4636364030011464,14.738753769689769,0.03509507217710158,1.75,0.0,1.75,0.02005432695834376,49.86455053202083
1,1.0,mixnet_attribution_oracle,19,0.012019049058885782,0.010009134824409321,6.649409971641009,2939.5981555673143,3.4711679077590816,14.728703235424923,0.029692360755089447,1.75,0.0,1.75,0.01696706328862254,58.93771850727765
1,1.0,mixnet_attribution_oracle,20,0.012469211822660099,0.010001156432067821,6.650991649040455,2993.8231988916255,3.548160273960093,14.946666315163865,0.03163866160748689,1.75,0.0,1.75,0.018079235204278225,55.31207424987549
1,1.0,mixnet_attribution_oracle,21,0.010347999386785222,0.00999932052081776,6.65095293278238,2982.002452859114,3.4827336261223536,15.01727877759495,0.03283914195636908,1.75,0.0,1.75,0.018765223975068048,53.29006471378255
1,1.0,mixnet_attribution_oracle,22,0.010786754167609564,0.010014555771732348,6.649045189074355,2934.253224711473,3.4632017853145953,14.93035251938975,0.035851449944504545,1.75,0.0,1.75,0.020486542825431168,48.81253067055513
1,1.0,mixnet_attribution_oracle,23,0.00865104884397489,0.010009119490499752,6.649300817675427,2976.772622875517,3.4482202207727823,14.754842512612216,0.033895959783542304,1.75,0.0,1.75,0.019369119876309886,51.62857199428492
1,1.0,mixnet_attribution_oracle,24,0.009531734624404266,0.009994533351588774,6.651163813396656,2942.219835085861,3.4475764877570327,14.77368271067064,0.02836325323353235,1.75,0.0,1.75,0.0162075732763042,61.69955137343233
1,1.0,mixnet_attribution_oracle,25,0.012540605877464682,0.01001132677869436,6.649484287211406,2937.675908438468,3.4544354198442306,14.726060767493655,0.03735913355430521,1.75,0.0,1.75,0.021348076316745835,46.84262812081017
1,1.0,mixnet_attribution_oracle,26,0.011203414373904428,0.010001947911689164,6.65066909063205,2964.055864644463,3.4545304720231798,14.693102641028032,0.030953470433902796,1.75,0.0,1.75,0.017687697390801598,56.53647153190472
1,1.0,mixnet_attribution_oracle,27,0.008993216980413079,0.010012770948337229,6.648727587452565,2963.7894977516958,3.479961158212973,15.079459518988942,0.03306112775471682,1.75,0.0,1.75,0.018892073002695325,52.9322536419021
1,1.0,mixnet_attribution_oracle,28,0.010406455018475229,0.00998665051947162,6.65314548885509,2932.9035517683433,3.4822171000996605,14.873591249681185,0.033650183750953494,1.75,0.0,1.75,0.01922867642911628,52.005659551574155
1,1.0,mixnet_attribution_oracle,29,0.011264175355810944,0.010012065470917745,6.649465236011384,2960.359540299871,3.5040959892212413,14.902004886744654,0.0335137057906253,1.75,0.0,1.75,0.019150689023214457,52.21744234830405
2,1e-06,mixnet_attribution,0,0.9943379133323268,0.9922762430160587,0.01640253984135164,2936.717877094972,0.24217821480124258,1.9649418704920483,0.0337488463419481,1.7500000000000002e-06,0.0,1.7500000000000002e-06,19285.05505254177,5.185362433633292e-05
2,1e-06,mixnet_attribution,1,0.9948371422063624,0.9937008196847988,0.01446401170166318,2952.4239617341127,0.2520553308131639,1.9940490059887424,0.03792591853844439,1.7500000000000002e-06,0.0,1.7500000000000002e-06,21671.953450539648,4.614258711298124e-05
2,1e-06,mixnet_attribution,2,0.9941158720579361,0.9919074604916103,0.01789754163201389,2933.9915509957755,0.23763123486423865,1.9422317351789349,0.03163457563425026,1.7500000000000002e-06,0.0,1.7500000000000002e-06,18076.900362428718,5.531921844734034e-05
2,1e-06,mixnet_attribution,3,0.9931662870159453,0.9912103881906363,0.019655280988665598,2953.5993166287017,0.23157213354716077,1.916107800168672,0.0325786033725432,1.7500000000000002e-06,0.0,1.7500000000000002e-06,18616.3447843104,5.3716237617321434e-05
2,1e-06,mixnet_attribution,4,0.9947532507033686,0.9924393807487478,0.016410530056045567,2957.4205003421794,0.24289398232940584,1.9727000705098379,0.03369242133638124,1.7500000000000002e-06,0.0,1.7500000000000002e-06,19252.81219221785,5.194046407434486e-05
2,1e-06,mixnet_attribution,5,0.9932713389279504,0.9915824492303092,0.01723562589204707,2939.9423149618206,0.2432983502803836,1.9684034561537356,0.033565678355250865,1.7500000000000002e-06,0.0,1.7500000000000002e-06,19180.38763157192,5.2136589687788566e-05
2,1e-06,mixnet_attribution,6,0.9924015657379691,0.9906240274667952,0.020705884085998286,2985.2535113976514,0.21528082672739401,1.8633335159940945,0.03397614710694486,1.7500000000000002e-06,0.0,1.7500000000000002e-06,19414.94120396849,5.1506723069323334e-05
2,1e-06,mixnet_attribution,7,0.9930153961697333,0.9907763179838388,0.019849446146632956,2919.866466391288,0.2502775933826342,1.986597918502086,0.03300611955799228,1.7500000000000002e-06,0.0,1.7500000000000002e-06,18860.639747424157,5.302047085314656e-05
2,1e-06,mixnet_attribution,8,0.9930972388955582,0.9910905386282635,0.01974964626135812,2918.1823979591836,0.253248064633226,1.9945512739378812,0.03304249843239046,1.7500000000000002e-06,0.0,1.7500000000000002e-06,18881.42767565169,5.2962096785167234e-05
2,1e-06,mixnet_attribution,9,0.9920384557608533,0.9896984985722517,0.022295934668432063,2921.183415953132,0.25302516238298267,2.00235440347159,0.03318827613654964,1.7500000000000002e-06,0.0,1.7500000000000002e-06,18964.729220885507,5.272946364552985e-05
2,1e-06,mixnet_attribution,10,0.9933429155004161,0.9917230230531083,0.01726578919556906,2942.8155684998865,0.21927495545241982,1.8669408809161394,0.03333333427636658,1.7500000000000002e-06,0.0,1.7500000000000002e-06,19047.619586495188,5.249999851472268e-05
2,1e-06,mixnet_attribution,11,0.9917311078784167,0.989565877525164,0.02283265872961166,2976.453487481816,0.2122602560557425,1.8396100328351708,0.03356101104541379,1.7500000000000002e-06,0.0,1.7500000000000002e-06,19177.72059737931,5.214384029229485e-05
2,1e-06,mixnet_attribution,12,0.9947294187513919,0.9927393903185765,0.016309688091792646,2888.0613169029766,0.24791729386197403,1.9687088594072644,0.036084134424150344,1.7500000000000002e-06,0.0,1.7500000000000002e-06,20619.505385228767,4.849776856026682e-05
2,1e-06,mixnet_attribution,13,0.9930507827415044,0.991377693901521,0.02006180459041624,2969.706911034746,0.25008781714132056,1.9876184269489445,0.03505134818474468,1.7500000000000002e-06,0.0,1.7500000000000002e-06,20029.3418198541,4.992675291050998e-05
2,1e-06,mixnet_attribution,14,0.9938519924098672,0.9932948234436056,0.014040439486281754,2952.0176091081594,0.2379995075170882,1.9359277712192564,0.031372667760938576,1.7500000000000002e-06,0.0,1.7500000000000002e-06,17927.238720536327,5.578103887546621e-05
2,1e-06,mixnet_attribution,15,0.9951452628385041,0.9929845100346626,0.015377043374437984,2949.4837290449823,0.25215018348535523,1.9983861435031665,0.03447176543665144,1.7500000000000002e-06,0.0,1.7500000000000002e-06,19698.151678086535,5.076618437822585e-05
2,1e-06,mixnet_attribution,16,0.994158701259293,0.9921248059263137,0.01745374847703968,2951.5197238658775,0.2473903410427738,1.974245695017632,0.03296295320152968,1.7500000000000002e-06,0.0,1.7500000000000002e-06,18835.97325801696,5.3089903362141404e-05
2,1e-06,mixnet_attribution,17,0.9948120300751879,0.992905087612915,0.015493769217206875,2924.558571428571,0.22753852797904983,1.9110381777768486,0.03179617775717414,1.7500000000000002e-06,0.0,1.7500000000000002e-06,18169.244432670934,5.503806191312255e-05
2,1e-06,mixnet_attribution,18,0.993513350429929,0.9912637488696365,0.018042419666737315,2933.0883994569317,0.27681642372044735,2.1142070235811756,0.03070126965928876,1.7500000000000002e-06,0.0,1.7500000000000002e-06,17543.582662450717,5.700089994390615e-05
2,1e-06,mixnet_attribution,19,0.9944905660377359,0.9927663074200256,0.0156959435559535,2935.345283018868,0.24963687220588326,1.9935483241551077,0.03275845729543773,1.7500000000000002e-06,0.0,1.7500000000000002e-06,18719.11845453584,5.342131908768863e-05
2,1e-06,mixnet_attribution,20,0.9950045413260672,0.9934416045589233,0.014617329488632596,2943.6164093248562,0.2659149803512264,2.04935793655591,0.034346910093203384,1.7500000000000002e-06,0.0,1.7500000000000002e-06,19626.80576754479,5.0950725851356646e-05
2,1e-06,mixnet_attribution,21,0.9923336399877338,0.9900254396728196,0.022144428743546326,2982.421113155474,0.2689531000505667,2.077606987878425,0.0324190951807146,1.7500000000000002e-06,0.0,1.7500000000000002e-06,18525.197246122625,5.39805318515193e-05
2,1e-06,mixnet_attribution,22,0.9940819423368741,0.9933557678575203,0.014291070086765369,2951.059787556904,0.2810426866344642,2.1095902126802715,0.03365919771706958,1.7500000000000002e-06,0.0,1.7500000000000002e-06,19233.8272668969,5.199173238500938e-05
2,1e-06,mixnet_attribution,23,0.9935740514075887,0.9924663829720866,0.01583470155774971,2975.4622093023254,0.29089104337617755,2.16377933840597,0.03393638084154087,1.7500000000000002e-06,0.0,1.7500000000000002e-06,19392.217623737637,5.15670780620737e-05
2,1e-06,mixnet_attribution,24,0.9942048618950854,0.9922473436086672,0.016499978239652824,2927.8596372394068,0.24645936937304214,1.9847860535829613,0.03181209837734029,1.7500000000000002e-06,0.0,1.7500000000000002e-06,18178.341929908733,5.5010517672940515e-05
2,1e-06,mixnet_attribution,25,0.993039794220003,0.9912418660434259,0.01987781965765916,2942.9466636404904,0.22660414990969002,1.8864416882682713,0.03185510369809844,1.7500000000000002e-06,0.0,1.7500000000000002e-06,18202.916398913392,5.49362518667445e-05
2,1e-06,mixnet_attribution,26,0.9906832298136646,0.9887036818903251,0.024195407421745096,2946.42213301015,0.2384268198220525,1.93972773625648,0.03159742205938932,1.7500000000000002e-06,0.0,1.7500000000000002e-06,18055.669748222466,5.53842651058927e-05
2,1e-06,mixnet_attribution,27,0.9927762147365219,0.9911615141316492,0.01918560746256727,2956.832104022508,0.248270043899538,1.9930185189264211,0.031188671681060237,1.7500000000000002e-06,0.0,1.7500000000000002e-06,17822.09810346299,5.611011645176003e-05
2,1e-06,mixnet_attribution,28,0.9940548780487805,0.9919904952834657,0.01786364073019617,2964.560518292683,0.24252571267425083,1.9756095278012826,0.0340682299346182,1.7500000000000002e-06,0.0,1.7500000000000002e-06,19467.55996263897,5.136750583633198e-05
2,1e-06,mixnet_attribution,29,0.9946479088615338,0.9932993004697109,0.014841125002615816,2973.2293753345057,0.26747073061414994,2.060840447733205,0.03294654608193239,1.7500000000000002e-06,0.0,1.7500000000000002e-06,18826.59776110422,5.3116341714486586e-05
2,1e-06,mixnet_attribution_oracle,0,0.9984172444980404,0.9983447731855145,0.003662386804423634,2930.725203497136,0.27216158935334533,2.0803047294748307,0.03080059409101868,1.7500000000000002e-06,0.0,1.7500000000000002e-06,17600.3394805821,5.681708589219364e-05
2,1e-06,mixnet_attribution_oracle,1,0.9989457831325301,0.99875404202592,0.002924798554019899,2928.410843373494,0.2424528832489159,1.9472754406039874,0.03319251622781477,1.7500000000000002e-06,0.0,1.7500000000000002e-06,18967.152130179868,5.272272785796003e-05
2,1e-06,mixnet_attribution_oracle,2,0.9987241068748124,0.9980215550759234,0.004396639161343048,2918.6843290303214,0.23319608400925063,1.9262210618568094,0.03270983495259802,1.7500000000000002e-06,0.0,1.7500000000000002e-06,18691.334258627438,5.35007285281641e-05
2,1e-06,mixnet_attribution_oracle,3,0.9986304496690254,0.9980813774758754,0.003859260053390594,2959.525907327094,0.2799076728406362,2.107644558029903,0.032000499087283744,1.7500000000000002e-06,0.0,1.7500000000000002e-06,18285.99947844785,5.468664708093286e-05
2,1e-06,mixnet_attribution_oracle,4,0.9984034060670569,0.9980893687109202,0.004316125285988425,2957.0472135634454,0.23535093714599498,1.938112364918343,0.03283408353230555,1.7500000000000002e-06,0.0,1.7500000000000002e-06,18762.33344703174,5.329827458951825e-05
2,1e-06,mixnet_attribution_oracle,5,0.9976152011693207,0.9969575011918927,0.006327934815980723,2992.184014154935,0.2560761737404391,2.007518717974799,0.031250307309275555,1.7500000000000002e-06,0.0,1.7500000000000002e-06,17857.31846244317,5.599944930719367e-05
2,1e-06,mixnet_attribution_oracle,6,0.998864238661316,0.9982083438319197,0.00406819126107402,2944.182403270993,0.22873779194196686,1.9073257654756932,0.036022251688541354,1.7500000000000002e-06,0.0,1.7500000000000002e-06,20584.14382202363,4.858108302420955e-05
2,1e-06,mixnet_attribution_oracle,7,0.9988675826664654,0.9980982994876472,0.0046053212495617505,2936.1608787558507,0.24432299780892208,1.9771226167140117,0.033953207365307166,1.7500000000000002e-06,0.0,1.7500000000000002e-06,19401.832780175522,5.1541522459763895e-05
2,1e-06,mixnet_attribution_oracle,8,0.99849295456258,0.9979399883293645,0.004525247246122577,2930.8505764448796,0.2342240858997684,1.9157307357900772,0.032248776694869905,1.7500000000000002e-06,0.0,1.7500000000000002e-06,18427.872397068513,5.4265624291987114e-05
2,1e-06,mixnet_attribution_oracle,9,0.9992457953088468,0.9990963815207147,0.0017431448996271842,2933.2319933629988,0.2955660466104746,2.1552292390686754,0.03436799921171924,1.7500000000000002e-06,0.0,1.7500000000000002e-06,19638.856692410995,5.091946113066898e-05
2,1e-06,mixnet_attribution_oracle,10,0.9982528106958372,0.9975421634496217,0.005540895052907462,2954.671072622303,0.2343892613425851,1.923286465422374,0.03388462660118713,1.7500000000000002e-06,0.0,1.7500000000000002e-06,19362.643772106927,5.1645839884766204e-05
2,1e-06,mixnet_attribution_oracle,11,0.9981217129977461,0.9980571279977493,0.0036659661413083224,2922.1882043576256,0.22938414389500394,1.9061597169890285,0.029190365407505033,1.7500000000000002e-06,0.0,1.7500000000000002e-06,16680.208804288588,5.9951287884531375e-05
2,1e-06,mixnet_attribution_oracle,12,0.9978929296082409,0.9973841165136782,0.005356234182458266,3035.69080692992,0.23063428996829316,1.9272897759265715,0.03591175666049652,1.7500000000000002e-06,0.0,1.7500000000000002e-06,20521.00380599801,4.873055964775532e-05
2,1e-06,mixnet_attribution_oracle,13,0.9984875983061101,0.9979775326307488,0.004308204911023542,2941.3511040532367,0.26078201495693065,2.060793710105629,0.0313074484924356,1.7500000000000002e-06,0.0,1.7500000000000002e-06,17889.970567106055,5.589724120836066e-05
2,1e-06,mixnet_attribution_oracle,14,0.998346361996392,0.9978258362513729,0.005166101617965678,2923.2660102224895,0.24456559401005507,1.9675968594985414,0.03341740065566968,1.7500000000000002e-06,0.0,1.7500000000000002e-06,19095.657517525528,5.236792705787818e-05
2,1e-06,mixnet_attribution_oracle,15,0.9990015360983103,0.9984747662352296,0.0033876657102948635,2986.875499231951,0.26463810182758607,2.059381690114421,0.032386110593224694,1.7500000000000002e-06,0.0,1.7500000000000002e-06,18506.348910414108,5.4035509912885536e-05
2,1e-06,mixnet_attribution_oracle,16,0.9989342265529841,0.9983827164068084,0.0036593766498601793,2960.1473051157127,0.23645807802677155,1.9497054232403968,0.0314839091338261,1.7500000000000002e-06,0.0,1.7500000000000002e-06,17990.8052193292,5.558394901222135e-05
2,1e-06,mixnet_attribution_oracle,17,0.9988771614641815,0.9985692045852185,0.00288174458268016,2911.5998203458344,0.2997678108222317,2.179542167471568,0.03195721239540817,1.7500000000000002e-06,0.0,1.7500000000000002e-06,18261.264225947525,5.476072125275395e-05
2,1e-06,mixnet_attribution_oracle,18,0.9987126088602802,0.9985654146818017,0.0027556314902026273,2945.2763347216965,0.25708782975561917,2.032778067195169,0.03174089556042604,1.7500000000000002e-06,0.0,1.7500000000000002e-06,18137.654605957734,5.51339201084757e-05
2,1e-06,mixnet_attribution_oracle,19,0.9989385093638639,0.9984073131646082,0.0035888885036976003,2948.851846235499,0.2569904118136037,1.9986953118851787,0.033378878170261646,1.7500000000000002e-06,0.0,1.7500000000000002e-06,19073.64466872094,5.242836476029723e-05
2,1e-06,mixnet_attribution_oracle,20,0.9990877993158495,0.9987555900330967,0.0028895440127533704,2956.4893956670467,0.2853085640235804,2.1274680877505174,0.030670713192038082,1.7500000000000002e-06,0.0,1.7500000000000002e-06,17526.12182402176,5.705768852007944e-05
2,1e-06,mixnet_attribution_oracle,21,0.9983158539386052,0.9981972819219205,0.0038457784825804936,2977.2349383755645,0.23652876197593287,1.946589799721173,0.03144143176520833,1.7500000000000002e-06,0.0,1.7500000000000002e-06,17966.532437261903,5.565904291726533e-05
2,1e-06,mixnet_attribution_oracle,22,0.998543056514071,0.9980365646255955,0.0047680709911343735,2983.0723104056437,0.20288225103286095,1.8075878507463867,0.028826664983782325,1.7500000000000002e-06,0.0,1.7500000000000002e-06,16472.379990732756,6.070768161993549e-05
2,1e-06,mixnet_attribution_oracle,23,0.9988669839111716,0.9983671453011339,0.0038374794127830156,2936.2600649595893,0.24512212499394082,1.9521523013400803,0.034527601091901665,1.7500000000000002e-06,0.0,1.7500000000000002e-06,19730.05776680095,5.06840888059975e-05
2,1e-06,mixnet_attribution_oracle,24,0.9985404824089722,0.9981867616407356,0.003993275596957585,2987.204178829313,0.25453507440397516,2.0272037774938867,0.033942727755773124,1.7500000000000002e-06,0.0,1.7500000000000002e-06,19395.844431870355,5.155743558949391e-05
2,1e-06,mixnet_attribution_oracle,25,0.9990078607952377,0.9986601630042182,0.0031207071366125302,2968.217889033046,0.29466684875660576,2.1818752557092056,0.03510327415488962,1.7500000000000002e-06,0.0,1.7500000000000002e-06,20059.013802794067,4.985289954088908e-05
2,1e-06,mixnet_attribution_oracle,26,0.9988570557756782,0.9983676247953264,0.0034364187913956,2963.1597074062784,0.22904772026231512,1.900865025480872,0.033756652985609516,1.7500000000000002e-06,0.0,1.7500000000000002e-06,19289.515991776865,5.1841632544139565e-05
2,1e-06,mixnet_attribution_oracle,27,0.998470363288719,0.9981359574707995,0.0038034558951892798,2974.4286806883365,0.2653539657476358,2.0584440702743123,0.03297348515068106,1.7500000000000002e-06,0.0,1.7500000000000002e-06,18841.99151467489,5.3072946096019645e-05
2,1e-06,mixnet_attribution_oracle,28,0.9975565058032987,0.9970869692569627,0.005740832793763352,2969.1951740989616,0.23797726351767778,1.9420584725473435,0.03439856062988019,1.7500000000000002e-06,0.0,1.7500000000000002e-06,19656.320359931535,5.08742217103081e-05
2,1e-06,mixnet_attribution_oracle,29,0.9986279442030642,0.9984631328426269,0.0032863068891751017,2964.159539599055,0.2364126372267492,1.9481722880532777,0.03411134869892836,1.7500000000000002e-06,0.0,1.7500000000000002e-06,19492.19925653049,5.130257426775325e-05
2,0.03,mixnet_attribution,0,0.02154846514441252,0.013234946337392512,6.444298336002761,2940.3860577650084,0.30311577816610225,2.198424561600911,0.03041921518919569,0.0525,0.0,0.0525,0.5794136226513465,1.7258827906463206
2,0.03,mixnet_attribution,1,0.02142368760920763,0.013051205851972628,6.445620437948905,2954.014206487883,0.35409220593282953,2.4186871274760513,0.03410806916991289,0.0525,0.0,0.0525,0.6496775079983408,1.5392252120302032
2,0.03,mixnet_attribution,2,0.02281223773556115,0.013844714098336066,6.426133220648693,2967.1171892881666,0.34853809111518785,2.4083306348066786,0.03436666418728449,0.0525,0.0,0.0525,0.6546031273768474,1.5276431751972237
2,0.03,mixnet_attribution,3,0.024776785714285713,0.014340696165222456,6.447478139398163,2893.535119047619,0.32420041383011267,2.28853367871742,0.03147300032029362,0.0525,0.0,0.0525,0.5994857203865451,1.668096446659656
2,0.03,mixnet_attribution,4,0.023686998637808387,0.013718060235452852,6.415378565170122,2943.228999545936,0.32753883211989887,2.2891870371125895,0.03157805728248442,0.0525,0.0,0.0525,0.6014868053806556,1.6625468606366889
2,0.03,mixnet_attribution,5,0.021844473502038306,0.014605653873278933,6.422558331040577,2992.1786785631875,0.31951357290381566,2.273681860812654,0.03530185024796204,0.0525,0.0,0.0525,0.672416195199277,1.4871741744763307
2,0.03,mixnet_attribution,6,0.020618556701030927,0.013448035169121296,6.4141644609560755,2969.9088201603668,0.36349601234542206,2.4112305121843463,0.0319465466590161,0.0525,0.0,0.0525,0.6085056506479257,1.643370113219521
2,0.03,mixnet_attribution,7,0.02349530856663361,0.015354064749072624,6.418020029936684,2965.8011289953465,0.33089693301008083,2.314464940569722,0.03263083941786863,0.0525,0.0,0.0525,0.6215397984355929,1.608907430412318
2,0.03,mixnet_attribution,8,0.02799543552681628,0.016476533006465205,6.267994618714191,2958.658957778623,0.3268374838226009,2.3067434992309392,0.03302885732336834,0.0525,0.0,0.0525,0.6291210918736827,1.5895191131197741
2,0.03,mixnet_attribution,9,0.02416615194564546,0.013867935135089788,6.451842723259023,3003.5013897467575,0.3585871967370622,2.4334885362262533,0.03415504430202469,0.0525,0.0,0.0525,0.650572272419518,1.5371082389984727
2,0.03,mixnet_attribution,10,0.023101290272734297,0.01381466763894695,6.40535243592768,3005.779958278606,0.34946941761882044,2.382261908607742,0.030291536887028677,0.0525,0.0,0.0525,0.5769816549910225,1.7331573566503766
2,0.03,mixnet_attribution,11,0.026035322777101095,0.013070764697542259,6.470778148814365,2961.49459500609,0.34559216766501777,2.3848148632988106,0.030819168676092884,0.0525,0.0,0.0525,0.5870317843065311,1.7034852741088184
2,0.03,mixnet_attribution,12,0.025629220380601597,0.01525685997626137,6.2792467447599085,2984.1672805402086,0.3514642383379396,2.3939502182867844,0.033791255384975856,0.0525,0.0,0.0525,0.6436429597138259,1.5536563942913573
2,0.03,mixnet_attribution,13,0.023547998796268434,0.013350123933961698,6.439728535938855,2926.482922058381,0.341356569173513,2.3500790101681353,0.030587149444197336,0.0525,0.0,0.0525,0.5826123703656636,1.7164070844777506
2,0.03,mixnet_attribution,14,0.025075819217397738,0.01369615230937399,6.433503487124173,2876.29595384274,0.3439083107805345,2.3543448758294954,0.03378055248421657,0.0525,0.0,0.0525,0.6434390949374584,1.5541486488277478
2,0.03,mixnet_attribution,15,0.02238117212736502,0.013693554531727983,6.417371743499612,2991.641747423473,0.3580317680025473,2.430531636328565,0.033385430513205853,0.0525,0.0,0.0525,0.635912962156302,1.5725422495071086
2,0.03,mixnet_attribution,16,0.024095475489085277,0.01358414798821809,6.4167805104834414,2937.3272905808594,0.347805890487507,2.372239372084333,0.031712418863024186,0.0525,0.0,0.0525,0.604046073581413,1.6555028560503016
2,0.03,mixnet_attribution,17,0.02233288063980685,0.012496637207056698,6.499341314126144,2934.5135808057944,0.35884301009355113,2.4089644516358257,0.03110438015393854,0.0525,0.0,0.0525,0.5924643838845436,1.6878651733348324
2,0.03,mixnet_attribution,18,0.026606348719521545,0.015110713893635202,6.390472625622116,2982.766600214691,0.3588677399093285,2.4193660082627755,0.03545900273019978,0.0525,0.0,0.0525,0.6754095758133292,1.480583094777415
2,0.03,mixnet_attribution,19,0.023531197813875818,0.014060216847673395,6.386391317514964,2952.417792621831,0.3175499036733527,2.2811003506144707,0.031190339904642057,0.0525,0.0,0.0525,0.5941017124693725,1.6832134616200969
2,0.03,mixnet_attribution,20,0.021534013087810073,0.013516669717096481,6.4274249955907985,2959.8416527164813,0.3122440430743154,2.2639495111661567,0.03148402821688094,0.0525,0.0,0.0525,0.599695775559637,1.667512163257776
2,0.03,mixnet_attribution,21,0.021546836017237468,0.013510072646076104,6.477622719097064,2940.0363650109625,0.34729178121779114,2.370095403279117,0.03468343424563824,0.0525,0.0,0.0525,0.6606368427740617,1.5136909346456184
2,0.03,mixnet_attribution,22,0.02259844305041191,0.013333189146333697,6.458566810216272,2939.523618774091,0.38601422565989196,2.5306234958990315,0.03273440419377287,0.0525,0.0,0.0525,0.6235124608337689,1.6038171854060255
2,0.03,mixnet_attribution,23,0.02819577443380453,0.013820267518898185,6.43575372662849,2955.71872625019,0.3498710374115035,2.3890406838335227,0.032835831751174986,0.0525,0.0,0.0525,0.6254444143080949,1.5988631077731525
2,0.03,mixnet_attribution,24,0.029769749592991706,0.015353727694583954,6.393043306549881,3014.9220094580974,0.31435551680624485,2.2612751130155555,0.03360589167070277,0.0525,0.0,0.0525,0.6401122222991004,1.5622260678108681
2,0.03,mixnet_attribution,25,0.028774822030723117,0.017402931999092496,6.140897282748712,2914.023154739603,0.41183555327006616,2.6329874851279538,0.03179772146721828,0.0525,0.0,0.0525,0.605670885089872,1.651061698056719
2,0.03,mixnet_attribution,26,0.025274640854267498,0.014240802531189546,6.433059529168319,2988.4378889144964,0.33565874432679266,2.341283950295394,0.03196341030267317,0.0525,0.0,0.0525,0.6088268629080604,1.6425030840845325
2,0.03,mixnet_attribution,27,0.023246980171693382,0.013692991073813107,6.431532895452387,2954.929423383727,0.35370978235732764,2.3820247747525314,0.03298464622840491,0.0525,0.0,0.0525,0.6282789757791412,1.591649631057414
2,0.03,mixnet_attribution,28,0.021462517246665643,0.013163569322701477,6.450884599955053,2981.7886708569677,0.35398427609470673,2.404316609177583,0.031129317409326656,0.0525,0.0,0.0525,0.5929393792252696,1.6865130484445017
2,0.03,mixnet_attribution,29,0.023876822374293366,0.01422517967794287,6.429878440260391,2892.52045522166,0.3527563986426685,2.3916050727853104,0.03220848905872979,0.0525,0.0,0.0525,0.6134950296900913,1.630005055632077
2,0.03,mixnet_attribution_oracle,0,0.045133142771174965,0.029005842717728113,5.36194469721666,2925.1475853768616,0.3673271966690663,2.472593529625777,0.034161450880440834,0.0525,0.0,0.0525,0.6506943024845874,1.5368199724227438
2,0.03,mixnet_attribution_oracle,1,0.04724770642201835,0.02940590904591532,5.349077003558386,2973.2841743119266,0.39390372118214145,2.567690944089475,0.03618238152160642,0.0525,0.0,0.0525,0.6891882194591699,1.4509824337751087
2,0.03,mixnet_attribution_oracle,2,0.0485823754789272,0.02927100014203798,5.362225952044459,2980.449731800766,0.33801010172464885,2.352755185350358,0.03346467550083102,0.0525,0.0,0.0525,0.6374223904920194,1.5688184395720877
2,0.03,mixnet_attribution_oracle,3,0.054871135968558686,0.030760679733832962,5.364305124935444,2939.3640692313506,0.32956729413126595,2.28801425435618,0.03328592223168536,0.0525,0.0,0.0525,0.6340175663178165,1.577243365365568
2,0.03,mixnet_attribution_oracle,4,0.05204629699674711,0.03124879811970759,5.369593923701209,2942.3257432483547,0.3356877137848642,2.32595787973227,0.0338444968013188,0.0525,0.0,0.0525,0.6446570819298819,1.5512123081101405
2,0.03,mixnet_attribution_oracle,5,0.04804026231508312,0.02865952592588782,5.381614154022612,2965.2890803721216,0.33551944870851,2.3387881239622175,0.032173776864609926,0.0525,0.0,0.0525,0.6128338450401891,1.6317636633375248
2,0.03,mixnet_attribution_oracle,6,0.04656657266976602,0.028269127589365554,5.396089329890959,2963.9360567029953,0.3356814610597212,2.3249117533211394,0.030249440775617115,0.0525,0.0,0.0525,0.5761798242974688,1.7355692751291516
2,0.03,mixnet_attribution_oracle,7,0.045004500450045004,0.02979099479366783,5.375123635141363,2917.3032553255325,0.34629847094765864,2.375173453087459,0.032812512022539965,0.0525,0.0,0.0525,0.6250002290007612,1.599999413758266
2,0.03,mixnet_attribution_oracle,8,0.04648697758933979,0.02880145672382169,5.39406616930584,2944.2606753482737,0.35860777349444106,2.4241031386094622,0.031136823162581873,0.0525,0.0,0.0525,0.5930823459539405,1.6861065024479103
2,0.03,mixnet_attribution_oracle,9,0.048478871102344286,0.029598748088251116,5.3621063141322525,2949.757833244822,0.323029948718613,2.2594310055831457,0.03393667975667312,0.0525,0.0,0.0525,0.6464129477461547,1.546998715738439
2,0.03,mixnet_attribution_oracle,10,0.04534043362495245,0.027752364383904674,5.386713483955054,2959.2778242677823,0.3397585092461668,2.3573257987169884,0.03106152074137197,0.0525,0.0,0.0525,0.5916480141213709,1.690194129164878
2,0.03,mixnet_attribution_oracle,11,0.04519039608502829,0.028613642069079338,5.380289630173521,2974.19766019269,0.32868211463210173,2.3184270383125893,0.03283098716867391,0.0525,0.0,0.0525,0.6253521365461697,1.5990990380604067
2,0.03,mixnet_attribution_oracle,12,0.04194899124476589,0.026960702043400706,5.398638368024399,2961.8258850399698,0.3909289429720957,2.5297707586524893,0.030037103433718928,0.0525,0.0,0.0525,0.5721353034994082,1.7478383065746868
2,0.03,mixnet_attribution_oracle,13,0.04876213409586876,0.030468818256008896,5.346437599301917,2927.229588381368,0.36623424603021704,2.4414593647635954,0.03469289827419082,0.0525,0.0,0.0525,0.6608171099845871,1.5132780082273052
2,0.03,mixnet_attribution_oracle,14,0.04384511074280548,0.028504628307212135,5.355118556719913,2929.312791924062,0.34020878045703284,2.3668307300469342,0.03346610261185655,0.0525,0.0,0.0525,0.6374495735591724,1.5687515396967682
2,0.03,mixnet_attribution_oracle,15,0.047615384615384615,0.03012179856261836,5.362738209506543,2992.0642307692306,0.361020890151849,2.432780518510422,0.03449407984905805,0.0525,0.0,0.0525,0.6570300923630105,1.5220003035226246
2,0.03,mixnet_attribution_oracle,16,0.047337278106508875,0.02985133538211874,5.35608942316323,2988.2819488204104,0.3727615157258697,2.481029938319965,0.03490825625747351,0.0525,0.0,0.0525,0.6649191668090193,1.5039422081920883
2,0.03,mixnet_attribution_oracle,17,0.042073915699450216,0.028125686180642807,5.38457582204726,2970.210140500916,0.3174396569665987,2.268077258898107,0.03243454696752844,0.0525,0.0,0.0525,0.6178008946195894,1.6186444673501963
2,0.03,mixnet_attribution_oracle,18,0.04435361792310021,0.029587819840838685,5.375965322920957,2943.7094308204664,0.35205606164527126,2.3887375273749973,0.032975540546801886,0.0525,0.0,0.0525,0.6281055342247979,1.5920891402974038
2,0.03,mixnet_attribution_oracle,19,0.04421742776549516,0.027662444423386903,5.398432899048119,2965.4109171304412,0.3382697366178036,2.3429106718371173,0.030287483465624505,0.0525,0.0,0.0525,0.5769044469642763,1.7333893078170761
2,0.03,mixnet_attribution_oracle,20,0.047289064879683214,0.02914299235281043,5.3823739340243915,2961.218321657021,0.3943094545393251,2.589172048130462,0.03233157267871458,0.0525,0.0,0.0525,0.6158394795945634,1.623799761357209
2,0.03,mixnet_attribution_oracle,21,0.05044868411130382,0.031135228545603508,5.353836003777054,2931.7636678983486,0.3578317155770492,2.414868421569789,0.036542387197857976,0.0525,0.0,0.0525,0.69604547043539,1.4366877488254906
2,0.03,mixnet_attribution_oracle,22,0.044627973935444765,0.028782554664476108,5.372132881017088,2947.2173056523716,0.34760331467259675,2.3989876942848873,0.03368564403197247,0.0525,0.0,0.0525,0.6416313148947137,1.558527423438009
2,0.03,mixnet_attribution_oracle,23,0.04805858570447784,0.02883981327373449,5.3782276234838475,2966.5440537035624,0.3296225670201238,2.295150818177459,0.03269306064518609,0.0525,0.0,0.0525,0.6227249646702112,1.6058453679138909
2,0.03,mixnet_attribution_oracle,24,0.05409547161137078,0.03134739182273604,5.363493123197964,2979.604934487779,0.3230523290694691,2.3088897686280574,0.033436004495061865,0.0525,0.0,0.0525,0.6368762760964165,1.5701636841134436
2,0.03,mixnet_attribution_oracle,25,0.043357587577826116,0.028821319148265998,5.364935993464951,2917.70302302903,0.3487228110607248,2.388721146151464,0.033247559248859325,0.0525,0.0,0.0525,0.6332868428354157,1.5790632812181904
2,0.03,mixnet_attribution_oracle,26,0.04529881994670727,0.027799376030640918,5.400365640897545,2961.1556147696992,0.3331880788318813,2.335764714440102,0.030523395494142604,0.0525,0.0,0.0525,0.5813980094122401,1.7199921289908482
2,0.03,mixnet_attribution_oracle,27,0.04277263764598817,0.0286075970388099,5.382954322392863,2949.0829667829516,0.3669763101497665,2.462065666329397,0.03223332528729664,0.0525,0.0,0.0525,0.6139681007104122,1.6287491139082255
2,0.03,mixnet_attribution_oracle,28,0.04605668515095502,0.029333619606507447,5.372298851487673,2994.2529266789898,0.3551308211754076,2.4393923488559945,0.03368244249137024,0.0525,0.0,0.0525,0.6415703331689571,1.5586755626006334
2,0.03,mixnet_attribution_oracle,29,0.05189575260238584,0.030049837343013554,5.3776213212656785,2954.7998632322774,0.329695808730321,2.323435294852122,0.034209758297143504,0.0525,0.0,0.0525,0.6516144437551143,1.5346498371601685
2,0.06,mixnet_attribution,0,0.017581246670218435,0.011107631755578232,6.566543755229897,2959.453763604536,0.4281138343794737,2.7132514605429674,0.03272299058873477,0.105,0.0,0.105,0.31164752941652163,3.2087531766166673
2,0.06,mixnet_attribution,1,0.016239897273207946,0.011432309303230508,6.546018338077364,2938.0114812297,0.474464442813769,2.8897059856485177,0.033112052693414364,0.105,0.0,0.105,0.31535288279442253,3.171050764269996
2,0.06,mixnet_attribution,2,0.01743922693643364,0.011112461226465524,6.57206186634182,2936.652347878605,0.4154971322568599,2.6410741833223144,0.032980698905086925,0.105,0.0,0.105,0.3141018943341612,3.1836802580252432
2,0.06,mixnet_attribution,3,0.014434703748488513,0.010851410942634442,6.580317319902376,2940.46992140266,0.47310080091119744,2.8717618215774348,0.0317492638830294,0.105,0.0,0.105,0.30237394174313714,3.307163290047948
2,0.06,mixnet_attribution,4,0.020145410481672222,0.011420124464468785,6.560031428078844,2944.9421387458347,0.44967411950347014,2.8073226113117657,0.0329698254972969,0.105,0.0,0.105,0.3139983380694943,3.184730231848168
2,0.06,mixnet_attribution,5,0.017189547521775997,0.011203466062781012,6.565901488875822,2997.399753333847,0.43168137842440046,2.7060255634440766,0.03573263302907966,0.105,0.0,0.105,0.34031079075313964,2.9384904245525285
2,0.06,mixnet_attribution,6,0.018500114670132253,0.011149358199880525,6.5710712249283585,2973.266646280865,0.4626664679090027,2.857281536972492,0.03388231886518352,0.105,0.0,0.105,0.32268875109698586,3.0989614500055644
2,0.06,mixnet_attribution,7,0.018262737875997543,0.01137025508863523,6.554643869869054,2984.127839165132,0.4912769192887936,2.942688424062659,0.03171183154216395,0.105,0.0,0.105,0.3020174432587043,3.3110670337786177
2,0.06,mixnet_attribution,8,0.017342806937122774,0.01109234040237206,6.582664552026903,2971.3425013370006,0.4772673618863337,2.918577432241716,0.03360504758512274,0.105,0.0,0.105,0.32004807223926424,3.1245306150521404
2,0.06,mixnet_attribution,9,0.020039622066443157,0.011506842652969855,6.568386822118721,2964.7075586711367,0.4501388836361002,2.773864768443337,0.034936789460985634,0.105,0.0,0.105,0.3327313281998632,3.0054278489800805
2,0.06,mixnet_attribution,10,0.017050169747265184,0.011151710372220828,6.566581691298439,2934.2343266691814,0.4728698360850103,2.904923351522341,0.03208671033944428,0.105,0.0,0.105,0.305587717518517,3.2723828304369116
2,0.06,mixnet_attribution,11,0.020785746916400182,0.011333263763229979,6.569208611676066,2960.6869955839807,0.4443910257250536,2.7480136013189296,0.03425520429478398,0.105,0.0,0.105,0.3262400409027046,3.065227668660796
2,0.06,mixnet_attribution,12,0.01995260301200214,0.011170315552789467,6.570151272408583,2973.003745890987,0.4873529111791868,2.940271669893596,0.03262824666317196,0.105,0.0,0.105,0.31074520631592345,3.2180705596575994
2,0.06,mixnet_attribution,13,0.01947565543071161,0.011228762057530815,6.564425600427232,2912.6770037453184,0.4551422297663521,2.8179989697466796,0.03225192132673399,0.105,0.0,0.105,0.3071611554927047,3.2556199965973587
2,0.06,mixnet_attribution,14,0.019038845386150777,0.011541051015977646,6.552255581135606,2985.927068939045,0.4282852635078598,2.682919553279316,0.03612385214833236,0.105,0.0,0.105,0.3440366871269748,2.9066667521738063
2,0.06,mixnet_attribution,15,0.016737674984783932,0.011064680957021242,6.57011458324289,2959.4531345100427,0.41478850587736815,2.6609191745113,0.03367419259531304,0.105,0.0,0.105,0.3207065961458385,3.1181148502017675
2,0.06,mixnet_attribution,16,0.017523809523809525,0.011674700369065873,6.547459339544139,2963.1641142857143,0.507924048055429,3.0167593302099154,0.03494466930907832,0.105,0.0,0.105,0.33280637437217453,3.004750140037007
2,0.06,mixnet_attribution,17,0.019789119804400977,0.011563932610915581,6.536393869212837,2970.7983649144253,0.4604291410942096,2.844561857258185,0.031342030518025595,0.105,0.0,0.105,0.2984955287431009,3.35013393403506
2,0.06,mixnet_attribution,18,0.019367529126948103,0.012293498176078027,6.478181686572899,2941.5235285217127,0.48886759995366447,2.9314050355026433,0.03293077459327696,0.105,0.0,0.105,0.3136264246978758,3.1885068388715174
2,0.06,mixnet_attribution,19,0.019943455337357682,0.011483032244259865,6.543971842915679,2972.0599831894247,0.4415842074668035,2.736463144959232,0.03476823896949713,0.105,0.0,0.105,0.3311260854237822,3.0199976505027646
2,0.06,mixnet_attribution,20,0.01876531862745098,0.011558085248452312,6.542173225359889,2979.2036611519607,0.45106077651144005,2.7865616813697582,0.03245848690675819,0.105,0.0,0.105,0.3091284467310304,3.234901254073489
2,0.06,mixnet_attribution,21,0.018173488087965792,0.011052108077796465,6.57827693132639,2969.706704337202,0.44188681832747534,2.731348491201566,0.03099112413421616,0.105,0.0,0.105,0.29515356318301106,3.388066839565634
2,0.06,mixnet_attribution,22,0.01965824890367458,0.011734112263152695,6.528222473128165,2940.688189928928,0.4757006576110143,2.9011975295909416,0.030646087477733487,0.105,0.0,0.105,0.29186749978793797,3.4262122392063845
2,0.06,mixnet_attribution,23,0.017686460450063973,0.011124395839190402,6.565826614632879,2927.2727477986,0.4249139360617846,2.6992707347463476,0.03150055423374138,0.105,0.0,0.105,0.3000052784165846,3.3332746852920674
2,0.06,mixnet_attribution,24,0.020863363932933768,0.011274002822571481,6.566065422223698,2949.9239814885063,0.4165944773994852,2.6585737416537176,0.03343746245166553,0.105,0.0,0.105,0.31845202334919553,3.1401904421359554
2,0.06,mixnet_attribution,25,0.017227296354050643,0.011143932165224238,6.5683587868138344,2888.1272740773743,0.43306973669677973,2.715540829740344,0.032195930599369635,0.105,0.0,0.105,0.306627910470187,3.2612817224191617
2,0.06,mixnet_attribution,26,0.01975533774029329,0.011076454355399898,6.5752043219002525,2955.3026365777678,0.4872866826481186,2.911893365455694,0.032337503840994215,0.105,0.0,0.105,0.30797622705708777,3.247003866355684
2,0.06,mixnet_attribution,27,0.01834161253343523,0.011188334625511357,6.567713483349159,2972.150783339702,0.4326642631494906,2.721339100103323,0.0343021004111961,0.105,0.0,0.105,0.32668667058282,3.0610370426683353
2,0.06,mixnet_attribution,28,0.017759975816203144,0.010986368201321975,6.578698541018781,2938.315069528416,0.4453453146852553,2.803160644333227,0.031860128652796034,0.105,0.0,0.105,0.30342979669329556,3.295655241831085
2,0.06,mixnet_attribution,29,0.018122400475341652,0.011577781818079055,6.555892406599928,2888.081699346405,0.4320780204725452,2.739082429395795,0.034302931735133636,0.105,0.0,0.105,0.3266945879536537,3.0609628591149614
2,0.06,mixnet_attribution_oracle,0,0.02914626682986536,0.022145589757279836,5.566326611221949,2974.8830324357405,0.43169790925458074,2.709426924180574,0.030624213662501436,0.105,0.0,0.105,0.29165917773810895,3.4286594639512264
2,0.06,mixnet_attribution_oracle,1,0.03437854174537212,0.022376495470810557,5.56919013241284,2938.6954287873064,0.44389676323044114,2.765589221234485,0.0309205265569591,0.105,0.0,0.105,0.2944812053043724,3.3958024552582615
2,0.06,mixnet_attribution_oracle,2,0.03728372377890063,0.02276912748110545,5.555939656159841,2977.4347726228757,0.4783130027644802,2.883247659209977,0.03278938950146527,0.105,0.0,0.105,0.31227990001395495,3.2022554123890545
2,0.06,mixnet_attribution_oracle,3,0.034252297410192145,0.02245696796185901,5.567846501079601,2953.8054985949725,0.45103643540642224,2.801185231873915,0.0311432779227797,0.105,0.0,0.105,0.2966026468836162,3.371514079550307
2,0.06,mixnet_attribution_oracle,4,0.030805869247906584,0.022147040423926134,5.5700380437441135,2987.5665667972653,0.42479300271952525,2.669669027569451,0.02919311550662604,0.105,0.0,0.105,0.27802967149167657,3.596738415129686
2,0.06,mixnet_attribution_oracle,5,0.033080219532365986,0.022600451802884385,5.559105996079034,2924.2498308397867,0.4193100502307061,2.68773748100085,0.03163721414952972,0.105,0.0,0.105,0.30130680142409255,3.318876292448803
2,0.06,mixnet_attribution_oracle,6,0.03125946109597336,0.022548420920023057,5.557772609095292,2943.2434150772024,0.4350322516984306,2.739573921548426,0.0339710379731418,0.105,0.0,0.105,0.32353369498230283,3.090868170793461
2,0.06,mixnet_attribution_oracle,7,0.0334496359223301,0.02287982556568102,5.549587785572781,2949.6793841019417,0.42314994509797543,2.6742574312070806,0.03499185754686059,0.105,0.0,0.105,0.3332557861605771,3.000698086958816
2,0.06,mixnet_attribution_oracle,8,0.03243574051407589,0.02237240539367659,5.561732894838929,2975.15911872705,0.43145433484460227,2.6984435532112307,0.032352842057181606,0.105,0.0,0.105,0.3081223053064915,3.245464488542278
2,0.06,mixnet_attribution_oracle,9,0.03191246865739685,0.02255146029148888,5.557172243792712,2953.8514550566065,0.49413646367611364,2.970803457334434,0.03304867893291638,0.105,0.0,0.105,0.3147493231706322,3.177131534157038
2,0.06,mixnet_attribution_oracle,10,0.03611503306829159,0.022881615766421337,5.5589329471213675,2889.5192093334326,0.48918358169612475,2.9469558543090253,0.032978128164166884,0.105,0.0,0.105,0.3140774110873037,3.183928435152668
2,0.06,mixnet_attribution_oracle,11,0.03655015197568389,0.022298438884403398,5.568005053831629,2956.0452127659573,0.4246090634551365,2.702552048653239,0.030701082598797603,0.105,0.0,0.105,0.29239126284569145,3.4200748348891215
2,0.06,mixnet_attribution_oracle,12,0.03263805522208883,0.022708604411112134,5.552274656259491,2917.9119897959185,0.41480608691927046,2.660478545380064,0.033858233509432414,0.105,0.0,0.105,0.3224593667564992,3.101165923814322
2,0.06,mixnet_attribution_oracle,13,0.033138253401231284,0.022378864889598265,5.567923531969526,2956.738998251881,0.4392534170183353,2.735510164098557,0.031178868942172297,0.105,0.0,0.105,0.2969416089730695,3.367665459409203
2,0.06,mixnet_attribution_oracle,14,0.034776704888352446,0.022680680579016534,5.563286188973859,2933.544055522028,0.42846725301933475,2.689017198425809,0.03243380325085082,0.105,0.0,0.105,0.30889336429381736,3.2373631666907756
2,0.06,mixnet_attribution_oracle,15,0.03854308647584431,0.022992395702051256,5.549438261563896,2945.521126760563,0.4500102663296275,2.816181776292031,0.03450432447622947,0.105,0.0,0.105,0.3286126140593283,3.0430968173956288
2,0.06,mixnet_attribution_oracle,16,0.034650087193873684,0.022926538232123598,5.551356778455899,2949.5086056562286,0.4402100252045784,2.740632658961396,0.03592761897191643,0.105,0.0,0.105,0.34216779973253747,2.9225426845590694
2,0.06,mixnet_attribution_oracle,17,0.036705596845138785,0.02266867350875046,5.5565106036432175,2948.8396784468378,0.4222594763850793,2.6598625806900116,0.032444912863726305,0.105,0.0,0.105,0.30899917013072675,3.2362546461757002
2,0.06,mixnet_attribution_oracle,18,0.035405610310841544,0.02243450027757395,5.560010242361366,2948.3049279757392,0.4560473214951344,2.818656310939445,0.032485019870149304,0.105,0.0,0.105,0.3093811416204696,3.2322590664777513
2,0.06,mixnet_attribution_oracle,19,0.033335824800059796,0.022314989826268714,5.570176593170104,2907.3403094401674,0.4260136297089048,2.7177280733014597,0.030800040163911035,0.105,0.0,0.105,0.29333371584677176,3.40908646356346
2,0.06,mixnet_attribution_oracle,20,0.03281794755191754,0.022733723517733267,5.5474246824912585,2947.1268758526603,0.41562070773215964,2.643729236556549,0.03422086699419155,0.105,0.0,0.105,0.3259130189923005,3.068303325506688
2,0.06,mixnet_attribution_oracle,21,0.03292398101408875,0.022331532560165384,5.56516102454574,2930.569501996534,0.4280676513153594,2.7355234360370435,0.03162681618796334,0.105,0.0,0.105,0.3012077732186985,3.3199674407935285
2,0.06,mixnet_attribution_oracle,22,0.03261529126213592,0.02233035121236316,5.5647119730435435,2949.1617870145633,0.4264182744373102,2.694228421624998,0.030832280034648416,0.105,0.0,0.105,0.29364076223474683,3.4055217415644923
2,0.06,mixnet_attribution_oracle,23,0.03693830921553694,0.022809119555520355,5.553904582818692,2961.8023610053315,0.423389195202617,2.6974205964744997,0.03379284348781696,0.105,0.0,0.105,0.3218366046458759,3.10716675966776
2,0.06,mixnet_attribution_oracle,24,0.037823794605333534,0.023002377592804376,5.55632229707677,2972.1661954611445,0.4522336215886753,2.8043187214544343,0.03329890302358472,0.105,0.0,0.105,0.31713240974842594,3.153257028486233
2,0.06,mixnet_attribution_oracle,25,0.032606199770378874,0.022318046185546486,5.56425810769291,2976.5517795637197,0.43382695768377744,2.712196674303379,0.031298716203692414,0.105,0.0,0.105,0.2980830114637373,3.3547701866318977
2,0.06,mixnet_attribution_oracle,26,0.036039453717754175,0.022901164358587245,5.551896991632926,2950.3322458270104,0.5449702318292111,3.1697451150595373,0.03355598420809817,0.105,0.0,0.105,0.3195808019818873,3.129099100441823
2,0.06,mixnet_attribution_oracle,27,0.03514033064206075,0.02285927453482132,5.551852721783474,2990.0392156862745,0.49686727701919153,2.996220792921851,0.035002699471450176,0.105,0.0,0.105,0.3333590425852398,2.9997686345775376
2,0.06,mixnet_attribution_oracle,28,0.03487132632861276,0.022397266120923243,5.56619086601995,2961.5713415562664,0.433951347542461,2.732874344237003,0.032457466549488286,0.105,0.0,0.105,0.30911872904274557,3.235002948856321
2,0.06,mixnet_attribution_oracle,29,0.03298557839828168,0.02245994131733772,5.566258325501092,2983.562749309604,0.4479305943241343,2.778971407969568,0.03145682505039234,0.105,0.0,0.105,0.29958881000373655,3.337908381783444
2,0.12,mixnet_attribution,0,0.013643598878192982,0.010354427610346073,6.622792432369411,2947.496702796938,0.6068975245580077,3.395122780494836,0.030427688219081758,0.21,0.0,0.21,0.14489375342419886,6.901608774481433
2,0.12,mixnet_attribution,1,0.012424698795180723,0.010321316780972131,6.621890384474885,2927.4805722891565,0.6102848789887503,3.4429538988689927,0.031366751444241184,0.21,0.0,0.21,0.14936548306781516,6.694987218338646
2,0.12,mixnet_attribution,2,0.012767243333081515,0.010305018507221349,6.626462416540611,2937.7522097151923,0.6471406737109646,3.605446950874153,0.030875873314885043,0.21,0.0,0.21,0.14702796816611927,6.801427051417537
2,0.12,mixnet_attribution,3,0.01368920159070052,0.010351388347318274,6.624001757178579,2974.3641786479047,0.6332906677853316,3.502233537627588,0.031335590697339,0.21,0.0,0.21,0.14921709855875717,6.701644849408664
2,0.12,mixnet_attribution,4,0.014054707571406982,0.010672366830960149,6.599615690106234,2939.3296811243767,0.7646178301947657,4.0701202938019545,0.03248431256305551,0.21,0.0,0.21,0.15468720268121675,6.464658890114039
2,0.12,mixnet_attribution,5,0.010815307820299502,0.010353617273612257,6.624596881801253,2942.636439267887,0.632171167031629,3.4840329765701226,0.029996519898048923,0.21,0.0,0.21,0.1428405709430901,7.000812117997032
2,0.12,mixnet_attribution,6,0.015410436374732987,0.010403814079994623,6.618435733641348,2966.863213304852,0.6046528947772458,3.4002405245988596,0.03441116792865707,0.21,0.0,0.21,0.16386270442217651,6.102669936556131
2,0.12,mixnet_attribution,7,0.013563132259273136,0.010400810922492468,6.6177606526238915,2914.432821281379,0.6256984643696342,3.476698527461067,0.03331733033697168,0.21,0.0,0.21,0.15865395398557944,6.303026019073519
2,0.12,mixnet_attribution,8,0.013368983957219251,0.010330539180891158,6.623898181908492,2971.466768525592,0.6242881007783581,3.4981214887733874,0.03206403833519587,0.21,0.0,0.21,0.15268589683426603,6.549393367256813
2,0.12,mixnet_attribution,9,0.018022077044379366,0.010567647580342255,6.6124401185817465,2921.222873019449,0.6557572390884161,3.5712175877831123,0.033933551684381155,0.21,0.0,0.21,0.16158834135419597,6.188565286452412
2,0.12,mixnet_attribution,10,0.013392177750722873,0.010436432409844421,6.613777752288759,2958.7562014914015,0.6386477920750622,3.499411502787333,0.03759946517838954,0.21,0.0,0.21,0.17904507227804542,5.58518582654464
2,0.12,mixnet_attribution,11,0.013029564157269125,0.010380961141177356,6.620774590968086,2964.0216397439804,0.6145290014101192,3.444746116730894,0.03367165889080179,0.21,0.0,0.21,0.16034123281334184,6.236698960423553
2,0.12,mixnet_attribution,12,0.01275031875796895,0.010327049182503625,6.621736329029069,2917.649741243531,0.6303441500349436,3.5107488226791674,0.032891934235852856,0.21,0.0,0.21,0.156628258265966,6.384543958229609
2,0.12,mixnet_attribution,13,0.01345223700120919,0.010613703435084644,6.602601632380869,2940.155683192261,0.6648976051365025,3.647213130940295,0.034700111156163865,0.21,0.0,0.21,0.16523862455316127,6.0518538126555015
2,0.12,mixnet_attribution,14,0.013322231473771857,0.010330453914668846,6.625622233453243,2943.81114222996,0.6390382790414151,3.5145836712450453,0.03214862357646874,0.21,0.0,0.21,0.1530886836974702,6.532161462542676
2,0.12,mixnet_attribution,15,0.015086043514517474,0.010518452909880693,6.613140101018566,2948.6661360018193,0.6396128434862476,3.5762574880278297,0.032910690120172545,0.21,0.0,0.21,0.15671757200082165,6.380905390716219
2,0.12,mixnet_attribution,16,0.01375453446191052,0.010989530669849836,6.573581972799798,2939.3341142684403,0.647160404449096,3.5780949832849993,0.03281570380317642,0.21,0.0,0.21,0.15626525620560203,6.399375166827075
2,0.12,mixnet_attribution,17,0.011723153227624558,0.010493441154005467,6.613529836848984,2922.298113774705,0.6231689431297127,3.471894067486379,0.03245742057300506,0.21,0.0,0.21,0.15455914558573838,6.470015062585031
2,0.12,mixnet_attribution,18,0.013215186005652739,0.010364774816810885,6.622102998051353,2971.1677488350774,0.622868650010787,3.4674941055673583,0.033383080975288616,0.21,0.0,0.21,0.15896705226327912,6.290611707033563
2,0.12,mixnet_attribution,19,0.01603509568111338,0.010493555158244258,6.616183650224847,2941.8522804629,0.63556532736402,3.517102118156307,0.034312922738794265,0.21,0.0,0.21,0.1633948701847346,6.120143177502438
2,0.12,mixnet_attribution,20,0.012301498546186536,0.010312897930964522,6.6217180266750155,2899.7640348915234,0.6249947355536278,3.451004287489808,0.030610715476286177,0.21,0.0,0.21,0.14576531179183894,6.860342750324962
2,0.12,mixnet_attribution,21,0.015952143569292122,0.010967945148866329,6.5742992106580855,2981.7997545824064,0.6441776435822248,3.5316375388821273,0.033571715364554396,0.21,0.0,0.21,0.15986531125978284,6.255265711615132
2,0.12,mixnet_attribution,22,0.013197815533980582,0.010351578669569544,6.622422220886682,2949.784511529126,0.6556242808292154,3.592032318801286,0.032026257208761746,0.21,0.0,0.21,0.15250598670838927,6.557119635651592
2,0.12,mixnet_attribution,23,0.014564211484487598,0.01044137764850733,6.613839352941184,2950.184404156869,0.6492054043919779,3.5862076302870345,0.03403875313983398,0.21,0.0,0.21,0.16208930066587612,6.169438672953231
2,0.12,mixnet_attribution,24,0.01507112648981161,0.010385211415267988,6.620736907305554,2990.655670895809,0.615604873833945,3.4470523296115942,0.03400610885479454,0.21,0.0,0.21,0.1619338516894978,6.175361047531081
2,0.12,mixnet_attribution,25,0.01224833499196203,0.010358838173823269,6.621898401489714,2977.7349000995177,0.6418233754229732,3.586677119296504,0.03348057188944981,0.21,0.0,0.21,0.15943129471166578,6.272294293341323
2,0.12,mixnet_attribution,26,0.01257955821789592,0.01033276270168714,6.624291687750589,2912.379782852864,0.6469012645247858,3.5986971857605834,0.03157326777596482,0.21,0.0,0.21,0.15034889417126107,6.651196242660149
2,0.12,mixnet_attribution,27,0.015915119363395226,0.01086383588252335,6.585747435228344,2946.922091701402,0.6153155918000266,3.4508376531931244,0.03116262091593252,0.21,0.0,0.21,0.148393432933012,6.738842684847257
2,0.12,mixnet_attribution,28,0.016248488512696495,0.010402112984820713,6.62014735658179,2938.8679715840385,0.6291546683351044,3.5282061557353512,0.03251277468768423,0.21,0.0,0.21,0.15482273660802015,6.458999639903006
2,0.12,mixnet_attribution,29,0.014716924463132603,0.010486241706961488,6.611922004987122,2920.2486859888872,0.6546145139436703,3.608727830437092,0.03213850636742769,0.21,0.0,0.21,0.15304050651156043,6.534217788441922
2,0.12,mixnet_attribution_oracle,0,0.02722073961113229,0.02067760996021589,5.631011064039548,2965.962866946245,0.6130944511678535,3.4551818193110284,0.03211584541897895,0.21,0.0,0.21,0.1529325972332331,6.538828334125057
2,0.12,mixnet_attribution_oracle,1,0.027284505754134592,0.020859299616935275,5.622540170916424,2963.7654904351803,0.6502969698049128,3.589198538886652,0.03529195660242165,0.21,0.0,0.21,0.16805693620200784,5.950364338416712
2,0.12,mixnet_attribution_oracle,2,0.02366774704153162,0.020741648894432373,5.627316250113458,2931.356599080425,0.6276814052835107,3.448352349253498,0.03307935096539725,0.21,0.0,0.21,0.15752071888284405,6.348371230731555
2,0.12,mixnet_attribution_oracle,3,0.027029102357367735,0.02071795354840742,5.626840784119254,2987.095676879367,0.6124439103878103,3.4109894615301326,0.03169901122232348,0.21,0.0,0.21,0.15094767248725466,6.624812317556175
2,0.12,mixnet_attribution_oracle,4,0.028095892502672165,0.020762751999467352,5.625625839842368,2969.9770957398077,0.6264446633285843,3.4634043992475427,0.0326783445548795,0.21,0.0,0.21,0.15561116454704524,6.426274123137703
2,0.12,mixnet_attribution_oracle,5,0.02706422018348624,0.02076431402945184,5.626758574369688,2972.8874617737,0.6545176196668763,3.620232342373487,0.03315229117135428,0.21,0.0,0.21,0.15786805319692515,6.334403824899244
2,0.12,mixnet_attribution_oracle,6,0.023691707902234217,0.020639719614103418,5.6274595212617715,2915.9306492727546,0.6317918654240202,3.5252912838258017,0.030762113314795194,0.21,0.0,0.21,0.14648625387997713,6.8265791056363945
2,0.12,mixnet_attribution_oracle,7,0.028468385512584408,0.020871350948449736,5.62517056241084,2984.1289134438307,0.62048510852037,3.4510503702362567,0.03453427919652394,0.21,0.0,0.21,0.1644489485548759,6.080914525679101
2,0.12,mixnet_attribution_oracle,8,0.028082559656257194,0.020725370514648508,5.628431896941833,2983.9542699301774,0.6212988788902294,3.4774631214457843,0.032769091404973076,0.21,0.0,0.21,0.1560432924046337,6.408477958840511
2,0.12,mixnet_attribution_oracle,9,0.02702906757266893,0.02085158436925307,5.619438411471582,2936.914986787467,0.6259050368098542,3.5103766988809406,0.036655491435418845,0.21,0.0,0.21,0.17454995921628022,5.7290188120922245
2,0.12,mixnet_attribution_oracle,10,0.02703723283739899,0.020760284823108422,5.627646923118131,2937.714069934295,0.6341726608225144,3.5010769575901035,0.03114443934308418,0.21,0.0,0.21,0.14830685401468657,6.742776702019259
2,0.12,mixnet_attribution_oracle,11,0.026672798344447,0.02076832271589133,5.626680058509627,2981.0206944125084,0.6704187798022758,3.623607675621624,0.033224114369926276,0.21,0.0,0.21,0.15821006842822036,6.320710242620862
2,0.12,mixnet_attribution_oracle,12,0.032448151832861406,0.020816827248991816,5.628324914889614,2975.7616132241524,0.6342431847006083,3.530726897218132,0.03338387714423289,0.21,0.0,0.21,0.15897084354396615,6.290461682826969
2,0.12,mixnet_attribution_oracle,13,0.02680349211211518,0.020719236540551522,5.6250480986381195,2978.7527186399143,0.6498058000870515,3.5823567749367022,0.033386718860774434,0.21,0.0,0.21,0.1589843755274973,6.2899262690568225
2,0.12,mixnet_attribution_oracle,14,0.025076687116564418,0.020790881649790288,5.626830908222957,2983.0356595092026,0.624636265769368,3.5121653537985384,0.03319427951496591,0.21,0.0,0.21,0.15806799769031388,6.326391265860125
2,0.12,mixnet_attribution_oracle,15,0.031292517006802724,0.02077002226043016,5.629617351952602,2940.5643235071807,0.6906281925039366,3.74538410084364,0.032075515334031926,0.21,0.0,0.21,0.15274054920967584,6.547049916831462
2,0.12,mixnet_attribution_oracle,16,0.02372305076887412,0.02066476024403416,5.628951740631996,3005.2489761224015,0.6174931503192056,3.480890600362574,0.029727295098231056,0.21,0.0,0.21,0.14155854808681456,7.064214867382812
2,0.12,mixnet_attribution_oracle,17,0.02636962946124119,0.02077792273293284,5.6277678258622315,2947.072440706221,0.6433165710768662,3.547510960877477,0.03387862746450574,0.21,0.0,0.21,0.16132679745002734,6.198598223024668
2,0.12,mixnet_attribution_oracle,18,0.027117611212675197,0.020704732782778606,5.629159273868025,2962.5620810481414,0.6436283811053727,3.582719883155584,0.03221065525666146,0.21,0.0,0.21,0.15338407265076887,6.519581744819366
2,0.12,mixnet_attribution_oracle,19,0.028348145878026355,0.02079414273523465,5.625102841136673,2978.7661661048114,0.6593401906138752,3.61841465147285,0.03413338720137153,0.21,0.0,0.21,0.16253993905415015,6.152334040600631
2,0.12,mixnet_attribution_oracle,20,0.025274893097128895,0.020706052077851013,5.626908800055914,2969.8507177764204,0.6756953345611691,3.685025008379838,0.030779188769317935,0.21,0.0,0.21,0.14656756556818065,6.822791905722263
2,0.12,mixnet_attribution_oracle,21,0.02974967663394963,0.020827364895191103,5.625777055004502,2959.368485125162,0.6441119856026489,3.545823438991253,0.03426159013574814,0.21,0.0,0.21,0.1631504292178483,6.129312713390044
2,0.12,mixnet_attribution_oracle,22,0.02783043906877986,0.020744186902668743,5.625106043267541,2948.973307044817,0.6394336531229783,3.536851890093189,0.031812177104721964,0.21,0.0,0.21,0.15148655764153318,6.601245784238676
2,0.12,mixnet_attribution_oracle,23,0.02785346654556464,0.020823722483566596,5.622788413931348,2944.1881622767182,0.650183276302414,3.59993808051765,0.03292646278440513,0.21,0.0,0.21,0.1567926799257387,6.37784876483792
2,0.12,mixnet_attribution_oracle,24,0.025384967220612897,0.020731996706520466,5.626616884482487,2964.9724805610613,0.6141331991238985,3.4459517414832836,0.032557641059437044,0.21,0.0,0.21,0.15503638599731925,6.450098753058466
2,0.12,mixnet_attribution_oracle,25,0.027699992431696057,0.020728283342125252,5.626802201044235,2942.9389994702187,0.6616118444071617,3.6608423390028344,0.031645394466326686,0.21,0.0,0.21,0.15069235460155564,6.636036729561306
2,0.12,mixnet_attribution_oracle,26,0.026414810355207707,0.020769468936121756,5.623167620614931,2926.726520168573,0.6517246441217139,3.641393823957435,0.03445181463872843,0.21,0.0,0.21,0.1640562601844211,6.095469925230935
2,0.12,mixnet_attribution_oracle,27,0.028655014627559823,0.020795228002927914,5.626590905246166,2917.7818618258193,0.6406341519032139,3.584796027119876,0.03530152844893018,0.21,0.0,0.21,0.16810251642347707,5.948750924589614
2,0.12,mixnet_attribution_oracle,28,0.028021936744046277,0.02082164662182089,5.623713090335479,2921.576741041244,0.6127602416090667,3.410035470331886,0.03503491153684552,0.21,0.0,0.21,0.16683291208021678,5.994021128871616
2,0.12,mixnet_attribution_oracle,29,0.02817222264408839,0.02060528277891179,5.634142747344293,2953.2309970384995,0.6607364234223496,3.591132665958049,0.02997898331077407,0.21,0.0,0.21,0.14275706338463842,7.004907332015113
2,0.25,mixnet_attribution,0,0.013014015093177268,0.010115067801369886,6.639763772989482,2994.4880640689976,1.0553045675042085,5.234095739400711,0.03436635920901252,0.4375,0.0,0.4375,0.07855167819202862,12.730472766671959
2,0.25,mixnet_attribution,1,0.010627072656014471,0.010102607840650587,6.642407798482565,2930.792734398553,1.034963835583767,5.167644792979071,0.031400009721454604,0.4375,0.0,0.4375,0.07177145079189624,13.933116705408867
2,0.25,mixnet_attribution,2,0.010485228838206032,0.010085466737693888,6.642921483453548,2976.588933108832,1.0641567445418332,5.237929105793703,0.03119762876039777,0.4375,0.0,0.4375,0.07130886573805205,14.023501701365262
2,0.25,mixnet_attribution,3,0.017277446346943517,0.010288790382437869,6.630242087181159,3013.6962113581776,1.0813943782413844,5.295683716619113,0.031278345744468264,0.4375,0.0,0.4375,0.07149336170164175,13.98731261474639
2,0.25,mixnet_attribution,4,0.012585726128570352,0.010130658237712108,6.641164171120935,2931.5198583163765,1.0255718713160604,5.099465780464944,0.032861519906438055,0.4375,0.0,0.4375,0.07511204550042984,13.313443846956309
2,0.25,mixnet_attribution,5,0.011523199023199024,0.010087224157657344,6.642019734533455,2967.746031746032,1.0372346125368495,5.072767000169916,0.03208552042556662,0.4375,0.0,0.4375,0.07333833240129514,13.635434120974644
2,0.25,mixnet_attribution,6,0.01248946440885756,0.01009977862621142,6.6426880398505155,2980.343805072408,1.0381520492373966,5.114658901555242,0.033296798725936536,0.4375,0.0,0.4375,0.07610696851642637,13.139401286022414
2,0.25,mixnet_attribution,7,0.012549437176756922,0.010120739720450075,6.639466586476301,2957.229616671737,1.0292583100963384,5.130883308690568,0.032333651880370934,0.4375,0.0,0.4375,0.07390549001227642,13.53079453006658
2,0.25,mixnet_attribution,8,0.014008783886112373,0.01011128982553108,6.640958151194863,2945.6494017870664,1.0610246723808814,5.269449080922633,0.033221997783011166,0.4375,0.0,0.4375,0.07593599493259695,13.168985286722453
2,0.25,mixnet_attribution,9,0.011260916194269955,0.010106338985521152,6.642551521965469,2978.467136509882,1.0647369953221641,5.259113986050061,0.0320620984858178,0.4375,0.0,0.4375,0.07328479653901211,13.645395050904785
2,0.25,mixnet_attribution,10,0.010778806740549568,0.010130700315921195,6.639657707143952,2951.993471990284,1.015050570917083,5.038603969223515,0.03244386790263714,0.4375,0.0,0.4375,0.07415741234888489,13.484828668176108
2,0.25,mixnet_attribution,11,0.012794973950352437,0.010097981080717886,6.64409844905906,2979.8587189702725,1.050030436948873,5.148777104906905,0.031097315026499806,0.4375,0.0,0.4375,0.07107957720342813,14.068738719956405
2,0.25,mixnet_attribution,12,0.011914699855809365,0.01009514917282604,6.643162127813625,2952.301737876603,1.0247476312797517,5.160448002083167,0.03341406427802163,0.4375,0.0,0.4375,0.07637500406404943,13.093288992317202
2,0.25,mixnet_attribution,13,0.011878474072946014,0.010111794833872714,6.642073586694449,2961.7945633137897,1.056085967895342,5.268259155769448,0.03344825719763593,0.4375,0.0,0.4375,0.07645315930888212,13.079904205918442
2,0.25,mixnet_attribution,14,0.014474276286185691,0.010168661645637142,6.639968329728654,2917.2969851507423,1.0740667172358371,5.279918575385513,0.03576693586102155,0.4375,0.0,0.4375,0.08175299625376355,12.231967583132642
2,0.25,mixnet_attribution,15,0.013465952563121653,0.010130207627618428,6.641463737359596,2975.7276970160674,1.0472432014357764,5.100482489279478,0.03100946989143348,0.4375,0.0,0.4375,0.07087878832327653,14.108593327513203
2,0.25,mixnet_attribution,16,0.011440107671601614,0.010091095832615547,6.6421077091672895,2908.6527590847913,1.0369080834207125,5.029357413489702,0.03260367539610059,0.4375,0.0,0.4375,0.07452268661965848,13.418732541188444
2,0.25,mixnet_attribution,17,0.012965093977752206,0.010134920182056145,6.638607781291973,2983.8913693901036,1.0877305354224518,5.398079821280449,0.030590017698102146,0.4375,0.0,0.4375,0.06992004045280491,14.302051221995312
2,0.25,mixnet_attribution,18,0.012669683257918552,0.010307307120583094,6.626568065567688,2932.540799396682,1.080621659872122,5.280127864617158,0.033220118639579535,0.4375,0.0,0.4375,0.07593169974761037,13.169730209173553
2,0.25,mixnet_attribution,19,0.010837880260109126,0.0101090432665906,6.642046793988036,2907.352343224456,1.0715999058738817,5.182652935091009,0.03162056211137667,0.4375,0.0,0.4375,0.07227557054028953,13.835933670596992
2,0.25,mixnet_attribution,20,0.011647129546137662,0.010084229640570999,6.642228921126986,2922.948978058311,1.0346534286509268,5.101079013794354,0.031971529581119554,0.4375,0.0,0.4375,0.07307778189970184,13.684049707098186
2,0.25,mixnet_attribution,21,0.012765314600800664,0.010068097060173874,6.645900797951296,2937.571644384017,1.0538715141883586,5.159270928613644,0.031012668431463133,0.4375,0.0,0.4375,0.07088609927191573,14.10713821568947
2,0.25,mixnet_attribution,22,0.014358743046158473,0.010124663336067445,6.640816073514606,2923.9666967373328,1.0337726534635294,5.099466760770272,0.03214687968787115,0.4375,0.0,0.4375,0.07347858214370549,13.609407950254855
2,0.25,mixnet_attribution,23,0.01081205429031516,0.010096992837098785,6.642773364151649,2981.989417989418,1.0508349263982382,5.172426213229308,0.03119827222997735,0.4375,0.0,0.4375,0.07131033652566252,14.023212464298625
2,0.25,mixnet_attribution,24,0.009806157354618017,0.010144331374387697,6.639144719034536,2956.099733941467,1.0991501146927476,5.332889020704568,0.03195567194626522,0.4375,0.0,0.4375,0.07304153587717764,13.69084025945924
2,0.25,mixnet_attribution,25,0.013386066321874049,0.010152488523139058,6.639278336452682,2958.5750684514755,1.0622621202783193,5.231888285555514,0.035382561551860495,0.4375,0.0,0.4375,0.08087442640425256,12.364848128894028
2,0.25,mixnet_attribution,26,0.011229946524064172,0.01016136781149366,6.639806882906768,2971.85538579068,1.060634950757958,5.213401085059272,0.03264090049885447,0.4375,0.0,0.4375,0.07460777256881022,13.40342923490588
2,0.25,mixnet_attribution,27,0.009904761904761904,0.010156777718614422,6.637323504003874,2964.364876190476,1.0940551381499972,5.379598936654191,0.033597525425665534,0.4375,0.0,0.4375,0.07679434383009265,13.021792362891963
2,0.25,mixnet_attribution,28,0.010718358038768529,0.010078004193836983,6.644192437441905,2956.4835423793234,1.0629681228892878,5.226435042516381,0.030919837453492322,0.4375,0.0,0.4375,0.07067391417941102,14.149492236434297
2,0.25,mixnet_attribution,29,0.013396911898274296,0.010095064773375299,6.6443996182112475,2944.0398879806235,1.0514499921700917,5.1740557783111765,0.03242501169593147,0.4375,0.0,0.4375,0.07411431244784336,13.49267053787664
2,0.25,mixnet_attribution_oracle,0,0.02561048243001787,0.020163420430147076,5.650670007680989,2895.1332638475283,1.1298002673720475,5.524160510054581,0.029250398870157623,0.4375,0.0,0.4375,0.06685805456036029,14.95706099400765
2,0.25,mixnet_attribution_oracle,1,0.027767182851476085,0.02019609287533457,5.650204355576253,2966.738500266992,1.060099818132585,5.201440505809849,0.03165041762775142,0.4375,0.0,0.4375,0.07234381172057468,13.822882375378054
2,0.25,mixnet_attribution_oracle,2,0.023061599754826845,0.020209545817475295,5.646485901610641,2979.9914955562367,1.0450263344973791,5.0791708617572615,0.03452359669375199,0.4375,0.0,0.4375,0.0789110781571474,12.672491915628763
2,0.25,mixnet_attribution_oracle,3,0.02444932253425176,0.020174695846485246,5.650758778607278,2944.3254863371435,1.0660405073140282,5.263725578606566,0.030403179611178013,0.4375,0.0,0.4375,0.06949298196840689,14.389942288771305
2,0.25,mixnet_attribution_oracle,4,0.0322458557262887,0.020269307626720585,5.647777073862035,2944.4268412686397,1.0634638111223467,5.213219478534223,0.032531915046181664,0.4375,0.0,0.4375,0.07435866296270095,13.448332180227744
2,0.25,mixnet_attribution_oracle,5,0.02379323451159255,0.020181194930912753,5.6500368954983555,2957.1247434435577,1.0531417714082636,5.185883134056911,0.03226884235651721,0.4375,0.0,0.4375,0.07375735395775362,13.557970105228764
2,0.25,mixnet_attribution_oracle,6,0.02369920243068743,0.020195958917672344,5.650218276976256,2953.77949107482,1.0887451784510631,5.3894521225339345,0.032524779848302904,0.4375,0.0,0.4375,0.07434235393897806,13.451282438821123
2,0.25,mixnet_attribution_oracle,7,0.022054334554334556,0.02014629681851334,5.650015867037802,2967.6327838827838,1.0709536933572963,5.239706420438763,0.031296925504840326,0.4375,0.0,0.4375,0.07153582972534932,13.97900889441479
2,0.25,mixnet_attribution_oracle,8,0.025108422734535493,0.020196307698408807,5.649822262281533,2958.8322300844557,1.069754160795128,5.2646748444489155,0.03468696454641136,0.4375,0.0,0.4375,0.0792844903917974,12.612807310210798
2,0.25,mixnet_attribution_oracle,9,0.024167111382175803,0.020156751947610126,5.649957871146565,2965.00259205611,1.0484077110304497,5.2102808023118214,0.028910396282789064,0.4375,0.0,0.4375,0.06608090578923215,15.132964478264606
2,0.25,mixnet_attribution_oracle,10,0.02276348736626451,0.020192147941703986,5.647921156777725,2951.4152060095607,1.047933673253283,5.163590622106667,0.029864228365776943,0.4375,0.0,0.4375,0.06826109340749016,14.649633489320463
2,0.25,mixnet_attribution_oracle,11,0.02168104435453088,0.02019866735163457,5.6486377134801415,2968.9721352775023,1.0687443825008813,5.278609242626766,0.033717121070390446,0.4375,0.0,0.4375,0.0770677053037496,12.975603672883027
2,0.25,mixnet_attribution_oracle,12,0.023752969121140142,0.02018194703541563,5.650679671422929,2979.8820013792047,1.041589054861106,5.086540029170298,0.03213091034136695,0.4375,0.0,0.4375,0.0734420807802673,13.616171946324862
2,0.25,mixnet_attribution_oracle,13,0.020372614359285064,0.02019544930627231,5.649327259341976,2944.2803695849743,1.018370682548266,5.073361905791497,0.03470770363190918,0.4375,0.0,0.4375,0.07933189401579241,12.605270709923206
2,0.25,mixnet_attribution_oracle,14,0.022792669998485535,0.020168321255230017,5.649365607462478,2944.798955020445,1.0167879776272457,5.1072289461378855,0.03237711996564695,0.4375,0.0,0.4375,0.07400484563576445,13.512628685448243
2,0.25,mixnet_attribution_oracle,15,0.021808754003355194,0.020180127387058308,5.650992913885097,2966.1532713131005,1.0638453952851705,5.101933049116998,0.03414544702161587,0.4375,0.0,0.4375,0.0780467360494077,12.812835624118184
2,0.25,mixnet_attribution_oracle,16,0.022162985529322162,0.02017182218560125,5.650218694525703,2962.4380045696876,1.0521051051910035,5.164959825793309,0.030099330951307773,0.4375,0.0,0.4375,0.06879847074584634,14.535206802694438
2,0.25,mixnet_attribution_oracle,17,0.023274958838497232,0.020219895742166004,5.64776283987105,2910.7516838796587,1.05309251617291,5.090761102777473,0.03161787844446163,0.4375,0.0,0.4375,0.07226943644448372,13.83710803900048
2,0.25,mixnet_attribution_oracle,18,0.021378575776019478,0.02019867867851356,5.649053329468713,2958.698113207547,1.0970202298194636,5.407384682778054,0.031119279764680343,0.4375,0.0,0.4375,0.07112978231926935,14.05880866486352
2,0.25,mixnet_attribution_oracle,19,0.022520473157415833,0.020222343768926128,5.647142765207115,2949.103958143767,1.0400334863224998,5.117618130221338,0.03512064117654499,0.4375,0.0,0.4375,0.08027575126067425,12.457061868568063
2,0.25,mixnet_attribution_oracle,20,0.025458170385706618,0.020144064072501223,5.651983444654583,2982.5895253431486,1.051031628245255,5.1564031692119805,0.03017562555491048,0.4375,0.0,0.4375,0.06897285841122396,14.498456683321537
2,0.25,mixnet_attribution_oracle,21,0.02050818065294428,0.02018990868630383,5.648904061315222,2932.9718012516023,1.073562893550843,5.3005691529285475,0.033939292474768554,0.4375,0.0,0.4375,0.07757552565661384,12.890663537704862
2,0.25,mixnet_attribution_oracle,22,0.022113207547169812,0.020223602871932155,5.647604397413063,2934.9257358490568,1.119494916551048,5.3846228447641336,0.03260206057275984,0.4375,0.0,0.4375,0.07451899559487964,13.41939718882513
2,0.25,mixnet_attribution_oracle,23,0.026630352549553638,0.02021987143354099,5.649076612625632,2942.527159933424,1.1159263287845533,5.403431927392594,0.032859615116184245,0.4375,0.0,0.4375,0.07510769169413542,13.31421559422099
2,0.25,mixnet_attribution_oracle,24,0.021034982089779743,0.020173933665556882,5.65014538608657,2963.6405761755964,1.0449743623030372,5.161813186826927,0.03180273802226325,0.4375,0.0,0.4375,0.072691972622316,13.756677167032965
2,0.25,mixnet_attribution_oracle,25,0.022976262933657943,0.020226500975720384,5.646934292321312,2959.1291083384053,1.0477003598352894,5.20030083343554,0.029659689901136144,0.4375,0.0,0.4375,0.06779357691688262,14.750659951547272
2,0.25,mixnet_attribution_oracle,26,0.021239475081544414,0.020194189952064387,5.648875935879636,2950.6980201775013,1.097992288210662,5.358623038783349,0.03126178047345527,0.4375,0.0,0.4375,0.07145549822504062,13.99472433668601
2,0.25,mixnet_attribution_oracle,27,0.02586664643859516,0.020185665736345053,5.65012030749817,2950.2557839641963,1.0948800791811664,5.396186026613779,0.034771411687433,0.4375,0.0,0.4375,0.07947751242841829,12.582175378232348
2,0.25,mixnet_attribution_oracle,28,0.020522529344945098,0.020181829136232395,5.647572413658392,2944.667171525937,1.1187369090912398,5.440303227772423,0.032621783077855654,0.4375,0.0,0.4375,0.07456407560652721,13.411284078367382
2,0.25,mixnet_attribution_oracle,29,0.023892862577994216,0.02022823860181084,5.646123114632931,2959.3475878861664,1.059076485078549,5.188603593442459,0.03265853254696045,0.4375,0.0,0.4375,0.07464807439305246,13.396192843965316
2,0.5,mixnet_attribution,0,0.009597075177088887,0.010032295509793059,6.647682188443215,2962.6410998552824,1.8809504286618903,8.491194098339875,0.03479295577094927,0.875,0.0,0.875,0.039763378023942024,25.14876878412814
2,0.5,mixnet_attribution,1,0.009990917347865577,0.010027619346864131,6.648312625156143,2944.0814411141387,1.8634677645168267,8.400937837306632,0.03277670006727218,0.875,0.0,0.875,0.037459085791168203,26.695792993318907
2,0.5,mixnet_attribution,2,0.008903899293828677,0.010014971004441089,6.649984938697098,2985.252993552349,1.8538637296878733,8.465385389558232,0.031011099784063287,0.875,0.0,0.875,0.035441256896072325,28.215703605896156
2,0.5,mixnet_attribution,3,0.012898845892735914,0.01002955943434689,6.648668586263085,2934.458248472505,1.842877770832274,8.420246789340256,0.03221847579898054,0.875,0.0,0.875,0.0368211151988349,27.15833006686452
2,0.5,mixnet_attribution,4,0.010111602127181485,0.010021881562101022,6.648106734410337,2912.718073552543,1.8994092614448164,8.486935533838489,0.03386745965510633,0.875,0.0,0.875,0.03870566817726438,25.836009222736987
2,0.5,mixnet_attribution,5,0.011502132845825717,0.010035447320711507,6.647821783335697,2961.86007007922,1.842060330993263,8.316036869332844,0.032351956088074646,0.875,0.0,0.875,0.036973664100656736,27.046278055580586
2,0.5,mixnet_attribution,6,0.007651515151515151,0.01004005996646411,6.647360983624424,2946.625,1.8771459318813868,8.437021205942656,0.0342879643441253,0.875,0.0,0.875,0.03918624496471463,25.5191585950747
2,0.5,mixnet_attribution,7,0.011489908534280746,0.010016587433542896,6.65086572888945,2940.132511905662,1.834640859713545,8.22212050595865,0.03133227559565425,0.875,0.0,0.875,0.035808314966461995,27.926474645249243
2,0.5,mixnet_attribution,8,0.011168125565952309,0.010020086915047311,6.649326256108869,2934.7348324781165,1.8853078768006526,8.482297564440593,0.03599267088069668,0.875,0.0,0.875,0.041134481006510494,24.310504849732435
2,0.5,mixnet_attribution,9,0.012627781118460614,0.010032850284158878,6.648935663414168,2924.5085688514732,1.9096270575828385,8.693078080296594,0.03361098242542186,0.875,0.0,0.875,0.03841255134333927,26.033157523482224
2,0.5,mixnet_attribution,10,0.009768009768009768,0.010026935606548373,6.647800054276256,2966.9819139194137,1.867360028962139,8.53195883221655,0.03348064377228398,0.875,0.0,0.875,0.03826359288261026,26.1345034447738
2,0.5,mixnet_attribution,11,0.00982725527831094,0.009998972008545047,6.65123002449858,2986.185489443378,1.8780278351041488,8.505138340240165,0.03394422570604425,0.875,0.0,0.875,0.03879340080690772,25.777580186317046
2,0.5,mixnet_attribution,12,0.009989324386152203,0.010020708519030667,6.649072828809735,2965.5318743327744,1.8649337803944945,8.283055529641755,0.03159090123057293,0.875,0.0,0.875,0.03610388712065478,27.697848618297584
2,0.5,mixnet_attribution,13,0.010801286961850773,0.010053131727051336,6.645464725365216,2979.5491037229967,1.8505629493738525,8.366772287348102,0.03241750601130721,0.875,0.0,0.875,0.037048578298636815,26.99158904126679
2,0.5,mixnet_attribution,14,0.00891360658235563,0.010010064548872346,6.65035227538392,2964.4917720554627,1.9152202825353015,8.674649974147554,0.032323144219999725,0.875,0.0,0.875,0.036940736251428255,27.070386285582938
2,0.5,mixnet_attribution,15,0.009493430546062125,0.010022776539202555,6.649196358446412,2953.813245234298,1.8777363210974727,8.416734332646719,0.03328868898562039,0.875,0.0,0.875,0.03804421598356616,26.285204574381737
2,0.5,mixnet_attribution,16,0.0103029371059511,0.010046020685685613,6.646178231847582,2989.3164693218514,1.891073440987384,8.491013982204125,0.03136727910665322,0.875,0.0,0.875,0.03584831897903225,27.895310811781773
2,0.5,mixnet_attribution,17,0.0126389523374448,0.010008835468358273,6.650030126154171,2961.300060910614,1.8590201602783054,8.395568585684435,0.03315564611129857,0.875,0.0,0.875,0.037892166984341225,26.390678590993375
2,0.5,mixnet_attribution,18,0.011337521066339819,0.010035272363237436,6.6478215649962396,2980.438869312088,1.8715486740111373,8.440867298908667,0.031526316399663745,0.875,0.0,0.875,0.03603007588532999,27.754590447786427
2,0.5,mixnet_attribution,19,0.01025564803804994,0.010025691797569404,6.649343640027395,2890.1268579072535,1.8579592436435632,8.339903750847874,0.030749910516801947,0.875,0.0,0.875,0.035142754876345085,28.455367358610506
2,0.5,mixnet_attribution,20,0.010606288551226117,0.01003087590233245,6.64729615371951,2925.701820370092,1.8721336207527202,8.414077183052399,0.029158205156130986,0.875,0.0,0.875,0.03332366303557827,30.008705793608048
2,0.5,mixnet_attribution,21,0.012034514078110809,0.010020960429797107,6.6496487389221,2943.794883439298,1.8717832582187839,8.492766533931562,0.031859070152693854,0.875,0.0,0.875,0.03641036588879298,27.46470615138195
2,0.5,mixnet_attribution,22,0.012168225720587117,0.010037984525727413,6.6472789266669885,2957.6078028747434,1.878489557740977,8.337597561498683,0.03170024100269145,0.875,0.0,0.875,0.0362288468602188,27.602313809718666
2,0.5,mixnet_attribution,23,0.013562938128619324,0.010033962432623061,6.64952173385515,2963.600655288022,1.8792984037427232,8.393578957389416,0.03156198385051066,0.875,0.0,0.875,0.036070838686297894,27.723225642099266
2,0.5,mixnet_attribution,24,0.012070635571119887,0.010025268418226978,6.648530632206065,2898.0773414797704,1.8568370845750906,8.536056989583958,0.031816768944819114,0.875,0.0,0.875,0.03636202165122184,27.5012211804895
2,0.5,mixnet_attribution,25,0.010330266928065148,0.010056766738552828,6.645807782099105,2932.264816769718,1.8823836534866132,8.336885912457525,0.03157673478847436,0.875,0.0,0.875,0.036087696901113554,27.710274854617925
2,0.5,mixnet_attribution,26,0.01002185215884259,0.010138480974388407,6.640159610357955,2930.696254992088,1.9082455298048444,8.49060917008602,0.03185472963209956,0.875,0.0,0.875,0.03640540529382807,27.46844848804728
2,0.5,mixnet_attribution,27,0.013582855418050106,0.010046475435700973,6.647446331716658,2935.0072441895563,1.8684874545433559,8.498217646251671,0.03375074327019436,0.875,0.0,0.875,0.03857227802307927,25.92535497648497
2,0.5,mixnet_attribution,28,0.011776982707215266,0.010034698018420064,6.647645735649484,2898.2420244484197,1.8379282643727493,8.459972635727507,0.031281749135070175,0.875,0.0,0.875,0.0357505704400802,27.971581647236974
2,0.5,mixnet_attribution,29,0.01188583541524718,0.010025798706735603,6.649079645679361,2944.7394957983192,1.9459446870314423,8.886799124482225,0.03335607434279181,0.875,0.0,0.875,0.038121227820333496,26.232103664473517
2,0.5,mixnet_attribution_oracle,0,0.023669972948602343,0.020080901912830452,5.652456219550517,2921.830102194169,1.8734891884960234,8.407410444839194,0.03320287567097084,0.875,0.0,0.875,0.03794614362396668,26.353139067560026
2,0.5,mixnet_attribution_oracle,1,0.020984848484848485,0.020026000247122252,5.656311842660548,2946.9004545454545,1.8688358750077896,8.340089166824768,0.03177306433925106,0.875,0.0,0.875,0.03631207353057264,27.539049764207448
2,0.5,mixnet_attribution_oracle,2,0.02131637995512341,0.020031426932918178,5.655956401745947,2909.177636499626,1.968304605834419,8.876537284488283,0.030239299774029237,0.875,0.0,0.875,0.0345591997417477,28.935855212873886
2,0.5,mixnet_attribution_oracle,3,0.02122299412168868,0.020032892069909047,5.6562919065531805,2969.086876860829,1.8761257719015703,8.393508496843253,0.03265776810486059,0.875,0.0,0.875,0.0373231635484121,26.79301283512299
2,0.5,mixnet_attribution_oracle,4,0.02251635478472539,0.02000539095016814,5.657646335725998,2958.2091891069526,1.8354403757839464,8.335102892785486,0.03150190949922542,0.875,0.0,0.875,0.03600218228482905,27.776094018094835
2,0.5,mixnet_attribution_oracle,5,0.02660226924256363,0.020062029991467337,5.65464346848608,2981.302361238884,1.869960032403469,8.469641892944248,0.03193993934537382,0.875,0.0,0.875,0.036502787823284366,27.39516786611353
2,0.5,mixnet_attribution_oracle,6,0.02059981823689791,0.020032341513699172,5.65770893303627,2945.260981520751,1.8679302495438606,8.25949632402386,0.033068469505091076,0.875,0.0,0.875,0.037792536577246946,26.460250900492653
2,0.5,mixnet_attribution_oracle,7,0.019383060562636698,0.020044651132267294,5.655526325977677,2932.5320914096087,1.8651373010943644,8.513969768858576,0.03062045228531253,0.875,0.0,0.875,0.034994802611785746,28.575671967448514
2,0.5,mixnet_attribution_oracle,8,0.020809159124313453,0.020046719786568294,5.6564055379384115,3008.290477295583,1.8984736056881957,8.623075066823137,0.03538707631294534,0.875,0.0,0.875,0.040442372929080386,24.726541188708108
2,0.5,mixnet_attribution_oracle,9,0.023203254482446888,0.020008034794360734,5.657837985872354,2930.950278740395,1.8469892228604294,8.357907193319148,0.033232434856462,0.875,0.0,0.875,0.03797992555024228,26.329698795147344
2,0.5,mixnet_attribution_oracle,10,0.022298850574712644,0.020030517926424424,5.656625657954994,2980.780459770115,1.9023173793393653,8.62618548490498,0.033548671572395626,0.875,0.0,0.875,0.03834133893988072,26.08150960945839
2,0.5,mixnet_attribution_oracle,11,0.01925280770112308,0.020051336852066184,5.654997376465942,2970.4150813660326,1.8724406855471898,8.475327116603843,0.032667674186622406,0.875,0.0,0.875,0.03733448478471132,26.78488817420364
2,0.5,mixnet_attribution_oracle,12,0.021133745326924545,0.020082513280425283,5.652801057566195,2967.25848783093,1.8922255165525712,8.504694890041197,0.03101467644531615,0.875,0.0,0.875,0.03544534450893274,28.212449726592034
2,0.5,mixnet_attribution_oracle,13,0.02194642046314515,0.020061302861015276,5.654641521056045,2942.5658392613896,1.855188651185017,8.354538248299097,0.031465854752713365,0.875,0.0,0.875,0.03596097686024385,27.807920899544193
2,0.5,mixnet_attribution_oracle,14,0.02077727952167414,0.020047195240153793,5.65564467158462,2907.4237668161436,1.8647009717824403,8.440984982777632,0.033961577681254046,0.875,0.0,0.875,0.03881323163571891,25.76440965765199
2,0.5,mixnet_attribution_oracle,15,0.02074564040889958,0.020068003068534925,5.654386032900045,2923.336891160553,1.8412160864681937,8.267392250802718,0.03641052507754189,0.875,0.0,0.875,0.04161202866004787,24.031512814949828
2,0.5,mixnet_attribution_oracle,16,0.01956769055745165,0.020089793619840715,5.652430591387433,2950.374137277209,1.8501185015193187,8.41907929878385,0.03332910655079913,0.875,0.0,0.875,0.03809040748662758,26.253329013376153
2,0.5,mixnet_attribution_oracle,17,0.022078907435508346,0.020039461402123114,5.655935491555566,2950.849393019727,1.8536443943157792,8.324620591048848,0.03408262004166408,0.875,0.0,0.875,0.038951565761901806,25.672908917517542
2,0.5,mixnet_attribution_oracle,18,0.021750504522012108,0.020067394276449723,5.654146518069154,2906.3563046565514,1.8770555724331643,8.44654265908794,0.030863303516939184,0.875,0.0,0.875,0.03527234687650192,28.35082121133793
2,0.5,mixnet_attribution_oracle,19,0.021646695013529185,0.020022020788785327,5.657632415169339,3007.376188635485,1.8512859891343396,8.37837484586835,0.032358420754791485,0.875,0.0,0.875,0.03698105229119027,27.040874665381622
2,0.5,mixnet_attribution_oracle,20,0.021864561190403888,0.020092604167299594,5.652437701394034,2952.8390525356817,1.8813499836833216,8.329685345813939,0.03050031596517659,0.875,0.0,0.875,0.03485750396020182,28.688227394070996
2,0.5,mixnet_attribution_oracle,21,0.020313319841091373,0.020074490288005908,5.6533478247610525,2914.329285660745,1.933584723592503,8.773411213579637,0.03276104230874938,0.875,0.0,0.875,0.03744119120999929,26.708551936588318
2,0.5,mixnet_attribution_oracle,22,0.020046082949308756,0.02010375062781731,5.6512920713882595,2986.6663594470047,1.856153234752128,8.400807062182125,0.033555443746119455,0.875,0.0,0.875,0.03834907856699366,26.076245828255214
2,0.5,mixnet_attribution_oracle,23,0.021787325128048315,0.02002008945861071,5.6576146620565995,2972.6896261753686,1.864918794366531,8.364363561406673,0.03206321696318569,0.875,0.0,0.875,0.036643676529355074,27.28983810341478
2,0.5,mixnet_attribution_oracle,24,0.02356902356902357,0.02006235998880693,5.654859454675546,2910.112083800973,1.8778122858784627,8.344146384556055,0.03277830844293484,0.875,0.0,0.875,0.037460923934782675,26.694483076310206
2,0.5,mixnet_attribution_oracle,25,0.02308990487879718,0.02005417411157971,5.655081219570319,2983.7935716477446,1.859060866117943,8.518591612545228,0.03592091361659149,0.875,0.0,0.875,0.04105247270467599,24.359068628918354
2,0.5,mixnet_attribution_oracle,26,0.02214328899637243,0.020025518076640856,5.657417066207464,2939.9541263603387,1.890244931448251,8.577529125391674,0.03273223692212855,0.875,0.0,0.875,0.037408270768146915,26.732056293056413
2,0.5,mixnet_attribution_oracle,27,0.022290782876976476,0.020037657884613178,5.655882934955993,2999.8079444658697,1.8549740922171623,8.31895085983171,0.034075703269154795,0.875,0.0,0.875,0.03894366087903405,25.678120069558386
2,0.5,mixnet_attribution_oracle,28,0.022350993377483443,0.02004576823945693,5.656106448941638,2926.466360626129,1.8961949300719425,8.534821298584,0.03405531794632155,0.875,0.0,0.875,0.03892036336722463,25.693490848600703
2,0.5,mixnet_attribution_oracle,29,0.020126639529624603,0.020075891123706224,5.654332329347335,2931.8867028493896,1.862388149369508,8.29933940932953,0.03490378654548811,0.875,0.0,0.875,0.03989004176627213,25.068913335797035
2,1.0,mixnet_attribution,0,0.010882528324388789,0.010003940135615928,6.6504793580109824,2899.9656380441265,3.4897330380335916,14.795835640989885,0.03183209950226406,1.75,0.0,1.75,0.01818977114415089,54.97595280749645
2,1.0,mixnet_attribution,1,0.011296395911780527,0.009993054434210719,6.652071758406944,2988.898025051871,3.4862083151529077,14.925581587654587,0.03307893202990419,1.75,0.0,1.75,0.018902246874230966,52.90376359242662
2,1.0,mixnet_attribution,2,0.009190472543463276,0.009991964628075795,6.651367822311434,2978.350616527533,3.4915883539943025,14.963910416656923,0.0337547362952143,1.75,0.0,1.75,0.019288420740122457,51.844576260194714
2,1.0,mixnet_attribution,3,0.011504624407850215,0.009990221214974752,6.651885086384305,2925.273855177081,3.5270875359419733,15.066472427286852,0.035464167627908015,1.75,0.0,1.75,0.020265238644518867,49.34558223277917
2,1.0,mixnet_attribution,4,0.012150389729481889,0.009995639169869829,6.65193799784623,2972.3640531866117,3.5150027440686245,15.112639983005629,0.03146755175059074,1.75,0.0,1.75,0.01798145814319471,55.61284252014132
2,1.0,mixnet_attribution,5,0.011548396900167148,0.01001151670811176,6.648894988640337,2954.673909740161,3.5102020716585685,14.952581247477303,0.033983516055729454,1.75,0.0,1.75,0.019419152031845403,51.49555440732445
2,1.0,mixnet_attribution,6,0.009451360073766712,0.01001676816669923,6.648804208118381,2988.390502535731,3.5315279204805847,15.043072643718485,0.03540172288991962,1.75,0.0,1.75,0.020229555937096928,49.432622402066755
2,1.0,mixnet_attribution,7,0.011694582767466426,0.010001729365050789,6.650238274926111,2934.7423419345105,3.461935091705527,14.808842699370286,0.03259830788819291,1.75,0.0,1.75,0.018627604507538805,53.68376806557647
2,1.0,mixnet_attribution,8,0.010337078651685393,0.01000742390027538,6.64964626656281,2913.3734082397004,3.472019425884355,14.475810394132713,0.033539477286608645,1.75,0.0,1.75,0.019165415592347797,52.177318836710825
2,1.0,mixnet_attribution,9,0.008238851095993953,0.010006502616728499,6.649839472211028,2938.966364323507,3.4949979450611863,15.040014930294547,0.03572891972071484,1.75,0.0,1.75,0.020416525554694195,48.97993036675521
2,1.0,mixnet_attribution,10,0.011225024320886028,0.010022213990126667,6.648016542711363,2910.566414727232,3.4916014574992005,14.73745402703627,0.03584985802355891,1.75,0.0,1.75,0.020485633156319377,48.814698201872346
2,1.0,mixnet_attribution,11,0.01026027913994719,0.0099970023747668,6.651860134198719,2933.878913617503,3.5107487362110987,14.940400984570138,0.03170932770437909,1.75,0.0,1.75,0.018119615831073767,55.18880804774436
2,1.0,mixnet_attribution,12,0.010190114068441065,0.009998956398904258,6.651083557944236,2957.565019011407,3.508261646871688,14.947186255119632,0.03541360508987155,1.75,0.0,1.75,0.020236345765640883,49.41603645149666
2,1.0,mixnet_attribution,13,0.011025524845189549,0.010000002764789084,6.6504042225595414,2937.127473191361,3.5141117927560117,14.814907616521086,0.03289860101788171,1.75,0.0,1.75,0.01879920058164669,53.19375127984332
2,1.0,mixnet_attribution,14,0.011352455914629531,0.01000447412840738,6.650826183474604,2943.783395141149,3.530711713654455,15.132727240061692,0.03196988208080899,1.75,0.0,1.75,0.018268504046176564,54.73901954272446
2,1.0,mixnet_attribution,15,0.009526712902979956,0.01001097932832987,6.649171748497563,2963.627162563829,3.4886921221914236,14.90142235073577,0.031914185257889194,1.75,0.0,1.75,0.018236677290222398,54.83455040004193
2,1.0,mixnet_attribution,16,0.009475775638086504,0.009991822294778645,6.651462439318637,2971.760889500229,3.5090472230222076,15.284230760546734,0.03143474014122483,1.75,0.0,1.75,0.017962708652128477,55.670891254003934
2,1.0,mixnet_attribution,17,0.01018187470853412,0.00999344540630955,6.651510475584611,3022.864371210944,3.4802956825878937,15.032521884115363,0.031966536816990083,1.75,0.0,1.75,0.018266592466851476,54.744747922455026
2,1.0,mixnet_attribution,18,0.011440774921821372,0.010005629052138209,6.650170035188079,2966.848600411868,3.4898298104817513,14.883695042767888,0.03118763726655999,1.75,0.0,1.75,0.01782150700946285,56.111977481422905
2,1.0,mixnet_attribution,19,0.012130401819560273,0.010004679320210793,6.650314170385034,2949.061031084155,3.499043209827505,14.931525439413935,0.03168507062475324,1.75,0.0,1.75,0.018105754642716135,55.23105883920147
2,1.0,mixnet_attribution,20,0.010249453613686035,0.009999154134463784,6.651307271169837,2931.0379079056447,3.476411497715162,14.597215140154537,0.03379687921016043,1.75,0.0,1.75,0.01931250240580596,51.779928824726916
2,1.0,mixnet_attribution,21,0.01006736810233896,0.009996008972028932,6.651124411833975,2944.021951404133,3.514125257352134,14.960708641006159,0.03242225760406558,1.75,0.0,1.75,0.018527004345180332,53.97526666312587
2,1.0,mixnet_attribution,22,0.01044446138598765,0.010026549463476466,6.648566646857919,2965.7008462300832,3.5301604947599117,14.833292384981098,0.02852115635405554,1.75,0.0,1.75,0.01629780363088888,61.35796102639998
2,1.0,mixnet_attribution,23,0.009955501923221963,0.010006340706129388,6.649796455958508,2932.828493853232,3.5161300779145677,15.056848622116695,0.03314126516078012,1.75,0.0,1.75,0.01893786580616007,52.804260534717805
2,1.0,mixnet_attribution,24,0.009088860512281229,0.009997575761872225,6.6514219301629085,2921.64095245249,3.52153889942565,14.913791857503234,0.03287623743992638,1.75,0.0,1.75,0.018786421394243646,53.22993554836422
2,1.0,mixnet_attribution,25,0.012569939449681919,0.009997102118914601,6.650733952988305,2981.5053268950714,3.496353991475189,14.940173152848708,0.03372474838457087,1.75,0.0,1.75,0.01927128479118335,51.89067624891838
2,1.0,mixnet_attribution,26,0.009208523592085236,0.010005969044164448,6.650151304329349,2960.3256468797563,3.485855457256548,14.751251488016468,0.0310731976045186,1.75,0.0,1.75,0.01775611291686777,56.31863261299888
2,1.0,mixnet_attribution,27,0.01157886665133042,0.010009769870495117,6.649865485228698,2981.8559926386015,3.492603770311689,14.927703360171373,0.03172603125701377,1.75,0.0,1.75,0.018129160718293586,55.15975149312513
2,1.0,mixnet_attribution,28,0.00985148145383984,0.009989110548156457,6.6523363051779345,2902.902082244944,3.508021046058275,14.915787429404201,0.03382787950198788,1.75,0.0,1.75,0.01933021685827879,51.73247705039159
2,1.0,mixnet_attribution,29,0.009335154826958106,0.010005551143075242,6.6503321428460795,2951.9977990285365,3.5242103426135145,14.96951361107934,0.03308514708814086,1.75,0.0,1.75,0.01890579833608049,52.89382559907903
2,1.0,mixnet_attribution_oracle,0,0.020891681174778593,0.020028889740908287,5.655315942982716,2944.186359851639,3.4756984496489167,14.899058636306208,0.03309666068499319,1.75,0.0,1.75,0.01891237753428182,52.87542500604877
2,1.0,mixnet_attribution_oracle,1,0.018411967779056387,0.019957738017295147,5.659934333767843,2983.0876869965477,3.477705357800005,14.835210210241653,0.03316387392037975,1.75,0.0,1.75,0.018950785097359858,52.76826236287782
2,1.0,mixnet_attribution_oracle,2,0.01939915458937198,0.02002300532165486,5.655389591038464,2935.839824879227,3.4748968681087717,14.963451599535771,0.034349835906990506,1.75,0.0,1.75,0.01962847766113743,50.946386024623166
2,1.0,mixnet_attribution_oracle,3,0.021377672209026127,0.019982488785212214,5.658570658809151,2886.782437648456,3.5088977444684133,15.11935239190014,0.031189343771831683,1.75,0.0,1.75,0.01782248215533239,56.10890734996783
2,1.0,mixnet_attribution_oracle,4,0.021625766871165644,0.020019804136147325,5.65549567134716,2982.0560582822086,3.4615706089534797,14.82566687232358,0.03207020894577115,1.75,0.0,1.75,0.0183258336832978,54.567776685183055
2,1.0,mixnet_attribution_oracle,5,0.017028457467208713,0.019987867339520637,5.658481408876724,2983.120503183248,3.5190500606549904,15.010312131258397,0.032953386217307284,1.75,0.0,1.75,0.018830506409889876,53.10531635382865
2,1.0,mixnet_attribution_oracle,6,0.021963041502574977,0.01998474916816735,5.65885638136338,2945.7194032111483,3.5047117928625084,15.044531440772426,0.03340003362069592,1.75,0.0,1.75,0.019085733497540527,52.39515683947198
2,1.0,mixnet_attribution_oracle,7,0.020192089540951374,0.01996733668521583,5.659739972853039,2941.6791953414504,3.5026092649204656,14.872152081483645,0.03332240162737888,1.75,0.0,1.75,0.01904137235850222,52.51722308520936
2,1.0,mixnet_attribution_oracle,8,0.02918539967995123,0.019993595269024927,5.657977697625259,2963.7116512992457,3.5209681218257174,14.804094818968343,0.03238997376724764,1.75,0.0,1.75,0.018508556438427224,54.02906506116344
2,1.0,mixnet_attribution_oracle,9,0.02119445916281886,0.020042217390269255,5.654699636139922,2943.269396714859,3.4893876968708355,14.92659854880586,0.03639580100744397,1.75,0.0,1.75,0.02079760057568227,48.0824697234188
2,1.0,mixnet_attribution_oracle,10,0.02139767812428864,0.020036745508125963,5.654864567011259,2951.0450717049853,3.4495812569221016,14.768913320815486,0.032849252937255026,1.75,0.0,1.75,0.018771001678431442,53.27366206295938
2,1.0,mixnet_attribution_oracle,11,0.018679573470468124,0.020017390652211024,5.655606932134039,2941.083869016108,3.510567993449513,15.111144156191424,0.031186064033114445,1.75,0.0,1.75,0.01782060801892254,56.11480814449009
2,1.0,mixnet_attribution_oracle,12,0.022274773056678618,0.020015308609329197,5.655744841241068,2966.415058356854,3.489521154202521,14.804830768306653,0.033060369471911356,1.75,0.0,1.75,0.018891639698235062,52.93346771235661
2,1.0,mixnet_attribution_oracle,13,0.02340837930520352,0.020054370844093204,5.653966208617991,2900.2959594453555,3.494339229306206,14.843116775676544,0.03189336591247588,1.75,0.0,1.75,0.01822478052141479,54.87034528755851
2,1.0,mixnet_attribution_oracle,14,0.02115963855421687,0.019991925330045644,5.658307785335071,2928.3089608433734,3.4710236481332686,14.877910293080978,0.030114227923764815,1.75,0.0,1.75,0.017208130242151322,58.112065978586074
2,1.0,mixnet_attribution_oracle,15,0.020461139105206902,0.020022740255443563,5.6559083031624535,2969.6762864559473,3.4866814845008776,14.70569564898593,0.0320271510958667,1.75,0.0,1.75,0.018301229197638113,54.64113853779046
2,1.0,mixnet_attribution_oracle,16,0.01969628627274094,0.020024611702544708,5.655645288780666,2923.6481732070365,3.491477012488758,14.936012034100058,0.03478745133317375,1.75,0.0,1.75,0.01987854361895643,50.30549617560451
2,1.0,mixnet_attribution_oracle,17,0.024569095857272454,0.02005749109676497,5.653870927095573,2939.8136528575747,3.515743787342217,15.07721693890399,0.032527297380333,1.75,0.0,1.75,0.018587027074475997,53.80096537187574
2,1.0,mixnet_attribution_oracle,18,0.022198651412985833,0.020046398844950273,5.654167332179283,2946.767861201606,3.5196146148373373,15.128958351551102,0.038650263981691836,1.75,0.0,1.75,0.022085865132395334,45.27782787794034
2,1.0,mixnet_attribution_oracle,19,0.021353130261748048,0.020009360019232775,5.656619933152362,2977.121842951171,3.5243059661006555,15.094045382042692,0.032379176980369594,1.75,0.0,1.75,0.01850238684592548,54.04708097000014
2,1.0,mixnet_attribution_oracle,20,0.021130441275293062,0.020003951907684378,5.657087158363103,2904.0088105726873,3.494002637657104,15.001960593932866,0.03442047479732219,1.75,0.0,1.75,0.019668842741326964,50.841832086992156
2,1.0,mixnet_attribution_oracle,21,0.01992152127980682,0.020002412882083032,5.657219749835934,2934.959704195593,3.5059802281321026,14.968777719099187,0.03139290445273111,1.75,0.0,1.75,0.017938802544417775,55.745080950856526
2,1.0,mixnet_attribution_oracle,22,0.021007436939354442,0.019988136549158677,5.658168428755281,2982.4538066395767,3.484771574905608,14.714148043366693,0.030147029771241996,1.75,0.0,1.75,0.017226874154995426,58.04883642863446
2,1.0,mixnet_attribution_oracle,23,0.02355572120760343,0.020034419053036313,5.655103484824302,2899.00387625792,3.4958076364709996,15.043530635662131,0.03274335866343342,1.75,0.0,1.75,0.018710490664819095,53.44595274993386
2,1.0,mixnet_attribution_oracle,24,0.019880257906048512,0.019996242381064278,5.65682137130967,2984.7566779244703,3.496209671429824,14.819179181614151,0.034272558893846894,1.75,0.0,1.75,0.019584319367912512,51.06125881701192
2,1.0,mixnet_attribution_oracle,25,0.01852540733576371,0.02000678067963133,5.656300020590569,2893.6411725318058,3.502775096829282,15.095648999651253,0.0338818382480263,1.75,0.0,1.75,0.0193610504274436,51.650090151231446
2,1.0,mixnet_attribution_oracle,26,0.021750583276887184,0.02005778203323057,5.653556194765952,2926.6450666064575,3.4821893409534823,14.875540525798801,0.03429713713201246,1.75,0.0,1.75,0.019598364075435692,51.02466696459556
2,1.0,mixnet_attribution_oracle,27,0.019321826790896595,0.0200178026832546,5.656265911652315,2969.2314036963494,3.4837479322450235,14.825555090567642,0.03287084375106641,1.75,0.0,1.75,0.018783339286323662,53.2386699061604
2,1.0,mixnet_attribution_oracle,28,0.01794429011187026,0.0200634342685473,5.6520758039149355,2919.496583827615,3.4963314205233473,14.848025606604955,0.03380143528502632,1.75,0.0,1.75,0.019315105877157897,51.77294943967162
2,1.0,mixnet_attribution_oracle,29,0.020588235294117647,0.019993455813563,5.657579893891207,3010.2473684210527,3.475419196242001,14.623481090903601,0.031692412149272015,1.75,0.0,1.75,0.018109949799584007,55.21826460407805
3,1e-06,mixnet_attribution,0,0.9909875211831767,0.9870009122847061,0.03059107444105841,2995.852411030658,0.24763889753376134,1.987084781745305,0.031042003138518633,1.7500000000000002e-06,0.0,1.7500000000000002e-06,17738.28750772493,5.6375227854690324e-05
3,1e-06,mixnet_attribution,1,0.985372042689753,0.9808872015464205,0.041647393032725404,2902.5314575714606,0.24378581781638786,1.9688633526326096,0.031051393174033732,1.7500000000000002e-06,0.0,1.7500000000000002e-06,17743.653242304987,5.635817981472766e-05
3,1e-06,mixnet_attribution,2,0.9892886776797164,0.9860848786102204,0.03031954232414944,2934.406577657087,0.25662345509044826,2.005064847189751,0.03225532489245065,1.7500000000000002e-06,0.0,1.7500000000000002e-06,18431.61422425751,5.425460775344995e-05
3,1e-06,mixnet_attribution,3,0.9883573401000074,0.985380281551535,0.031866396753756215,2902.7751324725727,0.23994013329502195,1.9586322092711084,0.03522275520050296,1.7500000000000002e-06,0.0,1.7500000000000002e-06,20127.28868600169,4.968379077781545e-05
3,1e-06,mixnet_attribution,4,0.9915908038882888,0.989052471570009,0.02445682356362477,3000.778043511804,0.2673129468166735,2.0566565269165533,0.031013727173396694,1.7500000000000002e-06,0.0,1.7500000000000002e-06,17722.129813369538,5.64266265133439e-05
3,1e-06,mixnet_attribution,5,0.9870923913043478,0.9829100914520199,0.03864902855321732,2935.132019927536,0.24283672985620797,1.971740320427843,0.03229577189824953,1.7500000000000002e-06,0.0,1.7500000000000002e-06,18454.72679899973,5.4186659650480506e-05
3,1e-06,mixnet_attribution,6,0.9861541953544677,0.9824633528326715,0.038182441625985775,2943.0364681849132,0.24198342792806216,1.940679875448141,0.03033783036364095,1.7500000000000002e-06,0.0,1.7500000000000002e-06,17335.903064937684,5.768375585939483e-05
3,1e-06,mixnet_attribution,7,0.9886363636363636,0.9838568373307173,0.035999577192656396,2966.002059182428,0.25919717209762894,2.0186024576592105,0.033588147274290506,1.7500000000000002e-06,0.0,1.7500000000000002e-06,19193.22701388029,5.2101712717554646e-05
3,1e-06,mixnet_attribution,8,0.9905295855746648,0.98733866353028,0.028809307722442917,2947.33025229184,0.27477715627173893,2.0871416905617535,0.035628704459626084,1.7500000000000002e-06,0.0,1.7500000000000002e-06,20359.259691214902,4.9117699521830046e-05
3,1e-06,mixnet_attribution,9,0.9871627334921977,0.9835158372599311,0.0362702292192139,2990.489814743639,0.2415172835753765,1.9445508493308403,0.03108710674390953,1.7500000000000002e-06,0.0,1.7500000000000002e-06,17764.06099651973,5.629343426572991e-05
3,1e-06,mixnet_attribution,10,0.9878207583301417,0.9843915567150202,0.03531691433193642,2978.96836461126,0.2538904204266146,2.0115265718489344,0.03364813490096276,1.7500000000000002e-06,0.0,1.7500000000000002e-06,19227.505657693004,5.200882619945536e-05
3,1e-06,mixnet_attribution,11,0.9873455860198855,0.983570199846869,0.037398281902356965,2929.230491111781,0.2689619112352375,2.067225654006787,0.03104456092857569,1.7500000000000002e-06,0.0,1.7500000000000002e-06,17739.74910204325,5.6370583047582156e-05
3,1e-06,mixnet_attribution,12,0.9894220450712862,0.9856803553824396,0.03248613253932191,2981.200751188104,0.26712336580385454,2.057359573221756,0.03398294803053702,1.7500000000000002e-06,0.0,1.7500000000000002e-06,19418.827446021154,5.1496415155843835e-05
3,1e-06,mixnet_attribution,13,0.9892440308185216,0.9855754448026836,0.03194988565613475,2967.8512472347243,0.26119007539818995,2.0493859385663726,0.03588660296328975,1.7500000000000002e-06,0.0,1.7500000000000002e-06,20506.630264737,4.876471595236153e-05
3,1e-06,mixnet_attribution,14,0.9856870955462504,0.9831589600695658,0.0359246448021841,2961.0372287780738,0.26939596980810165,2.080685168137053,0.033969944519900104,1.7500000000000002e-06,0.0,1.7500000000000002e-06,19411.396868514345,5.151612770444249e-05
3,1e-06,mixnet_attribution,15,0.9857046121435558,0.9819815673664907,0.03903268814785276,2926.9592205251674,0.23818370746448636,1.9412099163458303,0.030101660052765284,1.7500000000000002e-06,0.0,1.7500000000000002e-06,17200.94860158016,5.813632859225771e-05
3,1e-06,mixnet_attribution,16,0.9873611643048641,0.9835731472073939,0.03679694440219006,2979.3347376484107,0.23095293741789646,1.9183469920874048,0.032398835175122015,1.7500000000000002e-06,0.0,1.7500000000000002e-06,18513.620100069722,5.4014287567466836e-05
3,1e-06,mixnet_attribution,17,0.9900810176421595,0.9877634473772376,0.02758767991638773,2944.1587037177255,0.2726511003274936,2.079375587596781,0.030765468157416907,1.7500000000000002e-06,0.0,1.7500000000000002e-06,17580.267518523946,5.68819558033643e-05
3,1e-06,mixnet_attribution,18,0.9891105696009748,0.9839523167519758,0.03629315507505312,2961.5936643314044,0.24395943846320733,1.9679319286264816,0.03364726166043384,1.7500000000000002e-06,0.0,1.7500000000000002e-06,19227.006663105047,5.201017597392906e-05
3,1e-06,mixnet_attribution,19,0.988640666414237,0.98447937758965,0.03426992566410253,2944.6722453616053,0.2356531452969648,1.9357585862796864,0.03188925284646242,1.7500000000000002e-06,0.0,1.7500000000000002e-06,18222.430197978523,5.4877422447799164e-05
3,1e-06,mixnet_attribution,20,0.9932019553926061,0.9901010774415993,0.022788753865057864,2969.9416437519094,0.2834065884235315,2.127939521276347,0.03388542772788863,1.7500000000000002e-06,0.0,1.7500000000000002e-06,19363.1015587935,5.1644618862511884e-05
3,1e-06,mixnet_attribution,21,0.989904397705545,0.9877015383895698,0.025847874766581708,2974.773690248566,0.2597205457277596,2.035072303463439,0.03481234704405595,1.7500000000000002e-06,0.0,1.7500000000000002e-06,19892.76973946054,5.026952069003934e-05
3,1e-06,mixnet_attribution,22,0.9888948048984559,0.9848786057473131,0.0332843165881102,2957.6253137597932,0.2301525657530874,1.9096925678974483,0.034057439884471435,1.7500000000000002e-06,0.0,1.7500000000000002e-06,19461.394219697962,5.138378004736394e-05
3,1e-06,mixnet_attribution,23,0.988456865127582,0.9850406938929241,0.03440177110210196,2953.8694562575943,0.25207072621560656,2.005535817029778,0.03228874829624569,1.7500000000000002e-06,0.0,1.7500000000000002e-06,18450.71331214039,5.4198446590246986e-05
3,1e-06,mixnet_attribution,24,0.9902861445783132,0.9869437670543593,0.028119145773880378,2929.346762048193,0.2534409932559356,2.0074577306854886,0.03334014789859677,1.7500000000000002e-06,0.0,1.7500000000000002e-06,19051.513084912436,5.2489269253471276e-05
3,1e-06,mixnet_attribution,25,0.9873990794537086,0.9840604743935991,0.03464954105062668,2934.544103221912,0.24812799651408568,1.9906530082766147,0.03334366003902511,1.7500000000000002e-06,0.0,1.7500000000000002e-06,19053.520022300057,5.248374047575511e-05
3,1e-06,mixnet_attribution,26,0.9906067722142262,0.9871177685429576,0.028991533257872876,2947.07203999697,0.25323034412576817,2.003916734347065,0.03484609838467189,1.7500000000000002e-06,0.0,1.7500000000000002e-06,19912.056219812508,5.022083048384523e-05
3,1e-06,mixnet_attribution,27,0.9882191989055256,0.9850059811237415,0.03345276677415771,2955.666793341947,0.25758424372179434,2.030485457748817,0.03213291544860799,1.7500000000000002e-06,0.0,1.7500000000000002e-06,18361.665970633134,5.4461289166209504e-05
3,1e-06,mixnet_attribution,28,0.9889846384413639,0.9858209773521365,0.03194475757969326,2915.032071937055,0.25289110353332944,1.9827267927385708,0.03213320317045817,1.7500000000000002e-06,0.0,1.7500000000000002e-06,18361.83038311895,5.446080151787893e-05
3,1e-06,mixnet_attribution,29,0.9863555025350432,0.9817713406160473,0.0398615636156306,2899.6751416641814,0.23161217902088538,1.9374634857926902,0.03215332111075942,1.7500000000000002e-06,0.0,1.7500000000000002e-06,18373.326349005383,5.4426726059548486e-05
3,1e-06,mixnet_attribution_oracle,0,0.999164451196354,0.9988067224973296,0.0027936653527067547,2954.31766046335,0.2542570364603307,1.9992103173583826,0.03186490673892829,1.7500000000000002e-06,0.0,1.7500000000000002e-06,18208.51813653045,5.4919351069748576e-05
3,1e-06,mixnet_attribution_oracle,1,0.9987969020227084,0.998646517352809,0.002357695586961219,2924.397172719753,0.25774394781910814,2.0202600000780793,0.03317507929813399,1.7500000000000002e-06,0.0,1.7500000000000002e-06,18957.18817036228,5.275043909536134e-05
3,1e-06,mixnet_attribution_oracle,2,0.9991642607506458,0.9989895453452777,0.002444793346557543,2954.6114572253455,0.28898932799347676,2.150072500759303,0.03103514666325368,1.7500000000000002e-06,0.0,1.7500000000000002e-06,17734.369521859244,5.638768261636862e-05
3,1e-06,mixnet_attribution_oracle,3,0.9993848046754845,0.9992568078173345,0.0014556066568691653,2991.224392494617,0.24029773057554848,1.9537639375153362,0.03220096923449273,1.7500000000000002e-06,0.0,1.7500000000000002e-06,18400.553848281557,5.434619024216985e-05
3,1e-06,mixnet_attribution_oracle,4,0.9990032967875488,0.9988504135826758,0.002663741837600814,2981.4925247259066,0.23967918634298258,1.9742106905179309,0.032870229347677575,1.7500000000000002e-06,0.0,1.7500000000000002e-06,18782.988198672898,5.3239665032140864e-05
3,1e-06,mixnet_attribution_oracle,5,0.9993915887139706,0.9991010425556552,0.001967582088789866,2958.3380485208,0.23574558377731591,1.9181962737044405,0.03185608098511424,1.7500000000000002e-06,0.0,1.7500000000000002e-06,18203.474848636706,5.493456652178097e-05
3,1e-06,mixnet_attribution_oracle,6,0.9993896391241321,0.9991053043977449,0.002289455835074064,2967.0917830167086,0.24772084306459874,1.9955463721634379,0.03267756084454757,1.7500000000000002e-06,0.0,1.7500000000000002e-06,18672.891911170038,5.3553568711111346e-05
3,1e-06,mixnet_attribution_oracle,7,0.9990134324960158,0.998905179869836,0.0022046988939814225,2951.2779843666995,0.2435264144151006,1.9639745021243589,0.029244254482832598,1.7500000000000002e-06,0.0,1.7500000000000002e-06,16711.002561618625,5.984081423676954e-05
3,1e-06,mixnet_attribution_oracle,8,0.9995530393325387,0.9990818570583132,0.002176969651752675,2897.075536352801,0.2421812921820674,1.9734409577918228,0.03303354989040515,1.7500000000000002e-06,0.0,1.7500000000000002e-06,18876.314223088655,5.2976443821688726e-05
3,1e-06,mixnet_attribution_oracle,9,0.9990802483329501,0.9989616773778418,0.0022550493882388016,2980.683375488618,0.26219832501374185,2.0456573006693715,0.032463107678344774,1.7500000000000002e-06,0.0,1.7500000000000002e-06,18550.34724476844,5.3907346682257904e-05
3,1e-06,mixnet_attribution_oracle,10,0.9985831469052946,0.9982451307699797,0.004062278839060062,2900.79634601044,0.23958659343770705,1.9517697053937593,0.033402574076784944,1.7500000000000002e-06,0.0,1.7500000000000002e-06,19087.185186734252,5.239117188924264e-05
3,1e-06,mixnet_attribution_oracle,11,0.9993060374739764,0.9990933935633811,0.002065544931735962,3000.1872156681316,0.2327510111790616,1.9226036143623348,0.03241036996808672,1.7500000000000002e-06,0.0,1.7500000000000002e-06,18520.21141033527,5.399506397869446e-05
3,1e-06,mixnet_attribution_oracle,12,0.9987808594940567,0.9987923554534991,0.0025081515267898874,2962.802956415727,0.2343292823061347,1.930765562897944,0.03030079199026297,1.7500000000000002e-06,0.0,1.7500000000000002e-06,17314.738280150268,5.7754265979660046e-05
3,1e-06,mixnet_attribution_oracle,13,0.9992357077346378,0.9987562076824023,0.0029135465479482874,2971.940003057169,0.24144359640195034,1.9666653555263112,0.033287346062791136,1.7500000000000002e-06,0.0,1.7500000000000002e-06,19021.34060730922,5.25725300148264e-05
3,1e-06,mixnet_attribution_oracle,14,0.9982542694497154,0.9976978260632844,0.004975953776536266,2952.2541935483873,0.26638022004044615,2.0724910874487033,0.03329076392979549,1.7500000000000002e-06,0.0,1.7500000000000002e-06,19023.29367416885,5.2567132544343224e-05
3,1e-06,mixnet_attribution_oracle,15,0.9990972013241047,0.9989003887930429,0.002306202966057636,2925.819064098706,0.22821050602942705,1.9029063092303924,0.034334261285276425,1.7500000000000002e-06,0.0,1.7500000000000002e-06,19619.577877300813,5.0969496196804835e-05
3,1e-06,mixnet_attribution_oracle,16,0.9996182331831717,0.9993915585637264,0.0014198089533666485,2969.7723142704435,0.26348236927879043,2.033198456864713,0.030994455003770363,1.7500000000000002e-06,0.0,1.7500000000000002e-06,17711.117145011634,5.646171225747054e-05
3,1e-06,mixnet_attribution_oracle,17,0.9985532627731668,0.9982705554597208,0.0037972109735678514,2960.8921800045687,0.23163029240095057,1.920620717064339,0.03367303913883671,1.7500000000000002e-06,0.0,1.7500000000000002e-06,19241.736650763833,5.1970360999629596e-05
3,1e-06,mixnet_attribution_oracle,18,0.9985614778921865,0.9983626479734367,0.0035386222562206744,2943.66452150212,0.24008825785131194,1.9567855350967964,0.03306897571951198,1.7500000000000002e-06,0.0,1.7500000000000002e-06,18896.557554006842,5.291969170268048e-05
3,1e-06,mixnet_attribution_oracle,19,0.9995428223102713,0.9992950897815874,0.0017914287448080515,2962.8606370009143,0.2412516949698329,1.9545591800225535,0.03292490141812198,1.7500000000000002e-06,0.0,1.7500000000000002e-06,18814.229381783985,5.315126012911292e-05
3,1e-06,mixnet_attribution_oracle,20,0.9993163691606533,0.9991575701776968,0.0016685254992842798,2953.603418154197,0.23526819064863957,1.946030629183009,0.03283827513300265,1.7500000000000002e-06,0.0,1.7500000000000002e-06,18764.728647430085,5.329147139769349e-05
3,1e-06,mixnet_attribution_oracle,21,0.9994685293447726,0.9993299674943679,0.001595824972966017,2952.747095892491,0.23220718750962988,1.9414605600247663,0.031849016259117915,1.7500000000000002e-06,0.0,1.7500000000000002e-06,18199.437862353094,5.494675206801718e-05
3,1e-06,mixnet_attribution_oracle,22,0.9992377467794802,0.9986171856967857,0.0030838185952205043,2965.602942297431,0.2527374884521123,1.9963529416400352,0.0310976817408932,1.7500000000000002e-06,0.0,1.7500000000000002e-06,17770.10385193897,5.627429126650185e-05
3,1e-06,mixnet_attribution_oracle,23,0.9984936356104541,0.9980317240645981,0.0042119711492687424,2929.579272426,0.2589497092703823,2.031726635428978,0.03331331243777121,1.7500000000000002e-06,0.0,1.7500000000000002e-06,19036.17853586926,5.253155186140601e-05
3,1e-06,mixnet_attribution_oracle,24,0.9996918573299438,0.9991810603755218,0.0022480198358831123,2995.5986441722516,0.2508099993574433,2.017246155455413,0.033996168954820896,1.7500000000000002e-06,0.0,1.7500000000000002e-06,19426.38225989765,5.1476388481468524e-05
3,1e-06,mixnet_attribution_oracle,25,0.9994055580323971,0.9991496897937269,0.0021046222933290364,2890.2697280427997,0.2350868005596567,1.9286085153631758,0.03170953158776194,1.7500000000000002e-06,0.0,1.7500000000000002e-06,18119.732335863966,5.518845319920776e-05
3,1e-06,mixnet_attribution_oracle,26,0.9988650979798744,0.9981826318829757,0.003975602099704984,2942.295150185367,0.26242193987127393,2.020796506450377,0.0354208865837201,1.7500000000000002e-06,0.0,1.7500000000000002e-06,20240.506619268624,4.9405877965920904e-05
3,1e-06,mixnet_attribution_oracle,27,0.9987094815152205,0.9984744455858715,0.0033564546750414104,2952.2360889698625,0.2562861493206583,1.998580894008533,0.032980281114828154,1.7500000000000002e-06,0.0,1.7500000000000002e-06,18845.874922758943,5.3062009808436365e-05
3,1e-06,mixnet_attribution_oracle,28,0.9981744884764585,0.9978437159895538,0.004260112135001208,2958.3947668669657,0.24474297475535423,1.965506379281731,0.030278495288141766,1.7500000000000002e-06,0.0,1.7500000000000002e-06,17301.99730750958,5.779679549285159e-05
3,1e-06,mixnet_attribution_oracle,29,0.9992327169492826,0.9987035980045996,0.0031112355274594485,2984.683342284969,0.24632893616217189,1.9853339737424125,0.03036526543143679,1.7500000000000002e-06,0.0,1.7500000000000002e-06,17351.580246535308,5.7631638490083685e-05
3,0.03,mixnet_attribution,0,0.025222213781052952,0.014665371219998247,6.3749045027617095,2954.332826863177,0.3762519999872893,2.5107640976511654,0.03523202577626913,0.0525,0.0,0.0525,0.6710862052622693,1.4901215256081548
3,0.03,mixnet_attribution,1,0.024489171194612382,0.01542685248247905,6.34274890486328,2976.2562179536235,0.373118068149779,2.4912777106584674,0.03532464477966094,0.0525,0.0,0.0525,0.6728503767554466,1.486214520414037
3,0.03,mixnet_attribution,2,0.024403142943487457,0.014434492240266592,6.413526699574214,2938.5131459655486,0.34962786675896496,2.3839950805894903,0.035983249284248814,0.0525,0.0,0.0525,0.6853952244618822,1.4590122082994093
3,0.03,mixnet_attribution,3,0.023458646616541352,0.014060435632857395,6.442752214616146,2923.312781954887,0.3443730157450773,2.3380167694771155,0.03469931557664587,0.0525,0.0,0.0525,0.6609393443170642,1.5129981421113317
3,0.03,mixnet_attribution,4,0.02281077770973668,0.013813150876930918,6.417380239363482,2977.3314451928964,0.33090318864560686,2.3392839875650178,0.03376365634046652,0.0525,0.0,0.0525,0.6431172636279338,1.5549263821015007
3,0.03,mixnet_attribution,5,0.026536629621229303,0.013817919024950822,6.457416046148699,2940.3980494443185,0.3401137985056266,2.36490208947498,0.03415515174380943,0.0525,0.0,0.0525,0.6505743189297035,1.5371034037205102
3,0.03,mixnet_attribution,6,0.021218961625282168,0.013260544264994156,6.460219698532966,2926.991196388262,0.3297547154361382,2.336476059069712,0.034261327470209754,0.0525,0.0,0.0525,0.6525967137182811,1.5323399259894055
3,0.03,mixnet_attribution,7,0.024321653872463326,0.013669668291898824,6.453984651005683,2955.649236148058,0.3443567064241506,2.368722275164612,0.03370823029139153,0.0525,0.0,0.0525,0.6420615293598386,1.5574831293770872
3,0.03,mixnet_attribution,8,0.021817907292767627,0.012677956847855283,6.485015395950568,2936.8875132115354,0.3535321291710716,2.4033717438300286,0.03218094067669897,0.0525,0.0,0.0525,0.6129702986037899,1.6314004157750834
3,0.03,mixnet_attribution,9,0.022351871495681165,0.012855651480005318,6.4624730992956385,2946.9901500227306,0.36108254245482385,2.4402581478745735,0.03363290399025532,0.0525,0.0,0.0525,0.64062674267153,1.5609713634960325
3,0.03,mixnet_attribution,10,0.02798789712556732,0.01521962913365977,6.428113831746243,2942.2322995461423,0.3401253266783897,2.343597557487364,0.03542600954734405,0.0525,0.0,0.0525,0.6747811342351249,1.481962001106501
3,0.03,mixnet_attribution,11,0.023285606631499624,0.014061705162891758,6.415873124431486,2931.1377543330823,0.3382986096839886,2.3563691143111,0.03468140463903144,0.0525,0.0,0.0525,0.6605981836005989,1.5137795180566305
3,0.03,mixnet_attribution,12,0.023762675949750265,0.013961792203452322,6.4076896015328755,2942.4942485242923,0.3406578679860104,2.324717968961303,0.033679688023436495,0.0525,0.0,0.0525,0.6415178671130761,1.5588030377082804
3,0.03,mixnet_attribution,13,0.02251535137593814,0.013776182861376414,6.422024195217723,2948.637025244485,0.34851501337834634,2.3888297571517483,0.03349842261555202,0.0525,0.0,0.0525,0.6380651926771813,1.56723797423304
3,0.03,mixnet_attribution,14,0.022500755058894595,0.012753581650338392,6.498318768619887,2936.700694654183,0.3573181931860745,2.4274841666240077,0.03163215500380964,0.0525,0.0,0.0525,0.6025172381678028,1.659703551455066
3,0.03,mixnet_attribution,15,0.02379333786539769,0.013810183100422582,6.385127268400018,2937.536747488481,0.38361095217987895,2.5142714180718366,0.030865848157966773,0.0525,0.0,0.0525,0.5879209172946053,1.7009090348437175
3,0.03,mixnet_attribution,16,0.0272165891591065,0.015556663114207116,6.32353603223723,2964.9692765113973,0.3590192546835169,2.439171521798786,0.033294627570773686,0.0525,0.0,0.0525,0.6341833823004511,1.5768309733575443
3,0.03,mixnet_attribution,17,0.02506075334143378,0.014191436862965744,6.430039699384231,2952.9728888213854,0.34845764134661295,2.3772543666000248,0.034141458666597464,0.0525,0.0,0.0525,0.6503134984113803,1.5377198880891325
3,0.03,mixnet_attribution,18,0.0205159611115364,0.012856631303648305,6.465158805340167,2976.9400597106332,0.3351910912024323,2.32785379185189,0.03390812734629128,0.0525,0.0,0.0525,0.6458690923103101,1.5483013692804897
3,0.03,mixnet_attribution,19,0.02665965755482127,0.013221288625835674,6.476398829838187,2921.279963953139,0.3647682331793476,2.437882229567749,0.03294834155531031,0.0525,0.0,0.0525,0.6275874581963868,1.5934034164320034
3,0.03,mixnet_attribution,20,0.02081427264409881,0.013244621821899425,6.485706161194027,2965.2826318999696,0.35105476263561286,2.412459654065242,0.03434001615692094,0.0525,0.0,0.0525,0.6540955458461132,1.5288286342118993
3,0.03,mixnet_attribution,21,0.020419047619047618,0.012598592124358354,6.467904918596863,2963.328,0.3487213578191586,2.3889198099459934,0.03193714298172263,0.0525,0.0,0.0525,0.6083265329851929,1.6438539925141498
3,0.03,mixnet_attribution,22,0.025495315619720474,0.014384169614714552,6.396743508428193,2987.257871294732,0.3404155167809222,2.339419580639854,0.03353470432544482,0.0525,0.0,0.0525,0.6387562728656156,1.56554235548053
3,0.03,mixnet_attribution,23,0.023912877922473538,0.013835833357457281,6.430229915458583,2962.030766887518,0.3464233743434306,2.3669440065314014,0.03395222443025845,0.0525,0.0,0.0525,0.6467090367668277,1.5462904384318232
3,0.03,mixnet_attribution,24,0.0229997003296374,0.013378443769574283,6.439908755970181,2913.8610278693436,0.3662026948586572,2.4607804377823754,0.03234260004759131,0.0525,0.0,0.0525,0.616049524716025,1.6232461188261793
3,0.03,mixnet_attribution,25,0.02174733821641622,0.01266563965858432,6.475739216994662,2936.669787812429,0.3773057989019435,2.5083820740743206,0.03262980598242784,0.0525,0.0,0.0525,0.6215201139510065,1.6089583869506572
3,0.03,mixnet_attribution,26,0.022488983437167605,0.013432564046924202,6.459119774255792,2955.4759155143597,0.33923660436994396,2.3404370999328874,0.0335959778950831,0.0525,0.0,0.0525,0.6399233884777733,1.562687062241566
3,0.03,mixnet_attribution,27,0.02276164549304295,0.012541952175546066,6.475944912949476,2940.3359800362978,0.38418834263575263,2.5312778594631524,0.032697368974845625,0.0525,0.0,0.0525,0.6228070280922976,1.6056337756223968
3,0.03,mixnet_attribution,28,0.02180473819224385,0.01328812503282754,6.469904100747581,2934.3325788441225,0.3359559509262908,2.3405738081368863,0.03247220352185212,0.0525,0.0,0.0525,0.6185181623209928,1.6167673981431596
3,0.03,mixnet_attribution,29,0.024288740920096853,0.013228532911840769,6.439039287985204,2943.085578087167,0.3667864204617217,2.4440206136614044,0.030747396963297677,0.0525,0.0,0.0525,0.5856647040628129,1.7074616125282998
3,0.03,mixnet_attribution_oracle,0,0.06413592530231134,0.04147282292757259,4.818228390522913,2976.704194091535,0.3218886819377076,2.2704013280366624,0.030465875204312355,0.0525,0.0,0.0525,0.5803023848440448,1.7232395146346815
3,0.03,mixnet_attribution_oracle,1,0.0728018846416901,0.04496895844961415,4.794783664259566,2954.8420092712213,0.377423655212624,2.5010156948574584,0.03323876361133643,0.0525,0.0,0.0525,0.6331193068825987,1.579481132748702
3,0.03,mixnet_attribution_oracle,2,0.06944968672152185,0.042618723261418634,4.806572174261709,2934.959236053446,0.3460299785656389,2.3769937136685293,0.03162027434441828,0.0525,0.0,0.0525,0.6022909398936815,1.6603271504906305
3,0.03,mixnet_attribution_oracle,3,0.06378553270164086,0.04341031733206518,4.783818410487242,2995.998228179647,0.3383934036537539,2.3214069141169786,0.034028146749239624,0.0525,0.0,0.0525,0.6481551761759928,1.5428404134636906
3,0.03,mixnet_attribution_oracle,4,0.06952651369810452,0.043498689523171666,4.802108254164996,2984.1015271276187,0.33287558279698715,2.3156732336046884,0.03237697988987279,0.0525,0.0,0.0525,0.6167043788547197,1.6215224575786176
3,0.03,mixnet_attribution_oracle,5,0.068654698415083,0.04415773699990472,4.778369706600688,2922.2046120333507,0.32837291245232336,2.316273573717652,0.03471638587274293,0.0525,0.0,0.0525,0.661264492814151,1.5122541900658968
3,0.03,mixnet_attribution_oracle,6,0.06656546489563567,0.042627037063763536,4.801387772923316,2951.7277419354837,0.32930938131175935,2.310236018776541,0.032413555963287335,0.0525,0.0,0.0525,0.6174010659673779,1.6196927007781323
3,0.03,mixnet_attribution_oracle,7,0.06349686295260412,0.04353833561821525,4.779175579986327,2940.3651069619773,0.354362218931783,2.413248541722016,0.033087346350251554,0.0525,0.0,0.0525,0.6302351685762201,1.5867092949749613
3,0.03,mixnet_attribution_oracle,8,0.0665024630541872,0.044291327736520336,4.776394145152277,2993.285868226601,0.33023107520421036,2.307888182522909,0.03509568826220722,0.0525,0.0,0.0525,0.6684893002325185,1.495910255634867
3,0.03,mixnet_attribution_oracle,9,0.062433782352050854,0.0415987386805955,4.807764298244714,2943.0752232480704,0.341845892398851,2.341203370063874,0.0323679314260207,0.0525,0.0,0.0525,0.616532027162299,1.6219757546135634
3,0.03,mixnet_attribution_oracle,10,0.061891515994436715,0.04102795771918027,4.820752405797331,3006.0975892443207,0.34755798580590636,2.3947650426657736,0.031024838253247967,0.0525,0.0,0.0525,0.5909493000618661,1.6921925449362758
3,0.03,mixnet_attribution_oracle,11,0.06768857186219457,0.04328548093425155,4.793545607817625,2950.9312490514494,0.3334536397305783,2.333474329126017,0.03296581258374427,0.0525,0.0,0.0525,0.6279202396903671,1.592558953814116
3,0.03,mixnet_attribution_oracle,12,0.06830003769317754,0.04431819319697039,4.779752244954116,2931.1672069355445,0.3371463568764739,2.322282603395376,0.03522834024186515,0.0525,0.0,0.0525,0.6710160046069552,1.490277419814667
3,0.03,mixnet_attribution_oracle,13,0.061296239682054415,0.042662854460142126,4.80670094666973,2972.3621216753286,0.33183854675735347,2.324609326443883,0.0328086971972117,0.0525,0.0,0.0525,0.6249275656611754,1.6001854534005022
3,0.03,mixnet_attribution_oracle,14,0.06880979716800613,0.04340429575352068,4.79569305828839,2975.995560658247,0.37734778385492973,2.4929423119185445,0.033599207805126693,0.0525,0.0,0.0525,0.6399849105738418,1.5625368402879234
3,0.03,mixnet_attribution_oracle,15,0.06648936170212766,0.043558224015139826,4.794950413498919,2955.7161094224925,0.36610440429649316,2.4622653123920344,0.03289904809050401,0.0525,0.0,0.0525,0.6266485350572192,1.5957908525369648
3,0.03,mixnet_attribution_oracle,16,0.06806799210805889,0.042789985904087786,4.794941940001378,2951.114888450448,0.31892436937778257,2.2413441254127826,0.0326080062745757,0.0525,0.0,0.0525,0.6211048814204895,1.6100340375895348
3,0.03,mixnet_attribution_oracle,17,0.06569618343641574,0.04307739333250287,4.80305911814544,2932.882486046161,0.365748752723448,2.465345389869171,0.03281463569606066,0.0525,0.0,0.0525,0.625040679924965,1.5998958661699398
3,0.03,mixnet_attribution_oracle,18,0.06564633505889414,0.04204810658471062,4.81878819099127,2917.981318928652,0.3785182395367883,2.4728774509771676,0.03066515866214538,0.0525,0.0,0.0525,0.5840982602313406,1.7120407097325294
3,0.03,mixnet_attribution_oracle,19,0.06976917905430642,0.04339770312696933,4.800747096606707,2905.249794576828,0.362283835420385,2.436762821301027,0.03237790651156835,0.0525,0.0,0.0525,0.6167220287917781,1.6214760513080795
3,0.03,mixnet_attribution_oracle,20,0.06741487249961826,0.04270264715838381,4.801495589245477,2969.746526187204,0.32793754973681644,2.2916650268844436,0.03358549747307873,0.0525,0.0,0.0525,0.6397237613919758,1.5631747018808535
3,0.03,mixnet_attribution_oracle,21,0.06689900750056822,0.04297391032302926,4.787560710926836,2946.883930600803,0.3441167536948342,2.3831340005224773,0.03335495336891309,0.0525,0.0,0.0525,0.635332445122154,1.5739791154656553
3,0.03,mixnet_attribution_oracle,22,0.06870402669295518,0.04316583197894344,4.796144520234669,2949.72503222871,0.34441228190553375,2.3662648549138185,0.03273475242469534,0.0525,0.0,0.0525,0.6235190938037208,1.6038001240661166
3,0.03,mixnet_attribution_oracle,23,0.06481055376591502,0.042063810871129086,4.808979158961262,2982.994784476147,0.349974737589946,2.4173093927495435,0.0312737192704306,0.0525,0.0,0.0525,0.5956898908653447,1.678725819146139
3,0.03,mixnet_attribution_oracle,24,0.06479301177364223,0.04259904729355891,4.799934565077466,2953.844663881504,0.34698627225589007,2.379829679372834,0.03238634860496842,0.0525,0.0,0.0525,0.616882830570827,1.6210533839540628
3,0.03,mixnet_attribution_oracle,25,0.061478835777794665,0.04074824858567864,4.835073531184079,2955.5093092180255,0.33164284139638767,2.3139913424842193,0.028854054626153428,0.0525,0.0,0.0525,0.5496010404981606,1.8195016499488357
3,0.03,mixnet_attribution_oracle,26,0.06502157293164787,0.04281002475142491,4.786946650496654,2943.7936568011505,0.3380795723060146,2.3581332197404743,0.03299853356878974,0.0525,0.0,0.0525,0.628543496548376,1.5909797897702609
3,0.03,mixnet_attribution_oracle,27,0.071909772159564,0.04311246776694889,4.799624801505371,2943.8884263114073,0.3436840181821026,2.373345807597493,0.03284199810648425,0.0525,0.0,0.0525,0.6255618686949381,1.5985629080721042
3,0.03,mixnet_attribution_oracle,28,0.06598251615355379,0.04213599198361037,4.808805525126891,2956.6063093880653,0.3279913541919086,2.306898049712812,0.031774418382591554,0.0525,0.0,0.0525,0.6052270168112677,1.6522725724781007
3,0.03,mixnet_attribution_oracle,29,0.0711719287516245,0.04396498203888448,4.80333676440919,2973.1054200749177,0.3312461470195558,2.323156483278611,0.03283712613043416,0.0525,0.0,0.0525,0.6254690691511269,1.5988000835232004
3,0.06,mixnet_attribution,0,0.01909013932722654,0.011179801366315014,6.562143807698848,2993.0899083981217,0.43563364789588377,2.7502012694266753,0.03474884562598668,0.105,0.0,0.105,0.33094138691415886,3.0216831123010452
3,0.06,mixnet_attribution,1,0.01657799367723032,0.011111472102104837,6.568476620921071,2999.47929678464,0.4394581216038205,2.731650046445078,0.03424094543605829,0.105,0.0,0.105,0.3261042422481742,3.0665041126296444
3,0.06,mixnet_attribution,2,0.02026303716164551,0.011633345439718279,6.559207807978557,2973.953509710965,0.43277550078346394,2.728693038238368,0.03500024215707704,0.105,0.0,0.105,0.33333563959120993,2.999979243822718
3,0.06,mixnet_attribution,3,0.017129489888318743,0.011101464122336875,6.5706704935051325,2935.160805916088,0.433809361391468,2.7161956482333465,0.03183886974431821,0.105,0.0,0.105,0.3032273308982687,3.2978557606850263
3,0.06,mixnet_attribution,4,0.01523853281261965,0.010967882962768792,6.577397626992705,2978.101845470557,0.4320740381954238,2.724136893773836,0.030463763975554593,0.105,0.0,0.105,0.2901310854814723,3.4467178804384258
3,0.06,mixnet_attribution,5,0.014266985424539216,0.010864806017862494,6.584743618132892,2998.762859566592,0.42246978607727215,2.693284930771683,0.02971082430389786,0.105,0.0,0.105,0.2829602314656939,3.5340655286438722
3,0.06,mixnet_attribution,6,0.020834911735737555,0.01189621585701905,6.522880621869641,2945.779680278809,0.467130501230713,2.8991879378876657,0.03578654440937279,0.105,0.0,0.105,0.34082423247021704,2.9340636748514797
3,0.06,mixnet_attribution,7,0.016414719804550313,0.011053279905659309,6.573178398406378,2969.0171781951444,0.44823541314690374,2.809740263724009,0.0304576589620241,0.105,0.0,0.105,0.29007294249546767,3.447408749665181
3,0.06,mixnet_attribution,8,0.01770920422588736,0.01093868616104121,6.578919287548672,2956.0527475868357,0.4309033495665062,2.703778853418202,0.03233278443142863,0.105,0.0,0.105,0.3079312802993203,3.2474778107244053
3,0.06,mixnet_attribution,9,0.020054487664598154,0.012557778017836791,6.468804788936529,2943.085969426366,0.4671533297805581,2.8522788548617988,0.03212647806693617,0.105,0.0,0.105,0.3059664577803445,3.268332114750654
3,0.06,mixnet_attribution,10,0.016829119707584526,0.011098663068363854,6.570456043803683,2961.676210782821,0.44630215683719143,2.78121925138678,0.031520858697569785,0.105,0.0,0.105,0.3001986542625694,3.331127524393723
3,0.06,mixnet_attribution,11,0.01717977955150133,0.01125454319668926,6.558263650402232,2955.964424173318,0.45524801159626804,2.8556838217244023,0.032006790703759204,0.105,0.0,0.105,0.30482657813104,3.280553835335566
3,0.06,mixnet_attribution,12,0.018404447115384616,0.011173813659831739,6.570742131580892,2921.2685546875,0.4388738866255153,2.7645980499442198,0.032143839050636475,0.105,0.0,0.105,0.30613180048225214,3.2665668787910667
3,0.06,mixnet_attribution,13,0.016281391598187544,0.011047003694088519,6.573896915325896,2987.3008217494817,0.42457976075820625,2.6887205416120636,0.031128389475714204,0.105,0.0,0.105,0.2964608521496591,3.3731266463984286
3,0.06,mixnet_attribution,14,0.017639077340569877,0.011197093726610784,6.56120116030947,2931.501658374793,0.4347105539927725,2.747387774321883,0.031769811140762015,0.105,0.0,0.105,0.3025696299120192,3.305024368409938
3,0.06,mixnet_attribution,15,0.015751027240907017,0.011114968502526815,6.568241289473528,2959.461345305129,0.44333931923029013,2.7763745659147094,0.03223133551435663,0.105,0.0,0.105,0.3069651001367298,3.2576993265833005
3,0.06,mixnet_attribution,16,0.017902431746978965,0.011061015951896699,6.575728184929461,2900.2842011039834,0.428137239505304,2.7117602220123898,0.032823753283302615,0.105,0.0,0.105,0.3126071741266916,3.1989029131965023
3,0.06,mixnet_attribution,17,0.01636239678812211,0.011017661759664944,6.577551759412217,2947.1071130974924,0.4399354726774618,2.7101290721188365,0.03212050871853651,0.105,0.0,0.105,0.30590960684320484,3.2689395090248143
3,0.06,mixnet_attribution,18,0.017391304347826087,0.011437738394339678,6.5424226163409145,2965.7814645308927,0.4343456946371589,2.7407579552977888,0.030127926019139047,0.105,0.0,0.105,0.28693262875370523,3.485138669462271
3,0.06,mixnet_attribution,19,0.017750573833205815,0.011163766104319553,6.57537922019468,2974.8411629686307,0.42768969549797475,2.6781739836495166,0.032012698986825086,0.105,0.0,0.105,0.30488284749357225,3.279948374337729
3,0.06,mixnet_attribution,20,0.016363909322924485,0.010915290736573885,6.5810089244709005,2920.4037682029725,0.4821494751377031,2.927885659639206,0.03217022079784312,0.105,0.0,0.105,0.3063830552175535,3.2638880739991634
3,0.06,mixnet_attribution,21,0.016407140144322065,0.011013025695504854,6.573913634260776,2953.8206608431447,0.46541693885228597,2.841810296900448,0.031128356837642812,0.105,0.0,0.105,0.29646054131088395,3.3731301831205522
3,0.06,mixnet_attribution,22,0.01561792666364871,0.011245215788195317,6.559172884907189,2934.3027765202955,0.4257005851250142,2.695926506567229,0.03415794044362991,0.105,0.0,0.105,0.325313718510761,3.073955825096632
3,0.06,mixnet_attribution,23,0.0149718802249582,0.010995065902725506,6.576202355621127,2955.9477884176927,0.4306992261845153,2.730870428868983,0.032722007142855114,0.105,0.0,0.105,0.3116381632652868,3.2088496143161214
3,0.06,mixnet_attribution,24,0.014240869764949085,0.011105023497486792,6.572106665377715,2977.4483577061483,0.4798942351480946,2.898119069380159,0.03089312541462572,0.105,0.0,0.105,0.2942202420440545,3.3988144155298023
3,0.06,mixnet_attribution,25,0.017831507366830375,0.011238992911650229,6.561935374818013,2938.403853418965,0.4549233892757911,2.8191150967284493,0.0328960392403461,0.105,0.0,0.105,0.31329561181282,3.191873624445959
3,0.06,mixnet_attribution,26,0.016937618147448014,0.01107541274260585,6.570101707660902,2940.2865028355386,0.43662146214046516,2.729998148770624,0.03152779532536394,0.105,0.0,0.105,0.3002647173844185,3.330394622155139
3,0.06,mixnet_attribution,27,0.01622763982187335,0.011019404064068416,6.573028941192775,2934.940297380934,0.44956435717176646,2.785974248514664,0.031842425693000484,0.105,0.0,0.105,0.3032611970761951,3.2974874782570605
3,0.06,mixnet_attribution,28,0.016543978143735295,0.011017578601562036,6.574243723364942,2951.4744630796085,0.4350916212424636,2.7268233899034597,0.03247917446763318,0.105,0.0,0.105,0.30932547112031605,3.2328407886301656
3,0.06,mixnet_attribution,29,0.013583244801942632,0.01099949272805404,6.574484020568652,2951.3859462740934,0.4328594794787932,2.7192037476598117,0.030498321402119173,0.105,0.0,0.105,0.29046020382970644,3.4428124294310862
3,0.06,mixnet_attribution_oracle,0,0.04711443165357933,0.034165777733212145,4.978940227453958,2965.234123656324,0.4548351675039157,2.814386390727551,0.03362381091153502,0.105,0.0,0.105,0.3202267705860478,3.122787011747636
3,0.06,mixnet_attribution_oracle,1,0.04732244587922522,0.0341655308278997,4.9710878784538854,2954.6048613748576,0.46628631418570876,2.854166722301542,0.034514548617297545,0.105,0.0,0.105,0.32870998683140523,3.042195369965739
3,0.06,mixnet_attribution_oracle,2,0.04865810081350262,0.03383131827351171,4.980178054457372,2957.4353379457157,0.41800835338653997,2.648265922680781,0.032864337930090554,0.105,0.0,0.105,0.312993694572291,3.1949525416686426
3,0.06,mixnet_attribution_oracle,3,0.04615963855421687,0.03395475485833764,4.976465500659739,2928.5860692771084,0.4565314351057168,2.797112294951151,0.03322710787813412,0.105,0.0,0.105,0.3164486464584202,3.1600703974930577
3,0.06,mixnet_attribution_oracle,4,0.04784218879903258,0.03370884808540869,4.983995964384058,2939.7483939233616,0.45307340400177054,2.769132686829935,0.031918120167864196,0.105,0.0,0.105,0.3039820968368019,3.2896674192522184
3,0.06,mixnet_attribution_oracle,5,0.04914721723518851,0.03401366505155841,4.979809269754502,2909.1985338120885,0.41852399896015413,2.6477613583333444,0.03340532143434142,0.105,0.0,0.105,0.3181459184222992,3.143211784576862
3,0.06,mixnet_attribution_oracle,6,0.05574210879785091,0.03404705728651363,4.983629735738333,2902.563465413029,0.44405800380627625,2.75727393202391,0.03280550259282213,0.105,0.0,0.105,0.31243335802687744,3.2006825593635035
3,0.06,mixnet_attribution_oracle,7,0.05019685039370079,0.03385910279693938,4.977518874972131,2944.8738643246515,0.4412301807606127,2.759769816624114,0.0340774361057404,0.105,0.0,0.105,0.32454701053086094,3.081217720552415
3,0.06,mixnet_attribution_oracle,8,0.04719920954624914,0.033712147001373635,4.980180285257531,2955.7933419472524,0.4562665816338267,2.8053448791567748,0.03347266877947279,0.105,0.0,0.105,0.31878732170926466,3.1368876109571384
3,0.06,mixnet_attribution_oracle,9,0.04696300806819912,0.03343240850203792,4.989283681355319,2960.3142030750496,0.4531444218882825,2.775380193292021,0.03025237865765876,0.105,0.0,0.105,0.2881178919777025,3.470801459554585
3,0.06,mixnet_attribution_oracle,10,0.04573285962657797,0.03400732899900747,4.969485854793852,2939.7144152997203,0.4551477188069839,2.796364373775535,0.03396438878403467,0.105,0.0,0.105,0.32347036937175877,3.0914732683002497
3,0.06,mixnet_attribution_oracle,11,0.05441864030045221,0.03404580575525984,4.981741747200484,2981.0296619912624,0.45176019333302975,2.8057632403322827,0.033046208572576,0.105,0.0,0.105,0.3147257959292953,3.177369039761377
3,0.06,mixnet_attribution_oracle,12,0.05103825967901422,0.03372157491916576,4.986444690423722,2957.734920514186,0.4518550717330072,2.787766834321244,0.03216062740523383,0.105,0.0,0.105,0.30629168957365555,3.264861679374833
3,0.06,mixnet_attribution_oracle,13,0.04761179248876362,0.03415904407325978,4.976994071078375,2962.9895634950863,0.4621837552986108,2.8532268155528717,0.03411603312723512,0.105,0.0,0.105,0.3249146012117631,3.0777317986649977
3,0.06,mixnet_attribution_oracle,14,0.04908952959028832,0.033555983020404107,4.990119783517853,2950.119650986343,0.4287884460645728,2.706322081321548,0.030724009873688226,0.105,0.0,0.105,0.2926096178446498,3.41752266164714
3,0.06,mixnet_attribution_oracle,15,0.049264043256233105,0.033752609604759835,4.983278123851639,2920.2922048663263,0.45182844446389936,2.789278253933018,0.032574765540962294,0.105,0.0,0.105,0.310235862294879,3.2233539752715648
3,0.06,mixnet_attribution_oracle,16,0.04695121951219512,0.03390107442359302,4.977499546635996,2964.500838414634,0.43780243734363467,2.7236549633444342,0.034090568522444374,0.105,0.0,0.105,0.3246720811661369,3.0800307695329465
3,0.06,mixnet_attribution_oracle,17,0.05109052883178966,0.03413720283685522,4.973946761692457,2904.7659844636987,0.433643254393246,2.7221259019508874,0.03380233039756495,0.105,0.0,0.105,0.3219269561672853,3.1062947070526232
3,0.06,mixnet_attribution_oracle,18,0.0495618011483832,0.033866528327974835,4.981278940368983,2937.0167724388034,0.4437718822446186,2.7538187019031923,0.03314453702205342,0.105,0.0,0.105,0.3156622573528898,3.167942877890737
3,0.06,mixnet_attribution_oracle,19,0.04638400240565328,0.033874164665722566,4.9775470865363785,2923.8436325364605,0.4409235051134601,2.7189772256159523,0.03339136737963399,0.105,0.0,0.105,0.3180130226631809,3.1445253141697167
3,0.06,mixnet_attribution_oracle,20,0.046884591774094535,0.03380138786366682,4.977913940053175,2983.964318600368,0.43147587386192754,2.737343939758986,0.0331034708131301,0.105,0.0,0.105,0.31527115060123906,3.1718728405467678
3,0.06,mixnet_attribution_oracle,21,0.049143992662794254,0.03338339771662615,4.990448797632512,2972.907749923571,0.43467958708060905,2.721630141753269,0.03023605589026241,0.105,0.0,0.105,0.2879624370501182,3.472675152509408
3,0.06,mixnet_attribution_oracle,22,0.04764405762304922,0.03371332772618858,4.988102578780748,2917.825030012005,0.45616733710630797,2.827513926131627,0.032288141290996095,0.105,0.0,0.105,0.30750610753329616,3.2519679300734605
3,0.06,mixnet_attribution_oracle,23,0.052986217457886675,0.03414398924053006,4.970024536479674,2978.037595712098,0.437856791424565,2.719609743506934,0.034589335754776906,0.105,0.0,0.105,0.3294222452835896,3.035617704381592
3,0.06,mixnet_attribution_oracle,24,0.04582353387451635,0.033693708685090175,4.976349630818908,2950.952507397011,0.4578741166915279,2.8195657703986887,0.032996823041880806,0.105,0.0,0.105,0.31425545754172196,3.1821245295866833
3,0.06,mixnet_attribution_oracle,25,0.051008667638260334,0.03372682613919824,4.9861992469808785,2982.2070261563244,0.42998685355996713,2.7325395848620806,0.031392572809028206,0.105,0.0,0.105,0.29897688389550675,3.3447401918520994
3,0.06,mixnet_attribution_oracle,26,0.051459825899391416,0.033882351883073515,4.977994469491411,2996.279485401741,0.4596144391980488,2.8051142834421756,0.03352328515262065,0.105,0.0,0.105,0.31926938240591096,3.1321512650675203
3,0.06,mixnet_attribution_oracle,27,0.047744957316612525,0.033675934897228046,4.980505992599575,2938.0107275062323,0.4698297899449244,2.8409138826374534,0.032757061751959624,0.105,0.0,0.105,0.31197201668532976,3.205415699218462
3,0.06,mixnet_attribution_oracle,28,0.04804256936526036,0.03398498406814885,4.972289388821875,2956.587685290764,0.44439374143257737,2.766959929710831,0.033890443338875594,0.105,0.0,0.105,0.32276612703691043,3.098218543501758
3,0.06,mixnet_attribution_oracle,29,0.045645691566633534,0.03355437910543572,4.984540494080342,2972.450646073859,0.4270623075135518,2.714081821637441,0.03173026071703745,0.105,0.0,0.105,0.30219295920988054,3.3091439410587826
3,0.12,mixnet_attribution,0,0.018610327206162763,0.010503738506054629,6.613302823704867,2966.4053847913965,0.629746862250613,3.502830610412892,0.037891343618865925,0.21,0.0,0.21,0.18043496961364727,5.5421629307291695
3,0.12,mixnet_attribution,1,0.014909314478942514,0.010354773423067568,6.623244103551089,2989.0297417768215,0.6198486220673658,3.483171852087493,0.03215000824515279,0.21,0.0,0.21,0.15309527735787043,6.531880128884925
3,0.12,mixnet_attribution,2,0.01520433138025662,0.010368774290840762,6.622464979167822,2884.6650597048133,0.6295167193457019,3.463266936335594,0.0326472907071073,0.21,0.0,0.21,0.15546328908146334,6.4323867448603655
3,0.12,mixnet_attribution,3,0.012137611132586008,0.010494764679681152,6.613764550583173,3006.2725937379205,0.654120269435225,3.645239831386376,0.032900026800762094,0.21,0.0,0.21,0.15666679428934333,6.382973523752131
3,0.12,mixnet_attribution,4,0.012921263412422548,0.010293291634954247,6.625867012108085,2939.089919903279,0.657252484903438,3.612774153423917,0.030647402289723166,0.21,0.0,0.21,0.14594001090344366,6.852130500809793
3,0.12,mixnet_attribution,5,0.01315081135122664,0.010523737534122595,6.612158327104352,2991.0578328078136,0.6444505708350334,3.5617098624658867,0.0315353787427727,0.21,0.0,0.21,0.15016847020367954,6.659187502167797
3,0.12,mixnet_attribution,6,0.014084507042253521,0.010323169029751843,6.6258274049352535,2898.407481928609,0.6458340474928264,3.4999146815505187,0.03176796065779388,0.21,0.0,0.21,0.15127600313235182,6.610433772004784
3,0.12,mixnet_attribution,7,0.014749925127283618,0.010532616609782846,6.610780744793699,2912.559523809524,0.6691444955940824,3.6385863774359146,0.032647318120585134,0.21,0.0,0.21,0.15546341962183396,6.432381343678841
3,0.12,mixnet_attribution,8,0.016154965163463746,0.010472651541580806,6.616028284361734,2977.715641987597,0.6584609994897619,3.6254656620618304,0.03278495453938865,0.21,0.0,0.21,0.15611883113994596,6.405377190555528
3,0.12,mixnet_attribution,9,0.010578333719403907,0.010408161657127905,6.619081119438952,3002.3541811443133,0.6160227385698818,3.4526870695214242,0.030677906609391365,0.21,0.0,0.21,0.14608526956853032,6.8453171421974774
3,0.12,mixnet_attribution,10,0.015688640820636597,0.010448241705623855,6.61741067309875,2933.39651531151,0.6585860339982901,3.5775790100104463,0.029999727846375293,0.21,0.0,0.21,0.14285584688750141,7.000063503088517
3,0.12,mixnet_attribution,11,0.014549863595028797,0.010360880851052657,6.624574818493717,2946.8682934222493,0.6373449576785788,3.58996866650516,0.031553692669540834,0.21,0.0,0.21,0.15025567937876588,6.655322475226982
3,0.12,mixnet_attribution,12,0.015274102079395085,0.010370891944105096,6.620614231396759,2940.9834404536864,0.6509682308533229,3.5580447982747243,0.03249300635776547,0.21,0.0,0.21,0.15472860170364508,6.462929212760035
3,0.12,mixnet_attribution,13,0.013268632951702176,0.010321645686571256,6.6253563109356515,2948.976268102206,0.6383425949024968,3.5389436389499864,0.031416087593386266,0.21,0.0,0.21,0.14960041711136318,6.684473341111047
3,0.12,mixnet_attribution,14,0.012646927540544561,0.010375259705574529,6.618934770529455,2893.3782175271535,0.6273438601347152,3.450393359961627,0.033908434311701784,0.21,0.0,0.21,0.16146873481762755,6.193149411429153
3,0.12,mixnet_attribution,15,0.013155905035536066,0.010327861736459098,6.623661772322381,2941.5482383184635,0.6416089763224591,3.527484357054146,0.030879245220550435,0.21,0.0,0.21,0.14704402485976398,6.800684359352248
3,0.12,mixnet_attribution,16,0.017363490975554032,0.010569119035888645,6.610446061632741,2962.2526083314297,0.6699907399597578,3.660445199464731,0.03193438705865416,0.21,0.0,0.21,0.15206850980311504,6.575983425462065
3,0.12,mixnet_attribution,17,0.013317191283292978,0.010371536843810838,6.623770022189376,2943.3208232445522,0.6812494030455127,3.721590780991974,0.031700279943426266,0.21,0.0,0.21,0.15095371401631555,6.624547176705549
3,0.12,mixnet_attribution,18,0.01215159109895952,0.010328046704566874,6.623591743537618,2953.9583048530417,0.6523489971004892,3.5876543389287807,0.033324191435872806,0.21,0.0,0.21,0.1586866258851086,6.3017282926162554
3,0.12,mixnet_attribution,19,0.014782411946602307,0.010355443168870663,6.62274161470659,2932.8106946225207,0.6345037375576794,3.5289464424557786,0.03226603962846526,0.21,0.0,0.21,0.1536478077545965,6.508390940384792
3,0.12,mixnet_attribution,20,0.013432038464473784,0.010381433202276016,6.622550449426307,2968.167289933603,0.6599606857926119,3.6275790685141676,0.033601708992308243,0.21,0.0,0.21,0.1600081380586107,6.249682123253643
3,0.12,mixnet_attribution,21,0.012836970474967908,0.010357902223751849,6.6234700663380295,2937.2967605527447,0.6398774849367328,3.5796435086508853,0.03178006733940857,0.21,0.0,0.21,0.15133365399718368,6.607915513746929
3,0.12,mixnet_attribution,22,0.013389121338912133,0.010540539083424548,6.610579794067454,2958.628147584633,0.650382001826074,3.612748796068333,0.03018478444375017,0.21,0.0,0.21,0.14373706877976272,6.957147578487378
3,0.12,mixnet_attribution,23,0.013239521864124679,0.010346689317969655,6.624730198512368,2942.590709638372,0.6372900720161851,3.5437009536463826,0.03255182084327417,0.21,0.0,0.21,0.15500867068225796,6.451252020926198
3,0.12,mixnet_attribution,24,0.020483597720622207,0.010425718587890435,6.621888288221695,2994.983058678577,0.6479200902977027,3.587602033081861,0.0349811274228121,0.21,0.0,0.21,0.1665767972514862,6.003237044414227
3,0.12,mixnet_attribution,25,0.014389578915480157,0.010420377359698356,6.61946960161059,2945.5456679794,0.640025864879135,3.533634012274241,0.03420491321079183,0.21,0.0,0.21,0.16288053909900874,6.1394688741307455
3,0.12,mixnet_attribution,26,0.012785800240673887,0.010394906661377008,6.622294028336468,2924.8443892900123,0.6461849280167371,3.5920913009100204,0.0334886531124017,0.21,0.0,0.21,0.15946977672572238,6.270780711757907
3,0.12,mixnet_attribution,27,0.013236972232788132,0.010378582884552059,6.623666835520185,2958.35329022442,0.6631235709937755,3.628050639653738,0.03238044754892493,0.21,0.0,0.21,0.154192607375833,6.485395227558311
3,0.12,mixnet_attribution,28,0.013500189609404627,0.010401780030104136,6.6198317648303435,2949.30451270383,0.6419034133432433,3.561976629380116,0.032792663056767354,0.21,0.0,0.21,0.15615553836555884,6.4038714890726975
3,0.12,mixnet_attribution,29,0.014964116659031914,0.010352814641795802,6.6252601689662285,2969.4893113452436,0.6389156959776301,3.547464956316413,0.029701216469512064,0.21,0.0,0.21,0.14143436414053365,7.070417476521961
3,0.12,mixnet_attribution_oracle,0,0.04072672218016654,0.031177707095176126,5.046068743070263,2944.3124148372444,0.6302316999936011,3.5270165181306203,0.03399093861958908,0.21,0.0,0.21,0.16186161247423372,6.178117125573472
3,0.12,mixnet_attribution_oracle,1,0.03769087523277467,0.03102773416789157,5.050691873546633,2896.966331471136,0.6060105065407697,3.447401421425665,0.03209596834757856,0.21,0.0,0.21,0.15283794451227886,6.542877838295325
3,0.12,mixnet_attribution_oracle,2,0.03880983182406209,0.03135048436801001,5.041940581733294,2959.706186743779,0.6616979387472384,3.621643554352451,0.03640220054764892,0.21,0.0,0.21,0.17334381213166153,5.768882013743069
3,0.12,mixnet_attribution_oracle,3,0.03596738550636287,0.030959366104748524,5.049985009123018,2963.7821382305874,0.6457661024760455,3.526291152875941,0.03233598578377638,0.21,0.0,0.21,0.15398088468464943,6.494312602814207
3,0.12,mixnet_attribution_oracle,4,0.040622168529145276,0.031093697758963208,5.05076587475461,2936.817200241619,0.626482447667513,3.5013218819012892,0.033161786894580755,0.21,0.0,0.21,0.15791327092657503,6.3325899978664255
3,0.12,mixnet_attribution_oracle,5,0.03926343022371024,0.031075567724523405,5.051426514881763,2959.9977172424287,0.6205391909461468,3.5016696685969597,0.03236051923622497,0.21,0.0,0.21,0.15409771064869032,6.489389075219846
3,0.12,mixnet_attribution_oracle,6,0.04160688665710186,0.031129096375460564,5.048451308202546,2936.821792645171,0.6411055150092579,3.546440057193458,0.03209709979833914,0.21,0.0,0.21,0.15284333237304354,6.5426471961453165
3,0.12,mixnet_attribution_oracle,7,0.05202312138728324,0.03147948812505875,5.044550751346133,2957.991709765744,0.6590882706514094,3.623197658792658,0.03496838449320472,0.21,0.0,0.21,0.16651611663430818,6.005424701298642
3,0.12,mixnet_attribution_oracle,8,0.04068892900120337,0.031179768642156283,5.046033644378391,2925.746089049338,0.6229786607145797,3.4900636402226297,0.032526789173248194,0.21,0.0,0.21,0.15488947225356284,6.456216716672282
3,0.12,mixnet_attribution_oracle,9,0.04002453611409293,0.03112992212867132,5.046725788795541,2982.5274497776413,0.6328290460805874,3.4902565096993987,0.03317874747231362,0.21,0.0,0.21,0.15799403558244582,6.329352853818151
3,0.12,mixnet_attribution_oracle,10,0.04005410686105058,0.031152053597769208,5.046803905599144,2922.8128804388666,0.6563803743629251,3.5468064032961144,0.03245819427189217,0.21,0.0,0.21,0.1545628298661532,6.46986083824921
3,0.12,mixnet_attribution_oracle,11,0.03673964093629271,0.03093927430857225,5.05197401098322,2947.31952124839,0.6508994979376439,3.606021709376076,0.03109679417385095,0.21,0.0,0.21,0.1480799722564331,6.753107694187568
3,0.12,mixnet_attribution_oracle,12,0.04046680812367384,0.031092122528345832,5.049757198683472,2947.678463170658,0.6380374084983487,3.461545165142788,0.03216019550054504,0.21,0.0,0.21,0.15314378809783352,6.529811051566555
3,0.12,mixnet_attribution_oracle,13,0.03623677695250956,0.03110719705286517,5.042699250286151,2917.939530347363,0.6551878991303965,3.610154280738504,0.033478965849127344,0.21,0.0,0.21,0.1594236469006064,6.272595185477446
3,0.12,mixnet_attribution_oracle,14,0.03622968251557041,0.031072144857220502,5.044849713015179,2954.4194895944097,0.6477552985306829,3.5751331569136955,0.032517960015281205,0.21,0.0,0.21,0.15484742864419623,6.4579696851006165
3,0.12,mixnet_attribution_oracle,15,0.04265439202148063,0.031128152568720792,5.0494526420119845,2984.408745684695,0.6370730000780895,3.5447869703577113,0.03087960019722327,0.21,0.0,0.21,0.14704571522487273,6.800606182034813
3,0.12,mixnet_attribution_oracle,16,0.03426626323751891,0.030875907707469584,5.050998764741848,2942.278819969743,0.6419224242854398,3.5148595999822168,0.030410137601238084,0.21,0.0,0.21,0.1448101790535147,6.9055919033871875
3,0.12,mixnet_attribution_oracle,17,0.0364177737059093,0.0311494513724066,5.045791319486653,2969.117651549855,0.6197435115172993,3.432676179299823,0.03201032337261127,0.21,0.0,0.21,0.1524301112981489,6.560383584868142
3,0.12,mixnet_attribution_oracle,18,0.03721138758125981,0.031034453349562834,5.0504216618816935,2905.674437719495,0.6553595791046973,3.6276322433539727,0.032353751595722596,0.21,0.0,0.21,0.15406548378915522,6.490746502107766
3,0.12,mixnet_attribution_oracle,19,0.04031389444529928,0.03126206554371515,5.042515959354979,2992.2218802892753,0.6302758741367143,3.530806467698722,0.034338691918427165,0.21,0.0,0.21,0.1635175805639389,6.115550368047297
3,0.12,mixnet_attribution_oracle,20,0.036365016702095354,0.03110275377779097,5.050276942034737,2952.7038414819312,0.6317666677932721,3.5426522545289774,0.03330493071105791,0.21,0.0,0.21,0.15859490814789481,6.305372673550579
3,0.12,mixnet_attribution_oracle,21,0.036055867618035524,0.030998818746379875,5.050831115894189,2952.353271595567,0.6545670741179492,3.6431065091292743,0.030262315369956622,0.21,0.0,0.21,0.14410626366646012,6.939323625200228
3,0.12,mixnet_attribution_oracle,22,0.03759799071466626,0.031200769112861855,5.044206955355224,2960.182586193774,0.6303077777847648,3.5448099718590744,0.03455396970237696,0.21,0.0,0.21,0.16454271286846173,6.077449329521006
3,0.12,mixnet_attribution_oracle,23,0.03871698113207547,0.03120300943207438,5.0461181607123375,2935.1035471698115,0.6621534801379312,3.6325847011977728,0.03305713703663261,0.21,0.0,0.21,0.1574149382696791,6.352637246452599
3,0.12,mixnet_attribution_oracle,24,0.03966219273111145,0.031075653514681754,5.0469365510090505,2933.283818428593,0.6319135556404945,3.4839076637715722,0.033472801391760905,0.21,0.0,0.21,0.1593942923417186,6.273750366519667
3,0.12,mixnet_attribution_oracle,25,0.03864514662423278,0.031190612793123778,5.048778162932069,2946.992498295067,0.6510707263078075,3.561386147293944,0.03188779891729651,0.21,0.0,0.21,0.1518466615109358,6.585590951092339
3,0.12,mixnet_attribution_oracle,26,0.038549096979814845,0.03090076888660986,5.053649730239081,2951.038093792685,0.6317411391355563,3.4956291926365846,0.029661940336252152,0.21,0.0,0.21,0.14124733493453406,7.079779596999011
3,0.12,mixnet_attribution_oracle,27,0.0420816925333951,0.031175142226566123,5.048516752504968,3003.424137132268,0.6461417758546304,3.568144704601375,0.032007070279571094,0.21,0.0,0.21,0.15241462037891,6.561050360614701
3,0.12,mixnet_attribution_oracle,28,0.03808212892865336,0.031096216368854047,5.050277800444778,2974.6651372638985,0.6480703359702602,3.6031137653003564,0.031053855578361125,0.21,0.0,0.21,0.1478755027541006,6.762445309571533
3,0.12,mixnet_attribution_oracle,29,0.04006012777151447,0.031100587822852112,5.0494643660329555,2922.5945133408495,0.6652315356186591,3.642459500593373,0.03279711456930281,0.21,0.0,0.21,0.1561767360442991,6.403002299371609
3,0.25,mixnet_attribution,0,0.011008199210446401,0.010114103860356726,6.641487149416348,2953.065441846341,1.0538598725106567,5.117456786851324,0.032197298105080215,0.4375,0.0,0.4375,0.07359382424018335,13.588096695945103
3,0.25,mixnet_attribution,1,0.009177118384827165,0.010099308224351983,6.643240908937218,2974.2605536861424,1.0700651940423995,5.321769272536847,0.03175310491118007,0.4375,0.0,0.4375,0.07257852551126874,13.778180156673717
3,0.25,mixnet_attribution,2,0.014427822917457665,0.010117574444071045,6.643834228893981,2953.5791631862708,1.0831001343613025,5.313741412775842,0.03478164302715168,0.4375,0.0,0.4375,0.07950089834777527,12.578474215794616
3,0.25,mixnet_attribution,3,0.01085399864325017,0.01011658063732024,6.640458217660061,2930.9774628778173,1.0504730010579806,5.13720246654135,0.03251128487852119,0.4375,0.0,0.4375,0.07431150829376272,13.456865873948818
3,0.25,mixnet_attribution,4,0.013130454931644397,0.01009622995896465,6.64494950571511,3004.2654669035296,1.0466294332582038,5.148420167019383,0.0313460888414129,0.4375,0.0,0.4375,0.07164820306608663,13.95708415851858
3,0.25,mixnet_attribution,5,0.011432102579947473,0.010115455659866652,6.642066814431752,3003.8827437046193,1.0368951873388141,5.179813067379691,0.03209049960290583,0.4375,0.0,0.4375,0.07334971337807047,13.63331844046404
3,0.25,mixnet_attribution,6,0.010178503608051653,0.010111324436532695,6.64103777270021,2954.87102164831,1.052011136780493,5.123144844172937,0.03412960514961146,0.4375,0.0,0.4375,0.07801052605625478,12.818782932945258
3,0.25,mixnet_attribution,7,0.011792984301059115,0.010109737666720622,6.640949028985131,2921.130398858259,1.072442411998054,5.165534800479487,0.032997516712602155,0.4375,0.0,0.4375,0.07542289534309064,13.258573480255665
3,0.25,mixnet_attribution,8,0.010809585002645703,0.010114778132913647,6.641073726241251,2939.7390581298664,1.062706530734431,5.139974115074194,0.03189058074590868,0.4375,0.0,0.4375,0.0728927559906484,13.718784348451477
3,0.25,mixnet_attribution,9,0.013749620176238226,0.010162834847181706,6.637741220050833,2954.560391978122,1.0681891398562584,5.2837838457547255,0.03583033705058616,0.4375,0.0,0.4375,0.08189791325848264,12.210323318542237
3,0.25,mixnet_attribution,10,0.011905664669750512,0.010117098760622046,6.641160736304361,2949.654887389095,1.0581945231824648,5.207603571551811,0.03264336869337641,0.4375,0.0,0.4375,0.07461341415628894,13.402415789543562
3,0.25,mixnet_attribution,11,0.013230513343917744,0.010107465178940563,6.642551452046867,2940.7914871097,1.0647426950454246,5.251648754737405,0.030706253823111828,0.4375,0.0,0.4375,0.0701857230242556,14.24791192440104
3,0.25,mixnet_attribution,12,0.013262999246420498,0.010091268966070703,6.64377946421674,2930.903993971364,1.0492098302638624,5.185345177989857,0.03147012138398982,0.4375,0.0,0.4375,0.07193170602054817,13.902075389597153
3,0.25,mixnet_attribution,13,0.011225728155339806,0.010093096683755898,6.6440640331755425,2950.8311589805826,1.062335473834537,5.231089557943036,0.03323093769930864,0.4375,0.0,0.4375,0.07595642902699118,13.165442515006191
3,0.25,mixnet_attribution,14,0.014084507042253521,0.010170396743626528,6.6379498405494175,2961.0411115340694,1.0699923385691363,5.286127458782266,0.0320737423014973,0.4375,0.0,0.4375,0.07331141097485097,13.640441326972192
3,0.25,mixnet_attribution,15,0.013377673645227118,0.010119817362575128,6.6406358856529355,2938.826543723075,1.0340626019169576,5.0705889102210175,0.03076743543587353,0.4375,0.0,0.4375,0.07032556671056807,14.219579688786588
3,0.25,mixnet_attribution,16,0.010608040587285726,0.01009093422790622,6.642438385023284,2989.5166423245446,1.0772982901835348,5.274569119317647,0.03373564606251067,0.4375,0.0,0.4375,0.07711004814288154,12.968478480872479
3,0.25,mixnet_attribution,17,0.01199310396522,0.010121518318359477,6.641464282107199,2915.5366164455436,1.0893727927468717,5.339185740993729,0.030997474773358936,0.4375,0.0,0.4375,0.07085137091053471,14.114052941370998
3,0.25,mixnet_attribution,18,0.012508580581191366,0.010113860116438044,6.64185434004436,2966.665090382122,1.072200436348794,5.2632476459103525,0.03154086400295583,0.4375,0.0,0.4375,0.07209340343532762,13.870894594358607
3,0.25,mixnet_attribution,19,0.012837939888234406,0.010092679693323664,6.644395902017248,2937.643256305694,1.053547314280877,5.245745595317071,0.03259670522374235,0.4375,0.0,0.4375,0.07450675479712536,13.421601876539954
3,0.25,mixnet_attribution,20,0.010156485103821849,0.010087611773573648,6.64305185399355,2925.794914234126,1.0558201895910315,5.240921641496566,0.034686489885431236,0.4375,0.0,0.4375,0.07928340545241426,12.612979907884986
3,0.25,mixnet_attribution,21,0.008950366151342554,0.010091903703257661,6.642104597808528,2877.369332051187,1.0412285310740117,5.091494712404956,0.03162528386605906,0.4375,0.0,0.4375,0.07228636312242072,13.833867922037356
3,0.25,mixnet_attribution,22,0.015666794038975928,0.010216846632254487,6.635390258539494,2972.2252197172334,1.0694606064935215,5.23504749060969,0.032499517003112675,0.4375,0.0,0.4375,0.07428461029282897,13.46173852239398
3,0.25,mixnet_attribution,23,0.01108223784775298,0.01010478569027345,6.642177681251001,2971.6361968816877,1.0702767796756234,5.200145471589008,0.03377402038348412,0.4375,0.0,0.4375,0.07719776087653514,12.953743588487395
3,0.25,mixnet_attribution,24,0.014107759267597178,0.01011608260772947,6.640783626872011,2917.6827254990244,1.051238485641079,5.201398808292944,0.03468215358577771,0.4375,0.0,0.4375,0.07927349391034906,12.61455690512275
3,0.25,mixnet_attribution,25,0.010605829391118572,0.01009682928296527,6.642631431098846,2968.0701205554706,1.0658976944105234,5.259334906380977,0.033482251767774,0.4375,0.0,0.4375,0.07653086118348343,13.066624163584034
3,0.25,mixnet_attribution,26,0.013446782648332448,0.010095311548774867,6.6426400205239835,2955.36936868495,1.0647748254414182,5.197908669943875,0.031835342676243154,0.4375,0.0,0.4375,0.07276649754569864,13.742588055333878
3,0.25,mixnet_attribution,27,0.011945007888212756,0.010103472150908845,6.642659198495166,2922.130493576741,1.0547615297255106,5.134500498391348,0.03404027534784384,0.4375,0.0,0.4375,0.07780634365221449,12.852422476885513
3,0.25,mixnet_attribution,28,0.010426898375519456,0.010104995750182266,6.641398159052189,2938.66596146581,1.053018294944195,5.174425566676227,0.03447461518093736,0.4375,0.0,0.4375,0.07879912041357111,12.69049698463101
3,0.25,mixnet_attribution,29,0.01221431247658299,0.010085658420954572,6.642886664870016,2914.6547770700636,1.063478424504865,5.250812530743732,0.03128995350360402,0.4375,0.0,0.4375,0.07151989372252347,13.982123685470102
3,0.25,mixnet_attribution_oracle,0,0.03584040874596138,0.030301271642076997,5.069707573836347,2922.1188669321514,1.1040770775871351,5.410259868394483,0.03228889776181389,0.4375,0.0,0.4375,0.07380319488414602,13.54954892630013
3,0.25,mixnet_attribution_oracle,1,0.03318433214637473,0.030371051668222692,5.066897957600513,2945.9381771346316,1.0744878662808333,5.26620105349232,0.03319265878114912,0.4375,0.0,0.4375,0.07586893435691226,13.18062535708849
3,0.25,mixnet_attribution_oracle,2,0.033403869407496976,0.030271233797277676,5.071275847237792,2939.737076783555,1.0938198408985045,5.387481129357753,0.03283689044408843,0.4375,0.0,0.4375,0.07505574958648785,13.323429657413325
3,0.25,mixnet_attribution_oracle,3,0.03470552884615385,0.030350559378176156,5.069286681307748,2922.2890625,1.0566678346076515,5.205874713860575,0.031683165315165095,0.4375,0.0,0.4375,0.07241866357752022,13.8085950582277
3,0.25,mixnet_attribution_oracle,4,0.03588024681953226,0.030256612446858556,5.073360485625713,2962.5027043498135,1.0456225487869233,5.122600688126803,0.03182945580905121,0.4375,0.0,0.4375,0.0727530418492599,13.745129751027347
3,0.25,mixnet_attribution_oracle,5,0.032809295967190705,0.030277224331529698,5.072191246741028,2953.2061973114605,1.0623340834572446,5.227201742276226,0.032684868699748605,0.4375,0.0,0.4375,0.07470827131371109,13.385398730494671
3,0.25,mixnet_attribution_oracle,6,0.035016473833422726,0.03041865013784383,5.068121246658752,2980.0952417439275,1.0572106173203792,5.152447699370677,0.03366327627145482,0.4375,0.0,0.4375,0.07694463147761102,12.996358300721411
3,0.25,mixnet_attribution_oracle,7,0.039909297052154194,0.03038479269116725,5.067882410663281,2940.0826152683294,1.0816471935831942,5.262203795765896,0.032547058290954146,0.4375,0.0,0.4375,0.07439327609360948,13.442075043740436
3,0.25,mixnet_attribution_oracle,8,0.03462000600781015,0.030290114658120287,5.068823222553742,2920.7849954941425,1.0515518038300797,5.201404668760285,0.033853813437234696,0.4375,0.0,0.4375,0.0773801449993936,12.923211761981536
3,0.25,mixnet_attribution_oracle,9,0.03258486429273456,0.030317643025787433,5.0703856303564105,2940.3406668178727,1.0626172488264274,5.236666021688132,0.032314556221051366,0.4375,0.0,0.4375,0.07386184279097455,13.538790290271416
3,0.25,mixnet_attribution_oracle,10,0.03337406445700321,0.030341146179443185,5.068756414788692,2968.967160531541,1.0763363466830924,5.250159429729529,0.03181731265773082,0.4375,0.0,0.4375,0.07272528607481331,13.750375611740997
3,0.25,mixnet_attribution_oracle,11,0.03577402676399027,0.030326515425709924,5.069804072894769,2956.169099756691,1.0859654390369542,5.295416535737031,0.03329897584316995,0.4375,0.0,0.4375,0.07611194478438846,13.1385422200526
3,0.25,mixnet_attribution_oracle,12,0.033640552995391704,0.03035800958942632,5.067725556132513,2987.6497695852536,1.0992867715249304,5.409103505245337,0.031421850636681556,0.4375,0.0,0.4375,0.07182137288384356,13.923431979186702
3,0.25,mixnet_attribution_oracle,13,0.03547077300237493,0.030336776316659375,5.070383588679057,2979.353711790393,1.0821883146709297,5.192883557251023,0.035548029507123574,0.4375,0.0,0.4375,0.0812526388734253,12.307292586001935
3,0.25,mixnet_attribution_oracle,14,0.031783536585365854,0.030265640179745486,5.071111376052417,2964.1471036585367,1.0729170397971757,5.305452597478815,0.02973056258518717,0.4375,0.0,0.4375,0.06795557162328496,14.715496847610215
3,0.25,mixnet_attribution_oracle,15,0.03463695619220858,0.030323575369045473,5.069410737334935,2947.621721994846,1.0931057951820549,5.420489157726296,0.03347981673114753,0.4375,0.0,0.4375,0.07652529538548006,13.067574518500198
3,0.25,mixnet_attribution_oracle,16,0.03729250360039415,0.03033616940127103,5.070623276330869,2947.198438565906,1.0659283227578271,5.300061389448985,0.030772704561444264,0.4375,0.0,0.4375,0.07033761042615831,14.217144909263272
3,0.25,mixnet_attribution_oracle,17,0.03579730357973036,0.03031069864633067,5.070349416312676,3013.4559119789246,1.0761528300936334,5.2142846724532355,0.0334458603977274,0.4375,0.0,0.4375,0.0764476809090912,13.080841539054187
3,0.25,mixnet_attribution_oracle,18,0.03653846153846154,0.030260100707036303,5.071351195100147,2991.8116153846154,1.0716413463233039,5.284832191409841,0.032000899906626606,0.4375,0.0,0.4375,0.07314491407228939,13.671490529221161
3,0.25,mixnet_attribution_oracle,19,0.03680477790220232,0.030281235663388983,5.068941081549216,2903.065770810004,1.1069464465836063,5.412149312219604,0.033974335057183905,0.4375,0.0,0.4375,0.07765562298784892,12.877367555939559
3,0.25,mixnet_attribution_oracle,20,0.03660666818561555,0.030453063095510578,5.067976859871285,2953.2989291410345,1.0698613906570245,5.227023250933195,0.03646022973368256,0.4375,0.0,0.4375,0.083337667962703,11.999375845836491
3,0.25,mixnet_attribution_oracle,21,0.03397612488521579,0.030297327557917732,5.0702979578033105,2975.480563207836,1.0907958995667286,5.343212398913517,0.03305701160909931,0.4375,0.0,0.4375,0.07555888367794128,13.234711146108962
3,0.25,mixnet_attribution_oracle,22,0.03340451494813911,0.03021080511982709,5.075528484858679,2966.0488865161683,1.0476485670660622,5.1586846289786905,0.03317240881185008,0.4375,0.0,0.4375,0.07582264871280019,13.188671419113621
3,0.25,mixnet_attribution_oracle,23,0.029275692074326887,0.030252638431356522,5.069184003256279,2949.456351915055,1.0511215474107303,5.179975120793288,0.0346189024994,0.4375,0.0,0.4375,0.07912891999862857,12.637604557440334
3,0.25,mixnet_attribution_oracle,24,0.03213853599516031,0.030207300635028935,5.073628930275718,2940.4010889292194,1.0767835861770436,5.257602779388229,0.03255387630847497,0.4375,0.0,0.4375,0.07440886013365708,13.439259762933444
3,0.25,mixnet_attribution_oracle,25,0.035058681913933194,0.030320991885921016,5.070209401966277,2925.155507071923,1.0807982551050372,5.34707588911381,0.031118322602647193,0.4375,0.0,0.4375,0.07112759452033644,14.059241096844419
3,0.25,mixnet_attribution_oracle,26,0.036267823930564165,0.03028714248172528,5.071671530649137,3013.4876782393058,1.095968588400865,5.377740186211743,0.035916143377940926,0.4375,0.0,0.4375,0.08209404200672211,12.181151951540123
3,0.25,mixnet_attribution_oracle,27,0.03320370924319473,0.030297491460244828,5.071161959614298,2908.175216871074,1.0849755978852045,5.270782093876893,0.032564160282975804,0.4375,0.0,0.4375,0.07443236636108755,13.43501555692564
3,0.25,mixnet_attribution_oracle,28,0.03491042719338539,0.030243707783699614,5.07392835357947,2978.0262593783496,1.0581448914890643,5.126204760490675,0.033441017637693395,0.4375,0.0,0.4375,0.07643661174329919,13.082735840755854
3,0.25,mixnet_attribution_oracle,29,0.040301117785719716,0.03035048269719432,5.070440214717592,2957.6619268496693,1.0573105571093038,5.185165539386141,0.03227963374775749,0.4375,0.0,0.4375,0.07378201999487426,13.55343754575263
3,0.5,mixnet_attribution,0,0.009907026367931717,0.010024831197488454,6.6493959652840715,2963.5079256210943,1.8696360975736752,8.440859954837178,0.030989955831199685,0.875,0.0,0.875,0.035417092378513926,28.234954730689815
3,0.5,mixnet_attribution,1,0.012152777777777778,0.010028559985940624,6.648688005468426,2935.7981582125603,1.874511562375119,8.439544822520611,0.03275166581302756,0.875,0.0,0.875,0.03743047521488864,26.716198345305326
3,0.5,mixnet_attribution,2,0.012444984064349674,0.010025200983713364,6.649766798653929,2951.7460919714676,1.9016531341185328,8.4813317899725,0.0316371091717948,0.875,0.0,0.875,0.036156696196336914,27.65739420907908
3,0.5,mixnet_attribution,3,0.009138576779026217,0.010022456512600275,6.64931120651962,2913.3134831460675,1.8750261880340986,8.367870848555148,0.03274973603537539,0.875,0.0,0.875,0.037428269754714735,26.71777259684928
3,0.5,mixnet_attribution,4,0.01199022453031923,0.010022903141162744,6.648590085399982,2970.4398961356346,1.8398026676150039,8.43127935618043,0.03391172374978375,0.875,0.0,0.875,0.03875625571403857,25.802286149066067
3,0.5,mixnet_attribution,5,0.014226571321038765,0.010074843237272793,6.64414542476183,2927.3690628528416,1.8821465611108579,8.517165127998844,0.032729482920057076,0.875,0.0,0.875,0.037405123337208086,26.734305645378466
3,0.5,mixnet_attribution,6,0.009227999099707404,0.010018680408704468,6.648734373636292,2917.5596818966164,1.8590489133493975,8.40831736931941,0.03324840060260276,0.875,0.0,0.875,0.037998172117260295,26.317055381349775
3,0.5,mixnet_attribution,7,0.011295123254216591,0.010022466207572822,6.650041821589773,2968.2510112188047,1.894209914986277,8.515421316451267,0.03226838040011815,0.875,0.0,0.875,0.03687814902870646,27.116328404161123
3,0.5,mixnet_attribution,8,0.008928571428571428,0.010039623818897628,6.6476398053049985,2942.8429933414045,1.9131106573913712,8.564699732493818,0.03426089722170368,0.875,0.0,0.875,0.039155311110518495,25.539319485354948
3,0.5,mixnet_attribution,9,0.01117527938198455,0.010007516251187626,6.650439642055396,2917.3212330308256,1.8665783546166494,8.411569615086213,0.03291515347767721,0.875,0.0,0.875,0.03761731826020253,26.58350053246502
3,0.5,mixnet_attribution,10,0.012816553428042,0.010041635905747807,6.647084413508913,3002.9417850525015,1.8820487070188392,8.336178707513927,0.03351011140152168,0.875,0.0,0.875,0.038297270173167634,26.111521669255527
3,0.5,mixnet_attribution,11,0.009879336349924585,0.010013299351386167,6.649808633446057,2932.6843891402714,1.861703070346266,8.24813432263332,0.03054349981108742,0.875,0.0,0.875,0.03490685692695705,28.64766662012882
3,0.5,mixnet_attribution,12,0.01015536187949981,0.01003452292024444,6.646229059210632,2947.494429708223,1.8898243504518177,8.619178165856813,0.03043449126069833,0.875,0.0,0.875,0.03478227572651237,28.75027522243928
3,0.5,mixnet_attribution,13,0.010951141062949915,0.010036515506558324,6.648498245491649,2978.853193444632,1.9224964560125954,8.702012765835365,0.03508564398687538,0.875,0.0,0.875,0.04009787884214329,24.93897504994677
3,0.5,mixnet_attribution,14,0.010904622945784058,0.010025631132071606,6.648880041588442,2986.253110121333,1.8760794762929436,8.401690500147142,0.030958780631299032,0.875,0.0,0.875,0.03538146357862747,28.26338706361656
3,0.5,mixnet_attribution,15,0.00963928006627005,0.010044451220690065,6.647189612255491,2929.736124708186,1.8922200626984704,8.531686971763396,0.03064733914444003,0.875,0.0,0.875,0.03502553045078861,28.55060257845388
3,0.5,mixnet_attribution,16,0.012356979405034324,0.010026922253194685,6.649038458799986,2967.0571319603355,1.9054053499130532,8.574101517618548,0.03167548183574777,0.875,0.0,0.875,0.03620055066942602,27.623889181458562
3,0.5,mixnet_attribution,17,0.013078773301262779,0.01004793658370392,6.648197142991682,2923.7728502705954,1.8852245974121615,8.613173077362408,0.03375702277624044,0.875,0.0,0.875,0.038579454601417644,25.920532323006295
3,0.5,mixnet_attribution,18,0.012592929752693067,0.010043554149303868,6.646425494605716,2949.746851767562,1.884425232798094,8.48074496441442,0.03216393114642106,0.875,0.0,0.875,0.03675877845305264,27.204386056440207
3,0.5,mixnet_attribution,19,0.010865406687581299,0.01002330374230497,6.649529984745805,2976.390848572959,1.88497907036799,8.431798894335948,0.034282693008517336,0.875,0.0,0.875,0.03918022058116267,25.52308244228688
3,0.5,mixnet_attribution,20,0.012723417146319298,0.010024404670486044,6.649359211700651,2945.6094365343833,1.8822042254905682,8.495779693985565,0.0346958849648725,0.875,0.0,0.875,0.039652439959854284,25.219129037517995
3,0.5,mixnet_attribution,21,0.011235107826873775,0.010028075744594819,6.648673251319459,2932.4620720856583,1.886929564527236,8.480512453470201,0.03273786938158933,0.875,0.0,0.875,0.037414707864673526,26.7274571170496
3,0.5,mixnet_attribution,22,0.009532387600390303,0.010028481389295907,6.648224238500977,2918.9436313142687,1.8979202763584908,8.538895952490858,0.03464946991268484,0.875,0.0,0.875,0.03959939418592553,25.25291158003173
3,0.5,mixnet_attribution,23,0.011577752553916005,0.010021165041326042,6.650129735593326,2943.2175558077943,1.8802390262135305,8.485570015073662,0.03375533284479855,0.875,0.0,0.875,0.03857752325119834,25.921830011960054
3,0.5,mixnet_attribution,24,0.01081822337345726,0.010024160188825786,6.648242589183815,2962.6852049367667,1.8733511633181479,8.429339485714056,0.03171447543049766,0.875,0.0,0.875,0.036245114777711605,27.589925045979854
3,0.5,mixnet_attribution,25,0.011605856026701054,0.010034561235667788,6.647394832649606,2949.812258211333,1.9098857067583594,8.496646469718115,0.034096372492032935,0.875,0.0,0.875,0.03896728284803764,25.6625539917613
3,0.5,mixnet_attribution,26,0.010331991187419282,0.010031701637542042,6.647610508470004,2954.8830053939073,1.8889698242710438,8.539098524792117,0.03353414654510664,0.875,0.0,0.875,0.038324738908693305,26.092806591127676
3,0.5,mixnet_attribution,27,0.011940522679483328,0.010019642940871262,6.648854723369086,2920.5262090717933,1.8944529905566014,8.495262374106106,0.03276388934513168,0.875,0.0,0.875,0.03744444496586478,26.706231082117075
3,0.5,mixnet_attribution,28,0.009870918754745633,0.010020466281872328,6.649327574301436,2952.809263477601,1.897225024033105,8.628816456197493,0.03173505652038286,0.875,0.0,0.875,0.0362686360232947,27.57203219215958
3,0.5,mixnet_attribution,29,0.011135520036360883,0.010024558014837438,6.648734673731359,2945.7622907355503,1.880100870039314,8.562156111412953,0.03401158959191108,0.875,0.0,0.875,0.03887038810504123,25.726524708157125
3,0.5,mixnet_attribution_oracle,0,0.033905933538369216,0.03012950294439144,5.074296316475916,2917.1693796414374,1.8726007728255354,8.481552757229332,0.03323133460243714,0.875,0.0,0.875,0.03797866811707102,26.33057054337591
3,0.5,mixnet_attribution_oracle,1,0.03116040440621699,0.03008384662291008,5.076205699556877,2933.92175946884,1.8863293107424397,8.492605760085942,0.030830532775613442,0.875,0.0,0.875,0.035234894600701075,28.380956189382292
3,0.5,mixnet_attribution_oracle,2,0.028849050918951492,0.03007055246343547,5.076721330887361,2929.4081801747516,1.871939723554533,8.418992882333509,0.032802579548484964,0.875,0.0,0.875,0.037488662341125675,26.674731440150204
3,0.5,mixnet_attribution_oracle,3,0.032255616272009714,0.03016485216232792,5.07049834075875,2951.6868548876746,1.895624022494303,8.511530002390526,0.0332424622126938,0.875,0.0,0.875,0.03799138538593577,26.321756625653226
3,0.5,mixnet_attribution_oracle,4,0.029770062433379017,0.030083464722255263,5.076803722234183,2961.0028932541495,1.8681660825386643,8.548797351077283,0.03342497581204341,0.875,0.0,0.875,0.03819997235662104,26.178029414900198
3,0.5,mixnet_attribution_oracle,5,0.030245746691871456,0.030095216886141432,5.075235692733436,2941.0124763705103,1.888086786319036,8.620973390965615,0.031042918963833856,0.875,0.0,0.875,0.03547762167295298,28.18678233897422
3,0.5,mixnet_attribution_oracle,6,0.036198409693297996,0.030115390832595436,5.074780816518261,2945.2694433926545,1.8866052459925413,8.554612239957276,0.03478064254413398,0.875,0.0,0.875,0.03974930576472455,25.157672084110917
3,0.5,mixnet_attribution_oracle,7,0.03206731862633614,0.030025640789002418,5.0783583655389855,2948.233189295732,1.8639668893010821,8.439981769112261,0.03282217562415294,0.875,0.0,0.875,0.03751105785617479,26.658805620310904
3,0.5,mixnet_attribution_oracle,8,0.03137344272257672,0.030089804252902606,5.075660926887712,2953.993618960802,1.8805344992433675,8.512641907142005,0.03205769297789668,0.875,0.0,0.875,0.03663736340331049,27.29454052115665
3,0.5,mixnet_attribution_oracle,9,0.030817227210470248,0.030136518809173864,5.073391603032315,2959.2347435702327,1.8904909068369307,8.472821276041632,0.03520695750724788,0.875,0.0,0.875,0.04023652286542615,24.85304218121853
3,0.5,mixnet_attribution_oracle,10,0.0325302120544197,0.03008488787479351,5.075871899225779,2956.2814471384054,1.8708269454655237,8.404249533171548,0.03326657292884141,0.875,0.0,0.875,0.038018940490104465,26.30267932532941
3,0.5,mixnet_attribution_oracle,11,0.03159024689464806,0.030075275789392324,5.077483028187233,2982.126130961509,1.8863527030625846,8.573881394508472,0.032567278854974784,0.875,0.0,0.875,0.037219747262828326,26.867458097941157
3,0.5,mixnet_attribution_oracle,12,0.03486517280668439,0.030071130181314007,5.077404989111156,2954.107937713635,1.8883229905331973,8.497666697705037,0.030437621740285067,0.875,0.0,0.875,0.03478585341746865,28.74731828478939
3,0.5,mixnet_attribution_oracle,13,0.03270745003028468,0.030128774821792395,5.0743699266046125,2945.0581465778314,1.8932652715302538,8.551792375849512,0.03234223572254601,0.875,0.0,0.875,0.03696255511148116,27.05440673632933
3,0.5,mixnet_attribution_oracle,14,0.03391626921038686,0.03006483132964944,5.076576973159966,2944.3556665909605,1.8693427764519583,8.469782827785506,0.03205501367373489,0.875,0.0,0.875,0.0366343013414113,27.296821923272304
3,0.5,mixnet_attribution_oracle,15,0.03334087651806593,0.030027622032465916,5.0786261041870615,2933.2027608056123,1.8762913044774905,8.6084199496233,0.03100996026345147,0.875,0.0,0.875,0.03543995458680168,28.216740446174658
3,0.5,mixnet_attribution_oracle,16,0.03180372557928214,0.03010919794280804,5.075057376771814,2944.7369377555656,1.865031063411152,8.475079325594738,0.03531392062799973,0.875,0.0,0.875,0.04035876643199969,24.77776424819365
3,0.5,mixnet_attribution_oracle,17,0.03464935457084623,0.030080185331164695,5.07659697357661,2935.6712463199215,1.8674930468550883,8.561302182070204,0.03204054166189746,0.875,0.0,0.875,0.03661776189931138,27.309151300664436
3,0.5,mixnet_attribution_oracle,18,0.030656039239730228,0.030090674485227824,5.07601417801644,2980.9401440833844,1.865415746025974,8.41454874631241,0.03412358882067201,0.875,0.0,0.875,0.038998387223625156,25.642086024372865
3,0.5,mixnet_attribution_oracle,19,0.03729250360039415,0.030113161584077033,5.0751913747721,2948.0406276055483,1.8683522483042907,8.377987309966272,0.03140742009620936,0.875,0.0,0.875,0.035894194395667836,27.85965855583299
3,0.5,mixnet_attribution_oracle,20,0.031749640069712814,0.0300857663336076,5.076161863438646,2947.251496552247,1.9074766461271793,8.650553434235214,0.032729405492224806,0.875,0.0,0.875,0.03740503484825692,26.734368890625433
3,0.5,mixnet_attribution_oracle,21,0.03401928772116334,0.030044483463401606,5.07762768215106,2952.7482724580454,1.8923607954347972,8.50309057965389,0.03278850699061765,0.875,0.0,0.875,0.03747257941784875,26.68618001577135
3,0.5,mixnet_attribution_oracle,22,0.03391257750899487,0.03012243395452855,5.074445590010207,2976.936997626885,1.8925711654592305,8.40330278999091,0.034141054568006826,0.875,0.0,0.875,0.03901834807772209,25.628968146167107
3,0.5,mixnet_attribution_oracle,23,0.0317883823753621,0.03002896271705916,5.077698399706129,2964.5440615947555,1.8683914596913382,8.529689977892096,0.03239248418700384,0.875,0.0,0.875,0.03701998192800439,27.01243890244941
3,0.5,mixnet_attribution_oracle,24,0.032923353832308384,0.030101967595269622,5.075130632770903,2916.557972101395,1.8477331102767494,8.333410015580125,0.03554646344115901,0.875,0.0,0.875,0.04062452964703887,24.615669613614596
3,0.5,mixnet_attribution_oracle,25,0.030432787888056277,0.03005110134693617,5.075945773425177,2974.3981495641538,1.8888856094854418,8.476335537925511,0.032485078499397364,0.875,0.0,0.875,0.03712580399931127,26.93544360732366
3,0.5,mixnet_attribution_oracle,26,0.03334094542132907,0.030072039808897957,5.076945026088967,2960.4919692471644,1.8772275117225945,8.393720281618915,0.033953305779789715,0.875,0.0,0.875,0.03880377803404539,25.770686532703774
3,0.5,mixnet_attribution_oracle,27,0.03095202058422885,0.030025002797092307,5.077593239125944,2943.802255183896,1.8948363546514884,8.420371414762343,0.03318629904753399,0.875,0.0,0.875,0.03792719891146742,26.366302513778482
3,0.5,mixnet_attribution_oracle,28,0.03198458574181118,0.030026484472634965,5.079440202687511,2997.0820809248553,1.8864065980305895,8.56635196349142,0.03809146361447994,0.875,0.0,0.875,0.04353310127369136,22.97102597200757
3,0.5,mixnet_attribution_oracle,29,0.033841970086115725,0.030128791191881672,5.075365487202567,2937.923326786524,1.9070988027378917,8.690430783170136,0.033526603372716644,0.875,0.0,0.875,0.038316118140247594,26.09867722872456
3,1.0,mixnet_attribution,0,0.01184524267364049,0.010003514214522334,6.649919046876245,2990.5773402045997,3.5061865036259405,14.93418895619768,0.02991743538857472,1.75,0.0,1.75,0.01709567736489984,58.494318689773586
3,1.0,mixnet_attribution,1,0.010072274334922344,0.009991861483909438,6.651767139176514,2990.7618022451175,3.4965071265178267,14.839780742208545,0.031766801997854956,1.75,0.0,1.75,0.018152458284488547,55.088957337227974
3,1.0,mixnet_attribution,2,0.012469211822660099,0.010006897800664072,6.650410208611777,2993.4983066502464,3.501972426834982,14.906299266540321,0.03275263618467468,1.75,0.0,1.75,0.01871579210552839,53.43081363383031
3,1.0,mixnet_attribution,3,0.008659003831417624,0.010009875985804386,6.649832767907263,2980.5480459770115,3.497596485016402,14.864963898915164,0.03280881182628145,1.75,0.0,1.75,0.01874789247216083,53.339328753081055
3,1.0,mixnet_attribution,4,0.01263823064770932,0.010003909155971314,6.649642616741,2926.3300233205446,3.4971561098936945,14.934561922811517,0.02999647251059279,1.75,0.0,1.75,0.01714084143462445,58.340193147111364
3,1.0,mixnet_attribution,5,0.009454490883169506,0.010018693725226813,6.6484723523644425,2918.6409544533653,3.5161735129659064,14.851316310779561,0.033793634866345214,1.75,0.0,1.75,0.019310648495054407,51.78489993518897
3,1.0,mixnet_attribution,6,0.009756841222654166,0.010007339910703753,6.650003740846557,2964.281881240948,3.4835926573723555,14.90823494454936,0.03248701025084971,1.75,0.0,1.75,0.018564005857628407,53.86768392927841
3,1.0,mixnet_attribution,7,0.009829669092819088,0.010008882818964228,6.649638915233077,2918.340361671794,3.4983789838734083,14.82787360022997,0.03320750722255467,1.75,0.0,1.75,0.018975718412888386,52.69892703091526
3,1.0,mixnet_attribution,8,0.010501662133575099,0.0100024234040124,6.650054100710781,2938.24901783016,3.490726654068567,14.610101540349454,0.033632274615433055,1.75,0.0,1.75,0.019218442637390316,52.03335248686886
3,1.0,mixnet_attribution,9,0.011241041116559788,0.010005586179122622,6.65027612964944,2934.6952847981893,3.5061306715069804,14.646181353122222,0.036627810778283844,1.75,0.0,1.75,0.02093017758759077,47.777903260261255
3,1.0,mixnet_attribution,10,0.008994708994708995,0.010000278821367925,6.650586474737097,2939.016024187453,3.4932259793858975,14.857644010933297,0.030241034385194505,1.75,0.0,1.75,0.017280591077254003,57.868390932314476
3,1.0,mixnet_attribution,11,0.008295344144682758,0.009996767353844057,6.651028189240772,2906.385770869143,3.50326433731243,14.706490424066569,0.03166297003474809,1.75,0.0,1.75,0.018093125734141766,55.26960983380544
3,1.0,mixnet_attribution,12,0.009986940155181685,0.010007070459787971,6.649877638267295,2987.9605131750786,3.4968670128146186,14.902440737314974,0.032050551750183766,1.75,0.0,1.75,0.01831460100010501,54.60124411087451
3,1.0,mixnet_attribution,13,0.009075655887736424,0.010003439860119872,6.6505243800085365,2966.6642769981695,3.5131880954431836,14.887063102956072,0.031006260546099184,1.75,0.0,1.75,0.017717863169199533,56.44021462691872
3,1.0,mixnet_attribution,14,0.011162079510703363,0.010000945799596993,6.650850236225342,2973.6857033639144,3.496773072372889,14.85507233401259,0.032513023670156446,1.75,0.0,1.75,0.018578870668660825,53.82458481111115
3,1.0,mixnet_attribution,15,0.00901038485033598,0.010004090638476636,6.649820309981269,2970.5416157605378,3.4884931899723597,15.136223255638233,0.0313483097239077,1.75,0.0,1.75,0.01791331984223297,55.82438145509859
3,1.0,mixnet_attribution,16,0.00957047699257331,0.009989091845706947,6.6523254582218145,2978.4966694740065,3.4856699913798366,14.621818056766864,0.033302539534977235,1.75,0.0,1.75,0.019030022591415563,52.5485450790321
3,1.0,mixnet_attribution,17,0.010279448716972513,0.009996649846432906,6.65085172572548,2961.05048351481,3.519242038630182,15.086219346489516,0.033685212018653425,1.75,0.0,1.75,0.01924869258208767,51.951580385806245
3,1.0,mixnet_attribution,18,0.007860665844636251,0.010011382575330375,6.648963071683143,2996.649660912454,3.5074701991397887,14.937117938734895,0.032019951878147046,1.75,0.0,1.75,0.018297115358941168,54.65342379837675
3,1.0,mixnet_attribution,19,0.008944270315725098,0.01000143861132207,6.650490317652608,2974.1415029432,3.506311509554507,14.844017846449663,0.034967783813396804,1.75,0.0,1.75,0.019981590750512458,50.04606552530626
3,1.0,mixnet_attribution,20,0.009865200692823255,0.010003907279133507,6.6496607471512785,2928.3513065742904,3.4760684536304325,14.953283619716554,0.030018382736078777,1.75,0.0,1.75,0.017153361563473586,58.2976110134239
3,1.0,mixnet_attribution,21,0.010401639966593273,0.009999317043873607,6.650686339957924,2952.0996127856656,3.5131274226587266,14.912610193128328,0.03378933758854482,1.75,0.0,1.75,0.019308192907739895,51.79148586189748
3,1.0,mixnet_attribution,22,0.01053917824957996,0.010006489648886391,6.649844788872314,2970.1049335573543,3.5013038058241364,15.082841793863176,0.03119745241583065,1.75,0.0,1.75,0.017827115666188945,56.094323878573825
3,1.0,mixnet_attribution,23,0.009162501893078904,0.010015843236084086,6.648864550045856,2945.376646978646,3.4999049339676276,14.957286974444719,0.03183554440454008,1.75,0.0,1.75,0.01819173965973719,54.970003897606716
3,1.0,mixnet_attribution,24,0.011552401087284808,0.010004053761132668,6.650429156032959,2937.247357293869,3.4992800342442933,14.877050434374427,0.03180855010303775,1.75,0.0,1.75,0.018176314344593,55.01665414900106
3,1.0,mixnet_attribution,25,0.010287907869481765,0.010005046519801433,6.650357537336322,2985.7675239923224,3.464360709884204,14.817298671934742,0.03283677079884087,1.75,0.0,1.75,0.01876386902790907,53.293912812577005
3,1.0,mixnet_attribution,26,0.01092896174863388,0.009998344970366177,6.651201342097264,2911.561943259226,3.48593643005006,14.620626341215477,0.03216987000415879,1.75,0.0,1.75,0.018382782859519307,54.39872774660784
3,1.0,mixnet_attribution,27,0.009946442234123947,0.01000468884451424,6.650471880080911,2975.6558530986995,3.5043186436232645,14.831864186888538,0.03441328471471394,1.75,0.0,1.75,0.01966473412269368,50.85245464091836
3,1.0,mixnet_attribution,28,0.009431809538297711,0.010003620283309258,6.6506380525031545,2957.752262873659,3.5367628962849267,15.589384280692718,0.03151748645856188,1.75,0.0,1.75,0.01800999226203536,55.52473235138343
3,1.0,mixnet_attribution,29,0.012918334970159403,0.010008575346330605,6.650670684508214,2937.8632620684443,3.504170568630798,15.028342074755775,0.033562172236171375,1.75,0.0,1.75,0.01917838413495507,52.14203620926392
3,1.0,mixnet_attribution_oracle,0,0.028829106606027905,0.030055360956031684,5.076038032068435,2997.757265089031,3.502733881381573,15.138116670544067,0.03186028913879503,1.75,0.0,1.75,0.018205879507882876,54.92731068372802
3,1.0,mixnet_attribution_oracle,1,0.03244390539721043,0.029985239000482097,5.080131426302018,2947.721043056398,3.5185570130415726,14.968470301184327,0.03348485304611241,1.75,0.0,1.75,0.01913420174063566,52.26243631979072
3,1.0,mixnet_attribution_oracle,2,0.028965726417955716,0.02999467063921862,5.078592247472223,2949.634212920837,3.5086211390444078,14.913392361656756,0.03268390949081128,1.75,0.0,1.75,0.018676519709035017,53.543166263264595
3,1.0,mixnet_attribution_oracle,3,0.029526505010326626,0.029989653563692834,5.080147880071363,2975.023789489788,3.508301486959681,14.932349425552824,0.03266315172645594,1.75,0.0,1.75,0.018664658129403395,53.5771934887277
3,1.0,mixnet_attribution_oracle,4,0.032030895047705586,0.030032621505387613,5.077963424221151,2944.9902317128576,3.50915097160032,14.99852207213707,0.02887883567326714,1.75,0.0,1.75,0.016502191813295507,60.59801093781486
3,1.0,mixnet_attribution_oracle,5,0.030120021405091353,0.030039510839360257,5.07688071487331,2973.217643911016,3.5033185184001923,14.807951751975656,0.03316372577145989,1.75,0.0,1.75,0.01895070044083422,52.768498089138674
3,1.0,mixnet_attribution_oracle,6,0.03054428538620531,0.029914312741908415,5.082892494099415,2977.357498277578,3.4848661341238767,15.006833864849094,0.03210201904489361,1.75,0.0,1.75,0.01834401088279635,54.51370512093594
3,1.0,mixnet_attribution_oracle,7,0.029303201506591336,0.03001828494260824,5.077720675959653,2929.3902824858756,3.507586163468659,14.85640104871249,0.02944993375076051,1.75,0.0,1.75,0.01682853357186315,59.422884099180976
3,1.0,mixnet_attribution_oracle,8,0.02897140290462644,0.03004474684869841,5.076809898406907,2911.4251384937866,3.4866588416625746,15.131985800402914,0.03167340761331702,1.75,0.0,1.75,0.018099090064752583,55.25139641950669
3,1.0,mixnet_attribution_oracle,9,0.028109093671655396,0.03001472052766008,5.078229744453905,2954.6964977588696,3.484673500293866,14.692150993931925,0.03178182152914696,1.75,0.0,1.75,0.018161040873798263,55.062923262440556
3,1.0,mixnet_attribution_oracle,10,0.03228476821192053,0.02997402204850837,5.080529299395208,2927.439795304034,3.516493525909027,15.08674810360816,0.03463643261974824,1.75,0.0,1.75,0.019792247211284707,50.52483375560517
3,1.0,mixnet_attribution_oracle,11,0.033707014088774426,0.030032005578753043,5.077386196672896,2945.561960309044,3.4916596899856813,14.977980336083945,0.03416979430337417,1.75,0.0,1.75,0.01952559674478524,51.21482396009602
3,1.0,mixnet_attribution_oracle,12,0.03183605565638233,0.02998777818556943,5.079870691498607,2940.6487447065942,3.4883633177087177,14.751202462320537,0.03359320842846958,1.75,0.0,1.75,0.019196119101982618,52.09386307134955
3,1.0,mixnet_attribution_oracle,13,0.030090652852898605,0.03003096634741295,5.077643685040302,2963.593585739316,3.525816584995482,15.066388594136505,0.03169208688405705,1.75,0.0,1.75,0.018109763933746886,55.21883132537892
3,1.0,mixnet_attribution_oracle,14,0.028945400149588633,0.03007329911523612,5.075645537718311,2908.560583395662,3.5257359940733295,14.99982645377107,0.030185114688279207,1.75,0.0,1.75,0.017248636964730977,57.975595523561815
3,1.0,mixnet_attribution_oracle,15,0.02906087488528602,0.030015172632947253,5.078349477181358,2974.328999694096,3.512103330780519,14.770917692385478,0.033989469719590826,1.75,0.0,1.75,0.01942255412548047,51.48653434246832
3,1.0,mixnet_attribution_oracle,16,0.03189066059225513,0.030088144000151536,5.074625780580434,2953.130296127563,3.5038115228526294,14.851737194877423,0.03293489602886606,1.75,0.0,1.75,0.018819940587923464,53.13513054561332
3,1.0,mixnet_attribution_oracle,17,0.03317785133915137,0.030009156465527997,5.078125449977688,2926.269184471863,3.5175796099065337,14.981440320056207,0.03366602398274015,1.75,0.0,1.75,0.01923772799013723,51.98119032105447
3,1.0,mixnet_attribution_oracle,18,0.032233713293575904,0.029989941525211686,5.079798814633483,2936.223220351778,3.5250819031789433,14.681752277960355,0.03283668491567033,1.75,0.0,1.75,0.018763819951811617,53.294052200892686
3,1.0,mixnet_attribution_oracle,19,0.033890611997881834,0.02998142300672811,5.080129472288627,2942.2754368711703,3.5140288012917154,15.286541643208071,0.03321350069172081,1.75,0.0,1.75,0.018979143252411894,52.68941736202548
3,1.0,mixnet_attribution_oracle,20,0.0287261242292074,0.029933467724978687,5.082012288276073,2923.7765829448035,3.481273013690952,14.736634990502337,0.03192154689242105,1.75,0.0,1.75,0.018240883938526315,54.82190464947338
3,1.0,mixnet_attribution_oracle,21,0.02864741641337386,0.030004846044915434,5.078407287845238,2955.3591945288754,3.533941507252166,15.193373084762355,0.03255288658784547,1.75,0.0,1.75,0.01860164947876884,53.75867345212364
3,1.0,mixnet_attribution_oracle,22,0.03156308851224105,0.029956688981174526,5.08123103302456,2930.3353672316384,3.5177700710482895,15.00217347490527,0.03190408748550476,1.75,0.0,1.75,0.018230907134574148,54.85190575643612
3,1.0,mixnet_attribution_oracle,23,0.03347567485130395,0.030022575084161753,5.078192038248773,2965.897590361446,3.4925505176070146,14.890153671502073,0.0312649027224559,1.75,0.0,1.75,0.017865658698546227,55.973307050882624
3,1.0,mixnet_attribution_oracle,24,0.031392520522955304,0.029961094495800044,5.080095580491949,2956.7877014290057,3.512393686338328,15.017791398174896,0.03807574991388047,1.75,0.0,1.75,0.02175757137936027,45.961012034119896
3,1.0,mixnet_attribution_oracle,25,0.030026605853287723,0.030053978499333233,5.076554815629417,2955.812314709236,3.5180496265820693,14.841295580479583,0.03272217193501335,1.75,0.0,1.75,0.018698383962864773,53.48055757043029
3,1.0,mixnet_attribution_oracle,26,0.02974880473552402,0.030014535552708253,5.078332199728644,2952.010852242544,3.4872308020712808,14.76007138726206,0.03271799748423296,1.75,0.0,1.75,0.018695998562418832,53.4873810918085
3,1.0,mixnet_attribution_oracle,27,0.03169014084507042,0.029910153736214577,5.083116029675622,2977.0371249234536,3.515517937921686,14.932930785780952,0.031121855499575676,1.75,0.0,1.75,0.01778391742832896,56.230580468566856
3,1.0,mixnet_attribution_oracle,28,0.02976009717582751,0.029958196799685862,5.080383706429034,2952.5441087154572,3.4798051131656393,15.012777876321362,0.033672997156157854,1.75,0.0,1.75,0.01924171266066163,51.970425795019366
3,1.0,mixnet_attribution_oracle,29,0.030597524865234225,0.03001105186138432,5.078424090941249,2953.45433148584,3.522705565963406,14.949057557186274,0.03248806137488534,1.75,0.0,1.75,0.018564606499934477,53.865941085448235
4,1e-06,mixnet_attribution,0,0.981640331075997,0.9768236751026228,0.05037606956237063,2926.6427389014298,0.24684370096656494,1.9819016882273655,0.03157105686783295,1.7500000000000002e-06,0.0,1.7500000000000002e-06,18040.60392447597,5.5430516859986284e-05
4,1e-06,mixnet_attribution,1,0.9786199444272924,0.9726461633665647,0.060533553587983825,3001.6779870330347,0.2522746497998014,2.0059335612656115,0.030288853355831064,1.7500000000000002e-06,0.0,1.7500000000000002e-06,17307.916203332035,5.777703036298991e-05
4,1e-06,mixnet_attribution,2,0.9830084199347645,0.9785430251723364,0.046572751273231634,2950.134567245695,0.2552356796222739,2.0353507495083285,0.032650163123529544,1.7500000000000002e-06,0.0,1.7500000000000002e-06,18657.236070588307,5.359850710022492e-05
4,1e-06,mixnet_attribution,3,0.9797235722964763,0.9731945909767918,0.05959164213854479,2954.148086269745,0.2427584387769457,1.9811092154489502,0.032702616955001915,1.7500000000000002e-06,0.0,1.7500000000000002e-06,18687.209688572522,5.351253700607391e-05
4,1e-06,mixnet_attribution,4,0.9830482935282152,0.9795400932415163,0.04369892075556585,2929.7547653130414,0.2745338625391014,2.082938859484232,0.03546539870426956,1.7500000000000002e-06,0.0,1.7500000000000002e-06,20265.942116725462,4.9343869346922736e-05
4,1e-06,mixnet_attribution,5,0.980032009755354,0.9737305355216372,0.059581096832250165,2965.22269644082,0.2606103896687273,2.047612011265234,0.032904076650264215,1.7500000000000002e-06,0.0,1.7500000000000002e-06,18802.329514436693,5.318489920263263e-05
4,1e-06,mixnet_attribution,6,0.9821844696684958,0.9767664202505026,0.05046557847072161,2923.832819664737,0.2598670272855088,2.0385062634131534,0.03290514683262932,1.7500000000000002e-06,0.0,1.7500000000000002e-06,18802.941047216755,5.3183169456781434e-05
4,1e-06,mixnet_attribution,7,0.97707779886148,0.970418119757162,0.06615978693430676,2950.7886907020875,0.22867831512121484,1.903009822244249,0.03021287332622193,1.7500000000000002e-06,0.0,1.7500000000000002e-06,17264.499043555385,5.792232936948652e-05
4,1e-06,mixnet_attribution,8,0.980658530969376,0.9752161520149318,0.05410815567355507,2985.010207997544,0.25454857328440994,2.0119066772408734,0.030916111059868336,1.7500000000000002e-06,0.0,1.7500000000000002e-06,17666.34917706762,5.660479083579321e-05
4,1e-06,mixnet_attribution,9,0.9804236445667966,0.9757455064918048,0.052665939530667547,2975.0687466544314,0.24305138492491096,1.9522474300089865,0.033165314093792,1.7500000000000002e-06,0.0,1.7500000000000002e-06,18951.608053595428,5.2765970949377235e-05
4,1e-06,mixnet_attribution,10,0.984014477454381,0.9778369628333994,0.05047386811710443,2932.452571256221,0.26459918488399126,2.0445068139673097,0.033037381675478275,1.7500000000000002e-06,0.0,1.7500000000000002e-06,18878.50381455901,5.2970299438073305e-05
4,1e-06,mixnet_attribution,11,0.9774487995704533,0.9708517351282961,0.06400663695342221,2984.0791593157937,0.2426674862508662,1.9725145427282462,0.033525605291458344,1.7500000000000002e-06,0.0,1.7500000000000002e-06,19157.488737976193,5.219890841004041e-05
4,1e-06,mixnet_attribution,12,0.9801142857142857,0.9734300975719298,0.060851421930433955,2963.0659047619047,0.23631474823923782,1.9439978764489285,0.033041865680412244,1.7500000000000002e-06,0.0,1.7500000000000002e-06,18881.066103092708,5.296311100972209e-05
4,1e-06,mixnet_attribution,13,0.9796087283671934,0.9753229726687219,0.05266973828047159,2927.065537998495,0.25135765635059215,1.9959792007542765,0.032361290255007016,1.7500000000000002e-06,0.0,1.7500000000000002e-06,18492.165860004006,5.407695386092451e-05
4,1e-06,mixnet_attribution,14,0.9788319500494936,0.9743102942421547,0.0552373111823317,2961.3085357496384,0.23818303106236272,1.9623369326678695,0.03181427446827299,1.7500000000000002e-06,0.0,1.7500000000000002e-06,18179.58541044171,5.5006754962939666e-05
4,1e-06,mixnet_attribution,15,0.9812138728323699,0.9767429004597357,0.04992351302875371,2957.89359598418,0.2671488355845213,2.078602955916717,0.03250980928221186,1.7500000000000002e-06,0.0,1.7500000000000002e-06,18577.03387554963,5.382990668473513e-05
4,1e-06,mixnet_attribution,16,0.9831426392067124,0.9777771129522123,0.04903128825662218,2966.4576659038903,0.26420538590173237,2.0342799858377267,0.032125902930541295,1.7500000000000002e-06,0.0,1.7500000000000002e-06,18357.658817452168,5.4473177105205e-05
4,1e-06,mixnet_attribution,17,0.9782739891369946,0.9725769470540242,0.06032480846917333,2934.137598068799,0.25160613426123746,1.998056590861669,0.03319257267896001,1.7500000000000002e-06,0.0,1.7500000000000002e-06,18967.184387977148,5.272263819156398e-05
4,1e-06,mixnet_attribution,18,0.9800799818908926,0.9735504383870194,0.06038390873297168,2935.5174677431523,0.231313932366902,1.927671185668551,0.03107947898093108,1.7500000000000002e-06,0.0,1.7500000000000002e-06,17759.70227481776,5.6307250230086504e-05
4,1e-06,mixnet_attribution,19,0.9782658256706437,0.970846429191743,0.06423620569012758,2955.8522684094537,0.23501386144198477,1.9187745692661198,0.0317393318724152,1.7500000000000002e-06,0.0,1.7500000000000002e-06,18136.76106995154,5.5136636367602096e-05
4,1e-06,mixnet_attribution,20,0.9789785231843363,0.973061644369375,0.05979819785567877,2951.7397738483724,0.241415496886475,1.9657106904662178,0.0331146184691418,1.7500000000000002e-06,0.0,1.7500000000000002e-06,18922.639125223883,5.284675109969199e-05
4,1e-06,mixnet_attribution,21,0.9798708697303457,0.9729653411278827,0.060433394153042906,2952.671477402203,0.2576884798472747,2.0281026506960975,0.03333762602869295,1.7500000000000002e-06,0.0,1.7500000000000002e-06,19050.07201639597,5.249323987538327e-05
4,1e-06,mixnet_attribution,22,0.9807367613200307,0.9755423057823644,0.053338846314261654,2984.293937068304,0.24889995681587607,1.989411264298992,0.03389774788720156,1.7500000000000002e-06,0.0,1.7500000000000002e-06,19370.14164982946,5.162584859098355e-05
4,1e-06,mixnet_attribution,23,0.9781545982279255,0.9724626494554213,0.06188409275192685,2970.401772074549,0.23533307402976789,1.9412071202403827,0.03161008888322469,1.7500000000000002e-06,0.0,1.7500000000000002e-06,18062.90793327125,5.536207147233667e-05
4,1e-06,mixnet_attribution,24,0.9814140494613868,0.9743871311404545,0.05728690416279443,2950.5938400849645,0.24148856246029027,1.9509177604921313,0.030790810345592112,1.7500000000000002e-06,0.0,1.7500000000000002e-06,17594.748768909776,5.683513945746228e-05
4,1e-06,mixnet_attribution,25,0.9849612522059388,0.9814049686466606,0.04170104230167155,2984.0808716335455,0.2786709143256303,2.0952105173330313,0.032824426887356026,1.7500000000000002e-06,0.0,1.7500000000000002e-06,18756.81536420344,5.331395445244165e-05
4,1e-06,mixnet_attribution,26,0.981426003594967,0.9753738351345596,0.054404739440546065,2912.8142600359497,0.26666808951995336,2.081316228283054,0.03179151295336272,1.7500000000000002e-06,0.0,1.7500000000000002e-06,18166.57883049298,5.504613770874013e-05
4,1e-06,mixnet_attribution,27,0.975395971090266,0.9685237516780935,0.07051585862051382,2989.615177610334,0.23136623002937995,1.919028668844749,0.03408197198523081,1.7500000000000002e-06,0.0,1.7500000000000002e-06,19475.412562989033,5.1346794157285e-05
4,1e-06,mixnet_attribution,28,0.977734316232887,0.9723155710768752,0.061059077672052,2924.323078080337,0.24532638647360727,1.962181244622135,0.03119512112732606,1.7500000000000002e-06,0.0,1.7500000000000002e-06,17825.783501329173,5.6098515946041605e-05
4,1e-06,mixnet_attribution,29,0.9769868057686407,0.9709804734194419,0.0638812790188394,2983.432187787665,0.257386395271169,2.0228830055415266,0.036182236905004994,1.7500000000000002e-06,0.0,1.7500000000000002e-06,20675.56394571714,4.836627443998431e-05
4,1e-06,mixnet_attribution_oracle,0,0.9990120829850293,0.998638714880123,0.003048038205037006,2955.68538642754,0.2524842524435371,2.0030254843573667,0.03251414091518032,1.7500000000000002e-06,0.0,1.7500000000000002e-06,18579.50909438875,5.382273530047211e-05
4,1e-06,mixnet_attribution_oracle,1,0.9990004613255421,0.9989121328222331,0.002119180537882036,2989.9611717668768,0.2540993651782628,2.0091436706155914,0.03449339787812047,1.7500000000000002e-06,0.0,1.7500000000000002e-06,19710.513073211692,5.073434650258228e-05
4,1e-06,mixnet_attribution_oracle,2,0.9991606257153758,0.9990752720733669,0.0020065120508820523,2967.548340328119,0.25469430661178194,2.024809401744177,0.03204783612521055,1.7500000000000002e-06,0.0,1.7500000000000002e-06,18313.04921440603,5.46058708351718e-05
4,1e-06,mixnet_attribution_oracle,3,0.9995419847328244,0.9994069849919569,0.0013422666408923318,2968.1712213740457,0.2807175796770025,2.1338434646772417,0.032786060205019556,1.7500000000000002e-06,0.0,1.7500000000000002e-06,18734.89154572546,5.337634314878964e-05
4,1e-06,mixnet_attribution_oracle,4,0.9996185826531391,0.9990101877776668,0.0024851428676544514,2966.478373636433,0.23289729526732117,1.9103509981414888,0.034356991063633324,1.7500000000000002e-06,0.0,1.7500000000000002e-06,19632.56632207618,5.0935775975224004e-05
4,1e-06,mixnet_attribution_oracle,5,0.9992378048780488,0.9989414830698193,0.0024406845749756715,2963.5717225609756,0.24137183575658128,1.9678661831915054,0.03188947631956525,1.7500000000000002e-06,0.0,1.7500000000000002e-06,18222.557896894425,5.487703788118707e-05
4,1e-06,mixnet_attribution_oracle,6,0.9994740006011422,0.9991774607012736,0.001858115408399246,2922.8002705139766,0.2703390714887064,2.075347549247403,0.03144664654786766,1.7500000000000002e-06,0.0,1.7500000000000002e-06,17969.512313067233,5.564981300426339e-05
4,1e-06,mixnet_attribution_oracle,7,0.9996928746928747,0.999350672294326,0.0015396323769225617,2986.271498771499,0.26098753765108995,2.0302981194041783,0.03593943278555403,1.7500000000000002e-06,0.0,1.7500000000000002e-06,20536.8187346023,4.869303337206307e-05
4,1e-06,mixnet_attribution_oracle,8,0.9991617770326907,0.9988644259071516,0.0025977174171762426,2963.466356778176,0.26956542997504584,2.0686123639001592,0.035103963185233046,1.7500000000000002e-06,0.0,1.7500000000000002e-06,20059.407534418882,4.985192101432471e-05
4,1e-06,mixnet_attribution_oracle,9,0.999471857552437,0.9990471357177827,0.001925493899786701,2934.5295759770634,0.25386810617055744,2.0157112417614726,0.03322426344428126,1.7500000000000002e-06,0.0,1.7500000000000002e-06,18985.293396732148,5.2672349017904855e-05
4,1e-06,mixnet_attribution_oracle,10,0.9996954237417194,0.9994723648563358,0.0014391475022201199,2961.154267874819,0.24783857629518025,1.9870124176847872,0.031622254203232635,1.7500000000000002e-06,0.0,1.7500000000000002e-06,18069.85954470436,5.534077326533868e-05
4,1e-06,mixnet_attribution_oracle,11,0.9988525969555573,0.9988567589348994,0.0023598511166897174,2974.6483592136465,0.24688332338701002,1.9632430096120725,0.03148281441402698,1.7500000000000002e-06,0.0,1.7500000000000002e-06,17990.17966515827,5.558588177619528e-05
4,1e-06,mixnet_attribution_oracle,12,0.9990216736905478,0.9989380819902196,0.00242302041290608,2926.8579921733894,0.2492715130210854,1.982920445073832,0.031583643571199825,1.7500000000000002e-06,0.0,1.7500000000000002e-06,18047.796326399897,5.5408426708429945e-05
4,1e-06,mixnet_attribution_oracle,13,0.9986197377501725,0.9985011916428187,0.0029613382933367963,2982.6132198451037,0.25330773295718245,2.015370701096549,0.0316965216425973,1.7500000000000002e-06,0.0,1.7500000000000002e-06,18112.29808148417,5.5211105487617804e-05
4,1e-06,mixnet_attribution_oracle,14,0.9994622416839517,0.999117281536267,0.0018854807764120238,2987.4507951140818,0.25280944575206377,1.9988989338043868,0.031720642609101804,1.7500000000000002e-06,0.0,1.7500000000000002e-06,18126.081490915316,5.51691219363211e-05
4,1e-06,mixnet_attribution_oracle,15,0.9998484733691947,0.9996722825901421,0.0008782538942529209,2946.98302901735,0.24857301797601394,1.9777656812196533,0.03253449615325564,1.7500000000000002e-06,0.0,1.7500000000000002e-06,18591.14065900322,5.3789061055579994e-05
4,1e-06,mixnet_attribution_oracle,16,0.9993018384919712,0.9989832980880412,0.0021766186028816773,3017.069971297805,0.25731148695922457,2.023173707163214,0.0343723901958077,1.7500000000000002e-06,0.0,1.7500000000000002e-06,19641.365826175825,5.091295630099773e-05
4,1e-06,mixnet_attribution_oracle,17,0.9992548990388198,0.9988216075562079,0.002594392233940849,2897.724014603979,0.247612833220046,1.999376705412495,0.031868327174239514,1.7500000000000002e-06,0.0,1.7500000000000002e-06,18210.472670994004,5.491345656243286e-05
4,1e-06,mixnet_attribution_oracle,18,0.9995451444166478,0.9993933591881359,0.0014302297339751943,2947.8628610416195,0.22648450746783055,1.8988827662263181,0.031248438297425473,1.7500000000000002e-06,0.0,1.7500000000000002e-06,17856.250455671696,5.6002798710877686e-05
4,1e-06,mixnet_attribution_oracle,19,0.9991755976916735,0.9988799517825281,0.0026133343034297884,2913.878438132354,0.2419698093435727,1.9621650138750208,0.034009354861415694,1.7500000000000002e-06,0.0,1.7500000000000002e-06,19433.917063666107,5.1456430359560004e-05
4,1e-06,mixnet_attribution_oracle,20,0.9991730566832056,0.9990862568161339,0.0019378064494726787,2923.1113366411064,0.2473588692373596,1.9855547826843296,0.03365228802174445,1.7500000000000002e-06,0.0,1.7500000000000002e-06,19229.878869568256,5.200240764815862e-05
4,1e-06,mixnet_attribution_oracle,21,0.9995448338643604,0.9992882777118696,0.0017478112682113001,2951.018130784403,0.25117680392577313,1.9988845257722843,0.036507276874080466,1.7500000000000002e-06,0.0,1.7500000000000002e-06,20861.301070903122,4.793564872110387e-05
4,1e-06,mixnet_attribution_oracle,22,0.9994719770687184,0.9994050951247796,0.0013803382697635585,2933.906992532247,0.23302984394831583,1.9340758645953988,0.03156218354790458,1.7500000000000002e-06,0.0,1.7500000000000002e-06,18035.533455945475,5.544610046842538e-05
4,1e-06,mixnet_attribution_oracle,23,0.9994619936976404,0.9993043671720793,0.001685984109748012,2988.990162170471,0.2511567201872822,1.983510659288985,0.03073188706762251,1.7500000000000002e-06,0.0,1.7500000000000002e-06,17561.07832435572,5.694411137686717e-05
4,1e-06,mixnet_attribution_oracle,24,0.9990067237163814,0.9989315093404557,0.002403163160141881,2971.122478606357,0.2674651884008199,2.046820503404312,0.03399322185866075,1.7500000000000002e-06,0.0,1.7500000000000002e-06,19424.698204949,5.148085130842452e-05
4,1e-06,mixnet_attribution_oracle,25,0.9993235625704623,0.9993175360926705,0.0011588943166898095,2923.2472003006387,0.24967144889524207,1.9961458743533633,0.0330267092029033,1.7500000000000002e-06,0.0,1.7500000000000002e-06,18872.405258801882,5.2987416616311314e-05
4,1e-06,mixnet_attribution_oracle,26,0.9987777862653732,0.9987114260026592,0.0027530023419345064,2970.111374226568,0.2666254295327235,2.0465660681514706,0.0316976303763259,1.7500000000000002e-06,0.0,1.7500000000000002e-06,18112.931643614796,5.520917428916162e-05
4,1e-06,mixnet_attribution_oracle,27,0.9995375009635397,0.9993410272972757,0.0013753068638703556,2998.236105758113,0.23266334724030457,1.9209065105833163,0.031906135169861925,1.7500000000000002e-06,0.0,1.7500000000000002e-06,18232.0772399211,5.484838544948637e-05
4,1e-06,mixnet_attribution_oracle,28,0.9990033731984054,0.9991066922227225,0.001979199536490199,2982.0932996013494,0.25338348050718196,2.018902256082021,0.032703639660116315,1.7500000000000002e-06,0.0,1.7500000000000002e-06,18687.794091495034,5.3510863567097416e-05
4,1e-06,mixnet_attribution_oracle,29,0.9994650363011082,0.9992118582707759,0.0016243594594949505,2971.4311043179214,0.2575866268889513,2.0161666939180845,0.030871351267800943,1.7500000000000002e-06,0.0,1.7500000000000002e-06,17640.77215302911,5.66868610583063e-05
4,0.03,mixnet_attribution,0,0.02009474327628362,0.012683437133776045,6.4969190156241465,2971.82869804401,0.34093411415233277,2.366925658960856,0.03187951777426378,0.0525,0.0,0.0525,0.6072289099859768,1.6468254122207286
4,0.03,mixnet_attribution,1,0.023523222606343003,0.012775746189258945,6.484579194755256,2922.2665714715167,0.3501181397878099,2.4049870939614353,0.03297181202875154,0.0525,0.0,0.0525,0.6280345148333627,1.5922691769023738
4,0.03,mixnet_attribution,2,0.020951947164654976,0.013368852974101092,6.435516980353709,2952.2292568131784,0.3478668267489411,2.373795953400674,0.03265548844806924,0.0525,0.0,0.0525,0.6220093037727474,1.6076929941957145
4,0.03,mixnet_attribution,3,0.023462174763122273,0.013242477028753459,6.481299442650627,2924.7744773650174,0.3397576741699595,2.37609430764353,0.03337670921700619,0.0525,0.0,0.0525,0.6357468422286893,1.572953153010365
4,0.03,mixnet_attribution,4,0.02045506780050563,0.012341301436132992,6.49502795487051,2978.617252738834,0.33979529319913127,2.3460781544356504,0.029881850653204544,0.0525,0.0,0.0525,0.5691781076800866,1.75691929557147
4,0.03,mixnet_attribution,5,0.02378731343283582,0.012761004578648084,6.478261917462761,3023.070118159204,0.34347442351281643,2.3691592142798616,0.033563592135730395,0.0525,0.0,0.0525,0.6393065168710552,1.5641949105951236
4,0.03,mixnet_attribution,6,0.02014388489208633,0.01244922547032147,6.484469859159764,2944.6256720939036,0.33375131769571453,2.352312962643656,0.03208856307173057,0.0525,0.0,0.0525,0.6112107251758204,1.6360969446541382
4,0.03,mixnet_attribution,7,0.023245350929814036,0.012650582255108437,6.492259556971261,2916.170290941812,0.3427595902176108,2.3597941622563794,0.03213382184121212,0.0525,0.0,0.0525,0.612072796975469,1.6337925896093672
4,0.03,mixnet_attribution,8,0.021487726628366784,0.012521416470966707,6.479436618894354,2901.9015891964486,0.345181515061995,2.3754154388362236,0.03065167780515252,0.0525,0.0,0.0525,0.5838414820029052,1.7127936791497527
4,0.03,mixnet_attribution,9,0.027907332364859698,0.013622835014383602,6.441219434520084,2973.902668399725,0.3583353056164924,2.441234106998195,0.03273569907720967,0.0525,0.0,0.0525,0.6235371252801842,1.6037537452972885
4,0.03,mixnet_attribution,10,0.021859582542694496,0.013264608344691006,6.436808149847754,2950.9693358633776,0.3573902506614104,2.429524882728227,0.03147225575978844,0.0525,0.0,0.0525,0.5994715382816845,1.6681359099489255
4,0.03,mixnet_attribution,11,0.0211176336052451,0.013244692809906068,6.460651189043491,2964.845315239765,0.3336875267268624,2.3303344119572245,0.03307276870063708,0.0525,0.0,0.0525,0.6299574990597538,1.5874086767639957
4,0.03,mixnet_attribution,12,0.023909556183637614,0.014236652148600941,6.405689961941819,2971.1056450996866,0.34941318273195066,2.386238211575443,0.035145315640670194,0.0525,0.0,0.0525,0.6694345836318133,1.4937979370214263
4,0.03,mixnet_attribution,13,0.020245352600285992,0.013192295257987343,6.48275979056201,2926.7091894332807,0.35788724609301426,2.410945389932512,0.03244451120434329,0.0525,0.0,0.0525,0.6179906896065388,1.6181473553212884
4,0.03,mixnet_attribution,14,0.021710878373213057,0.012672696560548488,6.471099854426527,2973.7895420839386,0.34218184763449244,2.3831551401019953,0.03246225464710085,0.0525,0.0,0.0525,0.618328659944778,1.617262897193393
4,0.03,mixnet_attribution,15,0.021625312997951285,0.012686226275757358,6.483283612756196,2951.3232415206007,0.3452878590906039,2.3811130524788315,0.02881517690368937,0.0525,0.0,0.0525,0.5488605124512261,1.8219565396205541
4,0.03,mixnet_attribution,16,0.018640183346065698,0.012408899712438286,6.499639925043525,2970.857219251337,0.3500970767636318,2.4107893178745794,0.03110962230345096,0.0525,0.0,0.0525,0.5925642343514469,1.6875807583872924
4,0.03,mixnet_attribution,17,0.021142292189520115,0.013081013601358741,6.4570523637749435,2957.5110654802647,0.3869580754835624,2.5248906284584853,0.03532332928521672,0.0525,0.0,0.0525,0.6728253197184138,1.4862698693005685
4,0.03,mixnet_attribution,18,0.02674524025385313,0.013611836708629652,6.43435830204506,2938.5609700815958,0.35004158041556366,2.3870080807441445,0.033463458640390305,0.0525,0.0,0.0525,0.6373992121979106,1.568875487862233
4,0.03,mixnet_attribution,19,0.020242294126667688,0.012954305921611923,6.492015688040308,2982.1910749884987,0.3643299503310118,2.447755752345071,0.033656285070175665,0.0525,0.0,0.0525,0.6410720965747746,1.5598869539681488
4,0.03,mixnet_attribution,20,0.02650528573617282,0.013169920439403985,6.452456676638302,2978.9635360808948,0.37095403275452554,2.48624708484622,0.03279254979220664,0.0525,0.0,0.0525,0.6246199960420312,1.6009734019669604
4,0.03,mixnet_attribution,21,0.019880257906048512,0.012423043608512074,6.488641810459173,2985.2345716917407,0.3398632541648112,2.3651658778122373,0.03120879506540865,0.0525,0.0,0.0525,0.5944532393411172,1.6822181019795344
4,0.03,mixnet_attribution,22,0.0202718267680258,0.01258033559639177,6.480101497732941,2986.136604469016,0.3549783459457103,2.416019440748401,0.03225488770771878,0.0525,0.0,0.0525,0.6143788134803578,1.6276602937122129
4,0.03,mixnet_attribution,23,0.024795887511339584,0.013980971593631826,6.440260121221537,2939.982234653765,0.343401973717846,2.369000545839959,0.033813916384329144,0.0525,0.0,0.0525,0.6440745977967456,1.5526151837392845
4,0.03,mixnet_attribution,24,0.021679598356914652,0.012855088592428541,6.467305251185758,2958.2857903544805,0.3401905242353678,2.3715414579288465,0.03150891078302642,0.0525,0.0,0.0525,0.6001697292005033,1.6661953299979284
4,0.03,mixnet_attribution,25,0.023804160096117744,0.013509174863237322,6.444007802859584,2920.487121724112,0.33239325261092745,2.3118978854335452,0.03183959453064954,0.0525,0.0,0.0525,0.6064684672504674,1.6488903446764145
4,0.03,mixnet_attribution,26,0.024050435865504358,0.014240215793246015,6.400667316379371,3026.893524283935,0.34583224370726384,2.386852062415543,0.03427404254768789,0.0525,0.0,0.0525,0.6528389056702456,1.531771454358004
4,0.03,mixnet_attribution,27,0.020656414964425062,0.012852595754733225,6.457250141481022,2975.4426593221638,0.36184005028917454,2.425767156298499,0.03201424868021199,0.0525,0.0,0.0525,0.6097952129564189,1.6398948019807895
4,0.03,mixnet_attribution,28,0.022485566697052567,0.01319289653568119,6.443413250857697,2954.1552719538136,0.35500980526558124,2.444133101318898,0.03165231093086512,0.0525,0.0,0.0525,0.602901160587907,1.6586466661050545
4,0.03,mixnet_attribution,29,0.021622826571555953,0.013147988330809915,6.459298718576895,2890.489151434091,0.3348981403687503,2.320353824270639,0.03650111945804424,0.0525,0.0,0.0525,0.6952594182484617,1.4383120512329894
4,0.03,mixnet_attribution_oracle,0,0.08128415300546447,0.05501041483929839,4.387649394391804,2951.859896782028,0.36076741633587517,2.4307653498086133,0.03239846905595163,0.0525,0.0,0.0525,0.6171136963038406,1.6204469386912494
4,0.03,mixnet_attribution_oracle,1,0.07907153729071538,0.058043586191236646,4.372968404651694,2959.73698630137,0.3350561073166318,2.3357549635155053,0.034213127773919196,0.0525,0.0,0.0525,0.6516786242651276,1.5344986973105965
4,0.03,mixnet_attribution_oracle,2,0.078216541124553,0.055694475334456574,4.397435518162747,2958.8227954043978,0.3445837960753124,2.3711437040204277,0.03302890965871904,0.0525,0.0,0.0525,0.6291220887375055,1.5895165944765282
4,0.03,mixnet_attribution_oracle,3,0.08354067707155244,0.056456245874677444,4.400741446433701,2933.0914574379854,0.3452847649168689,2.352531262316854,0.03206502661008526,0.0525,0.0,0.0525,0.6107624116206716,1.637297877167126
4,0.03,mixnet_attribution_oracle,4,0.08464447806354009,0.0564810521207341,4.390110786173408,2941.8136157337367,0.34052771460847,2.32654440571344,0.03286923683683487,0.0525,0.0,0.0525,0.6260807016539975,1.597238179292497
4,0.03,mixnet_attribution_oracle,5,0.0832953682611997,0.055628893117706746,4.41236890233119,2953.045178435839,0.3669613375677727,2.4652306680301006,0.031228393070594586,0.0525,0.0,0.0525,0.5948265346779922,1.681162392228093
4,0.03,mixnet_attribution_oracle,6,0.08141993957703927,0.0551032086914163,4.398782161519516,2937.314728096677,0.3564187494921498,2.4208386421223786,0.032648688525404326,0.0525,0.0,0.0525,0.6218797814362729,1.608027837294265
4,0.03,mixnet_attribution_oracle,7,0.08222222222222222,0.055807652723445976,4.394154764580797,2979.794329501916,0.34915740115684457,2.391913516801445,0.032757025418619995,0.0525,0.0,0.0525,0.6239433413070475,1.6027096272959374
4,0.03,mixnet_attribution_oracle,8,0.08572714317857946,0.055525050835055996,4.408639809647545,2917.137403435086,0.3370556393638253,2.3547758808716743,0.03136601153589149,0.0525,0.0,0.0525,0.5974478387788855,1.6737862874253335
4,0.03,mixnet_attribution_oracle,9,0.08102425471202222,0.05675991823745077,4.378065542092199,2919.751896072689,0.34651974667212926,2.3802617510691952,0.038169118555866674,0.0525,0.0,0.0525,0.7270308296355558,1.3754574898856458
4,0.03,mixnet_attribution_oracle,10,0.08835068658518183,0.05632722182210699,4.396111373884774,2934.644484683869,0.3604865394590888,2.441971952787383,0.03333568164050215,0.0525,0.0,0.0525,0.6349653645809934,1.5748890503025925
4,0.03,mixnet_attribution_oracle,11,0.08279773156899811,0.055619230147360185,4.395445030970386,2941.6169376181474,0.3677648631564807,2.4541216384312836,0.03161274911923092,0.0525,0.0,0.0525,0.6021476022710651,1.660722381403482
4,0.03,mixnet_attribution_oracle,12,0.08061463931572174,0.05696906591754428,4.380871569689443,2943.3655287260617,0.3570353962422814,2.4309308494055646,0.03369257120647999,0.0525,0.0,0.0525,0.6417632610758094,1.5582069910385121
4,0.03,mixnet_attribution_oracle,13,0.08278195488721804,0.057535709499898724,4.373429211208897,2924.2042857142856,0.33445829793345183,2.3382362269807953,0.03402619971555887,0.0525,0.0,0.0525,0.6481180898201689,1.5429286972648248
4,0.03,mixnet_attribution_oracle,14,0.08648607167523598,0.05723842464004723,4.397731410287657,2984.1834087944135,0.3366956406389363,2.3498311872268047,0.03266118340557302,0.0525,0.0,0.0525,0.6221177791537719,1.607412669286253
4,0.03,mixnet_attribution_oracle,15,0.07828377869777944,0.054370894030303214,4.410103134129076,2928.014301844185,0.3749509127228521,2.499692470150327,0.030706541958183665,0.0525,0.0,0.0525,0.5848865134892127,1.709733387481234
4,0.03,mixnet_attribution_oracle,16,0.08477248836161586,0.05585764284891916,4.4034969163172,2920.834284427091,0.355379908811301,2.4172649798336368,0.032192962827456435,0.0525,0.0,0.0525,0.6131992919515512,1.6307911850606147
4,0.03,mixnet_attribution_oracle,17,0.08934181288790131,0.059069054807283486,4.371602053895469,2979.6749674354455,0.3577668172947597,2.4012401319510253,0.035434301689248056,0.0525,0.0,0.0525,0.6749390797952011,1.4816152004465843
4,0.03,mixnet_attribution_oracle,18,0.08401001745465583,0.05743872090878939,4.373296080136084,2951.617211808454,0.3846113034815062,2.545688021490907,0.0336621100532615,0.0525,0.0,0.0525,0.6411830486335525,1.5596170268866822
4,0.03,mixnet_attribution_oracle,19,0.08437644877144182,0.05552889448587437,4.409922571662833,3004.5026271055476,0.3299393034831155,2.3086247359211005,0.030832794436443624,0.0525,0.0,0.0525,0.5872913225989262,1.7027324626128035
4,0.03,mixnet_attribution_oracle,20,0.08057630736392743,0.05602534103344231,4.399888582051371,2964.4504497636835,0.3573631436738651,2.410531126565592,0.03291433951171014,0.0525,0.0,0.0525,0.6269398002230503,1.5950494762722414
4,0.03,mixnet_attribution_oracle,21,0.07858830703559723,0.05443421700159152,4.406540816198019,2964.277155270981,0.3595721152087208,2.428029289429179,0.030950126586740064,0.0525,0.0,0.0525,0.5895262206998108,1.696277391721316
4,0.03,mixnet_attribution_oracle,22,0.08149380102812216,0.05717418548837612,4.378572236514327,2939.76375869368,0.33113434331608005,2.3154538972789327,0.034762745235123814,0.0525,0.0,0.0525,0.6621475282880727,1.510237458086443
4,0.03,mixnet_attribution_oracle,23,0.08340971585701192,0.05739883828068882,4.377186018339483,2970.739993889398,0.35575637500733137,2.4227592588696667,0.03444404532189591,0.0525,0.0,0.0525,0.6560770537503984,1.5242112100760128
4,0.03,mixnet_attribution_oracle,24,0.08048486673693721,0.05420127858173914,4.411536119216747,2927.538171962054,0.3500067042768933,2.356458497889384,0.03070258305475367,0.0525,0.0,0.0525,0.5848111058048319,1.70995384676181
4,0.03,mixnet_attribution_oracle,25,0.08591012947448591,0.05607841816999341,4.384885105388595,2961.7388423457733,0.35170677219866775,2.4164267800922605,0.033917906909283285,0.0525,0.0,0.0525,0.646055369700634,1.5478549469581455
4,0.03,mixnet_attribution_oracle,26,0.09010306153379812,0.0579660662451755,4.3812180007674515,2947.2342376477723,0.3599356708000414,2.429108211146061,0.03393991427912199,0.0525,0.0,0.0525,0.6464745576975618,1.5468512845447926
4,0.03,mixnet_attribution_oracle,27,0.09023248676436738,0.05682242037357511,4.398815288975969,2984.889818153917,0.3744544974179007,2.472108358832929,0.03281706926625748,0.0525,0.0,0.0525,0.6250870336429997,1.5997772248962072
4,0.03,mixnet_attribution_oracle,28,0.07742033614723554,0.05392914554952258,4.413673511549686,2956.7521484523536,0.3327527570654638,2.3212937347932487,0.030778267288610273,0.0525,0.0,0.0525,0.5862527102592433,1.7057490438855216
4,0.03,mixnet_attribution_oracle,29,0.0820194057004245,0.054876407881689605,4.412990862934649,2948.158505154639,0.3573634476924781,2.422337911253694,0.030561548439217393,0.0525,0.0,0.0525,0.5821247321755694,1.7178448959945565
4,0.06,mixnet_attribution,0,0.017867958812840704,0.011175597391300439,6.5761850617248685,2943.8115536038763,0.43883275717962533,2.7559005757369515,0.03312797161542957,0.105,0.0,0.105,0.3155044915755197,3.169526985198682
4,0.06,mixnet_attribution,1,0.01589474484751692,0.010985517411485976,6.57522655164592,2956.946003498365,0.447678305383306,2.8092830751857356,0.03265217969972752,0.105,0.0,0.105,0.310973139997405,3.2157118135937552
4,0.06,mixnet_attribution,2,0.01591011913738501,0.010952849524282118,6.577625067783365,2932.7919619966824,0.4557043456006795,2.783839184324552,0.03392941617596668,0.105,0.0,0.105,0.3231372969139684,3.0946597918291014
4,0.06,mixnet_attribution,3,0.016063654105990092,0.011190615854668781,6.55738864087058,2919.733373367362,0.4285885161079932,2.716353280274739,0.03321813446976531,0.105,0.0,0.105,0.31636318542633635,3.1609240457368113
4,0.06,mixnet_attribution,4,0.01813529987207465,0.011093751827875723,6.575985016732716,2927.007148769659,0.4592531815287657,2.834988678941807,0.033351878175128274,0.105,0.0,0.105,0.3176369350012217,3.1482484868963803
4,0.06,mixnet_attribution,5,0.01606547438617763,0.011451053399190711,6.553673957639762,2946.9719612003637,0.4310621480399277,2.7081419473048896,0.034139266020534846,0.105,0.0,0.105,0.32513586686223667,3.0756373009555116
4,0.06,mixnet_attribution,6,0.017535903250188965,0.011199284726752481,6.565453641676383,2938.7085411942553,0.4648390155925881,2.8571887421004645,0.032750185636946504,0.105,0.0,0.105,0.311906529875681,3.206088697144551
4,0.06,mixnet_attribution,7,0.015375106235030519,0.011223356377889338,6.554694285815678,3005.1744572355715,0.441004934895318,2.7457481668110857,0.032318860135840725,0.105,0.0,0.105,0.30779866796038785,3.2488769578713543
4,0.06,mixnet_attribution,8,0.018972271295798447,0.011215563095146097,6.560556839667027,2987.770950149781,0.45093265449395403,2.7969760054549018,0.032368671457337114,0.105,0.0,0.105,0.30827306149844874,3.2438773441286637
4,0.06,mixnet_attribution,9,0.018092984197266966,0.011086417390111833,6.5734123931451816,2968.9754179708375,0.44400249054888263,2.7713407519900515,0.0333324710556845,0.105,0.0,0.105,0.31745210529223333,3.150081487345756
4,0.06,mixnet_attribution,10,0.01953751049378005,0.011536011839626473,6.539240536544502,2968.38548424025,0.4431109412689693,2.7527546473884774,0.032334255933909956,0.105,0.0,0.105,0.30794529460866626,3.2473300209726856
4,0.06,mixnet_attribution,11,0.015897162850840495,0.011141969443077264,6.568538163241728,2958.354605613448,0.45014955062652007,2.7500451319207886,0.03404361866574218,0.105,0.0,0.105,0.32422493967373506,3.0842784673081964
4,0.06,mixnet_attribution,12,0.01939203354297694,0.011179597727409545,6.566394244183464,2911.886717580114,0.4412622345262207,2.7660886457395666,0.035038119627832036,0.105,0.0,0.105,0.3336963774079242,2.9967361580840866
4,0.06,mixnet_attribution,13,0.017492934076846687,0.011177921094558433,6.563599510488182,2970.9107020090137,0.4344973293482326,2.7326363940380425,0.03507135797599447,0.105,0.0,0.105,0.33401293310470925,2.9938960467932283
4,0.06,mixnet_attribution,14,0.019163498098859314,0.011074020319398623,6.572854424520833,2956.9,0.4533128730545286,2.7649144941700996,0.03312162157454407,0.105,0.0,0.105,0.31544401499565783,3.1701346434287725
4,0.06,mixnet_attribution,15,0.019398348109418807,0.010991075250268436,6.579741507705537,2947.5846783359852,0.4483276737446431,2.7880852215069813,0.03284229597470972,0.105,0.0,0.105,0.31278377118771167,3.1970968193227254
4,0.06,mixnet_attribution,16,0.015567142749187636,0.011060775937142412,6.5744715953924855,2939.34005894355,0.450355289678555,2.7892964293316576,0.03319699695540464,0.105,0.0,0.105,0.31616187576575844,3.1629366999988675
4,0.06,mixnet_attribution,17,0.017512077294685992,0.011203604567765663,6.568637711363032,2935.754302536232,0.4276266997039784,2.6752696886975484,0.03331267519316366,0.105,0.0,0.105,0.31726357326822535,3.1519534048573745
4,0.06,mixnet_attribution,18,0.018471872376154493,0.01142990110168307,6.5531595690192335,2968.5604915655294,0.4492604244442191,2.7733730140433495,0.035291945316685586,0.105,0.0,0.105,0.33611376492081513,2.975183120618668
4,0.06,mixnet_attribution,19,0.017691659646166806,0.010955220257731437,6.578169123172341,2978.5315922493683,0.4495485462830402,2.7914397944850258,0.03173561005614568,0.105,0.0,0.105,0.30224390529662554,3.3085861533538243
4,0.06,mixnet_attribution,20,0.017963619895841196,0.011101152740820746,6.574549435645338,2935.339723752736,0.43610970154986717,2.744548248499842,0.033772976958735504,0.105,0.0,0.105,0.32164739960700484,3.108994511448934
4,0.06,mixnet_attribution,21,0.014619660397472017,0.011099020452255623,6.565643275512936,2961.4194015076523,0.43566876428667456,2.7175449792325543,0.03062423787547114,0.105,0.0,0.105,0.2916594083378204,3.4286567530910226
4,0.06,mixnet_attribution,22,0.01677310148495807,0.010847236407726345,6.585412775060489,2992.2390551665767,0.4379175663634669,2.7442832316817265,0.030305853642144196,0.105,0.0,0.105,0.28862717754423045,3.464677195364791
4,0.06,mixnet_attribution,23,0.0164021164021164,0.010924743886061801,6.579537780252569,2939.740589569161,0.45322050026152283,2.8149394428362786,0.031646455384966,0.105,0.0,0.105,0.3013948131901524,3.3179071312321886
4,0.06,mixnet_attribution,24,0.01649746192893401,0.011036259959425606,6.577988886511104,2902.712227530606,0.4368519530980848,2.742653065282534,0.03258894565112948,0.105,0.0,0.105,0.3103709109631379,3.2219514286851707
4,0.06,mixnet_attribution,25,0.01799698795180723,0.011002961489555967,6.578295324568136,2929.2997740963856,0.4560059758950956,2.8200289556739295,0.032885134782663465,0.105,0.0,0.105,0.31319175983489017,3.1929320251822224
4,0.06,mixnet_attribution,26,0.026865224874653894,0.011586111877208895,6.566328343469147,2910.268577415251,0.4255624856450595,2.705961692234038,0.033120662841864434,0.105,0.0,0.105,0.31543488420823274,3.170226408249302
4,0.06,mixnet_attribution,27,0.01743827160493827,0.010967915238196813,6.574237804854237,3000.748611111111,0.4541312158689834,2.7678622507358854,0.03356928615494766,0.105,0.0,0.105,0.31970748718997777,3.1278591839977032
4,0.06,mixnet_attribution,28,0.01541884013501074,0.010975427914743565,6.576653616815001,2983.3447376495856,0.45066459590452723,2.8162088864142434,0.02969319404519835,0.105,0.0,0.105,0.2827923242399843,3.5361638710935313
4,0.06,mixnet_attribution,29,0.0167984934086629,0.011100130849561417,6.568105885987236,2929.040301318267,0.442943010450108,2.765413801194721,0.03230462442794953,0.105,0.0,0.105,0.3076630897899955,3.250308643401389
4,0.06,mixnet_attribution_oracle,0,0.06635393811000984,0.045029977980538774,4.580110373995808,2943.0392676098963,0.44611460075248033,2.789718450032054,0.03156301193792306,0.105,0.0,0.105,0.30060011369450534,3.326678715152725
4,0.06,mixnet_attribution_oracle,1,0.06240521686381559,0.045060385704888274,4.575386050284059,2949.3621474067336,0.4493338498286903,2.7837286085252906,0.03226635204087115,0.105,0.0,0.105,0.30729859086543954,3.2541639621051233
4,0.06,mixnet_attribution_oracle,2,0.05890287769784173,0.044335234588369334,4.580353496445585,2913.891411870504,0.45649027478066273,2.8302506577852027,0.03112558584864916,0.105,0.0,0.105,0.2964341509395158,3.3734304796886887
4,0.06,mixnet_attribution_oracle,3,0.05931681797199569,0.04498817133151428,4.577327114130035,2991.7019541467916,0.4658323664625641,2.8529679416791596,0.03219713179853761,0.105,0.0,0.105,0.3066393504622629,3.261160051677929
4,0.06,mixnet_attribution_oracle,4,0.06271936517625515,0.044651281891129824,4.5795243289071905,2967.602243247368,0.4405484882881865,2.7546668061538164,0.03198617917782722,0.105,0.0,0.105,0.30463027788406877,3.282667786491544
4,0.06,mixnet_attribution_oracle,5,0.06499472812170508,0.04532676264390456,4.576302393753964,2929.4822262388916,0.44733049083151855,2.772170050575422,0.0329101014914828,0.105,0.0,0.105,0.31342953801412193,3.1905097596606984
4,0.06,mixnet_attribution_oracle,6,0.061159770462096044,0.044904615587655655,4.5689132692070675,2936.5147236484445,0.4403346349718049,2.763645260115866,0.03238191449742492,0.105,0.0,0.105,0.30839918568976116,3.2425507147932784
4,0.06,mixnet_attribution_oracle,7,0.06025466120964074,0.04488476314799561,4.57723148891765,2947.5767773230255,0.47033844102406874,2.9088017311083645,0.032962115128122596,0.105,0.0,0.105,0.31392490598212,3.1854751914999584
4,0.06,mixnet_attribution_oracle,8,0.06299152477666642,0.04525591306134879,4.571368345666745,2969.502176070856,0.4496200334688183,2.8025019372647653,0.03256908449293182,0.105,0.0,0.105,0.31018175707554113,3.223916227144402
4,0.06,mixnet_attribution_oracle,9,0.059464893287967835,0.04460834838757126,4.578388660318635,3007.4225177853386,0.43924191998667084,2.739679458929516,0.03258218166656712,0.105,0.0,0.105,0.310306492062544,3.222620298251589
4,0.06,mixnet_attribution_oracle,10,0.05828104921006879,0.04453257266789819,4.583020397427727,2939.3583793181647,0.45500996577902697,2.81544687455036,0.03099451769418739,0.105,0.0,0.105,0.2951858828017847,3.3876958833817037
4,0.06,mixnet_attribution_oracle,11,0.06345502446368084,0.04462819007191655,4.582304562363872,2927.4626270229583,0.43357689114054665,2.7212168320512147,0.031131894240766057,0.105,0.0,0.105,0.29649423086443866,3.3727469066918006
4,0.06,mixnet_attribution_oracle,12,0.05995553170282911,0.044469778371324695,4.586843791156691,2982.178179866595,0.456454058206873,2.8296710293554597,0.030015289519191336,0.105,0.0,0.105,0.28585990018277463,3.4982171314011326
4,0.06,mixnet_attribution_oracle,13,0.06579646353494725,0.04492630851133544,4.5787886802581985,2951.4551111785686,0.4508954376215115,2.7935051604261343,0.03187382178480163,0.105,0.0,0.105,0.30356020747430124,3.294239414053167
4,0.06,mixnet_attribution_oracle,14,0.0609190240981889,0.044779561684528714,4.579326633298387,2910.770318814549,0.4506773197790608,2.787348564498947,0.03252745994019889,0.105,0.0,0.105,0.309785332763799,3.2280417897075417
4,0.06,mixnet_attribution_oracle,15,0.0650959993880517,0.045303754876778214,4.564400046890786,2975.945536602157,0.46690825384575874,2.852684876190912,0.033429072329571125,0.105,0.0,0.105,0.3183721174244869,3.1409785759181155
4,0.06,mixnet_attribution_oracle,16,0.06297437438941911,0.04493837948034166,4.574892153180637,2922.259637784625,0.41494777280604467,2.6427007548514183,0.03177651737156162,0.105,0.0,0.105,0.3026334987767773,3.3043268641506227
4,0.06,mixnet_attribution_oracle,17,0.06612195490997125,0.044796690013720955,4.5797774765074015,2942.439098199425,0.4385178959928453,2.7578642100706947,0.031038809266851115,0.105,0.0,0.105,0.29560770730334396,3.382861729561839
4,0.06,mixnet_attribution_oracle,18,0.06619044000303974,0.04561996227510092,4.572546671807627,2955.171289611673,0.45080203423276544,2.8027099539223777,0.03406776816485796,0.105,0.0,0.105,0.32445493490340915,3.082092125668244
4,0.06,mixnet_attribution_oracle,19,0.06664651654828473,0.04509987738298573,4.57566604392791,2939.7781471966146,0.43807852786267176,2.7708225726351094,0.033102554639387466,0.105,0.0,0.105,0.3152624251370235,3.1719606279288337
4,0.06,mixnet_attribution_oracle,20,0.060291060291060294,0.0451384748395593,4.565194125764258,2994.3730653730654,0.45230373088270426,2.802903984008414,0.03465429011693735,0.105,0.0,0.105,0.3300408582565462,3.0299278861488217
4,0.06,mixnet_attribution_oracle,21,0.07024043550582186,0.04568386322689232,4.567594458989433,2940.9327839104794,0.42569548421306536,2.6955244953179527,0.03366440704138252,0.105,0.0,0.105,0.3206134003941193,3.1190212223529445
4,0.06,mixnet_attribution_oracle,22,0.06057852491291837,0.04469485927075357,4.574428436593031,2944.770255944268,0.46303068444831297,2.854777256224617,0.032202615686383426,0.105,0.0,0.105,0.30669157796555646,3.2606046981580525
4,0.06,mixnet_attribution_oracle,23,0.06215078453884424,0.04495100718112685,4.566773663336394,2975.7876769996174,0.4412645637639798,2.754556094019522,0.034211544498886234,0.105,0.0,0.105,0.32582423332272603,3.0691394246587813
4,0.06,mixnet_attribution_oracle,24,0.05848535949716388,0.04453767451036007,4.5796420464806955,2980.9085543461597,0.43341250269440934,2.7248617469355523,0.031493833679167346,0.105,0.0,0.105,0.29994127313492713,3.3339859818163635
4,0.06,mixnet_attribution_oracle,25,0.06287151348879744,0.045578880200532745,4.5618011518792345,2963.35627190977,0.4330591843172442,2.7169682081967004,0.03469252604104323,0.105,0.0,0.105,0.33040500991469746,3.026588489860295
4,0.06,mixnet_attribution_oracle,26,0.058991508228751786,0.04450358435268735,4.575811566400754,2923.2997670399036,0.4598693973675836,2.8541274695571115,0.032332637595235574,0.105,0.0,0.105,0.3079298818593864,3.2474925588957344
4,0.06,mixnet_attribution_oracle,27,0.06718976156014321,0.04534138788813078,4.569920913549896,2963.1816866001373,0.45108632373739965,2.7872682000992297,0.033586723033003384,0.105,0.0,0.105,0.31987355269527035,3.1262353250962787
4,0.06,mixnet_attribution_oracle,28,0.0580650083931024,0.04510669350229817,4.56752461808525,2967.573630398291,0.45904165657702833,2.8267107216719918,0.0345787859824952,0.105,0.0,0.105,0.329321771261859,3.0365438524404555
4,0.06,mixnet_attribution_oracle,29,0.06071294559099437,0.044716202628311635,4.578198169099584,2918.143114446529,0.43866695967153646,2.749703137607492,0.032610922408574154,0.105,0.0,0.105,0.310580213414992,3.219780130242287
4,0.12,mixnet_attribution,0,0.014423803050898656,0.010411184587188612,6.620712649260318,2937.4074913155114,0.6348855005635414,3.499180757202428,0.033472315733153075,0.21,0.0,0.21,0.1593919796816813,6.273841394009165
4,0.12,mixnet_attribution,1,0.011642755201682566,0.010323975630314649,6.625433331078151,2921.3694133553668,0.6305396026873495,3.515026598615604,0.03163990029249883,0.21,0.0,0.21,0.15066619186904204,6.637189057444239
4,0.12,mixnet_attribution,2,0.016743344143600573,0.010674968115995742,6.601882190462305,2933.050833396184,0.6844049338251352,3.678833133408019,0.03331937016125747,0.21,0.0,0.21,0.15866366743455937,6.302640145466502
4,0.12,mixnet_attribution,3,0.016630736064059133,0.010573047655483251,6.610558598665991,2993.6918694179244,0.6453242658171803,3.5484760726518165,0.03520373810962371,0.21,0.0,0.21,0.1676368481410653,5.965275600734909
4,0.12,mixnet_attribution,4,0.012824450929196743,0.010314354991436054,6.623051977225754,2986.73729073875,0.6513787784497254,3.641322266679676,0.03179833769831485,0.21,0.0,0.21,0.1514206557062612,6.60411880622077
4,0.12,mixnet_attribution,5,0.01670161773517076,0.010447848869677936,6.617705360032037,2912.6539844218096,0.6374540919205174,3.4869862276205255,0.035291198234969984,0.21,0.0,0.21,0.1680533249284285,5.950492204934866
4,0.12,mixnet_attribution,6,0.015416853764406525,0.010360452526243541,6.620362249013614,2911.1189193234545,0.6216182963398751,3.448778998150781,0.03108704631596799,0.21,0.0,0.21,0.14803355388556186,6.755225242873351
4,0.12,mixnet_attribution,7,0.016301463340662674,0.010431805547630141,6.6204998158891755,2949.731063765259,0.6466316508012824,3.5485823610749163,0.035104050672734186,0.21,0.0,0.21,0.16716214606063898,5.982215612601937
4,0.12,mixnet_attribution,8,0.012969386216256975,0.010399190131421574,6.617631809548286,2931.94917810285,0.6409028276102617,3.5438429061741177,0.03552873138600047,0.21,0.0,0.21,0.1691844351714308,5.910709214986133
4,0.12,mixnet_attribution,9,0.012164525203375656,0.010290470877378256,6.626965785263335,2956.3758078005017,0.6279224817990325,3.4773585370236497,0.030926648656501562,0.21,0.0,0.21,0.1472697555071503,6.7902604751146445
4,0.12,mixnet_attribution,10,0.014487314217084522,0.010342936040496464,6.623670469386333,2919.7916979432516,0.6524282389436848,3.590416042686862,0.034862835198149464,0.21,0.0,0.21,0.16601350094356887,6.023606479691787
4,0.12,mixnet_attribution,11,0.013527811366384522,0.01035626769077258,6.6246208803739695,2939.8142382103993,0.638008108275244,3.501259118598187,0.03249473925821008,0.21,0.0,0.21,0.1547368536105242,6.462584553496352
4,0.12,mixnet_attribution,12,0.013147952244219436,0.010319587548754621,6.62283669009497,2938.1721323862776,0.6454604032624047,3.5295266728836974,0.03237722580212726,0.21,0.0,0.21,0.15417726572441554,6.486040567014932
4,0.12,mixnet_attribution,13,0.01564839772386942,0.010315112361252632,6.624227772262998,2912.2181042228212,0.6347389462462161,3.5629667405881302,0.031869967159831536,0.21,0.0,0.21,0.15176174838015016,6.589275694788951
4,0.12,mixnet_attribution,14,0.018426485205290926,0.010430069667402236,6.621687591266306,2973.2698218518235,0.6758297180640511,3.678233580392347,0.033672788475169295,0.21,0.0,0.21,0.16034661178652046,6.236489744674886
4,0.12,mixnet_attribution,15,0.014303011957015287,0.010451632851673257,6.6151011772896045,2942.7310428333585,0.6396576142578851,3.5607480905685036,0.031730706105800734,0.21,0.0,0.21,0.15109860050381302,6.618194984372239
4,0.12,mixnet_attribution,16,0.019881620883290332,0.010357880473394428,6.624314322162768,2951.84587949613,0.6362839749490377,3.5566992783064557,0.03136162607618074,0.21,0.0,0.21,0.1493410765532416,6.696081366759732
4,0.12,mixnet_attribution,17,0.01471721374633996,0.010355239826932223,6.621241801366835,2996.5436122669134,0.6295894910290372,3.52442382088262,0.03108580205069291,0.21,0.0,0.21,0.1480276288128234,6.7554956329434335
4,0.12,mixnet_attribution,18,0.012702946482260974,0.010352153288376327,6.6219609935351516,2923.6629585087194,0.6392010897689033,3.5666859917468914,0.03098006317238136,0.21,0.0,0.21,0.14752411034467316,6.778552994921405
4,0.12,mixnet_attribution,19,0.015043846386452979,0.010553584914471545,6.6122393492021345,2940.496749319625,0.6564017141063232,3.6231109155982266,0.03278607846822492,0.21,0.0,0.21,0.15612418318202342,6.405157609914354
4,0.12,mixnet_attribution,20,0.013871763255240444,0.01043981839389262,6.617757158218974,2996.5186498150433,0.6282104600977618,3.4905992104762325,0.032343948317754424,0.21,0.0,0.21,0.1540188015131163,6.492713812701883
4,0.12,mixnet_attribution,21,0.0159015901590159,0.010392754178431876,6.621712492289591,2917.0430543054304,0.6609309890482109,3.65656560584473,0.03326056900038818,0.21,0.0,0.21,0.15838366190661038,6.313782545257993
4,0.12,mixnet_attribution,22,0.015266595777001367,0.010366496019360556,6.623522651181157,2954.157678869816,0.6413738058472518,3.550258578968368,0.03208462340211566,0.21,0.0,0.21,0.15278392096245552,6.545191363728227
4,0.12,mixnet_attribution,23,0.01455604075691412,0.010331025401922765,6.623838802341135,2979.037386041523,0.6583070742199197,3.638029050780361,0.032687956116463565,0.21,0.0,0.21,0.15565693388792173,6.424384542483882
4,0.12,mixnet_attribution,24,0.014772727272727272,0.010418225695948793,6.618193457798165,2946.1629545454543,0.6368064580019563,3.540950138452249,0.031076689881824847,0.21,0.0,0.21,0.14798423753249929,6.757476449344052
4,0.12,mixnet_attribution,25,0.013526715262643721,0.010344665577933896,6.622458564960547,2922.099346208762,0.6321320325951092,3.5514987338020894,0.033448334130228165,0.21,0.0,0.21,0.15927778157251507,6.278339578359369
4,0.12,mixnet_attribution,26,0.013658461301026313,0.010362773470285892,6.625177772218715,3000.7811559533916,0.6405258747399785,3.6073457819438692,0.031202456858588558,0.21,0.0,0.21,0.14858312789804076,6.730239254932163
4,0.12,mixnet_attribution,27,0.015121429662440813,0.010369622674519359,6.6207427663371785,2969.70543760501,0.6304769504931755,3.5122981458442983,0.03209696548782442,0.21,0.0,0.21,0.1528426927991639,6.5426745740079655
4,0.12,mixnet_attribution,28,0.013888888888888888,0.010465527895399195,6.617799935298954,2951.851320582878,0.6576007191906683,3.624754250035825,0.033272561348712225,0.21,0.0,0.21,0.15844076832720108,6.311506883978675
4,0.12,mixnet_attribution,29,0.013354700854700854,0.010340943988450587,6.621947466796257,2967.306394993895,0.648430429137079,3.549450573075274,0.03418872038845888,0.21,0.0,0.21,0.16280343042123277,6.142376714130836
4,0.12,mixnet_attribution_oracle,0,0.05591186901079001,0.041280208603486176,4.646790887840048,2934.7253452048594,0.6445254501013551,3.590797794782321,0.03098907895157639,0.21,0.0,0.21,0.14756704262655423,6.776580882837677
4,0.12,mixnet_attribution_oracle,1,0.048984559215030046,0.041824430806634484,4.631590847549294,2957.8295428614892,0.6390597629651893,3.5319376089605763,0.03509195665177911,0.21,0.0,0.21,0.16710455548466244,5.984277311289603
4,0.12,mixnet_attribution_oracle,2,0.052157598499061916,0.041620181202447024,4.635434595025341,2918.769080675422,0.6515353102295194,3.6085081380480055,0.03408977392851907,0.21,0.0,0.21,0.16233225680247176,6.160205123106336
4,0.12,mixnet_attribution_oracle,3,0.04969084602624039,0.04153760264016961,4.641746166899244,2932.852360126678,0.6383506373676937,3.537433093818387,0.03273112083523723,0.21,0.0,0.21,0.15586248016779633,6.415912276793192
4,0.12,mixnet_attribution_oracle,4,0.057700976709241174,0.04148382780213539,4.64406234825475,2922.2095416979714,0.6477173909952398,3.5698070144158014,0.03230710549860041,0.21,0.0,0.21,0.1538433595171448,6.500118062545019
4,0.12,mixnet_attribution_oracle,5,0.05053011504624408,0.041523751890981724,4.634639110316339,2923.725392886683,0.637074116646545,3.526570103329332,0.03525158081692682,0.21,0.0,0.21,0.1678646705567944,5.957179653604751
4,0.12,mixnet_attribution_oracle,6,0.05395956832345341,0.041502572715908875,4.642036109827394,2955.8635050919593,0.6342743972782046,3.5404613432037655,0.030406965347551124,0.21,0.0,0.21,0.14479507308357678,6.9063123399426205
4,0.12,mixnet_attribution_oracle,7,0.050245561012466945,0.041232156662367674,4.64498646896312,2937.8797128825086,0.6143640422960743,3.4322248972287452,0.03055705855291039,0.21,0.0,0.21,0.1455098026329066,6.872389226743772
4,0.12,mixnet_attribution_oracle,8,0.05358925143953935,0.04168187118588722,4.637437967628116,2986.080537428023,0.6299540457548574,3.5497858727066616,0.03244779850363935,0.21,0.0,0.21,0.15451332620780645,6.47193368069166
4,0.12,mixnet_attribution_oracle,9,0.04934665641813989,0.04155501755215466,4.634991345433962,2989.903996925442,0.6305222047085408,3.5379343240536043,0.03360600534899805,0.21,0.0,0.21,0.16002859689999072,6.248883133212412
4,0.12,mixnet_attribution_oracle,10,0.051605504587155966,0.04168436531598532,4.636916443634951,2972.3731651376147,0.6407693328510504,3.5581467473849395,0.035117092499782496,0.21,0.0,0.21,0.16722424999896426,5.979993930343198
4,0.12,mixnet_attribution_oracle,11,0.0501687634243633,0.04148563364877648,4.639165771405162,2983.309911015649,0.6351636250328738,3.450215893988964,0.03257060947548274,0.21,0.0,0.21,0.1550981403594416,6.447530561504408
4,0.12,mixnet_attribution_oracle,12,0.048239012642986155,0.04128808082855242,4.642769128209674,2926.5504966887415,0.6457712905830704,3.5426854688249754,0.030429434030570326,0.21,0.0,0.21,0.14490206681223966,6.901212812207669
4,0.12,mixnet_attribution_oracle,13,0.05250267870809735,0.04144011590819302,4.642494140680576,2976.3500688810655,0.630515948694665,3.541576030762308,0.03156507676206558,0.21,0.0,0.21,0.15030988934316944,6.652922202057646
4,0.12,mixnet_attribution_oracle,14,0.05182622068435217,0.041354732378286,4.641631382141634,2990.9265667051136,0.6327535107266158,3.5444767374498434,0.031607536228077694,0.21,0.0,0.21,0.15051207727656046,6.643985108002572
4,0.12,mixnet_attribution_oracle,15,0.04908952959028832,0.04150050754953992,4.637131508068601,2950.530273141123,0.6278174157487229,3.499124259891559,0.03314837029297475,0.21,0.0,0.21,0.15784938234749882,6.335153075217879
4,0.12,mixnet_attribution_oracle,16,0.047769028871391075,0.041507743684991,4.638317825131699,2916.1673790776154,0.6214753081731033,3.509949831045395,0.03515203216436932,0.21,0.0,0.21,0.16739062935413965,5.974050063963569
4,0.12,mixnet_attribution_oracle,17,0.049913423172476094,0.04144524015529961,4.638708583982616,2928.429646917112,0.6574605428613722,3.5797078971055036,0.03276524274315533,0.21,0.0,0.21,0.1560249654435968,6.4092307096937065
4,0.12,mixnet_attribution_oracle,18,0.05182950413862458,0.04135091727466202,4.643340893139454,3008.737835538021,0.6354490570665803,3.5308911597736246,0.03247106515229057,0.21,0.0,0.21,0.15462411977281224,6.467296314891173
4,0.12,mixnet_attribution_oracle,19,0.04910885030214947,0.0411828068823446,4.644918147691229,2974.890155281879,0.6389303756586742,3.591660656780801,0.03226852814051183,0.21,0.0,0.21,0.1536596578119611,6.507889020706634
4,0.12,mixnet_attribution_oracle,20,0.048022810835146694,0.04149600682865784,4.637815755673622,2918.358595332783,0.6372063622693531,3.5269031796662205,0.034086352749828255,0.21,0.0,0.21,0.16231596547537266,6.160823410508714
4,0.12,mixnet_attribution_oracle,21,0.05121416143429911,0.041272768557598226,4.640604311255889,2941.8094409561995,0.6457823289965745,3.580239739767281,0.031000321729242337,0.21,0.0,0.21,0.14762057966305875,6.774123244079393
4,0.12,mixnet_attribution_oracle,22,0.0478759784178129,0.0413470549838013,4.642413857315234,2955.684398510525,0.6442323706869502,3.5506450079184573,0.0321171135464376,0.21,0.0,0.21,0.15293863593541715,6.53857015190249
4,0.12,mixnet_attribution_oracle,23,0.04887416221100987,0.04144754878156141,4.64210146469959,2927.9811732811204,0.6641206256463192,3.6127378265538983,0.03384766383412911,0.21,0.0,0.21,0.161179351591091,6.204268661763705
4,0.12,mixnet_attribution_oracle,24,0.051737275220969214,0.04147942252739039,4.6418243770511145,2964.210149344712,0.640260139509337,3.5097577883982627,0.0313678069925063,0.21,0.0,0.21,0.14937050948812522,6.69476192741713
4,0.12,mixnet_attribution_oracle,25,0.051327828609685336,0.0412701173412255,4.645870413781492,2892.9362493491035,0.6402925700531341,3.530780044593989,0.03156890769552463,0.21,0.0,0.21,0.15032813188345062,6.652114860146734
4,0.12,mixnet_attribution_oracle,26,0.05108277371161247,0.04116089577799469,4.647292434047384,2934.4946804497094,0.6814728576573543,3.7204436936840963,0.029936399626815696,0.21,0.0,0.21,0.1425542839372176,7.014871615085314
4,0.12,mixnet_attribution_oracle,27,0.04779383650684408,0.04105874292044154,4.647442525463138,2974.007111722872,0.6330639867228456,3.4911178370693756,0.030062068963354862,0.21,0.0,0.21,0.14315270934930888,6.985547144342804
4,0.12,mixnet_attribution_oracle,28,0.053061224489795916,0.04174613418550845,4.633502076485189,2939.867649281935,0.6507045147882309,3.5572607987418485,0.03552829813927431,0.21,0.0,0.21,0.1691823720917824,5.910781292613004
4,0.12,mixnet_attribution_oracle,29,0.054346996412487594,0.041425729260348,4.639059317064296,2968.464163040989,0.6371655759867281,3.521015004884769,0.03258952603629879,0.21,0.0,0.21,0.15518821922047044,6.443788098240468
4,0.25,mixnet_attribution,0,0.010897729004724889,0.010100468601770838,6.641996764880351,2963.9429202865417,1.088150318217231,5.242075471670756,0.03356862403162125,0.4375,0.0,0.4375,0.07672828350084858,13.03300366401316
4,0.25,mixnet_attribution,1,0.011072612232600181,0.010095081296515358,6.643742652957701,2929.8139499849353,1.056962964561535,5.227914759873688,0.034194027097751135,0.4375,0.0,0.4375,0.07815777622343116,12.794632195538425
4,0.25,mixnet_attribution,2,0.012252521479267838,0.010111282069579782,6.64132673668551,2905.662756817333,1.0749883992830291,5.317429068470585,0.0322213820064387,0.4375,0.0,0.4375,0.07364887315757417,13.577940260680803
4,0.25,mixnet_attribution,3,0.012496213268706452,0.010095159403071815,6.643709762798848,2945.6752499242652,1.0710013045172673,5.256628039601117,0.032373633284945226,0.4375,0.0,0.4375,0.0739968760798748,13.51408401241919
4,0.25,mixnet_attribution,4,0.011892137554915921,0.010071356239740556,6.644586699270136,2945.383426753522,1.083456017629942,5.267363857911315,0.03088509745356953,0.4375,0.0,0.4375,0.07059450846530178,14.16540778793742
4,0.25,mixnet_attribution,5,0.013042822677925212,0.010117431885260255,6.641287231942704,2932.340998190591,1.0822518528439105,5.305416768751682,0.033394487880941355,0.4375,0.0,0.4375,0.07633025801358025,13.100964493295512
4,0.25,mixnet_attribution,6,0.010920319325199579,0.010111649430594833,6.642184922082265,2928.6537129085705,1.0505731032171752,5.176771753089239,0.030517914492971466,0.4375,0.0,0.4375,0.06975523312679192,14.335841988834458
4,0.25,mixnet_attribution,7,0.01328345675242385,0.01009152080321277,6.643570069146547,2969.1759676311167,1.0707203901547473,5.246018562663312,0.03226732670679205,0.4375,0.0,0.4375,0.07375388961552468,13.558606945517719
4,0.25,mixnet_attribution,8,0.015494267121165169,0.010119833077570967,6.642779164442217,3013.4192748682985,1.0533833462977782,5.219256381913335,0.033611525992868416,0.4375,0.0,0.4375,0.07682634512655638,13.016368256913635
4,0.25,mixnet_attribution,9,0.01109768986863959,0.01008659206386842,6.64295498079842,2935.773667522271,1.0544991901842877,5.208430823812694,0.03200050580118425,0.4375,0.0,0.4375,0.07314401325984972,13.671658901835524
4,0.25,mixnet_attribution,10,0.010361518680986235,0.010104452985699255,6.642686291198844,2940.891014975042,1.0847244053147733,5.3226880019253215,0.032571020357857694,0.4375,0.0,0.4375,0.07444804653224615,13.432185887736672
4,0.25,mixnet_attribution,11,0.010307704054363594,0.010076920276504645,6.643388929041565,2969.573642818966,1.0772422738955356,5.292732941830714,0.0302903733207154,0.4375,0.0,0.4375,0.06923513901877806,14.443532780786047
4,0.25,mixnet_attribution,12,0.01208671241422333,0.01009710619893024,6.64282080969744,3032.1099500935748,1.0685124968003947,5.207777213185474,0.034635239279118796,0.4375,0.0,0.4375,0.07916626120941439,12.631643641156073
4,0.25,mixnet_attribution,13,0.01417004048582996,0.0101297306236527,6.640288334247692,2916.016644174539,1.0745807340717874,5.292867291391327,0.035251430532574374,0.4375,0.0,0.4375,0.08057469836016999,12.410843854853622
4,0.25,mixnet_attribution,14,0.012380880918436258,0.010110441955472742,6.6418156256723595,2918.4615442335107,1.039713353588013,5.107835146805046,0.031597787940700985,0.4375,0.0,0.4375,0.07222351529303082,13.845905948259688
4,0.25,mixnet_attribution,15,0.011098612673415824,0.010120275265206275,6.640499671953916,2916.4254968128985,1.066466948192101,5.230513670680883,0.03404513650657664,0.4375,0.0,0.4375,0.07781745487217517,12.850587334713325
4,0.25,mixnet_attribution,16,0.012051822838204279,0.010160061418548461,6.637975175576274,2929.189966857487,1.067330689751543,5.225314788862983,0.03405813571590611,0.4375,0.0,0.4375,0.07784716735064254,12.845682560237
4,0.25,mixnet_attribution,17,0.015500916310323763,0.010063871351785238,6.6464833129730065,2969.474496029322,1.050504729471868,5.182554936082046,0.028784991719071267,0.4375,0.0,0.4375,0.0657942667864486,15.198892682332712
4,0.25,mixnet_attribution,18,0.010718934231682107,0.010093733603573081,6.643218902366695,2977.7610443304493,1.044279057357926,5.223559145082258,0.0306098630468721,0.4375,0.0,0.4375,0.06996540124999337,14.292778746839456
4,0.25,mixnet_attribution,19,0.010176547683293501,0.010093997505866174,6.642815083911813,2998.567959293809,1.077090870385291,5.2500791296529785,0.03337399400424578,0.4375,0.0,0.4375,0.0762834148668475,13.109009366524786
4,0.25,mixnet_attribution,20,0.011623518756132538,0.010105501350517505,6.64362300990812,2935.0383425164164,1.0553479336958844,5.215071646276201,0.032838775839981335,0.4375,0.0,0.4375,0.07506005906281447,13.322664709911082
4,0.25,mixnet_attribution,21,0.012113460236250094,0.010088403252034809,6.643591892556495,2925.7819577157475,1.0606473913940135,5.176867193887402,0.03256614345249891,0.4375,0.0,0.4375,0.07443689931999752,13.434197409286089
4,0.25,mixnet_attribution,22,0.011770031688546853,0.01011093751083206,6.642523567826442,2934.132186509733,1.0652640198532026,5.262210261248359,0.032370218726146906,0.4375,0.0,0.4375,0.07398907137405007,13.515509539841672
4,0.25,mixnet_attribution,23,0.011742133537989256,0.010082316534025092,6.644891696729675,2985.111358403684,1.0596919209347107,5.247059292803903,0.030864770158808372,0.4375,0.0,0.4375,0.07054804607727629,14.174737014043295
4,0.25,mixnet_attribution,24,0.01249808311608649,0.010113866802569142,6.642910078835564,2982.6103358380615,1.0625541808258276,5.147926972716547,0.03511092501556955,0.4375,0.0,0.4375,0.08025354289273039,12.460509081033766
4,0.25,mixnet_attribution,25,0.011213669997711496,0.010107705693296656,6.641626193883864,2966.6301014570145,1.073528169596102,5.301884592051498,0.033051913084927394,0.4375,0.0,0.4375,0.07554722990840547,13.236752707047156
4,0.25,mixnet_attribution,26,0.014718218561732633,0.010116657245448255,6.6413837231281425,2966.500724471898,1.0745158226927742,5.235222933748319,0.034686563861390955,0.4375,0.0,0.4375,0.07928357454032219,12.61295300821002
4,0.25,mixnet_attribution,27,0.011176559432109953,0.010091875616401834,6.641601914370573,2936.1384231989127,1.0571709368086886,5.198407250831168,0.03003779633268185,0.4375,0.0,0.4375,0.06865782018898708,14.564983234938223
4,0.25,mixnet_attribution,28,0.012110726643598616,0.010117513190290427,6.64095539336915,2924.9707386791033,1.0664943546289578,5.254624165544051,0.032776084318959474,0.4375,0.0,0.4375,0.07491676415762165,13.348147257081779
4,0.25,mixnet_attribution,29,0.012113682248796397,0.01011726692316063,6.642360923300176,3020.5828544805095,1.0731881557148881,5.208381155608318,0.03175361696553752,0.4375,0.0,0.4375,0.07257969592122862,13.777957971679967
4,0.25,mixnet_attribution_oracle,0,0.05085266554002151,0.04050234684679129,4.660981837095385,2988.274542940544,1.0620306085620541,5.2127475020573995,0.033847185491421364,0.4375,0.0,0.4375,0.07736499540896312,12.925742381471725
4,0.25,mixnet_attribution_oracle,1,0.04442408976414014,0.04028379775235975,4.665229390848212,2968.9163422639494,1.067918297892902,5.262879296915577,0.035299182059075784,0.4375,0.0,0.4375,0.08068384470645894,12.394054889651876
4,0.25,mixnet_attribution_oracle,2,0.04625235404896422,0.04049770322971055,4.659660550835456,2929.269755178908,1.0472876772109885,5.162108526128635,0.03315374764185332,0.4375,0.0,0.4375,0.07577999460995044,13.196094894795532
4,0.25,mixnet_attribution_oracle,3,0.04454022988505747,0.04046530045614773,4.659790698184818,2941.7765426497276,1.0642312672862317,5.3082807206592415,0.03469417562182191,0.4375,0.0,0.4375,0.07930097284987865,12.610185777834758
4,0.25,mixnet_attribution_oracle,4,0.046194225721784776,0.04034691060075713,4.661699211018594,2916.4503187101614,1.0828264341689646,5.3203398549059,0.03306290627357018,0.4375,0.0,0.4375,0.07557235719673185,13.23235157792915
4,0.25,mixnet_attribution_oracle,5,0.04501364049712034,0.0402582252513014,4.665208926797623,2946.702258260079,1.0659305537701584,5.312507630254101,0.03345729107040299,0.4375,0.0,0.4375,0.07647380816092111,13.076372473772137
4,0.25,mixnet_attribution_oracle,6,0.04643727161997564,0.0405980694788412,4.6572339478725135,2960.1109165651646,1.0665546216478106,5.2281791877666475,0.03429665618560634,0.4375,0.0,0.4375,0.07839235699567162,12.756345622510294
4,0.25,mixnet_attribution_oracle,7,0.04476032058067443,0.040354043229639584,4.663200078300931,2940.5274459398156,1.0679774585878477,5.2474530078388915,0.03292070036994325,0.4375,0.0,0.4375,0.07524731513129886,13.289510705532848
4,0.25,mixnet_attribution_oracle,8,0.05005671077504726,0.04049670272487423,4.659437792011065,2940.4434782608696,1.074770038423594,5.313746918357271,0.033700281799984355,0.4375,0.0,0.4375,0.07702921554282138,12.982087289258308
4,0.25,mixnet_attribution_oracle,9,0.04584286803966438,0.04039209658085343,4.662117183692467,2967.0039664378337,1.066433451807825,5.222617022650524,0.03379487159212244,0.4375,0.0,0.4375,0.07724542078199415,12.945751215754907
4,0.25,mixnet_attribution_oracle,10,0.04323507180650038,0.04046006467234526,4.660155726562441,2939.396900982615,1.0492467639851384,5.21277339144329,0.031803415182584734,0.4375,0.0,0.4375,0.07269352041733654,13.756384258995276
4,0.25,mixnet_attribution_oracle,11,0.040501299098272964,0.040382598953075256,4.661097650244832,2972.1691884456673,1.0684364209300838,5.269731910677041,0.029886234822609773,0.4375,0.0,0.4375,0.06831139388025091,14.638846365117194
4,0.25,mixnet_attribution_oracle,12,0.04751751446847396,0.04040872571168666,4.662942556863705,2961.740100517819,1.0634600589692127,5.1442121300815025,0.032921628053098236,0.4375,0.0,0.4375,0.07524943554993882,13.289136226627988
4,0.25,mixnet_attribution_oracle,13,0.043067623724971665,0.040423307831662335,4.662397906209487,2938.2114091424255,1.0832846496487036,5.333804313183109,0.033258529397260046,0.4375,0.0,0.4375,0.07601949576516583,13.154520296860834
4,0.25,mixnet_attribution_oracle,14,0.04318655047428087,0.040339697241395536,4.663421379889336,2999.3404796791856,1.0698302068049088,5.275999515157322,0.03311885106295838,0.4375,0.0,0.4375,0.07570023100104772,13.209999319370104
4,0.25,mixnet_attribution_oracle,15,0.049486887115165336,0.04036018344819699,4.662428454084008,2955.5178259217028,1.0738816903030965,5.262712975235945,0.03023919269027802,0.4375,0.0,0.4375,0.06911815472063547,14.467978840607653
4,0.25,mixnet_attribution_oracle,16,0.044471244441094446,0.04027332165906734,4.664176833599788,2930.6363156704606,1.0571546533028595,5.235677676920785,0.03284523101051299,0.4375,0.0,0.4375,0.0750748137383154,13.320046367156513
4,0.25,mixnet_attribution_oracle,17,0.04484922700137762,0.04028489137653924,4.664638651981079,2976.258380529619,1.0678790261154063,5.296223972881221,0.037774827122047966,0.4375,0.0,0.4375,0.08634246199325249,11.581786955277558
4,0.25,mixnet_attribution_oracle,18,0.04518501838925167,0.040438595420913506,4.660204793130513,2919.5894318096525,1.0646421861019917,5.3088428772627685,0.033050745305559806,0.4375,0.0,0.4375,0.07554456069842241,13.237220400182734
4,0.25,mixnet_attribution_oracle,19,0.042892995665069586,0.04054982113832624,4.657573987665254,2957.5900828960375,1.0804722901666537,5.2964611011130645,0.03326561161004917,0.4375,0.0,0.4375,0.07603568368011239,13.15171971369485
4,0.25,mixnet_attribution_oracle,20,0.04682325760492877,0.040464134128467485,4.658970162386354,2994.7221409318445,1.0641815793933347,5.252932416627179,0.035272500279174564,0.4375,0.0,0.4375,0.08062285778097043,12.403430336303856
4,0.25,mixnet_attribution_oracle,21,0.04532956825444007,0.0403858836837279,4.6621488489086635,2890.155383815115,1.0591069453803357,5.259170831066804,0.030952586661551512,0.4375,0.0,0.4375,0.07074876951211774,14.134521446747163
4,0.25,mixnet_attribution_oracle,22,0.04522235576923077,0.04038761988701552,4.663682557484348,2921.4300631009614,1.077858226315584,5.354573437901948,0.03498871622785111,0.4375,0.0,0.4375,0.07997420852080253,12.504031218263128
4,0.25,mixnet_attribution_oracle,23,0.04315781475571765,0.040374853759489064,4.662684548893979,2954.7032900235545,1.068943761230912,5.292516399768128,0.03217229370399366,0.4375,0.0,0.4375,0.07353667132341409,13.598657404575777
4,0.25,mixnet_attribution_oracle,24,0.042038605325398645,0.04034771494084672,4.662969814250914,2966.945906767376,1.0562605271989014,5.186605498439311,0.03342493011608711,0.4375,0.0,0.4375,0.07639984026534197,13.089032601729668
4,0.25,mixnet_attribution_oracle,25,0.044984802431610946,0.04045875919547246,4.658991962495065,2954.7798632218846,1.0591160126496106,5.177611727038593,0.031624550621054674,0.4375,0.0,0.4375,0.07228468713383926,13.834188673300092
4,0.25,mixnet_attribution_oracle,26,0.04664700990398427,0.040332574222871564,4.663899633017146,2940.571331367657,1.060811476840172,5.281164401873878,0.0332354799653294,0.4375,0.0,0.4375,0.07596681134932434,13.163643204683412
4,0.25,mixnet_attribution_oracle,27,0.04438740846984223,0.040463968372440054,4.660863263246331,2936.3880878689515,1.0647844020859338,5.257131545579071,0.034142042902379065,0.4375,0.0,0.4375,0.07803895520543787,12.81411312295886
4,0.25,mixnet_attribution_oracle,28,0.04741048102043953,0.04032927448359599,4.663113739385847,2988.2688642999847,1.088302975113038,5.265996334482345,0.03312467633047922,0.4375,0.0,0.4375,0.07571354589823821,13.207676224067443
4,0.25,mixnet_attribution_oracle,29,0.04979190314037079,0.04040828796455148,4.663503561269627,2942.706999621642,1.060410354490159,5.227567808106267,0.03612590734821491,0.4375,0.0,0.4375,0.0825735025102055,12.110422467260694
4,0.5,mixnet_attribution,0,0.00998171289241085,0.010013898846983848,6.650667996625494,2963.6411917098444,1.8914759937324561,8.447727449132483,0.031565146769625275,0.875,0.0,0.875,0.03607445345100031,27.720447694607298
4,0.5,mixnet_attribution,1,0.011279333838001514,0.010025739217046775,6.649371527355957,2944.276003028009,1.876433830766473,8.43644118370792,0.03073593958315532,0.875,0.0,0.875,0.03512678809503465,28.46830166465903
4,0.5,mixnet_attribution,2,0.010367434060070133,0.010028634313541817,6.648291426647337,2964.666641256289,1.8743892454658635,8.444447539040638,0.0329072438316295,0.875,0.0,0.875,0.03760827866471943,26.589890191866363
4,0.5,mixnet_attribution,3,0.011754891551645686,0.010020663329360711,6.649421892569064,2949.6381010162295,1.8864747645275202,8.550284608422007,0.03330492149238563,0.875,0.0,0.875,0.03806276741986929,26.272393411888025
4,0.5,mixnet_attribution,4,0.009906890130353818,0.010012247099980477,6.650053372074097,2897.3301303538174,1.8823267688276246,8.412662116505192,0.031044625723430253,0.875,0.0,0.875,0.03547957225534886,28.18523269680178
4,0.5,mixnet_attribution,5,0.010709095081465616,0.010027778112530378,6.64866581652545,2974.9673372600014,1.8698816026153509,8.436656413218465,0.03269554884034388,0.875,0.0,0.875,0.03736634153182158,26.76205266572295
4,0.5,mixnet_attribution,6,0.010647010647010647,0.010043222691049729,6.646729909700406,2895.239222693768,1.8743166778876912,8.393758391912417,0.03394667752551668,0.875,0.0,0.875,0.038796202886304774,25.775718384878438
4,0.5,mixnet_attribution,7,0.011635814129202872,0.010058621096362914,6.645126355575141,2939.120211560257,1.881582206551684,8.492153257864942,0.0370515172864328,0.875,0.0,0.875,0.04234459118449463,23.615767020704435
4,0.5,mixnet_attribution,8,0.012288200274767212,0.010008262340955972,6.65069790551143,2969.1400549534424,1.8628246562730055,8.303183968841441,0.031907489753779016,0.875,0.0,0.875,0.036465702575747445,27.423028472378274
4,0.5,mixnet_attribution,9,0.010455337525570119,0.01005291869810181,6.645022947003966,2946.339419653004,1.869683461758541,8.326533634734357,0.03413931179589874,0.875,0.0,0.875,0.03901635633816999,25.630276475143134
4,0.5,mixnet_attribution,10,0.011934064294771387,0.010025121924270183,6.648740281447862,2901.3830088759605,1.8683073607098777,8.489602389206238,0.03143651669271784,0.875,0.0,0.875,0.03592744764882039,27.83387258050415
4,0.5,mixnet_attribution,11,0.00782122905027933,0.01004096824165501,6.6466865254526315,2897.607001862197,1.8879992185393348,8.574657232612687,0.030853024311658567,0.875,0.0,0.875,0.03526059921332408,28.360266765464544
4,0.5,mixnet_attribution,12,0.01235307329490155,0.010042261435789627,6.647437946771403,2911.1763120461183,1.8853103392757475,8.363981349832871,0.034989839815544495,0.875,0.0,0.875,0.03998838836062228,25.007259381944206
4,0.5,mixnet_attribution,13,0.010379302449820651,0.010019777004056877,6.64875361834795,2967.622529191788,1.8817964090267196,8.604419611488197,0.03140801445743835,0.875,0.0,0.875,0.035894873665643826,27.859131343235042
4,0.5,mixnet_attribution,14,0.01333636432522543,0.010048587712933224,6.646598992508911,2946.3844055467152,1.8871382675133646,8.426409218359236,0.03292728791017969,0.875,0.0,0.875,0.0376311861830625,26.5737039256576
4,0.5,mixnet_attribution,15,0.010594823671863176,0.010020554962943433,6.649185954265148,2943.379370364765,1.8618207879771944,8.402705888730857,0.030612293080212943,0.875,0.0,0.875,0.03498547780595765,28.58328834456309
4,0.5,mixnet_attribution,16,0.010639112131649446,0.010033579911415133,6.647230957276058,2977.2341370072713,1.8727240966982208,8.454728247729616,0.031755668096275634,0.875,0.0,0.875,0.0362921921100293,27.554136078863404
4,0.5,mixnet_attribution,17,0.01213445884835695,0.010030274379347837,6.6489635174461075,2931.2518842327404,1.8818254818033893,8.497344190447102,0.03600729727740612,0.875,0.0,0.875,0.04115119688846414,24.300629765651575
4,0.5,mixnet_attribution,18,0.010990676874099901,0.01002160592512507,6.649056481636063,2947.9183658000456,1.8680907825473696,8.430255347855972,0.03034826308015159,0.875,0.0,0.875,0.03468372923445896,28.831963057954002
4,0.5,mixnet_attribution,19,0.009802443070426783,0.010027197675959889,6.649006038037439,2932.4941185341577,1.8746276364545338,8.481227651610503,0.0329209490236588,0.875,0.0,0.875,0.03762394174132434,26.578820658273763
4,0.5,mixnet_attribution,20,0.010140929088062038,0.010029816525883414,6.648765906419699,2899.9150697188875,1.8754682822909672,8.412257095098006,0.032686313949453066,0.875,0.0,0.875,0.03735578737080351,26.7696137702502
4,0.5,mixnet_attribution,21,0.011572135515797487,0.010044292834544935,6.646394926608008,2960.536200989722,1.8759700676309876,8.524725959639863,0.03201913846415384,0.875,0.0,0.875,0.03659330110189011,27.32740610680648
4,0.5,mixnet_attribution,22,0.012256941817356435,0.010038788476279585,6.6487814595829615,2942.0068850722555,1.8718970323679969,8.421244577521781,0.032297305490595195,0.875,0.0,0.875,0.036911206274965934,27.09204333639521
4,0.5,mixnet_attribution,23,0.011412051125989045,0.01004355741820877,6.64834154304125,2958.2672702373707,1.8831171857309528,8.542697254885047,0.03397878455585412,0.875,0.0,0.875,0.03883289663526185,25.751362546876283
4,0.5,mixnet_attribution,24,0.010986495765621425,0.010041607839332478,6.6468089571107365,2966.8776226443883,1.892571580101503,8.485350423528747,0.03474408131109193,0.875,0.0,0.875,0.03970752149839078,25.184145528713668
4,0.5,mixnet_attribution,25,0.010974871329094762,0.010025517059518351,6.647989312163019,2942.7430366333638,1.8789419838576578,8.528721530726624,0.03451911669083155,0.875,0.0,0.875,0.039450419075236054,25.34827318546087
4,0.5,mixnet_attribution,26,0.01072205143585514,0.010021969594145098,6.649254560219038,2915.799430156707,1.8680204732518177,8.381919570642175,0.034332289192835284,0.875,0.0,0.875,0.039236901934668895,25.486211976293195
4,0.5,mixnet_attribution,27,0.011523881728582258,0.010027598237331,6.648394802824965,2949.0993176648976,1.8844661397452,8.412785598428716,0.03240306291672467,0.875,0.0,0.875,0.0370320719048282,27.003620066681208
4,0.5,mixnet_attribution,28,0.012150107659181791,0.01002727109234443,6.648079651583369,2991.388111350354,1.886161526053911,8.48995514742478,0.035510780468781256,0.875,0.0,0.875,0.04058374910717858,24.640404644703388
4,0.5,mixnet_attribution,29,0.010018761726078799,0.010030088214572058,6.648420437774016,2919.2827767354597,1.8715997535036877,8.499868472625028,0.03049629158782901,0.875,0.0,0.875,0.03485290467180458,28.692013174126725
4,0.5,mixnet_attribution_oracle,0,0.04381037968995731,0.039983052764879894,4.671999576120511,2912.736089268329,1.9003295418806374,8.575322325335648,0.03108278728898172,0.875,0.0,0.875,0.035523185473121964,28.15062857346038
4,0.5,mixnet_attribution_oracle,1,0.043484883101058566,0.04012569730001117,4.667517819876803,2961.580306145762,1.8862475698115304,8.354960434193156,0.03207988699339023,0.875,0.0,0.875,0.03666272799244598,27.275657179848725
4,0.5,mixnet_attribution_oracle,2,0.046963197109957104,0.040191944284521185,4.666150144443506,2927.026567321442,1.8646217998757493,8.44491232118019,0.033341731210143895,0.875,0.0,0.875,0.03810483566873588,26.243388337729442
4,0.5,mixnet_attribution_oracle,3,0.0436313533374158,0.04013071702833345,4.6659585307795695,2976.983542559706,1.8866178923344705,8.53722365315045,0.032814055609055405,0.875,0.0,0.875,0.03750177783892046,26.665402485590167
4,0.5,mixnet_attribution_oracle,4,0.03686186186186186,0.040058288127574816,4.670398518666279,2920.3756756756757,1.8671258577087428,8.421965848718928,0.03202226954148778,0.875,0.0,0.875,0.036596879475986034,27.324734084395782
4,0.5,mixnet_attribution_oracle,5,0.04579749509582013,0.0401183352170492,4.6677155037283,2934.1619888335595,1.8677471551927738,8.477437153554337,0.03414816739191611,0.875,0.0,0.875,0.0390264770193327,25.623629811746166
4,0.5,mixnet_attribution_oracle,6,0.04072329433216836,0.04013040709966298,4.667488389932412,2954.768728156815,1.8605152355448809,8.488148329826853,0.03196763673684573,0.875,0.0,0.875,0.03653444198496655,27.371432151926314
4,0.5,mixnet_attribution_oracle,7,0.04333461390703035,0.04012261750156568,4.667498072487244,2989.1246254321936,1.8941905808460433,8.541634258686976,0.03417447036504923,0.875,0.0,0.875,0.03905653756005627,25.603908141174188
4,0.5,mixnet_attribution_oracle,8,0.045014852616345497,0.04008799663507591,4.6678863808590565,2961.9617640338183,1.8584027548786253,8.4751965814711,0.03219865671105784,0.875,0.0,0.875,0.03679846481263753,27.175046706203204
4,0.5,mixnet_attribution_oracle,9,0.04406909788867562,0.04009951527137683,4.66909851759958,2986.1646833013438,1.853131761396071,8.390880367520047,0.034476034620657965,0.875,0.0,0.875,0.039401182423609106,25.379948988556297
4,0.5,mixnet_attribution_oracle,10,0.04020712762717027,0.040089890698610235,4.667881387490729,2962.2426896131587,1.8591046353976708,8.265652669920328,0.031338905897487536,0.875,0.0,0.875,0.03581589245427147,27.920566303820753
4,0.5,mixnet_attribution_oracle,11,0.03937007874015748,0.04016006211804607,4.666261799488416,2916.888263967004,1.8914644327305723,8.510777471498173,0.03255558679915119,0.875,0.0,0.875,0.03720638491331564,26.877107311818246
4,0.5,mixnet_attribution_oracle,12,0.043979375189566274,0.04017102079879011,4.666236177282239,2948.7996663633608,1.87708082611789,8.459979403346527,0.032883401822638665,0.875,0.0,0.875,0.03758103065444419,26.609169109675385
4,0.5,mixnet_attribution_oracle,13,0.040729805435687785,0.04004783332152893,4.670477762160764,2944.1691271103036,1.8811396646487992,8.674730653209537,0.03291034679456882,0.875,0.0,0.875,0.03761182490807865,26.587383155269602
4,0.5,mixnet_attribution_oracle,14,0.04378402903811252,0.040057590873481264,4.67058856079576,2940.53349969752,1.8687493377947249,8.472387791430076,0.030106540601869416,0.875,0.0,0.875,0.03440747497356505,29.06345207744221
4,0.5,mixnet_attribution_oracle,15,0.042674577818347784,0.040099363215971504,4.668261810810949,2958.2778792027993,1.883384349028347,8.574289375760372,0.033921315503372476,0.875,0.0,0.875,0.03876721771813997,25.79499017109189
4,0.5,mixnet_attribution_oracle,16,0.046575974175697483,0.04003084870475579,4.670123593060342,2989.1885327799555,1.8874392505676951,8.530158783863982,0.032172429457420916,0.875,0.0,0.875,0.03676849080848105,27.19720004850836
4,0.5,mixnet_attribution_oracle,17,0.0429614024527876,0.04010313658198354,4.667758597057111,2926.5365284779173,1.8723841080791317,8.410369073983446,0.031142871796890396,0.875,0.0,0.875,0.03559185348216045,28.096317054722242
4,0.5,mixnet_attribution_oracle,18,0.0437592867756315,0.04008731422317397,4.669163443207562,2888.3531946508174,1.8635519411764108,8.347707104868281,0.03130739719295045,0.875,0.0,0.875,0.035779882506229085,27.948666400061693
4,0.5,mixnet_attribution_oracle,19,0.03995785988411468,0.04007006562145289,4.668671129770501,2926.213785837911,1.9001239681092557,8.503412797746336,0.03259854270230109,0.875,0.0,0.875,0.03725547737405839,26.841690685094175
4,0.5,mixnet_attribution_oracle,20,0.04373817631479379,0.040010983680986496,4.671488343008423,2942.8905032160424,1.8751914418244269,8.378505877901295,0.03137106883593541,0.875,0.0,0.875,0.035852650098211904,27.891940965610058
4,0.5,mixnet_attribution_oracle,21,0.044113173106175844,0.04011467130595308,4.668220431127643,2957.701399452388,1.8908235637645703,8.415937395929248,0.03589062840114041,0.875,0.0,0.875,0.04101786102987476,24.379623288295424
4,0.5,mixnet_attribution_oracle,22,0.042963744629531925,0.04010614747032641,4.6681342003572155,2931.98952287631,1.8707393539953046,8.37473013155245,0.034293755863733254,0.875,0.0,0.875,0.039192863844266575,25.51484892692493
4,0.5,mixnet_attribution_oracle,23,0.04136773011753931,0.04002401281871562,4.669957143268839,2968.300641123493,1.8818228250311222,8.402520654855959,0.033780482164620804,0.875,0.0,0.875,0.038606265330995204,25.90253140070365
4,0.5,mixnet_attribution_oracle,24,0.048311727464576425,0.04019060807074404,4.666001548810823,2931.750226107929,1.8859655485721305,8.487088550728396,0.034487813273466617,0.875,0.0,0.875,0.039414643741104705,25.371280952544065
4,0.5,mixnet_attribution_oracle,25,0.03813176895306859,0.04014141593294476,4.666733833738946,2925.3199458483755,1.8878574873670004,8.443032290051665,0.028663625192203855,0.875,0.0,0.875,0.03275842879109012,30.52649461234195
4,0.5,mixnet_attribution_oracle,26,0.040596016420860574,0.04011554281973141,4.6668201972284695,2956.184810703968,1.8673268709680997,8.484756508613344,0.032698815603247056,0.875,0.0,0.875,0.03737007497513949,26.759379012893383
4,0.5,mixnet_attribution_oracle,27,0.03724862888482632,0.04006785311386699,4.668787967196236,2962.8677635588056,1.8969389871053863,8.632904957080825,0.0320831187511195,0.875,0.0,0.875,0.03666642142985086,27.272909681496223
4,0.5,mixnet_attribution_oracle,28,0.041400075272864136,0.04007219687730693,4.668863828152847,2927.1480617237485,1.8914940971299075,8.471034093747125,0.0337205117513768,0.875,0.0,0.875,0.038537727715859206,25.948597887583183
4,0.5,mixnet_attribution_oracle,29,0.041340696425832185,0.04014101970384602,4.667788214594526,2982.526231017027,1.8601698436832521,8.480332126878482,0.03324099168762224,0.875,0.0,0.875,0.03798970478585399,26.322921055505656
4,1.0,mixnet_attribution,0,0.009537398618203664,0.010019921173721285,6.648665526610996,2921.111444878342,3.503227241220884,14.68601516235319,0.03341027143774842,1.75,0.0,1.75,0.019091583678713383,52.37910153650448
4,1.0,mixnet_attribution,1,0.011541072640868975,0.01001475160925812,6.649716712064863,2934.064494229464,3.517728158039972,14.92809010515137,0.03371321020268494,1.75,0.0,1.75,0.019264691544391394,51.90843557996826
4,1.0,mixnet_attribution,2,0.01076899742150766,0.010005536211316704,6.650787469972392,2949.7323676626725,3.5074609248549677,14.738268985734619,0.0314353383735907,1.75,0.0,1.75,0.017963050499194687,55.6698318052845
4,1.0,mixnet_attribution,3,0.01044932079414838,0.01000344255057077,6.650471764763771,2902.6954769368563,3.4981137219583616,14.978190359705733,0.031760026045757075,1.75,0.0,1.75,0.018148586311861187,55.10071048048741
4,1.0,mixnet_attribution,4,0.012129887742032698,0.010013650453114621,6.649402345177882,2930.1724553605063,3.5122498793934938,14.979775101158177,0.0337449766229642,1.75,0.0,1.75,0.01928284378455097,51.85957067189333
4,1.0,mixnet_attribution,5,0.008924519739827561,0.010020339743654242,6.647686199093877,2941.894872182726,3.500109731859993,15.034758400665265,0.03370110175612586,1.75,0.0,1.75,0.01925777243207192,51.927085727454056
4,1.0,mixnet_attribution,6,0.010967250571210967,0.010026802857670465,6.648564574246363,2962.211500380807,3.4883818867674563,14.706293060551785,0.030237452660349756,1.75,0.0,1.75,0.017278544377342716,57.87524563187717
4,1.0,mixnet_attribution,7,0.010511882998171846,0.010010516932922011,6.649771065762789,2963.5984156002437,3.474800921714632,15.019896444563239,0.034725820552049536,1.75,0.0,1.75,0.019843326029742592,50.39477749350733
4,1.0,mixnet_attribution,8,0.009190899502787404,0.010011714201003045,6.648847644236142,2929.655567274371,3.496001684834482,15.090258531072518,0.034678406191097425,1.75,0.0,1.75,0.01981623210919853,50.46368020365529
4,1.0,mixnet_attribution,9,0.010446054136484941,0.009996263612838183,6.65135388341273,2965.201601219977,3.513292442628881,14.98508744411229,0.03262491981660259,1.75,0.0,1.75,0.01864281132377291,53.63997857580748
4,1.0,mixnet_attribution,10,0.008185026657655628,0.00999376262104511,6.651398657976326,2919.523391154164,3.5021852166973986,14.931436631660048,0.03164265016916518,1.75,0.0,1.75,0.018081514382380103,55.3051021530846
4,1.0,mixnet_attribution,11,0.009432538484757018,0.010009763598390403,6.649420983905681,2934.596589194084,3.49860319547588,14.865371125403549,0.03529394627840618,1.75,0.0,1.75,0.02016796930194639,49.58357408365804
4,1.0,mixnet_attribution,12,0.012725344644750796,0.009999339046576815,6.65198673608371,2946.4035752158766,3.515056473086588,14.939107661744247,0.032145050328079,1.75,0.0,1.75,0.018368600187473716,54.44072982120543
4,1.0,mixnet_attribution,13,0.012070143475290366,0.010016666175562522,6.6482733956800315,2951.2440598193275,3.4998534019687213,15.171860521881277,0.0345099899747228,1.75,0.0,1.75,0.01971999427127017,50.709953879494186
4,1.0,mixnet_attribution,14,0.009126565092774173,0.009998872281330739,6.651463798710771,2933.690375622266,3.491831548017217,14.746544954230696,0.035178133139939574,1.75,0.0,1.75,0.020101790365679755,49.746812687258085
4,1.0,mixnet_attribution,15,0.011456135061802835,0.010011643212004658,6.649767126373143,2931.4119686463673,3.507053605222609,14.884336393288205,0.03132035969367144,1.75,0.0,1.75,0.01789734839638368,55.874198671913824
4,1.0,mixnet_attribution,16,0.009705028274491823,0.010007806451040508,6.6497248413575525,2971.7199296958584,3.4795224574336316,14.927904399991993,0.03062348074189212,1.75,0.0,1.75,0.017499131852509783,57.14569205080747
4,1.0,mixnet_attribution,17,0.011631466176920723,0.010009930606862819,6.649203834323683,2976.42661463116,3.4874284435936715,14.986430029271235,0.033627329360460985,1.75,0.0,1.75,0.019215616777406276,52.04100454250316
4,1.0,mixnet_attribution,18,0.009363150971136732,0.010003684629399434,6.650533777084907,3009.300858933684,3.5108080086647533,14.932710663031637,0.0333170203024241,1.75,0.0,1.75,0.019038297315670916,52.52570560377131
4,1.0,mixnet_attribution,19,0.012717284972533674,0.010007979299432661,6.6492843606089265,2926.9799834449545,3.49509202351328,14.991908008063305,0.03240558608160483,1.75,0.0,1.75,0.018517477760917046,54.00303501973677
4,1.0,mixnet_attribution,20,0.01176649206710696,0.009999412394498631,6.650862638230258,2952.013132923404,3.484908029437065,14.685943942315333,0.03229437028774019,1.75,0.0,1.75,0.018453925878708678,54.18901140996538
4,1.0,mixnet_attribution,21,0.014223110632736218,0.010007793482792406,6.64940610417455,2990.3584223879448,3.5066227333445568,14.844023788341081,0.0328938890628997,1.75,0.0,1.75,0.018796508035942686,53.20137113169105
4,1.0,mixnet_attribution,22,0.013514539518639436,0.010007180182107948,6.650536125924829,2952.3845569812465,3.507687817153055,14.878658959344502,0.03563015170161566,1.75,0.0,1.75,0.02036008668663752,49.115704436381776
4,1.0,mixnet_attribution,23,0.011072612232600181,0.009992232384793883,6.652048435983323,2929.222280807472,3.5053281317232177,14.83094529197544,0.03324144737742754,1.75,0.0,1.75,0.01899511278710145,52.645120416397084
4,1.0,mixnet_attribution,24,0.010331206320267397,0.009989941358623933,6.6522463018658025,2954.447280461866,3.5014672005490866,15.034382942768026,0.03515341111015232,1.75,0.0,1.75,0.02008766349151561,49.78179769002841
4,1.0,mixnet_attribution,25,0.010580411124546553,0.010013552003189695,6.6488179960876055,2938.694679564692,3.487893465498928,15.059177091438078,0.03186552772079258,1.75,0.0,1.75,0.01820887298331005,54.91828082477062
4,1.0,mixnet_attribution,26,0.010643115942028986,0.010003637895080828,6.650654074112786,2935.063858695652,3.5004343377950136,14.9726492362836,0.03132818551074318,1.75,0.0,1.75,0.017901820291853245,55.86024123228852
4,1.0,mixnet_attribution,27,0.008122675168906095,0.010017329874360475,6.648656838325511,2952.317695285812,3.51509013431496,15.129271934066741,0.036086977733214,1.75,0.0,1.75,0.020621130133265143,48.49394739946099
4,1.0,mixnet_attribution,28,0.011056788266265513,0.01000546622870409,6.651025897938366,2925.4567882662654,3.5108384808991104,14.915124082196929,0.033280643697680364,1.75,0.0,1.75,0.01901751068438878,52.5831175591707
4,1.0,mixnet_attribution,29,0.011484699659992444,0.009992023226469693,6.651792678298912,2938.0582546278806,3.49146224083961,14.68548879771292,0.030689479365585876,1.75,0.0,1.75,0.017536845351763357,57.0227985673289
4,1.0,mixnet_attribution_oracle,0,0.03990663353663128,0.03990257332166092,4.673195921376074,2928.785708907462,3.522690893325489,14.869590677339804,0.033117613843428706,1.75,0.0,1.75,0.018924350767673546,52.84197129278504
4,1.0,mixnet_attribution_oracle,1,0.04289727431478248,0.03994178670766896,4.672089398794102,2952.999544453724,3.505412761849584,14.813992820334775,0.035065827773746644,1.75,0.0,1.75,0.02003761587071237,49.90613686040526
4,1.0,mixnet_attribution_oracle,2,0.04210687490430256,0.03991698979681073,4.6730680960701365,2977.449318634206,3.524731151352171,15.060196741568118,0.032746712159841956,1.75,0.0,1.75,0.018712406948481117,53.44047950395659
4,1.0,mixnet_attribution_oracle,3,0.041069795793965254,0.03996219997296299,4.672209270118992,2964.248399878086,3.478985689987894,14.878701279233583,0.02992686308921132,1.75,0.0,1.75,0.01710106462240647,58.47589153541714
4,1.0,mixnet_attribution_oracle,4,0.04018395657418577,0.040003179465066936,4.6701051686319275,2932.9221200241254,3.4988230399030726,14.87406750294447,0.03411828069876229,1.75,0.0,1.75,0.01949616039929274,51.29215083993036
4,1.0,mixnet_attribution_oracle,5,0.04010614101592115,0.040037753937612774,4.6698738969725895,2948.722365428355,3.5260158230667002,14.99621462122865,0.03613692238340221,1.75,0.0,1.75,0.02064966993337269,48.426924170049965
4,1.0,mixnet_attribution_oracle,6,0.04298727697056388,0.03999117981576483,4.6703441825540315,2927.988255665136,3.4919261330505833,14.59081523472276,0.03157459747822799,1.75,0.0,1.75,0.018042627130415993,55.424301171430564
4,1.0,mixnet_attribution_oracle,7,0.04055901564636184,0.03997717594512279,4.6713574174001,2953.934224517697,3.5044990018068347,14.903152510565914,0.03670083803716796,1.75,0.0,1.75,0.020971907449810263,47.68283487771386
4,1.0,mixnet_attribution_oracle,8,0.041840369893125146,0.0400672290123211,4.667917982152905,2948.0943682255743,3.492778311629081,14.662275723169344,0.031536347864456166,1.75,0.0,1.75,0.018020770208260668,55.49152386070619
4,1.0,mixnet_attribution_oracle,9,0.04297929792979298,0.04011836010706951,4.6669010217878615,2917.2966546654666,3.493971467105439,14.886412487008672,0.032984228337175965,1.75,0.0,1.75,0.018848130478386266,53.0556598781365
4,1.0,mixnet_attribution_oracle,10,0.04056463595839525,0.04008098457148548,4.667396143867584,2889.808320950966,3.4900546745047905,14.826852763105146,0.0307186866797214,1.75,0.0,1.75,0.017553535245555085,56.96858131487903
4,1.0,mixnet_attribution_oracle,11,0.04253214638971316,0.03996111145496111,4.6723212773194085,2959.057825458419,3.501858298055595,14.907095706432225,0.03610973730213774,1.75,0.0,1.75,0.020634135601221567,48.46338219958188
4,1.0,mixnet_attribution_oracle,12,0.038922155688622756,0.04003855485357707,4.668057036466242,2986.36519269154,3.513402555603534,15.049300443430184,0.033578257200652835,1.75,0.0,1.75,0.019187575543230192,52.11705865323994
4,1.0,mixnet_attribution_oracle,13,0.04195380537675123,0.04019266444223259,4.663924098904795,2945.2995834911017,3.508646051341202,14.97187152252873,0.029738897130319904,1.75,0.0,1.75,0.016993655503039946,58.84549088459001
4,1.0,mixnet_attribution_oracle,14,0.0398267082161587,0.04007310705855585,4.667653594271716,2956.4447062400245,3.5066054849594366,15.029495107692993,0.03275004390602943,1.75,0.0,1.75,0.018714310803445388,53.43504286654764
4,1.0,mixnet_attribution_oracle,15,0.039387801035336484,0.040025735292268196,4.668975414722894,2917.454872833671,3.5017473168554716,14.821514292496177,0.029572107630282198,1.75,0.0,1.75,0.016898347217304113,59.17738505076922
4,1.0,mixnet_attribution_oracle,16,0.04103218063161053,0.04004939159075371,4.669095077724664,2917.2787487810365,3.509208317787852,14.94017707320499,0.03347864432448099,1.75,0.0,1.75,0.019130653899703424,52.27212855570518
4,1.0,mixnet_attribution_oracle,17,0.043122394846532776,0.040128381134822706,4.666345937621959,2946.969382341796,3.4854839968902525,15.176530691708923,0.031074939774018515,1.75,0.0,1.75,0.017757108442296294,56.315475194039145
4,1.0,mixnet_attribution_oracle,18,0.04086186994998076,0.04005911921102824,4.668195377736075,2992.9032704886495,3.5081648616178427,14.479235526803436,0.03299198669548896,1.75,0.0,1.75,0.01885256382599369,53.043183369108235
4,1.0,mixnet_attribution_oracle,19,0.037640963120999696,0.03993266322704812,4.672375721467687,2963.91824138982,3.494225173315499,14.87304407427033,0.02969948844862462,1.75,0.0,1.75,0.016971136256356927,58.923573819368
4,1.0,mixnet_attribution_oracle,20,0.03844104437847302,0.03996271238388441,4.672374542129944,2960.49996193956,3.500954816903686,14.924861735509927,0.03258299174406779,1.75,0.0,1.75,0.018618852425181596,53.70900295914702
4,1.0,mixnet_attribution_oracle,21,0.04085514303104078,0.039956966897402885,4.671776692590094,2959.650258673159,3.4923002231516875,14.688201552084626,0.032658492099630614,1.75,0.0,1.75,0.018661995485503208,53.58483774025175
4,1.0,mixnet_attribution_oracle,22,0.039969430645777605,0.04009491596379022,4.667784134114154,2972.2343905235,3.5115911499015056,14.717792774676951,0.03534599249899884,1.75,0.0,1.75,0.02019770999942791,49.51056332764083
4,1.0,mixnet_attribution_oracle,23,0.0429699362283632,0.04001153001927311,4.6706861467596275,2953.477679927118,3.4952508797869086,14.791333706285892,0.0337873204216248,1.75,0.0,1.75,0.01930704024092846,51.79457791153964
4,1.0,mixnet_attribution_oracle,24,0.03805128981012179,0.04012640454823184,4.665480112559486,2942.5073000983434,3.513620582059957,14.837339452296941,0.03294354188052148,1.75,0.0,1.75,0.018824881074583705,53.121185522395876
4,1.0,mixnet_attribution_oracle,25,0.04316816816816817,0.039986497542160444,4.670596929277289,2919.5654654654654,3.4841331561037805,14.988060984505973,0.03259858717193417,1.75,0.0,1.75,0.018627764098248095,53.68330813755839
4,1.0,mixnet_attribution_oracle,26,0.03741061347384268,0.03995324042395894,4.672398387331911,2927.191644712081,3.5059268323821016,15.121484267804217,0.035909119881483154,1.75,0.0,1.75,0.02051949707513323,48.734137895214815
4,1.0,mixnet_attribution_oracle,27,0.04084892743039708,0.04000162352770516,4.6702339219609375,2958.6662102540695,3.5039722233486827,14.629563839520626,0.03128576633172601,1.75,0.0,1.75,0.01787758076098629,55.93598000587809
4,1.0,mixnet_attribution_oracle,28,0.041569570773509736,0.04010737528828489,4.6655202674135925,2923.4347139742913,3.4900350660900585,14.821800079070567,0.032840946720958275,1.75,0.0,1.75,0.018766255269119014,53.28713617391528
4,1.0,mixnet_attribution_oracle,29,0.04141244661378889,0.03999896676414592,4.670712768422531,2966.326571079927,3.5010303450981155,14.849867675101871,0.03325796805284911,1.75,0.0,1.75,0.019004553173056635,52.618969301405734
5,1e-06,mixnet_attribution,0,0.973548237834503,0.9649960103728589,0.07845916711478922,2998.7280018508523,0.25233072947594337,2.001443205910504,0.03353829729360956,1.7500000000000002e-06,0.0,1.7500000000000002e-06,19164.741310634032,5.217915461478863e-05
5,1e-06,mixnet_attribution,1,0.9667023063998778,0.9585079033450167,0.08949731629370727,2969.8013594012523,0.24755141607602127,1.9748836875375075,0.03451941075858085,1.7500000000000002e-06,0.0,1.7500000000000002e-06,19725.377576331914,5.069611449161207e-05
5,1e-06,mixnet_attribution,2,0.9722960151802656,0.9633254445665458,0.08186108572322717,2952.506944971537,0.2491254581254907,1.9751240791862585,0.031740667587547025,1.7500000000000002e-06,0.0,1.7500000000000002e-06,18137.524335741156,5.5134316100099496e-05
5,1e-06,mixnet_attribution,3,0.9686592264179789,0.960803829023433,0.08395630473960712,2972.664118636294,0.2580547835677862,2.032381160864695,0.033321984988370384,1.7500000000000002e-06,0.0,1.7500000000000002e-06,19041.13427906879,5.251787973047713e-05
5,1e-06,mixnet_attribution,4,0.9671684696270519,0.9572953287460375,0.09757634233550198,2942.5284060821546,0.23976975100231357,1.9633290575601765,0.03324601989273597,1.7500000000000002e-06,0.0,1.7500000000000002e-06,18997.72565299198,5.2637879831815996e-05
5,1e-06,mixnet_attribution,5,0.9689945591413878,0.9597450536137626,0.08792906138494,2898.7541924424236,0.25443875990458764,2.0357338729374757,0.03433567688061867,1.7500000000000002e-06,0.0,1.7500000000000002e-06,19620.386788924952,5.0967394820394994e-05
5,1e-06,mixnet_attribution,6,0.9692843092752308,0.9629191233683377,0.08319115015832024,2942.5183840217883,0.2510349908552598,2.004611307141225,0.03242111604019278,1.7500000000000002e-06,0.0,1.7500000000000002e-06,18526.3520229673,5.397716715952985e-05
5,1e-06,mixnet_attribution,7,0.9716143840856925,0.9609182666488808,0.08730598604788958,2975.611935730681,0.2518812131602317,2.0155652366609527,0.03518194662390359,1.7500000000000002e-06,0.0,1.7500000000000002e-06,20103.969499373477,4.974142047077639e-05
5,1e-06,mixnet_attribution,8,0.9702752014596321,0.9621342370249389,0.0842690145572573,2957.0802037403073,0.2411846650938969,1.960092370810341,0.0319635988703338,1.7500000000000002e-06,0.0,1.7500000000000002e-06,18264.91364019074,5.4749779807311315e-05
5,1e-06,mixnet_attribution,9,0.9723433037727341,0.9650306079130182,0.07695136169600647,2922.157898692319,0.2733695446513593,2.0834885140017523,0.03177491605929127,1.7500000000000002e-06,0.0,1.7500000000000002e-06,18157.09489102358,5.507488978836451e-05
5,1e-06,mixnet_attribution,10,0.9702066676723488,0.9609696608878013,0.08536235515598513,2933.333232765123,0.2554605721088592,2.012760793831995,0.03392493177426456,1.7500000000000002e-06,0.0,1.7500000000000002e-06,19385.675299579747,5.1584481043158634e-05
5,1e-06,mixnet_attribution,11,0.9721251708947288,0.9631747036016082,0.08229490104479127,2953.525975998785,0.24943682018783875,1.9961958682503025,0.035954480354351954,1.7500000000000002e-06,0.0,1.7500000000000002e-06,20545.417345343973,4.8672654499599216e-05
5,1e-06,mixnet_attribution,12,0.9722158961512184,0.9642600105219487,0.08120359604698932,2952.796477643665,0.2621548398747109,2.029188843719396,0.03303302503294048,1.7500000000000002e-06,0.0,1.7500000000000002e-06,18876.014304537413,5.297728555755651e-05
5,1e-06,mixnet_attribution,13,0.9703894920659024,0.9620622074848082,0.08302744951942255,2953.5258522511576,0.25326148272142746,2.0048319269238064,0.030702120115491786,1.7500000000000002e-06,0.0,1.7500000000000002e-06,17544.068637423876,5.699932100509824e-05
5,1e-06,mixnet_attribution,14,0.9707406278573606,0.9631423325483222,0.08095219508497095,2963.4791984151175,0.24337030510650948,1.9578261967005535,0.033715524682202444,1.7500000000000002e-06,0.0,1.7500000000000002e-06,19266.01410411568,5.190487220635721e-05
5,1e-06,mixnet_attribution,15,0.9719389653889096,0.9632344761485943,0.0821249867556728,2895.0721250465203,0.26060047824284993,2.0406720968494243,0.03383428537486466,1.7500000000000002e-06,0.0,1.7500000000000002e-06,19333.877357065518,5.1722682498270454e-05
5,1e-06,mixnet_attribution,16,0.9742244525547445,0.9670083768770985,0.07425319363483925,2957.3795620437954,0.2578693460091017,2.0291391713401854,0.03581405717177114,1.7500000000000002e-06,0.0,1.7500000000000002e-06,20465.175526726365,4.886349490108484e-05
5,1e-06,mixnet_attribution,17,0.9678181956836727,0.9588299680262006,0.09125038732684491,2966.3360787005263,0.24764754227362573,1.9896030686078456,0.031110313464712346,1.7500000000000002e-06,0.0,1.7500000000000002e-06,17777.321979835626,5.6251442210152645e-05
5,1e-06,mixnet_attribution,18,0.965763963686721,0.956566714838415,0.09792743056090152,2992.1071703338976,0.24462923660757951,1.9809414741627402,0.03013195423669841,1.7500000000000002e-06,0.0,1.7500000000000002e-06,17218.25956382766,5.8077879259110066e-05
5,1e-06,mixnet_attribution,19,0.9663255956017105,0.9574348783644255,0.09220557743404338,2969.8318570555894,0.2568363462050911,2.007628064587541,0.03238366588128815,1.7500000000000002e-06,0.0,1.7500000000000002e-06,18504.951932164655,5.4039589168661126e-05
5,1e-06,mixnet_attribution,20,0.9664715274081959,0.9585476513224487,0.09164001422949594,2956.5166882080134,0.23924485564930364,1.9579574622243945,0.03296393492166194,1.7500000000000002e-06,0.0,1.7500000000000002e-06,18836.53424094968,5.308832225760778e-05
5,1e-06,mixnet_attribution,21,0.9739575378035742,0.96554121036164,0.07787527839825056,2970.1368565755306,0.24673255236120895,1.9737435485691863,0.03425911160747604,1.7500000000000002e-06,0.0,1.7500000000000002e-06,19576.635204272017,5.108130123310362e-05
5,1e-06,mixnet_attribution,22,0.972402842885226,0.9656684606017302,0.07549165008065443,2939.7923030394677,0.25906950986245647,2.0254040413277883,0.03113825290262627,1.7500000000000002e-06,0.0,1.7500000000000002e-06,17793.287372929295,5.62009694465678e-05
5,1e-06,mixnet_attribution,23,0.974485090685521,0.9674654473048829,0.07399093663519306,2989.9217645250537,0.2624479380028788,2.0304258231490095,0.03356264076618288,1.7500000000000002e-06,0.0,1.7500000000000002e-06,19178.651866390213,5.214130831335742e-05
5,1e-06,mixnet_attribution,24,0.9708386707859242,0.9614535790603035,0.08506072290363371,2930.3771381207143,0.25749735318822786,2.02531627684077,0.03123783946647523,1.7500000000000002e-06,0.0,1.7500000000000002e-06,17850.193980842985,5.602180015932658e-05
5,1e-06,mixnet_attribution,25,0.972807613868117,0.9652368886858531,0.07677464955008867,2937.0196389455396,0.2578537585795857,2.0248170505391645,0.031831726921771095,1.7500000000000002e-06,0.0,1.7500000000000002e-06,18189.55824101205,5.4976596283976646e-05
5,1e-06,mixnet_attribution,26,0.9714613618974751,0.9635812421362593,0.08083982483912654,2975.8472838561593,0.24511515931226313,1.9669533357765485,0.032952893577514394,1.7500000000000002e-06,0.0,1.7500000000000002e-06,18830.224901436795,5.3106110268693464e-05
5,1e-06,mixnet_attribution,27,0.9761689291101056,0.966732683273625,0.07560343645161717,2933.4766968325794,0.2679367499949876,2.061699767012556,0.030878970184378372,1.7500000000000002e-06,0.0,1.7500000000000002e-06,17645.12581964478,5.6672874436898245e-05
5,1e-06,mixnet_attribution,28,0.9703393004269343,0.9603930549421099,0.08883669630856042,2914.0075649764062,0.2489739728916902,2.0065512565922443,0.033417616139418245,1.7500000000000002e-06,0.0,1.7500000000000002e-06,19095.780651096138,5.2367589378578136e-05
5,1e-06,mixnet_attribution,29,0.9681363184839917,0.959868214649777,0.08900639278359847,2971.292121953083,0.25568347619264387,2.0149456144280755,0.03370847959703121,1.7500000000000002e-06,0.0,1.7500000000000002e-06,19261.98834116069,5.191572034456657e-05
5,1e-06,mixnet_attribution_oracle,0,0.9996167113836719,0.9994673599273614,0.0013794165793250505,2981.9464929091605,0.25069534784415737,1.9753474797138362,0.03284055754702254,1.7500000000000002e-06,0.0,1.7500000000000002e-06,18766.032884012875,5.328776764810628e-05
5,1e-06,mixnet_attribution_oracle,1,0.9988574910503466,0.9988577535134676,0.002360877092542879,2961.9227663950032,0.26015447117970325,2.0480523445884784,0.030831093889866396,1.7500000000000002e-06,0.0,1.7500000000000002e-06,17617.76793706651,5.676087933341841e-05
5,1e-06,mixnet_attribution_oracle,2,0.9990917347865577,0.9988714850468287,0.0025645887037579968,2943.6309415682713,0.24242620245786384,1.9792440929173432,0.03268068678709204,1.7500000000000002e-06,0.0,1.7500000000000002e-06,18674.67816405259,5.354844625515035e-05
5,1e-06,mixnet_attribution_oracle,3,0.9998476654733796,0.9997638109705345,0.000710731638202773,2961.7590829461496,0.2486238733108621,1.9650270097224367,0.03287938419636316,1.7500000000000002e-06,0.0,1.7500000000000002e-06,18788.219540778948,5.322484112076437e-05
5,1e-06,mixnet_attribution_oracle,4,0.9995441768593786,0.9994547923304111,0.0012049258998417655,2953.8237483856265,0.2641610218270216,2.0367704007577196,0.03664455470105425,1.7500000000000002e-06,0.0,1.7500000000000002e-06,20939.745543459572,4.7756072198897626e-05
5,1e-06,mixnet_attribution_oracle,5,0.9991526076573454,0.9990570551192769,0.0020694369629587085,2995.8881442107695,0.2686927157046739,2.0578896793904384,0.03472530278756487,1.7500000000000002e-06,0.0,1.7500000000000002e-06,19843.03016432278,5.0395528894471595e-05
5,1e-06,mixnet_attribution_oracle,6,0.9997758015096032,0.9995571985717105,0.0012210150089186668,2906.305806740901,0.25020239074365236,2.0052767021374067,0.03505005521167929,1.7500000000000002e-06,0.0,1.7500000000000002e-06,20028.602978102448,4.992859467499126e-05
5,1e-06,mixnet_attribution_oracle,7,0.9993112947658402,0.9992447686025875,0.001467998550703148,2975.5223446587083,0.2535106625582557,1.9906192736081167,0.032962810514853315,1.7500000000000002e-06,0.0,1.7500000000000002e-06,18835.89172277332,5.309013317330559e-05
5,1e-06,mixnet_attribution_oracle,8,0.9996948195620661,0.9994868816623503,0.001076206630078647,2967.355535210193,0.25038712040986866,1.9888224029573824,0.032462994590191856,1.7500000000000002e-06,0.0,1.7500000000000002e-06,18550.282622966773,5.390753447399868e-05
5,1e-06,mixnet_attribution_oracle,9,0.9996961409905804,0.9996151909167611,0.0008976943339169565,2954.3335612275905,0.27690945036010817,2.1149946544749216,0.03460376580706536,1.7500000000000002e-06,0.0,1.7500000000000002e-06,19773.580461180205,5.057253045108423e-05
5,1e-06,mixnet_attribution_oracle,10,0.9993943981831945,0.9992533326140012,0.0015989849994840267,2943.712187736563,0.24685718442196958,1.9884315461690383,0.03051060721425022,1.7500000000000002e-06,0.0,1.7500000000000002e-06,17434.632693857267,5.735710166996115e-05
5,1e-06,mixnet_attribution_oracle,11,0.999087105363256,0.9987178834162802,0.0026100999361302704,2959.0468619246863,0.24650145752821118,1.9616897750940772,0.03199464271141056,1.7500000000000002e-06,0.0,1.7500000000000002e-06,18282.65297794889,5.4696657055522634e-05
5,1e-06,mixnet_attribution_oracle,12,0.9993962264150943,0.9992987958825318,0.0012809370832114542,2935.477358490566,0.26412037448608316,2.053067510113081,0.03337193613207417,1.7500000000000002e-06,0.0,1.7500000000000002e-06,19069.677789756664,5.243927092135521e-05
5,1e-06,mixnet_attribution_oracle,13,0.9992433414043583,0.9988839635682063,0.0025364601290711786,2942.4629237288136,0.23914891996537335,1.9576762226377626,0.032457460015195914,1.7500000000000002e-06,0.0,1.7500000000000002e-06,18547.120008683378,5.3916726668713026e-05
5,1e-06,mixnet_attribution_oracle,14,0.9993258931915212,0.9990610925318621,0.0021598934387124452,2913.0931016403265,0.23899428121512756,1.9579953613633858,0.03183078968444211,1.7500000000000002e-06,0.0,1.7500000000000002e-06,18189.02267682406,5.497821503483921e-05
5,1e-06,mixnet_attribution_oracle,15,0.9986472268149706,0.9988451996611749,0.0022389665786516303,2923.446715767323,0.25131795584456995,2.0034045063191384,0.032079670690053824,1.7500000000000002e-06,0.0,1.7500000000000002e-06,18331.240394316468,5.45516821824041e-05
5,1e-06,mixnet_attribution_oracle,16,0.9996164467628107,0.9995204651842426,0.0009016608859169011,2983.273013194231,0.26186586046242155,2.0201927003277147,0.03069801690175654,1.7500000000000002e-06,0.0,1.7500000000000002e-06,17541.723943860878,5.7006939751208006e-05
5,1e-06,mixnet_attribution_oracle,17,0.9996210973022128,0.9994179440105835,0.001294986015252691,2947.2951652015763,0.23110893860575743,1.9193406705549954,0.032118498057466895,1.7500000000000002e-06,0.0,1.7500000000000002e-06,18353.427461409654,5.448573581706324e-05
5,1e-06,mixnet_attribution_oracle,18,0.9989272852654969,0.9988322068349483,0.002222195046674079,2979.8008581717877,0.2481640057230834,1.9832472337060465,0.0330783496733931,1.7500000000000002e-06,0.0,1.7500000000000002e-06,18901.91409908177,5.2904694982640874e-05
5,1e-06,mixnet_attribution_oracle,19,0.9993871140733931,0.9991587405818968,0.0019380740448995712,2978.8273193901787,0.2505072761850897,1.9939263785827708,0.031189214850782437,1.7500000000000002e-06,0.0,1.7500000000000002e-06,17822.408486161392,5.6109139276909315e-05
5,1e-06,mixnet_attribution_oracle,20,0.9997697444163021,0.9994741148766114,0.001200089353140184,2984.7025865377236,0.24368625294300728,1.969834321896327,0.03302122040348446,1.7500000000000002e-06,0.0,1.7500000000000002e-06,18869.26880199112,5.299622420421921e-05
5,1e-06,mixnet_attribution_oracle,21,0.998940357250984,0.998789510072991,0.002979218519764633,2943.4774447471996,0.2589014378027059,2.037828614837248,0.032728088705777474,1.7500000000000002e-06,0.0,1.7500000000000002e-06,18701.764974729984,5.3470889049841567e-05
5,1e-06,mixnet_attribution_oracle,22,0.999772899318698,0.999577104158603,0.0009193003464350143,2943.9259651778957,0.24244050370180048,1.9502412315943392,0.032199742467649665,1.7500000000000002e-06,0.0,1.7500000000000002e-06,18399.85283865695,5.434826075886118e-05
5,1e-06,mixnet_attribution_oracle,23,0.999234654829328,0.9990609709998215,0.0018429465640747713,2977.012092453697,0.25197663545259275,1.9943091891255125,0.02978740056652928,1.7500000000000002e-06,0.0,1.7500000000000002e-06,17021.371752302442,5.87496715630297e-05
5,1e-06,mixnet_attribution_oracle,24,0.9993118739964829,0.9990738818567353,0.002000329300024586,2973.862451257741,0.2530623679922428,2.0110258710584605,0.03279211421506993,1.7500000000000002e-06,0.0,1.7500000000000002e-06,18738.35098003996,5.3366488922381554e-05
5,1e-06,mixnet_attribution_oracle,25,0.9992386752950133,0.9990759059899329,0.0020605812149810192,2960.9359725923105,0.2549328370951116,2.0177952667123153,0.03126182428847181,1.7500000000000002e-06,0.0,1.7500000000000002e-06,17863.89959341246,5.597881888950846e-05
5,1e-06,mixnet_attribution_oracle,26,0.9996951451871047,0.9994115004574854,0.0013436908434769448,2963.878439143358,0.26053988258354366,2.039043597467978,0.031674340405520106,1.7500000000000002e-06,0.0,1.7500000000000002e-06,18099.62308886863,5.524976929574879e-05
5,1e-06,mixnet_attribution_oracle,27,0.9997731397459165,0.9995573717645692,0.0009389138240892151,2940.9968995765275,0.2527910918579437,2.0039344905341983,0.03539083138559342,1.7500000000000002e-06,0.0,1.7500000000000002e-06,20223.332220339096,4.944783525804297e-05
5,1e-06,mixnet_attribution_oracle,28,0.9997700444580715,0.9995947495070703,0.0008495745178630088,2980.5633144258777,0.2674732014129404,2.0464237082044923,0.03165030671743269,1.7500000000000002e-06,0.0,1.7500000000000002e-06,18085.88955281868,5.529172325638527e-05
5,1e-06,mixnet_attribution_oracle,29,0.9994667479241258,0.9993390824193927,0.0015165396056661979,2963.0611716309895,0.24333222571294755,1.9513830938473538,0.034100548115598865,1.7500000000000002e-06,0.0,1.7500000000000002e-06,19486.02749462792,5.131882320681775e-05
5,0.03,mixnet_attribution,0,0.022340022718667172,0.013169633865681641,6.4790435767683,2944.8444528587656,0.3390749816026073,2.3398338553593963,0.031231771840713362,0.0525,0.0,0.0525,0.5948908922040641,1.6809805177803467
5,0.03,mixnet_attribution,1,0.0226890756302521,0.012753079434302693,6.47921719003207,2971.7680672268907,0.35447630457929336,2.4222553449208535,0.032171852813222795,0.0525,0.0,0.0525,0.612797196442339,1.631861251659781
5,0.03,mixnet_attribution,2,0.020600532117065754,0.013254507832611813,6.448122000837097,2956.7543899657926,0.3288333792879712,2.266515901990018,0.032634366591028106,0.0525,0.0,0.0525,0.6216069826862497,1.6087335371918443
5,0.03,mixnet_attribution,3,0.020273888761380154,0.012402208535990897,6.484698604246417,2975.691836890827,0.3322307229973376,2.3044325307209554,0.029459795091733673,0.0525,0.0,0.0525,0.5611389541282604,1.7820897883546833
5,0.03,mixnet_attribution,4,0.02258602395028043,0.01252317839302403,6.493910418664322,2947.861755343338,0.352098738134373,2.3897133355145352,0.031456218031308554,0.0525,0.0,0.0525,0.5991660577392106,1.668986397148775
5,0.03,mixnet_attribution,5,0.020815795515420524,0.01255399719645192,6.490031808001874,2976.4638402081578,0.3477336447685957,2.3631887421052022,0.032858497733092726,0.0525,0.0,0.0525,0.6258761472970044,1.597760202747363
5,0.03,mixnet_attribution,6,0.022659873773857503,0.012863926754306728,6.48237330355479,2956.343091780093,0.3443780134257395,2.3538129277394897,0.03353531466350245,0.0525,0.0,0.0525,0.6387678983524276,1.5655138628276364
5,0.03,mixnet_attribution,7,0.021868637357665335,0.012785719880069815,6.483188703773359,2932.849709674987,0.3374966057308484,2.340165457491034,0.03251237479941581,0.0525,0.0,0.0525,0.6192833295126821,1.6147697707072242
5,0.03,mixnet_attribution,8,0.022899582237351074,0.013624371336369612,6.437323342237513,3009.133374593842,0.3658098389278166,2.43252121047915,0.033974805558884776,0.0525,0.0,0.0525,0.6471391535025672,1.5452627067727451
5,0.03,mixnet_attribution,9,0.023397075365579303,0.013095115806423108,6.476535784195092,2916.9548556430445,0.3341796429886017,2.3397357889826034,0.03386665132677436,0.0525,0.0,0.0525,0.6450790728909402,1.5501975525550247
5,0.03,mixnet_attribution,10,0.023268233140067134,0.013627241842811834,6.451037266060279,2967.336512053708,0.34496891702292487,2.369532521866499,0.033330494427130236,0.0525,0.0,0.0525,0.6348665605167664,1.5751341497432525
5,0.03,mixnet_attribution,11,0.019409410165395363,0.01233988200162328,6.501882994947619,2936.7005513178765,0.35708581560174935,2.436589345638054,0.031733647427785845,0.0525,0.0,0.0525,0.6044504271959209,1.6543953896087982
5,0.03,mixnet_attribution,12,0.020348400660759873,0.012516596071692981,6.492065741408993,2919.8893227211292,0.3378704123024363,2.3569645614021337,0.03265904897049447,0.0525,0.0,0.0525,0.6220771232475137,1.6075177218856145
5,0.03,mixnet_attribution,13,0.023307014880048587,0.012698269187522471,6.4716736232627525,2953.2304889158822,0.3469534756732173,2.377497199848621,0.032157779324306704,0.0525,0.0,0.0525,0.6125291299867944,1.632575417305556
5,0.03,mixnet_attribution,14,0.024145785876993165,0.01330075976296714,6.444032862932879,2953.7879271070615,0.36216167465317994,2.4252732178587806,0.03447224054648876,0.0525,0.0,0.0525,0.656614105647405,1.5229645409673696
5,0.03,mixnet_attribution,15,0.023356009070294784,0.0126295716506684,6.499901587917931,2940.9626606198035,0.3644929979054723,2.45165837397989,0.03152916274693475,0.0525,0.0,0.0525,0.6005554808939952,1.6651250913760476
5,0.03,mixnet_attribution,16,0.021362323247681312,0.012307705795103787,6.498693110121692,2956.7067812072373,0.3542549075791612,2.4280531845763824,0.03181242642974463,0.0525,0.0,0.0525,0.6059509796141834,1.6502985119963212
5,0.03,mixnet_attribution,17,0.021716101694915255,0.01278996118211121,6.500891222459452,2943.7528753026636,0.3581246108515188,2.435545809158296,0.033815484004488014,0.0525,0.0,0.0525,0.6441044572283432,1.552543207515
5,0.03,mixnet_attribution,18,0.02247022694929219,0.012770968562430327,6.476315034859743,2912.6626469927346,0.33979808358708397,2.3378947696395818,0.03192212561653673,0.0525,0.0,0.0525,0.6080404879340329,1.644627323087885
5,0.03,mixnet_attribution,19,0.026968882059162504,0.013667274393064258,6.4622022185920684,2988.093507491356,0.3576929083792493,2.433586505184465,0.03563358832052878,0.0525,0.0,0.0525,0.6787350156291196,1.4733290267529513
5,0.03,mixnet_attribution,20,0.02485089463220676,0.013233378463152113,6.455593208345857,2973.553907325279,0.3504765054676682,2.415008226296551,0.03391902179868226,0.0525,0.0,0.0525,0.6460766056891859,1.5478040702824631
5,0.03,mixnet_attribution,21,0.02018109269490485,0.012514429802371203,6.488012745494121,2985.2328882750153,0.3587599686579779,2.4277739169603407,0.031771885044784134,0.0525,0.0,0.0525,0.605178762757793,1.6524043167724705
5,0.03,mixnet_attribution,22,0.022715226773680625,0.01298732367510615,6.469569773655142,2945.0362686454155,0.3473436397325713,2.365958598955455,0.03339663770129416,0.0525,0.0,0.0525,0.6361264324056031,1.572014538396647
5,0.03,mixnet_attribution,23,0.024382833270034182,0.013173974858434086,6.464054195227454,2954.197417394607,0.3491264565673191,2.4013098721545827,0.033111983855925134,0.0525,0.0,0.0525,0.630704454398574,1.585528678330928
5,0.03,mixnet_attribution,24,0.020198255943951703,0.012876840745622651,6.470629306474798,2898.2646642319446,0.35056030660052784,2.3934984317010297,0.034670968433575956,0.0525,0.0,0.0525,0.6603993987347802,1.514235176343044
5,0.03,mixnet_attribution,25,0.02114277053652622,0.012622806344693793,6.484194551088958,2947.145347074871,0.370907282049302,2.481059589610684,0.031620017450904155,0.0525,0.0,0.0525,0.6022860466838886,1.660340639644359
5,0.03,mixnet_attribution,26,0.021923458864868996,0.012738498974807942,6.4858763190996935,2971.215186005653,0.3657593406678643,2.4964795399240227,0.031076117632418163,0.0525,0.0,0.0525,0.5919260501412984,1.6894002211277752
5,0.03,mixnet_attribution,27,0.02570888468809074,0.013341035659929733,6.475039297745436,2940.3399621928165,0.36232228224980645,2.437199190863773,0.03498546206045732,0.0525,0.0,0.0525,0.6663897535325204,1.5006233134573537
5,0.03,mixnet_attribution,28,0.024517593643586834,0.013053505626704364,6.4678253162681525,2943.3132046916385,0.34361011724104173,2.3831251341187514,0.03303926907553157,0.0525,0.0,0.0525,0.6293194109625061,1.58901820376168
5,0.03,mixnet_attribution,29,0.019821605550049554,0.012748597556010688,6.475147283036808,2965.1998932682777,0.3309710352332331,2.3151986921028267,0.03125770940364819,0.0525,0.0,0.0525,0.5953849410218703,1.67958564468171
5,0.03,mixnet_attribution_oracle,0,0.10587880159987925,0.07198360800288314,4.064898659608339,2935.4716625160363,0.3458086436439771,2.381212159093425,0.03496573482724883,0.0525,0.0,0.0525,0.6660139967095016,1.501469946488489
5,0.03,mixnet_attribution_oracle,1,0.10276285495011511,0.0681170178094172,4.098326474982183,2984.7416730621644,0.3412843576516025,2.374100499841508,0.0302562797236073,0.0525,0.0,0.0525,0.5763100899734724,1.7351769774602248
5,0.03,mixnet_attribution_oracle,2,0.10513858135450867,0.07008517751036397,4.0715067282208555,2969.434985111094,0.36532156603061594,2.4534810923173707,0.03266931987130839,0.0525,0.0,0.0525,0.6222727594534931,1.607012334716762
5,0.03,mixnet_attribution_oracle,3,0.1076565777644591,0.07175230703330589,4.075623723076724,2913.0483218459694,0.341828931850614,2.36922564720299,0.034069524238046,0.0525,0.0,0.0525,0.648943318819924,1.5409666314439572
5,0.03,mixnet_attribution_oracle,4,0.09619824534400492,0.06772653844535202,4.103488945294154,2993.2718947206404,0.3437203280918766,2.360932326492063,0.030985651715457526,0.0525,0.0,0.0525,0.5902028898182387,1.694332605365528
5,0.03,mixnet_attribution_oracle,5,0.11256485450033837,0.07178161974903732,4.071424400804481,2924.5422212196404,0.3495316652697511,2.3958164389548724,0.03364414260925992,0.0525,0.0,0.0525,0.6408408116049509,1.5604499306084367
5,0.03,mixnet_attribution_oracle,6,0.09673491133267371,0.06912014169639569,4.085530031227444,2959.9512900525156,0.34835411002859473,2.3937937826103814,0.032669635673209754,0.0525,0.0,0.0525,0.6222787747278049,1.6069968004893251
5,0.03,mixnet_attribution_oracle,7,0.09610547976526179,0.06913730582734354,4.079185141678001,2964.082768081701,0.3410389033087995,2.3445427366920537,0.03239689620236579,0.0525,0.0,0.0525,0.6170837371879199,1.6205256106035915
5,0.03,mixnet_attribution_oracle,8,0.10142252979623222,0.0678822547509945,4.103755511681861,2990.3830834294504,0.35269810401950963,2.4216488092466055,0.03079086011982195,0.0525,0.0,0.0525,0.5864925737108944,1.7050514274592334
5,0.03,mixnet_attribution_oracle,9,0.10233258088788563,0.07077618599055963,4.075480086756234,2927.185477802859,0.3334033756982535,2.325751126474302,0.034460589415920895,0.0525,0.0,0.0525,0.6563921793508742,1.5234794555122972
5,0.03,mixnet_attribution_oracle,10,0.10630726130082532,0.07029520735835246,4.084045841573581,2944.6065722722797,0.3397446925519034,2.3692051283330198,0.03176895177942598,0.0525,0.0,0.0525,0.6051228910366854,1.6525568852416384
5,0.03,mixnet_attribution_oracle,11,0.09683018867924528,0.06794107625005558,4.0978514882763895,2936.1469433962266,0.34533553922665305,2.386904347613732,0.030350685535192403,0.0525,0.0,0.0525,0.5781082959084267,1.7297797092301224
5,0.03,mixnet_attribution_oracle,12,0.11034062333307933,0.06993530342741765,4.0944413617858535,2963.8037034214735,0.3438506461097859,2.328725733994964,0.03225252963285993,0.0525,0.0,0.0525,0.6143338977687607,1.627779296620234
5,0.03,mixnet_attribution_oracle,13,0.09907519708914493,0.06830205921759733,4.088273206833259,2947.82337780473,0.35957335188868456,2.4607501481920364,0.031166845025164834,0.0525,0.0,0.0525,0.5936541909555206,1.6844823387676962
5,0.03,mixnet_attribution_oracle,14,0.10338002436053594,0.06959046363303072,4.085648156685501,2960.4572929354445,0.34428957739146426,2.3572817625694307,0.0326336125597314,0.0525,0.0,0.0525,0.62159262018536,1.6087707085418714
5,0.03,mixnet_attribution_oracle,15,0.09830069343900023,0.06860775862506768,4.085865993063525,2963.3946506134266,0.34491780676762573,2.383513389201327,0.03267372397917807,0.0525,0.0,0.0525,0.6223566472224394,1.6067957247070028
5,0.03,mixnet_attribution_oracle,16,0.09964493465286696,0.067498530273025,4.09034186943893,2938.393064893858,0.3346024315978866,2.3147577770037837,0.030811348982869125,0.0525,0.0,0.0525,0.5868828377689358,1.7039176061129162
5,0.03,mixnet_attribution_oracle,17,0.09698895445604479,0.0685553077208258,4.104243007804095,2942.3141927674383,0.3521375449199695,2.380306697800702,0.03143639286335516,0.0525,0.0,0.0525,0.5987884354924793,1.6700389331626628
5,0.03,mixnet_attribution_oracle,18,0.0988834505965127,0.07037451008266511,4.068072127772988,2973.8653257877027,0.3646581932262052,2.45055238923427,0.0341012670584453,0.0525,0.0,0.0525,0.6495479439703867,1.5395322382016354
5,0.03,mixnet_attribution_oracle,19,0.09736384923332578,0.06918545120191785,4.087459849309141,2938.5331218369965,0.3397412924678065,2.3322845296852464,0.032836510543881196,0.0525,0.0,0.0525,0.6254573436929752,1.5988300562522142
5,0.03,mixnet_attribution_oracle,20,0.0937381404174573,0.06664816625980362,4.1032107146565275,2952.88660341556,0.3625346695771441,2.430670630053779,0.0303082362056464,0.0525,0.0,0.0525,0.5772997372504076,1.732202416655948
5,0.03,mixnet_attribution_oracle,21,0.09614656673480203,0.0675311864303235,4.104924906446791,2944.2509652509652,0.34850307533633895,2.3918217200350194,0.029678632888101106,0.0525,0.0,0.0525,0.5653072931066878,1.7689494053834447
5,0.03,mixnet_attribution_oracle,22,0.09039039039039039,0.0669736063088673,4.104157984094553,2920.031831831832,0.3283282101037912,2.3075780623866105,0.030217349085693526,0.0525,0.0,0.0525,0.57556855401321,1.7374124993928155
5,0.03,mixnet_attribution_oracle,23,0.10077519379844961,0.06894770296375738,4.088029458401507,2955.155114759082,0.36117935413494706,2.441575803655284,0.03321787721916278,0.0525,0.0,0.0525,0.6327214708411958,1.5804742625068684
5,0.03,mixnet_attribution_oracle,24,0.10179869881362419,0.0721213769027457,4.076815163249832,2977.7320321469574,0.35513447964331135,2.4610701824529277,0.033244874524936026,0.0525,0.0,0.0525,0.6332357052368767,1.5791908000922446
5,0.03,mixnet_attribution_oracle,25,0.1028136079052576,0.07167803812731777,4.0623279640695,2933.747529607,0.339645824249601,2.353185582144153,0.033722821057412124,0.0525,0.0,0.0525,0.642339448712612,1.556809257168025
5,0.03,mixnet_attribution_oracle,26,0.10023540132128483,0.06797206229573297,4.099037304906012,2953.2186194851547,0.3542860690795351,2.4016450961996223,0.030056965766569892,0.0525,0.0,0.0525,0.5725136336489504,1.7466832949050302
5,0.03,mixnet_attribution_oracle,27,0.1043656207366985,0.0707693157492848,4.062888954848787,2947.8013490980748,0.3547572143143043,2.381796835782223,0.03358846356826554,0.0525,0.0,0.0525,0.6397802584431531,1.5630366626713503
5,0.03,mixnet_attribution_oracle,28,0.10720802919708029,0.07105167215782422,4.070738246425072,2957.652828467153,0.3436303501657676,2.3622084369331455,0.032697306561041244,0.0525,0.0,0.0525,0.6228058392579284,1.6056368405143686
5,0.03,mixnet_attribution_oracle,29,0.10195839365998628,0.06786937119782817,4.0979987960722735,2963.3815438543015,0.35052811380592175,2.4193210576453903,0.03127271154921438,0.0525,0.0,0.0525,0.5956706961755119,1.678779913835738
5,0.06,mixnet_attribution,0,0.016454921169447422,0.010945645014534919,6.577394949322312,2976.898897902954,0.4457755741314031,2.7518690733377777,0.03229936483562611,0.105,0.0,0.105,0.3076129984345344,3.2508379200133772
5,0.06,mixnet_attribution,1,0.016397176041903893,0.010959939230283662,6.57609281355659,2952.083048660138,0.45481875227415003,2.7958784819675033,0.032470246759056194,0.105,0.0,0.105,0.3092404453243447,3.233729659621842
5,0.06,mixnet_attribution,2,0.01918119787717968,0.011393480214156636,6.560224199772517,2948.5816527672478,0.44780426754732616,2.7970249382039603,0.03281277287716531,0.105,0.0,0.105,0.3125025988301458,3.1999733882006174
5,0.06,mixnet_attribution,3,0.017459591338822814,0.010885338203027348,6.586182301884722,2965.4354223848736,0.45489854912739247,2.8180657499020336,0.030747156200667414,0.105,0.0,0.105,0.2928300590539754,3.414949965282344
5,0.06,mixnet_attribution,4,0.015703613355694465,0.011273448009394465,6.565961211983421,2964.21276109163,0.44479149518883787,2.754509133665576,0.03588763228150905,0.105,0.0,0.105,0.34178697410961,2.925799037851288
5,0.06,mixnet_attribution,5,0.018875075803517282,0.011070512679289388,6.573317775426945,2948.3724984839296,0.4400999778590631,2.7543906630033073,0.032777938358404264,0.105,0.0,0.105,0.3121708415086121,3.2033741369544675
5,0.06,mixnet_attribution,6,0.017784168306341757,0.011141838684830296,6.565003305750464,2943.4016951717877,0.43891354714287445,2.7313028561022765,0.03370083743502632,0.105,0.0,0.105,0.3209603565240602,3.115649579997388
5,0.06,mixnet_attribution,7,0.017421602787456445,0.010899254172906256,6.578110415304437,2945.7629147098924,0.4512112879019696,2.799624457291991,0.031104291931968522,0.105,0.0,0.105,0.29623135173303355,3.375739921347722
5,0.06,mixnet_attribution,8,0.020663033605812897,0.011649669619997423,6.548642582376452,2943.80472297911,0.4563157254306134,2.802975301452884,0.03486159011156957,0.105,0.0,0.105,0.3320151439197102,3.0119108068209854
5,0.06,mixnet_attribution,9,0.018778263202268723,0.011319360581259336,6.55959449119002,2982.047137272936,0.4332339069515001,2.710810147252522,0.03315777794406636,0.105,0.0,0.105,0.31578836137206057,3.166677820725014
5,0.06,mixnet_attribution,10,0.01651069010119455,0.010869790989398295,6.5869485442276945,2959.4928098607625,0.43977389819337986,2.7731766403469225,0.0309987288811044,0.105,0.0,0.105,0.29522598934385147,3.387235663846973
5,0.06,mixnet_attribution,11,0.016986762567908792,0.011167694102075505,6.569886266189365,2975.902746958451,0.44296689686598256,2.760275847170739,0.031862354237109425,0.105,0.0,0.105,0.3034509927343755,3.2954250404293313
5,0.06,mixnet_attribution,12,0.01955671447196871,0.011089976839107982,6.573094334435482,2981.966715238899,0.4427984489011578,2.756868095486526,0.03311040438193899,0.105,0.0,0.105,0.3153371845898952,3.1712086264121626
5,0.06,mixnet_attribution,13,0.01659182586193774,0.011049640662745986,6.571880581438472,2959.844508714514,0.4412668085133191,2.772168126300669,0.03150053730024143,0.105,0.0,0.105,0.3000051171451565,3.3332764771347327
5,0.06,mixnet_attribution,14,0.01721545632235754,0.010961983030781287,6.576421825710494,2924.6743346865132,0.4428466263052542,2.7473926218806977,0.032697951039053895,0.105,0.0,0.105,0.311409057514799,3.2112103866872186
5,0.06,mixnet_attribution,15,0.019023175058503813,0.011401044160918066,6.564114819555862,2935.7605495583907,0.4450851378205698,2.7748309725447857,0.03409954985593348,0.105,0.0,0.105,0.32475761767555694,3.0792195335015404
5,0.06,mixnet_attribution,16,0.01676187612748046,0.01081581568506531,6.590457091968971,2923.1143265183405,0.45696960503119044,2.803183357565528,0.030346292479989143,0.105,0.0,0.105,0.28901230933322997,3.4600602386350414
5,0.06,mixnet_attribution,17,0.021705900336288598,0.01153549671055369,6.550087482923318,2973.199556710486,0.4314098520844709,2.709847887767311,0.035086316718759836,0.105,0.0,0.105,0.3341553973215223,2.9926196255265216
5,0.06,mixnet_attribution,18,0.016604746379558725,0.010971115192880958,6.573656567793411,2948.3348244749413,0.4364036771294195,2.750663015204766,0.03169682979231641,0.105,0.0,0.105,0.30187456945063246,3.3126341242319737
5,0.06,mixnet_attribution,19,0.015589526260027244,0.010947436288328132,6.57674718440198,2942.535114272741,0.42873054405208677,2.719832681217846,0.032315449653432055,0.105,0.0,0.105,0.3077661871755434,3.249219835282363
5,0.06,mixnet_attribution,20,0.019799726900318615,0.011167876076674578,6.568449128215892,2950.9274010013655,0.4459612545615528,2.812081569075302,0.03159136075068694,0.105,0.0,0.105,0.3008701023874947,3.32369348786968
5,0.06,mixnet_attribution,21,0.016470047495020682,0.011079118066254839,6.57067538276576,2979.597594607017,0.44575303595047444,2.770090614871454,0.032608296254478045,0.105,0.0,0.105,0.31055520242360046,3.2200394396742062
5,0.06,mixnet_attribution,22,0.02158111652304234,0.01168763017885645,6.565643383824759,2914.2953165979766,0.457368601084454,2.813004696292439,0.033489208244187434,0.105,0.0,0.105,0.3189448404208327,3.135338382274963
5,0.06,mixnet_attribution,23,0.017643067179371183,0.011316206706747066,6.560326705627283,2932.177410842193,0.4498121174692642,2.809165110660593,0.033086879572171164,0.105,0.0,0.105,0.3151131387825825,3.17346335942522
5,0.06,mixnet_attribution,24,0.018720630589661967,0.011072497353421236,6.572701151031091,2948.0269061694707,0.4359467021713499,2.7242399344521724,0.0315185533347348,0.105,0.0,0.105,0.3001766984260457,3.3313711731904103
5,0.06,mixnet_attribution,25,0.01704632319217245,0.011106826713671901,6.571285973903733,2972.2611221525763,0.44241779058938846,2.7869526840445937,0.0334544235408641,0.105,0.0,0.105,0.31861355753203907,3.138598394073178
5,0.06,mixnet_attribution,26,0.017367869441533165,0.01110259213508223,6.566775476991475,2911.3662224883965,0.44986907654674724,2.7669401263603555,0.03339780341619467,0.105,0.0,0.105,0.3180743182494731,3.1439193377934926
5,0.06,mixnet_attribution,27,0.018946395563770795,0.011303637761904219,6.559120698893272,2994.9591035120147,0.45939773254212923,2.8259202294708214,0.03253362558052265,0.105,0.0,0.105,0.30984405314783475,3.227430024364139
5,0.06,mixnet_attribution,28,0.019783218373379822,0.011148553770331068,6.568592015618795,2948.4655499128326,0.44508274702820927,2.7711410136881516,0.035293985887720744,0.105,0.0,0.105,0.3361331989306738,2.9750111062556672
5,0.06,mixnet_attribution,29,0.01668545659526494,0.011257367302060629,6.56824521122358,2922.9907553551297,0.44064693021937273,2.7357329636313494,0.03497581006423981,0.105,0.0,0.105,0.3331029529927601,3.002074857084004
5,0.06,mixnet_attribution_oracle,0,0.07816074424279396,0.055769369047758824,4.266669746649189,2965.6596004270245,0.4506662872445304,2.7729403578061813,0.030837893079828513,0.105,0.0,0.105,0.2936942198078906,3.4049018760196015
5,0.06,mixnet_attribution_oracle,1,0.07179603570888182,0.05526197119265472,4.266117646457878,2943.0984263882583,0.4460738633351866,2.7988669253811658,0.02989680282237413,0.105,0.0,0.105,0.2847314554511822,3.5120812290142354
5,0.06,mixnet_attribution_oracle,2,0.0735058392489123,0.055930382175117234,4.264732235172979,2969.0247309365695,0.43712321514612995,2.7379754653039856,0.03263417879782241,0.105,0.0,0.105,0.31080170283640396,3.2174855892805967
5,0.06,mixnet_attribution_oracle,3,0.07394021534523003,0.0564263584748974,4.256856749721848,2928.7349597168886,0.45453040552092716,2.8303559625477375,0.033588732190251575,0.105,0.0,0.105,0.3198926875262055,3.1260483249342186
5,0.06,mixnet_attribution_oracle,4,0.07605251244907198,0.056453669610001686,4.25573892093637,2934.731552738796,0.44214451778680086,2.7415495190182044,0.03324600888375858,0.105,0.0,0.105,0.31662865603579604,3.158273835729342
5,0.06,mixnet_attribution_oracle,5,0.07812025508654723,0.05646708627240017,4.252667399804347,2952.9627998785304,0.4654108524264302,2.8657262482839263,0.03334696619838629,0.105,0.0,0.105,0.31759015427034565,3.148712220936041
5,0.06,mixnet_attribution_oracle,6,0.0811542627262881,0.0562749410609979,4.261594592500779,3009.1835061117126,0.4534508908109274,2.838881760216376,0.03189534632372578,0.105,0.0,0.105,0.3037652030831027,3.2920163002555123
5,0.06,mixnet_attribution_oracle,7,0.07249809014514896,0.05560906719419654,4.258450052403176,2971.7397249809014,0.44197847467148677,2.73476332962546,0.03291878247272326,0.105,0.0,0.105,0.31351221402593576,3.189668393325414
5,0.06,mixnet_attribution_oracle,8,0.08007619047619048,0.05642181975923755,4.258895606189528,2963.528152380952,0.4388081236393191,2.753294875125241,0.032359211804060345,0.105,0.0,0.105,0.3081829695624795,3.2448256353025533
5,0.06,mixnet_attribution_oracle,9,0.08124009957003847,0.05579345725770507,4.261784722391818,2933.0841065097684,0.4553103760408703,2.8283932611735896,0.03183643121273904,0.105,0.0,0.105,0.30320410678799087,3.2981083620322766
5,0.06,mixnet_attribution_oracle,10,0.07787878787878788,0.05639194805753401,4.251148880991078,2946.5398484848483,0.4439476787520107,2.7582977437623053,0.03359638433783835,0.105,0.0,0.105,0.31996556512227,3.1253363142932744
5,0.06,mixnet_attribution_oracle,11,0.07172393053153898,0.055967939383337904,4.260576055156339,2923.9303059920308,0.4466986322076991,2.7641819103836793,0.033466020765470346,0.105,0.0,0.105,0.3187240072901938,3.1375107526478665
5,0.06,mixnet_attribution_oracle,12,0.07982550130108679,0.05713912689902136,4.261877516234387,2976.666079902036,0.44640661199809983,2.769756367925245,0.031977340868830646,0.105,0.0,0.105,0.3045461035126728,3.28357509246014
5,0.06,mixnet_attribution_oracle,13,0.08173369896404631,0.055830519289622335,4.263479129905023,2962.389472882389,0.4473130906408187,2.7499097702347495,0.03232452984012395,0.105,0.0,0.105,0.3078526651440376,3.24830710668729
5,0.06,mixnet_attribution_oracle,14,0.07805177844357379,0.05707442877550376,4.249046751406208,2988.7898133210415,0.43930672833812423,2.7556783300056926,0.035822427138227246,0.105,0.0,0.105,0.3411659727450214,2.9311246721177966
5,0.06,mixnet_attribution_oracle,15,0.07647058823529412,0.05598330541949569,4.258317541350009,2971.916883116883,0.4457097112026531,2.7487843647285928,0.03208062693599127,0.105,0.0,0.105,0.305529780342774,3.2730033677178683
5,0.06,mixnet_attribution_oracle,16,0.07836966533619896,0.05628886917180647,4.259590069204307,2985.7372582130797,0.44544439131277613,2.779192813264182,0.03282552373621014,0.105,0.0,0.105,0.3126240355829537,3.1987303795605104
5,0.06,mixnet_attribution_oracle,17,0.07677060303423039,0.056171484112435145,4.261094751170583,2965.1377601585727,0.4556900263414718,2.7997258836171985,0.032110618727637465,0.105,0.0,0.105,0.30581541645369015,3.269946334283088
5,0.06,mixnet_attribution_oracle,18,0.0804416403785489,0.056461865619359626,4.254159528594417,2920.868709628962,0.45336852510808967,2.7769424413407693,0.03291228484064024,0.105,0.0,0.105,0.3134503318156213,3.190298106266555
5,0.06,mixnet_attribution_oracle,19,0.07634854771784233,0.05545723189419658,4.268884777863115,2934.016672953602,0.445262703782646,2.751104726594431,0.031518994701804824,0.105,0.0,0.105,0.30018090192195074,3.3313245233036426
5,0.06,mixnet_attribution_oracle,20,0.08195225786832902,0.05605981598658414,4.25510655977963,2957.0476661091684,0.4475222646142356,2.7720756621760207,0.03405082689900131,0.105,0.0,0.105,0.3242935895142982,3.0836255551573575
5,0.06,mixnet_attribution_oracle,21,0.07169202397418165,0.05645323259469595,4.257975177001887,2988.51483018288,0.44845560885732993,2.793017563818626,0.03453294007222117,0.105,0.0,0.105,0.32888514354496357,3.0405751662153904
5,0.06,mixnet_attribution_oracle,22,0.07272863455920905,0.05692317196787695,4.256131818060153,2913.1694255111975,0.4376689310593065,2.7458693886808216,0.0346209627409912,0.105,0.0,0.105,0.32972345467610664,3.0328446030092646
5,0.06,mixnet_attribution_oracle,23,0.07664843512610149,0.05622975836324059,4.256396972695651,2954.5711789729567,0.435698503482854,2.7346209139947093,0.034135504222187925,0.105,0.0,0.105,0.32510004021131356,3.075976242113057
5,0.06,mixnet_attribution_oracle,24,0.0808940926024481,0.05640200719105304,4.260349528074498,2956.8121341138904,0.4295749093289487,2.721433720430438,0.03166260615777218,0.105,0.0,0.105,0.3015486300740208,3.31621470060909
5,0.06,mixnet_attribution_oracle,25,0.07383966244725738,0.0556600442216969,4.263176007937483,2930.358725135624,0.4376895147142932,2.742037271190995,0.03325381008636002,0.105,0.0,0.105,0.3167029532034287,3.157532918102178
5,0.06,mixnet_attribution_oracle,26,0.07241851964666464,0.056417248627095656,4.256750287993826,2961.590770636613,0.4335082074685488,2.7127328169975824,0.034836161847089,0.105,0.0,0.105,0.33177296997227623,3.014109317234501
5,0.06,mixnet_attribution_oracle,27,0.07363366110221815,0.05594354500945443,4.257749449749002,2964.6986813019284,0.45255785662448034,2.8218124486040894,0.03194854125208003,0.105,0.0,0.105,0.3042718214483812,3.286535030552104
5,0.06,mixnet_attribution_oracle,28,0.07644186756179433,0.05626407892756523,4.258630780940006,2967.161351846201,0.4569746991619468,2.818796415826383,0.03292680035408452,0.105,0.0,0.105,0.31358857480080493,3.1888916891669647
5,0.06,mixnet_attribution_oracle,29,0.07373061720887808,0.05609783500109046,4.262124933554405,2957.3791425965337,0.43749641845352016,2.7241172105337204,0.03170724953196714,0.105,0.0,0.105,0.3019738050663537,3.3115455156127425
5,0.12,mixnet_attribution,0,0.014182783466059917,0.010416755930751233,6.617674232277735,2949.2845657944636,0.6448138674895745,3.5562929830224883,0.03661504958075936,0.21,0.0,0.21,0.17435737895599696,5.735346596672416
5,0.12,mixnet_attribution,1,0.015207991650514388,0.010378937631360993,6.622993540597295,2899.794766661697,0.6306741596199572,3.531750902341178,0.031786620581467695,0.21,0.0,0.21,0.15136485991175094,6.606553202526809
5,0.12,mixnet_attribution,2,0.015165097863439414,0.010469523209919594,6.614657312344096,2905.365680561781,0.6358048146648798,3.5016670065609903,0.03327109225294092,0.21,0.0,0.21,0.158433772633052,6.311785570593569
5,0.12,mixnet_attribution,3,0.013902605788953885,0.010406837725641932,6.618681035659336,2954.980703487047,0.6452543231716845,3.554122784181975,0.034422358503635724,0.21,0.0,0.21,0.16391599287445582,6.100685982275723
5,0.12,mixnet_attribution,4,0.012880035944286355,0.010316008586365416,6.626665324205397,2911.082896510409,0.6460438392532524,3.526619151374626,0.029400578503096818,0.21,0.0,0.21,0.14000275477665153,7.142716595793525
5,0.12,mixnet_attribution,5,0.014177909901669335,0.010352465034124287,6.62357354233567,2964.166552328684,0.6308330463652965,3.5067790536571875,0.032713372279103974,0.21,0.0,0.21,0.15577796323382845,6.419393213525094
5,0.12,mixnet_attribution,6,0.014598540145985401,0.010342477595720106,6.623116423084897,2987.4516327314636,0.6285517316719051,3.5145207761620614,0.03351414973075229,0.21,0.0,0.21,0.15959118919405854,6.266010078940055
5,0.12,mixnet_attribution,7,0.014827018121911038,0.010345991410802901,6.626590359768869,2912.4469821776247,0.6484172742057126,3.525363197539316,0.03275777665720797,0.21,0.0,0.21,0.1559894126533713,6.410691488544352
5,0.12,mixnet_attribution,8,0.014030806771389355,0.010333546452834642,6.626322690738582,2965.51021808754,0.6371061196841765,3.5330715712401237,0.0329897885164517,0.21,0.0,0.21,0.1570942310307224,6.3656061297657285
5,0.12,mixnet_attribution,9,0.013770787869666642,0.010375920928927954,6.620758452981032,2926.459176762736,0.6542010707780719,3.6146067611279737,0.03355843735329273,0.21,0.0,0.21,0.1598020826347273,6.257740722226893
5,0.12,mixnet_attribution,10,0.012582985950285626,0.010307725860680485,6.625762277609421,3002.7397714991507,0.6279679767321795,3.5369982670583955,0.031639688989604085,0.21,0.0,0.21,0.15066518566478138,6.637233383330668
5,0.12,mixnet_attribution,11,0.013014852243148063,0.010300361233819357,6.625297205398289,2977.532766804471,0.6378159347805195,3.5226861294705536,0.0313477486706959,0.21,0.0,0.21,0.1492749936699805,6.699045670106111
5,0.12,mixnet_attribution,12,0.013286229936256815,0.01053168462951945,6.610738714584102,2987.2701789417097,0.6473824310523923,3.604810507770848,0.03445232473765437,0.21,0.0,0.21,0.16405868922692557,6.095379676091417
5,0.12,mixnet_attribution,13,0.01451346067077756,0.01031596646119328,6.6237610977038495,2924.4633779515716,0.6506848997087218,3.6071402298943065,0.032274510865674934,0.21,0.0,0.21,0.15368814697940444,6.506682653503582
5,0.12,mixnet_attribution,14,0.013164903736397534,0.010288547886009223,6.627160839064329,2959.723765314664,0.6479172229592223,3.6188857978532663,0.030359160663924734,0.21,0.0,0.21,0.14456743173297493,6.917187280791309
5,0.12,mixnet_attribution,15,0.012987012987012988,0.010361042027243975,6.619163794436907,2970.769213139801,0.6425038921297528,3.574531422152352,0.03285199329157959,0.21,0.0,0.21,0.15643806329323615,6.392306187820446
5,0.12,mixnet_attribution,16,0.01255039172434776,0.010306329904733059,6.628203254878684,2959.0250247204685,0.6335224619251676,3.529746205748416,0.031144826724579945,0.21,0.0,0.21,0.14830869868847593,6.742692834899126
5,0.12,mixnet_attribution,17,0.012959454338764683,0.010331651443116756,6.626527331109457,2947.0297082228117,0.6504478129791096,3.542711348590393,0.031190479848074253,0.21,0.0,0.21,0.1485260945146393,6.732823637946234
5,0.12,mixnet_attribution,18,0.01569692853369557,0.010368101745647399,6.623659870986866,2934.778054486454,0.6281698788516223,3.465761798729282,0.031319228380362094,0.21,0.0,0.21,0.14913918276362903,6.705146035196544
5,0.12,mixnet_attribution,19,0.016089675156321488,0.010350045542289929,6.62409655795231,2965.3208021961264,0.6515641643782146,3.550026000901567,0.032049213703719076,0.21,0.0,0.21,0.15261530335104323,6.552422843860005
5,0.12,mixnet_attribution,20,0.015267175572519083,0.010281585475097065,6.6279959210228245,2910.700868133513,0.6498406041937415,3.5901260325538678,0.031167678062684608,0.21,0.0,0.21,0.14841751458421243,6.737749266327983
5,0.12,mixnet_attribution,21,0.015807918872567297,0.010308744577381583,6.6265362805231955,2900.003653717098,0.648333862045547,3.52041921891925,0.03188176196683722,0.21,0.0,0.21,0.1518179141277963,6.586837961416243
5,0.12,mixnet_attribution,22,0.013328255902513329,0.010383322705844793,6.619093480556441,2961.8238385377,0.6275399741716683,3.4881870461539854,0.034481856692516084,0.21,0.0,0.21,0.16419931758340994,6.090159293701207
5,0.12,mixnet_attribution,23,0.011613691931540342,0.010340431778872068,6.621334717137558,2972.06211797066,0.6377238938875962,3.5073289211129763,0.033296348708015414,0.21,0.0,0.21,0.15855404146674007,6.306997858580416
5,0.12,mixnet_attribution,24,0.016453104860110698,0.010325148568054011,6.625258074077622,2949.174387747365,0.6421820163959637,3.549433254955254,0.029463579106300732,0.21,0.0,0.21,0.14030275764905112,7.12744365653431
5,0.12,mixnet_attribution,25,0.013539355924424385,0.010340973275686767,6.6233487715423305,2973.8060123919527,0.6403369999025017,3.5068535038399746,0.03331911338861928,0.21,0.0,0.21,0.15866244470771088,6.302688716552978
5,0.12,mixnet_attribution,26,0.013987077156974535,0.010352257852291461,6.623162638926788,2956.631470923603,0.6448438267689198,3.6071254531283166,0.032516908278494544,0.21,0.0,0.21,0.15484242037378354,6.458178563639338
5,0.12,mixnet_attribution,27,0.015306503397297095,0.010475426330031956,6.618253334954276,2904.676920779512,0.6530357671435922,3.616724363424062,0.031179039043360696,0.21,0.0,0.21,0.1484716144921938,6.735294173369261
5,0.12,mixnet_attribution,28,0.013873349742671738,0.01030452156273708,6.625422803167159,2900.4751249347355,0.6436451420595404,3.535694756805504,0.030014273794309963,0.21,0.0,0.21,0.14292511330623792,6.996671031894542
5,0.12,mixnet_attribution,29,0.014163025463311737,0.01041457849120404,6.617139754831676,2929.8982974235346,0.6286783747491427,3.502236769366281,0.03179013951471453,0.21,0.0,0.21,0.15138161673673586,6.605821905965478
5,0.12,mixnet_attribution_oracle,0,0.06540227289832166,0.05176167342398673,4.326457688111489,2927.063897042222,0.6331530815223232,3.543056338016824,0.03123732559793588,0.21,0.0,0.21,0.1487491695139804,6.722726609280421
5,0.12,mixnet_attribution_oracle,1,0.06384912519881845,0.051672966258852225,4.327595554295423,2945.8859350147695,0.6438430312264245,3.566495567963405,0.0336962742833508,0.21,0.0,0.21,0.16045844896833714,6.23214300293609
5,0.12,mixnet_attribution_oracle,2,0.056986004793937985,0.05157845381702283,4.327480923007408,3006.981906750174,0.6290560877532698,3.4635726952140766,0.030923394748390128,0.21,0.0,0.21,0.14725426070661965,6.790974978933469
5,0.12,mixnet_attribution_oracle,3,0.06281179138321996,0.0517849270149713,4.329226496019354,2940.3780801209373,0.6390068534819875,3.5802468905562264,0.03169996524286627,0.21,0.0,0.21,0.15095221544222034,6.624612941721069
5,0.12,mixnet_attribution_oracle,4,0.06560621051830429,0.05201703313164867,4.320426399994865,2959.034325291118,0.6377783924690448,3.58791375344675,0.032898166448694616,0.21,0.0,0.21,0.15665793546997436,6.3833344732904616
5,0.12,mixnet_attribution_oracle,5,0.0627047619047619,0.05158792563138092,4.3273131349136325,2963.1077333333333,0.6347993238887284,3.521179509576786,0.031034678501420342,0.21,0.0,0.21,0.14778418334009688,6.766623987755796
5,0.12,mixnet_attribution_oracle,6,0.06687046236148261,0.05167424537695851,4.327841822960664,2972.5369507069163,0.6597657988022547,3.638537148509772,0.03344202585816135,0.21,0.0,0.21,0.15924774218172072,6.27952388084021
5,0.12,mixnet_attribution_oracle,7,0.06174996202339359,0.0519306178422875,4.323766289351112,2954.1699073370805,0.6309268892218824,3.4873103144653346,0.035530061961407906,0.21,0.0,0.21,0.16919077124479956,5.910487863153689
5,0.12,mixnet_attribution_oracle,8,0.06389436940355138,0.05190326043471775,4.326375639254438,2952.132493549856,0.6303161022078712,3.539616441131678,0.03341112832986682,0.21,0.0,0.21,0.1591006110946039,6.28533098094377
5,0.12,mixnet_attribution_oracle,9,0.06403940886699508,0.05171942925365212,4.325710440162728,2902.166815942678,0.6355348534416407,3.5232503030750086,0.03118980233744834,0.21,0.0,0.21,0.14852286827356354,6.73296988958027
5,0.12,mixnet_attribution_oracle,10,0.07265148131606372,0.05175210711419049,4.329421110300559,2895.0036474616645,0.6444304370670579,3.5676141089678435,0.030672762670325274,0.21,0.0,0.21,0.14606077462059655,6.846465127941245
5,0.12,mixnet_attribution_oracle,11,0.06782635233081559,0.05209568931475958,4.320384786383302,2967.427023727779,0.6422568300040439,3.52552931090531,0.03359909045584445,0.21,0.0,0.21,0.15999566883735453,6.250169190620789
5,0.12,mixnet_attribution_oracle,12,0.06108083560399637,0.051670151921876455,4.325387172227157,2943.857553739025,0.64069048356032,3.5531113812818296,0.029868317472522058,0.21,0.0,0.21,0.142230083202486,7.030861386591113
5,0.12,mixnet_attribution_oracle,13,0.06280084235860409,0.051698067204182324,4.329194994570684,2925.7722623345367,0.6278317788091954,3.5171352409023604,0.030258158076622122,0.21,0.0,0.21,0.1440864670315339,6.940277047539419
5,0.12,mixnet_attribution_oracle,14,0.06225504974374435,0.0517217833018679,4.32493274551919,2931.5182393729274,0.6474128404515795,3.5634499211345636,0.0329150898199408,0.21,0.0,0.21,0.15673852295209903,6.380052466780044
5,0.12,mixnet_attribution_oracle,15,0.06093785396058295,0.051833588774511795,4.321726472584295,2936.483047647814,0.6394436649570707,3.563525137621836,0.033549390106408616,0.21,0.0,0.21,0.15975900050670772,6.25942824396935
5,0.12,mixnet_attribution_oracle,16,0.0689862931164332,0.05190772341125756,4.326542640679084,2928.6462569664104,0.631891593337059,3.511120084451211,0.032576230344496734,0.21,0.0,0.21,0.1551249064023654,6.446418071680793
5,0.12,mixnet_attribution_oracle,17,0.06196450428396573,0.05174804371172549,4.327140317430039,2974.6939259485926,0.633721982332645,3.524818314704827,0.03029297405819065,0.21,0.0,0.21,0.14425225741995548,6.932300526075944
5,0.12,mixnet_attribution_oracle,18,0.0677940736306495,0.05191960083105368,4.323721962688069,2909.3106854235257,0.6262339751119725,3.471745770924807,0.03457172456453203,0.21,0.0,0.21,0.1646272598311049,6.074328158203715
5,0.12,mixnet_attribution_oracle,19,0.06544958715248844,0.05171577874818503,4.325302588094279,2946.5806378304674,0.6538280117092654,3.6102528991613947,0.03270233598985978,0.21,0.0,0.21,0.1557254094755228,6.421559611677771
5,0.12,mixnet_attribution_oracle,20,0.05864639012271324,0.051343801144358804,4.332219418944678,2927.512083113754,0.6535564497171436,3.623680386256816,0.02982130614311326,0.21,0.0,0.21,0.14200621972911076,7.041945077529612
5,0.12,mixnet_attribution_oracle,21,0.05898041606340014,0.05162970697329506,4.327693717578601,2963.664253600549,0.6573381075286306,3.577998495855661,0.0310032415781648,0.21,0.0,0.21,0.1476344837055467,6.773485265098873
5,0.12,mixnet_attribution_oracle,22,0.06001074361138823,0.05130421157596631,4.332869842107806,2985.199524211496,0.6368317919841502,3.5224434975180143,0.028933532416568635,0.21,0.0,0.21,0.13777872579318398,7.2580145754945775
5,0.12,mixnet_attribution_oracle,23,0.06367127496159754,0.05185465338549547,4.3251659001999245,2986.839861751152,0.6442519045667723,3.547447684735945,0.031636307702892504,0.21,0.0,0.21,0.15064908429948812,6.637942770445355
5,0.12,mixnet_attribution_oracle,24,0.06368304084604184,0.05172013831730295,4.329126407279085,2980.03226300866,0.6529094462457579,3.583992156635934,0.030930544869995,0.21,0.0,0.21,0.1472883089047381,6.789405129546104
5,0.12,mixnet_attribution_oracle,25,0.06298190701580274,0.051810814913635546,4.325920304175412,2969.7169249561034,0.6399696435546502,3.531630664493719,0.03631737062889011,0.21,0.0,0.21,0.17293986013757195,5.782356937287389
5,0.12,mixnet_attribution_oracle,26,0.06529551188928817,0.052135970701320936,4.321271109094765,2974.274409358514,0.6373527163232211,3.555814878491502,0.034133322329704695,0.21,0.0,0.21,0.16253963014145092,6.1523457333435845
5,0.12,mixnet_attribution_oracle,27,0.06570391652805081,0.05205606148589608,4.319537948256751,2939.815892938152,0.6438578513334505,3.6011198499980486,0.03456523146449047,0.21,0.0,0.21,0.16459634030709747,6.075469224493319
5,0.12,mixnet_attribution_oracle,28,0.06565656565656566,0.05208628425309532,4.321407679895148,2975.6314661769206,0.6504857364343479,3.5045249155291773,0.03305144065308183,0.21,0.0,0.21,0.157387812633723,6.353732117284238
5,0.12,mixnet_attribution_oracle,29,0.06536241661044899,0.05174980318331447,4.3247584098130805,2915.930065212503,0.6391375580569729,3.540686562139588,0.033066969780698126,0.21,0.0,0.21,0.15746176086046726,6.350748235859862
5,0.25,mixnet_attribution,0,0.014354789966757328,0.010134818324643685,6.639621038923469,2937.9301148383197,1.0652750533190556,5.28815908766444,0.03472506817775662,0.4375,0.0,0.4375,0.07937158440630085,12.598967344295774
5,0.25,mixnet_attribution,1,0.011657641395908544,0.010078695051493718,6.644539404433735,2924.4478790613716,1.0675873406871688,5.187443441221257,0.03153219426008416,0.4375,0.0,0.4375,0.07207358688019237,13.874708381897184
5,0.25,mixnet_attribution,2,0.01319360675512666,0.010126713477664898,6.641350424706435,2932.3042822677926,1.067663833819097,5.215453456230087,0.03322965765193794,0.4375,0.0,0.4375,0.07595350320442958,13.165949664079227
5,0.25,mixnet_attribution,3,0.013221884498480243,0.010113141824064687,6.6410030313164095,2955.164209726444,1.064845360640902,5.222871775420952,0.03289362568155703,0.4375,0.0,0.4375,0.07518543012927321,13.300449279609204
5,0.25,mixnet_attribution,4,0.01543854415274463,0.010116213510355304,6.641699923351103,2900.6179146778045,1.0666110856400337,5.1816329017920095,0.03166483795525792,0.4375,0.0,0.4375,0.07237677246916097,13.816587364766647
5,0.25,mixnet_attribution,5,0.009481908518546613,0.010094438779814219,6.642475752638853,2950.4454221345673,1.0518314177752472,5.13669015568286,0.030896729161453147,0.4375,0.0,0.4375,0.07062109522617863,14.160074929414415
5,0.25,mixnet_attribution,6,0.010814542107685227,0.010131284879502912,6.6383899768655175,2983.134759932505,1.0621765702380799,5.2075162486359,0.03329764474485265,0.4375,0.0,0.4375,0.07610890227394893,13.139067443129933
5,0.25,mixnet_attribution,7,0.015591724977182841,0.010103620369978238,6.644232407335619,2958.1403255247947,1.0671392635267694,5.251503840995512,0.03170420651708009,0.4375,0.0,0.4375,0.07246675775332592,13.79943067694517
5,0.25,mixnet_attribution,8,0.013548095739876562,0.010107020953641487,6.644245921307222,2926.978699382809,1.0731972057255916,5.218640506702629,0.0327053366389927,0.4375,0.0,0.4375,0.07475505517484046,13.377021763426638
5,0.25,mixnet_attribution,9,0.011720831113478956,0.01010415357172607,6.641540486063944,2959.93926478423,1.0649419060209766,5.22366634588708,0.03403038258926712,0.4375,0.0,0.4375,0.07778373163261056,12.856158723821801
5,0.25,mixnet_attribution,10,0.014134812675735239,0.010106284580491893,6.640956219082264,2955.3893912911317,1.0783332920691464,5.280365360447299,0.034536302397076064,0.4375,0.0,0.4375,0.07894011976474528,12.667829780093653
5,0.25,mixnet_attribution,11,0.01266112424681565,0.010110123008607292,6.64045862532546,2965.993516894211,1.0615044604928698,5.255649960381358,0.030905310034560513,0.4375,0.0,0.4375,0.07064070865042403,14.156143378298307
5,0.25,mixnet_attribution,12,0.010016056273415399,0.010085472434399226,6.644120219393566,2972.931340316538,1.0578104928135872,5.20068157445615,0.0327589661469666,0.4375,0.0,0.4375,0.07487763690735223,13.355122320931713
5,0.25,mixnet_attribution,13,0.012663919070813039,0.01009508505389019,6.640969564403461,2913.4787560884224,1.0504161241697147,5.155443412776014,0.03399643245098513,0.4375,0.0,0.4375,0.07770613131653745,12.868997375850311
5,0.25,mixnet_attribution,14,0.012267080745341614,0.010120643850952384,6.641930737953464,3019.719409937888,1.062866835767636,5.204076989054527,0.031059861610560232,0.4375,0.0,0.4375,0.07099396939556625,14.085703455009977
5,0.25,mixnet_attribution,15,0.010149208513216693,0.010110002408942357,6.640140417329423,2945.6487919412257,1.074637502519181,5.284509112574634,0.03278127108200951,0.4375,0.0,0.4375,0.07492861961602174,13.346035268293843
5,0.25,mixnet_attribution,16,0.012783661119515885,0.010164090242069022,6.63972874210727,2941.7315431164902,1.080327032628702,5.270338942061917,0.0369637145409993,0.4375,0.0,0.4375,0.08448849037942698,11.835931681453038
5,0.25,mixnet_attribution,17,0.013195813741847414,0.010111499925396804,6.640813066089432,2949.4322766570604,1.059117808501469,5.205343082323831,0.03620697959013524,0.4375,0.0,0.4375,0.0827588104917377,12.083305620974773
5,0.25,mixnet_attribution,18,0.01173744019138756,0.010092799930955586,6.642010862424793,2907.202078349282,1.0603131034586113,5.149358381251463,0.03158296011240021,0.4375,0.0,0.4375,0.07218962311405762,13.852406438249824
5,0.25,mixnet_attribution,19,0.011154364425812247,0.010114888326351983,6.640375119522329,2911.6108698907024,1.0633418404031545,5.285323963481497,0.03342083983431401,0.4375,0.0,0.4375,0.07639049104986059,13.090634531296484
5,0.25,mixnet_attribution,20,0.011347082726366633,0.010090978809075267,6.642721540670672,2982.240665491068,1.066231178410817,5.211472784640176,0.03367922318230854,0.4375,0.0,0.4375,0.07698108155956238,12.990204602753893
5,0.25,mixnet_attribution,21,0.012290330061065162,0.010123554903725714,6.640201919939804,3006.6682383860248,1.0716231818078086,5.227849215795512,0.0356203426330379,0.4375,0.0,0.4375,0.08141792601837235,12.282307458609855
5,0.25,mixnet_attribution,22,0.011267605633802818,0.010100237085046789,6.642306019275762,2960.8153026265704,1.0774152137164492,5.215453701216695,0.033431136928148454,0.4375,0.0,0.4375,0.07641402726433932,13.086602496956434
5,0.25,mixnet_attribution,23,0.01344846030411859,0.010111491434309238,6.641366458028833,2970.9838771299765,1.0741473509988282,5.346948438822427,0.03405546538913396,0.4375,0.0,0.4375,0.07784106374659192,12.846689804438633
5,0.25,mixnet_attribution,24,0.009911398107823998,0.010082603913168417,6.645144315293782,2920.293212194023,1.0499370165343862,5.14113197321336,0.03240955627824561,0.4375,0.0,0.4375,0.07407898577884711,13.49910490115734
5,0.25,mixnet_attribution,25,0.01251311254308407,0.010111872802737362,6.643698695905636,2914.2515360407615,1.0503495066659525,5.122934991440702,0.0300651281453745,0.4375,0.0,0.4375,0.06872029290371315,14.551742400183619
5,0.25,mixnet_attribution,26,0.009710982658959538,0.01007651601817242,6.643658893405198,2996.8432369942198,1.0883860868343618,5.343429751137907,0.03274896873203427,0.4375,0.0,0.4375,0.0748547856732212,13.359199295092544
5,0.25,mixnet_attribution,27,0.012195121951219513,0.010172307656522652,6.638839147073683,2963.377667682927,1.0693440965842456,5.218412405460706,0.03204055543388761,0.4375,0.0,0.4375,0.0732355552774574,13.654569781186728
5,0.25,mixnet_attribution,28,0.013416679371855466,0.010115045725077083,6.6416994940785035,2964.6982771763987,1.0483380813384429,5.129099191386722,0.030906987739493207,0.4375,0.0,0.4375,0.0706445434045559,14.155374949107669
5,0.25,mixnet_attribution,29,0.011613784727493548,0.010128015180624745,6.639308871259281,2951.3402914832245,1.0579709525045473,5.182279882356781,0.03616148138608489,0.4375,0.0,0.4375,0.08265481459676546,12.09850877869047
5,0.25,mixnet_attribution_oracle,0,0.05271853409432262,0.0505364117254802,4.345154393984094,2920.7408380895163,1.0692397420061752,5.284715327712294,0.03444893937635164,0.4375,0.0,0.4375,0.07874043286023233,12.699955584128466
5,0.25,mixnet_attribution_oracle,1,0.054426925409338994,0.05055540024061055,4.345769518292014,2948.552531837477,1.0622670442680828,5.206015749762335,0.0348958635105075,0.4375,0.0,0.4375,0.07976197373830285,12.537302590843305
5,0.25,mixnet_attribution_oracle,2,0.055631451123254405,0.050401822630309547,4.348095901304417,2952.041818457802,1.086336365668103,5.36025262297371,0.03343238390476483,0.4375,0.0,0.4375,0.07641687749660532,13.08611438676519
5,0.25,mixnet_attribution_oracle,3,0.05519431422954786,0.050643551258715044,4.342930190548299,2940.018977771057,1.0614072822208982,5.2535053631344795,0.03177877907071825,0.4375,0.0,0.4375,0.07263720930449886,13.767048728537317
5,0.25,mixnet_attribution_oracle,4,0.056597993413494675,0.05057809338750735,4.346115868098644,2978.8372520487096,1.0736269727058243,5.294662258956401,0.033143735675785796,0.4375,0.0,0.4375,0.07575711011608181,13.20008113387259
5,0.25,mixnet_attribution_oracle,5,0.055128887537069425,0.05036615781172483,4.34766544351109,2957.0916280130787,1.0745395763078704,5.321824115379813,0.03109736018718324,0.4375,0.0,0.4375,0.0710796804278474,14.068718288837758
5,0.25,mixnet_attribution_oracle,6,0.05802999472454593,0.05066669725414965,4.3426683612412065,2931.3958851458287,1.0645404311071616,5.236059852690349,0.03460265107019449,0.4375,0.0,0.4375,0.07909177387473025,12.643539915843245
5,0.25,mixnet_attribution_oracle,7,0.05410504074856625,0.05053045824990652,4.342226173243407,2935.504904920012,1.0671917846775614,5.262388178999181,0.033406916721873126,0.4375,0.0,0.4375,0.07635866679285286,13.09609035884319
5,0.25,mixnet_attribution_oracle,8,0.055377084289429404,0.05033407245497398,4.349908214346594,2975.078246902249,1.0608718086150475,5.300107391096555,0.030986196795808645,0.4375,0.0,0.4375,0.07082559267613404,14.11919000201982
5,0.25,mixnet_attribution_oracle,9,0.055154251316779535,0.050429331463975005,4.347759537707313,2927.0857035364934,1.0895500195911154,5.353516462645062,0.032965418598517114,0.4375,0.0,0.4375,0.07534952822518197,13.27148322696197
5,0.25,mixnet_attribution_oracle,10,0.05634019035922628,0.05056667562936357,4.3446196323563635,2984.1384709855697,1.0587635520496406,5.17091587799505,0.03304179254954708,0.4375,0.0,0.4375,0.07552409725610762,13.240807058029816
5,0.25,mixnet_attribution_oracle,11,0.05786416443252904,0.05046458344410262,4.347110154439383,2896.5569705093835,1.070603093423415,5.263671392452313,0.03406941078885132,0.4375,0.0,0.4375,0.07787293894594587,12.841431356457887
5,0.25,mixnet_attribution_oracle,12,0.05520492738194814,0.050566978242140306,4.343357650484305,2958.10957341647,1.0603936759580392,5.252584728589817,0.03137128482603516,0.4375,0.0,0.4375,0.07170579388808038,13.945874465330055
5,0.25,mixnet_attribution_oracle,13,0.06065523103075259,0.05056264026123918,4.346462877519849,3005.1720754133826,1.0525709778594319,5.164470445618946,0.032365624951427883,0.4375,0.0,0.4375,0.07397857131754945,13.517427846876743
5,0.25,mixnet_attribution_oracle,14,0.05771729990061922,0.05042125078406893,4.34949693176342,2973.143796345845,1.0787889613420703,5.243873260406737,0.03220529910519607,0.4375,0.0,0.4375,0.07361211224044815,13.58472090480951
5,0.25,mixnet_attribution_oracle,15,0.05782208588957055,0.05056291433753607,4.344170618925728,2983.002990797546,1.0620176439988427,5.2037531363883325,0.03670007107576477,0.4375,0.0,0.4375,0.0838858767446052,11.92095783947697
5,0.25,mixnet_attribution_oracle,16,0.055996302857582995,0.05038637133775304,4.34808661318573,2996.4990372024954,1.0643252643058077,5.245575954003821,0.03309463978949037,0.4375,0.0,0.4375,0.07564489094740656,13.219663449515282
5,0.25,mixnet_attribution_oracle,17,0.05913173652694611,0.05046129820223575,4.348184566485005,2912.0422155688625,1.065312384365825,5.241444293257491,0.03468286517089686,0.4375,0.0,0.4375,0.07927512039062139,12.614298093431902
5,0.25,mixnet_attribution_oracle,18,0.058137751188832645,0.05042346335565644,4.347761286710361,2983.3306488725266,1.069327541597886,5.170175777083929,0.03450659169383809,0.4375,0.0,0.4375,0.07887220958591563,12.678736975292905
5,0.25,mixnet_attribution_oracle,19,0.05343452928549525,0.05061963153464471,4.342585231285538,2981.1933455995095,1.065618272550637,5.209976704749203,0.03486294388098612,0.4375,0.0,0.4375,0.07968672887082541,12.54914104481601
5,0.25,mixnet_attribution_oracle,20,0.05653065876453157,0.05040893739767303,4.349172103156561,2954.5764759516755,1.0542800526018254,5.2492550116465155,0.03270802707086756,0.4375,0.0,0.4375,0.07476120473341157,13.375921422960824
5,0.25,mixnet_attribution_oracle,21,0.06165732464778064,0.05053618689716865,4.346641450068579,2945.7438266929253,1.0693030288093723,5.204745736667337,0.03332292512402588,0.4375,0.0,0.4375,0.07616668599777345,13.129099512472324
5,0.25,mixnet_attribution_oracle,22,0.0581422106312802,0.0503721141372822,4.351200359073979,2982.8348546444736,1.0816123961412814,5.353902530807362,0.03138405725766421,0.4375,0.0,0.4375,0.0717349880175182,13.940198885316505
5,0.25,mixnet_attribution_oracle,23,0.0558718591057466,0.050401405030049654,4.350167337913424,2952.968268427845,1.080715981486719,5.365771442638796,0.03418419866095624,0.4375,0.0,0.4375,0.07813531122504283,12.798310831831614
5,0.25,mixnet_attribution_oracle,24,0.05616376724655069,0.050529466474302155,4.345816194959204,2915.6768896220756,1.0628844861348625,5.196945823214249,0.03270268334509408,0.4375,0.0,0.4375,0.07474899050307218,13.378107092414846
5,0.25,mixnet_attribution_oracle,25,0.05881020685489959,0.050514745707253214,4.346198387147089,2935.9841461573305,1.0456173348065931,5.121508673790071,0.03255833871178421,0.4375,0.0,0.4375,0.07441905991264962,13.437417795572312
5,0.25,mixnet_attribution_oracle,26,0.052547770700636945,0.050433551942897475,4.346509734786349,2949.4127995147105,1.076449756626971,5.2485490173164555,0.03205511149905553,0.4375,0.0,0.4375,0.0732688262835555,13.648369309615113
5,0.25,mixnet_attribution_oracle,27,0.05987017945780832,0.050383792384207954,4.349597195141104,2969.507063764796,1.0612547105411068,5.211489667411353,0.03193706603071193,0.4375,0.0,0.4375,0.0729990080701987,13.698816277590524
5,0.25,mixnet_attribution_oracle,28,0.05689642127562987,0.050444349229616624,4.347031711315103,2943.5710070363925,1.0782266699825414,5.321236386374597,0.031871131852404665,0.4375,0.0,0.4375,0.07284830137692495,13.727156036568271
5,0.25,mixnet_attribution_oracle,29,0.05533448457091373,0.05037685475368086,4.34716679647947,2920.3885426833845,1.0615947048354428,5.1359771434049835,0.03572878754981265,0.4375,0.0,0.4375,0.08166580011385749,12.245027889346726
5,0.5,mixnet_attribution,0,0.009538228614685845,0.010016477683288423,6.648654430373017,2944.234670704012,1.8839008150389418,8.52421842457823,0.03174827636588463,0.875,0.0,0.875,0.03628374441815386,27.56055131673978
5,0.5,mixnet_attribution,1,0.009632888349514562,0.010037481244254137,6.647649001210053,2950.191975121359,1.8694860948889982,8.417222276746898,0.031998347622426336,0.875,0.0,0.875,0.03656954013991581,27.345162016639517
5,0.5,mixnet_attribution,2,0.010261908408638382,0.010024543438174091,6.649204032825312,2978.3573288405573,1.8720269901969004,8.487831740050506,0.034869379667430304,0.875,0.0,0.875,0.03985071961992035,25.093649739266585
5,0.5,mixnet_attribution,3,0.010722263588979895,0.010027845661596813,6.647880845947671,2896.429262844378,1.878040261741262,8.56642614521909,0.03373650270641962,0.875,0.0,0.875,0.038556003093050996,25.936298365434862
5,0.5,mixnet_attribution,4,0.01111963190184049,0.010022798289848379,6.648687703560214,2982.666027607362,1.879509186372161,8.404545354054605,0.03253558709632649,0.875,0.0,0.875,0.03718352811008742,26.893628733651894
5,0.5,mixnet_attribution,5,0.010936329588014982,0.01003256722704508,6.647623528156389,2913.0036704119852,1.8645434113859665,8.506305497372548,0.03352450256559388,0.875,0.0,0.875,0.03831371721782158,26.100312697794074
5,0.5,mixnet_attribution,6,0.012135740504906735,0.010029356590346624,6.647950807775379,2914.097235747996,1.8799367074097972,8.518689434531169,0.03208443620221853,0.875,0.0,0.875,0.036667927088249744,27.271789801296144
5,0.5,mixnet_attribution,7,0.011043037591710159,0.010009816057977476,6.65010652257085,2941.65592617805,1.8675534987414721,8.427308980311714,0.030747896561888133,0.875,0.0,0.875,0.035140453213586435,28.457231155270577
5,0.5,mixnet_attribution,8,0.01195710869397516,0.01004304214704605,6.6474097995708465,2999.406695980869,1.8850942714780103,8.491974955090944,0.03376207597354475,0.875,0.0,0.875,0.03858522968405114,25.916652775902513
5,0.5,mixnet_attribution,9,0.011615628299894404,0.010037947054314702,6.647413752591313,2933.5341680494794,1.866243808006402,8.389196306695588,0.03174639890506711,0.875,0.0,0.875,0.03628159874864812,27.56218122932801
5,0.5,mixnet_attribution,10,0.010154193305754042,0.010032003667091713,6.64676301705851,2925.084843926288,1.8759175838786177,8.52269355227752,0.032697638527350664,0.875,0.0,0.875,0.037368729745543616,26.76034231854655
5,0.5,mixnet_attribution,11,0.009118311981914092,0.010022970680245878,6.647964250279244,2930.0723436322533,1.8700419242086355,8.432534466496985,0.03187630221728507,0.875,0.0,0.875,0.03643005967689722,27.44985895903344
5,0.5,mixnet_attribution,12,0.010606864156375483,0.01003145343708565,6.647243748611057,2946.780059095386,1.863988994504325,8.431363756714347,0.03258072719773952,0.875,0.0,0.875,0.0372351167974166,26.85636802056119
5,0.5,mixnet_attribution,13,0.011495127892813642,0.010038975257838218,6.6477570173966,2960.464677222899,1.880897587252548,8.531635531150624,0.034379042442756844,0.875,0.0,0.875,0.03929033422029354,25.451552394367212
5,0.5,mixnet_attribution,14,0.010207214121258634,0.010019638326031314,6.649977967369819,2984.4842670759786,1.8992558891768567,8.478149008656853,0.031951137846459754,0.875,0.0,0.875,0.036515586110239716,27.38556617935757
5,0.5,mixnet_attribution,15,0.011241889240983854,0.010027850180886805,6.649459095064148,2934.519993964086,1.8611278102325741,8.530042477394751,0.029837903143683023,0.875,0.0,0.875,0.03410046073563774,29.325116975763294
5,0.5,mixnet_attribution,16,0.012442500565568207,0.010051104084873018,6.648290762795989,2932.9907246813964,1.877940607490018,8.450771040012558,0.03572630172710074,0.875,0.0,0.875,0.040830059116686565,24.491759787614825
5,0.5,mixnet_attribution,17,0.013264610020465398,0.01003622074618822,6.648277402705807,2947.4952626392783,1.862043430301128,8.417544540981137,0.03038241729544249,0.875,0.0,0.875,0.034722762623362845,28.79955177665387
5,0.5,mixnet_attribution,18,0.011649016641452344,0.01005101648337593,6.64471066077947,2942.4720121028745,1.866936335194623,8.374007294703885,0.03336002499913302,0.875,0.0,0.875,0.03812574285615202,26.228997131229367
5,0.5,mixnet_attribution,19,0.009818846095296088,0.010037682716392046,6.6469842863116195,2961.2704369005937,1.879618810606189,8.420123057297625,0.03350582930766063,0.875,0.0,0.875,0.038292376351612145,26.114858759814187
5,0.5,mixnet_attribution,20,0.010687485787917835,0.010018718742140808,6.649655164835959,2947.977639657394,1.884228573035216,8.505552931340224,0.03627672932581091,0.875,0.0,0.875,0.04145911922949818,24.120145786611396
5,0.5,mixnet_attribution,21,0.010587249600121867,0.010014145077455096,6.650226204574602,2962.702871505827,1.882003966893535,8.51419765139503,0.03557265143014898,0.875,0.0,0.875,0.04065445877731312,24.597547970753986
5,0.5,mixnet_attribution,22,0.010638297872340425,0.010017126047634039,6.649337850757465,2955.8754559270515,1.8749449983879458,8.447504102908532,0.031926942991544444,0.875,0.0,0.875,0.036487934847479364,27.406319491087377
5,0.5,mixnet_attribution,23,0.009712392711940973,0.010037486883470226,6.649095272984125,2928.4185363650054,1.8818521436478477,8.381117799056138,0.03113894196456776,0.875,0.0,0.875,0.03558736224522029,28.099862898220533
5,0.5,mixnet_attribution,24,0.00966183574879227,0.010038398269762272,6.646890841656144,2982.602177747105,1.8692586657998618,8.408627240508888,0.034099521727296044,0.875,0.0,0.875,0.03897088197405262,25.660183946204103
5,0.5,mixnet_attribution,25,0.011026102610261027,0.010026374479677356,6.649952227396089,2916.583183318332,1.8800703829037957,8.53908701421853,0.03290130337376168,0.875,0.0,0.875,0.03760148957001335,26.594691099617652
5,0.5,mixnet_attribution,26,0.008834856150419089,0.01002089061796233,6.648870993774311,2936.539605829495,1.874081239104271,8.516166819394076,0.032392316580638056,0.875,0.0,0.875,0.037019790377872064,27.01257867191308
5,0.5,mixnet_attribution,27,0.011152416356877323,0.010023620547146218,6.649974716262019,2950.2841969501555,1.8743546128098387,8.30542138999964,0.034490286584736775,0.875,0.0,0.875,0.039417470382556316,25.369461568557096
5,0.5,mixnet_attribution,28,0.012257869249394673,0.010036124298196475,6.647147259967051,2943.430917070218,1.8846478581544943,8.431389143789435,0.03198300993371329,0.875,0.0,0.875,0.03655201135281518,27.358275591118225
5,0.5,mixnet_attribution,29,0.011690579215061109,0.010012350433805887,6.650342359907914,2952.8653306004708,1.87379563547438,8.450802103100408,0.03235665287847836,0.875,0.0,0.875,0.036979031861118124,27.042352102556187
5,0.5,mixnet_attribution_oracle,0,0.05586633847989856,0.050070677693291994,4.3550567816287025,2901.068993809204,1.861109889461659,8.426731684738531,0.03407220756887875,0.875,0.0,0.875,0.038939665793004286,25.68075456311839
5,0.5,mixnet_attribution_oracle,1,0.056149330121932864,0.050345106742923966,4.347086339876369,2927.481333734758,1.876157002261607,8.51257629687469,0.0335018475069539,0.875,0.0,0.875,0.03828782572223303,26.11796259350707
5,0.5,mixnet_attribution_oracle,2,0.05015484553213989,0.050264611737974266,4.349050746030548,2937.0098950071756,1.8748138403752819,8.322068660845733,0.03398397569146959,0.875,0.0,0.875,0.03883882936167953,25.74742896310499
5,0.5,mixnet_attribution_oracle,3,0.05261568657054427,0.05009913160188493,4.355075990807333,2935.549633879369,1.868768442509463,8.466291994530534,0.033605728564202575,0.875,0.0,0.875,0.038406546930517226,26.037227502101107
5,0.5,mixnet_attribution_oracle,4,0.051712250057458053,0.05001109592399808,4.356571664986806,2978.611583544013,1.882599842181662,8.496204464168255,0.034902958536600984,0.875,0.0,0.875,0.03988909547040113,25.069508049938843
5,0.5,mixnet_attribution_oracle,5,0.05599095704596835,0.0501746662449533,4.352430000047247,2929.9840994724946,1.8934556517924648,8.454693562975095,0.03356294201967332,0.875,0.0,0.875,0.038357648022483794,26.070420152295004
5,0.5,mixnet_attribution_oracle,6,0.054191299075337276,0.05010694821482788,4.351625942410993,2947.87517053206,1.866196246817708,8.385851560318883,0.029743698158144018,0.875,0.0,0.875,0.033992797895021735,29.41799622050089
5,0.5,mixnet_attribution_oracle,7,0.058482211024583904,0.05012981254897669,4.353115498436526,2968.775080164911,1.8725681964715477,8.371282356702231,0.03132359914109656,0.875,0.0,0.875,0.035798399018396064,27.934210116103806
5,0.5,mixnet_attribution_oracle,8,0.0541100621690076,0.050215345150899884,4.350544563740241,2984.5276690459746,1.874310529732611,8.637115834529826,0.032213054716528196,0.875,0.0,0.875,0.036814919676032225,27.162900497947692
5,0.5,mixnet_attribution_oracle,9,0.05565204258853734,0.0501626863570006,4.3526436502892825,2936.920335271464,1.8798108316550497,8.456250660465642,0.03322537893597624,0.875,0.0,0.875,0.037971861641115705,26.33529031184518
5,0.5,mixnet_attribution_oracle,10,0.05142857142857143,0.04996382213407149,4.3573616737174925,2924.16,1.8911397692572791,8.541652933848471,0.03319990942997585,0.875,0.0,0.875,0.03794275363425812,26.355493584870192
5,0.5,mixnet_attribution_oracle,11,0.05284706952763667,0.05013713412397371,4.353090172221194,2948.2467965729015,1.8813746248488314,8.478788105749999,0.032081176009656966,0.875,0.0,0.875,0.036664201153893676,27.27456124852189
5,0.5,mixnet_attribution_oracle,12,0.055677600181804406,0.05012922971695455,4.352835180588109,2946.50352246042,1.8696421058557462,8.413689697311266,0.031693059288500025,0.875,0.0,0.875,0.036220639186857174,27.60856855234224
5,0.5,mixnet_attribution_oracle,13,0.04948251114300824,0.05015308248097499,4.351003068354121,2939.330135227015,1.8763233165082056,8.489050005831302,0.03305006785782155,0.875,0.0,0.875,0.03777150612322463,26.474983463397777
5,0.5,mixnet_attribution_oracle,14,0.05642229627385641,0.05019464024632641,4.350967196086089,2945.4680399878825,1.8740252525021788,8.482852404038269,0.033034366141037046,0.875,0.0,0.875,0.03775356130404234,26.487567409777796
5,0.5,mixnet_attribution_oracle,15,0.04951021337990736,0.05029769115081174,4.348483960104664,2953.2383628217785,1.8736479998042341,8.487419915932197,0.03247426791671881,0.875,0.0,0.875,0.037113449047678645,26.944410332635133
5,0.5,mixnet_attribution_oracle,16,0.051704673741250845,0.050134260387851445,4.352008583201054,2927.4799428012343,1.857823336031288,8.441777568518933,0.03198263825659915,0.875,0.0,0.875,0.03655158657897046,27.358593527519776
5,0.5,mixnet_attribution_oracle,17,0.05350553505535055,0.050275167704231585,4.349382648781049,2989.803966789668,1.8803755404951517,8.461400266158833,0.033990732566264614,0.875,0.0,0.875,0.03884655150430242,25.742310739969952
5,0.5,mixnet_attribution_oracle,18,0.05066605066605066,0.05020264796042327,4.3499679624220615,2994.979825979826,1.8658487648062874,8.347175498232357,0.032929878114101474,0.875,0.0,0.875,0.03763414641611597,26.57161368676008
5,0.5,mixnet_attribution_oracle,19,0.05316802312314597,0.050343764056805726,4.347915625459975,2958.4885525214877,1.8842857510317117,8.441177903468752,0.03200924177109612,0.875,0.0,0.875,0.03658199059553842,27.33585525884316
5,0.5,mixnet_attribution_oracle,20,0.05006399156816984,0.05010311090183902,4.352764995180129,2927.8109613792067,1.8818434510030784,8.50235542088121,0.03232366811570567,0.875,0.0,0.875,0.036941334989377905,27.069947534043898
5,0.5,mixnet_attribution_oracle,21,0.05396366952952801,0.05002759009198101,4.356283324422843,2955.5419928555143,1.8863452113291714,8.514415772167458,0.03173403811127139,0.875,0.0,0.875,0.0362674721271673,27.57291703412983
5,0.5,mixnet_attribution_oracle,22,0.055090181873066184,0.049897042930736324,4.360723306723353,2935.421553090333,1.8820329781447072,8.654490144824564,0.03136416212525383,0.875,0.0,0.875,0.03584475671457581,27.898083057524644
5,0.5,mixnet_attribution_oracle,23,0.053261200853398354,0.05006474155979843,4.355306112935405,2962.771106370009,1.8690263044845778,8.401063727398494,0.03329615250725553,0.875,0.0,0.875,0.038052745722577754,26.279312596532876
5,0.5,mixnet_attribution_oracle,24,0.05807758685375553,0.05003406753585997,4.356371104645013,2918.729046296991,1.8813419515208807,8.33506936235368,0.03227454131181293,0.875,0.0,0.875,0.03688519007064335,27.11115214764455
5,0.5,mixnet_attribution_oracle,25,0.05450165612767239,0.05000431912370988,4.355963143894078,2927.9013851249624,1.87365854869131,8.534663536384347,0.03182433030474337,0.875,0.0,0.875,0.03637066320542099,27.494686977578993
5,0.5,mixnet_attribution_oracle,26,0.05228807771116339,0.05000314626707807,4.356143979908926,2951.250512256204,1.8792704589723144,8.371385134265559,0.032654057754268315,0.875,0.0,0.875,0.03731892314773522,26.796057218512942
5,0.5,mixnet_attribution_oracle,27,0.053902216823565136,0.05011532532482224,4.353663452777606,2952.484208928029,1.869916593452217,8.409688123270701,0.03452411109056161,0.875,0.0,0.875,0.03945612696064184,25.34460620013508
5,0.5,mixnet_attribution_oracle,28,0.05016415973123616,0.0500265644779168,4.354662064429721,2970.0027487210814,1.8585005560598802,8.346815186406207,0.030890649316489556,0.875,0.0,0.875,0.035303599218845204,28.325723782469066
5,0.5,mixnet_attribution_oracle,29,0.054441691071562666,0.05031978392936044,4.348081478049679,2920.653225200871,1.8536458466551267,8.388229948897646,0.03231095881488233,0.875,0.0,0.875,0.03692681007415123,27.08059531792593
5,1.0,mixnet_attribution,0,0.00880891432013251,0.010000698223928095,6.650518520800486,2928.1488480650505,3.514436301164096,15.024430512593625,0.03319251762316164,1.75,0.0,1.75,0.018967152927520936,52.72272564160229
5,1.0,mixnet_attribution,1,0.009993943064809207,0.010005501579135538,6.649921284240181,2944.2436402180497,3.5039140162116382,14.916614879853512,0.03134791884058017,1.75,0.0,1.75,0.017913096480331524,55.82507754022282
5,1.0,mixnet_attribution,2,0.011867866051855771,0.010009767456718135,6.649320227864181,2939.718346057903,3.5098000673169736,14.92434632980572,0.0314406617481538,1.75,0.0,1.75,0.017966092427516456,55.66040606962608
5,1.0,mixnet_attribution,3,0.012117106946639573,0.01002103970929641,6.647904757310801,2927.226687739896,3.52589075663127,14.943109456252039,0.03456519760876679,1.75,0.0,1.75,0.019751541490723883,50.62895979382876
5,1.0,mixnet_attribution,4,0.010713746793420855,0.010010362481960345,6.649229963741224,2934.09499019164,3.4916217937425245,14.996961709121381,0.031915302316093894,1.75,0.0,1.75,0.01823731560919651,54.832631151907634
5,1.0,mixnet_attribution,5,0.009291698400609292,0.010013080879059501,6.649065516647906,2962.25529322163,3.4911875603429507,14.757385118888255,0.03293824236076754,1.75,0.0,1.75,0.01882185277758145,53.12973232853524
5,1.0,mixnet_attribution,6,0.009589041095890411,0.009999419700369048,6.651362067749941,2959.722526636225,3.4876975587103516,14.85716404921034,0.03214817767314922,1.75,0.0,1.75,0.01837038724179955,54.43543387722515
5,1.0,mixnet_attribution,7,0.011167666945225252,0.01000581674572452,6.6497805129561955,2954.257919927068,3.4982769786729477,15.026118353773155,0.03206385119452874,1.75,0.0,1.75,0.01832220068258785,54.57859660659272
5,1.0,mixnet_attribution,8,0.011121337628470625,0.010014472841178696,6.649521934989781,2982.06634453137,3.491452894959366,15.038111815292952,0.0323331296180299,1.75,0.0,1.75,0.01847607406744566,54.124052347353
5,1.0,mixnet_attribution,9,0.012407137933675424,0.009998679613580733,6.651371921348918,2978.487554568431,3.5083910262037534,15.0773036649038,0.03195217237591841,1.75,0.0,1.75,0.01825838421481052,54.76935900980972
5,1.0,mixnet_attribution,10,0.011573541810377865,0.009980102612717227,6.653460902299288,2981.5067831685446,3.5067267323320266,15.117732006399029,0.03055700880092105,1.75,0.0,1.75,0.017461147886240598,57.27000346798511
5,1.0,mixnet_attribution,11,0.009669134310318779,0.01000762922061262,6.649741575442066,2937.7998942438435,3.4931050829181913,14.688836580196455,0.033343303076112316,1.75,0.0,1.75,0.019053316043492752,52.48430235016903
5,1.0,mixnet_attribution,12,0.012977157167792365,0.010009805417605369,6.650277761454307,2951.51157319572,3.502386164938798,14.784654969881608,0.034127979662609755,1.75,0.0,1.75,0.01950170266434843,51.277573923231124
5,1.0,mixnet_attribution,13,0.009643417806683112,0.010008584321089987,6.65074420516442,2907.5685131195337,3.517737054033205,14.920697500300511,0.032365102141646555,1.75,0.0,1.75,0.01849434408094089,54.07058480276342
5,1.0,mixnet_attribution,14,0.008420239474700657,0.009997769550286945,6.650840580757051,3004.0505986867515,3.4972038276609965,14.72120551278672,0.0346850756171915,1.75,0.0,1.75,0.019820043209823716,50.45397678569916
5,1.0,mixnet_attribution,15,0.010998945306614435,0.009995209580153083,6.651531816325795,2929.8898598764504,3.496401690208586,15.063237473419973,0.03089210898198376,1.75,0.0,1.75,0.01765263370399072,56.648770759568336
5,1.0,mixnet_attribution,16,0.011858901729737895,0.009995282572578739,6.6516518676567316,2938.172218445502,3.509905773884384,15.011054501092389,0.032130741901157965,1.75,0.0,1.75,0.018360423943518837,54.46497330760145
5,1.0,mixnet_attribution,17,0.009497248812843898,0.010007939841220441,6.64966332533324,2931.607823924022,3.50728449728922,15.298556715827793,0.03146927191783866,1.75,0.0,1.75,0.017982441095907804,55.60980262171225
5,1.0,mixnet_attribution,18,0.00944108761329305,0.010007278906614491,6.649707891233435,2937.898867069486,3.4868639124033507,14.81275707533173,0.0331643285999925,1.75,0.0,1.75,0.01895104491428143,52.767538915302985
5,1.0,mixnet_attribution,19,0.010369460019970812,0.010007888087310315,6.649406380644698,2987.2526307704125,3.498139695293503,14.923819197970086,0.031550572661920906,1.75,0.0,1.75,0.018028898663954802,55.46650511710408
5,1.0,mixnet_attribution,20,0.01192722880652223,0.010015277024072976,6.648832213325527,2935.9357590397826,3.5183013687783387,14.873696630538795,0.03116606247718792,1.75,0.0,1.75,0.017809178558393098,56.15082114658909
5,1.0,mixnet_attribution,21,0.008879934333258711,0.010007206892242404,6.6493017962683565,2902.2038653831805,3.4922759335895535,15.05461798292756,0.030631423528009523,1.75,0.0,1.75,0.017503670587434014,57.1308740646608
5,1.0,mixnet_attribution,22,0.011853529633824085,0.010021253117171542,6.648119013444822,2936.3704039260097,3.4934489275328815,15.027742628623866,0.03187558529807077,1.75,0.0,1.75,0.018214620170326153,54.90095267696674
5,1.0,mixnet_attribution,23,0.011756726203933981,0.010020170007233747,6.648754098852161,2931.296179063984,3.5105495420575608,15.140134831494066,0.03208743994807259,1.75,0.0,1.75,0.018335679970327194,54.538473709091214
5,1.0,mixnet_attribution,24,0.010152666014890576,0.01001464402062452,6.649225545353202,2924.5432052342635,3.484141396067571,14.735590388572028,0.03203616426722792,1.75,0.0,1.75,0.018306379581273097,54.625765600477955
5,1.0,mixnet_attribution,25,0.009664753850800362,0.010009978758723065,6.649227552846313,2935.9734219269103,3.5011616825067904,14.771188814609783,0.033257496922753135,1.75,0.0,1.75,0.019004283955858934,52.619714708677805
5,1.0,mixnet_attribution,26,0.00980392156862745,0.010003014177386619,6.65032159203015,2955.81501747986,3.5149311813584063,14.987841604885746,0.031920737005058694,1.75,0.0,1.75,0.018240421145747827,54.8232955812601
5,1.0,mixnet_attribution,27,0.011575466025255563,0.0100215210456332,6.648345686358638,2923.445279615153,3.503553701826604,14.965216407774095,0.030555846120409763,1.75,0.0,1.75,0.017460483497377007,57.272182648906856
5,1.0,mixnet_attribution,28,0.010290418477018065,0.0100124985521051,6.649777938854077,2964.1427700282034,3.497213532071328,14.967540523826933,0.033373439930357074,1.75,0.0,1.75,0.019070537103061187,52.43690802182393
5,1.0,mixnet_attribution,29,0.009666615923275994,0.01000884224756044,6.649446985378309,2959.8359719896484,3.4901308336120564,15.042669702603115,0.03296276158727992,1.75,0.0,1.75,0.018835863764159955,53.09021197651449
5,1.0,mixnet_attribution_oracle,0,0.05330715795832075,0.04996802139452717,4.355896181275766,2935.9528088190877,3.5230818575364538,14.998385268128558,0.031916579294846724,1.75,0.0,1.75,0.018238045311340986,54.830437304493856
5,1.0,mixnet_attribution_oracle,1,0.0496001230390649,0.050016531415488896,4.3546188588664485,2990.6902491541064,3.502709738590056,14.924098869728718,0.035742069199157414,1.75,0.0,1.75,0.020424039542375667,48.96191068986165
5,1.0,mixnet_attribution_oracle,2,0.052020929703495866,0.0499998979694904,4.35387101944278,2948.647683324486,3.502547122654505,15.111388536367144,0.03160121777427863,1.75,0.0,1.75,0.018057838728159217,55.377612739480824
5,1.0,mixnet_attribution_oracle,3,0.05031590165182309,0.050074773058922155,4.352841564466366,2960.510618862754,3.49990156898275,14.984456356634293,0.03186489466857755,1.75,0.0,1.75,0.018208511239187174,54.91937187307577
5,1.0,mixnet_attribution_oracle,4,0.0552515579875361,0.05007361390307921,4.353626554149141,2955.814105487156,3.5032179411500692,14.769365538802063,0.03433004561393496,1.75,0.0,1.75,0.01961716892224855,50.975755164439825
5,1.0,mixnet_attribution_oracle,5,0.04863128918794923,0.04992040181098794,4.358012475347639,2973.7633430188102,3.5000545753282495,14.764955561132794,0.034843623087098166,1.75,0.0,1.75,0.019910641764056096,50.22439818114055
5,1.0,mixnet_attribution_oracle,6,0.05226613764687929,0.050162470158217475,4.350982139242572,2967.7939874866474,3.5158964348956943,15.017264664735759,0.036295073514373166,1.75,0.0,1.75,0.02074004200821324,48.21591005476225
5,1.0,mixnet_attribution_oracle,7,0.050962713936430315,0.0498999521498536,4.356736042706821,2971.679248166259,3.5184710784233175,15.09849482268101,0.03372189543744293,1.75,0.0,1.75,0.019269654535681673,51.89506631518988
5,1.0,mixnet_attribution_oracle,8,0.04874535668258661,0.04998446469289692,4.355270198627681,2948.7279963611554,3.5105190904869232,14.835943348752371,0.03165176316785196,1.75,0.0,1.75,0.01808672181020112,55.289179017282635
5,1.0,mixnet_attribution_oracle,9,0.05739951278928136,0.0501722060283216,4.350856916589532,2960.8634287454324,3.4999765801476315,14.796473994907926,0.034820468294970396,1.75,0.0,1.75,0.019897410454268797,50.257796224204625
5,1.0,mixnet_attribution_oracle,10,0.04787878787878788,0.0500762363696569,4.352546839329221,2946.2169696969695,3.509534047683701,15.001289495053381,0.036424168217496646,1.75,0.0,1.75,0.020813810409998083,48.045023006438164
5,1.0,mixnet_attribution_oracle,11,0.05123152709359606,0.050019446392648985,4.354572532914967,2947.617127699886,3.496556720143417,14.893202452409414,0.0336619350133022,1.75,0.0,1.75,0.019235391436172682,51.98750455992658
5,1.0,mixnet_attribution_oracle,12,0.05574886535552194,0.050225018508859666,4.350131427347558,2941.7413010590017,3.4951044308254495,14.819255220061232,0.031139957407594853,1.75,0.0,1.75,0.017794261375768488,56.19789317930105
5,1.0,mixnet_attribution_oracle,13,0.053559270746652544,0.05008389522707554,4.3523195637488445,2941.8181405552614,3.505925812962232,15.068897896922337,0.03345503306237103,1.75,0.0,1.75,0.019117161749926302,52.3090201924904
5,1.0,mixnet_attribution_oracle,14,0.04918279731867139,0.04986364463141087,4.358777843343412,2929.9902839496876,3.505723917944124,14.988096248418868,0.032104600431170534,1.75,0.0,1.75,0.018345485960668876,54.50932191951267
5,1.0,mixnet_attribution_oracle,15,0.05549634591961023,0.05019579811582587,4.3507261549946215,2961.040423264312,3.4976697394740768,14.901499297212364,0.032008498333790845,1.75,0.0,1.75,0.01829057047645191,54.67298033636754
5,1.0,mixnet_attribution_oracle,16,0.052334452242905095,0.05002363512095098,4.3545725874628864,2965.8613060726275,3.5091266084637027,14.924407666255734,0.03664178094367276,1.75,0.0,1.75,0.020938160539241576,47.759687300411834
5,1.0,mixnet_attribution_oracle,17,0.05218446601941747,0.04987084959912399,4.358193242837298,2950.066975121359,3.496974072419107,14.681541972411837,0.0326987688914586,1.75,0.0,1.75,0.018685010795119198,53.51883447994661
5,1.0,mixnet_attribution_oracle,18,0.05447110562456601,0.04997946215438481,4.35575164663668,3000.9499267031865,3.502530312689487,15.042267865894859,0.033522013222428725,1.75,0.0,1.75,0.01915543612710213,52.20450181163701
5,1.0,mixnet_attribution_oracle,19,0.04925959504381989,0.04997316749580669,4.355915522901568,2938.1231489876095,3.5088866924634203,15.123620799066062,0.03257614380559897,1.75,0.0,1.75,0.018614939317485125,53.72029330553304
5,1.0,mixnet_attribution_oracle,20,0.05299732722413135,0.04999673498806355,4.356495276165286,2969.786559755632,3.4986269490327686,14.681513817330181,0.0314301533225089,1.75,0.0,1.75,0.017960087612862226,55.679015690538385
5,1.0,mixnet_attribution_oracle,21,0.04762630496075593,0.049898108097295925,4.358456028733329,2964.5178693896214,3.4948298595263623,14.985234349205992,0.031051429684959345,1.75,0.0,1.75,0.017743674105691054,56.358113547591756
5,1.0,mixnet_attribution_oracle,22,0.05003401103469125,0.05012056416041268,4.351645306487715,2939.647041039982,3.500414019508753,14.897366740788438,0.031502709838537556,1.75,0.0,1.75,0.01800154847916432,55.550776709983495
5,1.0,mixnet_attribution_oracle,23,0.049146757679180884,0.04995407989406213,4.356479833504331,2949.8352673492604,3.5033577090944164,15.015929558562945,0.03158023596708453,1.75,0.0,1.75,0.018045849124048302,55.41440544725477
5,1.0,mixnet_attribution_oracle,24,0.055867618035524515,0.050035912835636916,4.354296193840072,2952.2019887657507,3.5054804050014354,15.085036652274427,0.030336032921207484,1.75,0.0,1.75,0.017334875954975706,57.68717368369548
5,1.0,mixnet_attribution_oracle,25,0.05103289977046672,0.050111591684505886,4.352347938112221,2975.780413159908,3.498518489068374,14.75037042172503,0.031605861559273994,1.75,0.0,1.75,0.01806049231958514,55.36947621940411
5,1.0,mixnet_attribution_oracle,26,0.052095216366263596,0.04981249841532076,4.360058264210283,2957.890485968515,3.4988710373290814,14.883074185032035,0.03345041518481446,1.75,0.0,1.75,0.01911452296275112,52.316241527383205
5,1.0,mixnet_attribution_oracle,27,0.05054041711067134,0.04998291286947429,4.355886039369234,2959.8051453798143,3.5117538399936166,14.90669163832537,0.03236664696485162,1.75,0.0,1.75,0.01849522683705807,54.068004075318726
5,1.0,mixnet_attribution_oracle,28,0.04918032786885246,0.05003911188469344,4.354190664206757,3006.9331889885557,3.5054581192380283,14.923547142189326,0.031022339314910143,1.75,0.0,1.75,0.01772705103709151,56.410961863179175
5,1.0,mixnet_attribution_oracle,29,0.05197268588770865,0.05011732339326077,4.351756139263459,2951.088619119879,3.510057966632303,14.876680141962007,0.03225602593772613,1.75,0.0,1.75,0.018432014821557787,54.25342859590239
8,1e-06,mixnet_attribution,0,0.930307819673365,0.9113387800266849,0.20145210775557296,2926.745013923384,0.25002024581772275,1.9943114385680676,0.03501939589456128,1.7500000000000002e-06,0.0,1.7500000000000002e-06,20011.08336832073,4.9972306925825225e-05
8,1e-06,mixnet_attribution,1,0.9319651180273643,0.910652399684385,0.2010858596312462,2924.1532852202677,0.25288010892109014,2.0139476345850893,0.030730430940742855,1.7500000000000002e-06,0.0,1.7500000000000002e-06,17560.24625185306,5.6946809609487924e-05
8,1e-06,mixnet_attribution,2,0.9325092894517327,0.9121932008974828,0.19807418577440303,2948.807537726549,0.2521387972519733,1.9992849583290253,0.03427178963443507,1.7500000000000002e-06,0.0,1.7500000000000002e-06,19583.87979110575,5.106240493031221e-05
8,1e-06,mixnet_attribution,3,0.9297197978870004,0.9077398666015276,0.20754849711168907,2977.1465319246668,0.2540750950865913,1.993249475179864,0.03366306527380355,1.7500000000000002e-06,0.0,1.7500000000000002e-06,19236.03729931631,5.198575904381003e-05
8,1e-06,mixnet_attribution,4,0.9305274214119589,0.9091214783429918,0.2065560809215141,2917.6091979893467,0.25018451240612194,1.9850828133402967,0.034076028115217566,1.7500000000000002e-06,0.0,1.7500000000000002e-06,19472.01606583861,5.135575056115447e-05
8,1e-06,mixnet_attribution,5,0.929021483337129,0.9052863537193097,0.21722120910429096,2951.72504364989,0.2457754539209418,1.993126123949688,0.030046021513452637,1.7500000000000002e-06,0.0,1.7500000000000002e-06,17169.155150544364,5.824398412337104e-05
8,1e-06,mixnet_attribution,6,0.9349026222971937,0.9141611066582572,0.19284444723786365,2982.492945867198,0.25675856808084063,2.012364168840854,0.03337015165697549,1.7500000000000002e-06,0.0,1.7500000000000002e-06,19068.65808970028,5.244207512117168e-05
8,1e-06,mixnet_attribution,7,0.9286851079954528,0.9094546672303261,0.20139528698558876,2948.2081849185297,0.2572530477773398,2.014075253287718,0.03163057495120714,1.7500000000000002e-06,0.0,1.7500000000000002e-06,18074.61425783265,5.532621530590337e-05
8,1e-06,mixnet_attribution,8,0.9204830257461837,0.8992136832999906,0.22691560332266855,2953.0153413837625,0.24161458626622334,1.9451245132469919,0.03010011528578774,1.7500000000000002e-06,0.0,1.7500000000000002e-06,17200.06587759299,5.813931220477056e-05
8,1e-06,mixnet_attribution,9,0.9302957151478576,0.9095316273694558,0.20641739800816095,2933.569402534701,0.24319444602588192,1.9584936967285866,0.032783374304517186,1.7500000000000002e-06,0.0,1.7500000000000002e-06,18733.356745438392,5.3380716205252535e-05
8,1e-06,mixnet_attribution,10,0.9340375408465689,0.9168509592039324,0.18659216017788305,2955.6315069534157,0.25938667994341813,2.0391795488266595,0.03437485867733919,1.7500000000000002e-06,0.0,1.7500000000000002e-06,19642.776387050966,5.090930020764408e-05
8,1e-06,mixnet_attribution,11,0.9267443620402603,0.9050462702908264,0.2153811372857337,2943.34138035417,0.2490986705524847,1.996109791788505,0.030034397280862837,1.7500000000000002e-06,0.0,1.7500000000000002e-06,17162.51273192162,5.8266526330963074e-05
8,1e-06,mixnet_attribution,12,0.9250784418764827,0.9041118621664338,0.21765069648637964,2975.7793678732687,0.2511788165138569,2.012900718938793,0.03344275416862571,1.7500000000000002e-06,0.0,1.7500000000000002e-06,19110.14523921469,5.232822605387451e-05
8,1e-06,mixnet_attribution,13,0.9292611894543225,0.910374109351213,0.20176855097695,2980.3861128142244,0.2516475642041769,2.002921795887521,0.03696584213806329,1.7500000000000002e-06,0.0,1.7500000000000002e-06,21123.338364607593,4.734100182173439e-05
8,1e-06,mixnet_attribution,14,0.930393724773437,0.9095413597580351,0.20278172747023898,2961.928794455868,0.2596927513368428,2.0193750967261375,0.03168398546663165,1.7500000000000002e-06,0.0,1.7500000000000002e-06,18105.134552360938,5.523295047092585e-05
8,1e-06,mixnet_attribution,15,0.9286146400483969,0.9084134040244799,0.2074987737608974,2940.9864640048395,0.2522961223439779,1.985769772958251,0.032010364241715626,1.7500000000000002e-06,0.0,1.7500000000000002e-06,18291.636709551785,5.4669793407705605e-05
8,1e-06,mixnet_attribution,16,0.9288258925187599,0.907710274633658,0.2083188533789141,2948.367391798681,0.24900960217928514,1.979492028538119,0.03384419315430992,1.7500000000000002e-06,0.0,1.7500000000000002e-06,19339.538945319953,5.170754084817486e-05
8,1e-06,mixnet_attribution,17,0.9290003800836184,0.9099555264503599,0.20220915390268934,2957.0049410870392,0.2458246684691403,1.9807706878390292,0.03205235067454917,1.7500000000000002e-06,0.0,1.7500000000000002e-06,18315.628956885237,5.459817963958473e-05
8,1e-06,mixnet_attribution,18,0.9299392097264437,0.908802838316697,0.20697330932977823,2954.6700607902735,0.25161363219376653,1.9963018264208436,0.032021736358353474,1.7500000000000002e-06,0.0,1.7500000000000002e-06,18298.13506191627,5.465037811865813e-05
8,1e-06,mixnet_attribution,19,0.9338961332629834,0.9181402036896641,0.18260544101414614,2931.428582196427,0.2721375035762321,2.0799657216417704,0.031103574044896155,1.7500000000000002e-06,0.0,1.7500000000000002e-06,17773.4708827978,5.6263630587082354e-05
8,1e-06,mixnet_attribution,20,0.9273222802634568,0.90787554672929,0.20603097750309146,2944.962449844803,0.25436104749678634,2.0047604672520727,0.03175351466585109,1.7500000000000002e-06,0.0,1.7500000000000002e-06,18144.86552334348,5.5112009439446875e-05
8,1e-06,mixnet_attribution,21,0.9322344322344323,0.9140065982986505,0.19490624127371312,2967.5528083028084,0.25991346160299145,2.0430042502541905,0.03283422425763998,1.7500000000000002e-06,0.0,1.7500000000000002e-06,18762.413861508558,5.329804615660454e-05
8,1e-06,mixnet_attribution,22,0.9365591397849462,0.9157529266121217,0.18990576235745568,2986.6182795698924,0.2561359044339042,2.0146583820115764,0.033408730668544,1.7500000000000002e-06,0.0,1.7500000000000002e-06,19090.703239168,5.238151719567463e-05
8,1e-06,mixnet_attribution,23,0.9367964709461515,0.918630571622515,0.18364281024563572,2957.9760419835716,0.26252382594975643,2.026925420040423,0.033001779117870673,1.7500000000000002e-06,0.0,1.7500000000000002e-06,18858.1594959261,5.302744417958861e-05
8,1e-06,mixnet_attribution,24,0.9254278728606357,0.9053750427650296,0.21297007898679593,2972.2844590464547,0.25115477209328674,1.9903703549389606,0.03179151119009032,1.7500000000000002e-06,0.0,1.7500000000000002e-06,18166.577822908752,5.5046140761798384e-05
8,1e-06,mixnet_attribution,25,0.9272247360482655,0.9084879003902289,0.20525724120438227,2932.9546757164403,0.2559661432460416,2.0062117501357832,0.030796309144939492,1.7500000000000002e-06,0.0,1.7500000000000002e-06,17597.890939965422,5.682499132489594e-05
8,1e-06,mixnet_attribution,26,0.9286983391270761,0.9109465151760419,0.20186369392816522,3004.1676322904596,0.25318656471790746,2.0048257354066825,0.033422640035253866,1.7500000000000002e-06,0.0,1.7500000000000002e-06,19098.651448716493,5.2359717788723985e-05
8,1e-06,mixnet_attribution,27,0.935783306703188,0.9152553836953844,0.1954169074981369,2958.7055466788406,0.2566246544884052,2.019327819963311,0.033052960535009196,1.7500000000000002e-06,0.0,1.7500000000000002e-06,18887.40602000525,5.294533293459225e-05
8,1e-06,mixnet_attribution,28,0.9253606681852695,0.9066284854742336,0.20724229195219818,2953.3564920273348,0.24980013832100667,1.9976807136348378,0.03270867643388782,1.7500000000000002e-06,0.0,1.7500000000000002e-06,18690.672247935894,5.350262348698747e-05
8,1e-06,mixnet_attribution,29,0.9325143953934741,0.9151864011063477,0.18845431603247767,2985.6686372360846,0.2595630476134829,2.0318023618629955,0.035027425472700345,1.7500000000000002e-06,0.0,1.7500000000000002e-06,20015.67169868591,4.996085142951526e-05
8,1e-06,mixnet_attribution_oracle,0,0.9993845680436957,0.9993681732597353,0.001245016347443499,2992.2450188476037,0.2471905271813739,1.9640476038971504,0.03271672962796093,1.7500000000000002e-06,0.0,1.7500000000000002e-06,18695.27407312053,5.348945386351774e-05
8,1e-06,mixnet_attribution_oracle,1,0.9997719324920177,0.9996374366989811,0.000850408050021778,2957.0249353808726,0.24627389825764112,1.9755868801097032,0.035125478179162346,1.7500000000000002e-06,0.0,1.7500000000000002e-06,20071.701816664197,4.9821385806447495e-05
8,1e-06,mixnet_attribution_oracle,2,0.999768375540457,0.9996906892222138,0.0007898938572990186,3002.7803428042002,0.24567708498216234,1.9796742502893827,0.029831385483324365,1.7500000000000002e-06,0.0,1.7500000000000002e-06,17046.505990471065,5.8663048049787826e-05
8,1e-06,mixnet_attribution_oracle,3,0.9997731054303434,0.9995582478333851,0.0010843660394571264,2941.8880653456363,0.25852595959440805,2.021060277214529,0.032361409440680486,1.7500000000000002e-06,0.0,1.7500000000000002e-06,18492.233966103133,5.40767546978387e-05
8,1e-06,mixnet_attribution_oracle,4,0.9996990897464831,0.9994573477929961,0.001509439997430939,2925.9279319942825,0.2539687175594736,2.0332071785697234,0.03231150251130036,1.7500000000000002e-06,0.0,1.7500000000000002e-06,18463.71572074306,5.416027928097647e-05
8,1e-06,mixnet_attribution_oracle,5,0.9994702588164068,0.9993516477499853,0.0013997984594212153,2943.5374602694114,0.2548292262654286,2.0094130636137115,0.031547220238474484,1.7500000000000002e-06,0.0,1.7500000000000002e-06,18026.98299341399,5.547239936740063e-05
8,1e-06,mixnet_attribution_oracle,6,0.9994700582935877,0.9994607654103507,0.0010662666717493874,2944.050344462109,0.24754293137812056,1.9749124972928247,0.03495854942853525,1.7500000000000002e-06,0.0,1.7500000000000002e-06,19976.313959162995,5.005928531381071e-05
8,1e-06,mixnet_attribution_oracle,7,0.9998477350590027,0.9997585718430065,0.0005173105695155977,2960.267453368862,0.2572044293337967,2.0233072545143864,0.030951246048034245,1.7500000000000002e-06,0.0,1.7500000000000002e-06,17686.426313162425,5.6540534661645555e-05
8,1e-06,mixnet_attribution_oracle,8,0.999625468164794,0.9994261354684014,0.0012513787072667094,2913.214456928839,0.2473519986087922,1.9819612255854628,0.03344531837169994,1.7500000000000002e-06,0.0,1.7500000000000002e-06,19111.610498114253,5.2324214126207226e-05
8,1e-06,mixnet_attribution_oracle,9,0.999465608061684,0.9994340176103663,0.0011459816776833592,2968.694938544927,0.24645140164648183,1.9465092336360874,0.03382029488099692,1.7500000000000002e-06,0.0,1.7500000000000002e-06,19325.882789141095,5.17440787006058e-05
8,1e-06,mixnet_attribution_oracle,10,0.9990122331129854,0.9990026914269777,0.002109529141163536,2954.5846820150446,0.2508025772694964,1.998637861303338,0.03180619005974218,1.7500000000000002e-06,0.0,1.7500000000000002e-06,18174.965748424103,5.502073642624097e-05
8,1e-06,mixnet_attribution_oracle,11,0.9999241849886278,0.999800206047893,0.0005351517583825639,2948.7799090219864,0.26184029545402154,2.0337732932043453,0.0346115841008377,1.7500000000000002e-06,0.0,1.7500000000000002e-06,19778.04805762154,5.05611067930764e-05
8,1e-06,mixnet_attribution_oracle,12,0.9992335402774584,0.9992058518056444,0.001572422784319788,2980.828696252012,0.260253707296215,2.035368901093619,0.03317894225459974,1.7500000000000002e-06,0.0,1.7500000000000002e-06,18959.39557405699,5.2744297469500857e-05
8,1e-06,mixnet_attribution_oracle,13,0.9996983408748115,0.9995781199169645,0.0009066405095045392,2932.8057315233787,0.26345226541161537,2.064363626911231,0.03006238996749232,1.7500000000000002e-06,0.0,1.7500000000000002e-06,17178.508552852752,5.821227127624737e-05
8,1e-06,mixnet_attribution_oracle,14,0.9993972272453285,0.9994725068079132,0.0011500043928743698,2930.146624472574,0.26106087493826635,2.0417808394839376,0.03193919022180234,1.7500000000000002e-06,0.0,1.7500000000000002e-06,18250.965841029905,5.47916208221652e-05
8,1e-06,mixnet_attribution_oracle,15,0.9998507685420086,0.9997214566040433,0.0005998951553570716,2902.0894642590656,0.24952518724603578,1.9798289372796742,0.03626856238514478,1.7500000000000002e-06,0.0,1.7500000000000002e-06,20724.8927915113,4.825115430317639e-05
8,1e-06,mixnet_attribution_oracle,16,0.9997763530639631,0.9995315701202621,0.0011454199112565873,2899.21559564634,0.25220003971480764,2.004919760655733,0.03092308045097874,1.7500000000000002e-06,0.0,1.7500000000000002e-06,17670.331686273563,5.6592033344614975e-05
8,1e-06,mixnet_attribution_oracle,17,0.9998470363288718,0.9997190410410616,0.0008341952954769883,2974.2279923518163,0.252735333138844,2.027854145149594,0.03025631140626298,1.7500000000000002e-06,0.0,1.7500000000000002e-06,17289.320803578845,5.783917201611544e-05
8,1e-06,mixnet_attribution_oracle,18,0.9997730195959749,0.9994961354519799,0.0013115312023833242,2942.255201634259,0.2557335131277796,2.0205232024084308,0.031485856808029164,1.7500000000000002e-06,0.0,1.7500000000000002e-06,17991.918176016665,5.5580510661337164e-05
8,1e-06,mixnet_attribution_oracle,19,0.9994627369713716,0.999460257870734,0.0009780480222727843,2985.5419448921634,0.24729866068810225,1.9926438296658782,0.030828254553813973,1.7500000000000002e-06,0.0,1.7500000000000002e-06,17616.14545932227,5.676610710947616e-05
8,1e-06,mixnet_attribution_oracle,20,0.9997709748835789,0.9995978650162795,0.000913314318107541,2969.266432552103,0.25179882140946575,1.9865641838794377,0.033220289544854426,1.7500000000000002e-06,0.0,1.7500000000000002e-06,18983.02259705967,5.267864982444327e-05
8,1e-06,mixnet_attribution_oracle,21,0.999393341927656,0.9992216030006196,0.0014975323785545083,2949.139379692121,0.2617736473039258,2.037168798245661,0.030618796904671536,1.7500000000000002e-06,0.0,1.7500000000000002e-06,17496.45537409802,5.7154433776364385e-05
8,1e-06,mixnet_attribution_oracle,22,0.9998469543924089,0.9998222816242959,0.0004150232299524474,2976.439700030609,0.2538699848810211,1.9986246919463846,0.034163470720552314,1.7500000000000002e-06,0.0,1.7500000000000002e-06,19521.983268887034,5.1224303710665506e-05
8,1e-06,mixnet_attribution_oracle,23,0.9997741133950757,0.9997733032693871,0.0004995323448698353,2928.8884120171674,0.25263686568359844,1.979898735501438,0.03188687374348545,1.7500000000000002e-06,0.0,1.7500000000000002e-06,18221.07071056311,5.488151689243379e-05
8,1e-06,mixnet_attribution_oracle,24,0.9997700268302031,0.9995057522861889,0.0012628534040988754,2981.9353008815638,0.2535663551534526,2.0089762113029304,0.03154795683765285,1.7500000000000002e-06,0.0,1.7500000000000002e-06,18027.4039072302,5.547110416708048e-05
8,1e-06,mixnet_attribution_oracle,25,0.9999239601551213,0.9998193726272961,0.0005346424684355599,2956.833928978785,0.2532691471569706,1.9995109009922747,0.03328506559314341,1.7500000000000002e-06,0.0,1.7500000000000002e-06,19020.037481796233,5.2576131932288966e-05
8,1e-06,mixnet_attribution_oracle,26,0.9997736703130894,0.9995505253249594,0.00107823092806084,2932.7678611844585,0.25291583372745663,2.009218892783169,0.033837497937204856,1.7500000000000002e-06,0.0,1.7500000000000002e-06,19335.713106974203,5.171777190050001e-05
8,1e-06,mixnet_attribution_oracle,27,0.9993988126549936,0.9993757450423261,0.0014261169269388788,2922.141654768167,0.24124130461132154,1.9646979984857218,0.03375649272620531,1.7500000000000002e-06,0.0,1.7500000000000002e-06,19289.424414974463,5.184187866298882e-05
8,1e-06,mixnet_attribution_oracle,28,0.9995506627724107,0.9994936624018587,0.0010787183565644145,2912.395791207968,0.248247996205464,1.9773230412477214,0.0324577176586377,1.7500000000000002e-06,0.0,1.7500000000000002e-06,18547.267233507253,5.3916298687572305e-05
8,1e-06,mixnet_attribution_oracle,29,0.9996934865900383,0.999661816088489,0.0007674791437318846,2979.213563218391,0.25278317579068244,2.000967110913887,0.031230949015932975,1.7500000000000002e-06,0.0,1.7500000000000002e-06,17846.256580533125,5.603416018857478e-05
8,0.03,mixnet_attribution,0,0.023148148148148147,0.012334472081538612,6.497343914382327,3000.5055555555555,0.34587535489117727,2.3934930386708393,0.03210896925036115,0.0525,0.0,0.0525,0.6115994142925933,1.6350571577257809
8,0.03,mixnet_attribution,1,0.01993255901086549,0.01265310026532787,6.485014243654909,2914.1733233420755,0.34922188639757223,2.424068792386101,0.03515663469976418,0.0525,0.0,0.0525,0.669650184757413,1.4933169926060115
8,0.03,mixnet_attribution,2,0.020205089251804025,0.012891043821785044,6.4841150058479595,2954.042688947968,0.3482340956106782,2.3965400599744413,0.03485450760823979,0.0525,0.0,0.0525,0.6638953830140913,1.5062614164599106
8,0.03,mixnet_attribution,3,0.02025529312848735,0.012337768823144132,6.496815702704108,2972.905526255446,0.3427789139968809,2.3927754687478,0.032955985326642546,0.0525,0.0,0.0525,0.6277330538408105,1.5930338443729528
8,0.03,mixnet_attribution,4,0.021023283852008138,0.012586998521021069,6.495126786771109,2930.2556702584584,0.35264888472738676,2.400902747922302,0.03296170525857478,0.0525,0.0,0.0525,0.6278420049252339,1.5927574009946726
8,0.03,mixnet_attribution,5,0.02288052125160997,0.012982855788469805,6.467551594116011,2946.556936131525,0.34490784772788174,2.3678751768361956,0.03192034904933833,0.0525,0.0,0.0525,0.6080066485588254,1.64471885689133
8,0.03,mixnet_attribution,6,0.022816265060240964,0.01316703288629385,6.459291519593826,2928.313328313253,0.3544451146153733,2.413175456542594,0.030813059824997935,0.0525,0.0,0.0525,0.586915425238056,1.703822999019654
8,0.03,mixnet_attribution,7,0.01701580579293655,0.011827201999704643,6.523777503938788,2940.7717613249642,0.3485053986660205,2.357777480569437,0.029895641271210905,0.0525,0.0,0.0525,0.569440786118303,1.7561088428819482
8,0.03,mixnet_attribution,8,0.021998934307680598,0.012099349444796547,6.513813505528103,2961.039582857578,0.36078803217969835,2.4557521895835674,0.030570482733178996,0.0525,0.0,0.0525,0.5822949092034094,1.7173428518686846
8,0.03,mixnet_attribution,9,0.021712631418558587,0.012497832411480867,6.498736910008924,2962.795977449337,0.3558516576886177,2.408100383199682,0.03255676444985237,0.0525,0.0,0.0525,0.6201288466638547,1.6125681064181443
8,0.03,mixnet_attribution,10,0.024820528486329617,0.012736190787287521,6.488374476532563,2970.489002596609,0.35250245372299105,2.394195591865543,0.031618753956896825,0.0525,0.0,0.0525,0.6022619801313681,1.6604069873078746
8,0.03,mixnet_attribution,11,0.01825863890146371,0.011946377168306592,6.520108833310623,2934.7541119661987,0.3575044928002171,2.408793419274757,0.032842760640627515,0.0525,0.0,0.0525,0.6255763931548098,1.5985257930801307
8,0.03,mixnet_attribution,12,0.023371531966224365,0.013372181532410212,6.459918393341915,2932.517717129071,0.3484680622059386,2.3962185142460584,0.03572380604891574,0.0525,0.0,0.0525,0.680453448550776,1.4696082474558567
8,0.03,mixnet_attribution,13,0.02360851699663803,0.013303879410316173,6.454995288064786,2905.6002988419873,0.3455581946473103,2.365019182656178,0.03163189788620417,0.0525,0.0,0.0525,0.6025123406896032,1.6597170422359377
8,0.03,mixnet_attribution,14,0.02449805214264309,0.013623818032357602,6.495651196402961,2913.6341774048547,0.3589279356529005,2.3994623097248,0.03331749625764367,0.0525,0.0,0.0525,0.63461897633607,1.575748657522712
8,0.03,mixnet_attribution,15,0.02270002996703626,0.012314421391168015,6.50374239951245,2913.560158825292,0.3528135340893641,2.390175807364634,0.032196817814978206,0.0525,0.0,0.0525,0.6132727202852992,1.6305959272651038
8,0.03,mixnet_attribution,16,0.022149738299324886,0.012730308064994334,6.498704194885118,2950.8674049912765,0.35028371450607665,2.380842388644706,0.03319042038895242,0.0525,0.0,0.0525,0.6321984835990937,1.5817817124568527
8,0.03,mixnet_attribution,17,0.024953931203931204,0.0128192804478862,6.488663373506149,2985.9520884520884,0.3504916019446682,2.3681373786595037,0.03308545098166744,0.0525,0.0,0.0525,0.630199066317475,1.5868001929032225
8,0.03,mixnet_attribution,18,0.020153623849722413,0.01249851017945945,6.501744055464819,2958.129971860978,0.343406882166164,2.341706186909107,0.03199635935182107,0.0525,0.0,0.0525,0.6094544638442109,1.6408116755637066
8,0.03,mixnet_attribution,19,0.021189955508634343,0.012527938161227778,6.4754863350778935,2933.124877460222,0.35197832822450437,2.410100535082591,0.03205636225321531,0.0525,0.0,0.0525,0.6105973762517202,1.637740414376998
8,0.03,mixnet_attribution,20,0.01927437641723356,0.011944193879395324,6.5081535783254285,2939.1495842781555,0.36553942193859257,2.4389696627085593,0.031143275115063224,0.0525,0.0,0.0525,0.5932052402869186,1.6857571917542822
8,0.03,mixnet_attribution,21,0.022760476739715495,0.012799092909296945,6.502903695538556,2990.583775470973,0.35768545483006164,2.4219033040985156,0.03553365536827305,0.0525,0.0,0.0525,0.6768315308242485,1.4774725385240186
8,0.03,mixnet_attribution,22,0.017688950149322306,0.012332194130698944,6.489435393348321,2977.8410291752816,0.3476201570010744,2.3940926480616707,0.031583911551720245,0.0525,0.0,0.0525,0.6015983152708618,1.6622386975099206
8,0.03,mixnet_attribution,23,0.019010259505129752,0.011985730609009317,6.514897115106875,2933.5934671092336,0.3458897011587396,2.3799852960004264,0.03173172841972438,0.0525,0.0,0.0525,0.6044138746614168,1.6544954408271721
8,0.03,mixnet_attribution,24,0.020264586678901887,0.011895713696064012,6.513113840905175,2974.279498355892,0.3487219182716217,2.3794961042338914,0.030456766497919625,0.0525,0.0,0.0525,0.5801288856746596,1.723754883946267
8,0.03,mixnet_attribution,25,0.02274975272007913,0.013162083998123606,6.483915236909509,2959.533972456821,0.3417244946176652,2.374113405907845,0.034371008290252546,0.0525,0.0,0.0525,0.6546858721952866,1.527450098543916
8,0.03,mixnet_attribution,26,0.021313320825515947,0.012935819963954055,6.47558722495795,2919.6184615384614,0.35031027122749947,2.398586164667611,0.031999814499392,0.0525,0.0,0.0525,0.6095202761788953,1.6406345105843505
8,0.03,mixnet_attribution,27,0.01780120712048285,0.011962661852867651,6.508108685817828,2970.7523111009245,0.3585783804010134,2.4357408291823193,0.03158799949547908,0.0525,0.0,0.0525,0.6016761808662682,1.662023579793772
8,0.03,mixnet_attribution,28,0.018455487482036154,0.012187576408363881,6.500642703508802,2941.7389002344753,0.3535082033195067,2.4021710645680665,0.032120103919950016,0.0525,0.0,0.0525,0.6118115032371432,1.6344903531707409
8,0.03,mixnet_attribution,29,0.019517709118311983,0.012126985847721256,6.5025457619530735,2930.504220045215,0.350048503751168,2.3991987209453414,0.03219185438918563,0.0525,0.0,0.0525,0.6131781788416311,1.630847336885215
8,0.03,mixnet_attribution_oracle,0,0.15089592070148686,0.11109519925824214,3.417233594055163,2966.3592070148684,0.35812407289631665,2.4082760391858704,0.034318627536189916,0.0525,0.0,0.0525,0.6536881435464746,1.5297814559931726
8,0.03,mixnet_attribution_oracle,1,0.15078082929456113,0.1083379151951493,3.4431739209179426,2991.7408262174013,0.34609357742010616,2.368115297392337,0.03191028896395462,0.0525,0.0,0.0525,0.6078150278848499,1.645237373415929
8,0.03,mixnet_attribution_oracle,2,0.16519993824301374,0.11420987711815239,3.4001680380906203,3003.4224949822446,0.34608651767484844,2.343046981774414,0.03543912500977529,0.0525,0.0,0.0525,0.6750309525671483,1.4814135502927557
8,0.03,mixnet_attribution_oracle,3,0.15281521990295002,0.11004973410650508,3.428147462678215,2996.3390587691597,0.3460306864581071,2.3689168660929365,0.03517566380898083,0.0525,0.0,0.0525,0.6700126439805872,1.492509147378081
8,0.03,mixnet_attribution_oracle,4,0.1528033088235294,0.11070008337732754,3.4263884904654938,2978.619255514706,0.36729873818694614,2.4547854785346432,0.03330298220404355,0.0525,0.0,0.0525,0.6343425181722581,1.5764353978373027
8,0.03,mixnet_attribution_oracle,5,0.14599521817095037,0.1080371152253937,3.4443000353640194,2905.1746114763896,0.35003273229813203,2.4016437726943805,0.03203349810481359,0.0525,0.0,0.0525,0.610161868663116,1.6389093638234584
8,0.03,mixnet_attribution_oracle,6,0.14431096487872064,0.10780167982298361,3.4327325205004637,2975.5541357410666,0.3547305401880294,2.393984307839334,0.0325149579079248,0.0525,0.0,0.0525,0.6193325315795201,1.6146414874246011
8,0.03,mixnet_attribution_oracle,7,0.1583860283047275,0.10974771582827911,3.4341098786945894,2927.859379704908,0.35202941548777744,2.4106288397368427,0.03305904388268242,0.0525,0.0,0.0525,0.6296960739558557,1.588067706564904
8,0.03,mixnet_attribution_oracle,8,0.15034831202633392,0.11001048818824155,3.414842890820543,2976.741024267014,0.3504800189693924,2.4002359850416317,0.03461939270337741,0.0525,0.0,0.0525,0.6594170038738555,1.5164910733653103
8,0.03,mixnet_attribution_oracle,9,0.1537646613696557,0.11162339212038544,3.4214640237258647,2943.0295119182747,0.3458208429510705,2.370942738168543,0.03450005798857962,0.0525,0.0,0.0525,0.6571439616872309,1.5217365726567418
8,0.03,mixnet_attribution_oracle,10,0.1553701772679875,0.10788214964076918,3.4400477097637445,2896.8791151497094,0.33800066643743776,2.3138124365815678,0.03200283105502323,0.0525,0.0,0.0525,0.609577734381395,1.640479865976091
8,0.03,mixnet_attribution_oracle,11,0.14805934362355763,0.10784448592156501,3.434002457265442,2913.2442679454516,0.34616562828887254,2.370887061577804,0.03259442907636984,0.0525,0.0,0.0525,0.6208462681213304,1.610704696713378
8,0.03,mixnet_attribution_oracle,12,0.14705435772851502,0.11013626489266706,3.421198368906216,2952.610233829335,0.34877479521674104,2.402775633636972,0.03344430890179086,0.0525,0.0,0.0525,0.6370344552722069,1.5697738037932292
8,0.03,mixnet_attribution_oracle,13,0.1523766546329723,0.10810143561669368,3.4336688529810653,2924.4111010830325,0.36496290448121727,2.4545891071174397,0.03177865298997655,0.0525,0.0,0.0525,0.6053076759995534,1.6520524018610627
8,0.03,mixnet_attribution_oracle,14,0.14807517429524097,0.10762768206458927,3.4533747811480113,2947.1795240982115,0.35576805224991404,2.4248919994958467,0.03182286249994624,0.0525,0.0,0.0525,0.6061497619037379,1.6497573089186648
8,0.03,mixnet_attribution_oracle,15,0.14694250076057194,0.10968846139538446,3.434724538859234,2957.1467143291757,0.34959006650024094,2.3886415788561477,0.033094032032550486,0.0525,0.0,0.0525,0.6303625149057236,1.5863887467191147
8,0.03,mixnet_attribution_oracle,16,0.14605192616987056,0.10846483725906492,3.4385270304603206,2979.3059661484263,0.35015985727659427,2.4013435531803147,0.03154979368164103,0.0525,0.0,0.0525,0.6009484510788767,1.6640362383906806
8,0.03,mixnet_attribution_oracle,17,0.15291902071563088,0.10850759912358376,3.436081250656944,2930.098606403013,0.3432991068693809,2.3665881694062727,0.03183378081402451,0.0525,0.0,0.0525,0.606357729790943,1.649191477025905
8,0.03,mixnet_attribution_oracle,18,0.15190552871712293,0.11095213590621344,3.424572414581232,2982.4995782532014,0.35187517837039195,2.3968693174768463,0.035103956645889965,0.0525,0.0,0.0525,0.668646793255047,1.4955579090298015
8,0.03,mixnet_attribution_oracle,19,0.13906890130353816,0.10730684722664761,3.428880631307097,2896.787635009311,0.34318974093184806,2.3778051809464285,0.03340247459617434,0.0525,0.0,0.0525,0.6362376113557018,1.5717398376829523
8,0.03,mixnet_attribution_oracle,20,0.14591395401775553,0.10785416368684256,3.4448134279106117,2950.731011457622,0.35052181652281433,2.402136454882011,0.03127857186548616,0.0525,0.0,0.0525,0.5957823212473554,1.6784653796144153
8,0.03,mixnet_attribution_oracle,21,0.14734909341289879,0.1064076423623112,3.4470347108233788,2975.1059597582434,0.35369177284883335,2.3712319555086596,0.03221472865697296,0.0525,0.0,0.0525,0.6136138791804373,1.6296893436237663
8,0.03,mixnet_attribution_oracle,22,0.1448707318911585,0.10570153414584926,3.4528451985404915,2931.2959975880003,0.3453223425312899,2.381727199495286,0.03030005844888892,0.0525,0.0,0.0525,0.5771439704550271,1.732669924995644
8,0.03,mixnet_attribution_oracle,23,0.15974124809741247,0.11443905811978908,3.40352226847402,2960.3677321156774,0.3504932375217322,2.3838862074391196,0.035909047279407746,0.0525,0.0,0.0525,0.6839818529410999,1.4620270928242207
8,0.03,mixnet_attribution_oracle,24,0.14957553902787168,0.10790289376580206,3.4462314828878164,2922.167530613778,0.340427787945373,2.342006434025256,0.03253456123879936,0.0525,0.0,0.0525,0.619705928358083,1.6136686035092642
8,0.03,mixnet_attribution_oracle,25,0.15267755412077477,0.1086446795148923,3.443155565434791,2953.952449677174,0.3454412591527216,2.374438522518989,0.03118512166406026,0.0525,0.0,0.0525,0.5940023174106717,1.683495115573154
8,0.03,mixnet_attribution_oracle,26,0.14414967029596687,0.10842076541799965,3.4329723907390517,2982.662475080509,0.3576274488295894,2.42351976045851,0.03356736854676319,0.0525,0.0,0.0525,0.6393784485097751,1.5640189348432685
8,0.03,mixnet_attribution_oracle,27,0.14418358873707254,0.1092201326541248,3.4265119102682338,2936.1099116781156,0.35018428272451274,2.3963303394301274,0.03592033239345214,0.0525,0.0,0.0525,0.6841968074943264,1.461567766827518
8,0.03,mixnet_attribution_oracle,28,0.14928909952606634,0.10901015490534964,3.42917780533696,2971.997859654487,0.3530342044541612,2.4085833601068902,0.03302344827872091,0.0525,0.0,0.0525,0.6290180624518269,1.5897794669077323
8,0.03,mixnet_attribution_oracle,29,0.14340402725671847,0.11122787928062872,3.4135823702599986,2977.222953832019,0.3437134807172697,2.3705712893059427,0.03545875111246735,0.0525,0.0,0.0525,0.6754047830946163,1.4805936010967098
8,0.06,mixnet_attribution,0,0.01790416008425487,0.01101008439125907,6.5743116659310985,2925.4281952907545,0.45134308096021414,2.8044752332454737,0.032604982709939244,0.105,0.0,0.105,0.31052364485656425,3.220366682420966
8,0.06,mixnet_attribution,1,0.017978731543110704,0.011008425149620247,6.5794063512925085,2975.1824649988525,0.44672740245005116,2.805560621799069,0.032314038009274765,0.105,0.0,0.105,0.30775274294547394,3.2493617779945336
8,0.06,mixnet_attribution,2,0.01920740965684786,0.01116006184910677,6.582639445697134,2952.6128909808685,0.4434394229610916,2.751876748760754,0.03255100730886114,0.105,0.0,0.105,0.31000959341772516,3.2257066272544064
8,0.06,mixnet_attribution,3,0.019077536009806925,0.011081195548249448,6.577817421279094,2980.6323935029113,0.44525634724413976,2.7394129832933896,0.03259968207479996,0.105,0.0,0.105,0.31047316261714253,3.2208903068158
8,0.06,mixnet_attribution,4,0.018917896329928113,0.011049797075528653,6.572872839499253,2942.697465001892,0.43972325226059183,2.766152689075013,0.032543388595920805,0.105,0.0,0.105,0.3099370342468648,3.2264617954739157
8,0.06,mixnet_attribution,5,0.016377284100386687,0.010969368713110736,6.578027299335639,2948.611342785655,0.45090056909248233,2.8008649864865798,0.03214391163019367,0.105,0.0,0.105,0.3061324917161302,3.2665595030248458
8,0.06,mixnet_attribution,6,0.016414719804550313,0.010949689140906644,6.576511810070414,2968.9413650939073,0.45183375643682666,2.8022976026591455,0.0333600537562062,0.105,0.0,0.105,0.3177147976781543,3.147476942553371
8,0.06,mixnet_attribution,7,0.01764173703256936,0.01088838423300723,6.5835887950285095,2932.3799758745477,0.4469251681002788,2.795071231836084,0.030555843590350365,0.105,0.0,0.105,0.291008034193813,3.4363312434666127
8,0.06,mixnet_attribution,8,0.015988482230810033,0.01095875076556644,6.574066956118355,2947.111010078048,0.44322095526149496,2.7563349968525404,0.03282370285965476,0.105,0.0,0.105,0.31260669390147394,3.1989078273390263
8,0.06,mixnet_attribution,9,0.016967206878186106,0.010902191127922956,6.585357722915072,2959.3216160693905,0.43098409453523345,2.694494147515881,0.03022768464532683,0.105,0.0,0.105,0.2878827109078746,3.4736368740115493
8,0.06,mixnet_attribution,10,0.020841256560432037,0.011107775495009641,6.572190708130128,2957.929033239522,0.43655542051419616,2.7565066480768725,0.033819977748626245,0.105,0.0,0.105,0.32209502617739283,3.104673834513834
8,0.06,mixnet_attribution,11,0.019736842105263157,0.011056323332492552,6.573486535270831,2941.0676799758016,0.457314627507003,2.8079443669294077,0.03364968750222103,0.105,0.0,0.105,0.320473214306867,3.1203855902991524
8,0.06,mixnet_attribution,12,0.019022556390977444,0.011082407043089645,6.5717484447633865,2923.6854887218046,0.45180115808034316,2.8302938401841438,0.03412982042213426,0.105,0.0,0.105,0.3250459087822311,3.0764884989522003
8,0.06,mixnet_attribution,13,0.014315561402151204,0.010936442824981615,6.580619807299163,3010.049833629962,0.4529092484153807,2.7836200066122574,0.032062856293443236,0.105,0.0,0.105,0.3053605361280308,3.2748174098722513
8,0.06,mixnet_attribution,14,0.020729684908789386,0.011095323023412679,6.577281991355978,2931.8097391828737,0.4531614287698176,2.8186628504559117,0.03242772264281421,0.105,0.0,0.105,0.30883545374108773,3.2379702132202417
8,0.06,mixnet_attribution,15,0.016989181776626543,0.011064960916578867,6.572647260152962,2963.614886484839,0.4395354916341603,2.772993941734328,0.03290422234813831,0.105,0.0,0.105,0.31337354617274576,3.1910798221900785
8,0.06,mixnet_attribution,16,0.01667947732513451,0.010993139361174875,6.581033250600144,2989.7161414296693,0.4350289343856275,2.770919535111867,0.03211475835175641,0.105,0.0,0.105,0.3058548414452991,3.2695248349660204
8,0.06,mixnet_attribution,17,0.019625672501326057,0.011041395222354148,6.58355025536692,2946.3413654618475,0.44224971035146154,2.7637347296716817,0.03312351748154642,0.105,0.0,0.105,0.31546207125282305,3.1699531928786544
8,0.06,mixnet_attribution,18,0.016036215759993862,0.010905581983896712,6.579238067570789,2983.9072354791683,0.45196830146596767,2.791759430190582,0.02928217246586887,0.105,0.0,0.105,0.27887783300827496,3.585799520933339
8,0.06,mixnet_attribution,19,0.01526946107784431,0.011075586661578948,6.567992746372389,2911.0249251497007,0.43748264404712245,2.7433481720161694,0.034665533494636025,0.105,0.0,0.105,0.33014793804415266,3.028945162959837
8,0.06,mixnet_attribution,20,0.01721953037644428,0.010928183355928581,6.582120601625319,2898.707193440179,0.4498199560039211,2.8045409718238004,0.030725297299947232,0.105,0.0,0.105,0.2926218790471165,3.417379463409792
8,0.06,mixnet_attribution,21,0.01876271569587823,0.010890703162638939,6.588851748380735,2929.6491598221687,0.4468615036457777,2.782942428755403,0.0308115913021347,0.105,0.0,0.105,0.29344372668699714,3.4078084111392632
8,0.06,mixnet_attribution,22,0.01717325227963526,0.010981409934512196,6.5731463461143385,2954.9439969604864,0.4500120282464195,2.777845660252642,0.03300817726858694,0.105,0.0,0.105,0.31436359303416134,3.1810299352677642
8,0.06,mixnet_attribution,23,0.01438417740485466,0.010973966195433742,6.577736270284328,2913.7743482169612,0.4545482104003895,2.788500177578228,0.03253620998936608,0.105,0.0,0.105,0.30986866656539125,3.227173663875341
8,0.06,mixnet_attribution,24,0.015121580547112462,0.010902262417295853,6.586155698249138,2955.93320668693,0.4338224596576765,2.715999983122904,0.02961383472641461,0.105,0.0,0.105,0.2820365212039487,3.5456401026761757
8,0.06,mixnet_attribution,25,0.020392691986960806,0.011060666161074748,6.581926296948036,2948.081570767948,0.4417288139811717,2.7549198457094266,0.03170451952371689,0.105,0.0,0.105,0.3019478049877799,3.3118306657022094
8,0.06,mixnet_attribution,26,0.016023693803159173,0.01093333074382261,6.577263502781349,2952.8217648845684,0.44450975276413374,2.798062079569716,0.03230112776419113,0.105,0.0,0.105,0.3076297882303918,3.250660496021519
8,0.06,mixnet_attribution,27,0.01764795375019017,0.011235436334921573,6.565869101072022,2958.955119427963,0.4440877210581675,2.793168955788571,0.03440403043543121,0.105,0.0,0.105,0.3276574327183925,3.0519680011637558
8,0.06,mixnet_attribution,28,0.01509206157561123,0.010876270789470866,6.587904987448892,2934.9809840024145,0.4488184282090515,2.8099268303608067,0.030772073584438394,0.105,0.0,0.105,0.29306736747084183,3.4121847431529306
8,0.06,mixnet_attribution,29,0.016043590131678522,0.010895496517971615,6.58355630823939,2943.079007113667,0.44673709516064264,2.771994395020636,0.03063902888117269,0.105,0.0,0.105,0.29180027505878753,3.427001567419822
8,0.06,mixnet_attribution_oracle,0,0.10936086825444678,0.0889660294520622,3.6043473645709723,2931.950934579439,0.45117511990247294,2.7824457554663136,0.03268598262193677,0.105,0.0,0.105,0.311295072589874,3.2123862150477502
8,0.06,mixnet_attribution_oracle,1,0.11927655677655678,0.08981125531793716,3.599935061521253,2966.2356532356534,0.4369775580416899,2.782694081908689,0.031361173001548906,0.105,0.0,0.105,0.2986778381099896,3.3480890524985822
8,0.06,mixnet_attribution_oracle,2,0.11679551311202062,0.08916109638256038,3.609384860095817,2947.8362892223736,0.4351225731370505,2.758087324013159,0.03254857410706431,0.105,0.0,0.105,0.30998642006727917,3.225947768237592
8,0.06,mixnet_attribution_oracle,3,0.11555758823081028,0.08968132733090947,3.5979970091943554,2965.2372894275477,0.4371866472065449,2.7121646774406645,0.0363372103947964,0.105,0.0,0.105,0.34606867042663236,2.8895999131247656
8,0.06,mixnet_attribution_oracle,4,0.11490870680549269,0.08939192279886375,3.604443496358382,2934.471933001358,0.44563209876650944,2.7627178921355755,0.03237610464398843,0.105,0.0,0.105,0.30834385375227075,3.2431325866589797
8,0.06,mixnet_attribution_oracle,5,0.11182529234105165,0.08835187774296642,3.610542161880937,3010.7603964996515,0.44388061156496406,2.7435030332611174,0.03271298361230384,0.105,0.0,0.105,0.3115522248790842,3.209734741544881
8,0.06,mixnet_attribution_oracle,6,0.11260377358490566,0.08871750668033915,3.6090215321996375,2935.484679245283,0.44321742380270734,2.7847009841450765,0.03193356380518664,0.105,0.0,0.105,0.3041291790970156,3.2880764777950007
8,0.06,mixnet_attribution_oracle,7,0.12251172085158712,0.09026142196959333,3.6010499127736737,2989.282607024825,0.44795556741883047,2.758749633895229,0.03428309016928846,0.105,0.0,0.105,0.32650562065989014,3.0627344116739303
8,0.06,mixnet_attribution_oracle,8,0.11558958192599264,0.08964842615672908,3.6049649338195473,2919.5179764317345,0.44085984787670895,2.7758699072857875,0.03399473399950373,0.105,0.0,0.105,0.32375937142384503,3.088713681405268
8,0.06,mixnet_attribution_oracle,9,0.12058243591688154,0.08957288963193523,3.6017552040699417,2949.993629607159,0.4421996357268654,2.758231958577624,0.033470242597741,0.105,0.0,0.105,0.31876421521658094,3.1371149968027643
8,0.06,mixnet_attribution_oracle,10,0.1129748774509804,0.08780026113684204,3.615259981046428,2978.683900122549,0.44197920232545584,2.759215552572802,0.029111948536420393,0.105,0.0,0.105,0.2772566527278133,3.606766474893982
8,0.06,mixnet_attribution_oracle,11,0.11721305240739333,0.08909922009647137,3.6051812317621588,2958.4687000836693,0.4489009414683096,2.7663545303883885,0.03271652061559818,0.105,0.0,0.105,0.3115859106247446,3.209387735135239
8,0.06,mixnet_attribution_oracle,12,0.11840012120293918,0.09021461800223335,3.5968691599309373,2946.6733580789332,0.4415759576950222,2.7783131738398303,0.03510579440799572,0.105,0.0,0.105,0.3343408991237688,2.9909592353815277
8,0.06,mixnet_attribution_oracle,13,0.12400428921568628,0.08941418721443573,3.6018952166419784,2978.389552696078,0.464062665036181,2.8495303848564006,0.033230612308587204,0.105,0.0,0.105,0.3164820219865448,3.1597371431180847
8,0.06,mixnet_attribution_oracle,14,0.11634835752482811,0.0896781005342727,3.6025799399538267,2970.5825821237586,0.4372761861886829,2.7608347318201893,0.03224563737250722,0.105,0.0,0.105,0.3071013083095926,3.2562544441910606
8,0.06,mixnet_attribution_oracle,15,0.11904029529375577,0.08909521582928184,3.6031100614316025,2991.2722239310983,0.4502711028326303,2.804587113875777,0.03208031253631648,0.105,0.0,0.105,0.30552678606015693,3.273035444437609
8,0.06,mixnet_attribution_oracle,16,0.12533854950346074,0.0904807635340442,3.5964855906380415,2926.016175142943,0.44267641979968175,2.752721884118932,0.03450845880520553,0.105,0.0,0.105,0.3286519886210051,3.0427322353834287
8,0.06,mixnet_attribution_oracle,17,0.12631015224542883,0.09106663859450694,3.595204156431943,2975.694973605692,0.4523406605585478,2.7897081569647355,0.03380865526202179,0.105,0.0,0.105,0.32198719297163614,3.105713586838499
8,0.06,mixnet_attribution_oracle,18,0.11760225455099398,0.09018303056478584,3.5955008355903733,2961.7615202985758,0.44377654322306626,2.741267276312348,0.035229348756365325,0.105,0.0,0.105,0.3355176072034793,2.9804695149531635
8,0.06,mixnet_attribution_oracle,19,0.11354779552227401,0.08915837218545945,3.604143000065657,2972.0103155803467,0.4370849661936518,2.7415577143893026,0.03345566038206265,0.105,0.0,0.105,0.3186253369720253,3.1384823614570183
8,0.06,mixnet_attribution_oracle,20,0.11623518756132538,0.08951849702452189,3.5972671607657465,2935.3565552117143,0.4346080065879505,2.7482124782347066,0.03221036860508755,0.105,0.0,0.105,0.3067654152865481,3.259819882452866
8,0.06,mixnet_attribution_oracle,21,0.11842408417172261,0.08894751452871183,3.6080075406869296,2986.565624760003,0.4458161809016019,2.7535970396498417,0.032368268403029705,0.105,0.0,0.105,0.30826922288599723,3.2439177373532866
8,0.06,mixnet_attribution_oracle,22,0.11343764381040036,0.09006068345409503,3.5975949929391446,2983.291762540267,0.44711654880666174,2.781179633841397,0.033374749865719804,0.105,0.0,0.105,0.3178547606259029,3.146090994612925
8,0.06,mixnet_attribution_oracle,23,0.11268031115474662,0.08889710732460257,3.608105887900842,2937.0252246809155,0.45268077770015225,2.805287207332223,0.031995535631520106,0.105,0.0,0.105,0.3047193869668582,3.2817078360319814
8,0.06,mixnet_attribution_oracle,24,0.12024294610594295,0.08992876509180592,3.597501487781429,2989.7199200430537,0.43671152216847986,2.7300924571210983,0.0327442265620276,0.105,0.0,0.105,0.3118497767812152,3.2066721686370516
8,0.06,mixnet_attribution_oracle,25,0.11981845688350984,0.08827548476613961,3.6149002571605933,2941.986308623298,0.45176103597623296,2.7794921343568135,0.030412025970281767,0.105,0.0,0.105,0.2896383425741121,3.452581557789166
8,0.06,mixnet_attribution_oracle,26,0.11009737023690869,0.08881493373635103,3.601747517275805,2981.729970098904,0.4501176468329504,2.7542584880543504,0.03200992544631071,0.105,0.0,0.105,0.3048564328220068,3.280232569616988
8,0.06,mixnet_attribution_oracle,27,0.11970018170805573,0.0911770517216928,3.5983756262732425,2944.466611144761,0.4458429577352945,2.778546422419053,0.03518824377061801,0.105,0.0,0.105,0.33512613114874296,2.983951136762171
8,0.06,mixnet_attribution_oracle,28,0.1118924348968395,0.0888030108545346,3.602314244172758,3005.9046441542387,0.4389410818403121,2.677262925178204,0.0320042222356437,0.105,0.0,0.105,0.30480211652994,3.280817113032653
8,0.06,mixnet_attribution_oracle,29,0.11983186855177684,0.08973483575386974,3.6006778945498734,2972.6291937332826,0.43964993429835886,2.7636374814636806,0.03284403369193807,0.105,0.0,0.105,0.31280032087560067,3.1969276668283713
8,0.12,mixnet_attribution,0,0.013456937799043063,0.010331588247154754,6.624056612767596,2908.207311602871,0.6395952336024493,3.519420248575482,0.033323364829519184,0.21,0.0,0.21,0.15868268966437707,6.30188461082338
8,0.12,mixnet_attribution,1,0.016730917501927525,0.010427958250174655,6.618522708809814,2998.0341557440247,0.6457944316207431,3.601761000109456,0.03520292725701826,0.21,0.0,0.21,0.1676329869381822,5.965413002923873
8,0.12,mixnet_attribution,2,0.013040181956027293,0.010332159782923693,6.623971847489741,2950.0283548142534,0.6491093509539496,3.5909027470416355,0.03234231137785853,0.21,0.0,0.21,0.1540110065612311,6.493042428122979
8,0.12,mixnet_attribution,3,0.01438188494492044,0.010377909757131518,6.620543383358731,2975.1027386780906,0.6355715298268478,3.508901266294485,0.033223768591402865,0.21,0.0,0.21,0.15820842186382317,6.320776025822084
8,0.12,mixnet_attribution,4,0.01426836672738312,0.010271305845865766,6.630525077165235,2951.7193381906495,0.6398604031128343,3.573765041271928,0.028489886802252534,0.21,0.0,0.21,0.13566612762977398,7.371036657941248
8,0.12,mixnet_attribution,5,0.013941506288831642,0.010353034762673918,6.624201782951136,2946.6869980300044,0.634644494362874,3.554346444241919,0.03297573567694688,0.21,0.0,0.21,0.1570273127473661,6.368318877167906
8,0.12,mixnet_attribution,6,0.013171680886094895,0.010276401038464509,6.628425224325338,2909.856533453076,0.64359836402582,3.5706173068962794,0.031179892394406956,0.21,0.0,0.21,0.14847567806860457,6.735109837571786
8,0.12,mixnet_attribution,7,0.012757605495583905,0.010328199027256978,6.621961386924992,2935.9386276137993,0.6497861995012499,3.5689500916193686,0.034545949810741085,0.21,0.0,0.21,0.16450452290829087,6.07886021807125
8,0.12,mixnet_attribution,8,0.015455594002306805,0.010331684137940363,6.62586031042819,2990.4077662437526,0.6503201486484613,3.626057611881856,0.03144743312116367,0.21,0.0,0.21,0.14974968152935084,6.677810528792349
8,0.12,mixnet_attribution,9,0.013742556115437472,0.010323516946350732,6.625619018164477,2970.24683157734,0.6442921351990663,3.5397204441621763,0.030573998072127188,0.21,0.0,0.21,0.14559046701012948,6.868581580485108
8,0.12,mixnet_attribution,10,0.01021021021021021,0.01035208786775724,6.62130060016231,2919.2524774774774,0.6344835360941943,3.5155707087756283,0.03332486302282915,0.21,0.0,0.21,0.15868982391823405,6.301601295589416
8,0.12,mixnet_attribution,11,0.013820708405709538,0.010343812431705979,6.622369782663895,2937.4631070160863,0.6353660894092172,3.5281936660295377,0.031001533550772873,0.21,0.0,0.21,0.1476263502417756,6.773858449810934
8,0.12,mixnet_attribution,12,0.016550785973397823,0.010367502003885575,6.621417637863041,2939.278491535671,0.6438873528677505,3.542927073586223,0.03448074304755904,0.21,0.0,0.21,0.1641940145121859,6.090355991178859
8,0.12,mixnet_attribution,13,0.0134412708110585,0.010400173850497066,6.622407881846356,2970.5754544065985,0.6459398805745877,3.5915972471525115,0.031919451569372065,0.21,0.0,0.21,0.15199738842558128,6.579060405959575
8,0.12,mixnet_attribution,14,0.01578181261012794,0.010342874492093791,6.622924570045564,2979.3170152455373,0.649364696291741,3.596397168185846,0.034823827186538016,0.21,0.0,0.21,0.1658277485073239,6.030353840062143
8,0.12,mixnet_attribution,15,0.01723081635778833,0.010458146244013464,6.618475142305245,2978.6318731811916,0.6395673972147051,3.52047674843525,0.035781193677175686,0.21,0.0,0.21,0.17038663655797948,5.869004871515955
8,0.12,mixnet_attribution,16,0.01509977995295546,0.010379594854821747,6.620624024354176,2950.6422338568937,0.6411983775324188,3.527515524219319,0.03399618663163177,0.21,0.0,0.21,0.16188660300777036,6.177163405868744
8,0.12,mixnet_attribution,17,0.01662298764507675,0.010384949111327865,6.623274457247611,2912.2519655559718,0.6565921198634896,3.5873102472628156,0.033580580922761054,0.21,0.0,0.21,0.15990752820362408,6.253614268407762
8,0.12,mixnet_attribution,18,0.011996125475001862,0.010301980096725557,6.626164972958843,2898.5312569853213,0.6293764793081209,3.511340114623775,0.03126849569759401,0.21,0.0,0.21,0.14889759855997148,6.716025037819733
8,0.12,mixnet_attribution,19,0.01549973276322822,0.010384797782038595,6.622089778349517,2968.8146903871116,0.6368961970438249,3.5267656502582145,0.03391627080038989,0.21,0.0,0.21,0.16150605143042807,6.191718459730717
8,0.12,mixnet_attribution,20,0.01329204742844196,0.010297791905484983,6.6273597779633615,2936.3766331848046,0.6447819959139451,3.5853272281557977,0.03191278123831519,0.21,0.0,0.21,0.15196562494435806,6.58043554498689
8,0.12,mixnet_attribution,21,0.013647736750322239,0.010354702290391444,6.621369269311077,2948.9567821669575,0.641833468223922,3.535575039102161,0.033933664483955274,0.21,0.0,0.21,0.16158887849502512,6.188544714918529
8,0.12,mixnet_attribution,22,0.012466001813236628,0.010315628637551309,6.624253572621079,2938.667799939559,0.6406764113926329,3.5468224210878687,0.03318603034614753,0.21,0.0,0.21,0.15802871593403586,6.327963839289934
8,0.12,mixnet_attribution,23,0.018808305747818235,0.010460430303245446,6.618466301265931,2925.5495786939514,0.6414990353805479,3.5501926981235585,0.03403891563886517,0.21,0.0,0.21,0.16209007447078655,6.16940922055181
8,0.12,mixnet_attribution,24,0.015398482686096298,0.010377534935178252,6.621985661747669,2921.355967850973,0.6468374570831656,3.5659951153453577,0.03419229627423902,0.21,0.0,0.21,0.16282045844875723,6.141734334415472
8,0.12,mixnet_attribution,25,0.014380278475233965,0.01038240074548792,6.622745828392189,2959.631514874838,0.6384342650999315,3.516020566828757,0.032370974705307934,0.21,0.0,0.21,0.15414749859670446,6.487293073864898
8,0.12,mixnet_attribution,26,0.016104294478527608,0.010389549190319211,6.624774094001442,2982.51518404908,0.6383532554900739,3.548914924119532,0.03256652280815588,0.21,0.0,0.21,0.15507868003883754,6.448339641203822
8,0.12,mixnet_attribution,27,0.016042376087779038,0.010393249336352873,6.619595635072394,2942.374725690503,0.6478406365786213,3.568432299234454,0.03510724320368831,0.21,0.0,0.21,0.16717734858899197,5.9816716106589
8,0.12,mixnet_attribution,28,0.012210845657944634,0.010412798575902318,6.618111829629146,2950.01433447099,0.640104034129763,3.498777906052349,0.03349425663362444,0.21,0.0,0.21,0.15949646016011637,6.269731622859299
8,0.12,mixnet_attribution,29,0.014924253787310635,0.010357584585649882,6.621282298709966,2916.079571021449,0.6465281370619778,3.546287693616446,0.03401819029904998,0.21,0.0,0.21,0.1619913823764285,6.173167889117976
8,0.12,mixnet_attribution_oracle,0,0.09153370486296664,0.0826805186681732,3.664468293370832,2969.4840827544085,0.6488605649792589,3.5613404541671354,0.032460781565443846,0.21,0.0,0.21,0.15457515031163738,6.469345156604476
8,0.12,mixnet_attribution_oracle,1,0.1051837319852109,0.08267684482687278,3.6694961327892983,2934.5680223345657,0.6421793807239737,3.49427527771541,0.03262392191657482,0.21,0.0,0.21,0.1553520091265468,6.436994317758833
8,0.12,mixnet_attribution_oracle,2,0.0990143706267399,0.08285495414702228,3.6676632016760284,2926.0845685050035,0.6369889120105654,3.5018381555795437,0.03373508322114785,0.21,0.0,0.21,0.16064325343403738,6.224973527510233
8,0.12,mixnet_attribution_oracle,3,0.09546557476493782,0.08272757506037383,3.666687327838143,2948.665984228086,0.648931769625051,3.571929788664969,0.03340512084494578,0.21,0.0,0.21,0.15907200402355134,6.286461317554944
8,0.12,mixnet_attribution_oracle,4,0.09998490793842439,0.08290786444783828,3.6669696520829285,2935.449290673106,0.6375324967084453,3.5562570389738153,0.03211355170014128,0.21,0.0,0.21,0.15292167476257754,6.53929537165072
8,0.12,mixnet_attribution_oracle,5,0.09642910953744162,0.08262807320945416,3.6699355110133602,2929.3144492993824,0.6476233299472369,3.5964019950195407,0.030390396317317627,0.21,0.0,0.21,0.14471617293960776,6.910077703736093
8,0.12,mixnet_attribution_oracle,6,0.09452510586811858,0.08233136063151723,3.671037698448168,2941.0775862068967,0.6397300825046841,3.549748889849271,0.0309672666228079,0.21,0.0,0.21,0.14746317439432333,6.7813540845523494
8,0.12,mixnet_attribution_oracle,7,0.0956752655538695,0.08248817606919041,3.6692133057438205,2951.68937784522,0.6423027382115833,3.525842134847634,0.031524250508797175,0.21,0.0,0.21,0.1501154786133199,6.661538232015929
8,0.12,mixnet_attribution_oracle,8,0.10643674743570686,0.08299534837475776,3.6673781802254406,2891.6140181358705,0.647268907923717,3.5536455059062706,0.03415758186956008,0.21,0.0,0.21,0.16265515175980994,6.147976188769495
8,0.12,mixnet_attribution_oracle,9,0.09782855413482636,0.08261647252247155,3.66913391420336,2941.67163501551,0.6490170749311801,3.5966287199070353,0.032912769161402795,0.21,0.0,0.21,0.1567274721971562,6.380502320244434
8,0.12,mixnet_attribution_oracle,10,0.09511529126213593,0.08304541404212086,3.662963769253768,2950.274651092233,0.6407920135534368,3.546025560585607,0.03310393088671912,0.21,0.0,0.21,0.1576377661272339,6.343657516644024
8,0.12,mixnet_attribution_oracle,11,0.09223813112283345,0.08277066038051271,3.6655469128335425,2931.0373021853807,0.6457919913518708,3.5349183951981225,0.034563825871560074,0.21,0.0,0.21,0.16458964700742892,6.075716293108424
8,0.12,mixnet_attribution_oracle,12,0.09834447144592953,0.08337117011668906,3.6595327844433063,2953.2911603888215,0.6403346744191367,3.5724886537170604,0.03402204928126417,0.21,0.0,0.21,0.16200975848221033,6.172467691875524
8,0.12,mixnet_attribution_oracle,13,0.0945096554335479,0.08255446881544667,3.673522631614233,2945.4106777735706,0.6424173577688634,3.5808585739049597,0.032465168408127146,0.21,0.0,0.21,0.1545960400387007,6.468470988970129
8,0.12,mixnet_attribution_oracle,14,0.09175001880123336,0.0823674534640817,3.6694283760812763,2925.5408738813267,0.6508320690481924,3.5660576965840507,0.03270543349178481,0.21,0.0,0.21,0.15574015948468958,6.420951431594671
8,0.12,mixnet_attribution_oracle,15,0.09319841752891053,0.08301687992203015,3.663911216567869,2959.6082623250154,0.638637058698805,3.556130600533591,0.03300930162939709,0.21,0.0,0.21,0.1571871506161766,6.36184316644192
8,0.12,mixnet_attribution_oracle,16,0.10522716912323356,0.08311305503112963,3.6677116395581004,2955.009421060629,0.6459739759447984,3.5772091993041095,0.03134724166350833,0.21,0.0,0.21,0.14927257935003968,6.69915401980849
8,0.12,mixnet_attribution_oracle,17,0.09557926829268293,0.08265960058014728,3.668860236601299,2964.612804878049,0.6385032806720119,3.5402516518091622,0.031266350154399054,0.21,0.0,0.21,0.14888738168761456,6.716485901391781
8,0.12,mixnet_attribution_oracle,18,0.097596117388337,0.08315728602511556,3.6611555867061485,2949.1010844013044,0.6445602444582619,3.5775679612578672,0.0352733552748118,0.21,0.0,0.21,0.16796835845148475,5.953502250180266
8,0.12,mixnet_attribution_oracle,19,0.09779969650986343,0.08263391266012153,3.672802905173128,2950.8022003034903,0.6468070877017453,3.617356001663014,0.03168501567047098,0.21,0.0,0.21,0.15088102700224276,6.627738555790288
8,0.12,mixnet_attribution_oracle,20,0.0992510779937968,0.08282010725309598,3.6721031972967513,2941.7136697178303,0.6447494396416005,3.5669423240840232,0.034184044936758515,0.21,0.0,0.21,0.16278116636551673,6.143216824940002
8,0.12,mixnet_attribution_oracle,21,0.09559384052447019,0.08272821361020471,3.6668347508110926,2964.9207958530264,0.6386294600670226,3.5368584323523984,0.03386119622408849,0.21,0.0,0.21,0.1612437915432785,6.201789169238158
8,0.12,mixnet_attribution_oracle,22,0.09953965738434835,0.08258825659214838,3.672198272092513,2935.246849294393,0.6442649017262738,3.5469426700493454,0.032399364639541656,0.21,0.0,0.21,0.15428268875972218,6.481608585117328
8,0.12,mixnet_attribution_oracle,23,0.09819548872180452,0.08275341782774495,3.6707292198720385,2924.5416541353384,0.6469696511048824,3.565737069912624,0.03208527047950485,0.21,0.0,0.21,0.15278700228335645,6.545059364051238
8,0.12,mixnet_attribution_oracle,24,0.09592452830188679,0.08329732648480002,3.6648438730042336,2934.7555471698115,0.648234141204739,3.5729731024651654,0.03290743667389251,0.21,0.0,0.21,0.15670207939948816,6.381536249117996
8,0.12,mixnet_attribution_oracle,25,0.09910324212462635,0.08263352909654102,3.671767581862882,2980.632942438875,0.6401844610809349,3.5631310024959584,0.03442041938992602,0.21,0.0,0.21,0.16390675899964774,6.101029671400855
8,0.12,mixnet_attribution_oracle,26,0.10226844524832315,0.08282481755754802,3.669836427286353,2930.59966840003,0.6361360354640055,3.530538759673217,0.030354448423111094,0.21,0.0,0.21,0.14454499249100522,6.918261108645658
8,0.12,mixnet_attribution_oracle,27,0.0954521215814733,0.08312259431437356,3.666538635600434,2962.723013636017,0.6407565402041655,3.55100667807345,0.033618924217761026,0.21,0.0,0.21,0.16009011532267156,6.246481851702324
8,0.12,mixnet_attribution_oracle,28,0.09742252224608776,0.08258780777089751,3.671048148897445,2983.4198373734275,0.6448015319765545,3.592780730068682,0.03131639490541661,0.21,0.0,0.21,0.14912569002579337,6.705752709858617
8,0.12,mixnet_attribution_oracle,29,0.10004526935264826,0.08297035403626386,3.6664430819203635,2934.681077410593,0.6451361181098036,3.6300492900527104,0.03436782859253771,0.21,0.0,0.21,0.16365632663113194,6.110365670457205
8,0.25,mixnet_attribution,0,0.011180781143763693,0.010085864557801512,6.644877887324116,2938.267885472539,1.0721609129977878,5.268505554816356,0.03129837755947093,0.4375,0.0,0.4375,0.07153914870736212,13.978360353302465
8,0.25,mixnet_attribution,1,0.009985626749375899,0.010069829992217918,6.645090093351311,2942.6125274226492,1.0616744407161605,5.271724892213699,0.032557767521157265,0.4375,0.0,0.4375,0.07441775433407374,13.437653540455315
8,0.25,mixnet_attribution,2,0.013931181485992691,0.010121484108922036,6.641422447102652,2960.6527101096226,1.0638806881615892,5.233210739164542,0.03117836818178255,0.4375,0.0,0.4375,0.07126484155836012,14.032164783262463
8,0.25,mixnet_attribution,3,0.012549437176756922,0.010113310766400678,6.640898263472532,2957.999315485245,1.0542684025422204,5.150823063331619,0.03329186137435828,0.4375,0.0,0.4375,0.07609568314139036,13.141349925749926
8,0.25,mixnet_attribution,4,0.015834896810506566,0.010131346762014859,6.641430871660529,2918.0157598499063,1.0673466022417415,5.269741026088009,0.03360895618496861,0.4375,0.0,0.4375,0.07682047127992826,13.017363514421463
8,0.25,mixnet_attribution,5,0.010682130321989928,0.010056540644616608,6.645152163638525,2967.8419044712346,1.065325584670063,5.182303114754006,0.02905727012778156,0.4375,0.0,0.4375,0.06641661743492928,15.056472892190506
8,0.25,mixnet_attribution,6,0.012739339385155236,0.010120341466450971,6.640496955162544,2966.7168357616906,1.061112377763493,5.195604633819573,0.03163868746762088,0.4375,0.0,0.4375,0.07231699992599058,13.828007260027418
8,0.25,mixnet_attribution,7,0.012693827911219216,0.010098469112036547,6.642282580623826,2956.2787321374276,1.0659815631224774,5.25537593975927,0.032083188769840384,0.4375,0.0,0.4375,0.07333300290249231,13.636425080391925
8,0.25,mixnet_attribution,8,0.012725182062092756,0.010093728305277683,6.642573528011357,2981.466155615178,1.0782541187945753,5.34623631196964,0.03143620730972993,0.4375,0.0,0.4375,0.07185418813652555,13.917073255353799
8,0.25,mixnet_attribution,9,0.011731110596588717,0.010127758287364874,6.640679879354364,3001.759435054411,1.050734333053697,5.192638368425274,0.03701305182877457,0.4375,0.0,0.4375,0.0846012613229133,11.82015473957433
8,0.25,mixnet_attribution,10,0.013560606060606061,0.010136644708371898,6.640751252050943,2946.460681818182,1.0624972213117871,5.16124922780652,0.032542494445433646,0.4375,0.0,0.4375,0.07438284444670548,13.44396019590901
8,0.25,mixnet_attribution,11,0.012172714745062011,0.010114242998552765,6.64164559672934,2977.2720104118816,1.068633175920695,5.241719990866002,0.03591282173550039,0.4375,0.0,0.4375,0.08208644968114374,12.1822786085206
8,0.25,mixnet_attribution,12,0.01278887143818712,0.010127564618978045,6.641348779666246,2907.6377982200283,1.0638089572894387,5.250905791324515,0.033187006477737646,0.4375,0.0,0.4375,0.07585601480625748,13.182870238491734
8,0.25,mixnet_attribution,13,0.013119424244696004,0.010115959909097064,6.639965641001867,2914.79856061174,1.061900358152343,5.256738340368593,0.03360886655771801,0.4375,0.0,0.4375,0.07682026641764117,13.017398228787682
8,0.25,mixnet_attribution,14,0.016741155973032346,0.010110130423789285,6.643429920064109,2946.3350503749716,1.055197903770022,5.205239577426975,0.03045683829735879,0.4375,0.0,0.4375,0.06961563039396294,14.36459016949044
8,0.25,mixnet_attribution,15,0.013405852612226137,0.010094721758765328,6.643021657642429,2980.0674888922936,1.0548927580821328,5.1195544591271185,0.03167711723946482,0.4375,0.0,0.4375,0.07240483940449102,13.811231517460882
8,0.25,mixnet_attribution,16,0.010582810492100688,0.01009614352169813,6.641731529005711,2939.828860836042,1.0752437950286549,5.331812456555603,0.031956313795225434,0.4375,0.0,0.4375,0.07304300296051527,13.690565276191727
8,0.25,mixnet_attribution,17,0.012159202477154293,0.010072229370386968,6.644837407113932,2937.481232535307,1.049930702720303,5.175191332375352,0.03211054991330931,0.4375,0.0,0.4375,0.07339554265899272,13.624805591344396
8,0.25,mixnet_attribution,18,0.01055188643437334,0.010077918458070613,6.645017767637118,2952.147346845821,1.0624729047412984,5.167163545460525,0.031245612085111972,0.4375,0.0,0.4375,0.07141854190882736,14.001966061931034
8,0.25,mixnet_attribution,19,0.009999236699488588,0.010113973939391332,6.643300920198659,2967.912220441188,1.0632966662524268,5.309878773651337,0.03239803444783027,0.4375,0.0,0.4375,0.0740526501664692,13.503905636760004
8,0.25,mixnet_attribution,20,0.012656320626789211,0.010126185000001835,6.640846585735095,2929.467078499322,1.0737044254492503,5.29351493972303,0.03206213616830144,0.4375,0.0,0.4375,0.0732848826704033,13.645379013533692
8,0.25,mixnet_attribution,21,0.010421455938697317,0.010084519789462761,6.643261768621463,2980.0687356321837,1.0573856986011378,5.185922101799013,0.031923240633129166,0.4375,0.0,0.4375,0.0729674071614381,13.704748995500573
8,0.25,mixnet_attribution,22,0.013634651600753295,0.0100844170070747,6.643682756857525,2930.2497175141243,1.0687214728386607,5.2022344965295195,0.03354566746628809,0.4375,0.0,0.4375,0.07667581135151565,13.04192263992565
8,0.25,mixnet_attribution,23,0.01148122970012841,0.010089212527555071,6.643391441530248,2936.4665004909734,1.049888685636688,5.1570117331137775,0.033659725844672195,0.4375,0.0,0.4375,0.0769365162163936,12.997729156170456
8,0.25,mixnet_attribution,24,0.010597519729425029,0.010111498385873127,6.6414858877409015,2923.1895527996994,1.0667152810201515,5.221873240253269,0.03395632648689543,0.4375,0.0,0.4375,0.07761446054147526,12.884197004314995
8,0.25,mixnet_attribution,25,0.013648016890363445,0.010096255548437245,6.64242268765195,2933.343085507465,1.0606797046493739,5.288119121869033,0.03382392731575391,0.4375,0.0,0.4375,0.07731183386458038,12.934630444177573
8,0.25,mixnet_attribution,26,0.01207439628018599,0.010114166575884164,6.640346507935699,2916.801559922004,1.0471153498219792,5.183281507586706,0.034430531628030066,0.4375,0.0,0.4375,0.07869835800692586,12.706745417890355
8,0.25,mixnet_attribution,27,0.012044542080145444,0.01007512400021137,6.6455065381341,2946.797894098932,1.0603015938249882,5.251298173055166,0.034109347137321604,0.4375,0.0,0.4375,0.07796422202816367,12.8263961851471
8,0.25,mixnet_attribution,28,0.009510971317306972,0.010087299116927916,6.643029186662975,2911.9117801243165,1.0620881728536915,5.3093596510402445,0.03415848405322211,0.4375,0.0,0.4375,0.0780765349787934,12.80794543804503
8,0.25,mixnet_attribution,29,0.010689018763457398,0.010067681279612878,6.646939585524976,2991.8548908028297,1.0617602412530687,5.212303633334291,0.02913853227041216,0.4375,0.0,0.4375,0.06660235947522779,15.014483088574991
8,0.25,mixnet_attribution_oracle,0,0.08660057082770016,0.0806476857916674,3.6888427781109754,2920.9061889740124,1.0720450069056824,5.301479268701753,0.03300147532834232,0.4375,0.0,0.4375,0.07543194360763959,13.25698307870092
8,0.25,mixnet_attribution_oracle,1,0.08346001824262694,0.08043412520137894,3.6917751996287462,2955.8352082699907,1.0636981860443484,5.172227079195941,0.031116945767514018,0.4375,0.0,0.4375,0.07112444746860347,14.059863177727053
8,0.25,mixnet_attribution_oracle,2,0.0818271943872493,0.08072642398241238,3.6893538855773964,2966.0874704491725,1.0725162875314709,5.206597305909947,0.034684775603530116,0.4375,0.0,0.4375,0.07927948709378312,12.61360329964114
8,0.25,mixnet_attribution_oracle,3,0.08403986315632903,0.0805030087414768,3.6926697471328334,2892.4566413803364,1.0617822761414573,5.259574854108286,0.03297482856928471,0.4375,0.0,0.4375,0.07537103672979362,13.267695966356628
8,0.25,mixnet_attribution_oracle,4,0.09179143781506283,0.08044971476188097,3.6922935712348934,2926.0225716650366,1.0634364596917294,5.18800704849851,0.03137529272236996,0.4375,0.0,0.4375,0.07171495479398848,13.94409301201742
8,0.25,mixnet_attribution_oracle,5,0.08785930115441233,0.08067663518451815,3.68839474111117,3013.5521035097236,1.0624421320972033,5.248607949866204,0.03244620021926194,0.4375,0.0,0.4375,0.07416274335831301,13.483859343883191
8,0.25,mixnet_attribution_oracle,6,0.08457898294899723,0.08042364354547284,3.693000444606225,2921.4307068279127,1.0701798143563792,5.183709436203347,0.03230786872002665,0.4375,0.0,0.4375,0.07384655707434663,13.541592724400518
8,0.25,mixnet_attribution_oracle,7,0.08685283483344873,0.080622242342412,3.6925656808521,2992.1484729594586,1.059137668373296,5.281107731647608,0.03228016392041364,0.4375,0.0,0.4375,0.07378323181808832,13.553214942732355
8,0.25,mixnet_attribution_oracle,8,0.08514203030995354,0.08063222761432015,3.689483880152887,2962.044322595385,1.0680548843520228,5.287190214611974,0.03074349463522597,0.4375,0.0,0.4375,0.0702708448805165,14.23065286464576
8,0.25,mixnet_attribution_oracle,9,0.08863256943390499,0.08083417447665879,3.685797018708766,2951.5770223099103,1.0649009077460505,5.220637589456627,0.03365270348340276,0.4375,0.0,0.4375,0.0769204651049206,13.00044141225597
8,0.25,mixnet_attribution_oracle,10,0.08773385636692818,0.08080881498270023,3.688252126459846,2933.4218467109235,1.0592429812531918,5.220678748068236,0.030987642491621007,0.4375,0.0,0.4375,0.07082889712370516,14.118531286086029
8,0.25,mixnet_attribution_oracle,11,0.08442948914040992,0.08116898291711824,3.6833090967775783,2974.0123891098197,1.06773390393937,5.275075536512336,0.030570696186948926,0.4375,0.0,0.4375,0.0698758769987404,14.311090507215047
8,0.25,mixnet_attribution_oracle,12,0.09458632818473772,0.08087360976786706,3.6893441872438992,2973.7916348065455,1.0668172584846616,5.2584172367112085,0.0334052156697471,0.4375,0.0,0.4375,0.07635477867370766,13.096757234715742
8,0.25,mixnet_attribution_oracle,13,0.08321322915876507,0.08088413401181051,3.686596803873062,2950.909125388758,1.0737281952460762,5.282260039566918,0.03634284531062589,0.4375,0.0,0.4375,0.08306936071000204,12.038132850101423
8,0.25,mixnet_attribution_oracle,14,0.09017762258994991,0.08074408891684114,3.6876043756221035,2951.829816304843,1.0633350179996341,5.239032483421442,0.03274772622275545,0.4375,0.0,0.4375,0.07485194565201246,13.359706167813076
8,0.25,mixnet_attribution_oracle,15,0.09155849143559414,0.08084852430709145,3.690723733002226,2987.5264613257546,1.0571357590379193,5.233576792942212,0.03606054095680274,0.4375,0.0,0.4375,0.08242409361554913,12.132374844961015
8,0.25,mixnet_attribution_oracle,16,0.0908886220354248,0.08041752469059808,3.694758358756723,2919.34846892825,1.072310321877012,5.298128348707681,0.033267998692184386,0.4375,0.0,0.4375,0.07604113986785002,13.15077603699622
8,0.25,mixnet_attribution_oracle,17,0.09071824861298546,0.08074073544257747,3.6877915069384075,2916.4754835807466,1.0630659308226313,5.247924102513584,0.03256782075139082,0.4375,0.0,0.4375,0.07444073314603616,13.433505524968734
8,0.25,mixnet_attribution_oracle,18,0.08675868345214621,0.08083473937560953,3.686372018781082,2949.0209312907627,1.0660291967215016,5.189434881785134,0.03355965977749734,0.4375,0.0,0.4375,0.07670779377713678,13.036484961428469
8,0.25,mixnet_attribution_oracle,19,0.08892390814948221,0.08065731188769053,3.689025546163639,2918.6127870328683,1.0660082550602965,5.199051733911159,0.03131471472642124,0.4375,0.0,0.4375,0.07157649080324856,13.971067717594982
8,0.25,mixnet_attribution_oracle,20,0.0884982345428593,0.08047701047026534,3.692215068820268,2921.5859063932085,1.066612295806408,5.157862364928057,0.031438267954292845,0.4375,0.0,0.4375,0.07185889818124079,13.91616105047734
8,0.25,mixnet_attribution_oracle,21,0.08864661654135339,0.08077680692456761,3.687385316028138,2924.341954887218,1.0734977478859946,5.236462405855576,0.03206401783912019,0.4375,0.0,0.4375,0.07328918363227473,13.64457823704868
8,0.25,mixnet_attribution_oracle,22,0.08894717122517797,0.08093019836803439,3.685854565247291,2913.713900337205,1.059730468550697,5.204194800134036,0.03401306977792686,0.4375,0.0,0.4375,0.07774415949240425,12.862702568643781
8,0.25,mixnet_attribution_oracle,23,0.08654743390357698,0.08109739855727843,3.6835059307887534,3024.125272161742,1.053579456958687,5.1965119028502125,0.03322717225477441,0.4375,0.0,0.4375,0.07594782229662722,13.166934478968058
8,0.25,mixnet_attribution_oracle,24,0.08502393435149305,0.0806041327284548,3.690147251753641,2954.4158498594334,1.0544039484520908,5.1150492060638735,0.030917029927651676,0.4375,0.0,0.4375,0.07066749697748954,14.150777129102796
8,0.25,mixnet_attribution_oracle,25,0.09046624913013222,0.08076056136802279,3.688461160438214,3007.1188432691565,1.060578056727536,5.169616703941677,0.03352489414004128,0.4375,0.0,0.4375,0.07662832946295149,13.050003921636883
8,0.25,mixnet_attribution_oracle,26,0.08950593932057199,0.08060857721529739,3.6897195680743473,2941.7086328213663,1.0706799751205835,5.194378593840981,0.03153266391969402,0.4375,0.0,0.4375,0.07207466038787204,13.874501726660503
8,0.25,mixnet_attribution_oracle,27,0.09609292502639916,0.08092746717235859,3.688343689950512,2934.2477749283453,1.0741624714282807,5.225842938982172,0.03421631079090097,0.4375,0.0,0.4375,0.07820871037920221,12.786299571382866
8,0.25,mixnet_attribution_oracle,28,0.08264088230850582,0.08067483580869521,3.6874950774994057,2937.8773983985498,1.0679480502440128,5.206650007799542,0.031189907568093863,0.4375,0.0,0.4375,0.07129121729850026,14.026973277969779
8,0.25,mixnet_attribution_oracle,29,0.09282447326985079,0.08068647828466634,3.69034823975758,2916.4837669640847,1.05647962455987,5.240312277813581,0.031926523299598844,0.4375,0.0,0.4375,0.07297491039908308,13.703339881217106
8,0.5,mixnet_attribution,0,0.011579261915434036,0.010029706929052827,6.648232955225921,2905.2018526819065,1.8873041169135831,8.422814741212175,0.03310230471925889,0.875,0.0,0.875,0.037831205393438726,26.4332048001155
8,0.5,mixnet_attribution,1,0.012941352483542789,0.01000842948223074,6.651184963924031,2909.822935368043,1.8762482081656344,8.522739681492917,0.031630158280363245,0.875,0.0,0.875,0.03614875232041514,27.66347206498871
8,0.5,mixnet_attribution,2,0.00950337216431637,0.010017871799472422,6.650321249230958,2980.41814837523,1.8811330998432823,8.511881721936575,0.032042399467765714,0.875,0.0,0.875,0.036619885106017956,27.30756792668539
8,0.5,mixnet_attribution,3,0.009136150932184506,0.010033846226925432,6.647439793265447,2888.514372725247,1.8855885816155933,8.55103927406387,0.032097907556443435,0.875,0.0,0.875,0.03668332292164964,27.260343948007595
8,0.5,mixnet_attribution,4,0.011924782143403149,0.010018373429488619,6.650236225733583,2973.2277939153037,1.8832027142634615,8.533080307401141,0.03395258281219086,0.875,0.0,0.875,0.03880295178536098,25.771235279509472
8,0.5,mixnet_attribution,5,0.00997657017610158,0.010028799805462849,6.648519671402256,2939.763207618472,1.8825382571085356,8.496991978854258,0.030434644445603894,0.875,0.0,0.875,0.034782450794975876,28.750130515370245
8,0.5,mixnet_attribution,6,0.010700909577314071,0.010024064562189385,6.648388794187627,2973.0988305434535,1.8699193962966092,8.508713949257661,0.032896320060629404,0.875,0.0,0.875,0.037595794355005034,26.59871980778809
8,0.5,mixnet_attribution,7,0.010962894817540631,0.010028511584629694,6.648040432657041,2981.1003526525606,1.8842218464415055,8.542955033180952,0.030987575137367898,0.875,0.0,0.875,0.03541437158556331,28.237123947941253
8,0.5,mixnet_attribution,8,0.009408908111389332,0.010025623844266508,6.649136360790022,2950.8053721830183,1.876711020624498,8.365824790383305,0.03492118553153941,0.875,0.0,0.875,0.039909926321759326,25.05642310481513
8,0.5,mixnet_attribution,9,0.011247910016719867,0.010025854221615511,6.648792058887931,2955.8052135582916,1.8778110747225583,8.523624485968954,0.036279832012464236,0.875,0.0,0.875,0.04146266515710199,24.118083008195477
8,0.5,mixnet_attribution,10,0.011964639536655998,0.010021502808511282,6.648152616090756,2964.264746227709,1.8836565295641776,8.345756796616282,0.03134220544922061,0.875,0.0,0.875,0.03581966337053784,27.91762696526382
8,0.5,mixnet_attribution,11,0.011411828205721335,0.010042108557420333,6.647758509404926,2998.8013725036626,1.8803166887373663,8.493279700923107,0.036425133028922314,0.875,0.0,0.875,0.0416287234616255,24.02187520647438
8,0.5,mixnet_attribution,12,0.012070006035003017,0.010024853196016524,6.647934122108421,2933.342863608932,1.8693081014498603,8.376442616165125,0.03139909212636872,0.875,0.0,0.875,0.03588467671584996,27.867047762988715
8,0.5,mixnet_attribution,13,0.012030979772915257,0.010041314771008685,6.647678347895119,2924.0020302278367,1.8677765225002076,8.44038851733359,0.03185199149185523,0.875,0.0,0.875,0.03640227599069169,27.470809799247352
8,0.5,mixnet_attribution,14,0.012668854460810501,0.01003998265615267,6.646837529359551,2968.087079294818,1.8803857264865655,8.535131451172145,0.033314697801713866,0.875,0.0,0.875,0.03807394034481585,26.264683690301577
8,0.5,mixnet_attribution,15,0.009924065859709796,0.010037709559420184,6.647193986868488,2922.9022629877454,1.873529444274027,8.332943513891463,0.03246712780354439,0.875,0.0,0.875,0.03710528891833644,26.95033589957648
8,0.5,mixnet_attribution,16,0.009442446043165468,0.010009749151797176,6.650149275039245,2914.8980065947244,1.8732367891352624,8.355883201526428,0.03335307773319857,0.875,0.0,0.875,0.038117803123655515,26.2344604896553
8,0.5,mixnet_attribution,17,0.01264367816091954,0.010041310866414728,6.647906073687569,2980.221992337165,1.8851816429523751,8.540651009848094,0.03601474951394729,0.875,0.0,0.875,0.04115971373022548,24.295601435771257
8,0.5,mixnet_attribution,18,0.011269949323046669,0.01004250331579511,6.645575796249343,2942.1784282580743,1.8771759366500191,8.516210576450007,0.03574051905815867,0.875,0.0,0.875,0.04084630749503848,24.482017135122142
8,0.5,mixnet_attribution,19,0.009979431705644854,0.010020581355951465,6.648946341628496,2962.776719737945,1.8723525917739607,8.438569549825583,0.03420117309797097,0.875,0.0,0.875,0.039087054969109684,25.583917764853233
8,0.5,mixnet_attribution,20,0.010001526950679494,0.010025732830834053,6.648177593292974,2969.3753244770196,1.8831970627070405,8.365555183646471,0.03409116063972677,0.875,0.0,0.875,0.03896132644540202,25.666477279754268
8,0.5,mixnet_attribution,21,0.010032164190534537,0.010020773537469186,6.648899191876863,2978.681421350896,1.8725912060472183,8.340057208893349,0.031797378083919164,0.875,0.0,0.875,0.03633986066733619,27.517992134153737
8,0.5,mixnet_attribution,22,0.009456264775413711,0.010015010578677151,6.650547060325385,2965.393502630977,1.8729659865784924,8.472291528989071,0.031285105806123606,0.875,0.0,0.875,0.035754406635569835,27.968580493940074
8,0.5,mixnet_attribution,23,0.00976089588377724,0.010043355323482965,6.647173314456644,2942.890284503632,1.8768962006433867,8.481684144693045,0.03310608390391493,0.875,0.0,0.875,0.037835524461617066,26.430187349840182
8,0.5,mixnet_attribution,24,0.010763358778625954,0.01002627834435093,6.647639289384476,2968.861603053435,1.8768509987858124,8.435387911564682,0.03515536864713111,0.875,0.0,0.875,0.04017756416814984,24.889512858839137
8,0.5,mixnet_attribution,25,0.010164131907845203,0.01003359372630933,6.64684499737668,2929.150956181298,1.8810092184867244,8.555827920408142,0.03248888947451553,0.875,0.0,0.875,0.03713015939944632,26.93228405625729
8,0.5,mixnet_attribution,26,0.010433993648873431,0.010035237550332596,6.648166573252428,2940.424618176319,1.873819160478888,8.63913849393779,0.037145177817136,0.875,0.0,0.875,0.04245163179101257,23.55622052228649
8,0.5,mixnet_attribution,27,0.010271347539475702,0.010036875683582927,6.64796446214151,2981.974244979304,1.8752507759199943,8.472087308725651,0.032742079442706,0.875,0.0,0.875,0.03741951936309257,26.724020431601666
8,0.5,mixnet_attribution,28,0.013215197477098664,0.010041574684314256,6.646701985458653,2920.598813635681,1.8791110784222838,8.294506014865647,0.03182615700401472,0.875,0.0,0.875,0.036372750861731105,27.493108888064082
8,0.5,mixnet_attribution,29,0.01089835767804435,0.010014612477111858,6.650529509764483,2942.851434193597,1.8825602338765748,8.457838785789674,0.03469973375750823,0.875,0.0,0.875,0.03965683858000941,25.21633180573525
8,0.5,mixnet_attribution_oracle,0,0.0803305026394308,0.08004003657104841,3.6978216674657722,2975.2326524366918,1.8836631182639394,8.561974980183019,0.03263756116816376,0.875,0.0,0.875,0.037300069906472874,26.809601228829465
8,0.5,mixnet_attribution_oracle,1,0.08288530465949821,0.08046937647589159,3.6900284241883905,2904.51403823178,1.8679902988660615,8.457733141214469,0.03463851484677566,0.875,0.0,0.875,0.03958687411060075,25.26089827668953
8,0.5,mixnet_attribution_oracle,2,0.07974006116207952,0.08029430821543211,3.69241030697559,2972.9051987767584,1.8785913454485126,8.382768927492558,0.03295047453573288,0.875,0.0,0.875,0.03765768518369472,26.555004512942997
8,0.5,mixnet_attribution_oracle,3,0.08506429277942631,0.08010577537456974,3.6968871990347907,2958.869055771133,1.877461690659402,8.370344926962566,0.033866674888744626,0.875,0.0,0.875,0.03870477130142243,25.83660790067113
8,0.5,mixnet_attribution_oracle,4,0.08612662942271881,0.08029688321810553,3.692350837677418,3017.343265052762,1.8759684636897873,8.530024049414825,0.03126431154757361,0.875,0.0,0.875,0.03573064176865555,27.987182723296137
8,0.5,mixnet_attribution_oracle,5,0.08525188055618874,0.08029512648449963,3.696017837365179,2955.2682167008584,1.8819761199119966,8.625841472085153,0.03492243283335417,0.875,0.0,0.875,0.03991135180954762,25.055528180851528
8,0.5,mixnet_attribution_oracle,6,0.08175005677087276,0.07997645867869242,3.699464537978212,2944.664824767239,1.8728783353290055,8.505568483098351,0.03267730356482336,0.875,0.0,0.875,0.03734548978836955,26.776995178449322
8,0.5,mixnet_attribution_oracle,7,0.08966935852506476,0.0803643803697438,3.6913229484955883,2962.571765960689,1.8743524267338216,8.445609891092914,0.03170618782845575,0.875,0.0,0.875,0.03623564323252086,27.59713670827064
8,0.5,mixnet_attribution_oracle,8,0.08099286473356611,0.07998329667810901,3.699637597875305,2952.0944284196144,1.8785359654284548,8.460930924696193,0.033212224097148024,0.875,0.0,0.875,0.03795682753959774,26.345721305521884
8,0.5,mixnet_attribution_oracle,9,0.08172531214528944,0.08028286773814866,3.691583508868072,2943.8055996973135,1.882700816495344,8.534511777384452,0.03305549112693787,0.875,0.0,0.875,0.03777770414507185,26.47063982924572
8,0.5,mixnet_attribution_oracle,10,0.08517707468096353,0.07987239414338679,3.7006695556128864,2937.282111304085,1.8813050356402528,8.506780338034815,0.03160032036408952,0.875,0.0,0.875,0.03611465184467373,27.6895926977483
8,0.5,mixnet_attribution_oracle,11,0.08169659915934276,0.08001363448583415,3.696902791048675,2972.0792510508218,1.8910448625392746,8.375334034072564,0.03308136010984479,0.875,0.0,0.875,0.037807268696965476,26.449940301565952
8,0.5,mixnet_attribution_oracle,12,0.08373786407766991,0.08015476711442425,3.694707462976898,2950.2822360436894,1.8654635840794072,8.460812754184122,0.03213524166343842,0.875,0.0,0.875,0.036725990472501045,27.228673403614806
8,0.5,mixnet_attribution_oracle,13,0.08621077072878436,0.08005384958452585,3.6963901870054365,2913.11527226425,1.8772710665944032,8.440590063239597,0.030720590151500488,0.875,0.0,0.875,0.03510924588742913,28.482525748525124
8,0.5,mixnet_attribution_oracle,14,0.08641693315060149,0.0802762816997885,3.6944946139920676,2961.272498857926,1.8740234590950422,8.499918753218722,0.03279996181497816,0.875,0.0,0.875,0.03748567064568932,26.676860324893116
8,0.5,mixnet_attribution_oracle,15,0.08552331763633601,0.08019589413251277,3.694691252166337,2954.33791584384,1.8740118983841967,8.465474953197361,0.032837431520033905,0.875,0.0,0.875,0.03752849316575303,26.646420243500717
8,0.5,mixnet_attribution_oracle,16,0.08758399511301161,0.08026507884137206,3.694055227330893,2969.0239004276114,1.8739180826232769,8.578750257178704,0.037583003125700405,0.875,0.0,0.875,0.04295200357222904,23.281801006520638
8,0.5,mixnet_attribution_oracle,17,0.08609926918392205,0.08027110213563537,3.69461997598749,2960.277481729598,1.8666680362075567,8.370590484508234,0.034307850138280006,0.875,0.0,0.875,0.039208971586605725,25.504366973542673
8,0.5,mixnet_attribution_oracle,18,0.08004134977479141,0.08005482385358373,3.6972830299697215,2871.493022225504,1.88153389657964,8.441894452028851,0.0337510401909355,0.875,0.0,0.875,0.03857261736106914,25.925126901273945
8,0.5,mixnet_attribution_oracle,19,0.08237763286110486,0.0802314916147661,3.694095996265159,2915.2077055692976,1.878245140047511,8.474351383832364,0.03199451761599956,0.875,0.0,0.875,0.03656516298971378,27.34843545703084
8,0.5,mixnet_attribution_oracle,20,0.08105461393596987,0.0799236248880113,3.6999406775373584,2929.2625988700565,1.8751841340272222,8.507934835419597,0.032730572968838155,0.875,0.0,0.875,0.037406369107243605,26.73341529441182
8,0.5,mixnet_attribution_oracle,21,0.08173992534470938,0.08039468723572656,3.692134620705784,2962.979660242249,1.8774398801615462,8.514569198942102,0.03317718484884915,0.875,0.0,0.875,0.03791678268439903,26.37354567563173
8,0.5,mixnet_attribution_oracle,22,0.09211518166742047,0.08045224811793966,3.6904666997709565,2931.5155284185134,1.8755522366263904,8.36171743574749,0.03078461891851878,0.875,0.0,0.875,0.03518242162116432,28.423285092986337
8,0.5,mixnet_attribution_oracle,23,0.07973472002411636,0.08003064606336983,3.6970518517659428,2931.2707061572087,1.8781040665926412,8.46746175152876,0.03362674915458149,0.875,0.0,0.875,0.03843057046237885,26.020951236696792
8,0.5,mixnet_attribution_oracle,24,0.08286237971590041,0.08038774657192746,3.692239172293848,2970.1701542691308,1.8864051278214902,8.4964134836226,0.03246330207720868,0.875,0.0,0.875,0.03710091665966707,26.95351193538337
8,0.5,mixnet_attribution_oracle,25,0.08296910324039186,0.08029113919177848,3.693412518242465,2930.6995478522986,1.864300365006784,8.36877389226798,0.03102465839231417,0.875,0.0,0.875,0.03545675244835905,28.203372586264038
8,0.5,mixnet_attribution_oracle,26,0.08299733739064283,0.08014059444259466,3.6958921810744494,2958.488322556105,1.8763861599727534,8.37602932829354,0.030314218296769547,0.875,0.0,0.875,0.03464482091059377,28.86434317500593
8,0.5,mixnet_attribution_oracle,27,0.08337154210606755,0.07982617149751321,3.7015294350463046,2971.2224514748586,1.8692548460676335,8.453862978041055,0.03161867585553794,0.875,0.0,0.875,0.03613562954918621,27.673518144712116
8,0.5,mixnet_attribution_oracle,28,0.08539031163221228,0.08036846758383699,3.693531110286063,2999.1811940759026,1.8882493653800339,8.53904451739406,0.03242141494749808,0.875,0.0,0.875,0.03705304565428352,26.98833476012504
8,0.5,mixnet_attribution_oracle,29,0.08025997581620314,0.08024391601507137,3.6925015835349786,2938.525392986699,1.87488346468308,8.501604053734003,0.030443246428001336,0.875,0.0,0.875,0.03479228163200153,28.742006936395107
8,1.0,mixnet_attribution,0,0.008582031854028144,0.009989215666280596,6.651972052903791,3005.65710530385,3.4999179448350333,14.842759273390582,0.031222613339665466,1.75,0.0,1.75,0.017841493336951696,56.04911994271747
8,1.0,mixnet_attribution,1,0.008234845596645063,0.009992356998171891,6.651618597579867,2965.557758292032,3.50648397160694,15.022319929264256,0.03138757983465967,1.75,0.0,1.75,0.01793575990551981,55.75453759794396
8,1.0,mixnet_attribution,2,0.009638922888616891,0.010009334209234924,6.649937241979076,2975.2431150550797,3.5078526572033297,14.873719387920948,0.03229993920638235,1.75,0.0,1.75,0.01845710811793277,54.17966853802024
8,1.0,mixnet_attribution,3,0.010812036897021019,0.010001314152770419,6.650549300688732,2940.917132920006,3.497979097854113,14.73602786412906,0.033065970138605204,1.75,0.0,1.75,0.018894840079202974,52.924501917360615
8,1.0,mixnet_attribution,4,0.014344415390362346,0.010016606134032149,6.649331530061936,2904.844901008592,3.508642716362374,14.835669370531543,0.034973365032675105,1.75,0.0,1.75,0.01998478001867149,50.03807893135249
8,1.0,mixnet_attribution,5,0.009590302286328066,0.009995030478382377,6.651025366260147,2983.390133497008,3.5097204931953456,15.246008992398648,0.03154357899187619,1.75,0.0,1.75,0.01802490228107211,55.47880284766352
8,1.0,mixnet_attribution,6,0.009531734624404266,0.01000258433083177,6.651111386408699,2942.630683107648,3.493477346957661,14.742492929730794,0.03250426853784663,1.75,0.0,1.75,0.01857386773591236,53.83908264117287
8,1.0,mixnet_attribution,7,0.007849413199207438,0.010004560284971412,6.649460689645558,2963.8491083676267,3.506462799559813,14.901092836027527,0.03160186941624504,1.75,0.0,1.75,0.018058211094997167,55.37647083309593
8,1.0,mixnet_attribution,8,0.012172493134416982,0.009989468785509567,6.6525169751682,2887.727009574705,3.5096210166811943,14.866982612786746,0.034178423887073005,1.75,0.0,1.75,0.019530527935470287,51.201892918821414
8,1.0,mixnet_attribution,9,0.009914687572054416,0.0100209650567206,6.648090384934544,2989.089770194451,3.502528545941459,14.915284984218587,0.03594195632497781,1.75,0.0,1.75,0.020538260757130177,48.68961456012454
8,1.0,mixnet_attribution,10,0.009103322712790168,0.010001279656933391,6.650403960165884,2950.453497193142,3.496000744315097,14.88480576672499,0.03290456306189025,1.75,0.0,1.75,0.018802607463937283,53.18411299698531
8,1.0,mixnet_attribution,11,0.010719987835474797,0.010006794768736109,6.650173707538987,2957.005854177754,3.5085823673580308,14.749464668810003,0.034171835179990735,1.75,0.0,1.75,0.019526762959994705,51.21176520904882
8,1.0,mixnet_attribution,12,0.010198685502757423,0.009994272079867646,6.651495200836793,2938.3939714436806,3.4885752882400993,14.864582923437807,0.03162744547485798,1.75,0.0,1.75,0.018072825985633135,55.331689731032824
8,1.0,mixnet_attribution,13,0.009041179152104544,0.009997069839168373,6.651120663772862,2955.2469989363317,3.494794519036077,14.887019588686183,0.032037626991656,1.75,0.0,1.75,0.018307215423803428,54.623271581749066
8,1.0,mixnet_attribution,14,0.011199505676990809,0.010018648289714004,6.648644726271111,3003.9221441260524,3.4996670991531573,15.177975673257153,0.03141274207624715,1.75,0.0,1.75,0.017950138329284084,55.709877085937954
8,1.0,mixnet_attribution,15,0.009777912529371637,0.010011193711203669,6.648838525662043,2948.03433639051,3.5041204178414773,15.002415904158036,0.031886288080602766,1.75,0.0,1.75,0.018220736046058724,54.882524914041944
8,1.0,mixnet_attribution,16,0.009965008367564279,0.010002933426643677,6.650824114504145,2958.1462041685686,3.5035036097688135,15.049749352978095,0.03241118969063719,1.75,0.0,1.75,0.018520679823221253,53.99369837095281
8,1.0,mixnet_attribution,17,0.009418198389791889,0.00999442328566994,6.65106516343473,2954.1401336776544,3.498877923557302,14.610485961268111,0.030594743945126672,1.75,0.0,1.75,0.01748271082578667,57.19936741875401
8,1.0,mixnet_attribution,18,0.0113767391805673,0.010009103188143123,6.64979553841739,2989.6503958797757,3.5135171539732255,14.922365182652714,0.03517181322085172,1.75,0.0,1.75,0.02009817898334384,49.75575154489069
8,1.0,mixnet_attribution,19,0.01068794219479151,0.010004901330605798,6.650492929173428,2927.6159114857746,3.5004116962954868,14.88035505162437,0.03290682766002806,1.75,0.0,1.75,0.018803901520016035,53.18045294672163
8,1.0,mixnet_attribution,20,0.007817836812144213,0.010005585458310623,6.650277660804343,2951.909373814042,3.503627192170825,15.02298434541886,0.03172986509617086,1.75,0.0,1.75,0.018131351483526206,55.15308668019483
8,1.0,mixnet_attribution,21,0.010641509433962264,0.010016489194968656,6.648296078614807,2935.1201509433963,3.5106245522911195,14.7395017426776,0.032227406265418396,1.75,0.0,1.75,0.018415660723096226,54.301608562208024
8,1.0,mixnet_attribution,22,0.009930260764099454,0.010011700437242217,6.649076359748041,2948.673211036992,3.5033106475893874,14.936714706481311,0.031035531416069885,1.75,0.0,1.75,0.017734589380611364,56.38698356857739
8,1.0,mixnet_attribution,23,0.010547233261999389,0.010005382858024056,6.649961922901156,2971.7645979822682,3.506497195077827,14.699159939487751,0.03152197754317539,1.75,0.0,1.75,0.018012558596100226,55.51682148123605
8,1.0,mixnet_attribution,24,0.008683729433272395,0.01000690647722272,6.649620082530856,2964.001142595978,3.494540724263061,14.820160020810805,0.030875290058788307,1.75,0.0,1.75,0.017643022890736177,56.679629459930595
8,1.0,mixnet_attribution,25,0.0087527352297593,0.00999633196951549,6.651885755834372,2934.937900852637,3.5104533908888698,14.984523382512565,0.03234339715703482,1.75,0.0,1.75,0.018481941232591326,54.10687045344487
8,1.0,mixnet_attribution,26,0.010141059855127716,0.010003627154570274,6.6498578403533175,2964.922760198246,3.5023824273084756,15.143402035099177,0.02974139905222805,1.75,0.0,1.75,0.016995085172701742,58.84054065267318
8,1.0,mixnet_attribution,27,0.01127056878803817,0.009993571444726596,6.651729487117645,2922.79990983545,3.5004912998410873,15.0005665253376,0.0333054973721407,1.75,0.0,1.75,0.019031712784080397,52.54387828070197
8,1.0,mixnet_attribution,28,0.00834711986764927,0.009993792142892767,6.6511587319361665,2924.7185291021206,3.4987401989637874,14.823312397683058,0.0318033478224722,1.75,0.0,1.75,0.018173341612841256,55.025653581144454
8,1.0,mixnet_attribution,29,0.010416666666666666,0.010018177498297458,6.64871626851706,2978.1392463235293,3.513559739018092,14.828542998694996,0.032334344539047814,1.75,0.0,1.75,0.018476768308027323,54.122018706352726
8,1.0,mixnet_attribution_oracle,0,0.08124715521165225,0.08025368697610093,3.6935010962192623,2950.917463207404,3.495715098484652,14.900442374226905,0.03271945649657217,1.75,0.0,1.75,0.018696832283755526,53.4849960048492
8,1.0,mixnet_attribution_oracle,1,0.08357305071915216,0.0798881690519007,3.699323533732396,2944.2093868281604,3.504485180863412,14.656040552962045,0.034301440358704326,1.75,0.0,1.75,0.019600823062116756,51.01826575500992
8,1.0,mixnet_attribution_oracle,2,0.08072798670895635,0.08017318302883951,3.694191576760722,2937.3502492070684,3.501944594521774,14.805954295237353,0.030905267280151923,1.75,0.0,1.75,0.017660152731515385,56.62465184774152
8,1.0,mixnet_attribution_oracle,3,0.08371568258743889,0.08012907870220268,3.696152159984226,2925.288303873637,3.4960756123182364,15.02893234593782,0.03345149384528708,1.75,0.0,1.75,0.019115139340164046,52.31455456350432
8,1.0,mixnet_attribution_oracle,4,0.079466134846974,0.07984605191535858,3.6994928891837073,2983.293165605584,3.521441283985041,14.967889885119726,0.0357804814237261,1.75,0.0,1.75,0.020445989384986343,48.909347509214115
8,1.0,mixnet_attribution_oracle,5,0.0817481884057971,0.0796242402779261,3.7026890641718344,2936.074501811594,3.4999544169695582,14.969741591961732,0.031512575013796534,1.75,0.0,1.75,0.018007185722169448,55.53338625084849
8,1.0,mixnet_attribution_oracle,6,0.08563200969990907,0.08017050155918948,3.6934785613786847,2946.5413761745986,3.5061850059137214,15.102604692411514,0.03085100372085317,1.75,0.0,1.75,0.01762914498334467,56.72424845020908
8,1.0,mixnet_attribution_oracle,7,0.08944584962060244,0.07988532853188716,3.697658000832128,2981.1539817582584,3.509641530952649,14.988121989791114,0.03207346298066846,1.75,0.0,1.75,0.018327693131810548,54.5622404744624
8,1.0,mixnet_attribution_oracle,8,0.08042915842337543,0.08010827954517843,3.6952202795580393,2959.6464008522294,3.501928073266754,15.026124283487158,0.032195172754758895,1.75,0.0,1.75,0.01839724157414794,54.35597483294528
8,1.0,mixnet_attribution_oracle,9,0.08808487901686894,0.0798922340804302,3.7001245131146536,2969.4503473017326,3.5048798524949234,15.018334599236116,0.03187281375319231,1.75,0.0,1.75,0.018213036430395603,54.90572666571442
8,1.0,mixnet_attribution_oracle,10,0.07953268928330712,0.08014631418856265,3.6943231316699943,2911.17921066427,3.504986517538782,15.05784158857176,0.0348960142020774,1.75,0.0,1.75,0.01994057954404423,50.14899380387748
8,1.0,mixnet_attribution_oracle,11,0.08111581493801027,0.08000394474412433,3.6966205033529533,2940.22936195948,3.5062716371612623,14.774707035837775,0.033033459606565646,1.75,0.0,1.75,0.018876262632323226,52.97658861175335
8,1.0,mixnet_attribution_oracle,12,0.08928159815597388,0.07980511086249874,3.700109164302873,2988.4904341144834,3.4922897335200105,14.86012965901408,0.03168512369337993,1.75,0.0,1.75,0.018105784967645675,55.23096633407282
8,1.0,mixnet_attribution_oracle,13,0.0782942238267148,0.08034321023773856,3.6907740568699676,2924.818140794224,3.494360518991016,14.827617427989521,0.028558316910359077,1.75,0.0,1.75,0.0163190382344909,61.27812102838649
8,1.0,mixnet_attribution_oracle,14,0.08207756444580433,0.0800431804547237,3.6982188784177508,2974.860781763941,3.5048349919670727,14.943325065954335,0.032227413965264316,1.75,0.0,1.75,0.01841566512300818,54.30159558834609
8,1.0,mixnet_attribution_oracle,15,0.0830431491294474,0.07985897694473917,3.699724340643525,2944.844965934898,3.504834560852032,14.915667687071,0.03505229322948074,1.75,0.0,1.75,0.020029881845417565,49.92540683552659
8,1.0,mixnet_attribution_oracle,16,0.08247264937648228,0.07986172861757444,3.699616953314653,2975.126616173208,3.5049292416661046,14.741754995148808,0.03528276608753873,1.75,0.0,1.75,0.020161580621450705,49.59928582861506
8,1.0,mixnet_attribution_oracle,17,0.0850399695470118,0.08012023014713049,3.695174621714615,2961.447125999239,3.505988768505631,14.85042704982877,0.03331495426033551,1.75,0.0,1.75,0.019037116720191722,52.52896300936948
8,1.0,mixnet_attribution_oracle,18,0.08638025594149909,0.07944866500608087,3.705278042395503,2962.7162553321145,3.502178317750804,14.721931749538966,0.0339978126124301,1.75,0.0,1.75,0.0194273214928172,51.473899804959046
8,1.0,mixnet_attribution_oracle,19,0.08042672315956723,0.08003568446347661,3.6964389653130456,2942.5719149580086,3.4968675039999653,14.95053525422153,0.032972398005081345,1.75,0.0,1.75,0.01884137028861791,53.07469598451132
8,1.0,mixnet_attribution_oracle,20,0.08683430828838411,0.08015916961983119,3.6937627684584884,2954.768669756135,3.5038183176948223,14.944873180645757,0.031026602245548963,1.75,0.0,1.75,0.01772948699745655,56.4032112233963
8,1.0,mixnet_attribution_oracle,21,0.08730522456461962,0.08020844169605264,3.6939233462894654,2970.960357470211,3.509186459268676,14.723085609440757,0.03355658505318254,1.75,0.0,1.75,0.019175191458961453,52.15071787628247
8,1.0,mixnet_attribution_oracle,22,0.08519362186788156,0.07993577472424732,3.7000545282480397,2952.2668185269554,3.4993477746320423,15.226729669083857,0.03207156937527115,1.75,0.0,1.75,0.018326611071583513,54.565461999166814
8,1.0,mixnet_attribution_oracle,23,0.0805358909948999,0.08039765044565038,3.691542083639717,2960.3435335312474,3.5080473477428313,14.929505675982075,0.03453436787499555,1.75,0.0,1.75,0.019733924499997457,50.674157590910454
8,1.0,mixnet_attribution_oracle,24,0.08391343825665859,0.0799658431549635,3.697521448162409,2942.9658746973364,3.506313528108876,14.984668331698389,0.03608788491840924,1.75,0.0,1.75,0.02062164852480528,48.49272834793612
8,1.0,mixnet_attribution_oracle,25,0.07982691733810802,0.08045449640418878,3.6891356291869584,2901.079603103551,3.5052273402689025,14.8303641949,0.0346666119173769,1.75,0.0,1.75,0.01980949252421537,50.480848955498864
8,1.0,mixnet_attribution_oracle,26,0.08661837590545177,0.07976078431680511,3.701071703009152,2964.991688905833,3.5034640611556824,14.894473586314636,0.034603577417650286,1.75,0.0,1.75,0.019773472810085877,50.572805778959015
8,1.0,mixnet_attribution_oracle,27,0.08204974077691787,0.07947567268044423,3.704119661812035,2922.274325644301,3.515562525804853,15.068347918527447,0.0327013557847641,1.75,0.0,1.75,0.0186864890198652,53.51460078653201
8,1.0,mixnet_attribution_oracle,28,0.08357804382200136,0.07998156363183194,3.697457721768103,2928.393645056848,3.49551186413737,14.84262045294641,0.031109641592636454,1.75,0.0,1.75,0.017776938052935117,56.25265706739029
8,1.0,mixnet_attribution_oracle,29,0.08253606681852696,0.08037055041923993,3.691580447245821,2952.820652999241,3.500761937990319,14.95310510100725,0.0343849597746514,1.75,0.0,1.75,0.019648548442657943,50.89434483765488
10,1e-06,mixnet_attribution,0,0.8930457082516217,0.8657530871936547,0.30311765398132334,2933.6380298687586,0.24909641823614947,1.9943472728828309,0.03233051147316187,1.7500000000000002e-06,0.0,1.7500000000000002e-06,18474.577984663923,5.412843534667573e-05
10,1e-06,mixnet_attribution,1,0.8999699834909201,0.8703220639720459,0.29866765230567704,2918.354119765871,0.25503236684016883,2.020771603982776,0.030978480874373507,1.7500000000000002e-06,0.0,1.7500000000000002e-06,17701.989071070573,5.649082687742968e-05
10,1e-06,mixnet_attribution,2,0.8877256865422546,0.8591306387169778,0.3265196612661588,2950.636322257624,0.25206200694083236,1.99279648665475,0.029750784689518556,1.7500000000000002e-06,0.0,1.7500000000000002e-06,17000.4483940106,5.882197791631827e-05
10,1e-06,mixnet_attribution,3,0.8963456676626063,0.8698158701117412,0.29747580699079446,2979.63265149774,0.25228900465299375,1.9975474666759285,0.033243770295055854,1.7500000000000002e-06,0.0,1.7500000000000002e-06,18996.44016860334,5.264144182407214e-05
10,1e-06,mixnet_attribution,4,0.8880235898986845,0.8603467163528554,0.3160880621010768,2941.376153031907,0.24868566283839755,1.9896560616079104,0.03375216766108401,1.7500000000000002e-06,0.0,1.7500000000000002e-06,19286.952949190858,5.184852177709869e-05
10,1e-06,mixnet_attribution,5,0.8934051949996257,0.8668805340278031,0.3030311560433213,2910.8420540459615,0.25426599907223135,2.0179965131712274,0.03409189343327144,1.7500000000000002e-06,0.0,1.7500000000000002e-06,19481.08196186939,5.1331851175274286e-05
10,1e-06,mixnet_attribution,6,0.8933726290334769,0.8665603400444679,0.3066782257248656,2938.7440489684877,0.25400176251423545,2.013755903905845,0.031221441277697947,1.7500000000000002e-06,0.0,1.7500000000000002e-06,17840.823587255967,5.605122404294825e-05
10,1e-06,mixnet_attribution,7,0.8850992875549493,0.856699840305481,0.32460784244666957,2947.620130362286,0.2440499325748533,1.9568852944308306,0.03079185692638758,1.7500000000000002e-06,0.0,1.7500000000000002e-06,17595.346815078614,5.683320769460673e-05
10,1e-06,mixnet_attribution,8,0.8897553516819572,0.8649759130945374,0.3063043980931244,2973.5252293577983,0.2527787671715487,2.0000628550029544,0.03216047321873415,1.7500000000000002e-06,0.0,1.7500000000000002e-06,18377.413267848086,5.441462220091303e-05
10,1e-06,mixnet_attribution,9,0.8973772491613297,0.8666561355771777,0.30871918512448676,2965.033546813053,0.24974660808220506,1.9820303707304063,0.03341169363965906,1.7500000000000002e-06,0.0,1.7500000000000002e-06,19092.39636551946,5.237687196804602e-05
10,1e-06,mixnet_attribution,10,0.9028747279141335,0.8728659134430476,0.29303953953967754,2918.306087217594,0.25288655888289213,2.003283871469754,0.03510508050070486,1.7500000000000002e-06,0.0,1.7500000000000002e-06,20060.046000402777,4.985033434020647e-05
10,1e-06,mixnet_attribution,11,0.8876658624849216,0.8581845732646476,0.32461970597704937,2931.819134499397,0.2465715488360729,1.9819938314272232,0.032551917826436884,1.7500000000000002e-06,0.0,1.7500000000000002e-06,18601.095900821074,5.376027333722089e-05
10,1e-06,mixnet_attribution,12,0.90312123039807,0.874598300556794,0.28538865103930144,2931.491103739445,0.2583784986345563,2.007448622624202,0.034776051761774805,1.7500000000000002e-06,0.0,1.7500000000000002e-06,19872.02957815703,5.0321986290679724e-05
10,1e-06,mixnet_attribution,13,0.8926947559866626,0.8665789718620311,0.3045739344913778,2946.8093361624733,0.2499138899729587,1.9917807803196719,0.031216472184022202,1.7500000000000002e-06,0.0,1.7500000000000002e-06,17837.98410515554,5.606014637668499e-05
10,1e-06,mixnet_attribution,14,0.8999016418249225,0.8686736920776802,0.3023874631467451,2942.91616857078,0.26063132731360383,2.048306115548589,0.031040092502132022,1.7500000000000002e-06,0.0,1.7500000000000002e-06,17737.19571550401,5.637869796553601e-05
10,1e-06,mixnet_attribution,15,0.8977099236641222,0.8699025392553118,0.29876611228301203,2969.208549618321,0.24984767811838537,1.985816671820523,0.03330361704096364,1.7500000000000002e-06,0.0,1.7500000000000002e-06,19030.63830912208,5.2546844922204394e-05
10,1e-06,mixnet_attribution,16,0.8946134059615676,0.8657092660464774,0.30542967795281767,2943.0534120139205,0.24861959138070233,2.001752788229592,0.03259096056274148,1.7500000000000002e-06,0.0,1.7500000000000002e-06,18623.406035852273,5.3695870566043665e-05
10,1e-06,mixnet_attribution,17,0.8926315789473684,0.8656060190915938,0.30587947099196344,2924.1325563909772,0.25807194868684746,2.0292993086231172,0.033765304358603955,1.7500000000000002e-06,0.0,1.7500000000000002e-06,19294.45963348797,5.182834964003727e-05
10,1e-06,mixnet_attribution,18,0.890328412172341,0.8612035057856315,0.3140333487412894,2930.1324947273274,0.24691486233496107,1.9551021925294674,0.030474714009210733,1.7500000000000002e-06,0.0,1.7500000000000002e-06,17414.12229097756,5.742465702782566e-05
10,1e-06,mixnet_attribution,19,0.8866529461086973,0.8566295477894864,0.32707619012413136,2964.001143379831,0.24350532720563933,1.9883384877947117,0.033029143136465086,1.7500000000000002e-06,0.0,1.7500000000000002e-06,18873.79607798005,5.2983511947906144e-05
10,1e-06,mixnet_attribution,20,0.8920532843362425,0.8596117093930187,0.32365394024728467,2977.3443576787627,0.24103680506232195,1.9496960289600174,0.0337504647741173,1.7500000000000002e-06,0.0,1.7500000000000002e-06,19285.97987092417,5.185113780542802e-05
10,1e-06,mixnet_attribution,21,0.8890138732658418,0.8607556277169888,0.3178312393070418,2915.901762279715,0.24825133860576898,1.9813505572769254,0.0333891096417651,1.7500000000000002e-06,0.0,1.7500000000000002e-06,19079.49122386577,5.2412299063254906e-05
10,1e-06,mixnet_attribution,22,0.895945843158135,0.8652993246294696,0.3122383045317195,2957.6789381607973,0.2537191815499682,2.014308491000463,0.029983117885282642,1.7500000000000002e-06,0.0,1.7500000000000002e-06,17133.21022016151,5.8366178150505026e-05
10,1e-06,mixnet_attribution,23,0.8928598470508063,0.8628228767931289,0.3091706005488084,2944.759900053002,0.24558429839089513,1.9807676283919395,0.02996372224479094,1.7500000000000002e-06,0.0,1.7500000000000002e-06,17122.12699702339,5.8403958817373896e-05
10,1e-06,mixnet_attribution,24,0.8992391053723772,0.8677257688481128,0.30481797189750903,2989.2051341172855,0.25380744619178586,2.0006815599754946,0.03592387534262507,1.7500000000000002e-06,0.0,1.7500000000000002e-06,20527.928767214322,4.871412071524359e-05
10,1e-06,mixnet_attribution,25,0.8900973532096136,0.8618042400455066,0.316352941707651,2957.2392759355034,0.2445034065458458,1.9780685964765596,0.03434416344353589,1.7500000000000002e-06,0.0,1.7500000000000002e-06,19625.23625344908,5.095480059885918e-05
10,1e-06,mixnet_attribution,26,0.8915644171779141,0.8649282702361365,0.310435427627613,2982.8046779141105,0.2552159448969178,2.0204144538228777,0.03116543069772549,1.7500000000000002e-06,0.0,1.7500000000000002e-06,17808.817541557422,5.615195942495729e-05
10,1e-06,mixnet_attribution,27,0.8963679281200031,0.8651570433682105,0.3099672147999053,2961.967943348816,0.2509984805365093,1.9952890650065365,0.03292675198265792,1.7500000000000002e-06,0.0,1.7500000000000002e-06,18815.286847233092,5.3148272897420976e-05
10,1e-06,mixnet_attribution,28,0.8995481927710843,0.8697525008017684,0.30018263905030723,2928.77281626506,0.2533592956897337,2.009082784341689,0.03685377282366968,1.7500000000000002e-06,0.0,1.7500000000000002e-06,21059.298756382672,4.748496194332772e-05
10,1e-06,mixnet_attribution,29,0.8862830857401403,0.8562543998394935,0.3318576524013241,2932.324409923837,0.23919838794972748,1.9380190763677154,0.0335166932423717,1.7500000000000002e-06,0.0,1.7500000000000002e-06,19152.396138498112,5.221278803804117e-05
10,1e-06,mixnet_attribution_oracle,0,0.9996230398069964,0.9996660781583934,0.0006203029515577603,2931.844240048251,0.25112027788418345,1.9972419981710727,0.03255237723280741,1.7500000000000002e-06,0.0,1.7500000000000002e-06,18601.35841874709,5.375951462728472e-05
10,1e-06,mixnet_attribution_oracle,1,0.9996920708237106,0.9995215964825894,0.0011028461664876537,2994.2836797536565,0.24313502179575153,1.9667610359062193,0.031955616198688946,1.7500000000000002e-06,0.0,1.7500000000000002e-06,18260.352113536537,5.476345657424056e-05
10,1e-06,mixnet_attribution_oracle,2,0.9999239080809618,0.9998939461375504,0.00021706062209314462,2959.7255364480293,0.2543724160059355,2.012211204689346,0.03225367517959995,1.7500000000000002e-06,0.0,1.7500000000000002e-06,18430.67153119997,5.425738277127729e-05
10,1e-06,mixnet_attribution_oracle,3,0.9996977710615792,0.9995425856476837,0.0011821490189404338,2938.724820551568,0.2508676899888087,2.0010396596481206,0.03129422130465333,1.7500000000000002e-06,0.0,1.7500000000000002e-06,17882.412174087614,5.592086740115761e-05
10,1e-06,mixnet_attribution_oracle,4,0.999328057339107,0.9990915941232066,0.0016882525630314547,2904.300134388532,0.2481959073629696,1.9847977173059905,0.031077181762754782,1.7500000000000002e-06,0.0,1.7500000000000002e-06,17758.389578717015,5.631141244916008e-05
10,1e-06,mixnet_attribution_oracle,5,0.9996975882664247,0.9995964655817495,0.0009560674523028673,2940.7660089211463,0.2543340935080778,2.0041157628491573,0.03310988249762704,1.7500000000000002e-06,0.0,1.7500000000000002e-06,18919.932855786876,5.285431019350254e-05
10,1e-06,mixnet_attribution_oracle,6,0.9999229049417933,0.999834508285433,0.0004964579606208439,2998.111171073934,0.253628280130215,1.9955478920385294,0.03338970386334881,1.7500000000000002e-06,0.0,1.7500000000000002e-06,19079.83077905646,5.241136630507643e-05
10,1e-06,mixnet_attribution_oracle,7,0.9996973594612999,0.999617972459529,0.0008341313426775066,2942.2393130059772,0.24598499582498334,1.9782553077686398,0.031797414735028014,1.7500000000000002e-06,0.0,1.7500000000000002e-06,18169.951277158863,5.503592083139392e-05
10,1e-06,mixnet_attribution_oracle,8,0.9996174445294568,0.999393664512091,0.0014202437786388358,2976.2164498852335,0.25055893982062116,1.9864485709748188,0.033061996545005724,1.7500000000000002e-06,0.0,1.7500000000000002e-06,18892.569454288983,5.2930862708723845e-05
10,1e-06,mixnet_attribution_oracle,9,0.9998476306567119,0.9996518377884762,0.0009157851861258225,2963.5537101935092,0.25690056692110375,2.0271924927274516,0.031946264215572125,1.7500000000000002e-06,0.0,1.7500000000000002e-06,18255.00812318407,5.477948808633991e-05
10,1e-06,mixnet_attribution_oracle,10,0.9998474446987032,0.9997081632048637,0.0005527240934881813,2966.6321891685734,0.25208553826087154,1.9826445139730413,0.030177666133042153,1.7500000000000002e-06,0.0,1.7500000000000002e-06,17244.380647452657,5.798990525923703e-05
10,1e-06,mixnet_attribution_oracle,11,0.9995447993323724,0.9994740298979258,0.0008239320849452896,2950.0848949245124,0.24726361289503984,1.9777105576904739,0.03373787282017918,1.7500000000000002e-06,0.0,1.7500000000000002e-06,19278.784468673814,5.187049015589674e-05
10,1e-06,mixnet_attribution_oracle,12,1.0,0.9997728102215965,0.0006189164902682114,2938.4245240253854,0.25571878027403727,2.020390168293858,0.0360442815542313,1.7500000000000002e-06,0.0,1.7500000000000002e-06,20596.732316703597,4.8551390804308175e-05
10,1e-06,mixnet_attribution_oracle,13,0.9995334370139969,0.9994889039328693,0.0011100481962648234,3024.007465007776,0.2503925954224542,1.9909815989370787,0.031190336282297063,1.7500000000000002e-06,0.0,1.7500000000000002e-06,17823.04930416975,5.6107121903435876e-05
10,1e-06,mixnet_attribution_oracle,14,0.9996237206502108,0.9995937393292164,0.0009614649469210916,2926.7223810957253,0.2564536549325567,2.027507689552422,0.03376881119460479,1.7500000000000002e-06,0.0,1.7500000000000002e-06,19296.463539774166,5.182296735040515e-05
10,1e-06,mixnet_attribution_oracle,15,0.9994770265222264,0.99924505398285,0.0016882891429220758,2905.8836757564436,0.24631425720872357,1.9911289328602748,0.03373758363159647,1.7500000000000002e-06,0.0,1.7500000000000002e-06,19278.619218055126,5.1870934774387984e-05
10,1e-06,mixnet_attribution_oracle,16,1.0,0.9999621096530584,0.0001897307397700797,2927.3891607075648,0.2487507178739179,1.9979915855957997,0.035914771443284456,1.7500000000000002e-06,0.0,1.7500000000000002e-06,20522.726539019688,4.872646907313745e-05
10,1e-06,mixnet_attribution_oracle,17,0.9995475454339794,0.9995415098083361,0.0007711565472673507,2932.4853329311513,0.25121412708540447,2.006194159207996,0.03308798516540881,1.7500000000000002e-06,0.0,1.7500000000000002e-06,18907.42009451932,5.288928870258028e-05
10,1e-06,mixnet_attribution_oracle,18,0.9996275327771156,0.999549755996998,0.0010206722491832643,2897.2171483909415,0.2483723481418565,1.980586907661638,0.032832041965200474,1.7500000000000002e-06,0.0,1.7500000000000002e-06,18761.166837257413,5.33015887910618e-05
10,1e-06,mixnet_attribution_oracle,19,0.9998484848484849,0.9997075972466287,0.0006112679112785463,2946.0421212121214,0.25174371668254025,1.9943093444035855,0.03303742869791087,1.7500000000000002e-06,0.0,1.7500000000000002e-06,18878.530684520494,5.297022404502872e-05
10,1e-06,mixnet_attribution_oracle,20,0.9996220996145416,0.9996848525375887,0.0006177828026991438,2940.832514549165,0.24949214607477188,1.9967553414070174,0.03052592244161422,1.7500000000000002e-06,0.0,1.7500000000000002e-06,17443.38425235098,5.732832491293782e-05
10,1e-06,mixnet_attribution_oracle,21,0.9998488512696493,0.9997844101351215,0.0006969446150232344,2938.6909008464327,0.26218460261588916,2.027103935973744,0.03125528884372017,1.7500000000000002e-06,0.0,1.7500000000000002e-06,17860.16505355438,5.5990523995800835e-05
10,1e-06,mixnet_attribution_oracle,22,0.9997741644083108,0.9997371527501336,0.000575510408428846,2927.646567299006,0.2570037547557149,2.0259871213745937,0.031736994188485176,1.7500000000000002e-06,0.0,1.7500000000000002e-06,18135.425250562956,5.514069762267958e-05
10,1e-06,mixnet_attribution_oracle,23,0.9997711146715496,0.9995496156989303,0.0009598712118010234,2967.054932478828,0.24728667785529979,1.997347217314802,0.033607062070243165,1.7500000000000002e-06,0.0,1.7500000000000002e-06,19204.03546871038,5.207238872419942e-05
10,1e-06,mixnet_attribution_oracle,24,0.9996971073754354,0.9996463153382205,0.0007475333851529122,2945.6906709071636,0.24362630359246396,1.962271954005197,0.03276943765116678,1.7500000000000002e-06,0.0,1.7500000000000002e-06,18725.39294352387,5.3403418716820436e-05
10,1e-06,mixnet_attribution_oracle,25,0.9997724341955548,0.9997377139017705,0.0006240339121553184,2950.262838504134,0.24587759995483793,1.9722829431064324,0.033957309484069095,1.7500000000000002e-06,0.0,1.7500000000000002e-06,19404.176848039482,5.153529612883506e-05
10,1e-06,mixnet_attribution_oracle,26,0.9992387332521315,0.9992064362859708,0.0015864028681246028,2959.915042630938,0.24699376212083735,1.9869628087209963,0.03190702168626375,1.7500000000000002e-06,0.0,1.7500000000000002e-06,18232.58382072214,5.4846861521813256e-05
10,1e-06,mixnet_attribution_oracle,27,0.9992415623814941,0.9993245670861254,0.0012176918687976208,2949.2094046264697,0.2580413189716637,2.026799220006384,0.03133654199973183,1.7500000000000002e-06,0.0,1.7500000000000002e-06,17906.595428418186,5.584534502929444e-05
10,1e-06,mixnet_attribution_oracle,28,0.999773276904474,0.9997637469896249,0.0004894995773554837,2939.2290659008463,0.24807903051259927,1.9822087800060872,0.03179285230947417,1.7500000000000002e-06,0.0,1.7500000000000002e-06,18167.344176842384,5.5043818747854394e-05
10,1e-06,mixnet_attribution_oracle,29,0.9994746322425698,0.9992943631006331,0.0015752358150733603,2919.3384869408587,0.25173423523665406,2.0093679152856767,0.03324720923650346,1.7500000000000002e-06,0.0,1.7500000000000002e-06,18998.405278001977,5.263599683063335e-05
10,0.03,mixnet_attribution,0,0.019823622522047186,0.012221536439758427,6.496358413030056,2931.5843823019522,0.34122615880914964,2.343067688083168,0.03104850267032247,0.0525,0.0,0.0525,0.5914000508632852,1.6909027967452297
10,0.03,mixnet_attribution,1,0.020828582288103383,0.012017774101529741,6.513280387420184,2956.57149372862,0.3519319015322253,2.3955412823976716,0.031004053168269263,0.0525,0.0,0.0525,0.5905533936813193,1.69332698905737
10,0.03,mixnet_attribution,2,0.019612263300270515,0.012155731302836467,6.513595587503699,2921.776375112714,0.3472872875863686,2.370640706039584,0.03131957621637942,0.0525,0.0,0.0525,0.5965633565024652,1.6762678919181446
10,0.03,mixnet_attribution,3,0.02039877300613497,0.01215822763657837,6.499685991533022,2981.9272239263805,0.35562311953981407,2.4119397743775672,0.0325024276992345,0.0525,0.0,0.0525,0.6190938609378,1.6152639576900432
10,0.03,mixnet_attribution,4,0.020626432391138275,0.012233607635363805,6.500441055207756,2971.119022154316,0.33998337568482384,2.3624050422150678,0.031070467254926383,0.0525,0.0,0.0525,0.5918184239033597,1.6897074501406428
10,0.03,mixnet_attribution,5,0.019233670236838134,0.012676276905552184,6.48084138056719,2933.601523608387,0.35660144811845385,2.4032527587221058,0.03519845908773982,0.0525,0.0,0.0525,0.6704468397664727,1.491542566370088
10,0.03,mixnet_attribution,6,0.018064127653168748,0.012343266800095875,6.49628657565177,2926.9346680716544,0.34774167905561626,2.3937623703598114,0.032281478434677664,0.0525,0.0,0.0525,0.6148853035176698,1.6263195660705252
10,0.03,mixnet_attribution,7,0.021885521885521887,0.012275505197623311,6.498436906290831,2975.3688399142943,0.3443044913583435,2.3628947069998487,0.030668906579052496,0.0525,0.0,0.0525,0.5841696491248095,1.7118314885036885
10,0.03,mixnet_attribution,8,0.021486860822040876,0.01307793010245936,6.497132981509192,2911.4752564198548,0.34602820011787117,2.3712132440851974,0.032897411866346385,0.0525,0.0,0.0525,0.6266173688827883,1.5958702226574486
10,0.03,mixnet_attribution,9,0.025179042593290613,0.013424000258728142,6.4734993110972585,2931.815303430079,0.3453688492591027,2.3723406074105906,0.03538923048161405,0.0525,0.0,0.0525,0.6740805806021724,1.4835021639500072
10,0.03,mixnet_attribution,10,0.020122550873742342,0.011721111124505993,6.528368113234511,2942.3594825629775,0.3498067408800125,2.3941270116563,0.028889258332295442,0.0525,0.0,0.0525,0.550271587281818,1.8172844521006617
10,0.03,mixnet_attribution,11,0.016747133373566685,0.011976185206445791,6.5072600492477335,2934.030325890163,0.34105777071090415,2.3707317381975246,0.03059201408040492,0.0525,0.0,0.0525,0.5827050301029508,1.7161341473632423
10,0.03,mixnet_attribution,12,0.023456882941132247,0.012948047053761593,6.4849456308990066,2923.8279076761146,0.3579011718102265,2.4134338844587537,0.03453271471464443,0.0525,0.0,0.0525,0.6577659945646559,1.5202975043759333
10,0.03,mixnet_attribution,13,0.026351658337119492,0.013881883317715364,6.472486377183794,2945.349765258216,0.34970790476654656,2.393258434547132,0.03497991297763783,0.0525,0.0,0.0525,0.666284056716911,1.500861366738177
10,0.03,mixnet_attribution,14,0.021532374648101652,0.012454401280527428,6.510140909428882,2958.552004869512,0.3505603344819974,2.37120930661739,0.03246870442462513,0.0525,0.0,0.0525,0.6184515128500024,1.61694163442452
10,0.03,mixnet_attribution,15,0.023187311178247735,0.013195467147858925,6.498980930736346,2937.5525679758307,0.34762388982926495,2.375665463059887,0.033569129734794104,0.0525,0.0,0.0525,0.6394119949484591,1.5639368793521096
10,0.03,mixnet_attribution,16,0.022429763454030468,0.012224970165241987,6.495041166937875,2976.5095307356655,0.3470983901352156,2.3643690647224904,0.033442082271318764,0.0525,0.0,0.0525,0.6369920432632146,1.5698783219915122
10,0.03,mixnet_attribution,17,0.019168839135101978,0.012073938850147034,6.5117819288730345,2981.3662781781936,0.3522914304048754,2.368020903352738,0.03238435677194234,0.0525,0.0,0.0525,0.6168448908941399,1.6211530885024636
10,0.03,mixnet_attribution,18,0.021215553038882597,0.01239048047055319,6.497773838923483,2936.3669309173274,0.3459106010850519,2.3649691749420256,0.032128556665091144,0.0525,0.0,0.0525,0.611972507906498,1.6340603329076147
10,0.03,mixnet_attribution,19,0.022380239520958085,0.012531658192946821,6.494526423591155,2911.169236526946,0.34393924270989373,2.363439676030694,0.030301533451081848,0.0525,0.0,0.0525,0.5771720657348923,1.7325855829954904
10,0.03,mixnet_attribution,20,0.022881033827442037,0.01392347394970199,6.49141480838694,2956.9687571265677,0.34245801041834056,2.3419381489289255,0.034454638259263766,0.0525,0.0,0.0525,0.6562788239859765,1.5237425975843588
10,0.03,mixnet_attribution,21,0.022747952684258416,0.012871869933089716,6.489509570775292,2949.4547315741584,0.34980193033698015,2.3899489699943914,0.03318996393745643,0.0525,0.0,0.0525,0.6321897892848843,1.5818034662204405
10,0.03,mixnet_attribution,22,0.021424786130668484,0.012307284222213158,6.496319806433458,2944.42667877962,0.34839362517232075,2.3995130793107973,0.031869598061202216,0.0525,0.0,0.0525,0.6070399630705184,1.6473380021668067
10,0.03,mixnet_attribution,23,0.025436714679742567,0.015207274810500337,6.494239010606741,2979.891127796506,0.34145463540335186,2.369788822712629,0.030772268189027063,0.0525,0.0,0.0525,0.5861384416957536,1.7060815822059137
10,0.03,mixnet_attribution,24,0.022665044113173105,0.013589682739006443,6.5019039439778075,2958.169531487679,0.35293554337113164,2.421469451861576,0.03308507948324456,0.0525,0.0,0.0525,0.6301919901570392,1.5868180104142664
10,0.03,mixnet_attribution,25,0.01807730126314197,0.012387804487015028,6.484570352752672,2941.310869071931,0.3497040492366068,2.3897855153162584,0.031939375354008315,0.0525,0.0,0.0525,0.6083690543620631,1.643739096901636
10,0.03,mixnet_attribution,26,0.022447116116268453,0.012451534555106327,6.495119935863421,2960.03561101811,0.3496649342996534,2.3641698099206705,0.033156127504456075,0.0525,0.0,0.0525,0.6315452857991634,1.5834177255152662
10,0.03,mixnet_attribution,27,0.020730127276884384,0.012141965112181513,6.508589002444838,2963.7138175443943,0.3511669473373331,2.395969152963894,0.0311893651198343,0.0525,0.0,0.0525,0.594083145139701,1.6832660683629497
10,0.03,mixnet_attribution,28,0.022844175491679275,0.012777473288328971,6.493549795091598,2941.707337367625,0.3491053123725578,2.407683106149571,0.0334558475947994,0.0525,0.0,0.0525,0.637254239900941,1.5692323995450335
10,0.03,mixnet_attribution,29,0.023371267089284352,0.014368196018827897,6.488268750223847,2969.942946612694,0.3447303069406189,2.3692540208571806,0.036277835309930145,0.0525,0.0,0.0525,0.6910063868558123,1.4471646268714782
10,0.03,mixnet_attribution_oracle,0,0.17602854106573554,0.13280507155650528,3.1488731419550424,2952.9158190374983,0.3450877893483266,2.349154127895339,0.030870154216841937,0.0525,0.0,0.0525,0.588002937463656,1.7006717760858283
10,0.03,mixnet_attribution_oracle,1,0.1825,0.14020111266741855,3.095957614922188,2858.8922058823528,0.3543210744683165,2.4163242589192615,0.035729193476863035,0.0525,0.0,0.0525,0.6805560662259625,1.469386652514201
10,0.03,mixnet_attribution_oracle,2,0.18267278333458675,0.13683264252122748,3.107273635249514,2925.469579604422,0.348961651296122,2.376092111718573,0.03672086115207965,0.0525,0.0,0.0525,0.6994449743253267,1.4297050328577796
10,0.03,mixnet_attribution_oracle,3,0.18140313498706437,0.13370726856849696,3.132326305522224,2959.5805052503424,0.3528722732735332,2.398142485416029,0.03233864774064035,0.0525,0.0,0.0525,0.6159742426788639,1.6234445058140956
10,0.03,mixnet_attribution_oracle,4,0.1863939324293266,0.13708409085492262,3.1210688743665416,2979.2382594039686,0.348298201628495,2.3755658505470736,0.03210913926461618,0.0525,0.0,0.0525,0.6116026526593558,1.6350485002833528
10,0.03,mixnet_attribution_oracle,5,0.17350902582070227,0.13089041937090243,3.144326658426521,2962.3291187447635,0.3523096940771211,2.3839872853489026,0.029461039014472105,0.0525,0.0,0.0525,0.5611626478947068,1.782014543825508
10,0.03,mixnet_attribution_oracle,6,0.17852257181942544,0.13443320540120227,3.1350900374672688,2955.518011855905,0.34837829845491797,2.387224563703783,0.03289734434299482,0.0525,0.0,0.0525,0.6266160827237109,1.5958734982563836
10,0.03,mixnet_attribution_oracle,7,0.1866736778846154,0.1389669712874852,3.1064455739522505,2921.6219200721152,0.34329600373166613,2.3720529861840163,0.033705643712890934,0.0525,0.0,0.0525,0.6420122611979225,1.557602650974473
10,0.03,mixnet_attribution_oracle,8,0.18305084745762712,0.1358017042499734,3.118296701001126,2930.06538606403,0.3459685431444086,2.3795459787530815,0.03455597000224594,0.0525,0.0,0.0525,0.6582089524237322,1.519274382880521
10,0.03,mixnet_attribution_oracle,9,0.17712512300355765,0.132571555541578,3.14113910672438,2944.4770267201575,0.353511286288267,2.428080624056115,0.03164458723889527,0.0525,0.0,0.0525,0.6027540426456243,1.659051502352059
10,0.03,mixnet_attribution_oracle,10,0.18934197633225297,0.13796890985263477,3.1206357074025353,2931.0665561166807,0.34572653446230106,2.3758094233305265,0.0347338864863578,0.0525,0.0,0.0525,0.6615978378353867,1.5114922431908124
10,0.03,mixnet_attribution_oracle,11,0.18002898771836143,0.13497580159148953,3.1278115198069703,2967.2328171485237,0.34665831257007085,2.3588719782678336,0.032161199107434965,0.0525,0.0,0.0525,0.612594268713047,1.632401821356939
10,0.03,mixnet_attribution_oracle,12,0.1718391683228864,0.1312220162579752,3.1444772057097676,2972.5851551750497,0.34296465225634165,2.3613849043950634,0.031200298210315298,0.0525,0.0,0.0525,0.5942913944821961,1.6826762246343752
10,0.03,mixnet_attribution_oracle,13,0.17814798138976437,0.1345055528148665,3.1297682801604645,2918.6779228575715,0.3427493001508992,2.3603888074446173,0.03504346590953672,0.0525,0.0,0.0525,0.6674945887530804,1.4981394858467085
10,0.03,mixnet_attribution_oracle,14,0.179438398904193,0.1313094356813408,3.1571510927570126,2959.639372954874,0.34984317238559015,2.4007865541305806,0.03036803212489168,0.0525,0.0,0.0525,0.5784387071407939,1.7287916379990744
10,0.03,mixnet_attribution_oracle,15,0.18216791129214754,0.13349309747670307,3.1363905086376436,2933.3741419627368,0.3505058958544396,2.398470657667266,0.03166665574241067,0.0525,0.0,0.0525,0.6031743950935365,1.6578953087770347
10,0.03,mixnet_attribution_oracle,16,0.18316831683168316,0.13644384055821687,3.1110596579347645,2917.4856735673566,0.3450972407590598,2.3835755902820903,0.034510919621419583,0.0525,0.0,0.0525,0.6573508499318016,1.521257636015451
10,0.03,mixnet_attribution_oracle,17,0.17705317690080755,0.13490171002296422,3.125661179650573,2962.3700289501753,0.3569742723775562,2.4305023210603682,0.03280154814340249,0.0525,0.0,0.0525,0.6247913932076665,1.600534211692674
10,0.03,mixnet_attribution_oracle,18,0.17993943981831945,0.1309083736308425,3.1596695104004384,2943.8844057532174,0.3552768058725633,2.445237875050837,0.03013591432099423,0.0525,0.0,0.0525,0.5740174156379854,1.7421074217557684
10,0.03,mixnet_attribution_oracle,19,0.17974858194082477,0.13361977648944717,3.1378304317786165,2980.398972865246,0.3521935396420304,2.440220792503373,0.03196665696113865,0.0525,0.0,0.0525,0.6088887040216886,1.6423362650596651
10,0.03,mixnet_attribution_oracle,20,0.1749620637329287,0.13082929384672018,3.150411614980004,2951.3376327769347,0.34216045727953315,2.3684056244228318,0.030363683486372316,0.0525,0.0,0.0525,0.5783558759309013,1.7290392327914628
10,0.03,mixnet_attribution_oracle,21,0.1837875076546234,0.1334568688871338,3.133581297221171,2976.6062461726883,0.3490289882174693,2.3837879757697547,0.03223483007486532,0.0525,0.0,0.0525,0.613996763330768,1.6286730805798841
10,0.03,mixnet_attribution_oracle,22,0.18758557736193518,0.1349285472492458,3.120251263571041,2959.001749581622,0.3493782600853592,2.4033953183999586,0.032353463670234096,0.0525,0.0,0.0525,0.6162564508616019,1.622701066417849
10,0.03,mixnet_attribution_oracle,23,0.1823985408116735,0.13625528183226762,3.1263726874113793,2955.2251861985105,0.35289118014043197,2.3911735688214497,0.03238532442929575,0.0525,0.0,0.0525,0.6168633224627762,1.6211046492561463
10,0.03,mixnet_attribution_oracle,24,0.17856600334194137,0.13293072974532633,3.1370603259269627,2953.6130183806777,0.3515988864819519,2.3649735316256466,0.03243577429663572,0.0525,0.0,0.0525,0.6178242723168708,1.6185832198692223
10,0.03,mixnet_attribution_oracle,25,0.17975553857906798,0.13489509920309176,3.1331378297823984,2971.0061879297173,0.3555380537000019,2.3986239017640356,0.0334013471913324,0.0525,0.0,0.0525,0.63621613697776,1.5717928890492079
10,0.03,mixnet_attribution_oracle,26,0.18427462323032426,0.13746596178595707,3.112344676511668,2961.166235347846,0.3449954616953619,2.3937695560489263,0.033564105197462786,0.0525,0.0,0.0525,0.6393162894754817,1.5641710002734897
10,0.03,mixnet_attribution_oracle,27,0.18356122526926896,0.1347996804381401,3.128499886504218,2970.910014513788,0.3500780061003752,2.4257677131313096,0.0340076040631513,0.0525,0.0,0.0525,0.6477638869171677,1.5437723840382511
10,0.03,mixnet_attribution_oracle,28,0.1875143097000687,0.1330433332877331,3.14926344124612,2967.530870792948,0.35533009967184626,2.409869688962937,0.030624828715072286,0.0525,0.0,0.0525,0.5833300707632817,1.714295302300308
10,0.03,mixnet_attribution_oracle,29,0.1801548739750987,0.1331419784658532,3.1394145840205945,2952.79501973884,0.3516057782107964,2.399167787599864,0.03370251456776843,0.0525,0.0,0.0525,0.6419526584336844,1.5577472682174474
10,0.06,mixnet_attribution,0,0.015922124962269846,0.010940066443525057,6.583805814341515,2935.3122547539992,0.4476688934955746,2.7810365114292286,0.031096854147047895,0.105,0.0,0.105,0.2961605156861704,3.3765473350933126
10,0.06,mixnet_attribution,1,0.017855814299531286,0.011125038097574544,6.567862923548582,2893.285321032661,0.45295686315512285,2.7731066559097934,0.035177874246833024,0.105,0.0,0.105,0.33502737377936215,2.984830728066318
10,0.06,mixnet_attribution,2,0.017747858017135864,0.01124781618272319,6.570238010275808,2976.3820379436966,0.44551079874509014,2.7536093470720093,0.03512066199961887,0.105,0.0,0.105,0.33448249523446544,2.9896930758634177
10,0.06,mixnet_attribution,3,0.01622531761824583,0.011059018076462621,6.575843498434923,2976.2298331547527,0.44640470153535716,2.81565426517078,0.03350070564538086,0.105,0.0,0.105,0.3190543394798177,3.1342623379778747
10,0.06,mixnet_attribution,4,0.020403467055304134,0.011157029305682081,6.574248280018237,2983.438214313109,0.44405301558435895,2.795502431544222,0.03440032214131121,0.105,0.0,0.105,0.32762211563153537,3.052296997937293
10,0.06,mixnet_attribution,5,0.017818740399385562,0.011012257353890964,6.571466595036034,2987.534178187404,0.4383881508547347,2.7361548599510144,0.033865386207296115,0.105,0.0,0.105,0.32252748768853445,3.1005109275079907
10,0.06,mixnet_attribution,6,0.018859350147693705,0.011198302038566352,6.576326678978582,2946.6762099522834,0.4446027774247341,2.758488989660787,0.03449946283266651,0.105,0.0,0.105,0.328566312692062,3.043525648769773
10,0.06,mixnet_attribution,7,0.01867881548974943,0.011255785082656528,6.567164363021526,2952.4256643887625,0.4409030706738122,2.764200237401159,0.035091839216914784,0.105,0.0,0.105,0.3342079925420456,2.992148668838892
10,0.06,mixnet_attribution,8,0.015311149852194346,0.0108729200669549,6.5818644527926455,2946.552262563481,0.4465303562465124,2.7694372820265434,0.03128784980716796,0.105,0.0,0.105,0.2979795219730282,3.3559353118584965
10,0.06,mixnet_attribution,9,0.01504664459825459,0.010940118202588285,6.578660174831541,2925.9886397833284,0.4544917853199877,2.8225625767804194,0.03209087785793032,0.105,0.0,0.105,0.30562740817076495,3.2719578587050813
10,0.06,mixnet_attribution,10,0.018326815428264705,0.011019529570703996,6.577984074067649,2982.552028218695,0.4418942049087491,2.755627168678663,0.03342897249268033,0.105,0.0,0.105,0.3183711665969555,3.1409879565694396
10,0.06,mixnet_attribution,11,0.015914109495164853,0.011013184793120379,6.573048701860278,2961.2323155410036,0.44284511246951297,2.780336374813222,0.033431358811247903,0.105,0.0,0.105,0.3183938934404562,3.140763753960039
10,0.06,mixnet_attribution,12,0.015567142749187636,0.010907379886744062,6.578490772694084,2939.3827552331295,0.4525623229565099,2.7892107582544243,0.031996158677793096,0.105,0.0,0.105,0.30472532074088665,3.281643932866077
10,0.06,mixnet_attribution,13,0.017165460108963356,0.010944844606822001,6.583047485462467,2902.243376371371,0.444051010068506,2.793492271301271,0.032509498887044255,0.105,0.0,0.105,0.3096142751147072,3.229825238611869
10,0.06,mixnet_attribution,14,0.021234939759036144,0.011041343147408277,6.579766222303552,2928.611219879518,0.44006843492388725,2.7550600024429692,0.03193428090078813,0.105,0.0,0.105,0.3041360085789346,3.2880026428717435
10,0.06,mixnet_attribution,15,0.017494698576189033,0.011049327555057706,6.57117679892305,2944.793395940624,0.4469832683389541,2.7958065984321907,0.03362856274335024,0.105,0.0,0.105,0.32027202612714517,3.122345751180307
10,0.06,mixnet_attribution,16,0.014803006148941016,0.010942337854939553,6.576823087655425,2952.472329765429,0.44838808511849493,2.786793406170732,0.03357432813758817,0.105,0.0,0.105,0.3197555060722683,3.1273894616657167
10,0.06,mixnet_attribution,17,0.01833408782254414,0.011297357189867022,6.5677582149685625,2934.028066998642,0.44090503922780044,2.761064677580978,0.03638852047123437,0.105,0.0,0.105,0.34655733782127973,2.8855253975770725
10,0.06,mixnet_attribution,18,0.017770719903206292,0.011072920601361114,6.573745556451282,2940.860405323654,0.44671270265826024,2.758168566534456,0.03490681908398708,0.105,0.0,0.105,0.3324458960379722,3.008008256133742
10,0.06,mixnet_attribution,19,0.01607643891711534,0.010963448556752887,6.579808815801103,2949.1071509820276,0.44136120509938337,2.7177594366098647,0.03137725590307707,0.105,0.0,0.105,0.298831008600734,3.346372937274702
10,0.06,mixnet_attribution,20,0.01969036524875996,0.011168140860771749,6.566320356497998,2922.4952652938523,0.4457058707193937,2.780211798528045,0.035103117482598194,0.105,0.0,0.105,0.33431540459617326,2.991187322665916
10,0.06,mixnet_attribution,21,0.017840805123513267,0.011014333153783154,6.574510464972531,2965.015706007929,0.4474683743901551,2.7955422284639457,0.03248959804470668,0.105,0.0,0.105,0.30942474328292074,3.2318036023565693
10,0.06,mixnet_attribution,22,0.019601814128680145,0.011056028868336681,6.573966302241554,2990.0392036282574,0.4419619943073485,2.7367495124820267,0.03274878435750635,0.105,0.0,0.105,0.3118931843572033,3.2062258816618625
10,0.06,mixnet_attribution,23,0.016571256402530883,0.010916065917116333,6.581023805693809,2928.8571105754745,0.44195792576647364,2.746009362019846,0.03245007253406977,0.105,0.0,0.105,0.3090483098482835,3.235740070835252
10,0.06,mixnet_attribution,24,0.01638118034258359,0.011035435444975455,6.575796798678076,2909.2565636921236,0.4475758047774434,2.778680291646647,0.03445639947996533,0.105,0.0,0.105,0.32815618552347936,3.047329424568932
10,0.06,mixnet_attribution,25,0.017602175719573922,0.010908729272871025,6.582507732488807,2938.6923018810908,0.439744187053293,2.7250268895245577,0.03060351355431895,0.105,0.0,0.105,0.29146203385065667,3.4309785970696742
10,0.06,mixnet_attribution,26,0.014320722928472966,0.011033859373543746,6.570205807724038,2977.3616173992955,0.4621050692803692,2.867564695161607,0.0375656698112696,0.105,0.0,0.105,0.3577682839168534,2.7951052257958215
10,0.06,mixnet_attribution,27,0.01680864009735321,0.01084938859814394,6.585687381546889,2958.1022969272894,0.45159000158309937,2.7857387395330724,0.030436617413278126,0.105,0.0,0.105,0.289872546793125,3.4497920243329414
10,0.06,mixnet_attribution,28,0.014997727617027723,0.010987156166862504,6.568848437698303,2945.943114679594,0.447313836455578,2.797368867029803,0.034454878501823064,0.105,0.0,0.105,0.32814170001736254,3.047463946054672
10,0.06,mixnet_attribution,29,0.016963398792695043,0.010910469262545294,6.586028314797782,2971.933521815542,0.44148721382953227,2.7662079333062914,0.03237598656756331,0.105,0.0,0.105,0.3083427292148887,3.243144414483939
10,0.06,mixnet_attribution_oracle,0,0.13945009873917666,0.11257298170382617,3.288377289058171,2953.6320066838825,0.44391135303885676,2.7616594369096363,0.033810602180771594,0.105,0.0,0.105,0.3220057350549676,3.10553475027175
10,0.06,mixnet_attribution_oracle,1,0.13522614219025025,0.1099252869410725,3.304297890157438,2976.841432616515,0.4531871475628577,2.8097319732160893,0.03221018507560535,0.105,0.0,0.105,0.3067636673867176,3.2598384564863183
10,0.06,mixnet_attribution_oracle,2,0.1392521220463409,0.11160276819880773,3.2981308566149927,2974.414926971018,0.4533084698196035,2.7923340954610847,0.03256336131994151,0.105,0.0,0.105,0.31012725066610963,3.2244828464836317
10,0.06,mixnet_attribution_oracle,3,0.13902308105206657,0.11231597257650493,3.29209188452491,2981.527490223142,0.45286292550736107,2.786039113745475,0.034616299359766046,0.105,0.0,0.105,0.3296790415215814,3.0332531767401965
10,0.06,mixnet_attribution_oracle,4,0.1435677142211169,0.11024130813489864,3.309262157452499,2930.558595221946,0.43648095190292224,2.744858938687522,0.031065425276632197,0.105,0.0,0.105,0.29586119311078285,3.3799633858218034
10,0.06,mixnet_attribution_oracle,5,0.14273890142964635,0.11044670865172465,3.305819028723118,2925.8900677200904,0.44479851017240435,2.755234756530955,0.03006844790790197,0.105,0.0,0.105,0.28636617055144736,3.492032589164872
10,0.06,mixnet_attribution_oracle,6,0.14065568817041849,0.11071498616629052,3.2977546733063043,2937.6552349297476,0.4454372135223821,2.749281643085051,0.033932779237443346,0.105,0.0,0.105,0.323169326070889,3.094353081581277
10,0.06,mixnet_attribution_oracle,7,0.1386561023921987,0.11182821944276267,3.2971375673584955,2962.816318756666,0.45264917059103027,2.8386900711972785,0.03395010970445074,0.105,0.0,0.105,0.3233343781376261,3.092773511310182
10,0.06,mixnet_attribution_oracle,8,0.14094411610683025,0.1112365136394789,3.2948533453238764,2910.6997082367025,0.45544003235409036,2.8155187992967643,0.03250672352238551,0.105,0.0,0.105,0.3095878430703382,3.2301009951892734
10,0.06,mixnet_attribution_oracle,9,0.14841335644833045,0.11154809089216279,3.2939403254045714,2931.412225823472,0.4450529737805482,2.7941348872129037,0.03231245800704484,0.105,0.0,0.105,0.30773769530518896,3.2495206640456646
10,0.06,mixnet_attribution_oracle,10,0.14453301248308018,0.11115124041881651,3.297609159993484,2925.0868551661906,0.4391160905070137,2.719541780729597,0.03217190177540956,0.105,0.0,0.105,0.3063990645277101,3.2637175362836723
10,0.06,mixnet_attribution_oracle,11,0.1379231647014074,0.11091036716284293,3.304542087247684,2959.2310384176494,0.44661855831509456,2.7834102376919745,0.03139731148888714,0.105,0.0,0.105,0.29902201417987756,3.3442353826111515
10,0.06,mixnet_attribution_oracle,12,0.14392340168878168,0.11209762961256374,3.2959394922443956,2933.2532418576598,0.4513233532488812,2.7947770088142674,0.03274211300141609,0.105,0.0,0.105,0.31182964763253423,3.2068791649292385
10,0.06,mixnet_attribution_oracle,13,0.1373134328358209,0.11020935323834848,3.3113699971468833,2902.8035074626864,0.44611222128150985,2.7959270450018163,0.029303213180332615,0.105,0.0,0.105,0.27907822076507255,3.58322479360293
10,0.06,mixnet_attribution_oracle,14,0.1536119357539773,0.11358252685409653,3.2933722012663376,2960.5509629291314,0.44375124454381876,2.7837965116108823,0.03392302884369564,0.105,0.0,0.105,0.3230764651780538,3.0952424821439113
10,0.06,mixnet_attribution_oracle,15,0.1564522268747621,0.11127317001860211,3.30569385280318,2961.0011419870575,0.44800094395759515,2.792631251542796,0.030196525029331168,0.105,0.0,0.105,0.28758595266029685,3.4772212994047837
10,0.06,mixnet_attribution_oracle,16,0.13760280231495584,0.11013358487495124,3.304146689171921,2961.5255863539446,0.44479617502656765,2.744501081487826,0.0315618609462055,0.105,0.0,0.105,0.30058915186862384,3.3268000318157265
10,0.06,mixnet_attribution_oracle,17,0.14911755907867186,0.11376837481569288,3.2790125586210888,2908.2912055040383,0.4421646574046463,2.784717589314493,0.03642071797663059,0.105,0.0,0.105,0.3468639807298151,2.8829744670979145
10,0.06,mixnet_attribution_oracle,18,0.13563930216751,0.10947129585072589,3.318711890109451,2937.5244316894496,0.44440339438733645,2.7477975546377764,0.029665639513794084,0.105,0.0,0.105,0.28252990013137225,3.539448389480245
10,0.06,mixnet_attribution_oracle,19,0.13873356505969472,0.10854935706042045,3.3178913717474257,2938.8261296660116,0.44377076532691717,2.752602764006257,0.029018611946269937,0.105,0.0,0.105,0.2763677328216185,3.6183674186213697
10,0.06,mixnet_attribution_oracle,20,0.14233409610983982,0.11058657008677782,3.29772590930205,2966.7877955758963,0.43959823792101815,2.7532091417376607,0.03232255041610623,0.105,0.0,0.105,0.307833813486726,3.2485060321130725
10,0.06,mixnet_attribution_oracle,21,0.14546008995959442,0.11285211676630036,3.2882382555600707,2964.540901120683,0.44571692918543704,2.779743214190412,0.03511836937909327,0.105,0.0,0.105,0.33446066075326925,2.9898882509763904
10,0.06,mixnet_attribution_oracle,22,0.1452953065349203,0.11146521984034999,3.296433553102726,2911.0813683658957,0.4490386733377818,2.7955032417934254,0.033309497447141755,0.105,0.0,0.105,0.31723330902039765,3.1522541031014537
10,0.06,mixnet_attribution_oracle,23,0.13669010357601874,0.11196932149365658,3.2899921115666015,2940.011567248809,0.4453274262486957,2.8065504888740582,0.03389303517880501,0.105,0.0,0.105,0.3227908112267144,3.0979816191162985
10,0.06,mixnet_attribution_oracle,24,0.13270787622001967,0.11118697307941501,3.2918538007733433,2941.9674661420895,0.4420406161225401,2.736526208344493,0.033146294034478045,0.105,0.0,0.105,0.3156789908045528,3.1677749521796104
10,0.06,mixnet_attribution_oracle,25,0.14799057965509382,0.1147720851400982,3.2804584809749855,2954.816379244853,0.45083046721993014,2.7945170989233623,0.03926592899180612,0.105,0.0,0.105,0.37396122849339164,2.674074005021275
10,0.06,mixnet_attribution_oracle,26,0.13583549915914997,0.11002832300224295,3.307469352580269,2973.0023696682465,0.448387910524616,2.8028751243237133,0.03013707897155969,0.105,0.0,0.105,0.28701979972913993,3.484080195664892
10,0.06,mixnet_attribution_oracle,27,0.1306237608662498,0.10899942548642551,3.3074659454745174,2965.1998627421076,0.45206057277391665,2.764405094740751,0.02965223730801173,0.105,0.0,0.105,0.2824022600763022,3.541048147878881
10,0.06,mixnet_attribution_oracle,28,0.14529336638870108,0.11129708638649259,3.3031747249383625,2921.870858688303,0.44053574569988996,2.752774710972207,0.03164367708744506,0.105,0.0,0.105,0.3013683532137625,3.3181984416615027
10,0.06,mixnet_attribution_oracle,29,0.13727134146341463,0.10977577056353897,3.302822549752561,2963.792911585366,0.44618947932031006,2.7410509840221,0.03108488702350966,0.105,0.0,0.105,0.2960465430810444,3.3778472452091575
10,0.12,mixnet_attribution,0,0.012939841089670829,0.010353836086726968,6.622923960164645,2943.1423382519865,0.6361630666069686,3.5566777391419575,0.03335469881304869,0.21,0.0,0.21,0.15883189910975568,6.295964510938587
10,0.12,mixnet_attribution,1,0.013522701518470953,0.010363103223298323,6.621436375158776,2937.776157739669,0.6431215802149381,3.539261235470593,0.033538160233717876,0.21,0.0,0.21,0.1597055249224661,6.26152414254598
10,0.12,mixnet_attribution,2,0.016106870229007635,0.010313764725054984,6.624495219570666,2968.2548091603053,0.6372880793060176,3.543254153287942,0.03167738090068787,0.21,0.0,0.21,0.15084467095565654,6.629335949786173
10,0.12,mixnet_attribution,3,0.014040093100082588,0.010368061101647895,6.623652254327242,2920.4292364291614,0.6371188735647593,3.541590879965519,0.03270069544679987,0.21,0.0,0.21,0.15571759736571367,6.421881771341681
10,0.12,mixnet_attribution,4,0.013194444444444444,0.010334948863937805,6.624350619732408,3001.477391975309,0.6473025851009879,3.5785242250691813,0.03210871711391351,0.21,0.0,0.21,0.1528986529233977,6.540279988607883
10,0.12,mixnet_attribution,5,0.0130536482305893,0.010317732396070586,6.62361945968338,2934.846298951181,0.6365724657371175,3.4714305387722053,0.03248270111583757,0.21,0.0,0.21,0.15467952912303606,6.464979597943916
10,0.12,mixnet_attribution,6,0.013258003766478343,0.0103964974134008,6.620585232736758,2929.8012052730696,0.649618866154924,3.6323388976504725,0.035482524898893114,0.21,0.0,0.21,0.1689644042804434,5.9184063309584545
10,0.12,mixnet_attribution,7,0.013760774232572206,0.010394347501967688,6.6194749104592505,2940.056933313171,0.6438626825110987,3.5709954520715024,0.03417853796216262,0.21,0.0,0.21,0.1627549426769649,6.144206643141982
10,0.12,mixnet_attribution,8,0.0155526894772779,0.010445700972359258,6.618328349984913,2950.5261361049998,0.6441300222359132,3.551975923541088,0.03493976938108977,0.21,0.0,0.21,0.1663798541956656,6.010343048047047
10,0.12,mixnet_attribution,9,0.01536144578313253,0.01038712733748824,6.618959354249527,2927.9789909638553,0.6504356887016911,3.60927045823451,0.03562030189472724,0.21,0.0,0.21,0.16962048521298684,5.895514322720708
10,0.12,mixnet_attribution,10,0.014507927011666168,0.01031383672474568,6.6238996759177775,2908.642611426862,0.6395046694378834,3.541191992127689,0.03326968804729274,0.21,0.0,0.21,0.15842708593948923,6.3120519705951486
10,0.12,mixnet_attribution,11,0.016712664826740265,0.010407357670810432,6.621159892255786,2980.493330266789,0.6390875026991125,3.5036391562394202,0.035383506967664735,0.21,0.0,0.21,0.16849289032221304,5.934968520557015
10,0.12,mixnet_attribution,12,0.013656486831244841,0.01029383229446111,6.627928742551768,2918.4116455316275,0.6417731147375889,3.5722417607026173,0.031456486736755315,0.21,0.0,0.21,0.14979279398454912,6.6758885617898835
10,0.12,mixnet_attribution,13,0.013110755392941535,0.01029762852941186,6.624530574789458,2964.328531138044,0.6415525092452299,3.551411636831586,0.03166589167365498,0.21,0.0,0.21,0.150789960350738,6.631741249046
10,0.12,mixnet_attribution,14,0.013263819673388024,0.010357507977044737,6.623084317737031,2981.438779421912,0.6382059617026243,3.5264650724778805,0.03320237812306007,0.21,0.0,0.21,0.15810656249076221,6.324848154600967
10,0.12,mixnet_attribution,15,0.013072877535687453,0.010358321754851945,6.621202811439139,2922.155822689707,0.6387597616994753,3.6122204059436633,0.03448752484903361,0.21,0.0,0.21,0.16422630880492198,6.08915835274518
10,0.12,mixnet_attribution,16,0.014874056356977352,0.010366647441288209,6.621152756712898,2906.57373495777,0.6362346690439153,3.488683359344901,0.03301117344169284,0.21,0.0,0.21,0.15719606400806116,6.3614824347556125
10,0.12,mixnet_attribution,17,0.01302374041824812,0.010345464086490966,6.625756426582674,2894.1869464910324,0.6460087640443817,3.579241072913372,0.031363412925968726,0.21,0.0,0.21,0.14934958536175585,6.695699874745493
10,0.12,mixnet_attribution,18,0.013054037644201578,0.010299608958435406,6.627935995117865,2952.2090163934427,0.6368246712663677,3.503423475424167,0.029864065306289097,0.21,0.0,0.21,0.14220983479185284,7.031862469031499
10,0.12,mixnet_attribution,19,0.013552392489400364,0.010349025649340518,6.626929252109857,2944.282101756511,0.6417064568668138,3.5221500967852237,0.031691449709049364,0.21,0.0,0.21,0.15091166528118746,6.626392983847481
10,0.12,mixnet_attribution,20,0.016551827441581787,0.010350203750166,6.626521591058677,2911.855002995806,0.6460543008288369,3.5741258983762085,0.030519965638234017,0.21,0.0,0.21,0.1453331697058763,6.880741691822929
10,0.12,mixnet_attribution,21,0.013061851709565886,0.01034976913550682,6.623755716224316,2988.0675374567804,0.6385228589642793,3.555946332538589,0.031069132979302652,0.21,0.0,0.21,0.14794825228239358,6.75912006105532
10,0.12,mixnet_attribution,22,0.016585365853658537,0.010381226504463293,6.622049623998318,2918.6136585365853,0.6434989295084961,3.5335169542298717,0.03417330995116587,0.21,0.0,0.21,0.16273004738650412,6.145146615885113
10,0.12,mixnet_attribution,23,0.01649232648698175,0.010411774586749615,6.621319808576129,2969.633274795755,0.637762478494551,3.555695083442232,0.033456204820291505,0.21,0.0,0.21,0.15931526104900717,6.2768625768525
10,0.12,mixnet_attribution,24,0.015020482476103778,0.010337240718896926,6.622823245669461,2950.014413594295,0.6349503388628364,3.581060295705761,0.0324343902315965,0.21,0.0,0.21,0.15444947729331668,6.474609157147804
10,0.12,mixnet_attribution,25,0.014035877805299107,0.010322126698965534,6.626497149058585,2919.0447346693686,0.6359650579979643,3.5100693545925674,0.030283014902593088,0.21,0.0,0.21,0.1442048328694909,6.934580347282992
10,0.12,mixnet_attribution,26,0.012862470507648984,0.01034559687841135,6.62144618238577,2960.30032726996,0.640521579189226,3.56808059828252,0.0331800240776775,0.21,0.0,0.21,0.15800011465560715,6.329109331215993
10,0.12,mixnet_attribution,27,0.012873939574341419,0.010310948259702789,6.624382844930112,2894.474028873344,0.6522976512496825,3.5363762755210177,0.03239393642553072,0.21,0.0,0.21,0.15425684012157487,6.482694700681456
10,0.12,mixnet_attribution,28,0.014656144306651634,0.010338297764499276,6.625186599540972,2922.811273957159,0.6558905521815177,3.5841396753682035,0.03177970070183335,0.21,0.0,0.21,0.15133190810396835,6.6079917482635455
10,0.12,mixnet_attribution,29,0.016177259832860537,0.010365130231088223,6.623027283362416,2981.5189756957757,0.6429803478240501,3.5299459964864353,0.032147541545732225,0.21,0.0,0.21,0.15308353117015347,6.532381323817862
10,0.12,mixnet_attribution_oracle,0,0.12031738765545129,0.10380169456747804,3.3608671169476736,2966.891737239643,0.6421134507691022,3.591074922370005,0.036399369873371216,0.21,0.0,0.21,0.17333033273033913,5.7693306431007825
10,0.12,mixnet_attribution_oracle,1,0.12016511236813943,0.10328386243111791,3.3631608524990493,2972.530423482648,0.6412459372950252,3.5563223353921085,0.03335566514979614,0.21,0.0,0.21,0.15883650071331495,6.295782112481227
10,0.12,mixnet_attribution_oracle,2,0.11950257810130421,0.10328205756861442,3.363839879585896,2948.2989839247803,0.6407711207284592,3.573944105297186,0.03301881551657781,0.21,0.0,0.21,0.15723245484084672,6.360010094685709
10,0.12,mixnet_attribution_oracle,3,0.1206896551724138,0.10351931620382954,3.3581212441799235,2954.7453288774113,0.6458915442635771,3.5894902118419854,0.03247618055504539,0.21,0.0,0.21,0.15464847883354949,6.466277635205938
10,0.12,mixnet_attribution_oracle,4,0.11450324136891302,0.1029924588693415,3.3645764851343665,2931.5841248303936,0.6419486622035038,3.5474140931972507,0.030435521651265954,0.21,0.0,0.21,0.14493105548221882,6.899832452560087
10,0.12,mixnet_attribution_oracle,5,0.11982472045935327,0.10290474302194584,3.3666539091780536,2938.6220157147172,0.6435838897014037,3.549703490605514,0.0338584578147954,0.21,0.0,0.21,0.16123075149902572,6.202290758447794
10,0.12,mixnet_attribution_oracle,6,0.12322816643804298,0.10389360750456662,3.3588824517056346,2964.029340039628,0.6385949351242743,3.5185489210249083,0.034964121801464666,0.21,0.0,0.21,0.1664958181022127,6.006156859664154
10,0.12,mixnet_attribution_oracle,7,0.12512315270935961,0.10315680647230413,3.362201926936362,2946.5597574838953,0.6363246005203109,3.523327148366591,0.03235121911535388,0.21,0.0,0.21,0.15405342435882802,6.491254603148295
10,0.12,mixnet_attribution_oracle,8,0.12267033302780324,0.10345801219911431,3.358698787130585,2971.014283531928,0.6494410942250397,3.5399709073005243,0.03553366599192603,0.21,0.0,0.21,0.16920793329488587,5.909888387190791
10,0.12,mixnet_attribution_oracle,9,0.11720413751140858,0.10333367471901585,3.3612100789762054,2958.076741709766,0.6407569424191024,3.577063809113058,0.02991693868690722,0.21,0.0,0.21,0.1424616127947963,7.019434782339675
10,0.12,mixnet_attribution_oracle,10,0.11838077747168656,0.10295234122901761,3.365768690876271,2976.0256351392713,0.6427002776472364,3.5402418205270405,0.03359956790650747,0.21,0.0,0.21,0.15999794241194035,6.2500803755672045
10,0.12,mixnet_attribution_oracle,11,0.1202824815855418,0.1029123873755142,3.366426610062728,2952.9985572177084,0.643331159139052,3.605191176999458,0.031234224297075674,0.21,0.0,0.21,0.14873440141464608,6.723394120585264
10,0.12,mixnet_attribution_oracle,12,0.12558139534883722,0.10362455025907623,3.359926072253075,2917.633008252063,0.6441528800933156,3.581560557674048,0.033704294588890245,0.21,0.0,0.21,0.16049664089947735,6.2306599963442375
10,0.12,mixnet_attribution_oracle,13,0.1221850273889227,0.10408606526726633,3.3527326249765244,2958.700547778454,0.6474620554945432,3.570708385378491,0.03557414452193216,0.21,0.0,0.21,0.16940068819967696,5.903163739342512
10,0.12,mixnet_attribution_oracle,14,0.12225851609892674,0.10339905146374793,3.3574990859656246,3024.978612536942,0.6442974843957927,3.5725160002362633,0.03309679494991262,0.21,0.0,0.21,0.1576037854757744,6.345025260536728
10,0.12,mixnet_attribution_oracle,15,0.12680334092634776,0.10384123628124137,3.3562480227696803,2952.9249050873195,0.6403350637701806,3.5331591437335153,0.03285888928884549,0.21,0.0,0.21,0.15647090137545472,6.390964653552306
10,0.12,mixnet_attribution_oracle,16,0.12582731076454926,0.10432835952735973,3.3553402796056484,2958.4336249524536,0.6446048501529731,3.581629242883055,0.03357070564122086,0.21,0.0,0.21,0.15986050305343266,6.255453854450554
10,0.12,mixnet_attribution_oracle,17,0.12378175120865628,0.10357355859997346,3.3599155336737203,2983.955720973064,0.642607615533052,3.5488892694796084,0.032388887777033346,0.21,0.0,0.21,0.15423279893825403,6.483705196845599
10,0.12,mixnet_attribution_oracle,18,0.12109872015567696,0.1028751450466567,3.36313882371882,2910.404984656837,0.6443243858520873,3.5550278551662418,0.03201153246358784,0.21,0.0,0.21,0.1524358688742278,6.560135796025033
10,0.12,mixnet_attribution_oracle,19,0.12249643687645338,0.10384169664741102,3.356805874931016,2917.388868051909,0.6398788387305103,3.5071162374442157,0.03288750114878379,0.21,0.0,0.21,0.15660714832754186,6.385404566006864
10,0.12,mixnet_attribution_oracle,20,0.12495211828698384,0.10281733013199068,3.3689003656633525,2980.2861411169847,0.6349264478485566,3.5273943225285933,0.034494889379277305,0.21,0.0,0.21,0.1642613779965586,6.087858340144637
10,0.12,mixnet_attribution_oracle,21,0.1199695701787752,0.10328523113816769,3.3629399609547654,2958.6585013313047,0.6426414009765722,3.5491761092067566,0.036107411156101964,0.21,0.0,0.21,0.17194005312429508,5.815980522450475
10,0.12,mixnet_attribution_oracle,22,0.11570684579968299,0.10393264455575595,3.3556784491970344,2936.0864216167256,0.6480674337071832,3.5658248174524405,0.0338826570221829,0.21,0.0,0.21,0.16134598581991857,6.197861043262146
10,0.12,mixnet_attribution_oracle,23,0.11830749255327275,0.10295309688503321,3.3648464782216068,2970.3047429924386,0.6401610181492288,3.5976848458639763,0.030985765081530465,0.21,0.0,0.21,0.14755126229300222,6.777305625581396
10,0.12,mixnet_attribution_oracle,24,0.11836392718409627,0.10273973282053467,3.3671394942903756,2962.360728159037,0.6412001482676715,3.521272978664007,0.030715549532890456,0.21,0.0,0.21,0.14626452158519265,6.836927979267645
10,0.12,mixnet_attribution_oracle,25,0.11506180375400579,0.10361941875613394,3.357686342929367,2966.6551960933925,0.6381148279178888,3.5680501040828445,0.03345299040461652,0.21,0.0,0.21,0.15929995430769772,6.2774657051592
10,0.12,mixnet_attribution_oracle,26,0.11789591913141145,0.10325581921882103,3.362012941128133,2911.44642456009,0.6410098192864098,3.541762409071807,0.03210543750854298,0.21,0.0,0.21,0.15288303575496656,6.540948085324201
10,0.12,mixnet_attribution_oracle,27,0.12831519239613676,0.10361945968899401,3.364837144773069,2980.7985589452705,0.6467717714840546,3.5991668014743174,0.034498044717962396,0.21,0.0,0.21,0.16427640341886857,6.087301518588892
10,0.12,mixnet_attribution_oracle,28,0.11824582886881983,0.10299720069295903,3.3664282193184816,2976.3022348078985,0.6434101859049406,3.6018297613619357,0.032389794737685114,0.21,0.0,0.21,0.15423711779850055,6.483523643812033
10,0.12,mixnet_attribution_oracle,29,0.11834723275208492,0.1027974031332333,3.3643877488238796,2949.073313115997,0.6358030074916314,3.501745917780233,0.03096966757100236,0.21,0.0,0.21,0.1474746074809636,6.780828354664937
10,0.25,mixnet_attribution,0,0.010816944024205749,0.010108127707614604,6.642495502897662,2941.748865355522,1.0704448130272795,5.2457702703332,0.03636398498215252,0.4375,0.0,0.4375,0.08311767995920576,12.031134657401422
10,0.25,mixnet_attribution,1,0.012259326113116727,0.010099011454546114,6.642287069412963,2925.641170276775,1.0629233228391968,5.262520297074918,0.03088313376993191,0.4375,0.0,0.4375,0.07059002004555866,14.166308486023974
10,0.25,mixnet_attribution,2,0.011042202389956134,0.010085697446300857,6.642755477791295,2941.813038874603,1.0599708732916042,5.196599557417629,0.031836478807140155,0.4375,0.0,0.4375,0.07276909441632036,13.742097631157604
10,0.25,mixnet_attribution,3,0.010701275045537341,0.010083777988379047,6.643644995790342,2951.8841833636916,1.0608197373512667,5.251453068370137,0.03276943594615258,0.4375,0.0,0.4375,0.07490156787692018,13.350855373858407
10,0.25,mixnet_attribution,4,0.012417657302945407,0.010094285199716863,6.643603138515836,2945.2374498372074,1.0602338895841967,5.173263036934086,0.03259567320449736,0.4375,0.0,0.4375,0.07450439589599397,13.422026821021028
10,0.25,mixnet_attribution,5,0.014618758174963453,0.01009911539059192,6.643411408128147,2992.1857351696544,1.0642885890847538,5.301970832855167,0.03235734383911084,0.4375,0.0,0.4375,0.07395964306082478,13.520887319285668
10,0.25,mixnet_attribution,6,0.01283324421358185,0.010106899722494993,6.641880566130047,2970.676648078833,1.0619287300214637,5.192582086888092,0.03313439531721197,0.4375,0.0,0.4375,0.07573576072505593,13.20380214612628
10,0.25,mixnet_attribution,7,0.01187756966651439,0.010093455740196752,6.6438752158172845,2962.3086645347953,1.0659946661035065,5.197163855053918,0.0305488392042488,0.4375,0.0,0.4375,0.06982591818114012,14.32132975904209
10,0.25,mixnet_attribution,8,0.010003818251240932,0.010101889333886675,6.642252592828735,2970.3194348988163,1.078328417323064,5.282798814681544,0.03548296281043386,0.4375,0.0,0.4375,0.08110391499527739,12.32986101914105
10,0.25,mixnet_attribution,9,0.012755881454323251,0.010098725253966188,6.6425086292205435,2970.469599755576,1.063422939623706,5.252025542700488,0.030765094733376214,0.4375,0.0,0.4375,0.07032021653343135,14.220661557897566
10,0.25,mixnet_attribution,10,0.010778806740549568,0.010072872396543635,6.644651670175837,2952.3708061332927,1.06073057820322,5.278662965230782,0.028867548971486093,0.4375,0.0,0.4375,0.0659829690776825,15.155425922448089
10,0.25,mixnet_attribution,11,0.01262606821156363,0.010105119995264148,6.641308373385641,2993.5731773038724,1.0669468449777924,5.192424203559002,0.03075436880000348,0.4375,0.0,0.4375,0.07029570011429367,14.225621174184218
10,0.25,mixnet_attribution,12,0.012095554883580285,0.010113697096442286,6.642201467688094,2940.94685515573,1.0675672990328167,5.246458120119395,0.03261354475092437,0.4375,0.0,0.4375,0.07454524514496999,13.414671828569013
10,0.25,mixnet_attribution,13,0.01310483870967742,0.010075034862399359,6.644925743801474,3015.414779776675,1.0504912416217849,5.177838939721292,0.03164926010617237,0.4375,0.0,0.4375,0.07234116595696541,13.823387925415576
10,0.25,mixnet_attribution,14,0.013841356757167845,0.010119973778088253,6.641970408187231,2957.382842801734,1.0658262744836975,5.231853435739897,0.033745158225151506,0.4375,0.0,0.4375,0.07713179022891772,12.96482289639748
10,0.25,mixnet_attribution,15,0.011656441717791411,0.01009012663798998,6.642642745066124,2982.8336656441716,1.0616036847350188,5.166569747721655,0.03531561813800889,0.4375,0.0,0.4375,0.08072141288687747,12.388286629737198
10,0.25,mixnet_attribution,16,0.00946514423076923,0.010074635088133974,6.644572222254364,2921.5966045673076,1.054164618224604,5.234891719525069,0.030719931771433437,0.4375,0.0,0.4375,0.07021698690613357,14.24156808859949
10,0.25,mixnet_attribution,17,0.011821232458816352,0.01006943348548226,6.644596899286115,2966.3040726052473,1.0628789609181695,5.178771942674868,0.03300065237884109,0.4375,0.0,0.4375,0.07543006258020821,13.257313673002123
10,0.25,mixnet_attribution,18,0.011277049679975617,0.010095472563627386,6.6411617716111735,2963.6137610484607,1.0667175201815553,5.1953197808849065,0.03313259037348312,0.4375,0.0,0.4375,0.07573163513938999,13.204521441527334
10,0.25,mixnet_attribution,19,0.01267255035075809,0.010089614154747016,6.6434567021575,2933.595685298333,1.0648138019896578,5.214331170045894,0.034040644397295504,0.4375,0.0,0.4375,0.0778071871938183,12.852283138175814
10,0.25,mixnet_attribution,20,0.010404712722821513,0.010120371223309043,6.640625487056754,2974.6056154846606,1.063567687611794,5.235607257178312,0.03530047599819406,0.4375,0.0,0.4375,0.08068680228158642,12.393600585510011
10,0.25,mixnet_attribution,21,0.013357758949698496,0.010091883494249979,6.643464046999003,2968.5146172047935,1.0698565289494582,5.218560053547928,0.03349432600498896,0.4375,0.0,0.4375,0.07655845943997476,13.061913827877433
10,0.25,mixnet_attribution,22,0.009736369083283403,0.010086624678904674,6.64345164006416,2913.5001497902936,1.062482715031365,5.21044435878958,0.032163906986867254,0.4375,0.0,0.4375,0.073517501684268,13.602203245353069
10,0.25,mixnet_attribution,23,0.012143290831815421,0.010110603015745867,6.642254006154071,2952.1604432301156,1.06296391133219,5.192141408943105,0.03260203292635091,0.4375,0.0,0.4375,0.0745189324030878,13.419408568426615
10,0.25,mixnet_attribution,24,0.01136623693645587,0.010103982084392615,6.641823583975785,2966.725608360668,1.0692960933956783,5.234945545154855,0.033682490499113024,0.4375,0.0,0.4375,0.07698854971225834,12.988944508468602
10,0.25,mixnet_attribution,25,0.009191176470588236,0.010079064416598444,6.643926584626064,2978.3503370098038,1.0649465666501783,5.127083067086232,0.031149156953570775,0.4375,0.0,0.4375,0.0711980730367332,14.045323944147622
10,0.25,mixnet_attribution,26,0.012434205507666489,0.010108464242590435,6.640759691839167,2966.680295979861,1.0608571047487203,5.19800114467688,0.03303661749035907,0.4375,0.0,0.4375,0.07551226854939216,13.242881179578196
10,0.25,mixnet_attribution,27,0.010477210156011012,0.010063527272478492,6.645394510621713,2973.667482410523,1.065805018733954,5.255628794501835,0.033170091716840565,0.4375,0.0,0.4375,0.07581735249563558,13.189592713060838
10,0.25,mixnet_attribution,28,0.013514539518639436,0.010091038052199934,6.644751942647615,2952.8154278338775,1.0592826163338032,5.202511646258289,0.03046726918366286,0.4375,0.0,0.4375,0.06963947241980083,14.359672255582261
10,0.25,mixnet_attribution,29,0.011912891721678427,0.010113680459641578,6.642684366711619,2951.1188254040517,1.06937758330605,5.234233149975837,0.03317829954615863,0.4375,0.0,0.4375,0.07583611324836258,13.18632979943222
10,0.25,mixnet_attribution_oracle,0,0.11446243127672572,0.10168301708425098,3.371573112746561,2969.9648747709225,1.0665394325915258,5.307259646634472,0.03580454300777449,0.4375,0.0,0.4375,0.08183895544634169,12.219119788933002
10,0.25,mixnet_attribution_oracle,1,0.10968081903041253,0.1011048926369736,3.3789427711430466,2927.7693465823545,1.0619816652615555,5.208738646466782,0.03162392246972404,0.4375,0.0,0.4375,0.07228325135936924,13.834463464133888
10,0.25,mixnet_attribution_oracle,2,0.10902026512265732,0.10112105060555779,3.377883616343451,2962.514551272284,1.0720300154353026,5.175875451743222,0.030090807476721024,0.4375,0.0,0.4375,0.06877898851821948,14.539324022409852
10,0.25,mixnet_attribution_oracle,3,0.11066005112013232,0.10088751368450712,3.381790300500934,2923.400917155315,1.0732179454062134,5.347844392556562,0.03175628069958836,0.4375,0.0,0.4375,0.07258578445620197,13.776802269091641
10,0.25,mixnet_attribution_oracle,4,0.11159474671669793,0.1004836053794027,3.3863415799654586,2918.925403377111,1.0675727819325402,5.284738444746986,0.0327927920607297,0.4375,0.0,0.4375,0.07495495328166789,13.341346451677065
10,0.25,mixnet_attribution_oracle,5,0.11341222879684418,0.1007877372549537,3.381660660826093,2951.1398877256865,1.0623319954320323,5.182288046586226,0.03470559003253984,0.4375,0.0,0.4375,0.07932706293151963,12.60603838141929
10,0.25,mixnet_attribution_oracle,6,0.11612657262676325,0.10087467367682834,3.383206661253647,2965.5605794891344,1.0647612115717493,5.204414870950837,0.033154183950309384,0.4375,0.0,0.4375,0.07578099188642144,13.19592123442741
10,0.25,mixnet_attribution_oracle,7,0.1062406015037594,0.10064697297642633,3.384388162203247,2924.7545864661656,1.0654632335936185,5.227341818489779,0.0316204594101172,0.4375,0.0,0.4375,0.0722753357945536,13.835978608837626
10,0.25,mixnet_attribution_oracle,8,0.11053925334152712,0.10132839653841691,3.3775525736925878,2988.373406053157,1.0616943678469397,5.185832677389445,0.03319678728838668,0.4375,0.0,0.4375,0.07587837094488384,13.178986153068244
10,0.25,mixnet_attribution_oracle,9,0.11320896645103054,0.10083018954019754,3.380556533942056,2924.749134948097,1.0649573554110248,5.283515831434759,0.03420002281469089,0.4375,0.0,0.4375,0.07817148071929346,12.79238912706422
10,0.25,mixnet_attribution_oracle,10,0.10797657972777736,0.10071321502852233,3.3823050518518727,2956.927229868451,1.0723263830295764,5.244289345331359,0.033780155649251575,0.4375,0.0,0.4375,0.07721178434114646,12.951390885899993
10,0.25,mixnet_attribution_oracle,11,0.11272423228944968,0.10114319326134466,3.3764866272166674,2956.2907418668287,1.0700108007004019,5.158323742783055,0.03407246925794866,0.4375,0.0,0.4375,0.07787992973245407,12.840278662748725
10,0.25,mixnet_attribution_oracle,12,0.11713551119177254,0.10121035725919311,3.3799455255785933,2940.5722171808834,1.0579349827312399,5.15392889520234,0.0318091424608928,0.4375,0.0,0.4375,0.07270661133918355,13.75390740375591
10,0.25,mixnet_attribution_oracle,13,0.11257107730136776,0.100975682571678,3.3806694947907365,2988.7292146918703,1.0653471207479015,5.255796150492209,0.03304850883811085,0.4375,0.0,0.4375,0.0755394487728248,13.238116192869922
10,0.25,mixnet_attribution_oracle,14,0.11089273565651221,0.10042895237191982,3.387632456329995,2940.3262529291706,1.058902571850922,5.155130161304147,0.03273925758947227,0.4375,0.0,0.4375,0.07483258877593661,13.363161910570744
10,0.25,mixnet_attribution_oracle,15,0.11171432940816639,0.10101937808962237,3.380816365079375,2974.0571188255085,1.0654879199864808,5.229686816033446,0.03251027118065196,0.4375,0.0,0.4375,0.07430919127006162,13.45728547045686
10,0.25,mixnet_attribution_oracle,16,0.10819993959528844,0.10088815871849093,3.3803364769315576,2937.027635155542,1.058108698518481,5.246074939692799,0.03497757041238317,0.4375,0.0,0.4375,0.07994873237116153,12.508015703832623
10,0.25,mixnet_attribution_oracle,17,0.11177178985398163,0.10060595799878365,3.381917422391723,2926.90885142255,1.069248795916792,5.309680657755628,0.0323784904242336,0.4375,0.0,0.4375,0.07400797811253394,13.512056747171702
10,0.25,mixnet_attribution_oracle,18,0.10914988308063664,0.10069058255360916,3.3844142130803814,2934.585954590028,1.0583333633840084,5.195509432840923,0.03391847140360123,0.4375,0.0,0.4375,0.07752793463680281,12.898576554176593
10,0.25,mixnet_attribution_oracle,19,0.10645509166538283,0.100545002587328,3.3853389923543338,2995.619935295024,1.0623391903936863,5.2488848176024625,0.034080692208143554,0.4375,0.0,0.4375,0.07789872504718527,12.837180575089954
10,0.25,mixnet_attribution_oracle,20,0.11090040203292119,0.10108897952323993,3.3770598079398138,2950.3380869301373,1.0607089840632398,5.201821382635506,0.02998213341944933,0.4375,0.0,0.4375,0.06853059067302704,14.592023652199309
10,0.25,mixnet_attribution_oracle,21,0.10779661016949152,0.10117430323807575,3.3773720432915004,2930.62131826742,1.0658022799470928,5.252061321644683,0.031383171410312286,0.4375,0.0,0.4375,0.07173296322357094,13.940592372899593
10,0.25,mixnet_attribution_oracle,22,0.10824033022473628,0.10064603542846959,3.3806014690538957,2972.382051674056,1.0627809030702338,5.234122352617914,0.03140288264030846,0.4375,0.0,0.4375,0.07177801746356219,13.931842022631034
10,0.25,mixnet_attribution_oracle,23,0.11430098495838742,0.10103095224353822,3.381057300187,2969.17355119493,1.0545454400707968,5.206529112732832,0.03199701778481062,0.4375,0.0,0.4375,0.0731360406509957,13.673149258543921
10,0.25,mixnet_attribution_oracle,24,0.11001133358519079,0.10098108822963046,3.3795857410941506,2938.6073290517566,1.0635077240585815,5.274693773615528,0.03353829693613808,0.4375,0.0,0.4375,0.07665896442545847,13.044788792736414
10,0.25,mixnet_attribution_oracle,25,0.11223876108855811,0.10074253875684666,3.383805964619328,2923.2587580814916,1.0607540602213703,5.190048846134761,0.03486979401716364,0.4375,0.0,0.4375,0.07970238632494546,12.546675778602344
10,0.25,mixnet_attribution_oracle,26,0.11083502748287026,0.10079009374910794,3.380478177706136,2928.7354114900986,1.0639571209030692,5.244135299671988,0.03172375719220115,0.4375,0.0,0.4375,0.07251144501074548,13.790926382060237
10,0.25,mixnet_attribution_oracle,27,0.10424592908233146,0.10038790922443104,3.3843740237054174,2958.8893623497183,1.0715208576293662,5.321124072167758,0.03445520071075914,0.4375,0.0,0.4375,0.07875474448173517,12.69764769831639
10,0.25,mixnet_attribution_oracle,28,0.11421822615056386,0.10088165370876082,3.3793550183068297,2963.0574519963425,1.0701302094967104,5.215028586701306,0.03511017613260066,0.4375,0.0,0.4375,0.08025183116023007,12.460774857627971
10,0.25,mixnet_attribution_oracle,29,0.11465212716940562,0.10020136815616135,3.38961880644397,2987.1856857625557,1.0682758252951317,5.3352882934621935,0.03160845885120177,0.4375,0.0,0.4375,0.07224790594560404,13.841231616497053
10,0.5,mixnet_attribution,0,0.010134883374319994,0.010026765876187496,6.6479958141315345,2898.29883001714,1.8786787268181797,8.468479665978247,0.0327739786725672,0.875,0.0,0.875,0.03745597562579108,26.69800968450624
10,0.5,mixnet_attribution,1,0.014651180444849313,0.010035770487326649,6.648676808053543,2951.966674257952,1.87345157834352,8.425661436852973,0.031931042561843204,0.875,0.0,0.875,0.036492620070677946,27.402800842012063
10,0.5,mixnet_attribution,2,0.01083615124500461,0.010022324347165034,6.648696892858143,2988.270212111897,1.8713238070777152,8.306951478940483,0.03437387517159308,0.875,0.0,0.875,0.03928442876753495,25.455378412589017
10,0.5,mixnet_attribution,3,0.011307953260459858,0.01003780646002055,6.647670141252084,2931.2695816057294,1.8737932746880688,8.463177338276488,0.03187726398968071,0.875,0.0,0.875,0.03643115884534938,27.449030766356064
10,0.5,mixnet_attribution,4,0.010833333333333334,0.01002069116919869,6.649090187723932,2945.8178787878787,1.8764383649686351,8.41920248677464,0.03187970728441824,0.875,0.0,0.875,0.036433951182192274,27.44692704338824
10,0.5,mixnet_attribution,5,0.011835229019366738,0.010022809464876449,6.648297880760785,2989.575238241623,1.8821574043831788,8.425007837922593,0.03402659687372325,0.875,0.0,0.875,0.038887539284255146,25.71517813689183
10,0.5,mixnet_attribution,6,0.012204424103737605,0.01004469270912627,6.6473872087262045,2966.4549199084668,1.8737865997245535,8.414136734119314,0.03163019284883246,0.875,0.0,0.875,0.03614879182723709,27.663441831727507
10,0.5,mixnet_attribution,7,0.011591550369861968,0.010026446497797152,6.649442391239372,2965.990391214825,1.8704245878907386,8.387433131213726,0.032307657628976076,0.875,0.0,0.875,0.03692303729025837,27.083362404312172
10,0.5,mixnet_attribution,8,0.010311606202017161,0.010025456171652843,6.648734714978945,2927.150986000301,1.8697364234540146,8.414303304133167,0.03401549577888619,0.875,0.0,0.875,0.038874852318727074,25.723570389443584
10,0.5,mixnet_attribution,9,0.012987012987012988,0.010002772421929335,6.651500508553245,2919.874709105923,1.8774156052677426,8.518471004269278,0.031424054831307884,0.875,0.0,0.875,0.035913205521494726,27.84491068059857
10,0.5,mixnet_attribution,10,0.011694130154149898,0.01001515392272845,6.65032682367921,2953.919280127572,1.8763421459880192,8.505467595410586,0.03372775580453607,0.875,0.0,0.875,0.03854600663375551,25.943024643291587
10,0.5,mixnet_attribution,11,0.010207911131126624,0.010038522986804521,6.646687534420562,2918.6525557306913,1.8732005495403428,8.393106248898556,0.03562755737115691,0.875,0.0,0.875,0.04071720842417932,24.559640473932014
10,0.5,mixnet_attribution,12,0.009549795361527967,0.010029158782458164,6.64823109470134,2947.556844020009,1.8802628978155553,8.531912646899247,0.03255090592549578,0.875,0.0,0.875,0.03720103534342375,26.880972283928006
10,0.5,mixnet_attribution,13,0.009434674315042645,0.010027973739873191,6.648194834681818,2935.8608196845043,1.8733239274006337,8.523919007198632,0.03384743901804794,0.875,0.0,0.875,0.03868278744919764,25.8512911282132
10,0.5,mixnet_attribution,14,0.012602153822653327,0.010024137795482035,6.650034221572728,2970.5176812036966,1.877983246493386,8.474122929733625,0.03340171270726829,0.875,0.0,0.875,0.03817338595116376,26.196261481214343
10,0.5,mixnet_attribution,15,0.011043037591710159,0.01003512291963644,6.647455955522456,2941.0933363588233,1.8700695138832089,8.35090808295674,0.03273215633584648,0.875,0.0,0.875,0.037408178669538834,26.732122107144757
10,0.5,mixnet_attribution,16,0.01063264221158958,0.010038165883993852,6.64689713732894,2953.376167691957,1.8806602994154673,8.584065320107529,0.03473586812869687,0.875,0.0,0.875,0.03969813500422499,25.19010023754446
10,0.5,mixnet_attribution,17,0.013681783243658725,0.010041369812817485,6.647083799380753,2989.639431206764,1.8726273754436988,8.533039149878213,0.03194130792943094,0.875,0.0,0.875,0.03650435191934964,27.39399406978476
10,0.5,mixnet_attribution,18,0.007777354174609226,0.010046469758067646,6.645619160151177,2966.009378574152,1.8745158005913254,8.545727550390161,0.035733963192105735,0.875,0.0,0.875,0.04083881507669227,24.48650868351773
10,0.5,mixnet_attribution,19,0.009823332318001827,0.010030581983885562,6.647376691308532,2962.1057721596103,1.8763679107069038,8.541062397466758,0.03216766713867537,0.875,0.0,0.875,0.036763048158486133,27.201226505728872
10,0.5,mixnet_attribution,20,0.01005811354492624,0.010015063747148039,6.6503846415966725,2897.505364327224,1.8771964127372485,8.388066719992537,0.03417715255282201,0.875,0.0,0.875,0.03905960291751087,25.601898772803153
10,0.5,mixnet_attribution,21,0.014221270739353161,0.010031851472461205,6.647614692882569,2973.261717256671,1.8828523863048758,8.519822934398128,0.03254579694559172,0.875,0.0,0.875,0.03719519650924768,26.885192009978343
10,0.5,mixnet_attribution,22,0.010774717353365203,0.010031606621417045,6.6476351781837275,2950.70415054253,1.8780624870560132,8.420760555242152,0.030680013996535825,0.875,0.0,0.875,0.03506287313889809,28.52019559374383
10,0.5,mixnet_attribution,23,0.010871993447017649,0.010029040311800151,6.648040118524987,2896.001116985628,1.8773636957921553,8.615331341631876,0.03361735255004546,0.875,0.0,0.875,0.038419831485766234,26.02822452176761
10,0.5,mixnet_attribution,24,0.012517802263698374,0.010025337189794332,6.649402753287855,2914.5769432576267,1.8744349082990084,8.629726013755416,0.03284079124876304,0.875,0.0,0.875,0.03753233285572919,26.643694220764466
10,0.5,mixnet_attribution,25,0.011563332065424115,0.010039896114935054,6.6462411171114315,2959.3027006466336,1.8748259668936953,8.578770043935224,0.031082634392226652,0.875,0.0,0.875,0.03552301073397331,28.150767047558418
10,0.5,mixnet_attribution,26,0.011152136236907542,0.010019940103697968,6.649797492488878,2930.6334111973474,1.875887444242835,8.526600157020207,0.03163144464225159,0.875,0.0,0.875,0.03615022244828753,27.662347069384936
10,0.5,mixnet_attribution,27,0.011811023622047244,0.010037855251434687,6.647354560685201,2944.709267110842,1.8729987408441957,8.4653039059727,0.03402748337229165,0.875,0.0,0.875,0.038888552425476175,25.714508194058997
10,0.5,mixnet_attribution,28,0.009604562167029339,0.010023407699283143,6.649580960482106,2918.5588654610942,1.8838847963197622,8.421665308829375,0.032945611877683634,0.875,0.0,0.875,0.03765212786020987,26.558923939509487
10,0.5,mixnet_attribution,29,0.009887330420786388,0.010024830033726694,6.647848220368697,2980.6380010730436,1.8739392133138608,8.437975211002751,0.03246539350007436,0.875,0.0,0.875,0.03710330685722784,26.951775588304386
10,0.5,mixnet_attribution_oracle,0,0.10059934754570973,0.10067956836518441,3.3800873717969346,2949.739701084895,1.8707581661874428,8.37450488781434,0.03232864453065634,0.875,0.0,0.875,0.0369470223207501,27.065780601171266
10,0.5,mixnet_attribution_oracle,1,0.10502421307506053,0.10018448363851128,3.387022737510171,2943.4582324455205,1.875472520943731,8.457870434411076,0.03344346595316975,0.875,0.0,0.875,0.03822110394647971,26.16355617044136
10,0.5,mixnet_attribution_oracle,2,0.09852064131360855,0.10061617148934329,3.3828381098989326,3012.2968011772905,1.876054220891092,8.447805512604369,0.03246241088188389,0.875,0.0,0.875,0.037099898150724446,26.954251894097805
10,0.5,mixnet_attribution_oracle,3,0.10456915056731064,0.1002138213970784,3.387801371762176,2982.2466268015946,1.879227697092574,8.586494815976108,0.036747804920898804,0.875,0.0,0.875,0.04199749133817006,23.810946038368122
10,0.5,mixnet_attribution_oracle,4,0.10516590961582878,0.10055657526578896,3.383983412092961,2993.995303718531,1.8826532381935976,8.47795468128005,0.03200254841157564,0.875,0.0,0.875,0.03657434104180073,27.341572575623502
10,0.5,mixnet_attribution_oracle,5,0.09877011843303977,0.1001226521401106,3.3875018658396794,2952.4024445794107,1.8660789846326225,8.40289945783125,0.02981671691573642,0.875,0.0,0.875,0.034076247903698766,29.345953898036296
10,0.5,mixnet_attribution_oracle,6,0.10606868194624229,0.09991075707141531,3.3892877004897195,2961.301682783827,1.8791732010431588,8.496078912972319,0.033261928634651015,0.875,0.0,0.875,0.038013632725315445,26.30635191395541
10,0.5,mixnet_attribution_oracle,7,0.10231370192307693,0.09997872271566112,3.388016303620596,2921.0812049278848,1.8793390306818765,8.40955834193478,0.0347828884330326,0.875,0.0,0.875,0.039751872494894404,25.156047683752174
10,0.5,mixnet_attribution_oracle,8,0.11017013809414816,0.09961645784483036,3.3940163616595855,2967.8226901655603,1.8776848016132135,8.425557092940874,0.03352031721856212,0.875,0.0,0.875,0.03830893396407099,26.10357158301182
10,0.5,mixnet_attribution_oracle,9,0.1042001377094331,0.1006131768101469,3.3804612570228385,2974.76000306021,1.8764484494167846,8.600418696163898,0.029373730406105247,0.875,0.0,0.875,0.03356997760697743,29.78852150893758
10,0.5,mixnet_attribution_oracle,10,0.0995112265159615,0.0996263705607411,3.3955684499695558,2970.034061402169,1.872887259873096,8.567836964551363,0.031444844766543564,0.875,0.0,0.875,0.03593696544747836,27.826500861946553
10,0.5,mixnet_attribution_oracle,11,0.10856444342577737,0.10041423708630258,3.3828011624735743,2971.256322102529,1.877819136105245,8.493569804773951,0.03243764140472242,0.875,0.0,0.875,0.03707159017682562,26.97483423910758
10,0.5,mixnet_attribution_oracle,12,0.10925828114389195,0.1005853416334258,3.382333555492804,2934.6541160491965,1.8733104785205796,8.496716094614516,0.031937732686048666,0.875,0.0,0.875,0.03650026592691276,27.39706066806131
10,0.5,mixnet_attribution_oracle,13,0.10293674698795181,0.09999105751577246,3.3898835966553262,2928.721686746988,1.875204578624107,8.454555251053254,0.03225913391666627,0.875,0.0,0.875,0.03686758161904717,27.12410079763308
10,0.5,mixnet_attribution_oracle,14,0.10302620710370204,0.10030372469571358,3.3855167867800513,2921.4143575880453,1.8753672488674056,8.512868327014875,0.035409156441129463,0.875,0.0,0.875,0.04046760736129081,24.711122431136054
10,0.5,mixnet_attribution_oracle,15,0.10339293901879872,0.10060279697363542,3.3825576205705388,2971.1963930918537,1.8744559951592237,8.407161403569665,0.03350599794764928,0.875,0.0,0.875,0.03829256908302775,26.114727320377824
10,0.5,mixnet_attribution_oracle,16,0.1068418254992786,0.10093462073102152,3.3779015856905588,2953.1401776900298,1.8831470615405124,8.444732660529864,0.036495042947019045,0.875,0.0,0.875,0.04170862051087891,23.975858893227333
10,0.5,mixnet_attribution_oracle,17,0.09652714589020321,0.09979077301887648,3.3907274666907643,2948.9890809827116,1.8803469838749152,8.417083221298345,0.032097083860201256,0.875,0.0,0.875,0.03668238155451572,27.261043520684296
10,0.5,mixnet_attribution_oracle,18,0.10149915863545969,0.1001435690556812,3.387745026660812,2974.6377543215544,1.8788323623302858,8.464882566106578,0.03024633482310205,0.875,0.0,0.875,0.03456723979783092,28.929124970595705
10,0.5,mixnet_attribution_oracle,19,0.10172978739617465,0.10021423489768207,3.386604718927314,2964.4274175112396,1.8780945024918765,8.428109210079649,0.033855480479502265,0.875,0.0,0.875,0.03869197769085973,25.84515084728356
10,0.5,mixnet_attribution_oracle,20,0.10487032569360676,0.10058597548344332,3.382096675377166,2931.997361278649,1.8776472515892237,8.457845911257452,0.03094591098654856,0.875,0.0,0.875,0.03536675541319836,28.27514111251536
10,0.5,mixnet_attribution_oracle,21,0.10274443849858574,0.09983286336728221,3.3895925367625144,2973.081798027674,1.8732415356789716,8.369556311878327,0.0345671130541823,0.875,0.0,0.875,0.03950527206192263,25.313077161765843
10,0.5,mixnet_attribution_oracle,22,0.10502869223799456,0.10017696616186604,3.3865434217055084,2936.7249320446995,1.882246199704241,8.480579399085805,0.030702922310653226,0.875,0.0,0.875,0.03508905406931797,28.49891587343771
10,0.5,mixnet_attribution_oracle,23,0.10437002552935876,0.10013729482704851,3.3886024379570063,2919.975596936477,1.880922144599026,8.577072923920797,0.03160612844640696,0.875,0.0,0.875,0.03612128965303652,27.68450433540751
10,0.5,mixnet_attribution_oracle,24,0.10345085710008234,0.0998175070430794,3.390836910068879,2911.0130249270155,1.8762231739237905,8.49544974981712,0.0341351048325451,0.875,0.0,0.875,0.039011548380051546,25.633435265321268
10,0.5,mixnet_attribution_oracle,25,0.10533536585365853,0.10092191108608486,3.379755456737494,2964.094893292683,1.882199419225799,8.4024166396235,0.032107425484098936,0.875,0.0,0.875,0.03669420055325593,27.25226288957176
10,0.5,mixnet_attribution_oracle,26,0.10811841904471235,0.10010284998401656,3.3891521098840602,2967.241416145277,1.8843497890920844,8.363954129858618,0.035092168299385565,0.875,0.0,0.875,0.040105335199297786,24.934338412349415
10,0.5,mixnet_attribution_oracle,27,0.10296923898939012,0.09997392686115324,3.3922270671309307,2968.3966872757806,1.8802798390970565,8.601462492780268,0.03271503098682337,0.875,0.0,0.875,0.03738860684208385,26.74611558070734
10,0.5,mixnet_attribution_oracle,28,0.10640852468857871,0.10000812141695059,3.388092629891089,2919.4665315923758,1.8800596146611497,8.488677386233654,0.03280164708195348,0.875,0.0,0.875,0.0374875966650897,26.675489734215198
10,0.5,mixnet_attribution_oracle,29,0.10281499322595213,0.09941838658358232,3.3964363527225063,2926.6884690651814,1.887193220172776,8.479519955377807,0.033839019398803245,0.875,0.0,0.875,0.03867316502720371,25.857723289432712
10,1.0,mixnet_attribution,0,0.01116293294594388,0.009997068623468868,6.650578903177367,2974.1582689808088,3.50516109081218,14.80880099576271,0.03178580306047359,1.75,0.0,1.75,0.01816331603455634,55.05602600854741
10,1.0,mixnet_attribution,1,0.009602926606203795,0.009992106682524296,6.651538556797109,2963.89573965399,3.5095169878622983,14.948569459366714,0.035799175817999906,1.75,0.0,1.75,0.020456671895999947,48.883806959603135
10,1.0,mixnet_attribution,2,0.01176381299332119,0.010005384193622626,6.649649974775582,2951.5428051001822,3.5055872083466966,14.925161468149229,0.029473346950899506,1.75,0.0,1.75,0.016841912543371147,59.37567942030388
10,1.0,mixnet_attribution,3,0.01209281233466858,0.010013251748084019,6.648779836190472,2939.910286448492,3.492968426900916,14.925387100775819,0.03307756379124388,1.75,0.0,1.75,0.01890146502356793,52.905951932991236
10,1.0,mixnet_attribution,4,0.011090295991007868,0.010004389285220691,6.65012536367475,2913.7293368302735,3.495561233779881,14.804317828899457,0.03066593540679376,1.75,0.0,1.75,0.017523391661025005,57.066578168435825
10,1.0,mixnet_attribution,5,0.009156261823685206,0.010006209289495261,6.65012304716929,2943.2081725312146,3.506092165451264,14.946258044003882,0.031690394737247336,1.75,0.0,1.75,0.018108796992712763,55.22177980140891
10,1.0,mixnet_attribution,6,0.00910760753099648,0.01000186588827736,6.650195222797609,2976.94520128578,3.4954521369363647,15.019311381527208,0.03268351224540223,1.75,0.0,1.75,0.018676292711658417,53.54381704329167
10,1.0,mixnet_attribution,7,0.01105435694137379,0.010026666406772968,6.647226177725587,2964.308073492414,3.510179345292272,14.68115478172992,0.035610355025622376,1.75,0.0,1.75,0.020348774300355643,49.143009069716925
10,1.0,mixnet_attribution,8,0.011026357525866627,0.010006440365223612,6.649809538251407,2937.446114341817,3.500197657296667,14.681444102270923,0.03418580136751418,1.75,0.0,1.75,0.019534743638579533,51.19084327398499
10,1.0,mixnet_attribution,9,0.010735495660118775,0.010013271791578744,6.649158169311824,2960.975407339729,3.507918450923171,14.955285177275206,0.03482988921527958,1.75,0.0,1.75,0.019902793837302618,50.244202305193944
10,1.0,mixnet_attribution,10,0.01142046726879152,0.010009726146061697,6.64941799500414,2902.8128685526613,3.5047149172169156,15.006802710561464,0.03523308840190273,1.75,0.0,1.75,0.020133193372515845,49.669219457511225
10,1.0,mixnet_attribution,11,0.02048459833371551,0.010015622811072803,6.649038520916949,2972.05044714515,3.500610544200754,15.299240433585092,0.033927179086871644,1.75,0.0,1.75,0.019386959478212368,51.5810641232231
10,1.0,mixnet_attribution,12,0.009252237221295314,0.010011632664595113,6.64909145467839,2949.2673289852873,3.4969719241489656,14.675064383964846,0.0334460767076164,1.75,0.0,1.75,0.01911204383292366,52.32302775893254
10,1.0,mixnet_attribution,13,0.011592479750315821,0.009998304359358619,6.651166422627811,2890.1430482276883,3.5005549261695705,15.007183032169419,0.03118496500928724,1.75,0.0,1.75,0.017819980005306994,56.11678574847944
10,1.0,mixnet_attribution,14,0.011709953460441375,0.010015052586974429,6.649094700332335,2919.6419456538056,3.5058331658074167,15.01870493046734,0.033466733391137794,1.75,0.0,1.75,0.01912384765207874,52.290732398263025
10,1.0,mixnet_attribution,15,0.013744112423751061,0.010012943904150607,6.6492682416945454,3002.5218129874143,3.496181144117145,14.883732159606472,0.031158365903519152,1.75,0.0,1.75,0.017804780516296657,56.16469122350052
10,1.0,mixnet_attribution,16,0.009194886745907155,0.009996870859571558,6.650947374780218,2908.0224265530387,3.494624280836433,14.876012099986367,0.032897894551309884,1.75,0.0,1.75,0.01879879688646279,53.194893590244085
10,1.0,mixnet_attribution,17,0.01178169656430526,0.010013014214124333,6.649252354283897,2956.2949224688355,3.505496736848727,14.768234393595623,0.033394336938256566,1.75,0.0,1.75,0.019082478250432324,52.404094839062346
10,1.0,mixnet_attribution,18,0.010131245682707806,0.010004135406562488,6.650682225997139,2984.854478471103,3.506952904193895,14.999720686302098,0.029518783064705352,1.75,0.0,1.75,0.016867876036974486,59.284286759518146
10,1.0,mixnet_attribution,19,0.009857035364936042,0.010019729052029323,6.647683671983464,2925.9781790820166,3.495194370916579,14.845637860892532,0.034512111252583515,1.75,0.0,1.75,0.01972120643004772,50.7068370054874
10,1.0,mixnet_attribution,20,0.012031782065834279,0.009998295152837308,6.650858010155763,2943.627241770715,3.4919409991707653,15.01289092257811,0.033114106608522466,1.75,0.0,1.75,0.01892234663344141,52.847567977256205
10,1.0,mixnet_attribution,21,0.009688162276718135,0.010009221697483113,6.649812165915372,2942.965864365728,3.497071582416538,14.909614698765743,0.03134948425648821,1.75,0.0,1.75,0.01791399100370755,55.82228995163815
10,1.0,mixnet_attribution,22,0.00813927198733891,0.010008778101956073,6.65008826741305,2930.6247644886575,3.4919675997225568,14.729362099646437,0.03248257866758455,1.75,0.0,1.75,0.018561473524334026,53.87503307261697
10,1.0,mixnet_attribution,23,0.010845175766641735,0.009990174725087767,6.651936681033399,2909.995661929693,3.4969617575989105,14.774668699083374,0.031455978404702524,1.75,0.0,1.75,0.017974844802687157,55.63330370732907
10,1.0,mixnet_attribution,24,0.009518008071270845,0.01000077288732733,6.650118906655614,2961.2167821518315,3.5041563692502677,14.87472370400841,0.03371951869732484,1.75,0.0,1.75,0.019268296398471337,51.89872416947747
10,1.0,mixnet_attribution,25,0.010113299368869287,0.010004715762030568,6.649924848366881,2957.2771652345828,3.5005697045999113,15.039619585062669,0.030491138966922758,1.75,0.0,1.75,0.017423507981098717,57.39372353057805
10,1.0,mixnet_attribution,26,0.00977076287110109,0.010003879451175852,6.650473509394627,2923.1895527996994,3.4938590960227884,14.830027348037543,0.03225541701515674,1.75,0.0,1.75,0.01843166686580385,54.25445280021273
10,1.0,mixnet_attribution,27,0.010765731614859742,0.009998837548892586,6.6511746753414345,2948.769825625474,3.505121917783981,15.027662039390465,0.03148722637612917,1.75,0.0,1.75,0.017992700786359526,55.578093131972246
10,1.0,mixnet_attribution,28,0.00979716800612323,0.009996416673643056,6.6516348220906645,2976.7738231917338,3.5008641933090985,14.789274239495983,0.03461466069972385,1.75,0.0,1.75,0.019779806114127912,50.55661285202086
10,1.0,mixnet_attribution,29,0.01607170452789368,0.01000643545170475,6.650132619224577,3005.0231803430693,3.5077036809234414,15.039747107652284,0.03144002871658718,1.75,0.0,1.75,0.017965730695192673,55.66152676815884
10,1.0,mixnet_attribution_oracle,0,0.09692707537073841,0.09989328327992744,3.3884538036504255,2973.5276716098456,3.5047750259691384,15.001868076665769,0.03407505599540027,1.75,0.0,1.75,0.019471460568800152,51.35721567812623
10,1.0,mixnet_attribution_oracle,1,0.10068580902856282,0.09984453879474109,3.3910529269399214,2930.5509081317355,3.5064900484285317,14.884721716905233,0.03338000262943,1.75,0.0,1.75,0.019074287216817143,52.426598626360956
10,1.0,mixnet_attribution_oracle,2,0.11044638748274276,0.10008499068899357,3.3891530610475065,2982.672649179322,3.5047762344474904,15.017636617509044,0.03321071597283176,1.75,0.0,1.75,0.01897755198447529,52.693835370234076
10,1.0,mixnet_attribution_oracle,3,0.1009928637914986,0.10040363916212965,3.3856140381227697,3016.6523425380083,3.502983891463373,15.038665021951521,0.03451377429673851,1.75,0.0,1.75,0.019722156740993434,50.70439369957205
10,1.0,mixnet_attribution_oracle,4,0.10300855222968845,0.10011996313077186,3.3881423344442165,2969.656383628589,3.5044556389329955,14.916648717404437,0.032995599568454034,1.75,0.0,1.75,0.018854628324830876,53.03737537393063
10,1.0,mixnet_attribution_oracle,5,0.09482178883658372,0.09981980570273653,3.3913985410891283,2905.5306732421727,3.5077751490462106,14.883463848309033,0.032061677731213684,1.75,0.0,1.75,0.018320958703550678,54.58229649337051
10,1.0,mixnet_attribution_oracle,6,0.1030033028650434,0.10053355337162621,3.3828241326936235,2987.1447883862047,3.505087918660138,15.239292635003613,0.03151976175332084,1.75,0.0,1.75,0.01801129243046905,55.5207242267821
10,1.0,mixnet_attribution_oracle,7,0.10575111178111103,0.09989695270858241,3.389887265216805,2932.3116755860406,3.5046183594095055,14.792581958883677,0.03255912258965821,1.75,0.0,1.75,0.018605212908376117,53.74837713089525
10,1.0,mixnet_attribution_oracle,8,0.10384089873994232,0.10009949310302473,3.3867924528826627,2952.5321086989525,3.4966125916689634,15.034092676849438,0.030018604185235487,1.75,0.0,1.75,0.01715348810584885,58.29718094823108
10,1.0,mixnet_attribution_oracle,9,0.09951676230745998,0.10020208219613161,3.3855319155372765,2937.087586831773,3.4975768765143584,15.026822210114798,0.02890010387228664,1.75,0.0,1.75,0.01651434506987808,60.55341557710243
10,1.0,mixnet_attribution_oracle,10,0.10590832952641997,0.1003605903321216,3.3837624304644387,2961.46779351302,3.506853851780761,14.81107777932587,0.03277395973491064,1.75,0.0,1.75,0.018727976991377508,53.396050222637875
10,1.0,mixnet_attribution_oracle,11,0.11196969696969697,0.10062525959230517,3.380968867982244,2946.259696969697,3.5000181883515324,15.097991818973071,0.03369279928492386,1.75,0.0,1.75,0.019253028162813633,51.93988143285717
10,1.0,mixnet_attribution_oracle,12,0.1053940618684906,0.10034265621042383,3.3849882511973752,3023.107570340432,3.5077917232119944,14.948481926528801,0.03334509653532646,1.75,0.0,1.75,0.019054340877329407,52.481479492674886
10,1.0,mixnet_attribution_oracle,13,0.10309901738473166,0.09978633008446249,3.391590054477833,2940.075132275132,3.4929571644752286,14.813620595333271,0.032677913595028245,1.75,0.0,1.75,0.01867309348287328,53.55299061278662
10,1.0,mixnet_attribution_oracle,14,0.11378919531545145,0.10056234197926965,3.3831208916415747,2938.5327540612016,3.4993544013705105,15.094476682399073,0.03444011735203412,1.75,0.0,1.75,0.019680067058305214,50.812834988689154
10,1.0,mixnet_attribution_oracle,15,0.10371564563181329,0.09985725884921005,3.3895286358351226,2985.6022570244127,3.4949251832440495,14.883576006320345,0.03293768850145102,1.75,0.0,1.75,0.018821536286543438,53.130625724476886
10,1.0,mixnet_attribution_oracle,16,0.09871823701371711,0.10003357843482918,3.389002682192517,2915.1915898358443,3.4969958015426528,14.921848551431047,0.035731767677381836,1.75,0.0,1.75,0.020418152958503907,48.976026481548736
10,1.0,mixnet_attribution_oracle,17,0.09705319556065825,0.09988832508509309,3.3902479023143552,2976.8363566781477,3.5003065092896577,14.993375516758102,0.03160026805254661,1.75,0.0,1.75,0.01805729603002663,55.37927707100481
10,1.0,mixnet_attribution_oracle,18,0.10168467175341844,0.0999262597837682,3.3899391344087078,2937.869230188109,3.4973186487914063,14.788405456884606,0.0320867879556308,1.75,0.0,1.75,0.0183353074032176,54.53958191202801
10,1.0,mixnet_attribution_oracle,19,0.09953001819284414,0.10000360154339068,3.388947900168089,2948.267207398423,3.498700148309581,14.95560281264981,0.03179606579600349,1.75,0.0,1.75,0.018169180454859137,55.0382557146413
10,1.0,mixnet_attribution_oracle,20,0.10364081382897354,0.09979984039685946,3.3900121936869807,2975.128193360869,3.5020707411167677,14.957172519650667,0.034813314554811875,1.75,0.0,1.75,0.019893322602749643,50.26812362967364
10,1.0,mixnet_attribution_oracle,21,0.10417788720473956,0.09988223277561509,3.388661309902933,2992.4514118642765,3.50789595535025,14.899618573047164,0.03270505924250973,1.75,0.0,1.75,0.01868860528143413,53.50854089649122
10,1.0,mixnet_attribution_oracle,22,0.10692690394182931,0.10003491302061637,3.3891332935625287,2977.27202449292,3.5035379424516577,14.763491728131985,0.0332721413873796,1.75,0.0,1.75,0.019012652221359772,52.596554565730166
10,1.0,mixnet_attribution_oracle,23,0.10940353012781497,0.10007368957966518,3.3894108785430315,2958.6152617163725,3.5007721866713837,14.998804930504605,0.03155196405016031,1.75,0.0,1.75,0.018029693742948747,55.46405913805891
10,1.0,mixnet_attribution_oracle,24,0.10420068279649695,0.10022112650762106,3.3851313318707006,2886.826554846371,3.5109714895661455,14.838748380501938,0.03250633301748754,1.75,0.0,1.75,0.018575047438564307,53.835663317008006
10,1.0,mixnet_attribution_oracle,25,0.10239351533226275,0.0998204381124208,3.3896858269559127,2974.742295633555,3.499346493917983,15.215991584572354,0.032298676118118444,1.75,0.0,1.75,0.01845638635321054,54.18178731537267
10,1.0,mixnet_attribution_oracle,26,0.10357386751650353,0.10029691742783756,3.385349046188221,2951.5399499203277,3.506625585083384,15.067589281551228,0.030067793582485132,1.75,0.0,1.75,0.01718159633284865,58.20180969379133
10,1.0,mixnet_attribution_oracle,27,0.10423625873064075,0.10005066017868493,3.385570914983973,2952.685089583966,3.5019405836064834,15.119844005370444,0.03355226636225496,1.75,0.0,1.75,0.019172723635574263,52.15743047297348
10,1.0,mixnet_attribution_oracle,28,0.10170895129112399,0.1000150590719286,3.3904129696326635,2928.6952495671158,3.498569494637195,14.953038721265374,0.03205387593869165,1.75,0.0,1.75,0.018316500536395226,54.59558161849647
10,1.0,mixnet_attribution_oracle,29,0.10288505571668448,0.10011510117477661,3.3881015993014847,2968.0147305754845,3.50107280825614,14.753845631435105,0.03444181416484704,1.75,0.0,1.75,0.01968103666562688,50.810331640025325
14,1e-06,mixnet_attribution,0,0.8134761940692673,0.7640441034692812,0.5591366939655433,2933.8248698407906,0.2503973237471655,1.9806547730468844,0.03243274295169098,1.7500000000000002e-06,0.0,1.7500000000000002e-06,18532.99597239484,5.3957816722645065e-05
14,1e-06,mixnet_attribution,1,0.8152521712631419,0.7693186249386608,0.5488700977108208,2963.427167453908,0.2524546798958909,2.002669045766674,0.03323894428040877,1.7500000000000002e-06,0.0,1.7500000000000002e-06,18993.682445947867,5.264908491788232e-05
14,1e-06,mixnet_attribution,2,0.8116451440360664,0.7639197087795734,0.556628179636583,2972.3874837625126,0.2544305649935268,2.0234550808015133,0.03045401666600809,1.7500000000000002e-06,0.0,1.7500000000000002e-06,17402.295237718907,5.746368432093559e-05
14,1e-06,mixnet_attribution,3,0.8055703929797787,0.7549060587966011,0.5805261415992077,2967.884776802747,0.24968504504067823,1.9984922758987667,0.034798176638132894,1.7500000000000002e-06,0.0,1.7500000000000002e-06,19884.672364647366,5.028999128886246e-05
14,1e-06,mixnet_attribution,4,0.8117258464079273,0.7636390617800063,0.5627701465030174,2919.7778695293146,0.25165057872072794,1.9956167501734448,0.032002334737257394,1.7500000000000002e-06,0.0,1.7500000000000002e-06,18287.04842128994,5.4683510261600854e-05
14,1e-06,mixnet_attribution,5,0.8112298660243866,0.761371604060412,0.5675451440935987,2927.418485623965,0.24963797844247892,2.010064994553762,0.03272958083413987,1.7500000000000002e-06,0.0,1.7500000000000002e-06,18702.617619508495,5.346845133362033e-05
14,1e-06,mixnet_attribution,6,0.8190709046454768,0.7704930314339352,0.5437120999190357,2972.1411216381416,0.25620430550770834,2.023496178635011,0.033566083977510076,1.7500000000000002e-06,0.0,1.7500000000000002e-06,19180.61941572004,5.213595965417157e-05
14,1e-06,mixnet_attribution,7,0.8129360024264483,0.7633009272177014,0.5638638853234813,2949.2536396724295,0.2519377068383619,1.9993637158301172,0.03359981631324934,1.7500000000000002e-06,0.0,1.7500000000000002e-06,19199.89503614248,5.2083618067576356e-05
14,1e-06,mixnet_attribution,8,0.8117231855148074,0.7683882075935848,0.5449734874457887,2983.885223262237,0.2561543989868369,2.009260416156265,0.0319039559690809,1.7500000000000002e-06,0.0,1.7500000000000002e-06,18230.83198233194,5.485213187029154e-05
14,1e-06,mixnet_attribution,9,0.8066265060240964,0.7560851649073927,0.5801385121051561,2929.1710090361444,0.2429988014337141,1.9728604735452762,0.030669450180652282,1.7500000000000002e-06,0.0,1.7500000000000002e-06,17525.400103229873,5.70600382364853e-05
14,1e-06,mixnet_attribution,10,0.8149160780739728,0.77054034544218,0.5421607489278191,2954.350801245538,0.2493103998422157,2.0012728650908693,0.03355183063278446,1.7500000000000002e-06,0.0,1.7500000000000002e-06,19172.474647305404,5.2158107828847486e-05
14,1e-06,mixnet_attribution,11,0.820029477930339,0.7706557605015041,0.5454520796507468,3016.3914358855013,0.25250987673643976,2.0179317922620865,0.033947277333165826,1.7500000000000002e-06,0.0,1.7500000000000002e-06,19398.44419038047,5.1550525917737866e-05
14,1e-06,mixnet_attribution,12,0.8105921855921856,0.7641480010502978,0.55787858239745,2967.299221611722,0.2490131014783401,1.9977866042492416,0.03410072760760796,1.7500000000000002e-06,0.0,1.7500000000000002e-06,19486.13006149026,5.131855308593388e-05
14,1e-06,mixnet_attribution,13,0.8121442125237192,0.7617477781713639,0.563699582828799,2952.338595825427,0.2514536688977387,1.9920827195994337,0.030854010860964412,1.7500000000000002e-06,0.0,1.7500000000000002e-06,17630.86334912252,5.6718719906009e-05
14,1e-06,mixnet_attribution,14,0.8174879081015719,0.7696769853714954,0.5433148958897235,2939.3111396614268,0.2543387158366386,2.012192318906166,0.033076842917875514,1.7500000000000002e-06,0.0,1.7500000000000002e-06,18901.053095928863,5.290710495995549e-05
14,1e-06,mixnet_attribution,15,0.8205864570737605,0.7768137973055043,0.5224385315290653,2939.510353688029,0.25999166155816056,2.034441190333764,0.03352556502599766,1.7500000000000002e-06,0.0,1.7500000000000002e-06,19157.46572914152,5.219897110288667e-05
14,1e-06,mixnet_attribution,16,0.8140030441400304,0.76098869031549,0.5685608073798465,2959.435083713851,0.2495071492739953,1.9921276024213341,0.03127253519295416,1.7500000000000002e-06,0.0,1.7500000000000002e-06,17870.020110259517,5.5959646034526904e-05
14,1e-06,mixnet_attribution,17,0.8197555234985954,0.7709801430960229,0.5405553732524078,2953.01450155645,0.25304828421212733,2.006740327437909,0.03258802591693947,1.7500000000000002e-06,0.0,1.7500000000000002e-06,18621.72909539398,5.3700706034185974e-05
14,1e-06,mixnet_attribution,18,0.8209867229933615,0.7770594735965195,0.5248929363671782,2933.8464091732044,0.259396808949532,2.0271051689011674,0.03148089755571523,1.7500000000000002e-06,0.0,1.7500000000000002e-06,17989.08431755156,5.558926637662828e-05
14,1e-06,mixnet_attribution,19,0.8118728456530065,0.7612683236849156,0.5642250975801195,2980.274760628112,0.24996206851210445,1.9919305433938077,0.030351380959722656,1.7500000000000002e-06,0.0,1.7500000000000002e-06,17343.646262698658,5.765800252457413e-05
14,1e-06,mixnet_attribution,20,0.8055065572513229,0.7611906957999363,0.5631008076943724,2982.7198404785645,0.24979496514424682,1.99963418147111,0.036706807663896536,1.7500000000000002e-06,0.0,1.7500000000000002e-06,20975.318665083734,4.767508022009868e-05
14,1e-06,mixnet_attribution,21,0.8120553813202784,0.7650581711131811,0.5541318728632516,2974.834697468064,0.2543204251851421,1.9898550466244767,0.033057717942774165,1.7500000000000002e-06,0.0,1.7500000000000002e-06,18890.12453872809,5.2937713457093593e-05
14,1e-06,mixnet_attribution,22,0.8159732766474339,0.7723159692955899,0.5386073014679973,2952.4529304585485,0.25665775884408504,2.0283596498091523,0.03113933676110029,1.7500000000000002e-06,0.0,1.7500000000000002e-06,17793.906720628736,5.6199013274622004e-05
14,1e-06,mixnet_attribution,23,0.8121180110163736,0.7663427010715987,0.5499664520213087,2934.714102467366,0.2524535712436773,1.9979497887337059,0.02996842743074065,1.7500000000000002e-06,0.0,1.7500000000000002e-06,17124.81567470894,5.839478911745988e-05
14,1e-06,mixnet_attribution,24,0.811511988503139,0.7617435035000073,0.5651139045933459,2941.1447696845926,0.24853732128394768,1.9767949616227483,0.0315807941579239,1.7500000000000002e-06,0.0,1.7500000000000002e-06,18046.168090242227,5.541342599710748e-05
14,1e-06,mixnet_attribution,25,0.814156648995744,0.7695648358728502,0.541573444577224,2903.8748600014933,0.2577601866214536,2.021413927603041,0.03245274254004548,1.7500000000000002e-06,0.0,1.7500000000000002e-06,18544.424308597416,5.3924564244164115e-05
14,1e-06,mixnet_attribution,26,0.8100908327608579,0.7607710113872918,0.5688102094083849,2968.1370887718494,0.2453747243853286,1.985216219064235,0.033004695311821965,1.7500000000000002e-06,0.0,1.7500000000000002e-06,18859.825892469693,5.302275883677578e-05
14,1e-06,mixnet_attribution,27,0.8126879134095009,0.764975893283533,0.5616268862152962,2924.0939567047503,0.25407953024841845,1.9854422268038259,0.034466641410402024,1.7500000000000002e-06,0.0,1.7500000000000002e-06,19695.22366308687,5.077373159636757e-05
14,1e-06,mixnet_attribution,28,0.8201444317749905,0.7740856542642153,0.5333306395115429,2956.5863930064615,0.25392569447285496,2.013389010682513,0.03436346308627646,1.7500000000000002e-06,0.0,1.7500000000000002e-06,19636.264620729406,5.09261827193106e-05
14,1e-06,mixnet_attribution,29,0.8075316984283654,0.7606756028189959,0.5700005304967056,2952.2372636853693,0.24958232152857818,1.999490296792188,0.030064442452052226,1.7500000000000002e-06,0.0,1.7500000000000002e-06,17179.6814011727,5.820829715338838e-05
14,1e-06,mixnet_attribution_oracle,0,1.0,0.9999965996550366,2.4991825555001973e-05,2962.446983546618,0.25760516824084334,2.0263423322183325,0.03570269000737395,1.7500000000000002e-06,0.0,1.7500000000000002e-06,20401.537147070827,4.9015914476992047e-05
14,1e-06,mixnet_attribution_oracle,1,0.9998493068113321,0.9997416429681618,0.0005743432198997529,2930.0479204339963,0.2525536114699207,2.0046641242059455,0.034871058928526766,1.7500000000000002e-06,0.0,1.7500000000000002e-06,19926.319387729578,5.0184882643996445e-05
14,1e-06,mixnet_attribution_oracle,2,0.9996877683240964,0.9995078157743684,0.0010889784341476688,3035.401139645617,0.25076297073974274,2.0105516241641332,0.03208362741336642,1.7500000000000002e-06,0.0,1.7500000000000002e-06,18333.501379066525,5.454495457926086e-05
14,1e-06,mixnet_attribution_oracle,3,0.9998469661029918,0.9996918964060344,0.000601934340787544,2975.98362537302,0.25079623819328845,1.9823919237378993,0.03212680047849128,1.7500000000000002e-06,0.0,1.7500000000000002e-06,18358.171701995016,5.447165525155908e-05
14,1e-06,mixnet_attribution_oracle,4,0.9999234185939654,0.9997458439126736,0.0006240457909224011,2978.6376167866442,0.25024757653591223,1.9858603357594067,0.032746687101892075,1.7500000000000002e-06,0.0,1.7500000000000002e-06,18712.39262965261,5.3440520396913275e-05
14,1e-06,mixnet_attribution_oracle,5,0.9996211547204121,0.9995569549316722,0.0009740546329113262,2946.223291407789,0.2513730104838032,2.0068116463030146,0.031938911843148045,1.7500000000000002e-06,0.0,1.7500000000000002e-06,18250.806767513168,5.479209838438604e-05
14,1e-06,mixnet_attribution_oracle,6,0.999698772497929,0.9997078818709751,0.0004572082965677911,2928.8087958430606,0.2642053250456229,2.0622920316889477,0.03457797300049,1.7500000000000002e-06,0.0,1.7500000000000002e-06,19758.841714565715,5.0610254105271037e-05
14,1e-06,mixnet_attribution_oracle,7,0.9999231183209041,0.9999397163070377,7.568285813754213e-05,2989.858922118859,0.25029713453841396,2.0065601182357655,0.03528992374757407,1.7500000000000002e-06,0.0,1.7500000000000002e-06,20165.670712899468,4.958922587981789e-05
14,1e-06,mixnet_attribution_oracle,8,0.9996159459251862,0.9996616163361265,0.0005274796649847823,2986.606575005761,0.2493823822005652,1.991537760702141,0.030319394242261138,1.7500000000000002e-06,0.0,1.7500000000000002e-06,17325.368138434933,5.771883125424507e-05
14,1e-06,mixnet_attribution_oracle,9,0.9999240813847555,0.9998808474638637,0.00023078811046364068,2952.6082599453384,0.2509378754766658,1.9960343743789712,0.033301005291818855,1.7500000000000002e-06,0.0,1.7500000000000002e-06,19029.145881039345,5.255096609440578e-05
14,1e-06,mixnet_attribution_oracle,10,0.9999256560850495,0.999865254886767,0.00035393188376366087,2891.239015686566,0.2505803861422464,1.9924679589435133,0.03394174444326265,1.7500000000000002e-06,0.0,1.7500000000000002e-06,19395.28253900723,5.155892923904713e-05
14,1e-06,mixnet_attribution_oracle,11,0.9998468840912571,0.9997445434324619,0.0006157517932993702,2977.1466084826216,0.2565947616531048,2.0189764481401182,0.03345003794121004,1.7500000000000002e-06,0.0,1.7500000000000002e-06,19114.307394977164,5.231683154069076e-05
14,1e-06,mixnet_attribution_oracle,12,0.9998474796003965,0.9998317863020019,0.00039463402859772395,2965.879661404713,0.2530164832714945,2.0067099913113857,0.03060567390412015,1.7500000000000002e-06,0.0,1.7500000000000002e-06,17488.956516640083,5.717894026716446e-05
14,1e-06,mixnet_attribution_oracle,13,1.0,0.9999153134735738,0.00024338044215033391,2907.0454443530907,0.2568716839305125,2.0211949918513565,0.03473712604703347,1.7500000000000002e-06,0.0,1.7500000000000002e-06,19849.78631259055,5.0378376081847716e-05
14,1e-06,mixnet_attribution_oracle,14,0.9999242022284545,0.9999194577336726,0.00020376108682200196,2947.772985674221,0.2479480660695117,1.9909008801627088,0.032863370731442326,1.7500000000000002e-06,0.0,1.7500000000000002e-06,18779.06898939561,5.325077620007104e-05
14,1e-06,mixnet_attribution_oracle,15,0.9997736190763659,0.9995744164940701,0.0010437850514648825,2934.160654995472,0.2497318981331773,1.9990592771838926,0.03384639628658939,1.7500000000000002e-06,0.0,1.7500000000000002e-06,19340.79787805108,5.170417509687389e-05
14,1e-06,mixnet_attribution_oracle,16,0.9996156802459646,0.9995198232575864,0.001052520319586856,2989.0712528823983,0.25093483374803327,2.0123523764804747,0.0333569358723421,1.7500000000000002e-06,0.0,1.7500000000000002e-06,19061.10621276691,5.2462852304459194e-05
14,1e-06,mixnet_attribution_oracle,17,1.0,0.999988242216914,7.914547015976327e-05,2937.5028700906346,0.25013670726912096,1.9927307363624118,0.032637142952374874,1.7500000000000002e-06,0.0,1.7500000000000002e-06,18649.79597278564,5.361988953976928e-05
14,1e-06,mixnet_attribution_oracle,18,0.9999242137173172,0.9998515104158302,0.00035666873539560415,2947.45282303903,0.2543466290808283,2.0058061975144676,0.031310529394134506,1.7500000000000002e-06,0.0,1.7500000000000002e-06,17891.731082362574,5.589174101693192e-05
14,1e-06,mixnet_attribution_oracle,19,0.9998475725935523,0.9997862829274431,0.00043260236973382854,2964.735004953891,0.2553818382730242,2.0099429879092385,0.032612303425258414,1.7500000000000002e-06,0.0,1.7500000000000002e-06,18635.60195729052,5.366072973074988e-05
14,1e-06,mixnet_attribution_oracle,20,0.9999231478635106,0.9998002998855215,0.0004469204782980007,2988.6291115893023,0.25343767035519704,2.0075164535448677,0.03391419693274036,1.7500000000000002e-06,0.0,1.7500000000000002e-06,19379.54110442306,5.1600809049692435e-05
14,1e-06,mixnet_attribution_oracle,21,0.9999245283018868,0.9998820340583123,0.00026926624613404754,2935.348754716981,0.24805671026115306,1.9913245857495352,0.033447378324275016,1.7500000000000002e-06,0.0,1.7500000000000002e-06,19112.787613871435,5.2320991589642984e-05
14,1e-06,mixnet_attribution_oracle,22,0.9996958637469586,0.99963326202894,0.0008194988668909841,2956.480687347932,0.24881562168593518,2.003109793497398,0.03145937575418596,1.7500000000000002e-06,0.0,1.7500000000000002e-06,17976.78614524912,5.562729577579576e-05
14,1e-06,mixnet_attribution_oracle,23,0.9997717937015062,0.9996311045908576,0.0008602833702074997,2958.773999695725,0.24555904528824612,1.9882971410219499,0.03198391999054679,1.7500000000000002e-06,0.0,1.7500000000000002e-06,18276.525708883877,5.4714994300799666e-05
14,1e-06,mixnet_attribution_oracle,24,0.9996184371184371,0.9997106163665853,0.0006520759616295988,2967.141788766789,0.24723270907998085,1.9804773604219035,0.03282733717184042,1.7500000000000002e-06,0.0,1.7500000000000002e-06,18758.478383908812,5.3309227941313666e-05
14,1e-06,mixnet_attribution_oracle,25,0.9998504001795198,0.999883007589483,0.00012213150289864847,2909.9091181090585,0.2537684579147026,2.001420522993344,0.034446761153172314,1.7500000000000002e-06,0.0,1.7500000000000002e-06,19683.863516098463,5.08030346370848e-05
14,1e-06,mixnet_attribution_oracle,26,0.9999242137173172,0.999883245033769,0.00023574973671479366,2947.2378173550587,0.2509842095314525,2.00067612453885,0.03319925885817595,1.7500000000000002e-06,0.0,1.7500000000000002e-06,18971.005061814827,5.271202009285305e-05
14,1e-06,mixnet_attribution_oracle,27,0.9995402298850574,0.9994691374063549,0.0009685914620311306,2980.310804597701,0.25306122135953046,2.0040514488706753,0.03324017317175753,1.7500000000000002e-06,0.0,1.7500000000000002e-06,18994.384669575727,5.264713847781291e-05
14,1e-06,mixnet_attribution_oracle,28,0.9998484733691947,0.9998993242649573,0.00015550333010543434,2947.0832638836278,0.25051090179476887,1.9944527169837394,0.033899788151897405,1.7500000000000002e-06,0.0,1.7500000000000002e-06,19371.307515369943,5.162274148023108e-05
14,1e-06,mixnet_attribution_oracle,29,0.9998486453761163,0.9997474099052768,0.0005507867537122986,2942.6880581201754,0.2504641780687962,1.9928554691776426,0.032250422616152304,1.7500000000000002e-06,0.0,1.7500000000000002e-06,18428.8129235156,5.4262854810576344e-05
14,0.03,mixnet_attribution,0,0.02212051868802441,0.012174210760425894,6.509258062256071,2966.12471395881,0.34780165139818564,2.388392489641527,0.03145555286923641,0.0525,0.0,0.0525,0.5991533879854555,1.669021689691714
14,0.03,mixnet_attribution,1,0.025592345078979343,0.012650401125283496,6.509843803268903,2954.1912211421627,0.35463379573775455,2.4132713761552487,0.031202579610007268,0.0525,0.0,0.0525,0.5943348497144242,1.6825531945173609
14,0.03,mixnet_attribution,2,0.0193967163039328,0.01193261149403649,6.514872048292552,2969.084536082474,0.35120772148366086,2.3907064750626867,0.031148721069807307,0.0525,0.0,0.0525,0.5933089727582345,1.6854624587103402
14,0.03,mixnet_attribution,3,0.022450532724505326,0.013108907597828415,6.499303485341677,2960.441095890411,0.34506714483723044,2.3763926269496007,0.03324838241187195,0.0525,0.0,0.0525,0.6333025221308943,1.5790241867903292
14,0.03,mixnet_attribution,4,0.021366553416383542,0.013050451355376809,6.483562317035407,2935.8909777274444,0.3482807282707654,2.38808019593826,0.035021189919208565,0.0525,0.0,0.0525,0.6670702841754013,1.4990924100841183
14,0.03,mixnet_attribution,5,0.017980952380952382,0.011836752590503638,6.521454746723775,2962.9189333333334,0.34924759293789975,2.3697998031362553,0.031163155158415754,0.0525,0.0,0.0525,0.5935839077793478,1.6846817895402395
14,0.03,mixnet_attribution,6,0.021899475325070337,0.012432836912456766,6.507129827083534,2957.0371834841458,0.34621581371175125,2.3686878525661657,0.03304201247512186,0.0525,0.0,0.0525,0.6293716661927974,1.5888862713652363
14,0.03,mixnet_attribution,7,0.020971050832003648,0.012163275815386941,6.508908116615963,2955.304080237064,0.3483644236403052,2.410722560175273,0.0332496318610538,0.0525,0.0,0.0525,0.6333263211629295,1.5789648504798839
14,0.03,mixnet_attribution,8,0.019947828755562374,0.012212705321536631,6.507747612838645,2983.5636796071813,0.3478734297095798,2.36662212853759,0.03278278038478646,0.0525,0.0,0.0525,0.6244339120911706,1.6014504988223552
14,0.03,mixnet_attribution,9,0.023376428141912205,0.013609143021255196,6.487977198763346,2923.7527811184605,0.3475536382466089,2.3920934643208733,0.034556233065445224,0.0525,0.0,0.0525,0.6582139631513376,1.5192628172339127
14,0.03,mixnet_attribution,10,0.022542554822879927,0.013332877133734803,6.496937236877192,2981.893344579052,0.35031848965445533,2.4021926488693874,0.03654932022552888,0.0525,0.0,0.0525,0.696177528105312,1.4364152240328105
14,0.03,mixnet_attribution,11,0.021479168253484653,0.012264262993009879,6.501424592312253,2962.705918196359,0.3479865365952719,2.3915326851003793,0.03266742445431186,0.0525,0.0,0.0525,0.6222366562726068,1.6071055761811177
14,0.03,mixnet_attribution,12,0.02324154329983892,0.012578661431694501,6.492732703230115,2982.6379535169135,0.3524987972341478,2.4037323505445505,0.03556570181986993,0.0525,0.0,0.0525,0.6774419394260939,1.4761412628913506
14,0.03,mixnet_attribution,13,0.021823731400228922,0.012822237041040074,6.492107219715287,2967.8102251049218,0.3452616543509066,2.374976522225685,0.033841326461562564,0.0525,0.0,0.0525,0.6445966945059536,1.5513576295429852
14,0.03,mixnet_attribution,14,0.021625766871165644,0.012242213783439822,6.510298985713848,2982.1498466257667,0.34426415734924376,2.3736284272439527,0.03135899072650398,0.0525,0.0,0.0525,0.5973141090762663,1.674161023161631
14,0.03,mixnet_attribution,15,0.019456129807692308,0.012152326750826576,6.504085915777133,2921.947265625,0.3460216465173289,2.358248138703706,0.03208749801806703,0.0525,0.0,0.0525,0.611190438439372,1.636151250260759
14,0.03,mixnet_attribution,16,0.021206804485468,0.012287817228770056,6.498485681908109,2966.6882294606758,0.3508811177453026,2.3814793753505894,0.03374207405243625,0.0525,0.0,0.0525,0.6427061724273571,1.5559209525298694
14,0.03,mixnet_attribution,17,0.02224246564943445,0.012092603711807403,6.519625805751016,2952.2831549381312,0.35039837419753894,2.3811859260007093,0.031517367645539675,0.0525,0.0,0.0525,0.6003308122959938,1.6657482499947858
14,0.03,mixnet_attribution,18,0.018472063854047892,0.01247559431044439,6.498709029757807,2956.4951729380464,0.3503673892118968,2.3626864181088743,0.03413744342450024,0.0525,0.0,0.0525,0.6502370176095283,1.5379007545222636
14,0.03,mixnet_attribution,19,0.018702118071203245,0.011965219182253071,6.520992220360211,2921.396424815983,0.3524727181356866,2.3992795413514605,0.029831945658359168,0.0525,0.0,0.0525,0.5682275363496985,1.7598583947972917
14,0.03,mixnet_attribution,20,0.021341001967610112,0.012610833100024213,6.4858398631588,2943.489556530952,0.3499219206860289,2.3990329971126605,0.03574717845855769,0.0525,0.0,0.0525,0.6808986373058608,1.4686473804041384
14,0.03,mixnet_attribution,21,0.018188854489164085,0.012106595982675447,6.515527896169578,3009.8347523219813,0.3468551047553774,2.402187819205512,0.030650264555350342,0.0525,0.0,0.0525,0.5838145629590542,1.7128726541721007
14,0.03,mixnet_attribution,22,0.02363099295614633,0.012568702889738994,6.498258478859609,2945.5083693100055,0.345082603773335,2.381556998357256,0.03411741493139776,0.0525,0.0,0.0525,0.6498555225028145,1.5388035730598395
14,0.03,mixnet_attribution,23,0.02251349267540478,0.01270380236994982,6.487438391146554,2998.0378565921355,0.34597745098290034,2.3896445693523125,0.03538715146871136,0.0525,0.0,0.0525,0.6740409803564069,1.4835893204464194
14,0.03,mixnet_attribution,24,0.02191925278698403,0.013737598924615065,6.4840525737677215,2928.6265441398014,0.3490986103715841,2.3899288599557527,0.03519015022160583,0.0525,0.0,0.0525,0.6702885756496348,1.4918947395617077
14,0.03,mixnet_attribution,25,0.02033285638978839,0.011794972639887883,6.523829054143278,2929.0922509225093,0.353317413944751,2.4003022754879684,0.030545140942040597,0.0525,0.0,0.0525,0.581812208419821,1.718767646206601
14,0.03,mixnet_attribution,26,0.021689670863036553,0.011970107494514517,6.521708534761515,2949.6760200212348,0.3474201211356558,2.388481813762148,0.03084297155727038,0.0525,0.0,0.0525,0.5874851725194358,1.7021706194072785
14,0.03,mixnet_attribution,27,0.024149034038638453,0.01286739130951192,6.491264266006669,2981.4303894510886,0.35262679372681305,2.4128232211596528,0.035247656394635014,0.0525,0.0,0.0525,0.6713839313263813,1.4894607293093942
14,0.03,mixnet_attribution,28,0.023935558112773304,0.012354198864038251,6.504342330435628,2983.7804372842347,0.35029558470705524,2.370035405851142,0.034036564097470474,0.0525,0.0,0.0525,0.6483155066184852,1.54245886422777
14,0.03,mixnet_attribution,29,0.02338782924613987,0.012497774304882523,6.498341414320821,2943.610051468362,0.3498881194682326,2.3544785351863124,0.0332843213472371,0.0525,0.0,0.0525,0.6339870732807067,1.5773192264398677
14,0.03,mixnet_attribution_oracle,0,0.2281328368417053,0.17974771424697378,2.702567387160775,2955.184056539251,0.3506779881136026,2.3994107181361577,0.02935366948461706,0.0525,0.0,0.0525,0.5591175139927059,1.788532777052385
14,0.03,mixnet_attribution_oracle,1,0.2444998865955999,0.18489735091430634,2.688176005870798,2939.8413850457396,0.3462010865623597,2.382199171684838,0.03143942859546874,0.0525,0.0,0.0525,0.5988462589613094,1.6698776773432404
14,0.03,mixnet_attribution_oracle,2,0.22695466991177365,0.18203130287567423,2.692210332799024,2958.050806206267,0.35063941491534933,2.4210641669724824,0.031814143159325015,0.0525,0.0,0.0525,0.6059836792252384,1.6502094598958819
14,0.03,mixnet_attribution_oracle,3,0.23466034996561475,0.18408872323662523,2.6810088121431837,2972.636127454726,0.35057023048284464,2.382340399360002,0.03302705729386559,0.0525,0.0,0.0525,0.6290868055974398,1.5896057445527032
14,0.03,mixnet_attribution_oracle,4,0.23692445239159587,0.18496468063110635,2.6757927237868095,2897.6108627626286,0.35062051482964307,2.399675078086447,0.033407279135971836,0.0525,0.0,0.0525,0.6363291263994636,1.571513794533173
14,0.03,mixnet_attribution_oracle,5,0.23880140651276563,0.18900283984594032,2.663035663658691,2973.0800336340008,0.34507259746897034,2.3701752411106147,0.03433256158256951,0.0525,0.0,0.0525,0.653953553953705,1.5291605863354518
14,0.03,mixnet_attribution_oracle,6,0.23479131372247036,0.1805325505337047,2.7024728739878134,2994.9580317264745,0.34722907515242696,2.3806757156146263,0.0320615689471239,0.0525,0.0,0.0525,0.6106965513737885,1.63747445069152
14,0.03,mixnet_attribution_oracle,7,0.2397370231633667,0.1876828988706528,2.662516584195437,2972.1871416558365,0.3505534735741094,2.381545175006285,0.03485129203274569,0.0525,0.0,0.0525,0.6638341339570607,1.5064003925786131
14,0.03,mixnet_attribution_oracle,8,0.22904088651127244,0.18075148276471986,2.694926264757484,2972.137485670615,0.3515767863718793,2.3975631493994642,0.03182089950360536,0.0525,0.0,0.0525,0.606112371497245,1.6498590806350921
14,0.03,mixnet_attribution_oracle,9,0.2330781010719755,0.18080138239277216,2.6954072592299925,2978.1898928024502,0.35609757620841265,2.421321942303741,0.030812829281189582,0.0525,0.0,0.0525,0.5869110339274206,1.7038357471460714
14,0.03,mixnet_attribution_oracle,10,0.24133504492939667,0.18334467499214185,2.685515373226461,2936.506758287397,0.3445389196276665,2.382570394858945,0.03264707411317962,0.0525,0.0,0.0525,0.6218490307272309,1.6081073549805727
14,0.03,mixnet_attribution_oracle,11,0.23729069241212852,0.1851650725585158,2.6782910597716585,2933.4515764066978,0.3545848204230424,2.3848302806867436,0.03313377005982042,0.0525,0.0,0.0525,0.6311194297108651,1.5844861573317908
14,0.03,mixnet_attribution_oracle,12,0.24992449411054063,0.187205923963684,2.6786668504317492,2935.9287979462397,0.351506199571304,2.4156936784112206,0.0351515754097737,0.0525,0.0,0.0525,0.6695538173290229,1.4935319224811376
14,0.03,mixnet_attribution_oracle,13,0.232711643257349,0.18303726857043673,2.6858869632598736,2986.095939826541,0.3518154039338697,2.4027532202924355,0.03203284393348429,0.0525,0.0,0.0525,0.6101494082568436,1.6389428334560443
14,0.03,mixnet_attribution_oracle,14,0.2408671517515565,0.1848154981976131,2.678481952831431,2918.184982371915,0.34452703269198537,2.3582039153398986,0.03450603165763318,0.0525,0.0,0.0525,0.6572577458596796,1.5214731302892759
14,0.03,mixnet_attribution_oracle,15,0.22964984083674397,0.18018263346879804,2.6992608852653426,2947.7952857359405,0.3543177650135476,2.4085891110384763,0.030914579168269972,0.0525,0.0,0.0525,0.5888491270146662,1.6982278721712252
14,0.03,mixnet_attribution_oracle,16,0.2401181281235802,0.1875796998424431,2.668746034676516,2945.621157049826,0.3537170391646214,2.4072051930394043,0.03357876604332066,0.0525,0.0,0.0525,0.6395955436822983,1.56348806660342
14,0.03,mixnet_attribution_oracle,17,0.23315132021841573,0.1820258024211186,2.696087696015228,2908.6512080185503,0.3530318287375849,2.3818749348411394,0.03169291204680462,0.0525,0.0,0.0525,0.6036745151772309,1.6565218091183014
14,0.03,mixnet_attribution_oracle,18,0.23258790753708306,0.18505793074310772,2.674436284753561,2928.735486785634,0.3487945318047423,2.4225388471824765,0.03378386578545819,0.0525,0.0,0.0525,0.6435022054372989,1.5539962280633355
14,0.03,mixnet_attribution_oracle,19,0.2318984631852588,0.18220471579348618,2.6952273034536134,2973.680709534368,0.3502901196188759,2.3923896993882545,0.03314807387638391,0.0525,0.0,0.0525,0.6313918833596935,1.5838024313504147
14,0.03,mixnet_attribution_oracle,20,0.2436081152424768,0.18830630356519681,2.6622194839876565,2933.1625311109433,0.34931498250807635,2.3779026821632456,0.034539032851938316,0.0525,0.0,0.0525,0.6578863400369204,1.5200194002263072
14,0.03,mixnet_attribution_oracle,21,0.24281466798810702,0.18896087449936902,2.6685694439811436,2964.9063047953036,0.35184777627000585,2.4053322526626264,0.03518362983305889,0.0525,0.0,0.0525,0.6701643777725502,1.4921712242058232
14,0.03,mixnet_attribution_oracle,22,0.23474214220323467,0.1780002382910533,2.7146500704010195,2966.8368172108635,0.3496157391637098,2.3951430197795536,0.030089692245157514,0.0525,0.0,0.0525,0.5731369951458575,1.7447835482082437
14,0.03,mixnet_attribution_oracle,23,0.23814597762386788,0.18485465698164383,2.685416800935534,2959.0903417307254,0.35020697888103314,2.386476094662156,0.03304120342301273,0.0525,0.0,0.0525,0.6293562556764329,1.5889251770846367
14,0.03,mixnet_attribution_oracle,24,0.24205748865355523,0.18946262116538157,2.662922802199987,2941.4680030257186,0.3517883947934024,2.4215472154774904,0.03706873666542121,0.0525,0.0,0.0525,0.7060711745794517,1.4162878134709542
14,0.03,mixnet_attribution_oracle,25,0.24009181331293036,0.1874195939502673,2.6679776167022546,2975.8299923488908,0.35164916928624734,2.4019146317519398,0.033645477846108544,0.0525,0.0,0.0525,0.6408662446877819,1.560388003408077
14,0.03,mixnet_attribution_oracle,26,0.23417769376181474,0.18336084355654725,2.686375945631092,2941.0068052930055,0.3513130502542481,2.3671787653059595,0.033137554724859034,0.0525,0.0,0.0525,0.6311915185687436,1.584305191976513
14,0.03,mixnet_attribution_oracle,27,0.23236482879585144,0.18198839337739448,2.7076925497927267,2966.0183024479525,0.34659677409217693,2.380505640936495,0.030496544444961006,0.0525,0.0,0.0525,0.5808865608564001,1.721506516738314
14,0.03,mixnet_attribution_oracle,28,0.23958725615726445,0.18454151749399664,2.682318957817351,2929.1198312871884,0.351204335980583,2.4087092498451934,0.03242481228293551,0.0525,0.0,0.0525,0.6176154720559145,1.6191304221560483
14,0.03,mixnet_attribution_oracle,29,0.2412105699013777,0.1851180578471735,2.6813894503509497,2927.6148460438153,0.3570613425690681,2.408384364867679,0.03316088228438496,0.0525,0.0,0.0525,0.6316358530359041,1.5831906868389198
14,0.06,mixnet_attribution,0,0.019361308238198087,0.011449971907815465,6.571749392326052,2999.6111539648255,0.4482085107592866,2.7784822267236815,0.03464058804097364,0.105,0.0,0.105,0.32991036229498705,3.031126373368827
14,0.06,mixnet_attribution,1,0.01801524366771884,0.011014654789792182,6.581225430537529,2993.521210254831,0.44694747595349327,2.7532124502762723,0.03240462074592654,0.105,0.0,0.105,0.3086154356754908,3.2402786264116097
14,0.06,mixnet_attribution,2,0.016113095690506955,0.010911709577009163,6.584615790069193,2956.2293075929165,0.4416216589452233,2.7706116862322947,0.03093503242145661,0.105,0.0,0.105,0.2946193563948249,3.3942101165270397
14,0.06,mixnet_attribution,3,0.017962241076205764,0.01101871968132081,6.575003385979896,2972.822976381564,0.44117341222590767,2.769390074171277,0.034318912749241426,0.105,0.0,0.105,0.3268467880880136,3.0595374849781884
14,0.06,mixnet_attribution,4,0.01810491949246865,0.011142357833734632,6.571364951006077,2885.6205386955553,0.44739305414259434,2.7883905519254775,0.03463099915509635,0.105,0.0,0.105,0.3298190395723462,3.0319656539435433
14,0.06,mixnet_attribution,5,0.016512649598545676,0.010907513243274288,6.579415045110451,2945.9996212695046,0.44495467146043666,2.762924097879446,0.03191909379876768,0.105,0.0,0.105,0.3039913695120732,3.2895670742398644
14,0.06,mixnet_attribution,6,0.01751980499695308,0.011513459023863973,6.5793976356454715,2963.7326325411336,0.4432035822828766,2.7506455255869438,0.03541261162486972,0.105,0.0,0.105,0.33726296785590215,2.9650453661051124
14,0.06,mixnet_attribution,7,0.015837965430594684,0.010983994184404908,6.581343151380559,2961.5867661615775,0.4502820258785505,2.762732500856452,0.03284458470794332,0.105,0.0,0.105,0.31280556864707926,3.196874033685261
14,0.06,mixnet_attribution,8,0.018109107371915793,0.010899129363466523,6.584144503589545,2934.524485022259,0.44744947002618574,2.768575752023356,0.031402671857891376,0.105,0.0,0.105,0.29907306531325123,3.3436645287752444
14,0.06,mixnet_attribution,9,0.018166615992702948,0.010858892497932222,6.586789013499653,2956.0019002736394,0.44742920619319193,2.804433108932172,0.031148197747061068,0.105,0.0,0.105,0.29664950235296256,3.3709815525332307
14,0.06,mixnet_attribution,10,0.0191713048855906,0.010903717055830143,6.583349407131233,3007.169681508967,0.4417171330715064,2.77746708851618,0.03126957025251143,0.105,0.0,0.105,0.29780543097629936,3.357897123372422
14,0.06,mixnet_attribution,11,0.017855780236550933,0.011001631705425933,6.580270360615651,2967.306829454407,0.45162396848900244,2.775511270688081,0.034130983973395375,0.105,0.0,0.105,0.3250569902228131,3.076383619114117
14,0.06,mixnet_attribution,12,0.018487266032525315,0.010931216195752958,6.578981527630458,2983.0872200061367,0.44156278620357625,2.776050672768807,0.03192330290364716,0.105,0.0,0.105,0.30403145622521105,3.289133343028989
14,0.06,mixnet_attribution,13,0.02006487138870031,0.01132169231525434,6.567421118477688,2932.4125367730257,0.4515359744837042,2.7917379836193716,0.03744560727459272,0.105,0.0,0.105,0.3566248311865974,2.804067222892756
14,0.06,mixnet_attribution,14,0.019346582354712438,0.011013095116833332,6.576038464358356,2928.277928334839,0.4478558324917685,2.7749030293288,0.033763112282325695,0.105,0.0,0.105,0.32155345030786375,3.109902876310528
14,0.06,mixnet_attribution,15,0.017726396917148363,0.011096816954765705,6.57893762172991,2998.1536801541424,0.4503379122761544,2.812974665630451,0.034068338866940086,0.105,0.0,0.105,0.32446037016133417,3.0820404954317273
14,0.06,mixnet_attribution,16,0.01882191572049074,0.011051410443932371,6.57800666726851,2964.0111255048387,0.44653233033022843,2.761800906725001,0.03471234131780153,0.105,0.0,0.105,0.330593726836205,3.024860784776648
14,0.06,mixnet_attribution,17,0.01885649375236653,0.011402087303253082,6.572237206894123,2945.6,0.4356866930029355,2.7485449814095864,0.033068305303580674,0.105,0.0,0.105,0.3149362409864826,3.1752458747449173
14,0.06,mixnet_attribution,18,0.01627540688517213,0.010898958318389463,6.582385958442342,2916.9540988524714,0.4487663311010692,2.7727526198310977,0.031268132920820285,0.105,0.0,0.105,0.29779174210305037,3.358051478989473
14,0.06,mixnet_attribution,19,0.01731800766283525,0.011017629072749047,6.577122033094553,2980.096398467433,0.44816857381374575,2.7600049105396227,0.03352568069584569,0.105,0.0,0.105,0.31929219710329226,3.1319274604023475
14,0.06,mixnet_attribution,20,0.015220012055455093,0.010906860737341735,6.5825073604193625,2931.3802742616035,0.4415809783968143,2.7539966436914716,0.03233748603817246,0.105,0.0,0.105,0.3079760575064044,3.2470056539353065
14,0.06,mixnet_attribution,21,0.018080036311369996,0.01094535602950402,6.580565309922608,2941.826613208261,0.4474755356204696,2.7461008356309438,0.03106552630510203,0.105,0.0,0.105,0.295862155286686,3.379952393813311
14,0.06,mixnet_attribution,22,0.018011958146487296,0.011002772681557294,6.576400250157612,2906.9402092675637,0.4523382072511595,2.7990644196421375,0.03465106900870034,0.105,0.0,0.105,0.3300101810352413,3.030209543423787
14,0.06,mixnet_attribution,23,0.020537972258410607,0.011239655234237277,6.566713362388758,2980.373745114568,0.4448599219904281,2.743466658470636,0.03683395551113106,0.105,0.0,0.105,0.35079957629648634,2.850630581021076
14,0.06,mixnet_attribution,24,0.016837593754783407,0.010999535838242626,6.576619745566873,2976.6405173733356,0.44634781015338376,2.759235178194855,0.033915298290594774,0.105,0.0,0.105,0.3230028408628074,3.0959480025896777
14,0.06,mixnet_attribution,25,0.01623228166438043,0.010927985805274173,6.577847611864296,2964.3909465020574,0.44869091361761093,2.7885467116076113,0.03190203827386249,0.105,0.0,0.105,0.30382893594154753,3.2913257484875835
14,0.06,mixnet_attribution,26,0.019655460271685514,0.010969827478636458,6.578809277283732,2952.256659330652,0.44612803010386415,2.7599851451882254,0.03278468100983811,0.105,0.0,0.105,0.3122350572365535,3.2027153159883217
14,0.06,mixnet_attribution,27,0.01640215657984661,0.011028598894255084,6.576581741413235,2953.2886323942594,0.4440714609227143,2.7694161352793434,0.03433108462922876,0.105,0.0,0.105,0.3269627107545596,3.0584527443273735
14,0.06,mixnet_attribution,28,0.01909969290689836,0.010882768922300735,6.58410822866679,2913.2371357950715,0.44676603231346235,2.8310126468657195,0.03248871950802976,0.105,0.0,0.105,0.3094163762669501,3.2318909944742105
14,0.06,mixnet_attribution,29,0.01732879303821415,0.011002148547275157,6.57844727206495,2943.4709799470297,0.45046333366190083,2.802415789792753,0.032881059812045976,0.105,0.0,0.105,0.3131529505909141,3.1933277272751788
14,0.06,mixnet_attribution_oracle,0,0.18054813344530116,0.15299547191217525,2.845783200258103,2969.2705550041987,0.44625541783170775,2.748996400785514,0.032607366182059935,0.105,0.0,0.105,0.310546344591047,3.220131286094777
14,0.06,mixnet_attribution_oracle,1,0.2048229316751346,0.1564881102038858,2.844586614777567,2949.460529309168,0.44920425571035594,2.782917610520014,0.034989727211385435,0.105,0.0,0.105,0.33323549725128987,3.0008807832555395
14,0.06,mixnet_attribution_oracle,2,0.18563594019983473,0.15350087274223756,2.8493836107699164,2922.0250920291487,0.4452561409852933,2.772568016398074,0.031318615204532434,0.105,0.0,0.105,0.2982725257574518,3.3526386564117425
14,0.06,mixnet_attribution_oracle,3,0.1883623275344931,0.1563041211208502,2.8341839725520686,2916.6725404919016,0.45326778673916124,2.79701632617632,0.0330416955617452,0.105,0.0,0.105,0.3146828148737638,3.177803021754314
14,0.06,mixnet_attribution_oracle,4,0.19409314653540324,0.1557013175678885,2.838532356891315,2944.958424839076,0.4414619129966013,2.751011764011502,0.03353557159407877,0.105,0.0,0.105,0.31938639613408354,3.1310037374922626
14,0.06,mixnet_attribution_oracle,5,0.19439366240097503,0.1552698534960408,2.841161142888773,2961.719454600853,0.4485529934463557,2.7888662647618476,0.033671138504219336,0.105,0.0,0.105,0.3206775095639937,3.118397674223057
14,0.06,mixnet_attribution_oracle,6,0.19420834900338474,0.15504696947940766,2.8458541139226945,2926.301842798044,0.44746120707714,2.7605938558410306,0.03285741750948608,0.105,0.0,0.105,0.3129277858046293,3.195625461729792
14,0.06,mixnet_attribution_oracle,7,0.18844866505799018,0.1539416412010965,2.848409396885077,3028.0666303417142,0.45125781258684583,2.7699108063146864,0.03271807006625528,0.105,0.0,0.105,0.31160066729766933,3.2092357460990573
14,0.06,mixnet_attribution_oracle,8,0.1905661803613274,0.15362513927013985,2.852171295453501,2940.3477965076727,0.4446095793682616,2.7826971369751234,0.030989050596895263,0.105,0.0,0.105,0.29513381520852633,3.3882935416717723
14,0.06,mixnet_attribution_oracle,9,0.1897743675453924,0.15554307010350016,2.840527067556498,2955.3055534452633,0.44523903692606837,2.7784250505404082,0.03265730512860345,0.105,0.0,0.105,0.3110219536057472,3.215207120933992
14,0.06,mixnet_attribution_oracle,10,0.20022684310018904,0.1567717758518274,2.8321421461809715,2941.2985255198487,0.4457427876186557,2.745028942847487,0.034654750028545726,0.105,0.0,0.105,0.33004523836710215,3.029887675239604
14,0.06,mixnet_attribution_oracle,11,0.18946809317854163,0.15590644491361869,2.8309728714220093,2951.106077851127,0.4473812535579782,2.7855285275287978,0.03341377814038041,0.105,0.0,0.105,0.3182264584798134,3.14241626789004
14,0.06,mixnet_attribution_oracle,12,0.19028901734104045,0.1536694536836127,2.852068130076994,2997.4711368015414,0.44420778009225614,2.7276947237569797,0.03074537265629038,0.105,0.0,0.105,0.2928130729170512,3.4151480671195382
14,0.06,mixnet_attribution_oracle,13,0.1869808186074611,0.1558388161564558,2.8338212769023596,2937.81951366863,0.4468690790235996,2.7539889526041135,0.03439752087474268,0.105,0.0,0.105,0.32759543690231124,3.0525455710123315
14,0.06,mixnet_attribution_oracle,14,0.18212582679587755,0.1545712412910881,2.8454004259279353,2991.638440239963,0.4415389090136159,2.7346119005010863,0.0330403473365758,0.105,0.0,0.105,0.31466997463405527,3.17793269333354
14,0.06,mixnet_attribution_oracle,15,0.18390017499809785,0.1532657357547165,2.8504823480732933,2959.2062694970705,0.4436933917168062,2.757452347184594,0.031590336228423894,0.105,0.0,0.105,0.30086034503260856,3.3238012802638237
14,0.06,mixnet_attribution_oracle,16,0.18387219475085584,0.15300334983638925,2.8544343652700443,2958.1770254849753,0.44292347045848146,2.7351545721426733,0.030992048718607428,0.105,0.0,0.105,0.2951623687486422,3.3879657635204565
14,0.06,mixnet_attribution_oracle,17,0.18172880586856235,0.15294210349087456,2.8538790724771785,2941.7337215457915,0.4441248338553123,2.786051852373424,0.031225871967589358,0.105,0.0,0.105,0.2973892568341844,3.3625962506021896
14,0.06,mixnet_attribution_oracle,18,0.19553886248658592,0.15624972521086233,2.833532495558062,2980.5157136286984,0.44142029792419635,2.7644587341053617,0.033480061086863716,0.105,0.0,0.105,0.3188577246367973,3.1361949946142107
14,0.06,mixnet_attribution_oracle,19,0.18674837227116048,0.15358512489853987,2.852074593170953,2979.4605132133283,0.44743049005046487,2.7691078502392736,0.03306271714079533,0.105,0.0,0.105,0.314883020388527,3.1757825454231314
14,0.06,mixnet_attribution_oracle,20,0.2012181195279787,0.1562255363897845,2.839144536198904,2960.4263418347928,0.4496294006530661,2.754453193898062,0.034596689450416065,0.105,0.0,0.105,0.329492280480153,3.0349724689839435
14,0.06,mixnet_attribution_oracle,21,0.1938073394495413,0.15532933901661733,2.839874210157132,2972.916743119266,0.447047715599183,2.772609006590854,0.03264279107040015,0.105,0.0,0.105,0.3108837244800014,3.216636707735815
14,0.06,mixnet_attribution_oracle,22,0.1834862385321101,0.1517272395793183,2.86172964815839,2948.4630373796344,0.4516416522092186,2.7978641035964236,0.029217823148716928,0.105,0.0,0.105,0.27826498236873265,3.5936968837670222
14,0.06,mixnet_attribution_oracle,23,0.19778146694838514,0.15716940517983174,2.8316707454069627,2934.8640205252036,0.4451850334298797,2.7741028796469487,0.03513282891076335,0.105,0.0,0.105,0.3345983705786986,2.9886577100494183
14,0.06,mixnet_attribution_oracle,24,0.19106376456161864,0.15599129690247415,2.8382094657855403,2979.748543838136,0.4461696252110414,2.8196281928729716,0.03324687177244795,0.105,0.0,0.105,0.3166368740233138,3.1581918659491643
14,0.06,mixnet_attribution_oracle,25,0.19193070435377252,0.15625643887734847,2.8318877508312505,2955.33219360231,0.4468232713988982,2.8069991854923515,0.03468089268920451,0.105,0.0,0.105,0.330294216087662,3.0276037281094688
14,0.06,mixnet_attribution_oracle,26,0.19301428895441144,0.15647225417223445,2.8357788632189824,2940.365540182959,0.4419869412085973,2.7514783247753485,0.032734840402729976,0.105,0.0,0.105,0.3117603847879045,3.207591627397803
14,0.06,mixnet_attribution_oracle,27,0.198577220224891,0.1563691889538824,2.8404697508608656,2974.721028073128,0.4434662557323463,2.790653860871145,0.032493730308361855,0.105,0.0,0.105,0.3094640981748748,3.2313926103147215
14,0.06,mixnet_attribution_oracle,28,0.18957595842434286,0.15540125644930405,2.8364021768303562,2929.1274384273556,0.44841087417444214,2.7924158994837636,0.03399967023930405,0.105,0.0,0.105,0.32380638323146715,3.0882652467205007
14,0.06,mixnet_attribution_oracle,29,0.19605024213075062,0.1564011209398962,2.8363782299875315,2942.8757566585955,0.44926642513019033,2.7952911635293383,0.03336341570388715,0.105,0.0,0.105,0.3177468162274967,3.147159779199901
14,0.12,mixnet_attribution,0,0.01410383471830449,0.010348073605118416,6.621777862061942,2965.228177174659,0.6373178894573357,3.5378648468391782,0.032730145127536435,0.21,0.0,0.21,0.1558578339406497,6.4161035394653165
14,0.12,mixnet_attribution,1,0.011652542372881356,0.010304158654028799,6.624726621878816,2943.0398002421307,0.6407999402727,3.5540711929257434,0.03125862257693127,0.21,0.0,0.21,0.14885058369967274,6.718146312530709
14,0.12,mixnet_attribution,2,0.01623931623931624,0.010402028047399326,6.619913040605741,3022.240947940948,0.6431183917156886,3.55995595690572,0.03431342032157645,0.21,0.0,0.21,0.16339723962655453,6.120054428615236
14,0.12,mixnet_attribution,3,0.012841694202463201,0.010351389297341713,6.622047055038434,2920.1842144788225,0.6433572837559041,3.5313155760329185,0.031421023302295424,0.21,0.0,0.21,0.14962392048712106,6.683423323920157
14,0.12,mixnet_attribution,4,0.012814645308924484,0.01037477829770557,6.620889297061764,2966.2747520976354,0.6411261358880438,3.526160344144352,0.03657268611200327,0.21,0.0,0.21,0.1741556481523965,5.741990056647148
14,0.12,mixnet_attribution,5,0.013817963352358065,0.01032097667171462,6.625967162475963,2921.0498648242715,0.6408380001375917,3.560210301503246,0.03304884762520269,0.21,0.0,0.21,0.15737546488191756,6.354230634046565
14,0.12,mixnet_attribution,6,0.01399394856278366,0.010321426671399942,6.623647393330208,2942.4160363086235,0.6343677447293885,3.542281195156438,0.03225291188878824,0.21,0.0,0.21,0.15358529470851542,6.511040017847201
14,0.12,mixnet_attribution,7,0.0155915622133904,0.01031100662232815,6.626604826916665,2972.712396820544,0.6388912461115979,3.5586929174518342,0.030538806543072755,0.21,0.0,0.21,0.14542288830034647,6.876496620907904
14,0.12,mixnet_attribution,8,0.01344846030411859,0.010352913076088394,6.624884839120459,2972.110414915565,0.6419079832267016,3.5310300904280507,0.03433206071287403,0.21,0.0,0.21,0.16348600339463823,6.116731580905454
14,0.12,mixnet_attribution,9,0.018404907975460124,0.010327525444453763,6.62436569978198,2982.312039877301,0.6468318357656244,3.5326066609004636,0.032592058849511246,0.21,0.0,0.21,0.15520028023576785,6.443287334796561
14,0.12,mixnet_attribution,10,0.014622748172156478,0.01033288536441364,6.6246260235562575,2931.796035275496,0.6442987965710927,3.55856789388064,0.033722700076858916,0.21,0.0,0.21,0.16058428608028055,6.227259368952652
14,0.12,mixnet_attribution,11,0.016508178014454165,0.010365034997476071,6.6218247888890955,2958.6058577405856,0.6367881627520546,3.4946190122502636,0.03315117251075868,0.21,0.0,0.21,0.157862726241708,6.334617574441685
14,0.12,mixnet_attribution,12,0.015598178968579745,0.010307047175452293,6.62680055248873,2902.536234047317,0.6436500578129198,3.5219646484438325,0.031711356351011466,0.21,0.0,0.21,0.15100645881434033,6.622233299500664
14,0.12,mixnet_attribution,13,0.0176413182193529,0.010368982976036062,6.6220959663640615,2919.9063133398395,0.639513134927256,3.5525283882821745,0.033994365851631896,0.21,0.0,0.21,0.16187793262681854,6.177494262329914
14,0.12,mixnet_attribution,14,0.018213686937966773,0.010405348070058367,6.6234904195514135,2963.9644109129704,0.6428799232235178,3.5313895597816862,0.03419044655886612,0.21,0.0,0.21,0.16281165028031486,6.142066604437013
14,0.12,mixnet_attribution,15,0.013409961685823755,0.010358132781375552,6.622642585137842,2979.9105747126437,0.6447069493005984,3.5929201191275246,0.03303870818571273,0.21,0.0,0.21,0.15732718183672728,6.356180720492349
14,0.12,mixnet_attribution,16,0.013121333744983019,0.010327392143649175,6.624349223312647,3001.646495832047,0.6426859333296306,3.6022422304374118,0.03257193109690962,0.21,0.0,0.21,0.1551044337948077,6.447268949918801
14,0.12,mixnet_attribution,17,0.012041724190826815,0.010306269416192679,6.626238780367876,2983.552385335174,0.6413100303907413,3.545679771119881,0.031440252553428326,0.21,0.0,0.21,0.1497154883496587,6.679335658743017
14,0.12,mixnet_attribution,18,0.014458384332925336,0.010345349441483033,6.622651312655324,2975.971542227662,0.6449121014447883,3.5641089563218684,0.034967140064181376,0.21,0.0,0.21,0.1665101907818161,6.005638425520356
14,0.12,mixnet_attribution,19,0.015893438280481346,0.010325543967048517,6.623259582306422,2942.927874063422,0.6426868611888494,3.546407761148753,0.03314406922916224,0.21,0.0,0.21,0.15782890109124878,6.335975179994759
14,0.12,mixnet_attribution,20,0.01328954403116169,0.010265942513769279,6.630837635116516,2970.578324295425,0.6424862548883539,3.523130281325086,0.02901058591568182,0.21,0.0,0.21,0.13814564721753247,7.238736942795885
14,0.12,mixnet_attribution,21,0.015349716446124763,0.010402819036475039,6.621561656403731,2940.6494517958413,0.643329064041609,3.5202078322749535,0.033987366132229246,0.21,0.0,0.21,0.16184460062966308,6.178766521153371
14,0.12,mixnet_attribution,22,0.012776191191943485,0.010310166894471373,6.625444706915946,2922.69667819029,0.6421203703794163,3.596937786354251,0.032115865273403904,0.21,0.0,0.21,0.15293269177811383,6.538824291740544
14,0.12,mixnet_attribution,23,0.013753361505954667,0.010316890822922116,6.6269546023707875,2987.3045716480983,0.6366220715281088,3.5439613944405473,0.03106776906619541,0.21,0.0,0.21,0.1479417574580734,6.759416794703142
14,0.12,mixnet_attribution,24,0.01503873613853866,0.01031317744467639,6.623728740299899,2953.629804040711,0.6436123836319894,3.552483063659335,0.0320440066491501,0.21,0.0,0.21,0.15259050785309572,6.553487592837264
14,0.12,mixnet_attribution,25,0.017242677509223703,0.010370665471653894,6.623580550595643,2928.2313831789775,0.6414448527211789,3.593054525855969,0.03427414968324061,0.21,0.0,0.21,0.16321023658686004,6.1270666651341
14,0.12,mixnet_attribution,26,0.013189812007277138,0.01031320913323174,6.623868359220859,2947.7139933292906,0.6456323735474143,3.5962486349855345,0.03211712447449162,0.21,0.0,0.21,0.15293868797376964,6.538567927112785
14,0.12,mixnet_attribution,27,0.015220700152207,0.01032397590558888,6.622738237929274,2959.024200913242,0.6376605482655577,3.531979774325668,0.03047414216734826,0.21,0.0,0.21,0.14511496270165838,6.89108815095724
14,0.12,mixnet_attribution,28,0.01536932252638018,0.01036982933301572,6.620915947503289,2973.923535708824,0.6421875339583494,3.516273308877012,0.03488985349227204,0.21,0.0,0.21,0.16614215948700972,6.01894186934646
14,0.12,mixnet_attribution,29,0.0155420773313116,0.010363947382535986,6.626377907833262,2948.2626231993936,0.6443124765355606,3.57615552221111,0.03228571178993358,0.21,0.0,0.21,0.15374148471396942,6.504425281572273
14,0.12,mixnet_attribution_oracle,0,0.16912442396313365,0.14537390449375334,2.894626418174323,2986.961520737327,0.6418765730923042,3.5055824618753335,0.03581332634956038,0.21,0.0,0.21,0.17053964928362086,5.863739043680812
14,0.12,mixnet_attribution_oracle,1,0.16491845953602327,0.14483775706034704,2.899397539991321,2977.954980476227,0.6506469169689808,3.612361273672706,0.03179094657015085,0.21,0.0,0.21,0.1513854598578612,6.6056542083957055
14,0.12,mixnet_attribution_oracle,2,0.1683369753598071,0.14492108050643163,2.898100252984072,2930.1681109185442,0.6448518019169569,3.5428777927205797,0.03495519838675423,0.21,0.0,0.21,0.16645332565121063,6.007690120264814
14,0.12,mixnet_attribution_oracle,3,0.1639080459770115,0.1442189133982515,2.902432476885755,2979.367662835249,0.6379829783109017,3.4896505272280316,0.030184426621466476,0.21,0.0,0.21,0.14373536486412608,6.957230052223446
14,0.12,mixnet_attribution_oracle,4,0.17143289453775154,0.14535313492584315,2.900035819058442,2942.512861249811,0.6395314182445873,3.587796044732213,0.03371662208493908,0.21,0.0,0.21,0.16055534326161466,6.22838193787524
14,0.12,mixnet_attribution_oracle,5,0.16459909228441755,0.14476642180304156,2.8989589079531504,2942.025794251135,0.6493208396714181,3.5777197628052826,0.037125434243245485,0.21,0.0,0.21,0.1767877821106928,5.65649949369163
14,0.12,mixnet_attribution_oracle,6,0.15869995433094838,0.14413879080207267,2.9055791418893473,2959.158091033643,0.6380254566320218,3.5090401111375815,0.031795062536554904,0.21,0.0,0.21,0.1514050596978805,6.604799086605419
14,0.12,mixnet_attribution_oracle,7,0.1703872437357631,0.1452212050780339,2.901582551563972,2952.721260440395,0.6409022729494609,3.573548203166222,0.03538502808639488,0.21,0.0,0.21,0.16850013374473755,5.9347133902867375
14,0.12,mixnet_attribution_oracle,8,0.16145481814773152,0.14363142025448528,2.910250180987363,2916.062467191601,0.6459388052753638,3.541324345847249,0.03435737070908504,0.21,0.0,0.21,0.16360652718611923,6.112225576809641
14,0.12,mixnet_attribution_oracle,9,0.16901623104473062,0.1437193517158466,2.911073751706953,2963.2348548350224,0.6411871257878374,3.509239737489809,0.032414273442734544,0.21,0.0,0.21,0.15435368306064068,6.478627397618569
14,0.12,mixnet_attribution_oracle,10,0.16533654570094866,0.144914519741843,2.902603534633458,2928.4178587562114,0.6352652830828447,3.5269535433998507,0.03320478926991317,0.21,0.0,0.21,0.15811804414244365,6.324388879356052
14,0.12,mixnet_attribution_oracle,11,0.16225589987182387,0.14417038286792677,2.9036006261703093,2932.0530799969843,0.6370276371308137,3.5532436744849276,0.030511447860106875,0.21,0.0,0.21,0.1452926088576518,6.882662565304575
14,0.12,mixnet_attribution_oracle,12,0.1702747088683189,0.144952938684671,2.9000537296990103,2903.0684532696328,0.6450459020561539,3.5894832076291627,0.035592471548757776,0.21,0.0,0.21,0.1694879597559894,5.9001241235052495
14,0.12,mixnet_attribution_oracle,13,0.16679331306990883,0.1441909844037605,2.90725835170708,2955.2936930091187,0.6386363768251613,3.5501681232708986,0.034513012814529793,0.21,0.0,0.21,0.1643476800691895,6.0846614906824685
14,0.12,mixnet_attribution_oracle,14,0.16158536585365854,0.144514710420861,2.903969206363142,2965.0931402439023,0.6385860021400731,3.5354239593152186,0.032238246864980245,0.21,0.0,0.21,0.1535154612618107,6.514001858708972
14,0.12,mixnet_attribution_oracle,15,0.16666666666666666,0.14543988058626392,2.8974432221456214,2948.384417159315,0.6399652359832544,3.5501062267896604,0.03206412482529697,0.21,0.0,0.21,0.15268630869189034,6.549375700855576
14,0.12,mixnet_attribution_oracle,16,0.1648840012051823,0.14468006847408466,2.902424117593778,2929.8377523350405,0.6413933587900829,3.560415680256652,0.030665857321153057,0.21,0.0,0.21,0.14602789200549074,6.84800681750853
14,0.12,mixnet_attribution_oracle,17,0.1629888905798204,0.14402485843252597,2.903707897275771,2959.035839293867,0.6453534561442211,3.6137691509055907,0.03195172186198316,0.21,0.0,0.21,0.1521510564856341,6.572415749833579
14,0.12,mixnet_attribution_oracle,18,0.1728897940710568,0.14371459575066647,2.9111642724905837,2934.2141510145584,0.6399771867727395,3.550717284399824,0.03242136490392589,0.21,0.0,0.21,0.1543874519234566,6.47721034022757
14,0.12,mixnet_attribution_oracle,19,0.16448070764068934,0.1442223632530319,2.898347175573776,2965.066493823395,0.6408845812547952,3.5535765826294248,0.03281561124187755,0.21,0.0,0.21,0.15626481543751214,6.399393217213919
14,0.12,mixnet_attribution_oracle,20,0.16681943171402383,0.14337047671923225,2.9131966220188765,2970.436144210205,0.6392951969173737,3.56564633661452,0.03214652046923965,0.21,0.0,0.21,0.15307866890114122,6.532588813179476
14,0.12,mixnet_attribution_oracle,21,0.16522132569187845,0.14501172105362528,2.896991967910964,2932.603272754694,0.6490261386497878,3.604392100550652,0.03351390402167595,0.21,0.0,0.21,0.15959001915083787,6.266056018546132
14,0.12,mixnet_attribution_oracle,22,0.17069463444292446,0.14487530095973344,2.9042585511021883,2955.4858641130872,0.6436945384775754,3.534067990924903,0.03475477524041964,0.21,0.0,0.21,0.165498929716284,6.042335148114294
14,0.12,mixnet_attribution_oracle,23,0.16381025248661055,0.14428883301406337,2.904887330842714,2975.8840091813313,0.643558244977612,3.5721427898077858,0.03356648427422209,0.21,0.0,0.21,0.15984040130581947,6.256240548888011
14,0.12,mixnet_attribution_oracle,24,0.1643160448892933,0.14407667723072204,2.9059128658121267,2949.252957233849,0.6351144474756438,3.5244374076988514,0.03142737586287012,0.21,0.0,0.21,0.14965417077557203,6.682072372708169
14,0.12,mixnet_attribution_oracle,25,0.16816526714720964,0.14433185834528364,2.9055381406412897,2889.7665155681057,0.6435848874680232,3.5175607612966533,0.03221908639961847,0.21,0.0,0.21,0.15342422095056416,6.517875690059503
14,0.12,mixnet_attribution_oracle,26,0.16927260367097213,0.14509481030427387,2.9007936549913547,2937.4669536974093,0.6397726395807695,3.5337023484504355,0.03426495085273776,0.21,0.0,0.21,0.16316643263208458,6.128711548501202
14,0.12,mixnet_attribution_oracle,27,0.17036420080260467,0.14502106631624784,2.897948991917114,2945.556901643068,0.641777534794528,3.5463365871660124,0.03355291891529771,0.21,0.0,0.21,0.1597758043585605,6.258769930870461
14,0.12,mixnet_attribution_oracle,28,0.1615687462144155,0.1446380083428032,2.9033109316245196,2944.773167777105,0.6443012313975487,3.5707405370878362,0.03240986002145069,0.21,0.0,0.21,0.1543326667688128,6.47950962642264
14,0.12,mixnet_attribution_oracle,29,0.15986496624156038,0.1450342742773637,2.8987211106175557,2917.8528132033007,0.6416984146635514,3.563249875900359,0.03192625509640359,0.21,0.0,0.21,0.15202978617335042,6.5776583995175795
14,0.25,mixnet_attribution,0,0.01329028382640036,0.010100827904289584,6.642785846292557,2919.8034990238775,1.064785729162395,5.126049716491701,0.03428536214758797,0.4375,0.0,0.4375,0.07836654205162964,12.760547726364875
14,0.25,mixnet_attribution,1,0.010460885385081867,0.010105775693684206,6.642078964962867,2947.980215281989,1.0591777371591888,5.217312700895894,0.03245399951847191,0.4375,0.0,0.4375,0.07418057032793579,13.480618921898586
14,0.25,mixnet_attribution,2,0.011568123393316195,0.01010629794449485,6.642282167321337,2939.5396945410557,1.0676469230966177,5.250895138712093,0.0314624185354464,0.4375,0.0,0.4375,0.07191409950959178,13.905478992566984
14,0.25,mixnet_attribution,3,0.010560705060021273,0.010093401727002509,6.642518658700919,2954.53069442334,1.0663850852288306,5.226659016258149,0.032929593055236975,0.4375,0.0,0.4375,0.07526764126911309,13.285921853517165
14,0.25,mixnet_attribution,4,0.010621468926553673,0.010070016916705013,6.644452441242265,2930.269604519774,1.06259405091987,5.174992073011318,0.031539298012648945,0.4375,0.0,0.4375,0.07208982402891187,13.87158331249285
14,0.25,mixnet_attribution,5,0.012676705593116165,0.010122257395095046,6.6425653802308116,2988.7022126613397,1.0605663475871552,5.184407252027362,0.03204593923054105,0.4375,0.0,0.4375,0.07324786109837954,13.652275779860595
14,0.25,mixnet_attribution,6,0.012202609363008442,0.01011589753576536,6.640319226921858,2985.200460475825,1.0595139043871313,5.225503830778971,0.03389257682366668,0.4375,0.0,0.4375,0.07746874702552384,12.908431314508382
14,0.25,mixnet_attribution,7,0.013313161875945537,0.010112217352621435,6.641047056329611,2941.936308623298,1.0652545865159482,5.230989934958757,0.031861761759910054,0.4375,0.0,0.4375,0.07282688402265156,13.731192998576834
14,0.25,mixnet_attribution,8,0.013132075471698113,0.010094279842194244,6.642229919362682,2935.0792452830187,1.0630954710650258,5.222885040646432,0.03248749254608294,0.4375,0.0,0.4375,0.07425712581961816,13.466721058247689
14,0.25,mixnet_attribution,9,0.011128656289946613,0.010093582650966992,6.642637981553585,2923.9050304534176,1.0634727980359457,5.159210474061637,0.03260029736527654,0.4375,0.0,0.4375,0.07451496540634638,13.42012298531955
14,0.25,mixnet_attribution,10,0.010674540086304793,0.010095607642717412,6.642804811648293,2943.718298130063,1.0683202451036777,5.181826418222218,0.033496826750337286,0.4375,0.0,0.4375,0.07656417542934237,13.060938675201367
14,0.25,mixnet_attribution,11,0.015652043043118367,0.01009991753377317,6.643630156564646,2926.550455263752,1.063503438985208,5.216847002017051,0.03306270375363673,0.4375,0.0,0.4375,0.0755718942940268,13.232432630434142
14,0.25,mixnet_attribution,12,0.013821752265861027,0.01010451954982769,6.643247045325294,2937.6825528700906,1.0632556031050626,5.218469752397397,0.0308187954965029,0.4375,0.0,0.4375,0.07044296113486377,14.19588251103598
14,0.25,mixnet_attribution,13,0.013728046629342742,0.010118265707085159,6.640882226643541,2983.127847227548,1.062775653990684,5.225793365917454,0.033549145411979855,0.4375,0.0,0.4375,0.07668376094166825,13.040570620430048
14,0.25,mixnet_attribution,14,0.011325374961738598,0.010075291193726165,6.6443049878568985,2976.028160391797,1.0688594187959097,5.259512004238016,0.03191213031891608,0.4375,0.0,0.4375,0.07294201215752247,13.709520349403613
14,0.25,mixnet_attribution,15,0.011026929712699722,0.010132680793712842,6.641230168297426,2916.8829795214165,1.0641861619078554,5.248463078475954,0.03652613247514484,0.4375,0.0,0.4375,0.08348830280033107,11.977725818568617
14,0.25,mixnet_attribution,16,0.012316581768417852,0.010100907190847332,6.642212318286847,2957.16315669429,1.0644470517872833,5.225680022662418,0.03153927284906373,0.4375,0.0,0.4375,0.07208976651214567,13.871594379925204
14,0.25,mixnet_attribution,17,0.010842368640533779,0.010095972360097355,6.6416892986783855,2949.2794753203425,1.0731285653600935,5.269203633563976,0.03719565320714676,0.4375,0.0,0.4375,0.08501863590204974,11.762127084138394
14,0.25,mixnet_attribution,18,0.012985040625711899,0.01008792058196111,6.643441665226706,2953.2621307616373,1.063691631454276,5.239919738740577,0.03243782182121649,0.4375,0.0,0.4375,0.07414359273420912,13.487342103650311
14,0.25,mixnet_attribution,19,0.011467370803470388,0.010073508071342115,6.64351124804493,2933.8741606940775,1.0608407090767287,5.218281396275788,0.030922286384920943,0.4375,0.0,0.4375,0.07067951173696216,14.148371648654807
14,0.25,mixnet_attribution,20,0.009019934813916471,0.010062513252751015,6.646650779940335,2948.5023118320323,1.057094474817859,5.125990608923926,0.03196367175595916,0.4375,0.0,0.4375,0.07305982115647809,13.687413740833279
14,0.25,mixnet_attribution,21,0.013060546580099653,0.010104650420194709,6.641893312769678,2936.011399667824,1.06343677820405,5.169300044723743,0.03447618091261507,0.4375,0.0,0.4375,0.07880269922883444,12.689920647211704
14,0.25,mixnet_attribution,22,0.011601282246985194,0.010107377260432078,6.6421684879366945,2968.314150511372,1.0634105462522712,5.173546280237215,0.03447782162380222,0.4375,0.0,0.4375,0.07880644942583363,12.689316766404005
14,0.25,mixnet_attribution,23,0.009969035571331471,0.010075107386419221,6.6435214899995945,2935.873121365456,1.0669724658946507,5.223227674641643,0.03053308881974717,0.4375,0.0,0.4375,0.06978991730227925,14.328717365700925
14,0.25,mixnet_attribution,24,0.00942456516742012,0.01008649762643457,6.641240431270909,2980.163665619493,1.062376240210142,5.239462439622989,0.03253282063396588,0.4375,0.0,0.4375,0.0743607328776363,13.447957830721519
14,0.25,mixnet_attribution,25,0.010946949399066064,0.010077839493741325,6.644940682702213,2977.4320600168417,1.0625719988893252,5.2277841441239925,0.031331423796954465,0.4375,0.0,0.4375,0.07161468296446735,13.963616937271988
14,0.25,mixnet_attribution,26,0.010886703205946393,0.010109229045838476,6.64192728581587,2919.7504317140924,1.0637600581976585,5.31928754054788,0.032873136334284195,0.4375,0.0,0.4375,0.07513859733550673,13.30873925600219
14,0.25,mixnet_attribution,27,0.012769172648281073,0.010110949292453913,6.640477215433011,2938.2857574612767,1.0672177858068608,5.270514809610451,0.03305785545873556,0.4375,0.0,0.4375,0.07556081247710986,13.234373310939937
14,0.25,mixnet_attribution,28,0.011892137554915921,0.010099936197915747,6.643243099150783,2945.7828359339496,1.0632652252388652,5.256294178619465,0.03182528999658706,0.4375,0.0,0.4375,0.072743519992199,13.746928937549898
14,0.25,mixnet_attribution,29,0.00988231744115872,0.01007873760694523,6.643024387329486,2933.74570006035,1.061466407525586,5.107308665111687,0.0302537033422626,0.4375,0.0,0.4375,0.06915132192517166,14.461039531277445
14,0.25,mixnet_attribution_oracle,0,0.1555724033358605,0.14150708033526035,2.9194215434411124,2948.376194086429,1.0621326893742662,5.231301206578233,0.031232337704498427,0.4375,0.0,0.4375,0.07138820046742497,14.007917183124798
14,0.25,mixnet_attribution_oracle,1,0.14817082504209397,0.14007184979822535,2.935589118002198,2976.322057247819,1.0612168118241243,5.148449320541912,0.03425505015604754,0.4375,0.0,0.4375,0.07829725749953723,12.771839422420516
14,0.25,mixnet_attribution_oracle,2,0.14859010412708065,0.14024800981976251,2.9311358173240674,2955.6802462567452,1.0585839100240264,5.2319002069051965,0.03070947504998068,0.4375,0.0,0.4375,0.07019308582852726,14.246417409869572
14,0.25,mixnet_attribution_oracle,3,0.1497465827061895,0.1409897648727234,2.924911718495403,2986.791199508524,1.0587866519053932,5.15288055541884,0.03253762792896593,0.4375,0.0,0.4375,0.07437172098049356,13.44597095261898
14,0.25,mixnet_attribution_oracle,4,0.15495836487509462,0.14071808828526366,2.927508475782023,2944.222331566995,1.0640794795763213,5.21136204789879,0.03347731862081057,0.4375,0.0,0.4375,0.07651958541899559,13.06854963372234
14,0.25,mixnet_attribution_oracle,5,0.1531436334817722,0.1402953139154204,2.9283885403057273,2934.9247490376633,1.0557293677702546,5.153467560184562,0.03039309297931986,0.4375,0.0,0.4375,0.06946992680987397,14.394717914944845
14,0.25,mixnet_attribution_oracle,6,0.15008304393779254,0.14064523112129013,2.927449475488414,2936.533368564095,1.0701514891115949,5.205775353467009,0.03520007713680382,0.4375,0.0,0.4375,0.08045731916983731,12.4289500360943
14,0.25,mixnet_attribution_oracle,7,0.14764895083473734,0.14064751536504272,2.923834966011626,2978.7798284576506,1.0668991530546919,5.260348905188801,0.031127550278417106,0.4375,0.0,0.4375,0.07114868635066766,14.0550732738949
14,0.25,mixnet_attribution_oracle,8,0.14617362371445855,0.14088851807567046,2.921859123383639,2941.071990320629,1.0598243584681768,5.153763179800615,0.03270447344418335,0.4375,0.0,0.4375,0.07475308215813337,13.377374833650212
14,0.25,mixnet_attribution_oracle,9,0.15407262021589793,0.14057390984864576,2.9284951262309895,2935.668075790745,1.0646511743834708,5.176993027554632,0.032438816283963154,0.4375,0.0,0.4375,0.07414586579191577,13.486928628042689
14,0.25,mixnet_attribution_oracle,10,0.1542608956118017,0.14177104591881476,2.91742694268948,2912.495656732065,1.0630347339611035,5.227652131541779,0.03430146731186669,0.4375,0.0,0.4375,0.07840335385569529,12.754556416560224
14,0.25,mixnet_attribution_oracle,11,0.1514670296430732,0.14188524777377226,2.9177908828204586,2940.7162734422263,1.0674230143486056,5.183364227482325,0.03438067652271188,0.4375,0.0,0.4375,0.0785844034804843,12.725171353477801
14,0.25,mixnet_attribution_oracle,12,0.1490293828839036,0.14156825435409542,2.9168705617712383,2937.963063675504,1.0707478919939604,5.241868751503063,0.032380018253646975,0.4375,0.0,0.4375,0.07401147029405022,13.511419189849413
14,0.25,mixnet_attribution_oracle,13,0.1494635030980807,0.14071004048905256,2.9237055130170777,2939.0986852047754,1.0728270712133963,5.286893803773019,0.03277253872576866,0.4375,0.0,0.4375,0.07490865994461407,13.349591365529426
14,0.25,mixnet_attribution_oracle,14,0.15039092442127855,0.1409497094307288,2.922163331920944,2981.1608922275027,1.0599459894001484,5.201279473354773,0.03152985298893908,0.4375,0.0,0.4375,0.07206823540328933,13.875738658010185
14,0.25,mixnet_attribution_oracle,15,0.15544041450777202,0.14076096988976017,2.9268764625076824,2919.6819103401667,1.065854318003403,5.210792954377935,0.0338326998577695,0.4375,0.0,0.4375,0.07733188538918744,12.93127660042568
14,0.25,mixnet_attribution_oracle,16,0.15054827901309778,0.14153070905024942,2.919271113618122,2961.855696009747,1.0625068861700129,5.198421134812575,0.03327837989409374,0.4375,0.0,0.4375,0.07606486832935712,13.146673647945454
14,0.25,mixnet_attribution_oracle,17,0.14274958590573708,0.14064523020479383,2.9283273272347907,2928.333308236711,1.0684862941270694,5.3153305388388565,0.033125992606039975,0.4375,0.0,0.4375,0.07571655452809137,13.207151411373228
14,0.25,mixnet_attribution_oracle,18,0.1575232103122842,0.14117991710259575,2.9241734083858404,2983.577227039055,1.0660186339810025,5.268718681947204,0.03360304180983566,0.4375,0.0,0.4375,0.07680695270819579,13.019654663285367
14,0.25,mixnet_attribution_oracle,19,0.15229796421961753,0.1415253001798525,2.9206325123597234,2998.9002159161014,1.0669925010879524,5.214750544267752,0.03519220768726168,0.4375,0.0,0.4375,0.08043933185659813,12.431729315986031
14,0.25,mixnet_attribution_oracle,20,0.15829710688052764,0.14156719036486956,2.9223849569429663,2915.0334282716235,1.0643010722124018,5.215730183405523,0.03161289492464737,0.4375,0.0,0.4375,0.07225804554205113,13.83928934831267
14,0.25,mixnet_attribution_oracle,21,0.155032897224533,0.14147881030642767,2.9197316419063393,2941.4783332072902,1.0628996164887212,5.248887083165514,0.0313248548085256,0.4375,0.0,0.4375,0.0715996681337728,13.96654518190861
14,0.25,mixnet_attribution_oracle,22,0.15335071308081583,0.14179100342927672,2.9159952437104764,2981.5446250575064,1.0667523109004833,5.1913959373107685,0.032895642576664275,0.4375,0.0,0.4375,0.07519004017523263,13.299633803486076
14,0.25,mixnet_attribution_oracle,23,0.15322148165172758,0.14088823039758377,2.9266540213005814,2979.898720600628,1.066958346258616,5.215701103352794,0.032028068643539666,0.4375,0.0,0.4375,0.07320701404237638,13.659893291387942
14,0.25,mixnet_attribution_oracle,24,0.15336592704024068,0.1399931132720277,2.929282744582841,2925.5177134261,1.0669238758273423,5.193404671436366,0.032440112829361746,0.4375,0.0,0.4375,0.07414882932425541,13.486389591222878
14,0.25,mixnet_attribution_oracle,25,0.15267685006673587,0.14130282239568615,2.9231793863504913,2884.311878985615,1.0689887863118201,5.196350246270582,0.030855635403802383,0.4375,0.0,0.4375,0.07052716663726259,14.178933419276994
14,0.25,mixnet_attribution_oracle,26,0.14637626736763049,0.14101856459975426,2.925014624251978,2920.3990987607963,1.0609864635334816,5.231368169615875,0.031190140819163388,0.4375,0.0,0.4375,0.07129175044380202,14.026868379228274
14,0.25,mixnet_attribution_oracle,27,0.1519566709893966,0.14071578336824028,2.927060980777815,2967.1447860248686,1.061340510554146,5.22070231043187,0.03170077359940551,0.4375,0.0,0.4375,0.07245891108435545,13.800925035097707
14,0.25,mixnet_attribution_oracle,28,0.15649440269897255,0.14116961430450467,2.9244340987200754,2982.6689158104587,1.0695789736346342,5.2646700367474075,0.032815106100271635,0.4375,0.0,0.4375,0.07500595680062087,13.332274430658583
14,0.25,mixnet_attribution_oracle,29,0.1464377943186997,0.14152758742994892,2.922957644510405,2954.241607169983,1.0609084038587753,5.267855677224511,0.03282509822944708,0.4375,0.0,0.4375,0.0750287959530219,13.32821601756923
14,0.5,mixnet_attribution,0,0.010338062179293691,0.01002879377480975,6.647765061823517,2935.1356776335647,1.8813317029271275,8.35201577922681,0.03180644455135147,0.875,0.0,0.875,0.036350222344401675,27.510148095531818
14,0.5,mixnet_attribution,1,0.010523105078542016,0.010026045935798806,6.648340405420806,2965.58898886686,1.8764141032879706,8.498710632625993,0.03591511301927935,0.875,0.0,0.875,0.04104584345060497,24.363002826422882
14,0.5,mixnet_attribution,2,0.013086232980332829,0.010042440920664317,6.646272974381131,2941.7571860816943,1.8749168290523812,8.395444578133148,0.03416442176447964,0.875,0.0,0.875,0.03904505344511959,25.611438883175467
14,0.5,mixnet_attribution,3,0.014415376401494928,0.010030177272901836,6.648113923994526,2966.4690717717945,1.8751247100008186,8.405044066582988,0.0331261529692709,0.875,0.0,0.875,0.0378584605363096,26.41417495148573
14,0.5,mixnet_attribution,4,0.01105435694137379,0.010035316135261518,6.646809339066334,2964.1987497141113,1.8824758174305316,8.54038285521623,0.03646226042628634,0.875,0.0,0.875,0.04167115477289868,23.99741512923855
14,0.5,mixnet_attribution,5,0.010829231351760697,0.01002634704753581,6.6479406157020415,2945.2533131389623,1.8720076023892034,8.50865521707243,0.03279626624169655,0.875,0.0,0.875,0.037481447133367485,26.679866346722775
14,0.5,mixnet_attribution,6,0.009538950715421303,0.010011047700223869,6.648913287438734,2943.996214702097,1.8763203544076532,8.503637120466752,0.035951114195928766,0.875,0.0,0.875,0.04108698765249002,24.338605897757912
14,0.5,mixnet_attribution,7,0.00914380714879468,0.010024373748167354,6.647732562277752,2939.0709589662206,1.880534411437111,8.488035237316515,0.03243836860444568,0.875,0.0,0.875,0.03707242126222364,26.974229520287317
14,0.5,mixnet_attribution,8,0.014018691588785047,0.010021208119169725,6.649235229657063,2931.7209828157975,1.8763307314948179,8.389863183882799,0.03345705804320533,0.875,0.0,0.875,0.03823663776366324,26.15292710046574
14,0.5,mixnet_attribution,9,0.010868733256792959,0.010026112436949569,6.648661659654901,2976.8714887102947,1.871457477362128,8.499230763335174,0.033636017471139985,0.875,0.0,0.875,0.038441162824159984,26.013781231703728
14,0.5,mixnet_attribution,10,0.009945750452079566,0.010017576048027017,6.6494614700401025,2930.505801687764,1.875997240509605,8.546410966817607,0.030111525195346194,0.875,0.0,0.875,0.03441317165182422,29.058640979608473
14,0.5,mixnet_attribution,11,0.01390366205743808,0.010023216342551646,6.647670410199805,2954.4914906549157,1.881371156690875,8.493120597618663,0.03150355293390149,0.875,0.0,0.875,0.03600406049588741,27.774645032446426
14,0.5,mixnet_attribution,12,0.012360476440182785,0.01002246116622865,6.648772661924866,2913.2654880515393,1.8719561826146673,8.433207653453952,0.03116165645735906,0.875,0.0,0.875,0.03561332166555321,28.079380221565923
14,0.5,mixnet_attribution,13,0.01235886481537992,0.010023975778840679,6.648493125974311,2967.435001525786,1.8796850638755132,8.661011230383895,0.03239982784048205,0.875,0.0,0.875,0.03702837467483663,27.006316339333413
14,0.5,mixnet_attribution,14,0.010557273207148781,0.01002871265551729,6.6480863049937025,2932.7144257597465,1.8727389225387014,8.469836356012747,0.03427163421618188,0.875,0.0,0.875,0.03916758196135072,25.531318246471457
14,0.5,mixnet_attribution,15,0.013174831528734762,0.010036760911991896,6.6490780105874485,2944.8328916483683,1.8765026023320388,8.417432153219629,0.03431375593546599,0.875,0.0,0.875,0.03921572106910399,25.499977374835204
14,0.5,mixnet_attribution,16,0.011539331774643639,0.010040735774299819,6.646901539795956,2933.0532468511956,1.8786962564336136,8.561110922787517,0.03294785954214653,0.875,0.0,0.875,0.037654696619596036,26.557112120764927
14,0.5,mixnet_attribution,17,0.009396376757122453,0.010040421049859393,6.647089004994068,2924.3978050063897,1.873191727034282,8.490130208779028,0.03313433750698748,0.875,0.0,0.875,0.037867814293699974,26.407650366194197
14,0.5,mixnet_attribution,18,0.009349317650606951,0.010022406601919654,6.648301055315738,2932.126743572344,1.879684116662247,8.484195776845755,0.0324940935648268,0.875,0.0,0.875,0.03713610693123063,26.92797071733501
14,0.5,mixnet_attribution,19,0.011752957443539715,0.010040546938681942,6.6478086775967,2986.7192349055153,1.8710430203936994,8.416416039303648,0.03454571001591126,0.875,0.0,0.875,0.03948081144675573,25.32876005723974
14,0.5,mixnet_attribution,20,0.011178247734138972,0.010027144756681948,6.648382755491582,2937.3930513595164,1.8871672498935368,8.437583634508425,0.0337439060485027,0.875,0.0,0.875,0.03856446405543166,25.93060799607181
14,0.5,mixnet_attribution,21,0.01260377358490566,0.010026580475272084,6.648268206633438,2935.206037735849,1.8758588948112447,8.583703762190165,0.03465011118452596,0.875,0.0,0.875,0.03960012706802967,25.2524442227694
14,0.5,mixnet_attribution,22,0.011576336164774863,0.010026562959195627,6.6488461134648595,2923.602420506653,1.8835143827600405,8.496710353565263,0.03202854753836106,0.875,0.0,0.875,0.0366040543295555,27.31937809393322
14,0.5,mixnet_attribution,23,0.014119414194517461,0.01003712066093163,6.64811635588767,2920.486068343973,1.8769016057485715,8.463830452676095,0.0340653166049318,0.875,0.0,0.875,0.03893179040563634,25.68594944082575
14,0.5,mixnet_attribution,24,0.01126210676477213,0.010039357574209854,6.646567625452149,2919.7508071176517,1.8785286165657453,8.477760601804018,0.033963645131684865,0.875,0.0,0.875,0.03881559443621128,25.762841314806575
14,0.5,mixnet_attribution,25,0.009775469680769817,0.010017623873235956,6.6494376226666825,2969.8775011455627,1.871654547052458,8.477580623435701,0.030161458529957438,0.875,0.0,0.875,0.03447023831995136,29.01053339747873
14,0.5,mixnet_attribution,26,0.010843833524245896,0.010009212210454518,6.6498354295294995,2970.3315005727377,1.8749573086679447,8.381606754031338,0.03274505321075377,0.875,0.0,0.875,0.03742291795514717,26.721593468433944
14,0.5,mixnet_attribution,27,0.010594196222938737,0.010033416034119173,6.647548461285117,2986.0115154306773,1.8767534662038088,8.537780979606438,0.03740804871488467,0.875,0.0,0.875,0.04275205567415391,23.39068810215266
14,0.5,mixnet_attribution,28,0.010203321665301258,0.010035952264260887,6.647722816818632,2896.848067327028,1.868640590342693,8.524630968967077,0.0329166719175273,0.875,0.0,0.875,0.0376190536200312,26.582274240613145
14,0.5,mixnet_attribution,29,0.011902945215931634,0.010057901751429756,6.645349251341645,2967.256218525866,1.8791163815767504,8.452336191440924,0.03600876920997072,0.875,0.0,0.875,0.04115287909710939,24.29963642738767
14,0.5,mixnet_attribution_oracle,0,0.1457136290507929,0.14070757212841556,2.9272005136991512,2979.4900022983225,1.8757947515987325,8.450315022685636,0.0359442636586857,0.875,0.0,0.875,0.041079158467069374,24.343244538508216
14,0.5,mixnet_attribution_oracle,1,0.1402160681679854,0.13962952305680099,2.9356790974829368,2958.220937309799,1.8783812118927017,8.349868701420377,0.034563699365136036,0.875,0.0,0.875,0.039501370703012614,25.315577211697466
14,0.5,mixnet_attribution_oracle,2,0.14895722332166236,0.14149205758643613,2.9209219291054307,2960.2762216471306,1.8751548914297018,8.476202341270179,0.033893948945610514,0.875,0.0,0.875,0.0387359416521263,25.815817490139878
14,0.5,mixnet_attribution_oracle,3,0.1482703075861011,0.140321771822443,2.9295827767882416,2982.7225588709057,1.8776749990938697,8.371955357916871,0.030130948341245564,0.875,0.0,0.875,0.034435369532852075,29.03990906924866
14,0.5,mixnet_attribution_oracle,4,0.15092324126354342,0.1407514991709716,2.9276260231712716,2968.3993590721807,1.876559000229463,8.482755884005577,0.03176797585307629,0.875,0.0,0.875,0.03630625811780147,27.54346087540445
14,0.5,mixnet_attribution_oracle,5,0.14657659025352968,0.13933970383592173,2.9350529734938577,2952.220737816912,1.880796020879643,8.44304640887175,0.033559327121241635,0.875,0.0,0.875,0.03835351670999044,26.07322837072505
14,0.5,mixnet_attribution_oracle,6,0.14423518603582913,0.14026408796254236,2.9296448503790202,2976.963864645537,1.8767186882032547,8.435192898333174,0.03517683072846366,0.875,0.0,0.875,0.04020209226110132,24.87432727394585
14,0.5,mixnet_attribution_oracle,7,0.15083798882681565,0.1397171694868179,2.933415270732718,2976.218489324252,1.8799660720978864,8.432145715073357,0.03186943910045586,0.875,0.0,0.875,0.03642221611480669,27.455770314686337
14,0.5,mixnet_attribution_oracle,8,0.148423851120395,0.1401623080310388,2.931365721252157,2954.4344853778957,1.8697049253387377,8.510721611419843,0.032101652622164654,0.875,0.0,0.875,0.036687602996759605,27.25716368246582
14,0.5,mixnet_attribution_oracle,9,0.1489700090881551,0.14073387459600015,2.923894244550462,2945.4622841563164,1.8756255035696086,8.454134161652586,0.03116834992737112,0.875,0.0,0.875,0.03562097134556699,28.073350114424922
14,0.5,mixnet_attribution_oracle,10,0.14668721109399074,0.13972567621156,2.929765240001003,2995.5506163328196,1.867401176103158,8.382728838838595,0.031042480953724597,0.875,0.0,0.875,0.03547712108997097,28.18718005511135
14,0.5,mixnet_attribution_oracle,11,0.14839939024390245,0.13949493196160853,2.9381898571208693,2964.5387195121953,1.8670803510467522,8.591234166730654,0.03263753388575611,0.875,0.0,0.875,0.03730003872657841,26.809623639544448
14,0.5,mixnet_attribution_oracle,12,0.14811740737946125,0.14080302708914466,2.922245544811051,2934.743001584547,1.8759006236796267,8.531390577909454,0.03635835383063525,0.875,0.0,0.875,0.041552404377868855,24.065996059005624
14,0.5,mixnet_attribution_oracle,13,0.15093912649920796,0.14068156711609686,2.9271344439023106,2933.630383948103,1.881106524670031,8.382574124705286,0.033051778362828355,0.875,0.0,0.875,0.037773460986089545,26.473613322545688
14,0.5,mixnet_attribution_oracle,14,0.14635075422824928,0.13932508561918217,2.9373885592075815,2962.4420234648787,1.8749751033901703,8.462904978366467,0.03129126761214259,0.875,0.0,0.875,0.03576144869959153,27.963072983993012
14,0.5,mixnet_attribution_oracle,15,0.14719294311131045,0.1394299844660152,2.935727839573586,2906.5600657845557,1.8707345243019518,8.443415074768007,0.03323471337238733,0.875,0.0,0.875,0.03798252956844266,26.327893675381702
14,0.5,mixnet_attribution_oracle,16,0.1420777449420323,0.13993831234395124,2.931223228166872,2947.363794801849,1.8710497622669209,8.47272711206558,0.030631354095520275,0.875,0.0,0.875,0.03500726182345174,28.565501781978536
14,0.5,mixnet_attribution_oracle,17,0.14958174904942967,0.13998729305006305,2.9311638594244496,2957.2255513307987,1.8748709346400574,8.436893933975462,0.03538585819327233,0.875,0.0,0.875,0.04044098079231123,24.72739237298921
14,0.5,mixnet_attribution_oracle,18,0.1467220044577665,0.14021296188999038,2.930086133750159,2989.6817308431328,1.8714822231559083,8.302292725560354,0.03128269286643003,0.875,0.0,0.875,0.035751648990205755,27.970737804959775
14,0.5,mixnet_attribution_oracle,19,0.1450808987040871,0.1399381976708985,2.9289966301395833,2982.4715896020243,1.8859208509675227,8.544741584218686,0.03329342352584969,0.875,0.0,0.875,0.03804962688668536,26.281466648229557
14,0.5,mixnet_attribution_oracle,20,0.1449286422956575,0.14104563660487401,2.9196080724405036,2968.036403876975,1.8722000406996813,8.474520466292667,0.03012246554967397,0.875,0.0,0.875,0.03442567491391311,29.048087001944317
14,0.5,mixnet_attribution_oracle,21,0.14469575812961694,0.1406130561142112,2.9271321997585362,2961.5094813799406,1.8763783523754682,8.474128388179398,0.03240605196493189,0.875,0.0,0.875,0.03703548795992216,27.001129324450833
14,0.5,mixnet_attribution_oracle,22,0.14585399343962163,0.1396482660247353,2.9333941649100677,2966.3769929056375,1.8751256859104615,8.490086143915477,0.03232589743593766,0.875,0.0,0.875,0.03694388278392875,27.068080684659865
14,0.5,mixnet_attribution_oracle,23,0.14763630871469566,0.14050404666995137,2.928742431150885,2936.5543724512913,1.8716570237011183,8.41155542879719,0.033061321042843095,0.875,0.0,0.875,0.03778436690610639,26.465972090652876
14,0.5,mixnet_attribution_oracle,24,0.14749793682946957,0.14007059765105842,2.9288218404622253,2917.283066996774,1.8704663826501928,8.485938264704057,0.03182552818550579,0.875,0.0,0.875,0.03637203221200662,27.493652105308932
14,0.5,mixnet_attribution_oracle,25,0.1442394919866949,0.14069031485842912,2.9246724829380653,2940.523586332023,1.8760544556716923,8.412782187563176,0.031091455368608214,0.875,0.0,0.875,0.03553309184983796,28.142780375712235
14,0.5,mixnet_attribution_oracle,26,0.13732447531330214,0.1404725042429593,2.9263289845378178,2935.7802355428053,1.881315246981103,8.408147960757612,0.03417651382176692,0.875,0.0,0.875,0.039058872939162194,25.602377251325006
14,0.5,mixnet_attribution_oracle,27,0.15118974042027195,0.1407816499649418,2.9252953562843182,3004.6916718170582,1.8752586104092188,8.398534832356614,0.03436512526253145,0.875,0.0,0.875,0.03927442887146452,25.46185975798025
14,0.5,mixnet_attribution_oracle,28,0.14403822815533981,0.14038517408046994,2.9294721076790076,2949.6657311893205,1.875559691048693,8.60093272500582,0.03337740324577814,0.875,0.0,0.875,0.03814560370946073,26.21534076683085
14,0.5,mixnet_attribution_oracle,29,0.1475,0.14062947663421493,2.9223502597104254,2946.200909090909,1.8774017239629757,8.447431089722986,0.0317378292259706,0.875,0.0,0.875,0.03627180482968068,27.56962342225978
14,1.0,mixnet_attribution,0,0.009363437287623651,0.010010870409714783,6.649217456702035,2936.863777089783,3.5026601259887684,14.870804695432783,0.03304381058073036,1.75,0.0,1.75,0.01888217747470306,52.95999369456863
14,1.0,mixnet_attribution,1,0.010969196093163035,0.009999122899625073,6.651015138991712,2921.7796393688955,3.504906991322059,15.082320088894429,0.033997689989155096,1.75,0.0,1.75,0.01942725142237434,51.474085461636705
14,1.0,mixnet_attribution,2,0.010190114068441065,0.010008993690536821,6.64961294070158,2957.5328517110265,3.4979882063926198,14.929448661080139,0.03262673315670843,1.75,0.0,1.75,0.0186438475181191,53.636997354121554
14,1.0,mixnet_attribution,3,0.008939302884615384,0.009997765118946296,6.6513556687172155,2920.801307091346,3.503836030344246,14.991201499730387,0.03403251445238693,1.75,0.0,1.75,0.019447151115649677,51.42141355580209
14,1.0,mixnet_attribution,4,0.00921163736854226,0.010011624022910627,6.649316767307725,2985.29715206878,3.499405071052024,15.044563682808384,0.03311545228713776,1.75,0.0,1.75,0.01892311559265015,52.84542046492629
14,1.0,mixnet_attribution,5,0.009213109802144692,0.009999151097425968,6.651120540815293,2937.3210240144995,3.500224343559239,14.84824758932889,0.03314010148916092,1.75,0.0,1.75,0.018937200850949097,52.80611468774077
14,1.0,mixnet_attribution,6,0.009162501893078904,0.009993058916299414,6.65231472931208,2945.072921399364,3.504317248298321,14.675148818665988,0.034337194319146974,1.75,0.0,1.75,0.019621253896655415,50.96514245557249
14,1.0,mixnet_attribution,7,0.01170123850771218,0.010008223176328372,6.650209682175951,2955.802370640529,3.5105214562208857,14.896394807793135,0.032026578478719786,1.75,0.0,1.75,0.018300901987839877,54.64211549050723
14,1.0,mixnet_attribution,8,0.009334353481254783,0.010003774602865872,6.650053436863057,2976.1501912777353,3.5002253972925246,14.88497810799235,0.028975255169951652,1.75,0.0,1.75,0.0165572886685438,60.39636199010288
14,1.0,mixnet_attribution,9,0.010820217917675545,0.010011347836998584,6.648997157547216,2943.2515133171914,3.5023848980199546,14.69280755027613,0.035032299536222083,1.75,0.0,1.75,0.02001845687784119,49.95390034817913
14,1.0,mixnet_attribution,10,0.008631689559408542,0.010007145229055315,6.650115030489621,2919.546573594536,3.504275145707652,15.0668227286277,0.03144821123912159,1.75,0.0,1.75,0.017970406422355194,55.64704417346953
14,1.0,mixnet_attribution,11,0.010469615355435854,0.010001838199384636,6.6503206785773905,2951.2901904256128,3.5048970399075188,14.968993142961684,0.03398421863782275,1.75,0.0,1.75,0.019419553507327287,51.494489799813635
14,1.0,mixnet_attribution,12,0.008737937846668186,0.010006733533806267,6.649459656675199,2955.291163285465,3.502232403086964,14.90715505996596,0.034266221234351614,1.75,0.0,1.75,0.019580697848200924,51.07070277844465
14,1.0,mixnet_attribution,13,0.010210165449396333,0.010011315309134884,6.649374699998899,2899.03562378894,3.4976750042987987,14.756729720475983,0.033497483729302786,1.75,0.0,1.75,0.019141419273887305,52.24273005524718
14,1.0,mixnet_attribution,14,0.011421223810604342,0.010004709716305375,6.650138356323994,2941.7056954844566,3.5039753265155014,15.004666564946543,0.03246142332606182,1.75,0.0,1.75,0.01854938475774961,53.910143816614585
14,1.0,mixnet_attribution,15,0.01266498817425803,0.010002274315274375,6.6502342735614794,2966.974593728542,3.502153038600227,14.754144105331337,0.0354266615190402,1.75,0.0,1.75,0.020243806582308684,49.39782426462781
14,1.0,mixnet_attribution,16,0.011639185257032008,0.010010064629257664,6.649805333676387,2901.7524434828024,3.493189235596219,14.760791638608172,0.03224001463050131,1.75,0.0,1.75,0.018422865503143603,54.28037238991752
14,1.0,mixnet_attribution,17,0.009465648854961832,0.010017199306325017,6.6481102876020115,2968.308854961832,3.502889323455747,14.837311365987684,0.03381983218555921,1.75,0.0,1.75,0.01932561839174812,51.74478662100623
14,1.0,mixnet_attribution,18,0.011029689506685805,0.010012850663387647,6.6489577565756335,2938.455314648334,3.498245647002477,14.780632872961956,0.031675025315283205,1.75,0.0,1.75,0.018100014465876117,55.24857462878253
14,1.0,mixnet_attribution,19,0.009773701225471769,0.010005786446282337,6.649437420325272,2924.2671227727237,3.50273822149029,14.92808972118111,0.03268596464184835,1.75,0.0,1.75,0.0186776940810562,53.53979970226877
14,1.0,mixnet_attribution,20,0.009311832841244606,0.010005861801758179,6.649763238682386,2944.127337421455,3.501897961163195,15.212226635311934,0.03292392821230424,1.75,0.0,1.75,0.018813673264173852,53.152831239195656
14,1.0,mixnet_attribution,21,0.010606513295488498,0.00999737728273245,6.650972317088693,2904.289288915447,3.4996045219595544,15.209419583772748,0.0332430530955265,1.75,0.0,1.75,0.018996030340300857,52.64257753255211
14,1.0,mixnet_attribution,22,0.011019699599969809,0.01000269931329474,6.650720874607227,2935.634010113971,3.504406519321492,14.853038648367532,0.03279388817557384,1.75,0.0,1.75,0.01873936467175648,53.363602102646304
14,1.0,mixnet_attribution,23,0.008417508417508417,0.010012566946096747,6.648802294963215,2975.66613100704,3.5089827071351465,15.06089324103826,0.0305096544422236,1.75,0.0,1.75,0.0174340882526992,57.3588928486224
14,1.0,mixnet_attribution,24,0.0088468809073724,0.009988875037872602,6.652894284098778,2941.3607561436675,3.5072749645041768,14.738608048489219,0.03490698413454619,1.75,0.0,1.75,0.019946848076883537,50.133233889664155
14,1.0,mixnet_attribution,25,0.010072158749248347,0.009998976990095788,6.650580197390607,2923.829600120265,3.5052981447952334,14.763220303754483,0.031084236843019326,1.75,0.0,1.75,0.017762421053153902,56.298631645286875
14,1.0,mixnet_attribution,26,0.009971294757516241,0.009987383891363505,6.652496616641,2938.74769602659,3.498786427953746,15.281593203678222,0.03034409873463134,1.75,0.0,1.75,0.01733948499121791,57.671839763780724
14,1.0,mixnet_attribution,27,0.0094019728729963,0.00999621529598978,6.6510712054151115,2996.7681103575833,3.499596629262669,14.64912617022196,0.03319426718254534,1.75,0.0,1.75,0.018968152675740195,52.719946802145664
14,1.0,mixnet_attribution,28,0.010983224253366434,0.010001801110051606,6.650355608688419,2925.5559316933723,3.502641549654072,15.031896308128298,0.03267061972060276,1.75,0.0,1.75,0.01866892555463015,53.56494657787021
14,1.0,mixnet_attribution,29,0.011070944419340261,0.010006900984018477,6.650570004579938,2929.102651001657,3.5070550605014432,15.059938759071072,0.0329678409356672,1.75,0.0,1.75,0.018838766248952688,53.0820323786115
14,1.0,mixnet_attribution_oracle,0,0.13756814052089641,0.1402371773680881,2.9260995676615713,2944.866974560872,3.501519534998806,15.037207328680724,0.03146293679121929,1.75,0.0,1.75,0.01797882102355388,55.62099976911221
14,1.0,mixnet_attribution_oracle,1,0.13234077750206782,0.1403191833367149,2.9266940697461776,2924.2918264531168,3.4969587846426293,14.91967675889704,0.03532868565985303,1.75,0.0,1.75,0.020187820377058876,49.53481759409671
14,1.0,mixnet_attribution_oracle,2,0.1439519158527423,0.14071621352336713,2.925122360465137,2922.2095416979714,3.4994357044633944,14.901358524199827,0.03535757179654089,1.75,0.0,1.75,0.02020432674088051,49.49434904834744
14,1.0,mixnet_attribution_oracle,3,0.148159509202454,0.14028757552543494,2.9244028181455133,2983.3278374233128,3.500973638758296,14.770546296215718,0.030303085988800025,1.75,0.0,1.75,0.017316049136457158,57.74989387703937
14,1.0,mixnet_attribution_oracle,4,0.1448742020277882,0.1395102553738209,2.933728542216218,2921.4139692076606,3.501564751903061,14.655986267940756,0.03022322241615562,1.75,0.0,1.75,0.017270412809231785,57.902495501755276
14,1.0,mixnet_attribution_oracle,5,0.1428245493953913,0.1401017847589903,2.9292278500100704,2956.975283291505,3.5043065360514447,15.241491777620778,0.033224857828381936,1.75,0.0,1.75,0.018985633044789677,52.67140672322407
14,1.0,mixnet_attribution_oracle,6,0.1459760596250847,0.1402923871137081,2.9273373057372574,2928.3477377098548,3.498430161329452,14.923318173726479,0.033097129294248955,1.75,0.0,1.75,0.018912645310999402,52.874676363671355
14,1.0,mixnet_attribution_oracle,7,0.1449605343047966,0.14095221485317388,2.926330304154867,2951.9922586520947,3.5049390908970963,15.01876926047924,0.03156577268134712,1.75,0.0,1.75,0.018037584389341214,55.43979606221113
14,1.0,mixnet_attribution_oracle,8,0.1413942198285671,0.13983252194523257,2.93204818696865,2949.9807327618905,3.5035685136099346,15.099557501615905,0.03348229327906002,1.75,0.0,1.75,0.019132739016605727,52.2664318544291
14,1.0,mixnet_attribution_oracle,9,0.13820328069906485,0.1402705000683129,2.9255819505260696,2980.793499923348,3.5003509221423883,14.801822304060044,0.03299648960611183,1.75,0.0,1.75,0.01885513691777819,53.03594475928292
14,1.0,mixnet_attribution_oracle,10,0.13723996037491426,0.1401055463746479,2.9308427120335114,2963.553531966776,3.494009623042075,14.769825948318232,0.03127141579803342,1.75,0.0,1.75,0.017869380456019098,55.96164917195892
14,1.0,mixnet_attribution_oracle,11,0.13897871700383546,0.1394833388050474,2.9328156206028804,2925.4028728284575,3.5042437699448783,15.08393819619723,0.032571384939738365,1.75,0.0,1.75,0.01861221996556478,53.72814214801568
14,1.0,mixnet_attribution_oracle,12,0.1404964971063052,0.1404455369776517,2.92450096502087,2962.5137069753273,3.5000762319832575,14.987656859821167,0.034008841757186804,1.75,0.0,1.75,0.019433623861249603,51.45720670214202
14,1.0,mixnet_attribution_oracle,13,0.1446280991735537,0.14013037048023577,2.932089125544031,2922.4861006761835,3.5029636826366186,14.865877813383124,0.03304743570344361,1.75,0.0,1.75,0.01888424897339635,52.95418427329436
14,1.0,mixnet_attribution_oracle,14,0.14808843850760017,0.13971932012286384,2.929766172722772,2985.2583294948563,3.5000304009008687,15.054715592089792,0.03285930333947411,1.75,0.0,1.75,0.018776744765413775,53.25736769037683
14,1.0,mixnet_attribution_oracle,15,0.1435125987213238,0.13976105433304684,2.933232742280299,2925.268296352012,3.49996375842602,14.977824207554816,0.032365024389872266,1.75,0.0,1.75,0.01849429965135558,54.07071469866137
14,1.0,mixnet_attribution_oracle,16,0.14771777929672666,0.1401509807256319,2.9286298993738047,2953.956937799043,3.5029195359093137,15.111127520952438,0.034461243919498404,1.75,0.0,1.75,0.019692139382570518,50.78168402997891
14,1.0,mixnet_attribution_oracle,17,0.1444712262729738,0.13991961023132074,2.926297755310724,2930.1331726423623,3.5038654088857584,14.882899313845025,0.032352569228414035,1.75,0.0,1.75,0.01848718241623659,54.091530958321584
14,1.0,mixnet_attribution_oracle,18,0.1477922672157401,0.1408408148385741,2.9235779405311595,2966.1504613742086,3.511816310492577,14.850123402783499,0.03430290987446434,1.75,0.0,1.75,0.019601662785408196,51.01608016358779
14,1.0,mixnet_attribution_oracle,19,0.14900165140369315,0.13957236112095653,2.9351114838004024,2919.6625131361657,3.5048914709477685,14.909670371101791,0.03386285880733194,1.75,0.0,1.75,0.01935020503276111,51.679038971780265
14,1.0,mixnet_attribution_oracle,20,0.1408504758980657,0.1391744991473867,2.9374394656477083,2985.078062634326,3.4997688203584403,14.679758803443205,0.03174659918511702,1.75,0.0,1.75,0.018140913820066867,55.12401469510503
14,1.0,mixnet_attribution_oracle,21,0.14092930532126974,0.13894078436007876,2.938859825969473,2981.524842815519,3.5063292890554294,14.815307762782622,0.03417851261487674,1.75,0.0,1.75,0.019530578637072422,51.20175999813066
14,1.0,mixnet_attribution_oracle,22,0.14277117496615013,0.1398529043290769,2.930013059306332,2926.0316684218446,3.501909249374876,14.984183847553174,0.03315587275920829,1.75,0.0,1.75,0.01894621300526188,52.78099637760183
14,1.0,mixnet_attribution_oracle,23,0.14041377249981327,0.1403184998535983,2.9281196976675856,2904.836059451789,3.4995757481083274,14.977060557982782,0.031536168918128826,1.75,0.0,1.75,0.01802066795321647,55.49183873739331
14,1.0,mixnet_attribution_oracle,24,0.1365510921032534,0.13893890579810222,2.936976253631898,2970.1156254773177,3.503247825719882,14.841379240734828,0.03530003411565396,1.75,0.0,1.75,0.020171448066087977,49.575022909792445
14,1.0,mixnet_attribution_oracle,25,0.14435319822195433,0.14010315157570893,2.9297165296590775,2930.3076923076924,3.493461311532883,15.06919419623392,0.03061981500668151,1.75,0.0,1.75,0.017497037146675148,57.15253340420688
14,1.0,mixnet_attribution_oracle,26,0.1429763349514563,0.13993239479597927,2.9293255431303264,2949.08161407767,3.500078058219515,15.051998594038986,0.034512725179033886,1.75,0.0,1.75,0.01972155724516222,50.70593501156224
14,1.0,mixnet_attribution_oracle,27,0.1407118185913801,0.13969508704097272,2.933825609993022,2920.1173599639587,3.506545235111844,14.75740245119784,0.03471416823841902,1.75,0.0,1.75,0.019836667564810867,50.41169323087028
14,1.0,mixnet_attribution_oracle,28,0.1472547668274753,0.140354663169011,2.926824448172716,2978.27398728846,3.4998520951194223,14.81578810540956,0.03171038586095533,1.75,0.0,1.75,0.018120220491974474,55.18696643028734
14,1.0,mixnet_attribution_oracle,29,0.14353699723672092,0.14095258577684783,2.9236463797362418,2985.091188210009,3.4978201950725634,14.847801546691986,0.03038664019428556,1.75,0.0,1.75,0.017363794396734605,57.59109887802275
20,1e-06,mixnet_attribution,0,0.6814831699718866,0.6189463539639944,0.9526086295787518,2955.2293138819236,0.2581132329942193,2.0202505036831657,0.033894568745617366,1.7500000000000002e-06,0.0,1.7500000000000002e-06,19368.324997495634,5.1630690838226955e-05
20,1e-06,mixnet_attribution,1,0.6811804178740277,0.6174654722607713,0.962070760322072,2966.185679426567,0.2553953046735842,2.0113251079223025,0.03515461091688656,1.7500000000000002e-06,0.0,1.7500000000000002e-06,20088.34909536375,4.978009866578798e-05
20,1e-06,mixnet_attribution,2,0.6857925576440149,0.6168130522545205,0.965472345469088,2960.255612206073,0.25271819412591867,1.9870884930118575,0.03432456146625856,1.7500000000000002e-06,0.0,1.7500000000000002e-06,19614.03512357632,5.0983899727903884e-05
20,1e-06,mixnet_attribution,3,0.6706509326227637,0.6049637854537883,0.9951563110936461,2961.5643700038067,0.24721519582089968,1.9839239205566217,0.03160801905161524,1.7500000000000002e-06,0.0,1.7500000000000002e-06,18061.725172351566,5.536569682340062e-05
20,1e-06,mixnet_attribution,4,0.695532435740514,0.6292570971693656,0.9297186158936114,2973.7927631578946,0.25782942501246,2.023972093974992,0.03562302178671547,1.7500000000000002e-06,0.0,1.7500000000000002e-06,20356.012449551694,4.9125534899249054e-05
20,1e-06,mixnet_attribution,5,0.6855177684371417,0.6152094370169364,0.9693570896263425,2972.3559037065343,0.2526933141925838,2.0023134553662554,0.030941255971356618,1.7500000000000002e-06,0.0,1.7500000000000002e-06,17680.717697918066,5.655879003813017e-05
20,1e-06,mixnet_attribution,6,0.67115165336374,0.6045924045520531,0.9987485905222634,2957.454503990878,0.2473604250117205,1.9722821012415035,0.030741447338279285,1.7500000000000002e-06,0.0,1.7500000000000002e-06,17566.54133615959,5.692640234999275e-05
20,1e-06,mixnet_attribution,7,0.6837613409195756,0.6139834411081223,0.9854823472531301,2990.7580347531907,0.2486039503419306,1.9861210299807408,0.03334912107833292,1.7500000000000002e-06,0.0,1.7500000000000002e-06,19056.640616190238,5.247514607324939e-05
20,1e-06,mixnet_attribution,8,0.6793846622496382,0.6097286234369769,0.9796290776048984,2961.7499048054224,0.2512992472620681,2.0089355322870386,0.03197355094494639,1.7500000000000002e-06,0.0,1.7500000000000002e-06,18270.600539969364,5.47327384128599e-05
20,1e-06,mixnet_attribution,9,0.6821031955881242,0.6158498229124251,0.9713790368212559,2938.7936088237516,0.255021273100283,2.0109347044144528,0.032585406384151645,1.7500000000000002e-06,0.0,1.7500000000000002e-06,18620.232219515223,5.370502302070833e-05
20,1e-06,mixnet_attribution,10,0.6930685650056201,0.6209076676446056,0.9580859335358616,2913.6612214312477,0.2541483269596938,1.9926958772764967,0.03272502154514669,1.7500000000000002e-06,0.0,1.7500000000000002e-06,18700.012311512393,5.347590062196721e-05
20,1e-06,mixnet_attribution,11,0.6861319340329836,0.6173827792943076,0.9686016931114768,2915.4611694152923,0.25027792318724096,1.9898022391465102,0.03390754152768934,1.7500000000000002e-06,0.0,1.7500000000000002e-06,19375.73801582248,5.1610937306407994e-05
20,1e-06,mixnet_attribution,12,0.6814239384568972,0.6137251356953366,0.9721679215188509,2934.037408552681,0.25474864794523455,2.006398033602567,0.036955500864508384,1.7500000000000002e-06,0.0,1.7500000000000002e-06,21117.42906543336,4.735424927444777e-05
20,1e-06,mixnet_attribution,13,0.6739179356387368,0.6109458959241731,0.9839426855488514,2917.7012977271024,0.24586465110769495,1.9849443442454155,0.03129941063750051,1.7500000000000002e-06,0.0,1.7500000000000002e-06,17885.37750714315,5.591159591686646e-05
20,1e-06,mixnet_attribution,14,0.6880203515263644,0.6197157944364071,0.959394905043938,2998.8208448967007,0.2532814923324622,1.990069678833338,0.03419775067972072,1.7500000000000002e-06,0.0,1.7500000000000002e-06,19541.57181698327,5.117295626807849e-05
20,1e-06,mixnet_attribution,15,0.6913421550094518,0.6199025396439131,0.9593400824369752,2940.46011342155,0.2514158761478029,1.9888104039170567,0.03451056474728995,1.7500000000000002e-06,0.0,1.7500000000000002e-06,19720.322712737114,5.070910930651821e-05
20,1e-06,mixnet_attribution,16,0.6718467109233555,0.6071180112046022,0.9888174447284535,2934.152308388654,0.2513776945997961,1.9885472542938816,0.03326830733717956,1.7500000000000002e-06,0.0,1.7500000000000002e-06,19010.461335531174,5.26026161254155e-05
20,1e-06,mixnet_attribution,17,0.6905217990958548,0.619920656727897,0.9573269769115823,2980.607692897096,0.25671757862437516,2.014328200043358,0.03251449707101992,1.7500000000000002e-06,0.0,1.7500000000000002e-06,18579.712612011383,5.382214573940835e-05
20,1e-06,mixnet_attribution,18,0.6850866524779569,0.6188121658272313,0.9592889736511504,2955.6384919428397,0.2524624072248116,1.992741512533725,0.03508151393800471,1.7500000000000002e-06,0.0,1.7500000000000002e-06,20046.57939314555,4.988382209195881e-05
20,1e-06,mixnet_attribution,19,0.685419316226528,0.6179665938100981,0.9614940265590124,2909.140121193985,0.25361770097515546,2.019786873160273,0.03227293654032479,1.7500000000000002e-06,0.0,1.7500000000000002e-06,18441.678023042732,5.422500049889754e-05
20,1e-06,mixnet_attribution,20,0.6824272879549261,0.6130872820973539,0.9768253475951428,2960.5357088472665,0.25280096076312475,2.0027154995376746,0.033759956447482864,1.7500000000000002e-06,0.0,1.7500000000000002e-06,19291.40368427592,5.18365597634081e-05
20,1e-06,mixnet_attribution,21,0.6811342155009452,0.6131591463694791,0.9761283778039029,2940.5494139886578,0.25229524372844025,2.0160376687181385,0.033682321868964846,1.7500000000000002e-06,0.0,1.7500000000000002e-06,19247.04106797991,5.1956038149865904e-05
20,1e-06,mixnet_attribution,22,0.681717810096703,0.6131205119656784,0.9769642186690345,2961.640904591487,0.24890721583506092,1.9945363724046523,0.030830181010560512,1.7500000000000002e-06,0.0,1.7500000000000002e-06,17617.246291748863,5.676256001872186e-05
20,1e-06,mixnet_attribution,23,0.6791455958940298,0.6123412974607236,0.9806124535080177,2935.090648350819,0.24997014159453101,1.9963436908154466,0.03273116958757735,1.7500000000000002e-06,0.0,1.7500000000000002e-06,18703.52547861563,5.3465856003635986e-05
20,1e-06,mixnet_attribution,24,0.6896814509983235,0.6195880119044055,0.9588278346076621,2964.3595488492606,0.2556342563184444,2.0185580046027605,0.034537307898712045,1.7500000000000002e-06,0.0,1.7500000000000002e-06,19735.604513549737,5.066984390133258e-05
20,1e-06,mixnet_attribution,25,0.6719467401285583,0.6012642391162124,1.012779479330037,2976.581879400061,0.24663190793944523,1.9803641819604212,0.029551470258132272,1.7500000000000002e-06,0.0,1.7500000000000002e-06,16886.55443321844,5.921871178366895e-05
20,1e-06,mixnet_attribution,26,0.680921052631579,0.6130387340556928,0.9733274178989813,2907.721142344498,0.2507686595781706,1.9950386980158008,0.03442740954878276,1.7500000000000002e-06,0.0,1.7500000000000002e-06,19672.80545644729,5.083159096011261e-05
20,1e-06,mixnet_attribution,27,0.6853582554517134,0.6200406000741604,0.9554176790237964,2884.9116599910994,0.2530363038822543,2.0036096686107823,0.03719089138740009,1.7500000000000002e-06,0.0,1.7500000000000002e-06,21251.93793565719,4.705453229854241e-05
20,1e-06,mixnet_attribution,28,0.6761608969017499,0.607347280308874,0.9914820884662551,2945.991440042421,0.24995882163057104,1.9849423499061163,0.03085228565163125,1.7500000000000002e-06,0.0,1.7500000000000002e-06,17629.877515217853,5.672189152402304e-05
20,1e-06,mixnet_attribution,29,0.6873078941449884,0.6188887742788395,0.9620640992461778,2915.883799385261,0.2561405506567098,2.0276462344051187,0.03363911181708031,1.7500000000000002e-06,0.0,1.7500000000000002e-06,19222.34960976018,5.2022776627278096e-05
20,1e-06,mixnet_attribution_oracle,0,0.9997707473635947,0.9996670857578369,0.0007170288506570012,2971.653522848846,0.25021347802248783,1.9870722364171218,0.033073057144967444,1.7500000000000002e-06,0.0,1.7500000000000002e-06,18898.88979712425,5.2913161076380525e-05
20,1e-06,mixnet_attribution_oracle,1,0.999849295456258,0.9998813108962882,0.00022209215464568603,2930.1312636575994,0.2540688371518627,2.008556784361382,0.035822740597880126,1.7500000000000002e-06,0.0,1.7500000000000002e-06,20470.137484502928,4.885165039839413e-05
20,1e-06,mixnet_attribution_oracle,2,0.9998463783700745,0.9998613544047552,0.00036699322567899554,2987.082571626085,0.24972236520261504,1.9930459248550951,0.032794290475925525,1.7500000000000002e-06,0.0,1.7500000000000002e-06,18739.594557671728,5.336294747052647e-05
20,1e-06,mixnet_attribution_oracle,3,0.9998497031637484,0.9998386141336293,0.00019014865201876776,2922.548959194409,0.25150919225416146,2.0125744689983183,0.0336154165678697,1.7500000000000002e-06,0.0,1.7500000000000002e-06,19208.809467354113,5.205944708335657e-05
20,1e-06,mixnet_attribution_oracle,4,1.0,0.9999171546343352,0.00022804907440609286,2946.9004394605245,0.2504530003934633,1.9975405308236507,0.032000009836100456,1.7500000000000002e-06,0.0,1.7500000000000002e-06,18285.719906343114,5.4687483190263185e-05
20,1e-06,mixnet_attribution_oracle,5,1.0,0.999985978213448,7.332435994699073e-05,2953.4146915831057,0.25362069212133065,2.013805028357676,0.032713837916473115,1.7500000000000002e-06,0.0,1.7500000000000002e-06,18693.621666556064,5.3494182017658785e-05
20,1e-06,mixnet_attribution_oracle,6,0.999923071005462,0.9998314263343291,0.0004782237493985947,2991.204477267482,0.2541197063110303,2.0311189278896276,0.032226731954958794,1.7500000000000002e-06,0.0,1.7500000000000002e-06,18415.275402833595,5.43027447662351e-05
20,1e-06,mixnet_attribution_oracle,7,0.9999227321897698,0.9999116757584292,0.00023988702230316424,3005.180883943749,0.25282767781754956,2.0099682470186107,0.03481667240062558,1.7500000000000002e-06,0.0,1.7500000000000002e-06,19895.241371786044,5.026327559001751e-05
20,1e-06,mixnet_attribution_oracle,8,0.9999239485892464,0.9997809939544294,0.000662340158873618,2957.6228610540725,0.2510135763732251,2.0049990465836682,0.03189044654634255,1.7500000000000002e-06,0.0,1.7500000000000002e-06,18223.112312195743,5.4875368316242786e-05
20,1e-06,mixnet_attribution_oracle,9,1.0,0.9999682143590929,0.00015028353193378337,2964.041298384639,0.2491158630582504,1.9784562516759276,0.03540799201753019,1.7500000000000002e-06,0.0,1.7500000000000002e-06,20233.138295731536,4.9423870157155204e-05
20,1e-06,mixnet_attribution_oracle,10,0.9998489768179416,0.9998107020290143,0.00031967039224012355,2936.58400664502,0.2516212362970691,2.0012682410802,0.03048437538349392,1.7500000000000002e-06,0.0,1.7500000000000002e-06,17419.64307628224,5.740645750437635e-05
20,1e-06,mixnet_attribution_oracle,11,0.9997694967345371,0.9998511770386345,0.0003542417804244101,2987.639031886285,0.2504988762375433,1.9954148200791746,0.03212028779861302,1.7500000000000002e-06,0.0,1.7500000000000002e-06,18354.45017063601,5.448269987405177e-05
20,1e-06,mixnet_attribution_oracle,12,1.0,0.999948132147283,0.0002042601593949871,2974.4078323389936,0.2493089909257833,1.990695107817468,0.034678144563421165,1.7500000000000002e-06,0.0,1.7500000000000002e-06,19816.082607669236,5.046406092458351e-05
20,1e-06,mixnet_attribution_oracle,13,1.0,0.9999734279438398,0.00010485413342886393,2938.1026667673946,0.24843104602769017,1.9888147032572336,0.033104980903472275,1.7500000000000002e-06,0.0,1.7500000000000002e-06,18917.131944841298,5.286213591551863e-05
20,1e-06,mixnet_attribution_oracle,14,0.9997728305315765,0.9998057696325143,0.00039197110067149346,2945.206497046797,0.25047035751049407,1.9907776957589092,0.034096776637057305,1.7500000000000002e-06,0.0,1.7500000000000002e-06,19483.872364032744,5.1324499633142813e-05
20,1e-06,mixnet_attribution_oracle,15,1.0,0.9998853376063426,0.000357119456221947,2944.427976686095,0.25130371798877604,2.011536322136103,0.034183347476778043,1.7500000000000002e-06,0.0,1.7500000000000002e-06,19533.341415301737,5.1194518067279314e-05
20,1e-06,mixnet_attribution_oracle,16,0.9997680352586407,0.9996898829487895,0.0006553580276760745,3007.490605427975,0.2566895855416078,2.021031654717211,0.034058121902113034,1.7500000000000002e-06,0.0,1.7500000000000002e-06,19461.783944064588,5.1382751081510067e-05
20,1e-06,mixnet_attribution_oracle,17,0.9999247554552295,0.9999399360978952,0.00012177219153258248,2926.8106094808127,0.2546323155402206,2.0093900912498155,0.03380484078813799,1.7500000000000002e-06,0.0,1.7500000000000002e-06,19317.051878935992,5.1767733827460285e-05
20,1e-06,mixnet_attribution_oracle,18,0.9996999249812453,0.9996907096134829,0.0006040689711473697,2917.474868717179,0.2496073123475071,1.9908292918713506,0.03216358904610181,1.7500000000000002e-06,0.0,1.7500000000000002e-06,18379.193740629602,5.440935081876686e-05
20,1e-06,mixnet_attribution_oracle,19,0.9996958868699156,0.999740564284893,0.0006087377194308151,2957.1072759066374,0.24616949862684123,1.9719761482131373,0.03123584874553112,1.7500000000000002e-06,0.0,1.7500000000000002e-06,17849.05642601778,5.602537053680575e-05
20,1e-06,mixnet_attribution_oracle,20,0.9999253731343284,0.9999259971275002,0.00014827514525945685,2902.513432835821,0.25311296732979827,1.9769726355639605,0.031449541245877774,1.7500000000000002e-06,0.0,1.7500000000000002e-06,17971.16642621587,5.564469084996209e-05
20,1e-06,mixnet_attribution_oracle,21,0.999771897810219,0.9996420931281497,0.0007330216902738848,2957.425182481752,0.25524606098770164,2.02574813574192,0.03074020755898247,1.7500000000000002e-06,0.0,1.7500000000000002e-06,17565.832890847123,5.6928698241292125e-05
20,1e-06,mixnet_attribution_oracle,22,0.9998478277410028,0.9996815227507921,0.0007466594688871372,2959.193943544092,0.24953289522090927,1.9910542668353812,0.031582192170553046,1.7500000000000002e-06,0.0,1.7500000000000002e-06,18046.96695460174,5.5410973074620345e-05
20,1e-06,mixnet_attribution_oracle,23,0.9999239832763208,0.9998110183660973,0.00043349058744838624,2956.575446598252,0.2468745667138137,1.9815477547924198,0.03174172966821802,1.7500000000000002e-06,0.0,1.7500000000000002e-06,18138.131238981725,5.5132471301720503e-05
20,1e-06,mixnet_attribution_oracle,24,1.0,0.9999917517256042,4.853132974335534e-05,2886.4012464757384,0.25094523502048105,2.0034318140032865,0.030820431235235306,1.7500000000000002e-06,0.0,1.7500000000000002e-06,17611.67499156303,5.67805163608263e-05
20,1e-06,mixnet_attribution_oracle,25,0.9999241734910524,0.9998549911826131,0.00035958633660031236,2948.98127085229,0.25357669085497037,1.9926952921862278,0.030676975194563076,1.7500000000000002e-06,0.0,1.7500000000000002e-06,17529.7001111789,5.704604149858149e-05
20,1e-06,mixnet_attribution_oracle,26,0.9999246079613993,0.9998976165096646,0.0001546365710351386,2931.8681393244874,0.25328598063788377,1.9928781779527873,0.03199360265521298,1.7500000000000002e-06,0.0,1.7500000000000002e-06,18282.0586601217,5.469843514840485e-05
20,1e-06,mixnet_attribution_oracle,27,0.999847850893876,0.9998593386872324,0.00031133379575753377,2959.054393305439,0.2558880176511593,2.0230069154731893,0.032060460352208914,1.7500000000000002e-06,0.0,1.7500000000000002e-06,18320.263058405093,5.458436905692865e-05
20,1e-06,mixnet_attribution_oracle,28,0.9999246931244823,0.9998740958023404,0.0003097809169121213,2928.4796294901726,0.25022009856184013,1.9921620498515034,0.03297591383481975,1.7500000000000002e-06,0.0,1.7500000000000002e-06,18843.37933418271,5.30690372605277e-05
20,1e-06,mixnet_attribution_oracle,29,0.9999229465248882,0.999804744003971,0.0005273402613112972,2996.9782709200185,0.24945186814875342,1.9930138323452682,0.03121581237284229,1.7500000000000002e-06,0.0,1.7500000000000002e-06,17837.607070195594,5.606133132458528e-05
20,0.03,mixnet_attribution,0,0.018711956113323814,0.011905692789214878,6.516059564449678,2922.7531374464565,0.35356161315576173,2.4101621068769106,0.032609036802193174,0.0525,0.0,0.0525,0.6211245105179652,1.6099831564625984
20,0.03,mixnet_attribution,1,0.02287878787878788,0.01222675946741762,6.508352092501881,2946.2406818181817,0.3533856120193377,2.408037233852884,0.033003542275357775,0.0525,0.0,0.0525,0.6286389004830053,1.5907383383873714
20,0.03,mixnet_attribution,2,0.024532800123048527,0.013210109287000085,6.486143350628483,2991.1312773975237,0.35313035987201147,2.4189084606301012,0.038391682736752496,0.0525,0.0,0.0525,0.7312701473667143,1.3674836906729686
20,0.03,mixnet_attribution,3,0.024683879760732944,0.012607028841463802,6.505473238737487,2945.0084803513287,0.3519429298467003,2.393985324816743,0.034172940396427896,0.0525,0.0,0.0525,0.6509131504081505,1.5363032677600033
20,0.03,mixnet_attribution,4,0.021383456357963626,0.012705469331103862,6.503806390384482,2959.2225858001675,0.35398063593311235,2.4308075650436476,0.03433890682310522,0.0525,0.0,0.0525,0.6540744156781947,1.528878023707934
20,0.03,mixnet_attribution,5,0.023940072592478184,0.012379826452086752,6.502117849177474,3002.746775812804,0.3522988810145762,2.360928397746192,0.03426145471876865,0.0525,0.0,0.0525,0.6525991375003554,1.5323342348111142
20,0.03,mixnet_attribution,6,0.02173095721482818,0.01260987358660191,6.509855686724382,2924.3851417399806,0.3487038423481863,2.3675343245944838,0.034620650682013886,0.0525,0.0,0.0525,0.659440965371693,1.51643597002857
20,0.03,mixnet_attribution,7,0.019853551747565486,0.01198941183312622,6.513650185144231,2935.634483279233,0.3480786838044878,2.4033623724868085,0.03162072211131722,0.0525,0.0,0.0525,0.6022994687869947,1.6603036393406705
20,0.03,mixnet_attribution,8,0.019441255262150785,0.01283694124211783,6.4947943886957455,2976.539533103712,0.34572756200213917,2.354382601616068,0.03539345397804393,0.0525,0.0,0.0525,0.6741610281532178,1.4833251378226038
20,0.03,mixnet_attribution,9,0.020778636261345736,0.01219161520517423,6.508260564270424,2917.954542044858,0.355077567655826,2.4207874288118587,0.03379798839072209,0.0525,0.0,0.0525,0.6437712074423255,1.553346885414394
20,0.03,mixnet_attribution,10,0.021671117893933615,0.012201147531266322,6.503481448337395,2967.423807706982,0.3461403981782496,2.3598724866193477,0.03319819621566884,0.0525,0.0,0.0525,0.6323465945841684,1.58141122062593
20,0.03,mixnet_attribution,11,0.019789218287967245,0.012295347451913973,6.510353931988065,2948.3990446584276,0.34731280637788586,2.397050308825287,0.0330849937380881,0.0525,0.0,0.0525,0.6301903569159638,1.5868221229119037
20,0.03,mixnet_attribution,12,0.024171686746987952,0.012831909404667788,6.494966647558359,2928.659638554217,0.35275522284791805,2.3829819597871724,0.03503421117287074,0.0525,0.0,0.0525,0.6673183080546808,1.4985352386256707
20,0.03,mixnet_attribution,13,0.021388763367977105,0.012014927953022397,6.510626172503407,2928.6002410001506,0.34999802167294547,2.3845831862194498,0.033152429784215384,0.0525,0.0,0.0525,0.631474853032674,1.5835943350673025
20,0.03,mixnet_attribution,14,0.018179097778110272,0.01237403260103631,6.501005111873071,2909.289518964614,0.3496282726409845,2.389468442911946,0.03359259654608509,0.0525,0.0,0.0525,0.6398589818301922,1.5628443585173946
20,0.03,mixnet_attribution,15,0.018372304889158822,0.011772148059137122,6.52498917477616,2952.090115396295,0.3471213943557814,2.377905541558418,0.03123185863916368,0.0525,0.0,0.0525,0.5948925455078796,1.6809758460601765
20,0.03,mixnet_attribution,16,0.01763127635109237,0.01198497013652254,6.510913574258211,2980.602299731698,0.34992553704068996,2.396324103764451,0.03295624803371523,0.0525,0.0,0.0525,0.6277380577850521,1.593021145680507
20,0.03,mixnet_attribution,17,0.023398830058497074,0.01221787147496943,6.510472280782462,2917.2462876856157,0.35060904402052984,2.368996203114003,0.03282640573754745,0.0525,0.0,0.0525,0.62526487119138,1.5993222169903765
20,0.03,mixnet_attribution,18,0.023426940982129447,0.012944750025218861,6.504842414204453,2920.2527406517497,0.3539499918697402,2.403803929443944,0.03452900809084649,0.0525,0.0,0.0525,0.6576953922065998,1.5204607054413923
20,0.03,mixnet_attribution,19,0.019867549668874173,0.012231436815506074,6.507217353789894,2961.0401918246175,0.3490754379890859,2.3887235760681715,0.0338732847386476,0.0525,0.0,0.0525,0.6452054235932876,1.5498939770697915
20,0.03,mixnet_attribution,20,0.022265246853823813,0.012884414855500091,6.500791528150013,2896.2784272842355,0.34790971246547997,2.3864475346479526,0.035869420476638846,0.0525,0.0,0.0525,0.6832270566978828,1.463642269720872
20,0.03,mixnet_attribution,21,0.02350329199203797,0.012599203446927911,6.517674281073836,2977.4170111774615,0.34750871278811246,2.3693077374626093,0.03226374213755674,0.0525,0.0,0.0525,0.6145474692867952,1.627213600213075
20,0.03,mixnet_attribution,22,0.019857939356908272,0.011929055118954502,6.5210095115300515,2970.5690063392653,0.34827265673084185,2.383059766729614,0.03130188598527828,0.0525,0.0,0.0525,0.5962263997195862,1.677215233123381
20,0.03,mixnet_attribution,23,0.02085852478839178,0.012374505976982655,6.519832684253081,2939.9200423216444,0.3473016578354873,2.385955677492836,0.03329332458927678,0.0525,0.0,0.0525,0.634158563605272,1.5768926848750144
20,0.03,mixnet_attribution,24,0.02151600395347069,0.013036498497966688,6.497725352736095,2956.4468942446592,0.3477012124203611,2.3936052400276826,0.03322870671990639,0.0525,0.0,0.0525,0.632927747045836,1.5799591733297498
20,0.03,mixnet_attribution,25,0.020356816102470265,0.011969972718920164,6.515834591084271,2965.0051845074718,0.34748208604287356,2.388795788281687,0.03073665166846757,0.0525,0.0,0.0525,0.5854600317803347,1.7080585278538727
20,0.03,mixnet_attribution,26,0.021857510210255636,0.01253954460726298,6.514568396521015,2941.8478293752837,0.3492724231327884,2.4111355852934753,0.033666134412929295,0.0525,0.0,0.0525,0.6412597031034152,1.559430594438477
20,0.03,mixnet_attribution,27,0.02330895795246801,0.012462740713563536,6.506615881123773,2962.27985984156,0.3452104788448196,2.368008544220494,0.03336454945131788,0.0525,0.0,0.0525,0.6355152276441501,1.5735264184101332
20,0.03,mixnet_attribution,28,0.023471698113207547,0.012912623299072484,6.509805294986434,2935.352,0.34905850689392537,2.391045445747877,0.032581841388916656,0.0525,0.0,0.0525,0.6206065026460316,1.6113269772978174
20,0.03,mixnet_attribution,29,0.023980633936001212,0.013301214196096312,6.502952104305386,2941.008699599062,0.35535173589596525,2.4225590919731674,0.03534383837054323,0.0525,0.0,0.0525,0.6732159689627282,1.4854074265956156
20,0.03,mixnet_attribution_oracle,0,0.3132730015082956,0.2529485857004961,2.231905810644068,2934.1000754147813,0.351072031975491,2.3898314645326186,0.03198113508706552,0.0525,0.0,0.0525,0.6091644778488671,1.641592765768753
20,0.03,mixnet_attribution_oracle,1,0.30525272547076315,0.2511420380595162,2.233528305381651,2965.2261187771596,0.3503979615343269,2.3785133969894803,0.03352519390643878,0.0525,0.0,0.0525,0.6385751220274054,1.5659864681622901
20,0.03,mixnet_attribution_oracle,2,0.31031061588949094,0.249548787198601,2.2430981632663842,2967.5945203388537,0.3496571338328067,2.392480892126426,0.031068653361419188,0.0525,0.0,0.0525,0.5917838735508417,1.689806101000634
20,0.03,mixnet_attribution_oracle,3,0.3072968618123226,0.25138320035670136,2.231523557900294,2984.625949512775,0.35061556909931824,2.3932187753538994,0.03170320619993992,0.0525,0.0,0.0525,0.60387059428457,1.655983930107974
20,0.03,mixnet_attribution_oracle,4,0.3177791354819001,0.25604978151704544,2.218911151952657,2970.4488315258895,0.34512017510132864,2.39339637134743,0.03459235251201501,0.0525,0.0,0.0525,0.6589019526098097,1.517676485915929
20,0.03,mixnet_attribution_oracle,5,0.31389893085147297,0.25291960226882937,2.235043943093249,2991.3852011383738,0.35089500961476006,2.398855191136424,0.03160272320394104,0.0525,0.0,0.0525,0.6019566324560198,1.6612492430226062
20,0.03,mixnet_attribution_oracle,6,0.3078791559131623,0.25358854435947237,2.2240140048507526,2952.451115834219,0.34817141844541766,2.3971925902854245,0.03406044119546868,0.0525,0.0,0.0525,0.6487703084851177,1.5413775675631727
20,0.03,mixnet_attribution_oracle,7,0.3170057581573896,0.2541115870337877,2.2257161445881652,2985.400537428023,0.34617074200650677,2.3600951721421097,0.03228051810111309,0.0525,0.0,0.0525,0.6148670114497732,1.6263679484806566
20,0.03,mixnet_attribution_oracle,8,0.30589595375722545,0.24880456487253977,2.245111110685805,2997.3442003853565,0.3482902464165818,2.395328955703698,0.03120287795672544,0.0525,0.0,0.0525,0.594340532509056,1.6825371067633907
20,0.03,mixnet_attribution_oracle,9,0.31024073654818507,0.2511866676244347,2.234447591552104,2935.1756848539735,0.3479033957410138,2.370431194210113,0.0314731147834636,0.0525,0.0,0.0525,0.599487900637402,1.6680903800339522
20,0.03,mixnet_attribution_oracle,10,0.31123067596241283,0.2534371341642844,2.225958970681094,2947.178387390118,0.3497563513519708,2.40003124170629,0.03378715558741647,0.0525,0.0,0.0525,0.6435648683317423,1.5538449179058107
20,0.03,mixnet_attribution_oracle,11,0.3159670164917541,0.2564046422732288,2.219535078630013,2915.4250374812596,0.349094707344193,2.366416793776252,0.03392951854520258,0.0525,0.0,0.0525,0.6462765437181445,1.5473252274433809
20,0.03,mixnet_attribution_oracle,12,0.3158178181258655,0.25255293488162217,2.23598182810087,2992.8009693799045,0.3482476384670008,2.382895294175981,0.030871962621604115,0.0525,0.0,0.0525,0.5880373832686498,1.700572154854212
20,0.03,mixnet_attribution_oracle,13,0.30173130717471836,0.25083283665636724,2.2336966723714466,2940.523172299085,0.3514464762993157,2.4043300856190015,0.033222969871537354,0.0525,0.0,0.0525,0.6328184737435687,1.5802319962062628
20,0.03,mixnet_attribution_oracle,14,0.3150478486926381,0.25628653480493935,2.2203121552983545,2929.926004069023,0.3526143787894398,2.4004667751062625,0.03535949962363818,0.0525,0.0,0.0525,0.6735142785454892,1.4847495173518583
20,0.03,mixnet_attribution_oracle,15,0.3062959558823529,0.2534154468239014,2.2247286506191037,2980.1504289215686,0.3484777383855544,2.4178518356064247,0.033350898272448484,0.0525,0.0,0.0525,0.635255205189495,1.574170493733621
20,0.03,mixnet_attribution_oracle,16,0.3225609756097561,0.2568448208698585,2.2166656107889318,2965.0580792682927,0.3492707076075021,2.3628097814557227,0.03469564041646826,0.0525,0.0,0.0525,0.6608693412660621,1.5131584075064632
20,0.03,mixnet_attribution_oracle,17,0.3194751697307194,0.2612604128113356,2.198949430782351,2966.2479212754597,0.35047341903555207,2.379524851055022,0.036021987877763444,0.0525,0.0,0.0525,0.6861331024335894,1.4574431643848427
20,0.03,mixnet_attribution_oracle,18,0.30130937880633374,0.24797632738721612,2.2461737812023164,2961.7763398294765,0.35140355728799477,2.387240948484653,0.03134979120470606,0.0525,0.0,0.0525,0.5971388800896392,1.6746523017390618
20,0.03,mixnet_attribution_oracle,19,0.3139170644391408,0.25694985704826084,2.215479694109557,2901.034307875895,0.3499162374937441,2.4045682582987733,0.03403378913080647,0.0525,0.0,0.0525,0.6482626501105995,1.5425846295932535
20,0.03,mixnet_attribution_oracle,20,0.3069020622479263,0.250341265873751,2.2397238613076285,2959.718057986455,0.3527156252821442,2.4122553145151375,0.031323350855391195,0.0525,0.0,0.0525,0.5966352543884037,1.6760658922595442
20,0.03,mixnet_attribution_oracle,21,0.3161285432772472,0.25758707741054493,2.2195710025085997,2948.225557071396,0.35213186347391456,2.4114289623654015,0.033162724027276755,0.0525,0.0,0.0525,0.6316709338528906,1.5831027619087652
20,0.03,mixnet_attribution_oracle,22,0.30777488115319734,0.2531396384817267,2.231708488973873,2982.45123447324,0.35069350042613223,2.3918080414474794,0.03251302905614738,0.0525,0.0,0.0525,0.6192957915456644,1.6147372768417465
20,0.03,mixnet_attribution_oracle,23,0.30502221218281755,0.2495974019504752,2.238146688478621,2928.5249604698442,0.3498043786967173,2.4002591095819508,0.030708997736130256,0.0525,0.0,0.0525,0.5849332902120049,1.7095966612492806
20,0.03,mixnet_attribution_oracle,24,0.32088707852455306,0.25718181206906404,2.2123656974746364,2933.9628875311155,0.3457940960943233,2.3764519730860414,0.035191324067662524,0.0525,0.0,0.0525,0.6703109346221433,1.4918449757405547
20,0.03,mixnet_attribution_oracle,25,0.30326310184833044,0.2512981283929437,2.232026168820242,2959.000912755762,0.34633934617158957,2.3784835740316197,0.032917939962880796,0.0525,0.0,0.0525,0.6270083802453486,1.5948750152409443
20,0.03,mixnet_attribution_oracle,26,0.30295211353115276,0.2500534834500317,2.237216631052323,2950.9914244516963,0.3529729642905295,2.406572416507068,0.03268511959444783,0.0525,0.0,0.0525,0.622573706560911,1.6062355179180097
20,0.03,mixnet_attribution_oracle,27,0.3131737900451105,0.2539112555848192,2.2273432220310334,2973.9622295282516,0.3531459612422623,2.4203100770872306,0.031759762800938354,0.0525,0.0,0.0525,0.6049478628750163,1.6530350156912654
20,0.03,mixnet_attribution_oracle,28,0.3076864766525167,0.2496352577094534,2.2373050490913666,2947.9771831412977,0.3495042604918126,2.39196754426362,0.03274486174181498,0.0525,0.0,0.0525,0.6237116522250472,1.6033049830519772
20,0.03,mixnet_attribution_oracle,29,0.3110170772253287,0.25679000392711593,2.213604891849447,2939.063850687623,0.34757387699210085,2.352197281392085,0.035154541101061365,0.0525,0.0,0.0525,0.6696103066868831,1.4934059258254675
20,0.06,mixnet_attribution,0,0.015870581921337116,0.010964019589224603,6.576366881095704,2981.2021774131717,0.44451233878498897,2.7432715616911123,0.033857863608026034,0.105,0.0,0.105,0.32245584388596227,3.1011998044409883
20,0.06,mixnet_attribution,1,0.016902903054650194,0.010926628877050345,6.581681189693605,2947.684074888198,0.4464157700713258,2.7612924087767334,0.03228163883556773,0.105,0.0,0.105,0.3074441793863593,3.2526229704395178
20,0.06,mixnet_attribution,2,0.016348566648924038,0.010846120076277247,6.586263004799295,2957.4835373735837,0.448336655535968,2.7449189215507435,0.03142198996418365,0.105,0.0,0.105,0.2992570472779395,3.341608857990351
20,0.06,mixnet_attribution,3,0.018152696209289908,0.011098128432853184,6.572121769001425,2966.1049500419495,0.4454696672328282,2.752679588950042,0.0352231280109288,0.105,0.0,0.105,0.3354583620088457,2.9809958947263655
20,0.06,mixnet_attribution,4,0.017483846446218167,0.011000154443071522,6.57670131297842,2956.504522995059,0.45144669103319757,2.8260800842787734,0.03419437416039819,0.105,0.0,0.105,0.32566070628950655,3.070680560125721
20,0.06,mixnet_attribution,5,0.0161339889366933,0.01098870923611669,6.577753868834239,2987.973263675476,0.4500425377918873,2.819494619487612,0.03321087660247921,0.105,0.0,0.105,0.3162940628807544,3.1616148304908545
20,0.06,mixnet_attribution,6,0.013980642187740052,0.010930751841164986,6.582006499429494,2987.668535873406,0.4517804346687626,2.746466876286706,0.033452986340894504,0.105,0.0,0.105,0.318599869913281,3.1387332338590967
20,0.06,mixnet_attribution,7,0.018313620755436855,0.011059310101249374,6.577318728938783,2968.391224723388,0.44677947962190956,2.740165334080105,0.03469520698163735,0.105,0.0,0.105,0.33043054268226046,3.026354621708177
20,0.06,mixnet_attribution,8,0.016715608764400272,0.01097600621534855,6.581875252081052,2928.2376327083803,0.4423034704232123,2.730488230857629,0.032214733204709335,0.105,0.0,0.105,0.30680698290199365,3.259378227122815
20,0.06,mixnet_attribution,9,0.01796042617960426,0.010864742042330752,6.587670056911678,2960.0846270928464,0.44677148005575873,2.803491127435917,0.031425978503859905,0.105,0.0,0.105,0.29929503337009433,3.3411847458338757
20,0.06,mixnet_attribution,10,0.020807926829268294,0.011116734079765508,6.573957221516833,2965.1548780487806,0.4495897678134497,2.77525638550725,0.035080670035355664,0.105,0.0,0.105,0.3341016193843397,2.9931013260059434
20,0.06,mixnet_attribution,11,0.017743403093721567,0.01106269897854733,6.5784832782941,2948.4302396117682,0.44163344806293026,2.7323911126584246,0.03354389082608696,0.105,0.0,0.105,0.31946562691511393,3.130227216168432
20,0.06,mixnet_attribution,12,0.016791604197901048,0.010977821854700318,6.579895181280621,2915.3019490254874,0.4450722978217527,2.772298860558728,0.03296348167218091,0.105,0.0,0.105,0.31393792068743726,3.1853431334777156
20,0.06,mixnet_attribution,13,0.014288971650072205,0.01087301461417137,6.584356573917348,2956.0696967393783,0.44130981821217574,2.7858298074796366,0.031848873865668634,0.105,0.0,0.105,0.30332260824446317,3.2968198638000925
20,0.06,mixnet_attribution,14,0.015323926566530116,0.010875204052894416,6.584956474001886,2950.08731603702,0.4470398065750487,2.790651701433397,0.03250729410859589,0.105,0.0,0.105,0.30959327722472274,3.2300442986497266
20,0.06,mixnet_attribution,15,0.015047879616963064,0.010924888637908641,6.58027487922154,2955.680954552364,0.44851294066756964,2.775223804376398,0.0321830407673102,0.105,0.0,0.105,0.306505150164859,3.2625879188722697
20,0.06,mixnet_attribution,16,0.017008887526815814,0.010821055265749654,6.590029346709658,2980.1903922770457,0.44410211173817515,2.776237683437156,0.029341903424388662,0.105,0.0,0.105,0.279446699279892,3.578499952144385
20,0.06,mixnet_attribution,17,0.015998781045253693,0.010977311837834559,6.582847873415211,2962.7712936157245,0.4489789223007392,2.7556424219972304,0.032839796105023904,0.105,0.0,0.105,0.3127599629049896,3.1973401924970193
20,0.06,mixnet_attribution,18,0.01816392946340725,0.010968465958088678,6.587233142742758,2943.3190796942404,0.44510847312631086,2.798964848867895,0.03145132224808371,0.105,0.0,0.105,0.299536402362702,3.3384923906147543
20,0.06,mixnet_attribution,19,0.018396547808312513,0.010993661867692699,6.5773936510457,2944.611325611326,0.44568293628981337,2.774678112246157,0.03177483766645626,0.105,0.0,0.105,0.3026175015852977,3.3045015399353352
20,0.06,mixnet_attribution,20,0.01957108578284343,0.011397705331693047,6.571872710263936,2916.11825134973,0.45103615275002085,2.8060036850513304,0.0365750329235968,0.105,0.0,0.105,0.34833364689139806,2.8708108129209107
20,0.06,mixnet_attribution,21,0.017938931297709924,0.010991414088169085,6.578382331648249,2968.7130534351145,0.44793727053911425,2.7635213756502433,0.033308591213209136,0.105,0.0,0.105,0.3172246782210394,3.1523398671499594
20,0.06,mixnet_attribution,22,0.018334722327449048,0.010832968922037712,6.584127432047269,2946.432532767634,0.4480509741406422,2.7719139658459744,0.031547051084383146,0.105,0.0,0.105,0.3004481055655538,3.328361808498118
20,0.06,mixnet_attribution,23,0.016479743648432136,0.010921522976249815,6.58187922410016,2966.6431677729456,0.4469210085226223,2.782293493482734,0.03330941511865427,0.105,0.0,0.105,0.3172325249395645,3.152261894301376
20,0.06,mixnet_attribution,24,0.01702127659574468,0.011033904485043983,6.580944274466931,2955.4800911854104,0.4464510688849259,2.773705958385311,0.033716574751235864,0.105,0.0,0.105,0.32111023572605585,3.11419534085832
20,0.06,mixnet_attribution,25,0.017344589409056026,0.01110871282775096,6.5687560266787255,2984.597620874904,0.4467074047715869,2.7683700778796645,0.035919042598940874,0.105,0.0,0.105,0.3420861199899131,2.9232404987068357
20,0.06,mixnet_attribution,26,0.02001942182714574,0.010978052186541576,6.578648591434791,2905.1168297602153,0.44400292448699474,2.7549931880395993,0.03307785387102533,0.105,0.0,0.105,0.3150271797240508,3.17432927811484
20,0.06,mixnet_attribution,27,0.015375429168532616,0.01081496379615446,6.593783654085836,2902.7528735632186,0.44653042423306033,2.7750235378202293,0.03011801502309226,0.105,0.0,0.105,0.28683823831516436,3.4862855310847607
20,0.06,mixnet_attribution,28,0.017094017094017096,0.010983533605344188,6.5773612364469125,2941.4458059148324,0.4474305805633776,2.7942514348019696,0.033459100925494714,0.105,0.0,0.105,0.31865810405233064,3.1381596365607516
20,0.06,mixnet_attribution,29,0.015116015418335727,0.010963762473751052,6.5842994159504,2939.522711813166,0.4483811099489685,2.786161322274487,0.032930021945585204,0.105,0.0,0.105,0.313619256624621,3.188579715297667
20,0.06,mixnet_attribution_oracle,0,0.25060957025297165,0.21668383986545128,2.381237394207213,2963.7583815909784,0.4439522053289693,2.75957390602079,0.03148817337327022,0.105,0.0,0.105,0.2998873654597164,3.3345852982736917
20,0.06,mixnet_attribution_oracle,1,0.25219784420151364,0.21803371782874453,2.3717423826522634,2973.134393395,0.44776789090246893,2.7877313630932488,0.033448436555752595,0.105,0.0,0.105,0.3185565386262152,3.139160176440046
20,0.06,mixnet_attribution_oracle,2,0.2592733353602919,0.2191354533935324,2.373227539276178,2955.7880814837335,0.4450198968697805,2.7555786002058356,0.03358544393097796,0.105,0.0,0.105,0.3198613707712187,3.1263543878052453
20,0.06,mixnet_attribution_oracle,3,0.26752416470050994,0.22020095938343492,2.3703039372022467,2959.683613669229,0.44711896902299486,2.7784954005624862,0.03440976368706376,0.105,0.0,0.105,0.327712035114893,3.0514594914080853
20,0.06,mixnet_attribution_oracle,4,0.26020097442143725,0.22265861964663808,2.3586743238556513,2960.9100943970766,0.445452673593536,2.7795360744719986,0.037823592739029195,0.105,0.0,0.105,0.360224692752659,2.776045118835398
20,0.06,mixnet_attribution_oracle,5,0.26009483022330987,0.2163327099928035,2.3835528901746583,2973.810033649434,0.4501328505866695,2.760456045040791,0.033599889235523206,0.105,0.0,0.105,0.31999894510022103,3.1250103017896147
20,0.06,mixnet_attribution_oracle,6,0.25594967409428526,0.2160402074817601,2.3820706860342464,2946.725329695316,0.4445076996926218,2.759503667711945,0.03110457214254508,0.105,0.0,0.105,0.29623402040519126,3.3757095104478276
20,0.06,mixnet_attribution_oracle,7,0.25487944890929964,0.2173141937631661,2.375865354296347,2976.2250287026404,0.4475521868735086,2.7677229019192207,0.03221435071462521,0.105,0.0,0.105,0.30680334013928773,3.259416926641031
20,0.06,mixnet_attribution_oracle,8,0.25115609127435373,0.21574060713350696,2.3819912829731527,2948.249185050413,0.4498816846171394,2.7910941718323072,0.03375996905212573,0.105,0.0,0.105,0.3215235147821498,3.1101924245806907
20,0.06,mixnet_attribution_oracle,9,0.2525390328937396,0.21492491016277326,2.389534706061877,2946.343792633015,0.4477834205899853,2.759988965008686,0.031758955196639904,0.105,0.0,0.105,0.3024662399679991,3.306154102043917
20,0.06,mixnet_attribution_oracle,10,0.26389728096676734,0.21721223594242586,2.380230910807837,2937.354607250755,0.4447878218779806,2.77383013619325,0.03191874627573475,0.105,0.0,0.105,0.3039880597689024,3.289602890193185
20,0.06,mixnet_attribution_oracle,11,0.2609388033669523,0.22006424653117987,2.368797832497294,2948.9008114051717,0.44870418560458347,2.8064357880692565,0.03233453414485324,0.105,0.0,0.105,0.3079479442366975,3.247302080482056
20,0.06,mixnet_attribution_oracle,12,0.2522851919561243,0.21735335549094922,2.3741126864886555,2962.5584247410115,0.4416547830333002,2.7419349870083187,0.032495816387468346,0.105,0.0,0.105,0.3094839655949366,3.231185170054447
20,0.06,mixnet_attribution_oracle,13,0.25329417965514645,0.21709643300002832,2.380947900149235,2927.7242677509225,0.4447151540662162,2.773747637642395,0.03310186918473024,0.105,0.0,0.105,0.31525589699743084,3.172026311083245
20,0.06,mixnet_attribution_oracle,14,0.2555109461404439,0.21845552785024452,2.3740754693584663,2946.3140671161277,0.4476350154436659,2.7604456692013306,0.03346031588578853,0.105,0.0,0.105,0.3186696751027479,3.1380456884627392
20,0.06,mixnet_attribution_oracle,15,0.25954081240881516,0.22068883151051744,2.364332991059877,2986.314290102127,0.4445489398785867,2.755860973346519,0.03610626715913932,0.105,0.0,0.105,0.3438692110394221,2.9080823984714272
20,0.06,mixnet_attribution_oracle,16,0.25414867015230735,0.2184232272705143,2.3682297535366894,2947.0218989164205,0.4486673684150446,2.789144927229321,0.03235820835607443,0.105,0.0,0.105,0.3081734129149946,3.2449262593455335
20,0.06,mixnet_attribution_oracle,17,0.2535007610350076,0.21626554729867484,2.37755797876068,2960.48599695586,0.45030342318932526,2.790931983544983,0.03360166068623437,0.105,0.0,0.105,0.320015816059375,3.124845553928692
20,0.06,mixnet_attribution_oracle,18,0.25879359377338723,0.21986419747618127,2.369820420471853,2911.0939230654094,0.44594067041180097,2.781646847273384,0.03546399028185143,0.105,0.0,0.105,0.33775228839858507,2.960749739820828
20,0.06,mixnet_attribution_oracle,19,0.2523463518013927,0.21674310250349152,2.3801063104607603,2944.2229791099003,0.4424094572314061,2.7862686084265382,0.03242898377397947,0.105,0.0,0.105,0.30884746451409023,3.2378442917551555
20,0.06,mixnet_attribution_oracle,20,0.2563130355653295,0.215012741376978,2.3935698909952254,2949.312428907257,0.4432554855302442,2.742683886690897,0.03154775642071132,0.105,0.0,0.105,0.3004548230543936,3.328287393872065
20,0.06,mixnet_attribution_oracle,21,0.25359835503769707,0.21611826468405265,2.3810463605786545,2962.721955677405,0.44409996329341084,2.753957573243312,0.03193743791664764,0.105,0.0,0.105,0.3041660753966442,3.287677623797992
20,0.06,mixnet_attribution_oracle,22,0.2548488949030221,0.21848208199607863,2.370400461999204,2923.896707262066,0.446151045296574,2.783134820532501,0.033375954319409346,0.105,0.0,0.105,0.31786623161342237,3.1459774601542594
20,0.06,mixnet_attribution_oracle,23,0.25179252479023645,0.2161584504309917,2.3826604831242175,2965.9792524790237,0.4456661712320056,2.750693483277672,0.030374922207587703,0.105,0.0,0.105,0.28928497340559717,3.4567989765508216
20,0.06,mixnet_attribution_oracle,24,0.2623678970745903,0.2171721929080876,2.382670747500775,2978.7247664267115,0.4494466774049215,2.802943484501623,0.030549487361095258,0.105,0.0,0.105,0.2909474986770977,3.437046218121401
20,0.06,mixnet_attribution_oracle,25,0.2555066079295154,0.21607867841985576,2.385413049939035,2953.656083852347,0.44814648490864784,2.7695036165900206,0.03291490651946097,0.105,0.0,0.105,0.3134753001853426,3.190043998390779
20,0.06,mixnet_attribution_oracle,26,0.2635027043498134,0.21807703690210983,2.3755288305118136,2962.9931439018815,0.4437504615925718,2.743011920753705,0.032173908677831806,0.105,0.0,0.105,0.30641817788411246,3.263513956336496
20,0.06,mixnet_attribution_oracle,27,0.2617361859319686,0.2200398952597501,2.364564257847936,2992.8498537786672,0.4474239213450346,2.8010755583279714,0.03409293560082129,0.105,0.0,0.105,0.3246946247697266,3.0798169224673795
20,0.06,mixnet_attribution_oracle,28,0.2644065202418306,0.2207749660154605,2.361712095293095,2975.815030228821,0.4501682523114141,2.812076377765049,0.034938004005931146,0.105,0.0,0.105,0.33274289529458234,3.0053233717122185
20,0.06,mixnet_attribution_oracle,29,0.25219611081913057,0.21801062680234318,2.376716613840892,2920.033561078159,0.4475322823273018,2.7904294606034155,0.03415945210513474,0.105,0.0,0.105,0.32532811528699757,3.0738197930351676
20,0.12,mixnet_attribution,0,0.013883677298311446,0.010321733160353307,6.624311751268948,2918.6148592870545,0.6468287663592491,3.546095061091509,0.03469395853522102,0.21,0.0,0.21,0.16520932635819532,6.052927047422673
20,0.12,mixnet_attribution,1,0.013908836646760904,0.010380443131784439,6.617918292972643,2939.9213848363443,0.6413135970651638,3.5472368776358927,0.037085990800392404,0.21,0.0,0.21,0.17659995619234478,5.662515560937312
20,0.12,mixnet_attribution,2,0.012983045669772415,0.010330159977890467,6.623561116242481,2969.6774095005344,0.642773605271941,3.558080677256776,0.034224196779324416,0.21,0.0,0.21,0.16297236561583056,6.136009600285655
20,0.12,mixnet_attribution,3,0.014526924247033769,0.010356214438289272,6.62008820369992,2957.6254943717677,0.6445355419709813,3.570511479224195,0.033977172580295874,0.21,0.0,0.21,0.16179605990617082,6.180620223878891
20,0.12,mixnet_attribution,4,0.01596150908813197,0.010277515306012166,6.629652725317821,2970.504582251413,0.6412878131959587,3.5326067416455667,0.02892456541003834,0.21,0.0,0.21,0.13773602576208732,7.260264658189782
20,0.12,mixnet_attribution,5,0.01521620992158994,0.01035321568818231,6.621297967323739,3019.373806381492,0.6406712317548227,3.6054654920258504,0.0341469898325215,0.21,0.0,0.21,0.16260471348819763,6.149883226309939
20,0.12,mixnet_attribution,6,0.013198046994202014,0.010296889439958557,6.625081360061363,2966.221696673787,0.6424130955711007,3.570414425524056,0.03228965196372045,0.21,0.0,0.21,0.15376024744628788,6.503631573234323
20,0.12,mixnet_attribution,7,0.014870446864438603,0.010324019267077085,6.624231250490163,2919.9667292527224,0.6420078860537615,3.514563005327994,0.03343794506461769,0.21,0.0,0.21,0.15922830983151282,6.280290238954043
20,0.12,mixnet_attribution,8,0.013384912959381044,0.010302527130950161,6.626646841087361,3009.104835589942,0.6423729999514762,3.564066214378093,0.03228206788959954,0.21,0.0,0.21,0.15372413280761685,6.505159481052224
20,0.12,mixnet_attribution,9,0.014157014157014158,0.010345169490647338,6.623308350408332,2944.259217200394,0.6424376085342374,3.5343880707624256,0.03371129946446759,0.21,0.0,0.21,0.16052999744984567,6.229365326642017
20,0.12,mixnet_attribution,10,0.014445123815346989,0.010380677103926634,6.624126204059751,2972.4379394680527,0.6439264000218827,3.5484705837273216,0.03420641536376625,0.21,0.0,0.21,0.16288769220841073,6.13919926326002
20,0.12,mixnet_attribution,11,0.016641337386018237,0.01034564013897648,6.624465230643797,2954.7107142857144,0.6420734508719761,3.542414747449831,0.03174760071704976,0.21,0.0,0.21,0.1511790510335703,6.6146730857434966
20,0.12,mixnet_attribution,12,0.013466717968449404,0.010366166582990556,6.622192278595706,2992.5069642170065,0.6450022819626611,3.5689820475543668,0.034021033769946016,0.21,0.0,0.21,0.16200492271402867,6.1726519370352815
20,0.12,mixnet_attribution,13,0.013081954597922277,0.010307160149218002,6.62653999155612,2993.017545209696,0.647863952384796,3.56940390089944,0.03180697075628912,0.21,0.0,0.21,0.15146176550613866,6.602326314223972
20,0.12,mixnet_attribution,14,0.013092174965945209,0.010278951199904431,6.628992409326965,2943.1192674436206,0.6391028173675295,3.5731548037475194,0.030536977863229203,0.21,0.0,0.21,0.14541418030109146,6.876908413810962
20,0.12,mixnet_attribution,15,0.0157504396360578,0.010327896385004592,6.626148881021529,2973.275785610521,0.6415333590121008,3.5757904653690784,0.03140022219820452,0.21,0.0,0.21,0.1495248676104977,6.6878507634257405
20,0.12,mixnet_attribution,16,0.014742384355020684,0.01033271398202287,6.62437758354257,2925.4247461451673,0.6428544811496977,3.538176462317352,0.033928356891577714,0.21,0.0,0.21,0.16156360424560817,6.189512821710792
20,0.12,mixnet_attribution,17,0.011594422552288573,0.010333199056043444,6.62192171588242,2947.5574416489844,0.638800937711494,3.5471632871225616,0.03543532950318707,0.21,0.0,0.21,0.16873966430089082,5.926288902749232
20,0.12,mixnet_attribution,18,0.014525476029201475,0.010350508762981771,6.623075255830862,2926.996839015579,0.6398067001719028,3.6070758187496708,0.035168530702918234,0.21,0.0,0.21,0.16746919382342018,5.971247470471506
20,0.12,mixnet_attribution,19,0.01353281708142245,0.010346716524290863,6.624031940765114,2924.351853244117,0.640608353249263,3.5880238401600666,0.03251973922845576,0.21,0.0,0.21,0.15485590108788458,6.457616358013216
20,0.12,mixnet_attribution,20,0.013091942844318097,0.01030526953530124,6.626758073410915,2909.496895339268,0.6458382082346361,3.569033777202179,0.0321325755186954,0.21,0.0,0.21,0.15301226437474003,6.5354238373397
20,0.12,mixnet_attribution,21,0.014493853392016998,0.010377801373934025,6.620806485953957,2951.808544543937,0.6424601001781411,3.5847052558567403,0.034416108019324966,0.21,0.0,0.21,0.16388622866345223,6.101793958866094
20,0.12,mixnet_attribution,22,0.012419538053767512,0.010227162086592783,6.631153457075365,2945.7799318439984,0.6343268870259635,3.5612626603902755,0.028311675241457116,0.21,0.0,0.21,0.1348175011497958,7.417434616955995
20,0.12,mixnet_attribution,23,0.012126233335843941,0.01031307212464543,6.623362027627264,2929.5467349551855,0.6415080435108393,3.539712902568551,0.03434676084428086,0.21,0.0,0.21,0.16355600402038503,6.114113670051291
20,0.12,mixnet_attribution,24,0.0152291917973462,0.01037775752452118,6.622058642824894,2931.484167671894,0.6443091976689175,3.560163018126083,0.033301858009454316,0.21,0.0,0.21,0.15858027623549675,6.305954458768682
20,0.12,mixnet_attribution,25,0.015704810551193108,0.010319326052928863,6.628685705056344,2964.978348707784,0.638716592307901,3.5448058994604836,0.030514818228149727,0.21,0.0,0.21,0.14530865822928443,6.881902373787575
20,0.12,mixnet_attribution,26,0.014036158364482416,0.010370813973439374,6.622770309683082,2967.081775879167,0.6462371893285308,3.5465126396624864,0.0329144341355861,0.21,0.0,0.21,0.1567354006456481,6.380179563012882
20,0.12,mixnet_attribution,27,0.01274221518510141,0.01032408317563967,6.62193470156142,2932.0443338611176,0.6414891021267977,3.56185030117352,0.03212759638819969,0.21,0.0,0.21,0.15298855422952234,6.536436696432478
20,0.12,mixnet_attribution,28,0.013082832585380694,0.010308117575593544,6.626630572545661,2958.0469308587512,0.6420786696253344,3.561627566705612,0.03283098691660186,0.21,0.0,0.21,0.15633803293619936,6.3963962013523235
20,0.12,mixnet_attribution,29,0.015916325602546612,0.01036365579068898,6.62345920473439,2948.7027436713656,0.6417533463973086,3.5306286442021015,0.03470477948158553,0.21,0.0,0.21,0.16526085467421683,6.051039745445628
20,0.12,mixnet_attribution_oracle,0,0.22111584068105808,0.2046882892058527,2.4317315153883676,2956.575630890848,0.6390896082739346,3.5491704903299794,0.03223086004977023,0.21,0.0,0.21,0.15348028595128682,6.5154947673044505
20,0.12,mixnet_attribution_oracle,1,0.22869479584879934,0.2044769334603374,2.437530834511821,2945.742595257935,0.6395644870644901,3.5420754326676676,0.03261451155405819,0.21,0.0,0.21,0.15530719787646757,6.438851602972111
20,0.12,mixnet_attribution_oracle,2,0.23547469302186283,0.20701923899565372,2.4220677531937618,2911.9916891284815,0.6408075128565542,3.537417260679135,0.03477168351239028,0.21,0.0,0.21,0.1655794452970966,6.039396968661876
20,0.12,mixnet_attribution_oracle,3,0.2344843322178278,0.20650386133120102,2.427919391976372,2958.294341344691,0.639660974527942,3.530664355618197,0.033516754450132705,0.21,0.0,0.21,0.15960359261967955,6.26552312254591
20,0.12,mixnet_attribution_oracle,4,0.2262863277356031,0.20434115337357472,2.4399288198115245,2982.167931907062,0.6453824601776432,3.580492856955279,0.03282948671405213,0.21,0.0,0.21,0.15633088911453394,6.396688496202193
20,0.12,mixnet_attribution_oracle,5,0.22593126469918823,0.2046110296718837,2.433177910588475,2950.7107199757224,0.6425513712165412,3.570967277617226,0.031449795619812475,0.21,0.0,0.21,0.14976093152291656,6.677308893788358
20,0.12,mixnet_attribution_oracle,6,0.22561763587989359,0.20354428245368444,2.44085885746313,2956.935765868491,0.6379174178582616,3.5425773205075535,0.0323057980451793,0.21,0.0,0.21,0.15383713354847287,6.500381129923406
20,0.12,mixnet_attribution_oracle,7,0.22276472383277388,0.20294910891171095,2.43942581952541,2967.676228257553,0.638804071728373,3.5586979532550007,0.03426804329720335,0.21,0.0,0.21,0.1631811585581112,6.128158476359177
20,0.12,mixnet_attribution_oracle,8,0.23528966873392831,0.20547096198701045,2.4301076021649997,2942.164876720617,0.6421153609117027,3.5380441445313005,0.03540012549804052,0.21,0.0,0.21,0.16857202618114536,5.932182359399374
20,0.12,mixnet_attribution_oracle,9,0.2265298365640441,0.20539720984434104,2.4303453673631337,2956.3572025845688,0.6400676418852527,3.5666828789717493,0.033333669788123806,0.21,0.0,0.21,0.15873176089582766,6.299936410686448
20,0.12,mixnet_attribution_oracle,10,0.23387338733873386,0.20541748843781252,2.4319857458998677,2917.03697869787,0.6401730894867796,3.584923120416806,0.032615388310582215,0.21,0.0,0.21,0.15531137290753436,6.438678515805513
20,0.12,mixnet_attribution_oracle,11,0.22618680641183725,0.20377874534331636,2.437481004764157,2997.656134401973,0.6390859207313042,3.528986746909595,0.03208087950976454,0.21,0.0,0.21,0.15276609290364068,6.545955198518848
20,0.12,mixnet_attribution_oracle,12,0.23203378327426288,0.20402408020913704,2.43881688389161,2933.2959052861775,0.6443570452101994,3.579463490961564,0.03281981277639274,0.21,0.0,0.21,0.15628482274472733,6.398573978187128
20,0.12,mixnet_attribution_oracle,13,0.22967049576783555,0.20363111701255715,2.4412135837580937,2940.2092654171706,0.6427300199284218,3.5516051831817226,0.03302716785620111,0.21,0.0,0.21,0.15727222788667197,6.35840169264077
20,0.12,mixnet_attribution_oracle,14,0.2387593354671544,0.20627018496665572,2.424930186115099,2963.562414266118,0.6407530565920752,3.5641772843695976,0.03199436532452662,0.21,0.0,0.21,0.1523541205929839,6.563655752190081
20,0.12,mixnet_attribution_oracle,15,0.22728321920443179,0.20541212753943297,2.428589964768063,2992.2363622374396,0.6444443292275537,3.6088804848340335,0.034768611903625034,0.21,0.0,0.21,0.16556481858869065,6.039930514974198
20,0.12,mixnet_attribution_oracle,16,0.23403928790669123,0.20646932073160057,2.4184641337265798,2983.3543585021484,0.6346631243359298,3.5343956592261443,0.0316619684841026,0.21,0.0,0.21,0.15077127849572666,6.632562978686575
20,0.12,mixnet_attribution_oracle,17,0.23396428845122233,0.2049736909369756,2.4364164095881162,2979.599126369837,0.642821493500378,3.5077690970355646,0.03138294472367605,0.21,0.0,0.21,0.14944259392226691,6.691532673209309
20,0.12,mixnet_attribution_oracle,18,0.22467326433481907,0.20413629813813605,2.440231796906792,2938.351665785299,0.6401948896818794,3.5593255103401376,0.03234057820019753,0.21,0.0,0.21,0.15400275333427393,6.493390399517265
20,0.12,mixnet_attribution_oracle,19,0.22894037219901253,0.2071613641926083,2.421920137976102,2954.072161033042,0.6460951829503756,3.610560822740066,0.03632931109203755,0.21,0.0,0.21,0.1729967194858931,5.780456432768046
20,0.12,mixnet_attribution_oracle,20,0.22371926619471721,0.20264172802240762,2.442547703027722,2960.792722843876,0.6403964937198907,3.5905868420004583,0.031206658112703102,0.21,0.0,0.21,0.14860313387001478,6.729333184014234
20,0.12,mixnet_attribution_oracle,21,0.22830709542639707,0.20563759522397507,2.42797320057252,2901.92516600761,0.6400433403323404,3.528946571388085,0.03329142111674053,0.21,0.0,0.21,0.15853057674638346,6.3079313815895315
20,0.12,mixnet_attribution_oracle,22,0.22995090016366612,0.2048951145407065,2.4324193317981653,2892.9169022466895,0.6436750549764838,3.5856583545424,0.0324900491034413,0.21,0.0,0.21,0.15471451954019666,6.463517470577079
20,0.12,mixnet_attribution_oracle,23,0.22750923761405625,0.20440436700065442,2.437160160466658,2932.4438579292664,0.6402660623716656,3.5492679305485755,0.031714558875959434,0.21,0.0,0.21,0.15102170893314015,6.6215645887222525
20,0.12,mixnet_attribution_oracle,24,0.23153875525009546,0.2045553111642849,2.4356251029060645,2969.238793432608,0.6404771189263556,3.4807144321623116,0.033653409901364,0.21,0.0,0.21,0.1602543328636381,6.240080889737373
20,0.12,mixnet_attribution_oracle,25,0.2220544946788437,0.20614414020372793,2.423617008931388,2934.9219563740658,0.6420837548794225,3.54521585663411,0.03506113969025038,0.21,0.0,0.21,0.16695780804881136,5.989537187189488
20,0.12,mixnet_attribution_oracle,26,0.22998230905314976,0.20469716349434064,2.441953627958017,2992.4565033458966,0.6442605957272463,3.527961699171981,0.03179807375966913,0.21,0.0,0.21,0.1514193988555673,6.604173623446086
20,0.12,mixnet_attribution_oracle,27,0.2299497793334348,0.20624623241947734,2.4290110406242595,2958.517653325217,0.6414001644880045,3.5574406423243343,0.033011325512241826,0.21,0.0,0.21,0.15719678815353252,6.36145312983946
20,0.12,mixnet_attribution_oracle,28,0.23100097913685322,0.20621283647611752,2.428799587102899,2928.77088197635,0.6404464741935953,3.5362762093035545,0.032513637730376715,0.21,0.0,0.21,0.15482684633512722,6.458828192078982
20,0.12,mixnet_attribution_oracle,29,0.23575503993914035,0.20470536225289673,2.430773902517711,2958.4934956257134,0.6452763418201357,3.562834171439071,0.034288545267843334,0.21,0.0,0.21,0.16327878698973017,6.124494298594327
20,0.25,mixnet_attribution,0,0.011868990384615384,0.010097992921838552,6.643896717894292,2921.752704326923,1.0649322837707587,5.190929620186546,0.03555102328631826,0.4375,0.0,0.4375,0.08125948179729889,12.306256179364912
20,0.25,mixnet_attribution,1,0.011503949689393358,0.010082640500389473,6.643434132834656,2982.6850985505025,1.0683996893058065,5.294314945572577,0.03324838334082373,0.4375,0.0,0.4375,0.07599630477902566,13.158534522273134
20,0.25,mixnet_attribution,2,0.012117106946639573,0.010105477370572302,6.642806407547181,2926.034168736359,1.0637068929790985,5.264491775748395,0.03177048107569478,0.4375,0.0,0.4375,0.07261824245873093,13.770644484659647
20,0.25,mixnet_attribution,3,0.013662036330331247,0.01006891155943252,6.645715037947995,2969.193023965807,1.0614225495664869,5.210601475296524,0.03102039268566464,0.4375,0.0,0.4375,0.07090375471009061,14.10362545804201
20,0.25,mixnet_attribution,4,0.013320140051758259,0.010103096011228095,6.6427845990867,2960.10815953722,1.0629341778112575,5.2594166166280845,0.030832892299566324,0.4375,0.0,0.4375,0.07047518239900874,14.189392151386123
20,0.25,mixnet_attribution,5,0.012051868802440885,0.010122778636011203,6.640727324543531,2965.8001525553013,1.0654972037882544,5.248218839558554,0.03383058293482589,0.4375,0.0,0.4375,0.07732704670817346,12.93208576520355
20,0.25,mixnet_attribution,6,0.010804321728691477,0.010120024924649983,6.641664366392527,2918.141356542617,1.0613429935765453,5.180354961214488,0.036544812944071345,0.4375,0.0,0.4375,0.08353100101502021,11.97160321136561
20,0.25,mixnet_attribution,7,0.012448132780082987,0.010094835502025938,6.643530437133792,2987.972644844014,1.0639929258904886,5.244382985272331,0.03316038143953901,0.4375,0.0,0.4375,0.07579515757608916,13.19345499079042
20,0.25,mixnet_attribution,8,0.012502876428626217,0.010086645067887258,6.644562682927324,2982.9529799800566,1.0661513614177238,5.240859013079061,0.03104592048487811,0.4375,0.0,0.4375,0.07096210396543569,14.092028619769804
20,0.25,mixnet_attribution,9,0.013696568332329922,0.010102876880608971,6.641473056277015,2927.205072245635,1.0645704334310722,5.288475718582708,0.033661192194362456,0.4375,0.0,0.4375,0.07693986787282847,12.997162948770189
20,0.25,mixnet_attribution,10,0.011535851617281158,0.010087177613481274,6.644200504310458,2932.1397119806984,1.0617599867109675,5.244090862736929,0.0303792143832087,0.4375,0.0,0.4375,0.06943820430447703,14.40129407170636
20,0.25,mixnet_attribution,11,0.012824404310213993,0.010076750303472472,6.644105178175908,2951.306875094855,1.0700924193079118,5.2306216151231855,0.029700317705060472,0.4375,0.0,0.4375,0.06788644046870965,14.730482156608607
20,0.25,mixnet_attribution,12,0.01314695882130714,0.010077645437514845,6.645405654386266,2939.126709482433,1.0615885905281175,5.168471551872862,0.031114712666238914,0.4375,0.0,0.4375,0.07111934323711752,14.060872253360396
20,0.25,mixnet_attribution,13,0.01206843874121601,0.010091782088304234,6.642290535821645,2970.0402535899784,1.0611427497351542,5.198503026783952,0.031953560001130796,0.4375,0.0,0.4375,0.07303670857401325,13.691745144657354
20,0.25,mixnet_attribution,14,0.013617344998098135,0.010095899782152567,6.64251760994975,2958.5820464054773,1.0607889975945,5.147736723666257,0.033499186830306865,0.4375,0.0,0.4375,0.07656956989784426,13.060018507798278
20,0.25,mixnet_attribution,15,0.014216939972920114,0.01009581227111352,6.643679439368145,2925.6035053407554,1.0614151948830113,5.206783717897454,0.032391910633216656,0.4375,0.0,0.4375,0.07403865287592379,13.50645860177697
20,0.25,mixnet_attribution,16,0.01029678982434888,0.010120074461169132,6.640588802488206,2944.445260448213,1.062675467779627,5.189178164058083,0.0322210830647024,0.4375,0.0,0.4375,0.07364818986217692,13.578066234504487
20,0.25,mixnet_attribution,17,0.013468790887400908,0.010095803157635412,6.643434560968808,2993.149849919187,1.0636828627611976,5.234400634095644,0.03200226932626677,0.4375,0.0,0.4375,0.07314804417432405,13.670905507970007
20,0.25,mixnet_attribution,18,0.0115990057995029,0.010082396158310684,6.643612112631354,2929.2161632898997,1.0713541077566333,5.277587339949643,0.0339222360089493,0.4375,0.0,0.4375,0.07753653944902697,12.897145102244426
20,0.25,mixnet_attribution,19,0.011229987100690493,0.010091082844173717,6.642354385437861,2951.4818271492527,1.0626799393212423,5.220717851139561,0.033809079881318815,0.4375,0.0,0.4375,0.07727789687158586,12.940310754855542
20,0.25,mixnet_attribution,20,0.012862222894756753,0.010104180318639768,6.642072797394647,2942.701747749111,1.063833610736765,5.260906919285247,0.03277238773609206,0.4375,0.0,0.4375,0.07490831482535329,13.349652870064865
20,0.25,mixnet_attribution,21,0.010440481633897271,0.010089720707296475,6.643628450206401,2963.3472031702486,1.0675405464717187,5.205615446756968,0.030667680418220634,0.4375,0.0,0.4375,0.07009755524164717,14.26583276053925
20,0.25,mixnet_attribution,22,0.008923169993950392,0.010090959846854165,6.64413626707582,2941.5905172413795,1.0636816160404123,5.194820490406298,0.03366922671591272,0.4375,0.0,0.4375,0.07695823249351479,12.994061422658962
20,0.25,mixnet_attribution,23,0.011321037636827111,0.010081558342727778,6.644568167960895,2916.4790823211874,1.0674163174408022,5.212334830760151,0.03306220520021419,0.4375,0.0,0.4375,0.07557075474334672,13.23263216565983
20,0.25,mixnet_attribution,24,0.010361115343592868,0.010082499505455539,6.643646067152234,2963.244248057291,1.0612647568632383,5.217878111434827,0.031134028992106808,0.4375,0.0,0.4375,0.07116349483910127,14.052148538530503
20,0.25,mixnet_attribution,25,0.012257100149476832,0.010097339839589116,6.643567659181125,2906.959865470852,1.065203328820644,5.198626911044379,0.03489151299822566,0.4375,0.0,0.4375,0.07975202971023009,12.538865827407605
20,0.25,mixnet_attribution,26,0.009519492293744334,0.010066839918828934,6.644481881232805,2938.234965246298,1.0643386183073744,5.22061957299717,0.03173111151106468,0.4375,0.0,0.4375,0.07252825488243356,13.787730059422694
20,0.25,mixnet_attribution,27,0.012275945172465733,0.01009503963642246,6.643223137259326,2929.412034945022,1.0659557971230242,5.253874044242497,0.03405678841650216,0.4375,0.0,0.4375,0.07784408780914778,12.846190740287483
20,0.25,mixnet_attribution,28,0.013206672845227063,0.010094819835453767,6.643269691403103,3003.0692771084337,1.0632301930163521,5.248349336479616,0.031035376809030055,0.4375,0.0,0.4375,0.07093800413492583,14.096816117041794
20,0.25,mixnet_attribution,29,0.009927250682024855,0.010099218282904773,6.642212206028732,2947.396029099727,1.0636629606888164,5.2116202101445515,0.03373708459103778,0.4375,0.0,0.4375,0.07711333620808636,12.967925512930107
20,0.25,mixnet_attribution_oracle,0,0.21320653424342356,0.20043276101576482,2.452314327805639,2982.763938952374,1.0640294234035537,5.153482567529399,0.033259822493302164,0.4375,0.0,0.4375,0.0760224514132621,13.154008867248265
20,0.25,mixnet_attribution_oracle,1,0.2163516283306764,0.2017340530517688,2.4445258531508602,2952.2814089425337,1.0625037868448999,5.255159209072124,0.03420764045684203,0.4375,0.0,0.4375,0.07818889247278178,12.789540411358411
20,0.25,mixnet_attribution_oracle,2,0.21228839177750908,0.20042785357115708,2.4525121313484113,2938.862908101572,1.0640500527224503,5.1996482077428405,0.033802904060258716,0.4375,0.0,0.4375,0.07726378070916277,12.942674961301876
20,0.25,mixnet_attribution_oracle,3,0.2131233203941475,0.2002215706132437,2.4575799159036573,2903.491191400418,1.0568622699938715,5.189201807056554,0.03084580325852945,0.4375,0.0,0.4375,0.07050469316235303,14.18345297521221
20,0.25,mixnet_attribution_oracle,4,0.21326762699014404,0.2012098167596963,2.4480973339871297,2949.4477634571645,1.0655156331777107,5.31121776326648,0.031288607996408965,0.4375,0.0,0.4375,0.07151681827750621,13.982724960158421
20,0.25,mixnet_attribution_oracle,5,0.22376661066137163,0.2016031741151104,2.4460694567730497,2970.2802810447533,1.063935596612282,5.210129368269901,0.03501775674013883,0.4375,0.0,0.4375,0.08004058683460304,12.493661522827333
20,0.25,mixnet_attribution_oracle,6,0.20443898318101528,0.2007147118303293,2.449582361718352,2987.3064280777207,1.0648378676560242,5.225370930616032,0.032300514805305595,0.4375,0.0,0.4375,0.07382974812641278,13.544675762509438
20,0.25,mixnet_attribution_oracle,7,0.21457952468007313,0.2013585171646939,2.4486580111746585,2962.132388787325,1.0616295412182808,5.263738868144681,0.029397163339561463,0.4375,0.0,0.4375,0.06719351620471191,14.88238830891656
20,0.25,mixnet_attribution_oracle,8,0.21828343924661206,0.20038370412907985,2.4522347852383035,2976.559298675446,1.0669438452168833,5.256423288445958,0.03496921442811149,0.4375,0.0,0.4375,0.07992963297854054,12.511004526549987
20,0.25,mixnet_attribution_oracle,9,0.20742324728883457,0.200582367595166,2.449419413367817,2970.442798228196,1.061482014018111,5.2700640559997165,0.03646015873017481,0.4375,0.0,0.4375,0.083337505668971,11.99939921374836
20,0.25,mixnet_attribution_oracle,10,0.2181060606060606,0.20119991949083083,2.4493416306795006,2946.311212121212,1.0621319421043154,5.211678991401134,0.033320159535726694,0.4375,0.0,0.4375,0.07616036465308959,13.130189233665035
20,0.25,mixnet_attribution_oracle,11,0.21168762708035244,0.20157428759756377,2.449263540011966,2928.9695760222908,1.0649232776486315,5.257461188696678,0.03415549341631585,0.4375,0.0,0.4375,0.07806969923729337,12.8090668949613
20,0.25,mixnet_attribution_oracle,12,0.20724114074871244,0.2002896699575002,2.4567201887547516,2989.4423091705744,1.0650151014560834,5.305583282469268,0.03388202944865633,0.4375,0.0,0.4375,0.0774446387397859,12.912449670790014
20,0.25,mixnet_attribution_oracle,13,0.2125419591089411,0.20096213486120879,2.451849290933033,2967.3130149527005,1.0631252398889046,5.258709435645739,0.03445222336364594,0.4375,0.0,0.4375,0.078747939116905,12.698745023859649
20,0.25,mixnet_attribution_oracle,14,0.2115324836804476,0.19963517475772255,2.4565380592977553,3022.3037768106933,1.066189964854857,5.278841735008949,0.032743167665209724,0.4375,0.0,0.4375,0.07484152609190795,13.361566128033866
20,0.25,mixnet_attribution_oracle,15,0.20535511685954164,0.1991167523302728,2.461521372142387,2941.1316088041754,1.0638187763979658,5.207750981311362,0.03032564918406553,0.4375,0.0,0.4375,0.06931576956357835,14.426731554682837
20,0.25,mixnet_attribution_oracle,16,0.20972826902867436,0.19986071613882014,2.453784771745564,2919.179927938748,1.0653016198484693,5.208599033381413,0.03563007044075479,0.4375,0.0,0.4375,0.08144016100743952,12.278954113421394
20,0.25,mixnet_attribution_oracle,17,0.2133313088369268,0.1991780070819794,2.459004294742326,2952.85393258427,1.0663089002482593,5.283015085337533,0.03426259136313617,0.4375,0.0,0.4375,0.07831449454431125,12.769028336564038
20,0.25,mixnet_attribution_oracle,18,0.21374280230326295,0.19939895289640194,2.4537321720345697,2986.062341650672,1.0611609798215795,5.243855103641527,0.032074557861672626,0.4375,0.0,0.4375,0.07331327511239458,13.64009449130362
20,0.25,mixnet_attribution_oracle,19,0.22306536438767843,0.1995513620936615,2.4611931677779055,2921.7523666416228,1.06398403053754,5.1510992761207195,0.03509644702492113,0.4375,0.0,0.4375,0.08022045034267687,12.465649291774234
20,0.25,mixnet_attribution_oracle,20,0.21366366366366366,0.19907563268844913,2.458710360252841,2918.9525525525523,1.0611139871180058,5.216645425543077,0.03046658771135379,0.4375,0.0,0.4375,0.06963791476880866,14.35999345069286
20,0.25,mixnet_attribution_oracle,21,0.21235784685367703,0.19905380386608268,2.4610632541350586,2949.574981046247,1.0686873575323261,5.285708158570164,0.03272944267474161,0.4375,0.0,0.4375,0.07481015468512367,13.367169259427483
20,0.25,mixnet_attribution_oracle,22,0.21755986316989737,0.20060740263343896,2.4470971669975263,2956.580767768909,1.0633626154158264,5.226095694475626,0.032372863211982614,0.4375,0.0,0.4375,0.07399511591310312,13.514405480144928
20,0.25,mixnet_attribution_oracle,23,0.21159754224270352,0.2005682880094727,2.4544861583218123,2986.96643625192,1.0690328726777807,5.283737023422576,0.03325734084152425,0.4375,0.0,0.4375,0.07601677906634115,13.154990415040908
20,0.25,mixnet_attribution_oracle,24,0.21968365553602812,0.19999682040132044,2.452796478078721,2972.1875907389012,1.0635818543669302,5.242165526353194,0.03272821893365471,0.4375,0.0,0.4375,0.07480735756263934,13.36766907135649
20,0.25,mixnet_attribution_oracle,25,0.21605542586038104,0.19821490552114981,2.4647826839483327,2928.337450109195,1.064185693510808,5.276294737151861,0.03100005462944323,0.4375,0.0,0.4375,0.07085726772444166,14.112878355526227
20,0.25,mixnet_attribution_oracle,26,0.20919768151311777,0.19963643491668628,2.45672977506128,2965.977196461257,1.0644145826227032,5.1970579004913375,0.03398883061934859,0.4375,0.0,0.4375,0.07768875570136821,12.871875614071504
20,0.25,mixnet_attribution_oracle,27,0.21314320205221066,0.20199051501001886,2.4442667864018164,2934.380036215482,1.064220156695228,5.217824873330549,0.031003757516207806,0.4375,0.0,0.4375,0.07086573146561784,14.11119280530073
20,0.25,mixnet_attribution_oracle,28,0.22051013538783754,0.20074213708295727,2.4498936855350184,2909.08093350288,1.0619404598837718,5.257163107115234,0.03262394141461622,0.4375,0.0,0.4375,0.07456900894769422,13.410396813794874
20,0.25,mixnet_attribution_oracle,29,0.21003182300348539,0.20033806175830066,2.455701979536405,2947.261175935748,1.0694271074025892,5.286000020266046,0.03342468531118018,0.4375,0.0,0.4375,0.07639928071126899,13.089128466788022
20,0.5,mixnet_attribution,0,0.011872146118721462,0.010026529023084145,6.6484275679018,2960.120700152207,1.8713268062856514,8.424468917979878,0.032201605538523186,0.875,0.0,0.875,0.03680183490116935,27.17255818046794
20,0.5,mixnet_attribution,1,0.009533898305084746,0.010036482014042667,6.647118710792147,2943.305765738499,1.875529477139935,8.343453668240187,0.03766098059303386,0.875,0.0,0.875,0.04304112067775299,23.233595785921953
20,0.5,mixnet_attribution,2,0.011882093076395765,0.01002997476211753,6.6482557149837245,2962.658008987737,1.8734297793416772,8.578590416078708,0.03296638254704919,0.875,0.0,0.875,0.03767586576805622,26.542190328320416
20,0.5,mixnet_attribution,3,0.010640723569202705,0.010026074769216508,6.648190173378226,2955.703047807251,1.8725137852597982,8.514916351213019,0.03205907449549443,0.875,0.0,0.875,0.036638942280565065,27.293364321012206
20,0.5,mixnet_attribution,4,0.012584407612031922,0.010036468018484571,6.646429027012397,2983.6099600982197,1.875277847982943,8.45157229509373,0.032998955925224185,0.875,0.0,0.875,0.0377130924859705,26.515990444750884
20,0.5,mixnet_attribution,5,0.009797372522823424,0.010007040435629184,6.650961600276199,2887.190974541676,1.87610976290307,8.391324484779311,0.03353094054625695,0.875,0.0,0.875,0.03832107491000795,26.09530140655944
20,0.5,mixnet_attribution,6,0.011400775252717184,0.01003253863332032,6.646762789208433,2955.5833396670973,1.8796201864024624,8.483191422066632,0.034665774599034006,0.875,0.0,0.875,0.03961802811318172,25.241034135852907
20,0.5,mixnet_attribution,7,0.008820798514391829,0.010023082991984155,6.648620641959551,3008.8474930362117,1.8763943297381047,8.464860374451348,0.030457516763151657,0.875,0.0,0.875,0.034808590586459034,28.728540373278204
20,0.5,mixnet_attribution,8,0.010233474833232262,0.010025374301071444,6.648562617609906,2947.708535476046,1.878048362385016,8.422758564116414,0.033761451180201914,0.875,0.0,0.875,0.038584515634516474,25.91713239249353
20,0.5,mixnet_attribution,9,0.010860420650095601,0.010028333361549974,6.64861575651456,2974.0758699808794,1.8762765786377713,8.609999145947146,0.03346275842155501,0.875,0.0,0.875,0.038243152481777155,26.14847195132513
20,0.5,mixnet_attribution,10,0.008930581613508444,0.010051480147051203,6.646133377534411,2918.472120075047,1.879256582877133,8.611949132685599,0.03332110543840749,0.875,0.0,0.875,0.03808126335817998,26.259633000993823
20,0.5,mixnet_attribution,11,0.010526315789473684,0.010030680033620627,6.6474945438999695,3009.5863003095974,1.8753799820551649,8.425273440196879,0.03257123429474257,0.875,0.0,0.875,0.03722426776542008,26.864195322841564
20,0.5,mixnet_attribution,12,0.011348822943025841,0.010001229159090913,6.651776817651162,2983.248447204969,1.8770520658581518,8.566425693827526,0.03256067276512444,0.875,0.0,0.875,0.03721219744585651,26.87290911682905
20,0.5,mixnet_attribution,13,0.012403926641808082,0.010024036512556378,6.648756608930456,2959.754813180123,1.8761294115101919,8.607992663626252,0.0306413190847578,0.875,0.0,0.875,0.03501865038258035,28.556211877812384
20,0.5,mixnet_attribution,14,0.012400756143667297,0.01002303918869356,6.649078118277382,2941.0028733459358,1.8788129350868985,8.323029670171078,0.031389003110858134,0.875,0.0,0.875,0.035873146412409296,27.876004755860457
20,0.5,mixnet_attribution,15,0.01125292651612416,0.010039645879320854,6.6469447639178085,2937.3523147798505,1.876571223459905,8.356832985053057,0.03415593689465561,0.875,0.0,0.875,0.03903535645103499,25.617801165832212
20,0.5,mixnet_attribution,16,0.012717638152914459,0.010032877180473172,6.648309580073122,2944.644436033308,1.873590067931218,8.493109482194788,0.03337816871029766,0.875,0.0,0.875,0.03814647852605447,26.2147395680833
20,0.5,mixnet_attribution,17,0.011434669919195,0.010026913328469545,6.648743602628437,2964.8387711541395,1.8730491711176,8.513490329192209,0.031517252354592386,0.875,0.0,0.875,0.03601971697667701,27.76257238910306
20,0.5,mixnet_attribution,18,0.012002717596436929,0.010011887526152738,6.6506172887080615,2936.1997433381143,1.8721710701356642,8.341437703518881,0.029297282001024192,0.875,0.0,0.875,0.033482608001170505,29.866251755688847
20,0.5,mixnet_attribution,19,0.012065563818485354,0.010041385341368992,6.646774338861754,2951.1428896645925,1.8778008083463646,8.505496806962288,0.03287638052834324,0.875,0.0,0.875,0.03757300631810656,26.614851937415946
20,0.5,mixnet_attribution,20,0.012255087374234057,0.010031708115125363,6.647781928664215,2941.4060821544745,1.8809844665520359,8.571030415158212,0.03575419841356426,0.875,0.0,0.875,0.04086194104407344,24.472650452933845
20,0.5,mixnet_attribution,21,0.009650908542562014,0.010010412622637382,6.650779007773016,2932.3486390711,1.8810090192127973,8.458712329342003,0.03318578806616447,0.875,0.0,0.875,0.037926614932759395,26.366708491462088
20,0.5,mixnet_attribution,22,0.012426570266606417,0.010017652725500014,6.6495740109357975,2929.091278807049,1.87795523533714,8.440721464112116,0.033521660454475105,0.875,0.0,0.875,0.03831046909082869,26.1025255950049
20,0.5,mixnet_attribution,23,0.010197960407918417,0.010018587508601918,6.649534043674752,2916.7729454109176,1.8775918680184986,8.506859686272012,0.03191271190759324,0.875,0.0,0.875,0.03647167075153513,27.418541004401586
20,0.5,mixnet_attribution,24,0.012338203012640981,0.010022641228087568,6.649504810245178,2943.767466505185,1.8820253611775115,8.615777826894153,0.03529622456894619,0.875,0.0,0.875,0.040338542364509934,24.790186788697785
20,0.5,mixnet_attribution,25,0.008419786498270937,0.010012123543159716,6.649490067443686,2923.644264020448,1.8747238470532466,8.55312456094532,0.03167314315487606,0.875,0.0,0.875,0.03619787789128692,27.625928873601367
20,0.5,mixnet_attribution,26,0.011912789390874354,0.010013300260378362,6.650103995789778,2913.974675957144,1.872920799156418,8.313171148286274,0.029424485337221425,0.875,0.0,0.875,0.033627983242538774,29.737138643955866
20,0.5,mixnet_attribution,27,0.010597519729425029,0.010033995192525187,6.64819712793287,2922.8685456595267,1.8742473323072772,8.43074075290946,0.0329171279771501,0.875,0.0,0.875,0.037619574831028686,26.581905949006057
20,0.5,mixnet_attribution,28,0.009572285953050217,0.01003222908111565,6.646878090196055,2955.1458634049986,1.876514301286079,8.309654966703114,0.03358748159105901,0.875,0.0,0.875,0.03838569324692458,26.05137267073114
20,0.5,mixnet_attribution,29,0.010183299389002037,0.010039313635336925,6.647972329331937,2934.2640114656406,1.874303144926671,8.40450270264228,0.03618734773243716,0.875,0.0,0.875,0.04135696883707104,24.17972177650584
20,0.5,mixnet_attribution_oracle,0,0.20372473313649783,0.1978879553166262,2.464157615310351,2944.5305473540766,1.8728404055291321,8.531390348867717,0.03201302388866959,0.875,0.0,0.875,0.03658631301562239,27.332625716425678
20,0.5,mixnet_attribution_oracle,1,0.206277338653979,0.1997364154993582,2.4529462273434226,2984.2579234133987,1.8782126920414157,8.388531917489065,0.03288333832278094,0.875,0.0,0.875,0.03758095808317822,26.60922049370568
20,0.5,mixnet_attribution_oracle,2,0.2054325496461995,0.1994637925383414,2.45642617467587,2959.663394963098,1.8760878932662308,8.377235495869591,0.032138714375133916,0.875,0.0,0.875,0.03672995928586733,27.225731240730568
20,0.5,mixnet_attribution_oracle,3,0.20509708737864077,0.19794733447264784,2.465542413357999,2949.6623938106795,1.880803551612189,8.585190463440366,0.03167512676077884,0.875,0.0,0.875,0.036200144869461534,27.62419884246377
20,0.5,mixnet_attribution_oracle,4,0.21280616873299063,0.20014042889283273,2.452670456617002,2939.6713788932566,1.8773761883785482,8.453096878742063,0.03351747326320647,0.875,0.0,0.875,0.03830568372937882,26.10578646930776
20,0.5,mixnet_attribution_oracle,5,0.20614235634811767,0.19889267832315052,2.4593017166263387,2963.7280902301477,1.8782567919115536,8.399725388871248,0.03301768069961724,0.875,0.0,0.875,0.037734492228133985,26.500952867054153
20,0.5,mixnet_attribution_oracle,6,0.18916464891041163,0.1963754783879723,2.4720009252316797,2942.5846700968523,1.8726239800453186,8.474210894454174,0.030653191219618573,0.875,0.0,0.875,0.03503221853670694,28.545151913579062
20,0.5,mixnet_attribution_oracle,7,0.20773463772546621,0.19905014344826005,2.4576061813600827,2972.3374350351573,1.8762939175940119,8.508570626622182,0.030545242560117904,0.875,0.0,0.875,0.03490884864013475,28.64603213668579
20,0.5,mixnet_attribution_oracle,8,0.19449251373109622,0.19781124328369953,2.4621598180202784,2926.3316529982694,1.8807807122939266,8.533326738608316,0.03371941010822376,0.875,0.0,0.875,0.03853646869511287,25.949445651381605
20,0.5,mixnet_attribution_oracle,9,0.20978653036680697,0.19958767341504244,2.4547059610372672,2922.985342754059,1.876558009564178,8.499234596319727,0.03160237828673319,0.875,0.0,0.875,0.03611700375626651,27.687789572702144
20,0.5,mixnet_attribution_oracle,10,0.20732622729319922,0.19867602414684357,2.460625065873807,2918.730971325627,1.8768061481241602,8.566681977267407,0.035455683324245195,0.875,0.0,0.875,0.04052078094199451,24.678695147349206
20,0.5,mixnet_attribution_oracle,11,0.20739562021671593,0.1987594127008518,2.459101327327097,2946.5758884594984,1.874524884071434,8.314916237720606,0.033374438741050685,0.875,0.0,0.875,0.03814221570405792,26.217669360346328
20,0.5,mixnet_attribution_oracle,12,0.20989903590677902,0.20003063554584946,2.4556501753456037,2952.857815228118,1.8758213933033403,8.43728858728728,0.033145955202825934,0.875,0.0,0.875,0.0378810916603725,26.398394454035824
20,0.5,mixnet_attribution_oracle,13,0.20116172424335066,0.19961117105234572,2.4567449212256673,2972.6607306634055,1.8753462991444394,8.370487635787477,0.03194977629182592,0.875,0.0,0.875,0.03651403004780105,27.386733228046463
20,0.5,mixnet_attribution_oracle,14,0.20474105390306507,0.19997827496243267,2.453550853333907,2937.0863656953043,1.8787137560138945,8.392705903068817,0.03086275905842412,0.875,0.0,0.875,0.03527172463819899,28.3513213560589
20,0.5,mixnet_attribution_oracle,15,0.20472978094444022,0.19998835502408494,2.4569183255464884,2947.550670810278,1.877815595798893,8.496681861259272,0.03503680648937339,0.875,0.0,0.875,0.04004206455928388,24.973737268703015
20,0.5,mixnet_attribution_oracle,16,0.19886363636363635,0.19884447699641286,2.455980152564069,2946.02446969697,1.8774977553985082,8.381298818072272,0.033337248462391326,0.875,0.0,0.875,0.03809971252844723,26.246917197953866
20,0.5,mixnet_attribution_oracle,17,0.19921302368644395,0.198934536407541,2.459537386398049,3000.670087184631,1.8765316795033868,8.492086988973405,0.030449944973217027,0.875,0.0,0.875,0.03479993711224803,28.735684112717678
20,0.5,mixnet_attribution_oracle,18,0.2065888812628689,0.20019652716119182,2.452765235595118,2965.4243880118966,1.874262016150169,8.514741569334294,0.03176716658652216,0.875,0.0,0.875,0.03630533324173961,27.544162543323456
20,0.5,mixnet_attribution_oracle,19,0.19687261632341724,0.1994766705858056,2.4549080713595455,2966.6018306636156,1.8768719075305853,8.541220164766813,0.031015337377861836,0.875,0.0,0.875,0.03544609986041353,28.211848523194156
20,0.5,mixnet_attribution_oracle,20,0.2012592759163481,0.1978927745049499,2.4649005191597637,2915.0341803463007,1.879943548468873,8.511353815166476,0.03230871918855583,0.875,0.0,0.875,0.036924250501206665,27.08247253298535
20,0.5,mixnet_attribution_oracle,21,0.19937182171702064,0.19835881764337732,2.4616116927837637,2908.2841758899194,1.878410600591451,8.527140176121694,0.03297444250161292,0.875,0.0,0.875,0.03768507714470048,26.535702611414887
20,0.5,mixnet_attribution_oracle,22,0.20770455751876848,0.19802601543115916,2.4644330652867894,2949.3567149465384,1.8733282968751155,8.502920649993833,0.03213340605213951,0.875,0.0,0.875,0.03672389263101659,27.23022883351454
20,0.5,mixnet_attribution_oracle,23,0.20906646177487515,0.19847401881504464,2.4631604358615133,2988.146369573569,1.8762306841672398,8.457867130723002,0.0344587331497513,0.875,0.0,0.875,0.039381409314001484,25.39269207017598
20,0.5,mixnet_attribution_oracle,24,0.21013569233075943,0.20023364076072347,2.4527032225276137,2915.6539470724942,1.8745337341388222,8.545736752525105,0.03382611245483725,0.875,0.0,0.875,0.038658414234099714,25.867589755348074
20,0.5,mixnet_attribution_oracle,25,0.2127150682817684,0.1991366953210774,2.4571720724283566,3000.352982022992,1.8768935590342153,8.467533297603481,0.03409278006788524,0.875,0.0,0.875,0.03896317722044028,25.66525810619456
20,0.5,mixnet_attribution_oracle,26,0.1965058868211166,0.19859608207488616,2.461879360543764,2954.629927838967,1.8778400990122464,8.705240827967721,0.031550275736985656,0.875,0.0,0.875,0.03605745798512646,27.733513560842127
20,0.5,mixnet_attribution_oracle,27,0.2092636040263377,0.19893495601071287,2.4568613254261487,2944.150911980625,1.879117655538721,8.48128229144207,0.03321494195436979,0.875,0.0,0.875,0.0379599336621369,26.343565531502733
20,0.5,mixnet_attribution_oracle,28,0.1988589445236844,0.19920549855134204,2.4597653331582383,2920.248705052173,1.8784253723570146,8.41533557309393,0.033701967608011724,0.875,0.0,0.875,0.038516534409156256,25.962875823071904
20,0.5,mixnet_attribution_oracle,29,0.21271135265700483,0.1995645894435157,2.4570449932719023,2935.826615338164,1.8745126675639767,8.353937766076657,0.03242657569665188,0.875,0.0,0.875,0.03705894365331643,26.98403951701708
20,1.0,mixnet_attribution,0,0.01362978755805985,0.010015544611458715,6.6485357740937125,2961.0135536434937,3.5030658513715025,15.043090407927975,0.03325872734491853,1.75,0.0,1.75,0.019004987054239163,52.61776801773431
20,1.0,mixnet_attribution,1,0.012990913869490125,0.010011337551849617,6.649171748908198,2920.333183149358,3.5068587498390116,15.088712440609182,0.032795005734573376,1.75,0.0,1.75,0.01874000327689907,53.36178362533729
20,1.0,mixnet_attribution,2,0.011835675015271838,0.010011204334251764,6.649013466594391,2969.5299328039096,3.50075761784683,14.659092660315393,0.034642297429759994,1.75,0.0,1.75,0.019795598531291425,50.51628009222725
20,1.0,mixnet_attribution,3,0.010141225961538462,0.009997665142605756,6.651421864514768,2922.201697716346,3.503211889794329,14.771713837288614,0.034313894016914606,1.75,0.0,1.75,0.019607939438236917,50.99974952237596
20,1.0,mixnet_attribution,4,0.010290556900726392,0.010006829770193907,6.649721287438899,2943.2117130750607,3.50293495200458,15.05491925553027,0.03336976451590346,1.75,0.0,1.75,0.01906843686623055,52.44268353065482
20,1.0,mixnet_attribution,5,0.008264462809917356,0.010009726740145612,6.6495655199933905,2922.5521412471826,3.502290893549798,14.832790720427809,0.03345635350110307,1.75,0.0,1.75,0.01911791628634461,52.30695568607923
20,1.0,mixnet_attribution,6,0.010797151389846084,0.010006409835786007,6.650020709871507,2978.1918217321386,3.5041312320390716,15.109341996758086,0.03475213782343341,1.75,0.0,1.75,0.019858364470533376,50.356614286329545
20,1.0,mixnet_attribution,7,0.010613648254727558,0.00999597292800296,6.651425539682977,2907.9479781747514,3.5001985373382922,14.935503279701392,0.03562045294750611,1.75,0.0,1.75,0.020354544541432065,49.12907768407595
20,1.0,mixnet_attribution,8,0.00944474065046843,0.010000654740507941,6.6513853007132075,2962.2453347551223,3.506163955113152,14.836676623174347,0.03403078420598036,1.75,0.0,1.75,0.019446162403417348,51.4240280038115
20,1.0,mixnet_attribution,9,0.00899078444594291,0.009999531857030921,6.650628510625796,2913.4122274668466,3.5041881086071953,14.734062199992904,0.03241895554575185,1.75,0.0,1.75,0.018525117454715346,53.98076435652839
20,1.0,mixnet_attribution,10,0.008781977854142803,0.010004404528172441,6.649470036332243,2969.4347460862923,3.501200160535518,14.81494042366008,0.029779399619259284,1.75,0.0,1.75,0.017016799782433877,58.76545606608601
20,1.0,mixnet_attribution,11,0.010805804260574252,0.00999585506799018,6.651122563646137,3002.041911083668,3.502467704965966,15.040468931043005,0.030748716285353108,1.75,0.0,1.75,0.017570695020201775,56.91294504003726
20,1.0,mixnet_attribution,12,0.01238390092879257,0.010016260315691576,6.649172429683111,2936.817261949709,3.502347242058022,15.124163678464393,0.03597740785994347,1.75,0.0,1.75,0.02055851877711055,48.641636629647664
20,1.0,mixnet_attribution,13,0.010353688029020557,0.010001061644974085,6.650684957974366,2939.5372581620313,3.496409121347824,15.051027600129519,0.03178788180636442,1.75,0.0,1.75,0.018164503889351095,55.052425658938475
20,1.0,mixnet_attribution,14,0.009444021325209445,0.010013858040360693,6.648301733227626,2961.8529322162985,3.50128327155835,14.763454380732506,0.03000554797628882,1.75,0.0,1.75,0.017146027415022184,58.322547596294406
20,1.0,mixnet_attribution,15,0.01018714156353758,0.010004118994514208,6.650135922648804,2935.0410504074857,3.5056326090416405,14.701028365489899,0.03367539952971173,1.75,0.0,1.75,0.01924308544554956,51.96671827029042
20,1.0,mixnet_attribution,16,0.009930038366057324,0.010005787900321956,6.649681166032617,2925.2168810652224,3.5075464451510925,14.933015492456407,0.03377101772715043,1.75,0.0,1.75,0.01929772441551453,51.819581338618526
20,1.0,mixnet_attribution,17,0.008676956154495891,0.010000845227388401,6.6506072844054795,2986.8802119327343,3.49753201493877,14.69296382545919,0.033056083244922346,1.75,0.0,1.75,0.018889190425669913,52.940331346388795
20,1.0,mixnet_attribution,18,0.009385014497176866,0.010014725351373837,6.64899601570876,2967.348008545704,3.498135097208433,14.904770314775273,0.031014443633002264,1.75,0.0,1.75,0.017722539218858437,56.42532301104497
20,1.0,mixnet_attribution,19,0.008218971497511688,0.010017440935976738,6.648034716254516,2932.4273865178707,3.4992385184159502,14.679008373323617,0.033076316955944804,1.75,0.0,1.75,0.018900752546254174,52.90794626048813
20,1.0,mixnet_attribution,20,0.00867007276668215,0.009995177125924876,6.651069393882769,3010.701579191825,3.5040363279695157,14.89301591746966,0.03253216677947545,1.75,0.0,1.75,0.018589809588271687,53.79291246914654
20,1.0,mixnet_attribution,21,0.010457217006335394,0.010009534091062039,6.649361072038297,2968.694450805282,3.49971603040467,14.85154773481083,0.03022143358349922,1.75,0.0,1.75,0.01726939061914241,57.90592280028347
20,1.0,mixnet_attribution,22,0.011063958775386481,0.010007655802961996,6.650244594041262,2946.92293119127,3.506795605411753,14.986386918090666,0.037377840251234154,1.75,0.0,1.75,0.02135876585784809,46.819184528518015
20,1.0,mixnet_attribution,23,0.01095932700470788,0.009994082093137806,6.652063609068349,3002.4863780196033,3.499458083708305,14.916680212079031,0.03396972025176001,1.75,0.0,1.75,0.019411268715291436,51.516467813988854
20,1.0,mixnet_attribution,24,0.010372360271621521,0.010013792201794196,6.648566790895311,2901.4516827102457,3.5048201614408754,14.954612878621486,0.0314812614097549,1.75,0.0,1.75,0.017989292234145658,55.58862388715271
20,1.0,mixnet_attribution,25,0.009609471094710947,0.010007640283679772,6.648906972316969,2990.242312423124,3.498372468922753,15.098728978673766,0.030672449604260164,1.75,0.0,1.75,0.017527114059577235,57.0544584009012
20,1.0,mixnet_attribution,26,0.012289828847168815,0.010018484883554878,6.648355883642793,2932.1908316368845,3.503581066208426,15.144305194017042,0.031874518198901615,1.75,0.0,1.75,0.01821401039937235,54.902790658034306
20,1.0,mixnet_attribution,27,0.010695992768906298,0.009992955540201366,6.651841242531669,2930.6621723410667,3.500965198269114,15.057082864390194,0.03093817594038243,1.75,0.0,1.75,0.017678957680218533,56.56442071349757
20,1.0,mixnet_attribution,28,0.012010877776099108,0.010004540339868173,6.650418903165731,2937.3980963891827,3.498792063095607,14.900515980784085,0.03146660489215647,1.75,0.0,1.75,0.017980917081232266,55.6145159605768
20,1.0,mixnet_attribution,29,0.010470809792843691,0.010010685234557327,6.649124629793217,2930.3005649717516,3.5012503818434197,15.018834795796662,0.03206116540441922,1.75,0.0,1.75,0.018320665945382415,54.58316870037372
20,1.0,mixnet_attribution_oracle,0,0.20353646505274342,0.19890678310270482,2.4594449958777136,2951.7352204598924,3.5001841727935243,14.947310647047795,0.03176761628136269,1.75,0.0,1.75,0.01815292358935011,55.0875452693844
20,1.0,mixnet_attribution_oracle,1,0.19845044492175515,0.19936942883094158,2.4549060045166238,2983.29011966861,3.4986966652795672,14.960291895617074,0.02970438178905718,1.75,0.0,1.75,0.016973932450889816,58.91386706605972
20,1.0,mixnet_attribution_oracle,2,0.19374858094301067,0.19800959994435477,2.462288315274382,2943.0204344206463,3.501277497096453,14.872180638087086,0.03461540750476809,1.75,0.0,1.75,0.01978023285986748,50.55552212577439
20,1.0,mixnet_attribution_oracle,3,0.2092380879306376,0.1997947753784267,2.452650303419789,2984.204174019796,3.5038614244549535,14.994230405163686,0.03144004438278676,1.75,0.0,1.75,0.01796573964730672,55.66149903268313
20,1.0,mixnet_attribution_oracle,4,0.20255338211139315,0.1986648066491223,2.458501718935321,2904.2163655368076,3.501396502892021,14.881529429640956,0.03261702997663674,1.75,0.0,1.75,0.018638302843792424,53.65295372550805
20,1.0,mixnet_attribution_oracle,5,0.20012225873003744,0.1996394247696206,2.458073701665488,2971.672423015206,3.497800339857349,14.903274292508788,0.03126219344997275,1.75,0.0,1.75,0.01786411054284157,55.978157860242064
20,1.0,mixnet_attribution_oracle,6,0.1993835049996241,0.19733171763062587,2.4668087434678094,2924.0339824073376,3.501842656492954,14.879387772278895,0.03248395263582707,1.75,0.0,1.75,0.01856225864904404,53.87275432946843
20,1.0,mixnet_attribution_oracle,7,0.20348792345088357,0.19952126775909118,2.453808414586713,3001.3437765259664,3.5026202745502815,15.104915058693987,0.031100259993735422,1.75,0.0,1.75,0.017771577139277385,56.26962605304603
20,1.0,mixnet_attribution_oracle,8,0.20363417930620215,0.1983356481660786,2.458912486403724,2920.89465385193,3.501985583861824,14.645831844077698,0.03070571964951533,1.75,0.0,1.75,0.01754612551400876,56.992639155670226
20,1.0,mixnet_attribution_oracle,9,0.20484030043244064,0.2013827932516561,2.443885021629399,2951.001213868447,3.5016204822750296,15.114068783974117,0.03236750179427471,1.75,0.0,1.75,0.01849571531101412,54.0665761331493
20,1.0,mixnet_attribution_oracle,10,0.20242700037921882,0.19815171268825185,2.4644978036815015,2949.871217292378,3.5002199259761255,15.091190356265999,0.0337105158737708,1.75,0.0,1.75,0.01926315192786903,51.912584386215975
20,1.0,mixnet_attribution_oracle,11,0.19692662312716097,0.19812314306858705,2.4618841905855784,2988.7469074145215,3.501244598941412,15.062427947975966,0.03642124943014998,1.75,0.0,1.75,0.020812142531514276,48.04887331930264
20,1.0,mixnet_attribution_oracle,12,0.2047825755844947,0.19874812047299228,2.4578725072377523,2961.982408042038,3.501941483002156,14.765492818034087,0.034829735950357016,1.75,0.0,1.75,0.019902706257346865,50.24442340000174
20,1.0,mixnet_attribution_oracle,13,0.19966054621200433,0.1990261433598476,2.4581134587465288,2999.5671192717173,3.5028034090355504,15.091349723201738,0.03436260215699547,1.75,0.0,1.75,0.01963577266114027,50.92745863670684
20,1.0,mixnet_attribution_oracle,14,0.20082091821222256,0.20045613629623732,2.451877513885048,2955.8757221039828,3.5037796154792886,15.086948471789226,0.032448641035984015,1.75,0.0,1.75,0.018542080591990865,53.93138030216219
20,1.0,mixnet_attribution_oracle,15,0.20809425445643026,0.1980545413848552,2.4634692532360525,2975.6162497131054,3.499347789445892,14.989500387070846,0.032608093673436006,1.75,0.0,1.75,0.018633196384820576,53.667657408185974
20,1.0,mixnet_attribution_oracle,16,0.19867600060873536,0.19795955867441078,2.4620384228231837,2959.5651346826967,3.504400120320497,14.733482777019507,0.03126368141405264,1.75,0.0,1.75,0.01786496080803008,55.9754936350329
20,1.0,mixnet_attribution_oracle,17,0.19824669332513073,0.19912669465747063,2.455811320069025,2990.87326976315,3.5020786817767657,14.621019067592385,0.03177505402274071,1.75,0.0,1.75,0.018157173727280405,55.07465065984037
20,1.0,mixnet_attribution_oracle,18,0.2004745866503368,0.19918320852417354,2.459227281518141,2976.9308022045316,3.5078946080757305,14.745233518741305,0.03270895372400032,1.75,0.0,1.75,0.018690830699428753,53.5021699185667
20,1.0,mixnet_attribution_oracle,19,0.20344695518958253,0.19898466727823286,2.4574214713579963,2979.2517043278435,3.500586259411648,14.945473787862388,0.03464911959053951,1.75,0.0,1.75,0.01979949690887972,50.50633380242696
20,1.0,mixnet_attribution_oracle,20,0.19714656290531776,0.20023147681634676,2.4524437923009326,2966.72823682002,3.5058087030774914,15.215213003769025,0.03308695271339397,1.75,0.0,1.75,0.018906830121939413,52.89093907072259
20,1.0,mixnet_attribution_oracle,21,0.20756599140577042,0.19988999054689702,2.4541540348645685,2984.036218538981,3.5001835106522776,15.180982272235692,0.03205830598737929,1.75,0.0,1.75,0.018319031992788167,54.58803720598773
20,1.0,mixnet_attribution_oracle,22,0.21520986911388595,0.1990378417406064,2.4564269179084275,2926.1906123063036,3.503826424566796,14.9692770230796,0.03281938277295077,1.75,0.0,1.75,0.018753933013114725,53.322148442179824
20,1.0,mixnet_attribution_oracle,23,0.20303311668214175,0.19830018732384647,2.4617548574674863,3009.1494119467657,3.497969503427157,14.927031892443562,0.03322016045153239,1.75,0.0,1.75,0.018982948829447083,52.67885453332527
20,1.0,mixnet_attribution_oracle,24,0.2048743335872049,0.19963186910399083,2.455498542599952,2961.962147753237,3.4994200074870605,14.859668356536819,0.030835233634009408,1.75,0.0,1.75,0.017620133505148232,56.75325897546809
20,1.0,mixnet_attribution_oracle,25,0.19951522496591426,0.1987260387077541,2.4603574920396873,2946.5307529162246,3.506885380804306,14.750176906421535,0.033024882168265844,1.75,0.0,1.75,0.018871361239009055,52.99034803768669
20,1.0,mixnet_attribution_oracle,26,0.19776204612925324,0.19890947996301928,2.4578466091130315,2960.8099261627463,3.5034346415486652,15.02622119900052,0.03192190216543156,1.75,0.0,1.75,0.018241086951675176,54.82129451217624
20,1.0,mixnet_attribution_oracle,27,0.20052790346907995,0.19831072849910447,2.4627847558513385,2933.0457767722473,3.5043277742515784,14.977905904984604,0.03222627080256329,1.75,0.0,1.75,0.018415011887179023,54.30352182917809
20,1.0,mixnet_attribution_oracle,28,0.20384058523203535,0.19809880761947146,2.4636901245904896,2963.726510706393,3.498829114570981,14.884180517664706,0.031656202079250316,1.75,0.0,1.75,0.01808925833100018,55.281426231072494
20,1.0,mixnet_attribution_oracle,29,0.20786645323576491,0.2006148971739146,2.449672079620413,2964.6813019285005,3.4991326172312256,14.868764639002269,0.03290548321808506,1.75,0.0,1.75,0.01880313326747718,53.18262577703733
40,1e-06,mixnet_attribution,0,0.36089318044659024,0.287038873423599,2.2779124649457407,2933.8768105009053,0.25144393858499825,1.9990189962380174,0.03299478917996645,1.7500000000000002e-06,0.0,1.7500000000000002e-06,18854.165245695112,5.303867803048589e-05
40,1e-06,mixnet_attribution,1,0.3666898309010887,0.286104277272048,2.283621241760311,3003.020230098062,0.24934395178570412,1.9849563885070993,0.031121931268600436,1.7500000000000002e-06,0.0,1.7500000000000002e-06,17783.960724914534,5.6230443570370954e-05
40,1e-06,mixnet_attribution,2,0.36602943407677135,0.29141060470277813,2.259179786918123,2950.790851160674,0.25246615151991136,1.9926468424373978,0.0338292670800338,1.7500000000000002e-06,0.0,1.7500000000000002e-06,19331.009760019315,5.1730355134795657e-05
40,1e-06,mixnet_attribution,3,0.3568979964957721,0.28552180769520424,2.2813495617937742,2961.999162032452,0.2519263729045633,2.00195498136487,0.032395697410410894,1.7500000000000002e-06,0.0,1.7500000000000002e-06,18511.827091663366,5.4019519253739194e-05
40,1e-06,mixnet_attribution,4,0.364515146902116,0.28590919964320727,2.2858512642503035,2960.581062566601,0.2514621047594119,2.0042343415188677,0.03359137498266768,1.7500000000000002e-06,0.0,1.7500000000000002e-06,19195.07141866724,5.209670639867993e-05
40,1e-06,mixnet_attribution,5,0.3682602718802505,0.28499716626656574,2.297461500980395,2970.5098518405375,0.2500845206377562,2.003886523641746,0.03244053647291907,1.7500000000000002e-06,0.0,1.7500000000000002e-06,18537.44941309661,5.394485388553537e-05
40,1e-06,mixnet_attribution,6,0.3571212579377079,0.283217770517419,2.290383024210881,2939.117024493499,0.25139390531694517,1.9916533929640812,0.03425931862547676,1.7500000000000002e-06,0.0,1.7500000000000002e-06,19576.753500272433,5.1080992565293525e-05
40,1e-06,mixnet_attribution,7,0.36425390595516643,0.28658092771379556,2.2847768244485325,2935.349837723602,0.2514500752731692,1.9976613951203626,0.03162855624291132,1.7500000000000002e-06,0.0,1.7500000000000002e-06,18073.46071023504,5.532974652904731e-05
40,1e-06,mixnet_attribution,8,0.3608371602800572,0.28629039764298225,2.284330173509382,2927.8573364450804,0.2534640499507077,2.020530227822948,0.03489853220285217,1.7500000000000002e-06,0.0,1.7500000000000002e-06,19942.018401629808,5.014537545097605e-05
40,1e-06,mixnet_attribution,9,0.35485576196949103,0.27897237264652675,2.3075219674726877,2936.92448270654,0.2521693848830182,1.9885974909749757,0.03221001863177613,1.7500000000000002e-06,0.0,1.7500000000000002e-06,18405.724932443503,5.43309216925933e-05
40,1e-06,mixnet_attribution,10,0.36260796453412825,0.2893609465066497,2.2788094501306735,2972.2015592753955,0.2495475331961643,1.9862326677757713,0.03397715905600992,1.7500000000000002e-06,0.0,1.7500000000000002e-06,19415.519460577096,5.1505189033468006e-05
40,1e-06,mixnet_attribution,11,0.3636225497644735,0.2867659290423273,2.2754352493497065,2955.968089955934,0.25128668814431876,1.99330301969538,0.03275018225470378,1.7500000000000002e-06,0.0,1.7500000000000002e-06,18714.38985983073,5.343481713750324e-05
40,1e-06,mixnet_attribution,12,0.35820318540281426,0.2851832394856754,2.3036185661123354,3006.592778722746,0.24985888740047812,2.0093297178146274,0.029088675342459135,1.7500000000000002e-06,0.0,1.7500000000000002e-06,16622.10019569093,6.016086945855598e-05
40,1e-06,mixnet_attribution,13,0.3717693836978131,0.2929096668337655,2.2571821146357207,2973.838430952745,0.25333406872232445,2.0195185895346226,0.03475783348375295,1.7500000000000002e-06,0.0,1.7500000000000002e-06,19861.619133573113,5.0348362501305286e-05
40,1e-06,mixnet_attribution,14,0.3606782768102658,0.28404186384262536,2.2882778674328046,2971.4657042468684,0.25338044902309775,2.013368081099121,0.03208142179197513,1.7500000000000002e-06,0.0,1.7500000000000002e-06,18332.241023985785,5.4548704585086266e-05
40,1e-06,mixnet_attribution,15,0.3609146983601625,0.28990485877207045,2.2656791363922095,2926.080637881751,0.2522926937090233,2.0138187294386047,0.03487779095825712,1.7500000000000002e-06,0.0,1.7500000000000002e-06,19930.16626186121,5.017519607518886e-05
40,1e-06,mixnet_attribution,16,0.3677790563866513,0.29101551088627814,2.2595272069081234,2983.482700421941,0.25328390681534074,2.019737112302061,0.03389780602870388,1.7500000000000002e-06,0.0,1.7500000000000002e-06,19370.174873545075,5.1625760042350245e-05
40,1e-06,mixnet_attribution,17,0.3577211167435878,0.28120298909363595,2.311005377639073,2941.9851706136037,0.24928920119418763,1.9870853978803555,0.03190761928277104,1.7500000000000002e-06,0.0,1.7500000000000002e-06,18232.925304440592,5.484583429716854e-05
40,1e-06,mixnet_attribution,18,0.3668165536163402,0.2905969408257413,2.27028480005639,2964.1252191143967,0.25226621952606365,2.001507343499767,0.034048377503427735,1.7500000000000002e-06,0.0,1.7500000000000002e-06,19456.215716244416,5.139745645218552e-05
40,1e-06,mixnet_attribution,19,0.3712666564558125,0.29389862812795786,2.258110175462213,2978.721167100628,0.25218874143320136,2.011377114139215,0.034718840844254625,1.7500000000000002e-06,0.0,1.7500000000000002e-06,19839.337625288354,5.0404908615766625e-05
40,1e-06,mixnet_attribution,20,0.35595799726069094,0.28416067617571916,2.3010482828921477,2959.358849490184,0.24838794802781194,1.9855165632260143,0.030538892840516505,1.7500000000000002e-06,0.0,1.7500000000000002e-06,17450.795908866574,5.730397657632969e-05
40,1e-06,mixnet_attribution,21,0.3692388530250713,0.2937648495083971,2.2607284947757886,2918.6437471851073,0.2510723764426075,1.9944711830908406,0.03480809550082129,1.7500000000000002e-06,0.0,1.7500000000000002e-06,19890.340286183593,5.027566072837019e-05
40,1e-06,mixnet_attribution,22,0.3598026020637057,0.2841940508163303,2.2894619211370304,2908.428144160311,0.25122775838826783,1.9904567687819887,0.03153055928130298,1.7500000000000002e-06,0.0,1.7500000000000002e-06,18017.462446458845,5.550171135206336e-05
40,1e-06,mixnet_attribution,23,0.36193518941122776,0.2883892433113801,2.2731172113755376,2959.026471930625,0.25093892973382026,1.9794183904232763,0.03484611493615808,1.7500000000000002e-06,0.0,1.7500000000000002e-06,19912.065677804614,5.0220806629553764e-05
40,1e-06,mixnet_attribution,24,0.3531681258346936,0.28607325893775415,2.2824231123751075,2885.870232972251,0.2501028568367474,2.000896074480731,0.03303879557841667,1.7500000000000002e-06,0.0,1.7500000000000002e-06,18879.31175909524,5.2968032561793104e-05
40,1e-06,mixnet_attribution,25,0.35394854920729885,0.28080924575791666,2.3101879869465485,2908.2719114567753,0.25012367239105515,2.0069851090070747,0.03043226492889937,1.7500000000000002e-06,0.0,1.7500000000000002e-06,17389.865673656783,5.750475700999004e-05
40,1e-06,mixnet_attribution,26,0.3579003585870146,0.28726585165613483,2.270899249053913,2967.832455939574,0.25187254685442895,2.001662086572571,0.034335113453898065,1.7500000000000002e-06,0.0,1.7500000000000002e-06,19620.064830798892,5.096823117680197e-05
40,1e-06,mixnet_attribution,27,0.36125933831376733,0.28670412092859116,2.2875948551387264,2964.482924226254,0.25058178120525554,1.9994511786455917,0.031475717178576064,1.7500000000000002e-06,0.0,1.7500000000000002e-06,17986.124102043465,5.559841544106696e-05
40,1e-06,mixnet_attribution,28,0.36118557095810677,0.28601073801561505,2.293376120840709,2978.0667841004824,0.2500932225375436,1.981818362906607,0.03152286169529477,1.7500000000000002e-06,0.0,1.7500000000000002e-06,18013.063825882724,5.551526434737403e-05
40,1e-06,mixnet_attribution,29,0.3683447749809306,0.29081892488354705,2.2740725210944435,2966.7484363081617,0.25098095077555627,1.977516980878413,0.03468091783806854,1.7500000000000002e-06,0.0,1.7500000000000002e-06,19817.66733603916,5.046002554404892e-05
40,1e-06,mixnet_attribution_oracle,0,0.9999245055110977,0.9999286965344547,0.00014704045156599605,2936.1688056771854,0.25195566346519627,1.992156737872365,0.03198471016805598,1.7500000000000002e-06,0.0,1.7500000000000002e-06,18276.97723888913,5.4713642575000536e-05
40,1e-06,mixnet_attribution_oracle,1,1.0,0.9999659310136471,0.00015782791254690334,2971.860385144429,0.253865514008794,1.9834314147121357,0.03159243005510172,1.7500000000000002e-06,0.0,1.7500000000000002e-06,18052.817174343836,5.5393016521608175e-05
40,1e-06,mixnet_attribution_oracle,2,0.9999244199229084,0.9999156003394816,0.0001335313598425391,2939.9625878618394,0.2507762631867081,2.0119386533928756,0.03225000169124931,1.7500000000000002e-06,0.0,1.7500000000000002e-06,18428.572394999603,5.426356304579183e-05
40,1e-06,mixnet_attribution_oracle,3,0.9996933691069375,0.999837899140677,0.00032843735728765996,2981.0754311996934,0.24950705125229433,1.9971453026233204,0.03053309603698144,1.7500000000000002e-06,0.0,1.7500000000000002e-06,17447.48344970368,5.731485591505081e-05
40,1e-06,mixnet_attribution_oracle,4,0.9999246363704876,0.999915361616405,0.0002269403048574858,2930.4391438691687,0.24991757329553366,2.0200443993008044,0.031103318274842934,1.7500000000000002e-06,0.0,1.7500000000000002e-06,17773.324728481675,5.6264093256424015e-05
40,1e-06,mixnet_attribution_oracle,5,1.0,0.9999999999636,8.680136521844134e-10,2963.0506628066432,0.25013694222434424,2.005505284464273,0.03231413172594922,1.7500000000000002e-06,0.0,1.7500000000000002e-06,18465.218129113837,5.415587257121619e-05
40,1e-06,mixnet_attribution_oracle,6,0.9999247158021531,0.9999527697120973,7.174589413347695e-05,2928.0027102311224,0.25025363598251715,1.9936148638514064,0.032164425834062045,1.7500000000000002e-06,0.0,1.7500000000000002e-06,18379.67190517831,5.440793530804317e-05
40,1e-06,mixnet_attribution_oracle,7,0.9998475144861239,0.9997789372021496,0.0004223315205450319,2966.082113449222,0.25047890265705064,2.001760909650452,0.03277819985627329,1.7500000000000002e-06,0.0,1.7500000000000002e-06,18730.39991787045,5.3389143018025584e-05
40,1e-06,mixnet_attribution_oracle,8,1.0,0.9999777231374457,0.00015269980787052426,2909.24143605086,0.2501100798835978,1.9868885115082624,0.03175627715464175,1.7500000000000002e-06,0.0,1.7500000000000002e-06,18146.444088366712,5.510721522797285e-05
40,1e-06,mixnet_attribution_oracle,9,0.9997755163124813,0.9998325053215272,0.00026704754487958196,2910.2558365758755,0.2521046884066891,1.9980111471785456,0.033722280887965105,1.7500000000000002e-06,0.0,1.7500000000000002e-06,19269.874793122915,5.189447314711576e-05
40,1e-06,mixnet_attribution_oracle,10,1.0,0.9999999807708208,2.6586361057163516e-07,2941.368902669591,0.252982029953273,2.0055931750198575,0.033549322196854824,1.7500000000000002e-06,0.0,1.7500000000000002e-06,19171.04125534561,5.2162007617669814e-05
40,1e-06,mixnet_attribution_oracle,11,1.0,0.9999999999701195,6.943989922863595e-10,2917.4371342835707,0.25050762950559147,1.9901037184767711,0.034486255901834614,1.7500000000000002e-06,0.0,1.7500000000000002e-06,19706.431943905493,5.074485339844918e-05
40,1e-06,mixnet_attribution_oracle,12,1.0,0.9999695224093927,7.554532870292203e-05,2962.664533333333,0.25026275299023837,1.9857128368105152,0.03433010131889067,1.7500000000000002e-06,0.0,1.7500000000000002e-06,19617.20075365181,5.0975672449793655e-05
40,1e-06,mixnet_attribution_oracle,13,0.9999240352476451,0.9999342187860498,0.0002092318142037801,2955.1850501367367,0.2540114716393873,2.0041314028105264,0.03532851793794244,1.7500000000000002e-06,0.0,1.7500000000000002e-06,20187.724535967107,4.953505276032311e-05
40,1e-06,mixnet_attribution_oracle,14,0.9999243970666062,0.9998548288662314,0.00041819362641243736,2940.2799576623574,0.2527553731633816,2.0111165498329537,0.03251057904675707,1.7500000000000002e-06,0.0,1.7500000000000002e-06,18577.473741004036,5.382863213488542e-05
40,1e-06,mixnet_attribution_oracle,15,0.9999243398653249,0.9999454362576087,8.656605522186576e-05,2942.6068699402285,0.2521186896774452,1.9954368925978687,0.03253366448726603,1.7500000000000002e-06,0.0,1.7500000000000002e-06,18590.66542129487,5.379043607844932e-05
40,1e-06,mixnet_attribution_oracle,16,0.9999231655781791,0.9999057838188625,0.0002680531443045357,2987.934306569343,0.25206125536351465,2.000543468105792,0.03228474796574542,1.7500000000000002e-06,0.0,1.7500000000000002e-06,18448.42740899738,5.4205162197851924e-05
40,1e-06,mixnet_attribution_oracle,17,0.9999241159508271,0.9999066668199488,0.00012034220188073882,2951.387008650782,0.25145124809932895,1.997332250315788,0.03258735166999446,1.7500000000000002e-06,0.0,1.7500000000000002e-06,18621.343811425406,5.370181712591736e-05
40,1e-06,mixnet_attribution_oracle,18,0.9996959793265942,0.9996551010607552,0.0006941477378613333,2955.582427605077,0.251990451826714,2.011182280665242,0.034681962991323693,1.7500000000000002e-06,0.0,1.7500000000000002e-06,19818.26456647068,5.045850491328284e-05
40,1e-06,mixnet_attribution_oracle,19,0.9997749943748594,0.9997179343981998,0.000590495550347432,2916.7353183829596,0.2520005110418424,1.992870200309326,0.032731639254967616,1.7500000000000002e-06,0.0,1.7500000000000002e-06,18703.79385998149,5.346508882027368e-05
40,1e-06,mixnet_attribution_oracle,20,0.9999249756170755,0.9998479851902866,0.0002149653003809426,2917.3075249456074,0.25556588027393445,2.0182106833686015,0.033088956202866074,1.7500000000000002e-06,0.0,1.7500000000000002e-06,18907.974973066324,5.288773659921071e-05
40,1e-06,mixnet_attribution_oracle,21,0.9999243913503705,0.9999587702845677,7.529397940947916e-05,2939.9268864358082,0.25093238055706024,1.9947168532334167,0.030007446845823623,1.7500000000000002e-06,0.0,1.7500000000000002e-06,17147.112483327783,5.8318856948789754e-05
40,1e-06,mixnet_attribution_oracle,22,0.9999228871067243,0.9999064923824443,0.00014132576102526413,2997.995219000617,0.2506630868592765,1.9829589552924922,0.033868989200291154,1.7500000000000002e-06,0.0,1.7500000000000002e-06,19353.708114452085,5.166968490411743e-05
40,1e-06,mixnet_attribution_oracle,23,0.9999234889058913,0.9999282076272376,0.00016945192318130388,2976.2867635807193,0.2515673392044846,1.994689131604033,0.03184952985351648,1.7500000000000002e-06,0.0,1.7500000000000002e-06,18199.73134486656,5.4945866015877286e-05
40,1e-06,mixnet_attribution_oracle,24,1.0,0.9999999991063319,1.8410077284567828e-08,2949.0911572880327,0.25270053470740095,2.00829655011543,0.032676662781248096,1.7500000000000002e-06,0.0,1.7500000000000002e-06,18672.378732141766,5.35550405411736e-05
40,1e-06,mixnet_attribution_oracle,25,0.9998473631992674,0.9997814276804522,0.0005146701162487265,2967.9180340380067,0.2525043824862223,1.9906923021689615,0.03256363633818293,1.7500000000000002e-06,0.0,1.7500000000000002e-06,18607.792193247387,5.374092689851145e-05
40,1e-06,mixnet_attribution_oracle,26,0.999846825457609,0.9998356732825009,0.0003797020135030753,2978.596461668071,0.25173173690564,1.9857177988293864,0.03316594268492278,1.7500000000000002e-06,0.0,1.7500000000000002e-06,18951.9672485273,5.276497088067239e-05
40,1e-06,mixnet_attribution_oracle,27,0.9999243455893478,0.9998141821158202,0.00045311494473491244,2940.949765471327,0.2508810153522063,2.007954791262593,0.03271505337937887,1.7500000000000002e-06,0.0,1.7500000000000002e-06,18694.316216787924,5.349219454745166e-05
40,1e-06,mixnet_attribution_oracle,28,1.0,0.9999365945006958,0.0002451546222759446,2946.575897591274,0.2511217867722735,2.0063092101406874,0.03326450522689671,1.7500000000000002e-06,0.0,1.7500000000000002e-06,19008.28870108383,5.260862856859813e-05
40,1e-06,mixnet_attribution_oracle,29,0.9999255065554231,0.9999120034042727,0.00012016159370710955,2897.261844457688,0.25489430836751126,2.01589028932029,0.03535635355706857,1.7500000000000002e-06,0.0,1.7500000000000002e-06,20203.630604039183,4.9496054426973957e-05
40,0.03,mixnet_attribution,0,0.02215431627196333,0.012341508171495383,6.51973887903634,2971.31512605042,0.34763866662979126,2.4090588994472593,0.032201992002601085,0.0525,0.0,0.0525,0.6133712762400206,1.6303339245522253
40,0.03,mixnet_attribution,1,0.021946849805912213,0.012788382084640849,6.506614266303276,2903.468945954016,0.3502430699591059,2.3956696996497424,0.03344659330281929,0.0525,0.0,0.0525,0.6370779676727484,1.5696665883031697
40,0.03,mixnet_attribution,2,0.019652825571614286,0.012299766632016347,6.513518414808857,2973.7367897835893,0.34976516652386636,2.3727025044572527,0.0332575231559405,0.0525,0.0,0.0525,0.6334766315417238,1.578590196083871
40,0.03,mixnet_attribution,3,0.017863930064614217,0.011791938794282758,6.527073460987391,2955.8043329532497,0.35002130738575943,2.406905955906902,0.031091247542188827,0.0525,0.0,0.0525,0.5922142388988348,1.6885781096033816
40,0.03,mixnet_attribution,4,0.021443672606463304,0.012387620024089009,6.5136318175179015,2936.174267592872,0.3474607862881385,2.369366278385537,0.03309129809706422,0.0525,0.0,0.0525,0.6303104399440804,1.586519810918438
40,0.03,mixnet_attribution,5,0.019358201176382994,0.012142074386516027,6.5078048272091475,2896.2063137517684,0.3496987208491191,2.4020179773006696,0.03391949194253779,0.0525,0.0,0.0525,0.6460855608102436,1.5477826168192321
40,0.03,mixnet_attribution,6,0.02030109489051095,0.01239588098190934,6.5155001563999395,2957.427767639903,0.3508598087064456,2.396170625629124,0.03287589398400758,0.0525,0.0,0.0525,0.6262075044572872,1.5969147493156697
40,0.03,mixnet_attribution,7,0.024673766311684414,0.013246580623435898,6.503797651721932,2915.710739463027,0.34916068601887673,2.3894920736015606,0.033342927790319464,0.0525,0.0,0.0525,0.6351033864822755,1.5745467923558427
40,0.03,mixnet_attribution,8,0.018816799638717446,0.012055420968256115,6.518588661757992,2926.3761101911787,0.34870124064036645,2.3895688851740493,0.03184381573146769,0.0525,0.0,0.0525,0.6065488710755751,1.6486717685694967
40,0.03,mixnet_attribution,9,0.019652134628416536,0.011994996620450163,6.516242727903086,2928.787892477976,0.349563979456434,2.3729395571970517,0.032333482342151464,0.0525,0.0,0.0525,0.6158758541362184,1.623703857334244
40,0.03,mixnet_attribution,10,0.020080934565167595,0.012175830844392072,6.52140587636731,2969.718866916088,0.3462323572312016,2.3938846838287997,0.03256458185714421,0.0525,0.0,0.0525,0.6202777496598898,1.6121809956077244
40,0.03,mixnet_attribution,11,0.017123544874202028,0.011608354898024052,6.532870959264113,2921.522643634998,0.3489679297490511,2.4079255661893217,0.029854245511819793,0.0525,0.0,0.0525,0.5686522954632341,1.7585438553191497
40,0.03,mixnet_attribution,12,0.01909035594767265,0.011940465617899835,6.515156435772341,2957.320961362945,0.3492470116179902,2.391001104441756,0.03211120430673163,0.0525,0.0,0.0525,0.6116419867948882,1.6349433518130045
40,0.03,mixnet_attribution,13,0.020335110434120333,0.012040689266492014,6.509503633259331,2961.8367098248286,0.3515448077232577,2.4010647549290263,0.034465790313157066,0.0525,0.0,0.0525,0.6564912440601346,1.5232495620435114
40,0.03,mixnet_attribution,14,0.021517727237920208,0.01214669944098716,6.507135805091201,2978.3247568726547,0.3514921674213838,2.3928396605809166,0.033911590953941875,0.0525,0.0,0.0525,0.6459350657893691,1.5481432313601733
40,0.03,mixnet_attribution,15,0.024453614549900658,0.013625443181380084,6.4969993784450315,2972.109812012838,0.3524263631843496,2.399230356880163,0.03572464463753488,0.0525,0.0,0.0525,0.680469421667331,1.469573750352711
40,0.03,mixnet_attribution,16,0.019954476479514417,0.011959150898444848,6.517643576269234,2951.1337632776936,0.3510681188781746,2.372323955929196,0.032070376480476386,0.0525,0.0,0.0525,0.6108643139138359,1.6370247487415883
40,0.03,mixnet_attribution,17,0.020275439938791124,0.011763358581678554,6.52095776280765,2975.1568477429228,0.34768465609522536,2.4158462761006088,0.031381944808615225,0.0525,0.0,0.0525,0.5977513296879091,1.6729364709604382
40,0.03,mixnet_attribution,18,0.019768600107271474,0.011796632312903291,6.5291232184699615,2980.6685311470387,0.34638074244139716,2.3701131185661133,0.030567599622779995,0.0525,0.0,0.0525,0.582239992814857,1.7175048302083638
40,0.03,mixnet_attribution,19,0.020702541106128552,0.01217621841781586,6.508294833885042,2907.2065022421525,0.3479566645983141,2.3871512808974886,0.03334609376327067,0.0525,0.0,0.0525,0.6351636907289652,1.574397300406639
40,0.03,mixnet_attribution,20,0.021539628365566933,0.012300334568923996,6.502016509619461,2950.0077360637088,0.34993593240506016,2.3736184526177024,0.034601117680747834,0.0525,0.0,0.0525,0.6590689082047206,1.5172920275119077
40,0.03,mixnet_attribution,21,0.022557548695049657,0.012185868098347994,6.508202346105446,2995.1301870813763,0.34830235183471814,2.391472745561985,0.03383813808862404,0.0525,0.0,0.0525,0.6445359635928389,1.5515038050409116
40,0.03,mixnet_attribution,22,0.020280573345532175,0.012063985565775618,6.51177801719552,2965.3687862153097,0.34623327816370875,2.3620741676521675,0.03335321641692785,0.0525,0.0,0.0525,0.6352993603224353,1.5740610843563059
40,0.03,mixnet_attribution,23,0.019295558958652374,0.011854431260298462,6.51872421170133,2977.207274119449,0.3487153037858661,2.3974136493695477,0.031604873921158766,0.0525,0.0,0.0525,0.6019975984982622,1.6611361947200305
40,0.03,mixnet_attribution,24,0.02025529312848735,0.011796006026460526,6.5234093657113315,2972.2241076205764,0.349247839913005,2.375181971254502,0.031769748761625846,0.0525,0.0,0.0525,0.6051380716500161,1.6525154288728239
40,0.03,mixnet_attribution,25,0.02012301617434885,0.012005324051876043,6.510554851100208,2952.9160148834385,0.3495441802078858,2.388260793489125,0.03309643712417675,0.0525,0.0,0.0525,0.6304083261747953,1.586273465117158
40,0.03,mixnet_attribution,26,0.023252313943863345,0.01239383947912628,6.515429485091439,2926.1936187824517,0.34747851704014465,2.365428470705079,0.032336620407361294,0.0525,0.0,0.0525,0.6159356268068819,1.623546287108241
40,0.03,mixnet_attribution,27,0.021125143513203215,0.01182793340856632,6.5253953093616435,2977.0078071182547,0.34585363100632094,2.369603792702316,0.031377680665369105,0.0525,0.0,0.0525,0.5976701079117925,1.673163818571943
40,0.03,mixnet_attribution,28,0.01868663943107883,0.011826667928752237,6.526069832320877,2942.5581782417917,0.3440410652256105,2.359907803956684,0.030046232320251894,0.0525,0.0,0.0525,0.5723091870524171,1.7473072643658458
40,0.03,mixnet_attribution,29,0.018937679191187565,0.01189247685737328,6.5222008151003985,2935.1318092651277,0.3504461065749638,2.372078224919422,0.0318692938329996,0.0525,0.0,0.0525,0.6070341682476115,1.6473537278581927
40,0.03,mixnet_attribution_oracle,0,0.49141630901287553,0.43560670587247846,1.4322200437057027,2980.950720416922,0.3495841750118416,2.3963470202861963,0.03255916769175948,0.0525,0.0,0.0525,0.6201746227001806,1.6124490803027318
40,0.03,mixnet_attribution_oracle,1,0.47908344011457,0.42767712201961106,1.451650209238077,2931.2686364664205,0.35088197875302285,2.3896482183055845,0.03025359824840397,0.0525,0.0,0.0525,0.5762590142553138,1.7353307718618112
40,0.03,mixnet_attribution_oracle,2,0.49047876031146403,0.43608771346927966,1.437467265466378,2998.722920360805,0.3474264221149497,2.385281235126718,0.03240097960735749,0.0525,0.0,0.0525,0.6171615163306188,1.6203213802856289
40,0.03,mixnet_attribution_oracle,3,0.48663385081408556,0.43660254895067874,1.4303396925548362,2945.2745929572134,0.3501264456426725,2.373068112048154,0.0341672339490917,0.0525,0.0,0.0525,0.6508044561731753,1.536559853754145
40,0.03,mixnet_attribution_oracle,4,0.49507671170139683,0.4394370903189141,1.4192869747321926,2968.7922296007937,0.35049071739194915,2.4015825639434443,0.03498581736383344,0.0525,0.0,0.0525,0.666396521215875,1.5006080736667835
40,0.03,mixnet_attribution_oracle,5,0.48615851346226774,0.42968675266780704,1.4554180809480037,2949.9510049298447,0.3482233444810845,2.376561727705083,0.03136636995407773,0.0525,0.0,0.0525,0.5974546657919568,1.6737671613534872
40,0.03,mixnet_attribution_oracle,6,0.4980046683231684,0.43832659463951684,1.4307928871685363,2928.498004668323,0.3492882499413099,2.394824510709578,0.03167140700406248,0.0525,0.0,0.0525,0.6032648953154758,1.6576465956585333
40,0.03,mixnet_attribution_oracle,7,0.49229157311779675,0.4350251476073259,1.442763911407408,2910.0445292620866,0.3502288550371304,2.400315883418247,0.033274655849466955,0.0525,0.0,0.0525,0.6338029685612754,1.5777774002384166
40,0.03,mixnet_attribution_oracle,8,0.4853164942178941,0.43334666232389824,1.4344217762705067,2958.9637096774195,0.3495447695313487,2.3857698492435384,0.033930855843887366,0.0525,0.0,0.0525,0.6463020160740451,1.547264243541262
40,0.03,mixnet_attribution_oracle,9,0.47698209718670076,0.4284198344628745,1.4532978519569548,2925.104107115992,0.3468988857930526,2.3990237348961947,0.030846436240441602,0.0525,0.0,0.0525,0.5875511664846019,1.7019794309713232
40,0.03,mixnet_attribution_oracle,10,0.499393479909022,0.43877313407720364,1.4259690153916438,2948.7055344958303,0.3510592373786494,2.3751857283189857,0.033568442273808556,0.0525,0.0,0.0525,0.6393989004534963,1.5639689078144268
40,0.03,mixnet_attribution_oracle,11,0.49095295536791317,0.4351131897124398,1.4319088346328612,2932.2380126658627,0.34973113506566733,2.4152623142474816,0.032605664781678576,0.0525,0.0,0.0525,0.6210602815557824,1.6101496580894812
40,0.03,mixnet_attribution_oracle,12,0.4900787640109058,0.43493358367882806,1.4345126910615844,2945.735534686459,0.35025294695515186,2.3970139287154106,0.03346303321071398,0.0525,0.0,0.0525,0.6373911087755043,1.568895433639019
40,0.03,mixnet_attribution_oracle,13,0.4900323478522531,0.4343114748063148,1.438649195381739,2925.752651771609,0.34922839392675087,2.3877243658785714,0.03265461290395974,0.0525,0.0,0.0525,0.6219926267420903,1.607736100085075
40,0.03,mixnet_attribution_oracle,14,0.4809212526603831,0.4279624550651204,1.4548474054718519,2956.2941623593797,0.349601071968209,2.3543473753210677,0.03145446124289309,0.0525,0.0,0.0525,0.5991325951027255,1.6690796130505015
40,0.03,mixnet_attribution_oracle,15,0.49934990439770555,0.43810271371593146,1.4297515854093048,2974.073346080306,0.35100727778626606,2.3911995307522034,0.035135596705328315,0.0525,0.0,0.0525,0.6692494610538727,1.4942111397823044
40,0.03,mixnet_attribution_oracle,16,0.4922868537888479,0.43701549922968186,1.4251908921671315,2926.0492888855442,0.35219510897877626,2.4076509636349996,0.03601535696283152,0.0525,0.0,0.0525,0.686006799292029,1.457711499407903
40,0.03,mixnet_attribution_oracle,17,0.4879563702469323,0.4309697680348508,1.44973623375365,2946.085668838055,0.35321370043675415,2.4175721735066036,0.031158174548370256,0.0525,0.0,0.0525,0.5934890390165763,1.684951084618211
40,0.03,mixnet_attribution_oracle,18,0.4892284755870294,0.4319609016651079,1.4468472453858714,2899.5891912038765,0.3481959987839218,2.379998423028151,0.03282251054102704,0.0525,0.0,0.0525,0.6251906769719436,1.599512015827575
40,0.03,mixnet_attribution_oracle,19,0.49878308487982964,0.4353260783109079,1.4398327852216994,2958.2490112564647,0.34769419304211624,2.399289687141158,0.031309088090850014,0.0525,0.0,0.0525,0.5963635826828574,1.67682941922997
40,0.03,mixnet_attribution_oracle,20,0.4957232893157263,0.4394835542036329,1.423280402585258,2918.8582683073228,0.3511312140908558,2.3901073284218644,0.034453933413326865,0.0525,0.0,0.0525,0.6562653983490832,1.523773769751725
40,0.03,mixnet_attribution_oracle,21,0.486151051914636,0.43178690878964315,1.438503254377269,2943.6101104888753,0.3474114410637412,2.3814777396858506,0.03264240592161721,0.0525,0.0,0.0525,0.6217601127927088,1.608337330467183
40,0.03,mixnet_attribution_oracle,22,0.4944277108433735,0.4408696843272651,1.4191828630118555,2928.4314759036147,0.3492534689139575,2.3956665728756743,0.03272564911599125,0.0525,0.0,0.0525,0.6233456974474524,1.6042462538763242
40,0.03,mixnet_attribution_oracle,23,0.4907330357818292,0.43334791419028657,1.437138237680951,2941.888947726757,0.35151858036988415,2.3901776936134134,0.032338231328894344,0.0525,0.0,0.0525,0.615966311026559,1.623465410524509
40,0.03,mixnet_attribution_oracle,24,0.4803519951448946,0.43163652838256805,1.441027253306648,2950.341450462752,0.3476805397658609,2.3886209041099615,0.03245881806402112,0.0525,0.0,0.0525,0.61826320121945,1.617434125187493
40,0.03,mixnet_attribution_oracle,25,0.48882059162504804,0.43428380852173504,1.4283591150429933,2987.812447176335,0.35052420594729483,2.3903151589638543,0.03247292562307277,0.0525,0.0,0.0525,0.6185319166299574,1.6167314460480127
40,0.03,mixnet_attribution_oracle,26,0.47943337625937427,0.4283911462988342,1.4551873676532214,2945.6010150746156,0.3474956104764715,2.382528587930453,0.031688555720724904,0.0525,0.0,0.0525,0.6035915375376172,1.6567495364158873
40,0.03,mixnet_attribution_oracle,27,0.4871066768994628,0.4325258399313998,1.442264768903638,2985.5152724481964,0.3492737009655684,2.3649514660647255,0.03244146521377527,0.0525,0.0,0.0525,0.6179326707385766,1.618299286239004
40,0.03,mixnet_attribution_oracle,28,0.4983503299340132,0.43699564573321,1.431724069457008,2916.2283293341334,0.34960183055954985,2.408068802431332,0.03217503522241741,0.0525,0.0,0.0525,0.6128578137603317,1.631699845457248
40,0.03,mixnet_attribution_oracle,29,0.49167616875712655,0.43591627708923064,1.4316118701951719,2955.0495629038387,0.3496986145619303,2.394848895651184,0.03545823650773583,0.0525,0.0,0.0525,0.6753949810997301,1.4806150889242957
40,0.06,mixnet_attribution,0,0.01787760715104286,0.010933672577478246,6.582757618346948,2970.930323172129,0.4478892100742087,2.7605128097418854,0.033038821699357776,0.105,0.0,0.105,0.3146554447557883,3.1780794410728346
40,0.06,mixnet_attribution,1,0.016009758328886178,0.010898584283608901,6.589263828427835,2965.16322329801,0.4473544144711923,2.766220242360223,0.032276317543298044,0.105,0.0,0.105,0.30739350041236235,3.253159219887602
40,0.06,mixnet_attribution,2,0.014819341532350469,0.010934760573175715,6.581016794702271,2970.6649606599954,0.4468547227734234,2.762389232568256,0.033136535417431126,0.105,0.0,0.105,0.31558605159458214,3.168707853047481
40,0.06,mixnet_attribution,3,0.016908212560386472,0.010878900915557132,6.58526263805885,2936.5122282608695,0.4444055773783475,2.7466198530333115,0.03265433556393516,0.105,0.0,0.105,0.31099367203747774,3.2154995098404777
40,0.06,mixnet_attribution,4,0.014705882352941176,0.010757309318989721,6.590822922070774,2979.1380974264707,0.44660662370733917,2.7653793510541265,0.030436287111781164,0.105,0.0,0.105,0.28986940106458253,3.4498294622591135
40,0.06,mixnet_attribution,5,0.01674914350970689,0.010976064513629017,6.579723744408803,2960.876513132851,0.4467904125631321,2.77470338465138,0.033612066753936326,0.105,0.0,0.105,0.32011492146606024,3.123878122957238
40,0.06,mixnet_attribution,6,0.016941529235382308,0.010870739371117311,6.590248003435017,2915.8042728635683,0.4466785777185578,2.7638983995151802,0.03222691769501015,0.105,0.0,0.105,0.3069230256667633,3.258145907520584
40,0.06,mixnet_attribution,7,0.0175307720999627,0.01098035153772771,6.580842587717721,2901.637970906378,0.4472167063213419,2.7750347898623353,0.03455401048170874,0.105,0.0,0.105,0.32908581411151183,3.038721078572979
40,0.06,mixnet_attribution,8,0.01692365550959007,0.011022341358260971,6.582962175061997,2925.924934185784,0.44532524450914934,2.759729309009858,0.03316128122571456,0.105,0.0,0.105,0.3158217259591863,3.166343281048468
40,0.06,mixnet_attribution,9,0.020010492393015063,0.011045294613877434,6.574825268135867,2915.2835943940645,0.44785069607314654,2.758694821284956,0.03451137505368519,0.105,0.0,0.105,0.32867976241604946,3.0424751212220356
40,0.06,mixnet_attribution,10,0.017545180722891567,0.011162822993582663,6.575490318453902,2928.7881777108432,0.44801066516083665,2.795157549158142,0.035678414270785976,0.105,0.0,0.105,0.3397944216265331,2.9429559061422634
40,0.06,mixnet_attribution,11,0.016459344660194174,0.011013545728664403,6.583099446224019,2949.9894569174758,0.44594594003865495,2.7610202845626493,0.034081914480552054,0.105,0.0,0.105,0.3245896617195434,3.0808128475269627
40,0.06,mixnet_attribution,12,0.015428614435162188,0.010910229115123193,6.5790911565863635,2926.8217054263564,0.44795548828551546,2.7789559556092165,0.034450362182235475,0.105,0.0,0.105,0.3280986874498617,3.047863457706806
40,0.06,mixnet_attribution,13,0.01701739724986705,0.010848335152164679,6.583868314801225,2955.095115095343,0.4476277934736572,2.7838105351208973,0.03199498750126657,0.105,0.0,0.105,0.30471416667872925,3.281764057443167
40,0.06,mixnet_attribution,14,0.019280995544630513,0.010956879684230503,6.5812646973968185,2986.641342756184,0.4470051890821196,2.7496016739802354,0.033235324834477796,0.105,0.0,0.105,0.3165269031855028,3.1592891155098526
40,0.06,mixnet_attribution,15,0.016109329668651702,0.010952661266050318,6.580267536451189,2969.2640097724843,0.4467835461546201,2.7632642940472727,0.034028741599232686,0.105,0.0,0.105,0.3240832533260256,3.0856268867247105
40,0.06,mixnet_attribution,16,0.01705153693225264,0.011088121425325163,6.580557160621603,2973.7764948768927,0.4477836050791666,2.742310177519886,0.03409220169713598,0.105,0.0,0.105,0.3246876352108189,3.079883221763904
40,0.06,mixnet_attribution,17,0.017281714587578295,0.010908215299860817,6.583694142945426,2935.4452494151383,0.44768667183234356,2.7799907372500963,0.03306611785031353,0.105,0.0,0.105,0.3149154080982241,3.175455929701902
40,0.06,mixnet_attribution,18,0.018599727808861332,0.010939757434555325,6.584028208575918,2941.4184938756994,0.44753733527613804,2.7792695743383167,0.03264414801338462,0.105,0.0,0.105,0.3108966477465202,3.216502999464049
40,0.06,mixnet_attribution,19,0.018969572805220426,0.01098097048096866,6.579790598659448,2950.4193793155778,0.4480288621271029,2.767420890126798,0.03328121673883178,0.105,0.0,0.105,0.31696396894125506,3.1549327304938446
40,0.06,mixnet_attribution,20,0.019373612068305384,0.010845748645432755,6.591968502758874,2978.571866145953,0.4459265177429188,2.7475557119146026,0.031165357044866518,0.105,0.0,0.105,0.296812924236824,3.3691255277081877
40,0.06,mixnet_attribution,21,0.01680220960564677,0.010865270488625133,6.588488622620675,2984.173392665337,0.4479377710085828,2.790309689049267,0.031007391654976756,0.105,0.0,0.105,0.2953084919521596,3.3862893457259653
40,0.06,mixnet_attribution,22,0.017871955357816154,0.011032196818450224,6.579645957019453,2932.8817585400798,0.4469678131281398,2.768659045985006,0.03383710611933201,0.105,0.0,0.105,0.3222581535174477,3.1031022460874924
40,0.06,mixnet_attribution,23,0.013094521372667069,0.010789031019837523,6.5930563616308495,2926.391104756171,0.44688233610941097,2.7737563465935517,0.03045393138227829,0.105,0.0,0.105,0.2900374417359837,3.4478307145954052
40,0.06,mixnet_attribution,24,0.017065366448270607,0.010780400993305149,6.59325481188268,2962.894027121743,0.4462159347021952,2.7848094952166513,0.03042902499105364,0.105,0.0,0.105,0.2898002380100347,3.4506527905797433
40,0.06,mixnet_attribution,25,0.01675306137780783,0.010890194358067214,6.5826161776768775,2921.47066336113,0.447117085888749,2.765967854897325,0.033007856458037034,0.105,0.0,0.105,0.3143605376955908,3.181060852390907
40,0.06,mixnet_attribution,26,0.017627118644067796,0.010937169182813889,6.583188758202668,2929.0186817325803,0.44681645251694135,2.798194113720771,0.03285692459821404,0.105,0.0,0.105,0.3129230914115623,3.1956734016946715
40,0.06,mixnet_attribution,27,0.01685649202733485,0.01087053088113467,6.586562203856878,2953.0106302201975,0.4474771932582371,2.763050190110951,0.03146777629438843,0.105,0.0,0.105,0.29969310756560413,3.33674674110113
40,0.06,mixnet_attribution,28,0.014602935641701167,0.010774418343414829,6.590349317198501,2927.679036507339,0.4455642242974136,2.7623889489554054,0.031065580788168314,0.105,0.0,0.105,0.2958626741730316,3.379946466025527
40,0.06,mixnet_attribution,29,0.01654089488528089,0.010856206124697076,6.5901428844594285,2964.1263053586404,0.44587230728939176,2.783688599496436,0.031782249708317424,0.105,0.0,0.105,0.302688092460166,3.3037308863796846
40,0.06,mixnet_attribution_oracle,0,0.4341073350761187,0.39368783758761117,1.556322548067561,2990.5988005535905,0.4453096103097778,2.785451275345662,0.03244802949800497,0.105,0.0,0.105,0.3090288523619521,3.2359438038126727
40,0.06,mixnet_attribution_oracle,1,0.4366006177955247,0.39464538666898236,1.5470450554984967,2930.538988924885,0.44689656628179364,2.7664315880044343,0.03167462281913295,0.105,0.0,0.105,0.30166307446793283,3.3149566010483036
40,0.06,mixnet_attribution_oracle,2,0.43694004135079256,0.3953729002686582,1.5453640438555263,2978.1572861627997,0.4453976138611324,2.792028334746912,0.03292856875408134,0.105,0.0,0.105,0.31360541670553654,3.1887204325267176
40,0.06,mixnet_attribution_oracle,3,0.44543396226415094,0.3945773423549783,1.5558187171386182,2935.249962264151,0.4475900233373977,2.7831782181670794,0.033738418713440105,0.105,0.0,0.105,0.32131827346133435,3.1121790529611273
40,0.06,mixnet_attribution_oracle,4,0.4334595003785011,0.39464209401512224,1.5467987805131764,2944.1087055261164,0.44561239072936587,2.770060819354595,0.03256605457474942,0.105,0.0,0.105,0.3101529007118992,3.2242161775842915
40,0.06,mixnet_attribution_oracle,5,0.4210845657944634,0.3927494107902883,1.5514284022283051,2948.8496776640122,0.44501757516991347,2.759829935195169,0.03252202459804318,0.105,0.0,0.105,0.30973356760041126,3.228581285997728
40,0.06,mixnet_attribution_oracle,6,0.42602842183994016,0.39137642405216544,1.5573256823844364,2908.816679132386,0.4448377765365876,2.7888126082768787,0.03171883090540447,0.105,0.0,0.105,0.302084103860995,3.3103363838706104
40,0.06,mixnet_attribution_oracle,7,0.43942974765571396,0.3965866575781905,1.54468086349331,2965.1713806510634,0.44750253835809417,2.775634646878397,0.03435233088050571,0.105,0.0,0.105,0.3271650560048163,3.0565611505443866
40,0.06,mixnet_attribution_oracle,8,0.43854643742022675,0.3934551423692708,1.5537773276839655,2919.16675426083,0.4468904239765834,2.799919395467197,0.030452121373991402,0.105,0.0,0.105,0.2900202035618229,3.4480356462022566
40,0.06,mixnet_attribution_oracle,9,0.4330786860198625,0.39356915640733015,1.5519176581061247,2971.45500381971,0.445534980884986,2.7368573946357793,0.03305858746590177,0.105,0.0,0.105,0.3148436901514454,3.176179263808597
40,0.06,mixnet_attribution_oracle,10,0.43531640773020086,0.39150221081375775,1.5605209227298582,2947.485486926866,0.4479244149697479,2.763120167709418,0.031501909569368276,0.105,0.0,0.105,0.300018186374936,3.3331312747497552
40,0.06,mixnet_attribution_oracle,11,0.42657612470098,0.3898547823462702,1.561858604255252,3001.765876996682,0.44419875380117446,2.7718471371394866,0.03179599824666515,0.105,0.0,0.105,0.3028190309206205,3.3023023584740785
40,0.06,mixnet_attribution_oracle,12,0.43935227619920564,0.39600291984903463,1.5472356022961522,2970.278948976474,0.4448267612606287,2.7571113149491766,0.032787024403030926,0.105,0.0,0.105,0.31225737526696123,3.20248640771114
40,0.06,mixnet_attribution_oracle,13,0.43416986962092097,0.3969325940827241,1.540014283615991,2931.2546537041226,0.44755904280464165,2.772416010367333,0.03344045998954281,0.105,0.0,0.105,0.3184805713289791,3.1399089615643634
40,0.06,mixnet_attribution_oracle,14,0.4259986146386516,0.38962029004610044,1.5663502963738762,2992.7323943661972,0.44517365162028,2.783075162572861,0.029534017881346446,0.105,0.0,0.105,0.28127636077472806,3.5552223345242004
40,0.06,mixnet_attribution_oracle,15,0.43540885221305325,0.39320935984592353,1.5560639433526577,2917.6239309827456,0.44563600452966057,2.766361779084718,0.029657545950848616,0.105,0.0,0.105,0.28245281857951066,3.540414307172153
40,0.06,mixnet_attribution_oracle,16,0.43152806103179997,0.39518329271387037,1.544298042398876,2937.442707153108,0.4470732180343475,2.774637173110153,0.03299316646295221,0.105,0.0,0.105,0.31422063298049724,3.1824771992680287
40,0.06,mixnet_attribution_oracle,17,0.42330639679782495,0.39170025547036785,1.5572942538121028,2937.1440978778037,0.44656112033408135,2.7923533386372066,0.03030251550680872,0.105,0.0,0.105,0.2885953857791307,3.4650588653739782
40,0.06,mixnet_attribution_oracle,18,0.4382090000751258,0.39770876805458155,1.5396865648806015,2921.5037938547066,0.44655915632029064,2.778337043887248,0.033327353528002514,0.105,0.0,0.105,0.3174033669333573,3.150565192996085
40,0.06,mixnet_attribution_oracle,19,0.44172684214612934,0.4002764751696548,1.5338074368981962,3020.219970494604,0.4465043697564397,2.8062735866289814,0.033922784294448435,0.105,0.0,0.105,0.32307413613760416,3.095264795737405
40,0.06,mixnet_attribution_oracle,20,0.4398978902319994,0.3964376079621927,1.5431808751404552,2920.034837450259,0.44694159261416644,2.789950044365766,0.0334671322582505,0.105,0.0,0.105,0.31873459293571904,3.1374065512922704
40,0.06,mixnet_attribution_oracle,21,0.4325957253983838,0.3927587175992058,1.5519553839737805,2936.996525942149,0.4457849841855932,2.81867357730094,0.03171595525439028,0.105,0.0,0.105,0.30205671670847883,3.3106365284540935
40,0.06,mixnet_attribution_oracle,22,0.4425047438330171,0.3955291696988835,1.5480857090208413,2951.720075901328,0.44696612944244407,2.79174454991911,0.03290491227077822,0.105,0.0,0.105,0.31338011686455447,3.1910129143011594
40,0.06,mixnet_attribution_oracle,23,0.43156235929761366,0.3930576168953079,1.5540955865185884,2918.161338736305,0.4430343871936202,2.757777726026874,0.03213850811450516,0.105,0.0,0.105,0.3060810296619539,3.267108716618058
40,0.06,mixnet_attribution_oracle,24,0.44133243707521097,0.39566514530725283,1.5514180608879842,2904.3859138098437,0.44573057765956037,2.7582460258888193,0.03268732577349173,0.105,0.0,0.105,0.3113078645094451,3.2122542152148554
40,0.06,mixnet_attribution_oracle,25,0.4404834296138644,0.39656855277940706,1.5476575667316304,2956.584296138644,0.4506949304777663,2.804122182763675,0.03353544855756022,0.105,0.0,0.105,0.31938522435771644,3.131015224674215
40,0.06,mixnet_attribution_oracle,26,0.4371000526989385,0.39318355938206934,1.5519987792887158,2927.9899872016863,0.4478931686608121,2.7649331875210947,0.03399551433721748,0.105,0.0,0.105,0.32376680321159507,3.0886427826464296
40,0.06,mixnet_attribution_oracle,27,0.4287115268557634,0.39097102655988303,1.5617326666040052,2933.6824834037416,0.4461219302029349,2.7721964318228554,0.029873823145695144,0.105,0.0,0.105,0.28451260138757284,3.514782807942365
40,0.06,mixnet_attribution_oracle,28,0.4370223173341486,0.3984306331405454,1.5390933813682193,2972.087664322837,0.4463532048102934,2.766684950530471,0.03405034975503466,0.105,0.0,0.105,0.3242890452860444,3.0836687656776496
40,0.06,mixnet_attribution_oracle,29,0.4311144922023583,0.39652547972394747,1.5436467670298302,2959.7590718904526,0.44639155990444124,2.7957058436727102,0.03301711980266764,0.105,0.0,0.105,0.3144487600254061,3.180168368033012
40,0.12,mixnet_attribution,0,0.014808166928427194,0.010397919012501387,6.618465075947815,2908.938224515743,0.6430245667870622,3.562279700570326,0.03652862724488544,0.21,0.0,0.21,0.173945844023264,5.748915736476333
40,0.12,mixnet_attribution,1,0.012254160363086233,0.010291844604748312,6.626050633962189,2942.0713313161878,0.6441569119051564,3.5511937051007894,0.03276794012135331,0.21,0.0,0.21,0.15603781010168244,6.408703117201833
40,0.12,mixnet_attribution,2,0.015466666666666667,0.010432482813265758,6.620671483402418,2961.799847619048,0.6422213554906193,3.554563833317427,0.036447890463677954,0.21,0.0,0.21,0.1735613831603712,5.7616503267665085
40,0.12,mixnet_attribution,3,0.01431153962036758,0.010320745931583863,6.625749938796229,2930.066059053932,0.6407879456237424,3.5054538493800367,0.03259639944910231,0.21,0.0,0.21,0.15522094975763004,6.4424293341939425
40,0.12,mixnet_attribution,4,0.01190656757166692,0.010255175050279742,6.630217491319711,2949.4530562718032,0.638870271097403,3.491554567699975,0.029674725771891296,0.21,0.0,0.21,0.14130821796138712,7.076729254863668
40,0.12,mixnet_attribution,5,0.014610888957243925,0.01035226082056603,6.625719556104113,2990.6066594893878,0.6396712753921747,3.5045498379483253,0.033007004742324854,0.21,0.0,0.21,0.15717621305868978,6.362285873541175
40,0.12,mixnet_attribution,6,0.014025777103866566,0.010300075892187696,6.62636904152685,2948.9614101592115,0.6405173783132341,3.545579654683907,0.03247373613658445,0.21,0.0,0.21,0.15463683874564024,6.4667643758864255
40,0.12,mixnet_attribution,7,0.012426570266606417,0.010335695708169657,6.6250784024328135,2928.512803133002,0.6419070859556086,3.479697065671503,0.03218107946783905,0.21,0.0,0.21,0.15324323556113834,6.525573519367759
40,0.12,mixnet_attribution,8,0.015056366800332904,0.010330483315317497,6.622760494630871,2942.2042823636225,0.6437671621097252,3.5687712546588473,0.03464501094115347,0.21,0.0,0.21,0.1649762425769213,6.061478818889594
40,0.12,mixnet_attribution,9,0.014580152671755725,0.010345643508136972,6.621963447733904,2969.211755725191,0.641200633981498,3.591151987952407,0.03337554912985615,0.21,0.0,0.21,0.15893118633264836,6.292031306599362
40,0.12,mixnet_attribution,10,0.014538845979100408,0.010318381690611583,6.627462962643279,2945.1863546872632,0.6419037515297532,3.5447635555754125,0.03289897595397816,0.21,0.0,0.21,0.15666179025703886,6.383177406304852
40,0.12,mixnet_attribution,11,0.012179535373280204,0.010345926960547916,6.622412880003167,2924.0635290579658,0.643304319732124,3.5403777495758537,0.03416002576470284,0.21,0.0,0.21,0.16266678935572781,6.147536346913139
40,0.12,mixnet_attribution,12,0.013797835035828633,0.010288604251017372,6.627626292666003,2964.189358133862,0.6412699777283706,3.558744888044642,0.031189050648149173,0.21,0.0,0.21,0.14851928880071036,6.733132161317063
40,0.12,mixnet_attribution,13,0.013433063654403908,0.010316494038559346,6.627158941579819,2968.8536864600824,0.6393284863443114,3.5643142412097846,0.03285333083261882,0.21,0.0,0.21,0.1564444325362801,6.392045941092189
40,0.12,mixnet_attribution,14,0.015821835632873427,0.010309697561086864,6.6271888608537095,2916.484778044391,0.6408542879798915,3.5135252994085633,0.03144986778827692,0.21,0.0,0.21,0.14976127518227106,6.677293571271496
40,0.12,mixnet_attribution,15,0.014447570526956124,0.010374566124559944,6.623368201796206,2956.741616607102,0.6443555543664843,3.5523345935096224,0.03427744001381532,0.21,0.0,0.21,0.16322590482769203,6.126478521014426
40,0.12,mixnet_attribution,16,0.013978088401964487,0.010276970665583019,6.626961886007232,2938.5533811862488,0.6434422769816592,3.591843314522454,0.03230106222576855,0.21,0.0,0.21,0.15381458202746928,6.501334183136246
40,0.12,mixnet_attribution,17,0.01430517711171662,0.010302547893343745,6.627679204510784,2943.4433848016956,0.6408368828997482,3.5625366476013,0.032218079574297225,0.21,0.0,0.21,0.1534194265442725,6.518079375765548
40,0.12,mixnet_attribution,18,0.012371916508538899,0.010295959985989412,6.624914320275547,2951.57275142315,0.6406526476202998,3.563111393860939,0.03260082877008926,0.21,0.0,0.21,0.15524204176232984,6.4415540316776125
40,0.12,mixnet_attribution,19,0.013409090909090909,0.0103273751409604,6.625417081703902,2946.913106060606,0.641442062536953,3.5315482273917898,0.032632695911472324,0.21,0.0,0.21,0.1553937900546301,6.435263594822166
40,0.12,mixnet_attribution,20,0.013397925970781923,0.010335637418501988,6.628083102384566,2943.662478237832,0.6414327587408479,3.5527930136935058,0.03176002133480035,0.21,0.0,0.21,0.1512381968323826,6.6120862384275885
40,0.12,mixnet_attribution,21,0.014431239388794566,0.01033881703203326,6.6248491403304515,3001.329217471832,0.6412674806488212,3.5880043619118083,0.03205626682772946,0.21,0.0,0.21,0.15264888965585457,6.550981158490508
40,0.12,mixnet_attribution,22,0.01366327614999241,0.01030851430161112,6.625870240498842,2951.8758919083043,0.6387965137837455,3.550130063370433,0.030525935110343374,0.21,0.0,0.21,0.14536159576353988,6.879396134496919
40,0.12,mixnet_attribution,23,0.016557042413245633,0.010326476399480448,6.625430703189003,2940.0726544189915,0.6421212163113523,3.5544687367647905,0.032500511075526956,0.21,0.0,0.21,0.15476433845489027,6.461436852854017
40,0.12,mixnet_attribution,24,0.01583779648048967,0.010292362380217293,6.629443812624733,2975.525554705432,0.6412502332241274,3.5412457781599747,0.030440907292642042,0.21,0.0,0.21,0.14495670139353353,6.898611726029588
40,0.12,mixnet_attribution,25,0.013056019432214969,0.010300230116544348,6.62636356133383,2952.365264915743,0.6421109951625112,3.6426285433766425,0.030741251775662025,0.21,0.0,0.21,0.1463869132174382,6.831211738952604
40,0.12,mixnet_attribution,26,0.012269938650306749,0.010286903501849578,6.627757750602969,2981.718865030675,0.6387277043832,3.5655321476785264,0.030718943443371397,0.21,0.0,0.21,0.14628068306367334,6.836172617301207
40,0.12,mixnet_attribution,27,0.013024602026049204,0.010303889495111353,6.626987836378905,2963.069236042349,0.6390859991370235,3.572197205641067,0.0298341459147772,0.21,0.0,0.21,0.14206736149893906,7.038914423757126
40,0.12,mixnet_attribution,28,0.01598242690501439,0.010353477858897243,6.624493221746954,2945.9864414482654,0.642227061878657,3.5154293118571056,0.03180190502756921,0.21,0.0,0.21,0.1514376429884248,6.603377999461041
40,0.12,mixnet_attribution,29,0.01241855116903028,0.010284092726551149,6.628689182372484,2981.775469528555,0.6415961336169858,3.542206551054975,0.03135622061703861,0.21,0.0,0.21,0.14931533627161245,6.697235695742248
40,0.12,mixnet_attribution_oracle,0,0.40544640825305317,0.3801148424224199,1.5930929618229808,2950.230069028294,0.6434392476512585,3.5612113531934706,0.03320779954143193,0.21,0.0,0.21,0.1581323787687235,6.323815576457937
40,0.12,mixnet_attribution_oracle,1,0.40371925614877024,0.37918857157456776,1.588468186431187,2916.9520845830834,0.6425725629960652,3.533661885710596,0.032138169149759796,0.21,0.0,0.21,0.15303890071314188,6.5342863503339785
40,0.12,mixnet_attribution_oracle,2,0.4071559353066829,0.38013961133588203,1.5872846290287053,2966.711779066219,0.6420983387506567,3.5373347890576263,0.035061706174081476,0.21,0.0,0.21,0.16696050559086417,5.989440415630356
40,0.12,mixnet_attribution_oracle,3,0.40820059446688517,0.38241723941201705,1.583356431805272,2963.9673805350203,0.6445175732078496,3.515440595388775,0.034473344800341,0.21,0.0,0.21,0.16415878476352858,6.091663028819958
40,0.12,mixnet_attribution_oracle,4,0.407742622452084,0.3817047506344907,1.5848341386082998,2958.2958624885914,0.6441954331239685,3.5310717245473153,0.04383265614215459,0.21,0.0,0.21,0.20872693401025996,4.790948541173154
40,0.12,mixnet_attribution_oracle,5,0.39327552107104824,0.3757695861525413,1.6038307772758058,2958.7448653582837,0.6418640620249789,3.5743533303370802,0.03425830204388662,0.21,0.0,0.21,0.16313477163755535,6.12990100125159
40,0.12,mixnet_attribution_oracle,6,0.40693694378945766,0.38159408618678775,1.584197565120619,2958.71118886438,0.641840318654431,3.538536313886992,0.03195963490100035,0.21,0.0,0.21,0.15218873762381122,6.570788453951547
40,0.12,mixnet_attribution_oracle,7,0.3954930429522081,0.3777570096747804,1.6002960895908795,2940.992286751361,0.6394409954082221,3.532731081469287,0.030015240554384648,0.21,0.0,0.21,0.1429297169256412,6.996445676305701
40,0.12,mixnet_attribution_oracle,8,0.39865906288532676,0.3775951704173362,1.5962464425338008,2997.0577990135635,0.6416615185735282,3.5041223962727934,0.031445382658901726,0.21,0.0,0.21,0.14973991742334156,6.678245969461977
40,0.12,mixnet_attribution_oracle,9,0.3981020892324175,0.3784587318567538,1.5943898996746302,2976.4020815795516,0.6422906610823702,3.554618026928302,0.03204318358390425,0.21,0.0,0.21,0.15258658849478213,6.553655926544265
40,0.12,mixnet_attribution_oracle,10,0.40218209179834463,0.377704584157317,1.5957042421032768,2926.775094055681,0.6407383634068538,3.565627839548656,0.0315625915382939,0.21,0.0,0.21,0.1502980549442567,6.653446050056237
40,0.12,mixnet_attribution_oracle,11,0.3992100865866626,0.3784869733589069,1.5924798785843486,2954.018608537141,0.6386649208143353,3.543481383765636,0.031650929130073946,0.21,0.0,0.21,0.15071871014320928,6.634876313961446
40,0.12,mixnet_attribution_oracle,12,0.40899324739103743,0.38320048212358465,1.5812989940943512,2984.8175260896255,0.64579933785717,3.5763400044146905,0.03592411224891673,0.21,0.0,0.21,0.17106720118531776,5.845655935626702
40,0.12,mixnet_attribution_oracle,13,0.4045300113250283,0.3791282140485499,1.592805995607685,2936.5402038505094,0.6410966701805592,3.582501160196008,0.032421398619032586,0.21,0.0,0.21,0.15438761247158375,6.477203604557703
40,0.12,mixnet_attribution_oracle,14,0.3947847180109157,0.3795947932873627,1.588948642189851,2947.545330503335,0.6403394398803357,3.5263328199762487,0.03153318159918777,0.21,0.0,0.21,0.15015800761517986,6.65965149566161
40,0.12,mixnet_attribution_oracle,15,0.4053078715886024,0.37860720921931584,1.5971257883448216,2924.840688670025,0.6404804660123773,3.567271022273849,0.031162935055670683,0.21,0.0,0.21,0.14839492883652708,6.73877475356053
40,0.12,mixnet_attribution_oracle,16,0.40049620329298546,0.37824707863089957,1.5966873524146437,2923.6477708442976,0.64194432910881,3.5333161706480243,0.03360092645933249,0.21,0.0,0.21,0.1600044117111071,6.2498276722865045
40,0.12,mixnet_attribution_oracle,17,0.40518457995989005,0.3785624734823773,1.5925104390735845,2889.0285968951944,0.6399116196844261,3.496925575874323,0.03151455222837955,0.21,0.0,0.21,0.1500692963256169,6.663588252124691
40,0.12,mixnet_attribution_oracle,18,0.40386803185437997,0.38129056530926453,1.584793089070349,2948.7089116420175,0.6420422356459312,3.574417537401274,0.03284217755556987,0.21,0.0,0.21,0.15639132169318987,6.3942166942089695
40,0.12,mixnet_attribution_oracle,19,0.40309489494045364,0.37952929106844946,1.591845377208758,2949.9681407873777,0.6437599326600321,3.539623782035642,0.03480187882505318,0.21,0.0,0.21,0.16572323250025325,6.034156979157837
40,0.12,mixnet_attribution_oracle,20,0.40820980615735464,0.37680017503422203,1.602737377691172,2957.2645381984034,0.6404157267825212,3.5439339230349733,0.03272424085799128,0.21,0.0,0.21,0.15582971837138704,6.417261164630435
40,0.12,mixnet_attribution_oracle,21,0.4066586502329776,0.3748298010954212,1.605875440608255,2922.735081917932,0.6401367537328042,3.5457708272347803,0.031590191055138536,0.21,0.0,0.21,0.15042948121494543,6.647633109703555
40,0.12,mixnet_attribution_oracle,22,0.40883472962680883,0.38120504698100105,1.5882260479390977,2962.0575019040366,0.640513950784225,3.537037760549038,0.03251056040689248,0.21,0.0,0.21,0.15481219241377372,6.459439559690839
40,0.12,mixnet_attribution_oracle,23,0.4087419232231091,0.3791835736135441,1.5950252431088163,2956.9643481565945,0.6433907045866363,3.5199768666203584,0.03340886391303251,0.21,0.0,0.21,0.15908982815729766,6.285756993912051
40,0.12,mixnet_attribution_oracle,24,0.3996337834744793,0.37799186957472647,1.5956088713146992,2967.858319981689,0.6417315168073401,3.5124350474791246,0.03155255721438421,0.21,0.0,0.21,0.1502502724494486,6.65556197468093
40,0.12,mixnet_attribution_oracle,25,0.41326137239784116,0.38015869187152945,1.5892788171358088,2998.3424826522746,0.6387642451445572,3.5400291188183166,0.033485614259208464,0.21,0.0,0.21,0.15945530599623078,6.27134979141828
40,0.12,mixnet_attribution_oracle,26,0.4005787830325185,0.37659785029926196,1.5985972482095567,2961.0550605437516,0.6428984981612302,3.539328923971168,0.034889720420578765,0.21,0.0,0.21,0.16614152581227984,6.01896482598746
40,0.12,mixnet_attribution_oracle,27,0.39974293059125965,0.37797473489134525,1.597590871592076,2941.313549070014,0.6390948882035445,3.524266971501698,0.03059231585441873,0.21,0.0,0.21,0.1456776945448511,6.864468875103738
40,0.12,mixnet_attribution_oracle,28,0.40305227012590616,0.3801446331463131,1.589546168068521,2967.958260206028,0.64310157255386,3.6052562776734014,0.03267662797145531,0.21,0.0,0.21,0.1556029903402634,6.426611711081254
40,0.12,mixnet_attribution_oracle,29,0.3991825613079019,0.37660182315752244,1.6035050493450187,2943.798667877687,0.6437232493190095,3.5708529568064744,0.03402483341692029,0.21,0.0,0.21,0.16202301627104898,6.171962619971818
40,0.25,mixnet_attribution,0,0.009021878054281634,0.010074236930943734,6.644071939591836,2923.9045184572587,1.0618361176166218,5.219276290898267,0.03128091694044021,0.4375,0.0,0.4375,0.07149923872100619,13.98616290030797
40,0.25,mixnet_attribution,1,0.011450665476987136,0.010103151188383723,6.6419040168871835,2891.7806528366423,1.064956370391883,5.217173359328563,0.03247769449295425,0.4375,0.0,0.4375,0.07423473026960971,13.470783774227318
40,0.25,mixnet_attribution,2,0.01180682510664229,0.010093827934964144,6.643344060249003,2961.6083942717855,1.0653406622004695,5.214988710234454,0.03302251829400601,0.4375,0.0,0.4375,0.07548004181487088,13.248535320802945
40,0.25,mixnet_attribution,3,0.012917359117691493,0.010098048817246219,6.643434106625019,2937.3724882912825,1.0638472706486937,5.230705488849925,0.03101770939240674,0.4375,0.0,0.4375,0.07089762146835826,14.104845540499575
40,0.25,mixnet_attribution,4,0.010516036956358447,0.010101900743890845,6.642163831890472,2921.2046871479006,1.0626641523267608,5.239830945054977,0.03512419069429433,0.4375,0.0,0.4375,0.08028386444410132,12.455803005051692
40,0.25,mixnet_attribution,5,0.011986301369863013,0.010083859554616638,6.642864475160055,3027.0327677459527,1.063671538606286,5.254924924884579,0.03113208815595751,0.4375,0.0,0.4375,0.07115905864218859,14.053024577353286
40,0.25,mixnet_attribution,6,0.009991673605328892,0.010090014667698169,6.642733206264775,2943.7710998410416,1.062798449944239,5.227220196428206,0.03162599706473643,0.4375,0.0,0.4375,0.07228799329082612,13.833555954124229
40,0.25,mixnet_attribution,7,0.009652076318742986,0.010095810925734435,6.641198397591208,2909.7874298540964,1.0640215679304674,5.155085190404434,0.03333009094508747,0.4375,0.0,0.4375,0.0761830650173428,13.126276814569664
40,0.25,mixnet_attribution,8,0.013828800988875154,0.010097894999468941,6.6427364758820495,3005.1579110012362,1.061997279030038,5.204824696001267,0.03269602756969213,0.4375,0.0,0.4375,0.07473377730215344,13.380830410283373
40,0.25,mixnet_attribution,9,0.013544536271808998,0.010095465853464285,6.642518811389694,2976.4747474747473,1.0638905060768593,5.238517325219887,0.0322007278389454,0.4375,0.0,0.4375,0.07360166363187519,13.5866494132739
40,0.25,mixnet_attribution,10,0.010207167699984879,0.010101478235749323,6.642920676416492,2940.4213670043855,1.064706278644735,5.2792634632908815,0.03491271188605546,0.4375,0.0,0.4375,0.0798004843109839,12.53125226788076
40,0.25,mixnet_attribution,11,0.01191904047976012,0.01007154641361777,6.645719058417386,2915.3248875562217,1.0627155687834602,5.200480523764297,0.031649159193276835,0.4375,0.0,0.4375,0.07234093529891848,13.82343200109206
40,0.25,mixnet_attribution,12,0.01183387352076581,0.010110333361730929,6.641577621844846,2930.923645134544,1.0615580412559211,5.274196828498144,0.03174644177547713,0.4375,0.0,0.4375,0.07256329548680486,13.781072004672708
40,0.25,mixnet_attribution,13,0.01186275245889331,0.010108438217213125,6.641905654360896,2919.7957804639987,1.0637854676751886,5.210433981083544,0.03228507305808296,0.4375,0.0,0.4375,0.07379445270418962,13.551154095668574
40,0.25,mixnet_attribution,14,0.010013654984069186,0.010081753727964366,6.6446844803496194,2950.7894856622665,1.0649846108281054,5.154272321847041,0.03241559904415671,0.4375,0.0,0.4375,0.07409279781521534,13.496588460513566
40,0.25,mixnet_attribution,15,0.011422000766577232,0.010094244651651759,6.642936539940283,2981.153775392871,1.0635811992106028,5.255903427656424,0.03288552401700275,0.4375,0.0,0.4375,0.07516691203886343,13.303725972978263
40,0.25,mixnet_attribution,16,0.011403375399118138,0.01010144214670323,6.64167725813225,2956.608256043789,1.0649333973124158,5.20807179104554,0.03586896839054074,0.4375,0.0,0.4375,0.08198621346409311,12.19717264339769
40,0.25,mixnet_attribution,17,0.012241484184914843,0.010068558921975643,6.645640585009342,2957.7611770072995,1.0620982038090006,5.178055646731837,0.029464318156676276,0.4375,0.0,0.4375,0.06734701292954577,14.848468499206303
40,0.25,mixnet_attribution,18,0.012286484866646689,0.010096093464144501,6.64430587737334,2913.393167515733,1.0647650101745967,5.249243094503618,0.034372519728650165,0.4375,0.0,0.4375,0.07856575937977181,12.728191108879784
40,0.25,mixnet_attribution,19,0.012623364700481983,0.01009948681478915,6.642557482302145,2975.3842093183384,1.0645718539890368,5.147969362621499,0.032077312827583894,0.4375,0.0,0.4375,0.07331957217733462,13.638923009279798
40,0.25,mixnet_attribution,20,0.01118331570197975,0.010071156448471652,6.645048788441881,2939.0639262505665,1.0650109698763117,5.239721021560555,0.03259100535364995,0.4375,0.0,0.4375,0.07449372652262845,13.4239491925033
40,0.25,mixnet_attribution,21,0.012826316583672854,0.010081288805633595,6.645266149583127,2934.334012373623,1.0639247711515054,5.2474549946789795,0.03191322654152767,0.4375,0.0,0.4375,0.0729445178092061,13.70904942597061
40,0.25,mixnet_attribution,22,0.011867630277672118,0.010098377974743668,6.642011025315989,2958.9240775960443,1.0635312492959201,5.272870162835185,0.033314501763085515,0.4375,0.0,0.4375,0.07614743260133831,13.132419122196703
40,0.25,mixnet_attribution,23,0.012254160363086233,0.010087348252465456,6.645052963050756,2941.7051437216337,1.0630895617068745,5.184427227778184,0.03138626383878408,0.4375,0.0,0.4375,0.07174003163150647,13.939218833029123
40,0.25,mixnet_attribution,24,0.014678208505833647,0.010089331670536786,6.642469569802027,2927.0627775686867,1.0633770255954005,5.227311814273894,0.031156642952192077,0.4375,0.0,0.4375,0.07121518389072475,14.041949277761292
40,0.25,mixnet_attribution,25,0.012400831857043826,0.01011001863263176,6.641957663334157,2995.4976507740894,1.0653985462558921,5.232159575529517,0.03208612016908104,0.4375,0.0,0.4375,0.0733397032436138,13.635179251793291
40,0.25,mixnet_attribution,26,0.011760213822069493,0.010118709825375079,6.6421518784072555,2969.786483390607,1.0640750472375657,5.226552506639952,0.03417882389221965,0.4375,0.0,0.4375,0.0781230260393592,12.800323421883192
40,0.25,mixnet_attribution,27,0.010935229792765925,0.010096643665957757,6.642945884524446,2974.2326986311846,1.066130327177234,5.290688199511644,0.03165017970249389,0.4375,0.0,0.4375,0.07234326789141461,13.822986286726422
40,0.25,mixnet_attribution,28,0.014350453172205438,0.01007854105791484,6.645609562396685,2937.719335347432,1.0626978363434318,5.2354908085368415,0.03157410622794585,0.4375,0.0,0.4375,0.07216938566387622,13.856290874601992
40,0.25,mixnet_attribution,29,0.012846826301786393,0.010101231227724572,6.641287692910191,2956.7091600152035,1.0641803156759124,5.235903802023735,0.03306208454926671,0.4375,0.0,0.4375,0.07557047896975247,13.232680454496734
40,0.25,mixnet_attribution_oracle,0,0.38596089214787654,0.37199747693231366,1.613544737031629,2970.442713107241,1.061908558680443,5.342221170698046,0.0307874869298223,0.4375,0.0,0.4375,0.07037139869673668,14.21031865956606
40,0.25,mixnet_attribution_oracle,1,0.3884000306067794,0.3755948484940993,1.6006845866466817,2975.850026780932,1.0627082301944029,5.193319961104174,0.033107145706323525,0.4375,0.0,0.4375,0.07567347590016806,13.214669844414788
40,0.25,mixnet_attribution_oracle,2,0.3827347961430415,0.3703243064016406,1.6165242071152017,2952.387214334523,1.0630281035846565,5.234460806321054,0.033898770274326834,0.4375,0.0,0.4375,0.07748290348417562,12.906072888766108
40,0.25,mixnet_attribution_oracle,3,0.3891071158785315,0.37193466196226954,1.614263731455497,2937.739537694516,1.0615193014091346,5.258854993486598,0.03104145408608247,0.4375,0.0,0.4375,0.07095189505390279,14.094056250932988
40,0.25,mixnet_attribution_oracle,4,0.3877721307744823,0.3719464287957414,1.6125117277962464,2950.8611090040204,1.0645879046351183,5.241376551369418,0.03270139605218854,0.4375,0.0,0.4375,0.07474604811928809,13.37863372260281
40,0.25,mixnet_attribution_oracle,5,0.3854206174618827,0.3717273075864333,1.6143625145225706,2950.6001668815898,1.0633820036018733,5.269848440440971,0.034240091334627264,0.4375,0.0,0.4375,0.07826306590771946,12.777419187476085
40,0.25,mixnet_attribution_oracle,6,0.3882206875145495,0.3719992203733656,1.6112518163878615,3017.9083572592535,1.0631564389914274,5.310434677890129,0.03189082681468829,0.4375,0.0,0.4375,0.07289331843357325,13.718678494672833
40,0.25,mixnet_attribution_oracle,7,0.38301886792452833,0.3725865419074738,1.613517589479689,2935.0070188679247,1.0626865384692792,5.226391078886882,0.03387499384075403,0.4375,0.0,0.4375,0.07742855735029493,12.91513149955636
40,0.25,mixnet_attribution_oracle,8,0.38479683457616803,0.37428711437901757,1.6080156419701062,2958.7771267691373,1.0635026326635852,5.204274743195291,0.031498037739948,0.4375,0.0,0.4375,0.07199551483416686,13.889754136815073
40,0.25,mixnet_attribution_oracle,9,0.3871142393069843,0.37327388103121173,1.6104312887173626,3007.897671900379,1.0638570281735156,5.320773009232165,0.033380663039094684,0.4375,0.0,0.4375,0.07629865837507356,13.10639035203135
40,0.25,mixnet_attribution_oracle,10,0.3948550117969404,0.37313128966451314,1.613428985733178,2960.046959433747,1.06211307173362,5.171825860777419,0.030865549587041748,0.4375,0.0,0.4375,0.070549827627524,14.174379068360253
40,0.25,mixnet_attribution_oracle,11,0.38396084337349395,0.3708364059628584,1.619254060949978,2928.6135542168677,1.0664583632606082,5.148674406786415,0.033722795499709204,0.4375,0.0,0.4375,0.07708067542790675,12.973420308638785
40,0.25,mixnet_attribution_oracle,12,0.39176576847809724,0.3718804229954198,1.609631144660327,2927.976817702845,1.0625905556953512,5.232520801590448,0.03201182204282988,0.4375,0.0,0.4375,0.07316987895503972,13.666825943698283
40,0.25,mixnet_attribution_oracle,13,0.3758226794765111,0.37044603522089053,1.6174233648885805,2941.952795219003,1.0666545095737092,5.241048541282277,0.031407920720896126,0.4375,0.0,0.4375,0.071789533076334,13.929607244230121
40,0.25,mixnet_attribution_oracle,14,0.3860285779088229,0.3730553535315248,1.6084144078490556,2940.605655099418,1.064923719415674,5.2591627742967875,0.032694573900239325,0.4375,0.0,0.4375,0.07473045462911845,13.381425350118953
40,0.25,mixnet_attribution_oracle,15,0.3820394587648348,0.37322425132614834,1.6081863116410888,2939.8070904830297,1.0674710609018803,5.200763790440251,0.034770307949354616,0.4375,0.0,0.4375,0.07947498959852484,12.582574782980045
40,0.25,mixnet_attribution_oracle,16,0.3879415347137637,0.3752796083930142,1.6049635566010745,2959.8531516443363,1.063692732801428,5.31150683298396,0.03275561417431066,0.4375,0.0,0.4375,0.07486997525556723,13.356488987561693
40,0.25,mixnet_attribution_oracle,17,0.3850815502020051,0.37494017601731466,1.605245844998868,2909.717941044441,1.0636284193606116,5.215402769610147,0.03148757594629904,0.4375,0.0,0.4375,0.07197160216296924,13.894369028157039
40,0.25,mixnet_attribution_oracle,18,0.3871649679124198,0.3718198464003427,1.6097609672191806,2936.4305775764437,1.0638742777809966,5.167742027179341,0.03443381241937447,0.4375,0.0,0.4375,0.07870585695857021,12.705534742177925
40,0.25,mixnet_attribution_oracle,19,0.37215692260723554,0.36888427767961307,1.6185166416029588,2967.776827965196,1.0630450389289763,5.280127522709419,0.031440959292510846,0.4375,0.0,0.4375,0.07186504981145336,13.914969830586923
40,0.25,mixnet_attribution_oracle,20,0.39061075660893346,0.37275827949612467,1.6107673028742224,2954.289121847463,1.0614684797765221,5.2264332359968,0.03266248864102614,0.4375,0.0,0.4375,0.07465711689377404,13.394570291575166
40,0.25,mixnet_attribution_oracle,21,0.3819887429643527,0.3726999130426048,1.609956235275329,2918.6630393996247,1.0628385463205632,5.205890764003429,0.03173989318530547,0.4375,0.0,0.4375,0.07254832728069822,13.7839153221394
40,0.25,mixnet_attribution_oracle,22,0.3884554200439361,0.37313580367249033,1.6097883172301444,2946.346261646845,1.0660512337344699,5.236346935059492,0.03563217643271947,0.4375,0.0,0.4375,0.08144497470335879,12.278228382318595
40,0.25,mixnet_attribution_oracle,23,0.3880279550288666,0.37132696884877986,1.6158037960155704,2954.6513977514433,1.0645939865207765,5.198921022897251,0.03379830669445369,0.4375,0.0,0.4375,0.07725327244446557,12.944435469951927
40,0.25,mixnet_attribution_oracle,24,0.38613786875376277,0.37147603799066825,1.6147057529650042,2926.0807495484646,1.0629671717761084,5.179202796958106,0.03217525644227602,0.4375,0.0,0.4375,0.0735434432966309,13.597405223013416
40,0.25,mixnet_attribution_oracle,25,0.38527230504157617,0.37334581781608295,1.6086357037229664,2913.270282418159,1.0659102973295376,5.244308975689605,0.03488061778191581,0.4375,0.0,0.4375,0.07972712635866472,12.542782433940319
40,0.25,mixnet_attribution_oracle,26,0.3940571428571429,0.37331734669232863,1.6118938570863943,2963.632,1.062696124019567,5.242815032359808,0.03433682388043919,0.4375,0.0,0.4375,0.0784841688695753,12.741423071725412
40,0.25,mixnet_attribution_oracle,27,0.3862291554599247,0.3761393793965832,1.5959946379592058,2988.7093675555216,1.0622952810081188,5.242220417541697,0.031491868563246046,0.4375,0.0,0.4375,0.07198141385884811,13.892475104211611
40,0.25,mixnet_attribution_oracle,28,0.3841943465546975,0.37459499143003616,1.607157467778014,2916.0485866386744,1.061719540914055,5.142340096605246,0.031007123725502458,0.4375,0.0,0.4375,0.07087342565829133,14.109660859648487
40,0.25,mixnet_attribution_oracle,29,0.3884603750756201,0.37130128443810484,1.6152559015418189,2940.8818058076226,1.0624720738560427,5.28100607339766,0.032894909016509974,0.4375,0.0,0.4375,0.07518836346630851,13.29993038680905
40,0.5,mixnet_attribution,0,0.013834586466165413,0.010032227658057393,6.647762471341884,2924.1173684210526,1.8755503789288923,8.386424080886828,0.03167466328456901,0.875,0.0,0.875,0.036199615182364586,27.62460305067473
40,0.5,mixnet_attribution,1,0.012585726128570352,0.010020816752296751,6.649331336864354,2931.6769914839097,1.8759910726803355,8.439807752273271,0.03263718340493203,0.875,0.0,0.875,0.03729963817706518,26.809911539969857
40,0.5,mixnet_attribution,2,0.013465195891974134,0.010028137084098106,6.648888219314812,2958.436667934576,1.8751724585308693,8.418057181154133,0.03275144257440642,0.875,0.0,0.875,0.0374302200850359,26.7163804468194
40,0.5,mixnet_attribution,3,0.010813280536095034,0.010012205494555192,6.649258685026316,2961.4023758757235,1.8771507072960958,8.563629765805949,0.03099419763074041,0.875,0.0,0.875,0.03542194014941761,28.231090555225883
40,0.5,mixnet_attribution,4,0.010563915488676091,0.010023279945413603,6.648546057610881,2956.1655266757866,1.8738996396714356,8.476976056216923,0.03037748370458054,0.875,0.0,0.875,0.03471712423380633,28.804229096436355
40,0.5,mixnet_attribution,5,0.012076207620762076,0.010028105751903323,6.647798715103475,2917.7700270027003,1.8789704977243673,8.583503153119128,0.03572351471841568,0.875,0.0,0.875,0.04082687396390363,24.49367053877631
40,0.5,mixnet_attribution,6,0.011049302750895374,0.010042511317652162,6.646769573965228,2964.015011811324,1.8786532593949232,8.552721740942399,0.035136534237155896,0.875,0.0,0.875,0.04015603912817817,24.90285450733818
40,0.5,mixnet_attribution,7,0.012476370510396975,0.010019486066624714,6.649216221956072,2941.279243856333,1.8767774371954147,8.408995820288181,0.03236451901984652,0.875,0.0,0.875,0.036988021736967455,27.03577950481618
40,0.5,mixnet_attribution,8,0.010878661087866108,0.010030784468928244,6.647900370466346,2958.6280715100797,1.8769647028238978,8.530908206255402,0.031362345715863424,0.875,0.0,0.875,0.03584268081812963,27.89969882761082
40,0.5,mixnet_attribution,9,0.01032493167324628,0.010021990674959435,6.6484011582775375,2953.2278317643486,1.8753422556910664,8.58862240475184,0.031159020992038888,0.875,0.0,0.875,0.0356103097051873,28.08175520737837
40,0.5,mixnet_attribution,10,0.01012809055704498,0.010027099416871308,6.648346491859202,2897.1924337205837,1.8787411820085254,8.3758815479628,0.03432522196645389,0.875,0.0,0.875,0.039228825104518736,25.49145933725175
40,0.5,mixnet_attribution,11,0.009789674952198853,0.010013628841387559,6.64954783714205,2975.055602294455,1.8760889277618844,8.428163599519852,0.030823599625506962,0.875,0.0,0.875,0.035226971000579387,28.387339915871642
40,0.5,mixnet_attribution,12,0.010747805025734181,0.010012146508826104,6.649695499291844,2943.1487284287014,1.8770599914423656,8.514666576121453,0.03218808781338428,0.875,0.0,0.875,0.03678638607243918,27.183969581323254
40,0.5,mixnet_attribution,13,0.010207190737355272,0.01003344425871458,6.647603258936575,2961.9289305301645,1.873409278865438,8.492886579531413,0.032369901918567506,0.875,0.0,0.875,0.036994173621220004,27.031283635063982
40,0.5,mixnet_attribution,14,0.011279926335174955,0.010014216764378678,6.650155542714044,2983.894874155924,1.8753789481997956,8.29968686761145,0.033374913065426545,0.875,0.0,0.875,0.03814275778905891,26.217296754741888
40,0.5,mixnet_attribution,15,0.010464160251139847,0.010017574509734534,6.649676126418186,2906.6792734883024,1.8775254298816435,8.344868797767143,0.03095678543345136,0.875,0.0,0.875,0.03537918335251584,28.265208669065824
40,0.5,mixnet_attribution,16,0.009982736620881182,0.010020065039135776,6.64923157915048,2919.982586504541,1.8775460362085141,8.391265738328583,0.032276531703235814,0.875,0.0,0.875,0.036887464803698075,27.10948028880931
40,0.5,mixnet_attribution,17,0.010692307692307692,0.01000883109573824,6.650258000457812,2991.2855384615386,1.8775535700260662,8.437075991486886,0.034803296616045955,0.875,0.0,0.875,0.039775196132623945,25.141296517197855
40,0.5,mixnet_attribution,18,0.012293536465796817,0.010019342105600565,6.649270783205577,2934.07504336677,1.876017887785565,8.502495890365058,0.03308365085141956,0.875,0.0,0.875,0.03780988668733664,26.448108884042806
40,0.5,mixnet_attribution,19,0.010879419764279238,0.010035226710393003,6.646603808355295,2938.173390752493,1.8770368617551867,8.476102371940447,0.03401303423156867,0.875,0.0,0.875,0.03887203912179277,25.72543202240635
40,0.5,mixnet_attribution,20,0.010581613508442778,0.010014190320251429,6.6494659983710305,2918.860412757974,1.875219035166083,8.549780937379435,0.030488223364490658,0.875,0.0,0.875,0.03484368384513218,28.69960605901045
40,0.5,mixnet_attribution,21,0.009837050386723736,0.010023773101152267,6.648161773510951,2920.3078020575203,1.8764232133689802,8.438159499145597,0.03228459409673423,0.875,0.0,0.875,0.036896678967696266,27.102710270361158
40,0.5,mixnet_attribution,22,0.011163426488456866,0.010037505878088718,6.647320663163022,2953.3450789793437,1.8778559469792526,8.39417539536042,0.03365598355653316,0.875,0.0,0.875,0.03846398120746647,25.998348808622133
40,0.5,mixnet_attribution,23,0.011133989171051628,0.010026640116614567,6.64892315799328,2966.868374895142,1.875250238517765,8.420516982375585,0.030874206260292743,0.875,0.0,0.875,0.035284807154620276,28.340809561971987
40,0.5,mixnet_attribution,24,0.012127146730943054,0.010033069529502272,6.647424181272858,2928.9459927689063,1.8765606899396516,8.510910999855334,0.03347757203770661,0.875,0.0,0.875,0.03826008232880756,26.13690141610228
40,0.5,mixnet_attribution,25,0.01090578612541654,0.010020863326308185,6.649712967808055,2946.0555892153893,1.8798209055967163,8.385558446342838,0.03289417247676029,0.875,0.0,0.875,0.03759333997344033,26.60045637622247
40,0.5,mixnet_attribution,26,0.01106815252823895,0.010017144152290618,6.6486652162349715,2948.353346979001,1.8758891980396584,8.502127761690348,0.031404315015753345,0.875,0.0,0.875,0.03589064573228954,27.86241316077341
40,0.5,mixnet_attribution,27,0.011295123254216591,0.010018792721499291,6.649485804397458,2967.7041135617796,1.876551297493279,8.43240746389295,0.03480329327438341,0.875,0.0,0.875,0.039775192313581044,25.14129893115702
40,0.5,mixnet_attribution,28,0.011501303481061187,0.010029403870690495,6.64879210008457,2982.333001073455,1.873901251325151,8.452491480660674,0.03115844014187206,0.875,0.0,0.875,0.03560964587642521,28.0822787025252
40,0.5,mixnet_attribution,29,0.011066707654472794,0.01002190371670079,6.64903798780629,2988.9129265293577,1.8764570250932593,8.477730231115867,0.030565196565138186,0.875,0.0,0.875,0.03493165321730078,28.627331027800444
40,0.5,mixnet_attribution_oracle,0,0.38042977743668455,0.3737938725258259,1.6081662067214935,2985.403760552571,1.8767794583691284,8.468384725142126,0.033189664192008216,0.875,0.0,0.875,0.03793104479086653,26.36362919907736
40,0.5,mixnet_attribution_oracle,1,0.38017404464623533,0.3721599352840484,1.6116859058343305,2943.163753310632,1.8761380492069293,8.42975049284615,0.033908013839246895,0.875,0.0,0.875,0.03875201581628217,25.805109203631076
40,0.5,mixnet_attribution_oracle,2,0.3779207844939861,0.3720796180763209,1.6158916598299073,2979.428024208994,1.875166950718267,8.41961006646049,0.032608243611803145,0.875,0.0,0.875,0.03726656412777502,26.833705317488423
40,0.5,mixnet_attribution_oracle,3,0.3711856687414605,0.3708389233389615,1.6143857784525075,2951.592378928192,1.8754100147634745,8.340056664186832,0.03077635802295749,0.875,0.0,0.875,0.0351729805976657,28.43091438393385
40,0.5,mixnet_attribution_oracle,4,0.3757761651829131,0.37399658962616017,1.600883029800975,2909.4757986085133,1.8774256031611003,8.508932406460893,0.03309956181199606,0.875,0.0,0.875,0.03782807064228121,26.435395277132624
40,0.5,mixnet_attribution_oracle,5,0.3731012899778643,0.3708551152274547,1.6132280435078634,2969.8185634684373,1.8751426393573638,8.514921466151455,0.03307790718199108,0.875,0.0,0.875,0.03780332249370409,26.452701350960456
40,0.5,mixnet_attribution_oracle,6,0.3850243013365735,0.3730721239443391,1.610439084868263,2953.025060753341,1.8762871214130428,8.62465978284518,0.03273088733586212,0.875,0.0,0.875,0.03740672838384242,26.733158530697462
40,0.5,mixnet_attribution_oracle,7,0.37593590895477685,0.37135148281849945,1.6146235622487066,2912.364480383348,1.878810430294834,8.42590463151272,0.033823118745733245,0.875,0.0,0.875,0.03865499285226657,25.869879314732927
40,0.5,mixnet_attribution_oracle,8,0.38141699189432604,0.3715780072510003,1.6143737348069809,2918.7103722605825,1.8743285661039408,8.4966490473575,0.03407272331321672,0.875,0.0,0.875,0.03894025521510482,25.680365844446303
40,0.5,mixnet_attribution_oracle,9,0.3817295792079208,0.37255278091813676,1.6065884902618608,3008.4903310643563,1.8769003644702025,8.373169194652064,0.03151336485266103,0.875,0.0,0.875,0.03601527411732689,27.76599719169989
40,0.5,mixnet_attribution_oracle,10,0.3703171119352153,0.37207202403276296,1.6090867509847273,2943.980852191024,1.873391581204487,8.387387461620559,0.03367123854514394,0.875,0.0,0.875,0.0384814154801645,25.986570076026865
40,0.5,mixnet_attribution_oracle,11,0.38240601503759397,0.37244542342225245,1.611304727802956,2924.20022556391,1.8772202194377314,8.504319742113154,0.032139752362803364,0.875,0.0,0.875,0.03673114555748956,27.224851956627795
40,0.5,mixnet_attribution_oracle,12,0.38094156827126857,0.3705918379912812,1.6202824595856207,2943.773690584317,1.876847043808084,8.459132139590793,0.0344876114141492,0.875,0.0,0.875,0.03941441304474195,25.37142945309963
40,0.5,mixnet_attribution_oracle,13,0.3813617344998098,0.373474553283199,1.608258663093789,2958.7648535564854,1.875637524324702,8.58807883311803,0.03099017563050516,0.875,0.0,0.875,0.03541734357772018,28.23475447292058
40,0.5,mixnet_attribution_oracle,14,0.36937280634823744,0.37295411629023073,1.6104000624781647,2967.8544941248283,1.8761855045740958,8.462756152848637,0.030517596766380207,0.875,0.0,0.875,0.034877253447291666,28.67198248598481
40,0.5,mixnet_attribution_oracle,15,0.37948252383113934,0.371083158101824,1.6148865621167374,2942.3159328188835,1.8786733636225108,8.534129023478291,0.0322915742998885,0.875,0.0,0.875,0.036904656342729714,27.09685170112692
40,0.5,mixnet_attribution_oracle,16,0.37863338913407396,0.3725561948957057,1.6078851430785737,2959.0085222949324,1.874608381622238,8.468399766909481,0.0305566229048996,0.875,0.0,0.875,0.03492185474845669,28.635363362084693
40,0.5,mixnet_attribution_oracle,17,0.3798577311868214,0.37469899142847923,1.6036612244968076,2911.7497566454513,1.8756052169483155,8.494460881953998,0.033017780893134556,0.875,0.0,0.875,0.037734606735010924,26.50087244906093
40,0.5,mixnet_attribution_oracle,18,0.37765388727661525,0.37325768009076693,1.6062353641234262,2970.3787230792727,1.8774399289977737,8.50308008298775,0.03315206432985096,0.875,0.0,0.875,0.03788807351982967,26.393529865714207
40,0.5,mixnet_attribution_oracle,19,0.38043560177858166,0.3706757398620785,1.6174785899617394,2929.974677820484,1.8784912329283543,8.543696732427975,0.03758477459620277,0.875,0.0,0.875,0.04295402810994602,23.280703673247576
40,0.5,mixnet_attribution_oracle,20,0.3751874062968516,0.3697455241221155,1.6182837636428935,2915.77976011994,1.8779981202096678,8.578451187778246,0.036627660619199955,0.875,0.0,0.875,0.041860183564799945,23.88904956548962
40,0.5,mixnet_attribution_oracle,21,0.3761814744801512,0.37020062403145115,1.61591717057338,2940.7855576559546,1.8752613617689349,8.372097921343402,0.03014602563266421,0.875,0.0,0.875,0.03445260072304481,29.025384993102
40,0.5,mixnet_attribution_oracle,22,0.3768335097535158,0.37094467032240047,1.6125395097110486,2940.0088462120066,1.8748053041053936,8.636897311622572,0.03225564950012998,0.875,0.0,0.875,0.03686359942871998,27.127030878620936
40,0.5,mixnet_attribution_oracle,23,0.37417861409796893,0.37510617354694437,1.603365874163408,2904.6521057347672,1.8747620836365968,8.41327727401724,0.032161244403749525,0.875,0.0,0.875,0.036755707889999455,27.20665870435001
40,0.5,mixnet_attribution_oracle,24,0.3777945619335347,0.3704088821798079,1.617427178750325,2937.5753776435045,1.8763535406324081,8.536865553619013,0.033102871301590654,0.875,0.0,0.875,0.0378318529161036,26.432752374503377
40,0.5,mixnet_attribution_oracle,25,0.37557603686635943,0.3714862285188235,1.6116809510759342,2987.1394009216588,1.8772658140806016,8.552001632084652,0.03255060513971211,0.875,0.0,0.875,0.037200691588242414,26.881220679135392
40,0.5,mixnet_attribution_oracle,26,0.3825706086693853,0.3724535288741566,1.6124050152889107,2936.843754719831,1.8766664929571562,8.382900468320113,0.03274279317486842,0.875,0.0,0.875,0.03742033505699248,26.723437897521897
40,0.5,mixnet_attribution_oracle,27,0.37998943635403304,0.37288196904905113,1.6125511668824482,2935.096204632913,1.8735164995887317,8.430763894407253,0.03007021722056016,0.875,0.0,0.875,0.03436596253778304,29.098559334707065
40,0.5,mixnet_attribution_oracle,28,0.3815789473684211,0.37317552146054267,1.6100977345359448,2940.2453871748335,1.8769734275410883,8.528478938895729,0.033184316696080574,0.875,0.0,0.875,0.03792493336694923,26.367877573424526
40,0.5,mixnet_attribution_oracle,29,0.38808274158690953,0.37135371429935377,1.613663881237012,3001.5331892559434,1.878039169096155,8.543944871537834,0.037970429604586436,0.875,0.0,0.875,0.04339477669095593,23.0442480928451
40,1.0,mixnet_attribution,0,0.01015921152388173,0.010014208475788025,6.648983011763598,2947.8481425322216,3.5009437084081583,14.882109961933631,0.03012073398867691,1.75,0.0,1.75,0.017211847993529664,58.09951379863007
40,1.0,mixnet_attribution,1,0.008439454449551654,0.01001420566635499,6.64848626812822,2931.022831738377,3.5010988591238856,14.97169133135997,0.035289874187721934,1.75,0.0,1.75,0.020165642392983962,49.58929552117419
40,1.0,mixnet_attribution,2,0.009311273566756444,0.010001499879887223,6.650195894717248,2992.7959215082724,3.5004364419728518,14.9918101411977,0.03208958943156185,1.75,0.0,1.75,0.018336908246606772,54.53482051343356
40,1.0,mixnet_attribution,3,0.010040767024007247,0.01000887952932679,6.649635166592314,2936.0561678997433,3.5008051580225583,14.89705800465385,0.03201538125414349,1.75,0.0,1.75,0.01829450357379628,54.66122630582485
40,1.0,mixnet_attribution,4,0.009806123212815331,0.010018512753806686,6.6479977583748315,2911.1932779399654,3.502704418991925,15.160480523620464,0.034603985818013536,1.75,0.0,1.75,0.01977370618172202,50.572208912680104
40,1.0,mixnet_attribution,5,0.010064593660808172,0.010006297896592813,6.650100490032486,2921.084647739222,3.50389467497007,15.170008001858713,0.03223918316294351,1.75,0.0,1.75,0.018422390378824864,54.28177231275177
40,1.0,mixnet_attribution,6,0.010060514372163388,0.010013776629735563,6.649080364243944,2941.72965204236,3.5016409136296716,15.060869113157441,0.03384764248282702,1.75,0.0,1.75,0.019341509990186866,51.702271462122724
40,1.0,mixnet_attribution,7,0.011794949342204748,0.010023112267982593,6.648888280653354,2940.5988961137155,3.5014432340394706,15.212708760029187,0.033293381311119925,1.75,0.0,1.75,0.019024789320639956,52.56299994424127
40,1.0,mixnet_attribution,8,0.00993276283618582,0.01001440647567312,6.648787140367315,2971.4762377750612,3.4994670605810825,14.710528203895597,0.032676347633701086,1.75,0.0,1.75,0.01867219864782919,53.55555705360165
40,1.0,mixnet_attribution,9,0.008747697974217311,0.010002757881151679,6.650094601056415,2984.9133670963784,3.5026841530925594,14.620638011760565,0.031620408303748244,1.75,0.0,1.75,0.018068804744998997,55.34400388474924
40,1.0,mixnet_attribution,10,0.009294655573045499,0.009999176005610372,6.650623157225988,2915.0939959523275,3.500956123229116,14.887448221758989,0.029702806636952465,1.75,0.0,1.75,0.016973032363972837,58.916991292764635
40,1.0,mixnet_attribution,11,0.012393259276052294,0.010002938349270487,6.651333147122215,2938.7595405425827,3.5017635619151406,14.72502804621803,0.032165106105626125,1.75,0.0,1.75,0.018380060631786356,54.40678461476925
40,1.0,mixnet_attribution,12,0.009236314485244425,0.010002997358392426,6.6503358562601855,2920.8380265825635,3.5034167608828284,14.97696940869265,0.035182862831942184,1.75,0.0,1.75,0.020104493046824105,49.74012513874203
40,1.0,mixnet_attribution,13,0.010685731857318572,0.010004475603969545,6.6503650421538625,2989.821648216482,3.501125560112996,14.77899201410206,0.03243795698460797,1.75,0.0,1.75,0.01853597541977598,53.949143616855615
40,1.0,mixnet_attribution,14,0.011064479206409768,0.010010867227201207,6.649247623483566,2967.970392979779,3.5028570247231983,14.973255665313566,0.03191541078768928,1.75,0.0,1.75,0.018237377592965304,54.83244479106084
40,1.0,mixnet_attribution,15,0.010415874705390404,0.01000330146718526,6.650769988327226,2956.27050862921,3.503257733944338,14.910597450059303,0.03188151836217033,1.75,0.0,1.75,0.018218010492668763,54.89073575857348
40,1.0,mixnet_attribution,16,0.010562052055827989,0.010007852632862912,6.649553796500222,2933.714070162203,3.4984233901195694,14.885875061375883,0.03124829713912082,1.75,0.0,1.75,0.017856169793783325,56.003051692986965
40,1.0,mixnet_attribution,17,0.010625379477838493,0.010009934138055855,6.649974698193877,2952.0502428658165,3.5035524855775293,14.828926634556499,0.03483002963175649,1.75,0.0,1.75,0.019902874075289425,50.24399974682843
40,1.0,mixnet_attribution,18,0.010567127869849476,0.010014434925406226,6.648688446326909,2956.8268967614413,3.5028219605446793,14.901377483186488,0.034660999573082725,1.75,0.0,1.75,0.019806285470332984,50.489022865890654
40,1.0,mixnet_attribution,19,0.01063669281834641,0.010004303663677973,6.65024574467313,2933.830190102595,3.5043854844698217,15.077405591744578,0.035014883669061775,1.75,0.0,1.75,0.020008504953749586,49.97874665356246
40,1.0,mixnet_attribution,20,0.010914051841746248,0.010006663728688144,6.649907093428165,2947.3007427618613,3.5019010660180356,14.813451918809687,0.03319943793392183,1.75,0.0,1.75,0.018971107390812474,52.711735767427605
40,1.0,mixnet_attribution,21,0.011095911232710138,0.010001735271826653,6.6500527206370315,2955.8227694178445,3.4996350425644778,14.939512241978566,0.02890029865403935,1.75,0.0,1.75,0.01651445637373677,60.553007460198174
40,1.0,mixnet_attribution,22,0.012955709551069599,0.009992991297229355,6.651486134563859,2929.2603193733053,3.502368368615862,14.833439130625843,0.03543177253970916,1.75,0.0,1.75,0.02024672716554809,49.39069864593246
40,1.0,mixnet_attribution,23,0.010142923005993546,0.009997257886719065,6.651925828895272,2988.9447518057477,3.5034479726746213,14.887651291937438,0.03160875306110542,1.75,0.0,1.75,0.018062144606345955,55.36441113690674
40,1.0,mixnet_attribution,24,0.009744494744111102,0.010002474328056121,6.64978521604027,2983.5811401826136,3.5016657164960634,14.60915081988504,0.03250951054592872,1.75,0.0,1.75,0.018576863169102124,53.83040133832956
40,1.0,mixnet_attribution,25,0.00949367088607595,0.010008278004675835,6.649528738331311,3001.9339302253784,3.499717617960414,14.976798965972131,0.032199498704570007,1.75,0.0,1.75,0.018399713545468575,54.34867219692542
40,1.0,mixnet_attribution,26,0.010264266564534661,0.010030924077430779,6.646485318234814,2978.9987744159325,3.5030119177827146,14.99752774703858,0.03674406261387844,1.75,0.0,1.75,0.020996607207930538,47.626742268260095
40,1.0,mixnet_attribution,27,0.01007652094855671,0.009996937041299343,6.651197425872929,2946.8728691567544,3.5000001245352905,14.842574931861291,0.03406782648016889,1.75,0.0,1.75,0.019467329417239367,51.36811416538964
40,1.0,mixnet_attribution,28,0.011622675464907018,0.010016398329072411,6.648098806654175,2916.5026244751048,3.501566423336044,14.951426988880868,0.033844341332507126,1.75,0.0,1.75,0.0193396236185755,51.70731446084146
40,1.0,mixnet_attribution,29,0.010361904761904761,0.01000708511667426,6.649793869280953,2963.0864,3.5029491368914023,14.85030545676799,0.03248495358471432,1.75,0.0,1.75,0.018562830619836757,53.87109436485254
40,1.0,mixnet_attribution_oracle,0,0.3692728516070207,0.370398228063376,1.6165502051540908,2954.657548818479,3.5032081566459965,14.710201386107457,0.03310944806127426,1.75,0.0,1.75,0.018919684606442437,52.855003706535626
40,1.0,mixnet_attribution_oracle,1,0.3771463303449324,0.37288583022623195,1.6109587897761013,2954.4618598997113,3.503438809304498,14.825526767794331,0.03362860758740966,1.75,0.0,1.75,0.01921634719280552,52.03902645838922
40,1.0,mixnet_attribution_oracle,2,0.37260632161808815,0.3703706709798807,1.6176297603472107,2990.9537029916173,3.5001964495750144,14.89493022381854,0.03384065338266655,1.75,0.0,1.75,0.0193375162186666,51.71294951699614
40,1.0,mixnet_attribution_oracle,3,0.37434335744194897,0.3713532360416176,1.6140799721289505,2960.9051389417587,3.5003670188307296,15.04322077437174,0.03258227899073543,1.75,0.0,1.75,0.018618445137563104,53.71017786992744
40,1.0,mixnet_attribution_oracle,4,0.3814095238095238,0.37115478294872867,1.6172288586776082,2963.223847619048,3.499856575304875,14.931798609088709,0.0322114422792191,1.75,0.0,1.75,0.018406538445268055,54.32852043166647
40,1.0,mixnet_attribution_oracle,5,0.3791920731707317,0.37436236827859304,1.6060018394326154,2963.9853658536585,3.506599054846447,14.927181506138412,0.035693414137397975,1.75,0.0,1.75,0.0203962366499417,49.028652548158114
40,1.0,mixnet_attribution_oracle,6,0.37329866952133356,0.3696577596911999,1.6166204313200887,2974.1720446551462,3.502982252975926,15.045555491331589,0.03315350986592646,1.75,0.0,1.75,0.018944862780529405,52.784758147087274
40,1.0,mixnet_attribution_oracle,7,0.37233481503804716,0.37109047932172945,1.6154035036801764,2929.6767874632715,3.505892034911085,15.088409740865059,0.0353383072098696,1.75,0.0,1.75,0.02019331840563977,49.521330764571665
40,1.0,mixnet_attribution_oracle,8,0.37696616281746337,0.36998869161543785,1.6203007619037832,2984.7075117010663,3.5010119685321115,14.846761011078721,0.031562902001236195,1.75,0.0,1.75,0.0180359440007064,55.444838371688995
40,1.0,mixnet_attribution_oracle,9,0.36932162325863116,0.3707536495918243,1.6119241093298204,2944.2380375529983,3.5029772407433484,14.915995664702578,0.033745571600378846,1.75,0.0,1.75,0.019283183771645056,51.85865632160024
40,1.0,mixnet_attribution_oracle,10,0.3801076491547267,0.3730008937287619,1.609626119717816,2948.4793419755893,3.5019034108845517,15.06072271572771,0.03183822899349146,1.75,0.0,1.75,0.01819327371056655,54.965368845036714
40,1.0,mixnet_attribution_oracle,11,0.3828477020126164,0.37372156299015397,1.6070218878114326,2920.485355962752,3.504100589430891,14.880809966075745,0.03346316008943865,1.75,0.0,1.75,0.019121805765393515,52.29631616747157
40,1.0,mixnet_attribution_oracle,12,0.3748777735990974,0.3724173993487549,1.6122149829827648,2925.279654005265,3.502269001211971,14.900145082788393,0.0335874172292443,1.75,0.0,1.75,0.019192809845282457,52.10284518323394
40,1.0,mixnet_attribution_oracle,13,0.37265577737447064,0.36902744940848514,1.621031436110639,2941.3759074410164,3.5002305205271114,14.7885800881922,0.031881308901620095,1.75,0.0,1.75,0.018217890800925767,54.891096391311315
40,1.0,mixnet_attribution_oracle,14,0.37311868214152005,0.37069821036991396,1.6187122359325588,2912.6044926993636,3.5011401899100747,14.971693571755367,0.03428575222396779,1.75,0.0,1.75,0.01959185841369588,51.041610187471555
40,1.0,mixnet_attribution_oracle,15,0.37621654501216545,0.373671396816024,1.605971357482272,2956.672293187348,3.5005070130282547,14.730898342594857,0.031791463877684195,1.75,0.0,1.75,0.01816655078724811,55.04622268207035
40,1.0,mixnet_attribution_oracle,16,0.379127937731429,0.37367941130783033,1.608821467021163,2939.99266984055,3.5034400553267915,15.027343326108397,0.03091464581117688,1.75,0.0,1.75,0.017665511892101075,56.60747370967145
40,1.0,mixnet_attribution_oracle,17,0.3731046102006433,0.36910148192518183,1.620333959926827,2978.5303262367897,3.499385759292636,15.029425661500953,0.031549044327956126,1.75,0.0,1.75,0.018028025330260645,55.46919208735893
40,1.0,mixnet_attribution_oracle,18,0.3681503019458734,0.3724233847754472,1.6097517585858,2899.127637366734,3.5029358637111727,14.929181046973937,0.03635888337481857,1.75,0.0,1.75,0.02077650478561061,48.131291105931346
40,1.0,mixnet_attribution_oracle,19,0.37900786448880824,0.37126314530657534,1.6182650074064149,2940.770039322444,3.5029533724009525,14.905821107412391,0.03514695155952772,1.75,0.0,1.75,0.020083972319730126,49.7909469342187
40,1.0,mixnet_attribution_oracle,20,0.37613498789346245,0.37060012383699387,1.6187388958448898,2942.7321428571427,3.5001100504305214,14.899891784085462,0.030598850605467798,1.75,0.0,1.75,0.017485057488838742,57.19169071296055
40,1.0,mixnet_attribution_oracle,21,0.37626782582170365,0.3703951480301224,1.6194482824159186,2965.8013421795167,3.502690958615858,14.885399270852723,0.03411678258873872,1.75,0.0,1.75,0.019495304336422128,51.29440314156823
40,1.0,mixnet_attribution_oracle,22,0.37001209189842804,0.37030035396974015,1.616365547507538,2939.4355350665055,3.501295081950957,14.984443867114502,0.03607657170892861,1.75,0.0,1.75,0.020615183833673494,48.50793512530159
40,1.0,mixnet_attribution_oracle,23,0.37279272451686246,0.3693028054781801,1.622825390504757,2947.6034103827205,3.501612018299056,14.75435036851509,0.032415536835493225,1.75,0.0,1.75,0.018523163905996128,53.986457447277154
40,1.0,mixnet_attribution_oracle,24,0.3772751504074328,0.37143969983584946,1.6145484678155344,2962.15802299901,3.5020714044221677,14.854895026512468,0.03392565064439794,1.75,0.0,1.75,0.019386086082513108,51.58338798990649
40,1.0,mixnet_attribution_oracle,25,0.3730821813762722,0.368842257863373,1.6220110717882796,2954.192541394501,3.500325916829752,14.841146232515923,0.03270626152385457,1.75,0.0,1.75,0.018689292299345468,53.50657392388377
40,1.0,mixnet_attribution_oracle,26,0.38116084232772285,0.3716085078532332,1.6116960438037005,2935.537550003774,3.4998281537846196,14.941269323416172,0.033291611266892285,1.75,0.0,1.75,0.019023777866795592,52.56579460725391
40,1.0,mixnet_attribution_oracle,27,0.3678824253616497,0.37090301034055717,1.6146312478815101,2993.4283625730995,3.5014162440784276,14.853229146290595,0.03199551631724474,1.75,0.0,1.75,0.018283152181282708,54.69516361755963
40,1.0,mixnet_attribution_oracle,28,0.37913409500901984,0.3745179493466822,1.6044005608878158,2922.9046151533375,3.5026183091977146,15.00809840297469,0.033793759565778424,1.75,0.0,1.75,0.019310719751873383,51.78470884820268
40,1.0,mixnet_attribution_oracle,29,0.37984261501210653,0.3732134804290533,1.6064695623257121,2943.589815375303,3.5018622246279847,14.961577852136557,0.031696977601001784,1.75,0.0,1.75,0.018112558629143877,55.210311280426026
