p_s,shape,rep,stake_top1_hit,stake_top_jaccard,stake_confidence,bandwidth_overhead,latency,latency_overhead,eta,inv_eta,sigma_d,sigma_Z,sigma_eps,sigma_noise
0.01,1.3333333333333333,0,0.88,0.13708647647826339,0.004826666666666667,885.5583012894365,,,,,,,,
0.01,1.3333333333333333,1,0.96,0.1387853449456347,0.00508,887.4639183360626,,,,,,,,
0.01,1.3333333333333333,2,1.0,0.13956353479304337,0.0047866666666666665,886.1228497226276,,,,,,,,
0.01,1.3333333333333333,3,0.72,0.11224872710870726,0.005306666666666666,885.011740369669,,,,,,,,
0.01,1.3333333333333333,4,1.0,0.1362808462963846,0.0044933333333333336,886.7172407480305,,,,,,,,
0.01,1.3333333333333333,5,1.0,0.12532000888493675,0.004893333333333334,886.7354033321411,,,,,,,,
0.01,1.3333333333333333,6,1.0,0.1413816608844356,0.005266666666666667,886.2042548009465,,,,,,,,
0.01,1.3333333333333333,7,1.0,0.10880258260993118,0.004653333333333334,888.8288065883504,,,,,,,,
0.01,1.3333333333333333,8,0.52,0.1334055102919773,0.005026666666666666,885.6929517818996,,,,,,,,
0.01,1.3333333333333333,9,1.0,0.07356474722224816,0.003946666666666667,889.0882363935896,,,,,,,,
0.01,1.3333333333333333,10,1.0,0.16283404856862918,0.005813333333333333,885.105915520827,,,,,,,,
0.01,1.3333333333333333,11,1.0,0.13695367057409233,0.005413333333333333,882.6596254199907,,,,,,,,
0.01,1.3333333333333333,12,1.0,0.10348153887379309,0.004920000000000001,885.5137582173636,,,,,,,,
0.01,1.3333333333333333,13,0.94,0.10371731986429106,0.004853333333333334,882.7877808648024,,,,,,,,
0.01,1.3333333333333333,14,1.0,0.10944379594417565,0.00468,886.6335003631012,,,,,,,,
0.01,1.3333333333333333,15,1.0,0.1405781351111936,0.005013333333333333,885.9350844834806,,,,,,,,
0.01,1.3333333333333333,16,0.72,0.06833709948047516,0.005,886.1918239108671,,,,,,,,
0.01,1.3333333333333333,17,0.52,0.08802320266073989,0.0052,886.8260001092345,,,,,,,,
0.01,1.3333333333333333,18,0.48,0.10047705797457535,0.00536,885.776097428224,,,,,,,,
0.01,1.3333333333333333,19,0.64,0.11249416147132135,0.005173333333333333,886.3481701477872,,,,,,,,
0.01,1.3333333333333333,20,1.0,0.13031277831975469,0.005946666666666667,885.635499393585,,,,,,,,
0.01,1.3333333333333333,21,0.96,0.12419561940094682,0.004933333333333334,887.4991885504423,,,,,,,,
0.01,1.3333333333333333,22,1.0,0.0725115819852662,0.004706666666666667,885.3610567929244,,,,,,,,
0.01,1.3333333333333333,23,0.92,0.10363933373993063,0.00452,887.0413013842901,,,,,,,,
0.01,1.3333333333333333,24,0.8,0.14072793306089643,0.0051333333333333335,886.6794279939454,,,,,,,,
0.01,1.3333333333333333,25,0.36,0.1269391479158405,0.00548,885.9837919844135,,,,,,,,
0.01,1.3333333333333333,26,0.6,0.05946605358029886,0.0047866666666666665,888.1877983938076,,,,,,,,
0.01,1.3333333333333333,27,0.92,0.12534655626775495,0.004640000000000001,886.6349029598231,,,,,,,,
0.01,1.3333333333333333,28,1.0,0.11427159971934783,0.005520000000000001,887.7077881234388,,,,,,,,
0.01,1.3333333333333333,29,1.0,0.1314254658189968,0.004853333333333333,883.8627750438205,,,,,,,,
0.01,1.3333333333333333,30,0.92,0.15408724974794422,0.004693333333333333,886.9773334915984,,,,,,,,
0.01,1.3333333333333333,31,0.66,0.09881753139774574,0.0054533333333333335,882.8887929737664,,,,,,,,
0.01,1.3333333333333333,32,1.0,0.11512376881966226,0.0048400000000000006,885.8163338628488,,,,,,,,
0.01,1.3333333333333333,33,1.0,0.11234635385578783,0.004786666666666667,886.8775744432859,,,,,,,,
0.01,1.3333333333333333,34,1.0,0.08539025364899419,0.005333333333333333,885.8240025024487,,,,,,,,
0.01,1.3333333333333333,35,0.64,0.106104486215474,0.00488,885.9718278627447,,,,,,,,
0.01,1.3333333333333333,36,0.88,0.11604035507300886,0.004946666666666668,884.4048322046233,,,,,,,,
0.01,1.3333333333333333,37,1.0,0.12605598126130865,0.004866666666666667,886.4979958593318,,,,,,,,
0.01,1.3333333333333333,38,1.0,0.127199759421735,0.004866666666666667,884.0058447745995,,,,,,,,
0.01,1.3333333333333333,39,0.64,0.1485934768154524,0.005026666666666667,882.5810558550835,,,,,,,,
0.01,1.3333333333333333,40,1.0,0.0995890914519339,0.005106666666666666,886.1728946174364,,,,,,,,
0.01,1.3333333333333333,41,1.0,0.06437521120875571,0.00448,887.329702209408,,,,,,,,
0.01,1.3333333333333333,42,1.0,0.16185487687414288,0.00484,885.2925436712704,,,,,,,,
0.01,1.3333333333333333,43,1.0,0.08767418832960044,0.00428,885.4182992122596,,,,,,,,
0.01,1.3333333333333333,44,0.68,0.10771020569022788,0.005199999999999999,884.4459939466615,,,,,,,,
0.01,1.3333333333333333,45,1.0,0.1144039016847008,0.00504,887.8839145619386,,,,,,,,
0.01,1.3333333333333333,46,0.86,0.15807202290482944,0.004773333333333334,885.768871658455,,,,,,,,
0.01,1.3333333333333333,47,1.0,0.10933139372651027,0.004653333333333333,886.8997549862768,,,,,,,,
0.01,1.3333333333333333,48,1.0,0.027569068785347352,0.00104,897.5573105488772,,,,,,,,
0.01,1.3333333333333333,49,0.96,0.10159123186916867,0.005373333333333334,886.8900833578965,,,,,,,,
0.01,1.3333333333333333,50,0.24,0.08141775501329616,0.0051466666666666674,887.0522128353431,,,,,,,,
0.01,1.3333333333333333,51,1.0,0.08706881668974605,0.004946666666666666,886.8721022815281,,,,,,,,
0.01,1.3333333333333333,52,0.28,0.18000312451818887,0.0058,887.6472490651206,,,,,,,,
0.01,1.3333333333333333,53,0.6,0.10615024518289896,0.005333333333333334,885.951316204432,,,,,,,,
0.01,1.3333333333333333,54,1.0,0.12335338850322203,0.0054800000000000005,885.7376258793256,,,,,,,,
0.01,1.3333333333333333,55,1.0,0.1502401320470133,0.004733333333333333,886.8650559246818,,,,,,,,
0.01,1.3333333333333333,56,1.0,0.06668248468611444,0.003493333333333333,892.2503289875608,,,,,,,,
0.01,1.3333333333333333,57,0.48,0.1709770702141084,0.005026666666666666,886.9981601226235,,,,,,,,
0.01,1.3333333333333333,58,1.0,0.07336847866793421,0.004973333333333333,886.6792265854863,,,,,,,,
0.01,1.3333333333333333,59,1.0,0.1670063841695362,0.004693333333333334,886.8113258082733,,,,,,,,
0.01,1.3333333333333333,60,0.68,0.09383236205480495,0.005279999999999999,889.0456730716594,,,,,,,,
0.01,1.3333333333333333,61,1.0,0.12256074847908482,0.005066666666666667,886.5794759142792,,,,,,,,
0.01,1.3333333333333333,62,0.92,0.1292934149338145,0.004533333333333334,888.336430822566,,,,,,,,
0.01,1.3333333333333333,63,0.76,0.11498417724832817,0.00508,885.179131905525,,,,,,,,
0.01,1.3333333333333333,64,1.0,0.1014479343634084,0.004973333333333333,884.5457837268585,,,,,,,,
0.01,1.3333333333333333,65,0.68,0.10802104918466854,0.004373333333333333,888.1169933046524,,,,,,,,
0.01,1.3333333333333333,66,1.0,0.16618028653164213,0.004826666666666667,883.8991560378663,,,,,,,,
0.01,1.3333333333333333,67,0.88,0.1086818263160339,0.004733333333333333,888.7498605065776,,,,,,,,
0.01,1.3333333333333333,68,1.0,0.13392374128698847,0.004666666666666666,884.127840820789,,,,,,,,
0.01,1.3333333333333333,69,1.0,0.10462619401225629,0.004706666666666666,888.487383724621,,,,,,,,
0.01,1.3333333333333333,70,1.0,0.051388502604473564,0.0031999999999999997,888.5629796296358,,,,,,,,
0.01,1.3333333333333333,71,1.0,0.0945827228051657,0.00504,885.5703703325031,,,,,,,,
0.01,1.3333333333333333,72,1.0,0.1177116005218114,0.004866666666666667,884.1608571420609,,,,,,,,
0.01,1.3333333333333333,73,0.64,0.11595026751519535,0.00508,885.9920335294946,,,,,,,,
0.01,1.3333333333333333,74,1.0,0.03751093103887714,0.00116,893.7229722290825,,,,,,,,
0.01,1.3333333333333333,75,0.48,0.1263300943370707,0.00512,882.5991634521955,,,,,,,,
0.01,1.3333333333333333,76,0.96,0.10701426345914927,0.005506666666666667,884.8045924660987,,,,,,,,
0.01,1.3333333333333333,77,1.0,0.10174479608441872,0.0044666666666666665,886.8549301918155,,,,,,,,
0.01,1.3333333333333333,78,0.68,0.08452281919665408,0.005346666666666666,887.4974035994363,,,,,,,,
0.01,1.3333333333333333,79,1.0,0.031901495410062264,0.0019066666666666668,894.0920464968278,,,,,,,,
0.01,1.3333333333333333,80,0.72,0.11110065301898936,0.005226666666666666,887.451072892658,,,,,,,,
0.01,1.3333333333333333,81,0.48,0.18673254449130627,0.004986666666666667,889.6327010597468,,,,,,,,
0.01,1.3333333333333333,82,1.0,0.12109286101738931,0.005013333333333333,886.58351724048,,,,,,,,
0.01,1.3333333333333333,83,1.0,0.09223254405804143,0.004760000000000001,885.3747044127642,,,,,,,,
0.01,1.3333333333333333,84,0.12,0.14246388215311634,0.0054,886.3655850659839,,,,,,,,
0.01,1.3333333333333333,85,1.0,0.08056538301650105,0.005173333333333333,885.2149165026012,,,,,,,,
0.01,1.3333333333333333,86,0.8,0.10786140613934295,0.004906666666666667,886.8242048579132,,,,,,,,
0.01,1.3333333333333333,87,1.0,0.09896585724379403,0.005013333333333333,885.1270663084407,,,,,,,,
0.01,1.3333333333333333,88,0.56,0.11582451091885053,0.00472,887.3793638192395,,,,,,,,
0.01,1.3333333333333333,89,0.68,0.08774420350801504,0.005106666666666667,886.2656908483556,,,,,,,,
0.01,1.3333333333333333,90,0.76,0.13310350273724303,0.005173333333333333,884.4348014875012,,,,,,,,
0.01,1.3333333333333333,91,0.28,0.14633889476096548,0.0055200000000000015,885.5267088608526,,,,,,,,
0.01,1.3333333333333333,92,0.92,0.08017480282278942,0.005253333333333335,885.9152306264834,,,,,,,,
0.01,1.3333333333333333,93,0.92,0.0931729268314752,0.0054933333333333344,884.1766702774406,,,,,,,,
0.01,1.3333333333333333,94,1.0,0.12223520350981065,0.004666666666666667,887.336168981517,,,,,,,,
0.01,1.3333333333333333,95,1.0,0.17372096434122755,0.005053333333333333,887.5123131840006,,,,,,,,
0.01,1.3333333333333333,96,0.44,0.1184711428662594,0.005226666666666668,886.3147351959356,,,,,,,,
0.01,1.3333333333333333,97,1.0,0.1235223935024157,0.004946666666666666,886.7493890243708,,,,,,,,
0.01,1.3333333333333333,98,1.0,0.1339305269541515,0.005093333333333333,886.5973110254936,,,,,,,,
0.01,1.3333333333333333,99,1.0,0.09794846335886641,0.004719999999999999,883.9836965349828,,,,,,,,
0.01,1.3333333333333333,100,0.44,0.13228808159583488,0.005013333333333333,885.8276635681576,,,,,,,,
0.01,1.3333333333333333,101,0.96,0.17212378816826424,0.004613333333333333,885.5204201620861,,,,,,,,
0.01,1.3333333333333333,102,0.96,0.18447313903790832,0.005960000000000001,884.8357784003717,,,,,,,,
0.01,1.3333333333333333,103,0.88,0.1369446562809493,0.004746666666666666,885.3737848926744,,,,,,,,
0.01,1.3333333333333333,104,1.0,0.13859637957307216,0.005066666666666667,886.5656995046379,,,,,,,,
0.01,1.3333333333333333,105,0.92,0.12258121703182746,0.0051333333333333335,886.1073500782787,,,,,,,,
0.01,1.3333333333333333,106,0.48,0.12033188300493634,0.005386666666666667,884.1701064013093,,,,,,,,
0.01,1.3333333333333333,107,1.0,0.10194389302631608,0.0054666666666666665,884.4405982109995,,,,,,,,
0.01,1.3333333333333333,108,0.68,0.10303360236417074,0.004546666666666667,884.5287898762128,,,,,,,,
0.01,1.3333333333333333,109,1.0,0.14373218740810306,0.005613333333333334,889.7549626670946,,,,,,,,
0.01,1.3333333333333333,110,1.0,0.14420579909845804,0.00508,883.3356982235737,,,,,,,,
0.01,1.3333333333333333,111,0.98,0.0920909477811166,0.005533333333333334,886.4396335902909,,,,,,,,
0.01,1.3333333333333333,112,0.96,0.11823985368760181,0.005186666666666666,884.7598103393786,,,,,,,,
0.01,1.3333333333333333,113,1.0,0.0900526717864179,0.005373333333333333,888.5785233049127,,,,,,,,
0.01,1.3333333333333333,114,1.0,0.0962761006338721,0.004586666666666667,888.0112631657784,,,,,,,,
0.01,1.3333333333333333,115,0.84,0.08195815439112362,0.004906666666666667,886.0478029815088,,,,,,,,
0.01,1.3333333333333333,116,0.88,0.09528160231415055,0.0052,886.657411573028,,,,,,,,
0.01,1.3333333333333333,117,0.56,0.12798241960284135,0.005053333333333334,886.0744151922913,,,,,,,,
0.01,1.3333333333333333,118,1.0,0.11434115520685997,0.00464,885.8936199380545,,,,,,,,
0.01,1.3333333333333333,119,1.0,0.11949696505570095,0.004826666666666667,886.261890210064,,,,,,,,
0.01,3.0,0,0.0,0.011595558153126826,0.006173333333333333,887.2716667297387,,,,,,,,
0.01,3.0,1,0.0,0.005447106954997077,0.00592,884.5002457958378,,,,,,,,
0.01,3.0,2,0.0,0.010894213909994154,0.005960000000000001,886.3084395697641,,,,,,,,
0.01,3.0,3,0.0,0.007504383401519579,0.005866666666666667,886.2612254441783,,,,,,,,
0.01,3.0,4,0.0,0.011620166723061305,0.006186666666666667,886.4450179169341,,,,,,,,
0.01,3.0,5,0.0,0.007457627118644068,0.006373333333333333,886.3592293272823,,,,,,,,
0.01,3.0,6,0.0,0.006148451198129749,0.005853333333333334,886.7759097195161,,,,,,,,
0.01,3.0,7,0.0,0.006779661016949152,0.006000000000000001,884.6818167594072,,,,,,,,
0.01,3.0,8,0.0,0.0068744040111969,0.006346666666666667,884.4043589925484,,,,,,,,
0.01,3.0,9,0.0,0.007481005260081823,0.005960000000000001,887.7456510877541,,,,,,,,
0.01,3.0,10,0.0,0.008908302316281645,0.0058000000000000005,885.3347301224137,,,,,,,,
0.01,3.0,11,0.0,0.008205727644652251,0.005986666666666667,886.0622199781506,,,,,,,,
0.01,3.0,12,0.0,0.008206958073148973,0.006280000000000001,885.8507358853035,,,,,,,,
0.01,3.0,13,0.0,0.013677443169583808,0.005613333333333334,886.4843556162153,,,,,,,,
0.01,3.0,14,0.0,0.00886031560490941,0.005840000000000001,885.4899723346895,,,,,,,,
0.01,3.0,15,0.0,0.0089316804577194,0.005866666666666668,885.4725564988723,,,,,,,,
0.01,3.0,16,0.0,0.01512688793872466,0.005586666666666667,885.2735303491158,,,,,,,,
0.01,3.0,17,0.0,0.014354178842781999,0.006066666666666667,887.0274009436455,,,,,,,,
0.01,3.0,18,0.0,0.011572180011689071,0.006293333333333334,885.3805389724881,,,,,,,,
0.01,3.0,19,0.0,0.0047457627118644066,0.00616,885.7673408341357,,,,,,,,
0.01,3.0,20,0.52,0.019849272509151313,0.00636,884.3786897066591,,,,,,,,
0.01,3.0,21,0.0,0.006101694915254237,0.005773333333333333,887.9874813365341,,,,,,,,
0.01,3.0,22,0.0,0.006125073056691993,0.006013333333333334,883.987970648147,,,,,,,,
0.01,3.0,23,0.0,0.012250146113383986,0.005986666666666667,883.3416217555787,,,,,,,,
0.01,3.0,24,0.0,0.008884924174843888,0.005520000000000001,885.7484043164471,,,,,,,,
0.01,3.0,25,0.0,0.014378787412716478,0.0062,886.0910250060962,,,,,,,,
0.01,3.0,26,0.0,0.007504383401519579,0.006,887.5801325891839,,,,,,,,
0.01,3.0,27,0.0,0.01236826724906949,0.006653333333333333,887.3488094162651,,,,,,,,
0.01,3.0,28,0.0,0.011666923005936818,0.006106666666666666,883.2322965614989,,,,,,,,
0.01,3.0,29,0.0,0.01021624780829924,0.006333333333333333,887.3999902111203,,,,,,,,
0.01,3.0,30,0.0,0.010335599372481465,0.005866666666666668,885.6349948360428,,,,,,,,
0.01,3.0,31,0.0,0.006779661016949152,0.006386666666666667,884.7601164399282,,,,,,,,
0.01,3.0,32,0.0,0.01096434833430742,0.005533333333333334,884.3823376618096,,,,,,,,
0.01,3.0,33,0.0,0.0061016949152542365,0.00616,885.3260609792576,,,,,,,,
0.01,3.0,34,0.0,0.007481005260081823,0.006146666666666667,888.4576810334047,,,,,,,,
0.01,3.0,35,0.0,0.009634255129348795,0.006079999999999999,886.9864732697008,,,,,,,,
0.01,3.0,36,0.0,0.0047457627118644066,0.005986666666666667,887.4986114910523,,,,,,,,
0.01,3.0,37,0.0,0.009491525423728813,0.005826666666666667,888.860819097733,,,,,,,,
0.01,3.0,38,0.0,0.00820572764465225,0.006066666666666667,886.7550995866524,,,,,,,,
0.01,3.0,39,0.0,0.00886031560490941,0.006,883.3116524240238,,,,,,,,
0.01,3.0,40,0.0,0.008883693746347166,0.005973333333333334,884.9847236702242,,,,,,,,
0.01,3.0,41,0.04,0.015103509797286904,0.006146666666666667,884.1291149810588,,,,,,,,
0.01,3.0,42,0.0,0.011740836603490023,0.005546666666666667,885.1429962544971,,,,,,,,
0.01,3.0,43,0.0,0.009561659848042081,0.005373333333333333,885.7324090017821,,,,,,,,
0.01,3.0,44,0.0,0.008230336214586728,0.005693333333333333,884.4552089965296,,,,,,,,
0.01,3.0,45,0.0,0.00820572764465225,0.0058,886.5555593696716,,,,,,,,
0.01,3.0,46,0.04,0.018663227326059156,0.00604,885.1345551363011,,,,,,,,
0.01,3.0,47,0.0,0.008230336214586728,0.00584,885.4405893848841,,,,,,,,
0.01,3.0,48,0.0,0.008979667169091637,0.006386666666666667,883.8127177039764,,,,,,,,
0.01,3.0,49,0.0,0.010894213909994154,0.0062,888.2285966156597,,,,,,,,
0.01,3.0,50,0.0,0.010965578762804146,0.006013333333333332,884.1275330364911,,,,,,,,
0.01,3.0,51,0.0,0.006849795441262419,0.006013333333333334,883.9400857138961,,,,,,,,
0.01,3.0,52,0.0,0.011740836603490023,0.005906666666666667,884.0337785837477,,,,,,,,
0.01,3.0,53,0.0,0.006826417299824664,0.0060933333333333325,884.0206710973533,,,,,,,,
0.01,3.0,54,0.0,0.006897782152634655,0.005560000000000001,884.0348678473572,,,,,,,,
0.01,3.0,55,0.0,0.006851025869759144,0.0065066666666666675,887.1745196604259,,,,,,,,
0.01,3.0,56,0.0,0.00886031560490941,0.0054533333333333335,885.0159959479078,,,,,,,,
0.01,3.0,57,0.0,0.009609646559414315,0.005960000000000001,885.5390530324096,,,,,,,,
0.01,3.0,58,0.0,0.009609646559414315,0.006160000000000001,886.5773366517288,,,,,,,,
0.01,3.0,59,0.0,0.01021624780829924,0.005386666666666666,886.1143935839187,,,,,,,,
0.01,3.0,60,0.0,0.010286382232612508,0.0064,888.6911946898618,,,,,,,,
0.01,3.0,61,0.0,0.009538281706604326,0.005893333333333334,884.7511861110513,,,,,,,,
0.01,3.0,62,0.0,0.01021624780829924,0.006466666666666665,884.9959885427066,,,,,,,,
0.01,3.0,63,0.0,0.01164354486449906,0.006693333333333333,885.5910823241495,,,,,,,,
0.01,3.0,64,0.0,0.009585037989479836,0.006026666666666665,886.3018467435885,,,,,,,,
0.01,3.0,65,0.0,0.013724199452459318,0.005906666666666667,887.7848618475654,,,,,,,,
0.01,3.0,66,0.0,0.01021624780829924,0.006306666666666667,884.9154317888008,,,,,,,,
0.01,3.0,67,0.0,0.010988956904241903,0.006186666666666667,887.2893128788419,,,,,,,,
0.01,3.0,68,0.0,0.008836937463471653,0.006146666666666666,887.4835976439598,,,,,,,,
0.01,3.0,69,0.04,0.014429322868831926,0.006653333333333333,886.9747484093906,,,,,,,,
0.01,3.0,70,0.0,0.015733489187609587,0.0064800000000000005,884.4004812203488,,,,,,,,
0.01,3.0,71,0.0,0.008883693746347166,0.005973333333333334,886.8346365453044,,,,,,,,
0.01,3.0,72,0.0,0.010940970192869668,0.00548,887.1100310276673,,,,,,,,
0.01,3.0,73,0.0,0.009538281706604326,0.006266666666666667,886.1883071217255,,,,,,,,
0.01,3.0,74,0.0,0.005470485096434834,0.006439999999999999,886.1338758580952,,,,,,,,
0.01,3.0,75,0.0,0.01658011188110545,0.006666666666666666,885.4976202834206,,,,,,,,
0.01,3.0,76,0.0,0.007504383401519579,0.0058133333333333335,884.1922158112208,,,,,,,,
0.01,3.0,77,0.0,0.010965578762804145,0.005946666666666667,886.4290971322146,,,,,,,,
0.01,3.0,78,0.28,0.022655879910178717,0.006040000000000001,885.4390534239735,,,,,,,,
0.01,3.0,79,0.0,0.01024085637823372,0.00632,885.0620517702728,,,,,,,,
0.01,3.0,80,0.0,0.010917592051431913,0.00592,885.7484755612466,,,,,,,,
0.01,3.0,81,0.0,0.00958626841797656,0.00604,882.7505106778997,,,,,,,,
0.01,3.0,82,0.0,0.00886031560490941,0.006146666666666667,885.435201821153,,,,,,,,
0.01,3.0,83,0.0,0.01234365867913501,0.006533333333333333,885.6522897847284,,,,,,,,
0.01,3.0,84,0.0,0.010335599372481468,0.005680000000000001,886.7339645540167,,,,,,,,
0.01,3.0,85,0.0,0.016530806853486724,0.006519999999999999,885.6651031762299,,,,,,,,
0.01,3.0,86,0.0,0.017815374204066564,0.006559999999999999,886.3429446526745,,,,,,,,
0.01,3.0,87,0.0,0.00815897136177674,0.0060933333333333325,884.7166971986403,,,,,,,,
0.01,3.0,88,0.0,0.012296902396259498,0.005986666666666667,885.6939038241256,,,,,,,,
0.01,3.0,89,0.04,0.010940970192869666,0.005680000000000001,886.1352750215705,,,,,,,,
0.01,3.0,90,0.0,0.0068497954412624195,0.006373333333333333,886.8364984751939,,,,,,,,
0.01,3.0,91,0.0,0.013652834599649326,0.0058133333333333335,885.2905529395919,,,,,,,,
0.01,3.0,92,0.0,0.00820572764465225,0.006373333333333333,886.7029185942573,,,,,,,,
0.01,3.0,93,0.0,0.00956165984804208,0.0054,887.8001565774073,,,,,,,,
0.01,3.0,94,0.0,0.010894213909994154,0.0057599999999999995,882.5004096917327,,,,,,,,
0.01,3.0,95,0.0,0.008883693746347166,0.005533333333333334,887.0872847701395,,,,,,,,
0.01,3.0,96,0.04,0.012273524254821741,0.005733333333333333,883.8204105653481,,,,,,,,
0.01,3.0,97,0.0,0.010942200621366392,0.005906666666666667,888.6302313301078,,,,,,,,
0.01,3.0,98,0.0,0.005470485096434833,0.005506666666666667,883.8332026925531,,,,,,,,
0.01,3.0,99,0.0,0.014402165554154234,0.005639999999999999,884.9355651245066,,,,,,,,
0.01,3.0,100,0.0,0.01021624780829924,0.0061066666666666665,884.7321360685507,,,,,,,,
0.01,3.0,101,0.0,0.013699590882524837,0.006093333333333334,885.6059447350578,,,,,,,,
0.01,3.0,102,0.04,0.01505552308591467,0.006159999999999999,887.8349493992595,,,,,,,,
0.01,3.0,103,0.0,0.010940970192869668,0.005946666666666666,885.2998219732629,,,,,,,,
0.01,3.0,104,0.0,0.008908302316281645,0.00596,883.7527155695426,,,,,,,,
0.01,3.0,105,0.0,0.007481005260081823,0.006133333333333334,884.4276848548344,,,,,,,,
0.01,3.0,106,0.0,0.006803039158386908,0.006386666666666666,883.7552022924917,,,,,,,,
0.01,3.0,107,0.0,0.01026300409117475,0.005706666666666668,885.6992557042947,,,,,,,,
0.01,3.0,108,0.0,0.008182349503214495,0.005919999999999998,884.0566271681196,,,,,,,,
0.01,3.0,109,0.0,0.007481005260081825,0.0062,885.1986142958574,,,,,,,,
0.01,3.0,110,0.0,0.00823033621458673,0.005866666666666667,886.7544738660857,,,,,,,,
0.01,3.0,111,0.0,0.00951490356516657,0.006546666666666666,887.6817224442104,,,,,,,,
0.01,3.0,112,0.0,0.007481005260081823,0.005880000000000001,884.5831544480384,,,,,,,,
0.01,3.0,113,0.04,0.00886031560490941,0.006,887.7200765315248,,,,,,,,
0.01,3.0,114,0.0,0.012392875819003968,0.005919999999999998,888.3110704103917,,,,,,,,
0.01,3.0,115,0.0,0.012392875819003968,0.005866666666666667,885.5601919804996,,,,,,,,
0.01,3.0,116,0.0,0.009561659848042081,0.005573333333333334,889.2480916691003,,,,,,,,
0.01,3.0,117,0.0,0.010918822479928637,0.005826666666666667,886.9247650475503,,,,,,,,
0.01,3.0,118,0.04,0.008836937463471653,0.006106666666666666,885.4915718826431,,,,,,,,
0.01,3.0,119,0.0,0.008182349503214495,0.005933333333333334,888.9522463863884,,,,,,,,
0.025,1.3333333333333333,0,0.24,0.03622882454529075,0.0038666666666666667,2213.7315612702614,,,,,,,,
0.025,1.3333333333333333,1,0.32,0.0781704603120211,0.0031466666666666665,2214.6516591531204,,,,,,,,
0.025,1.3333333333333333,2,1.0,0.08423331054910001,0.0035333333333333328,2215.10142250371,,,,,,,,
0.025,1.3333333333333333,3,1.0,0.056055533872138505,0.0030933333333333334,2204.562125595094,,,,,,,,
0.025,1.3333333333333333,4,0.28,0.054007886016868144,0.0030133333333333336,2211.395977720098,,,,,,,,
0.025,1.3333333333333333,5,1.0,0.07200315312837999,0.0030133333333333336,2209.964650623028,,,,,,,,
0.025,1.3333333333333333,6,1.0,0.07661201875357956,0.00384,2216.6649580179637,,,,,,,,
0.025,1.3333333333333333,7,1.0,0.04272364935504373,0.0031866666666666666,2213.145464526011,,,,,,,,
0.025,1.3333333333333333,8,1.0,0.057376294996031064,0.00336,2212.2791055906837,,,,,,,,
0.025,1.3333333333333333,9,0.32,0.03853773160918874,0.0034000000000000002,2218.5200532223193,,,,,,,,
0.025,1.3333333333333333,10,1.0,0.06879837160867029,0.0031466666666666665,2209.7230274157446,,,,,,,,
0.025,1.3333333333333333,11,1.0,0.05752333753292558,0.0037733333333333334,2211.6268028858417,,,,,,,,
0.025,1.3333333333333333,12,0.92,0.06958792952492229,0.003306666666666666,2212.312101138107,,,,,,,,
0.025,1.3333333333333333,13,0.6,0.09669047977290282,0.0030533333333333332,2218.2643650408495,,,,,,,,
0.025,1.3333333333333333,14,0.16,0.03768864805869943,0.0033066666666666674,2221.9643781711698,,,,,,,,
0.025,1.3333333333333333,15,1.0,0.0922997426274487,0.003666666666666667,2214.2337198250602,,,,,,,,
0.025,1.3333333333333333,16,1.0,0.08103451882995082,0.002973333333333333,2210.5169177447087,,,,,,,,
0.025,1.3333333333333333,17,1.0,0.13466403986936729,0.003666666666666667,2211.478639655034,,,,,,,,
0.025,1.3333333333333333,18,0.84,0.08348610233416588,0.003106666666666667,2214.920011895176,,,,,,,,
0.025,1.3333333333333333,19,0.92,0.10039199683688263,0.0034133333333333333,2213.975936542725,,,,,,,,
0.025,1.3333333333333333,20,1.0,0.04061961662564572,0.0028666666666666667,2214.983132774513,,,,,,,,
0.025,1.3333333333333333,21,0.5,0.06273148911987386,0.003,2210.7312628305003,,,,,,,,
0.025,1.3333333333333333,22,1.0,0.06877669618141487,0.0026,2215.703082527767,,,,,,,,
0.025,1.3333333333333333,23,0.68,0.08005375540870484,0.0031733333333333336,2212.918140029505,,,,,,,,
0.025,1.3333333333333333,24,0.36,0.06223219372142428,0.0032666666666666664,2214.6899198595197,,,,,,,,
0.025,1.3333333333333333,25,1.0,0.055359654649082185,0.0034400000000000003,2209.9829370498064,,,,,,,,
0.025,1.3333333333333333,26,1.0,0.03625853060471166,0.003,2211.9158872852154,,,,,,,,
0.025,1.3333333333333333,27,0.36,0.08241247459715263,0.00328,2216.442034047277,,,,,,,,
0.025,1.3333333333333333,28,0.48,0.10450334965318316,0.0034800000000000005,2210.98572135319,,,,,,,,
0.025,1.3333333333333333,29,0.64,0.06805074336834772,0.0034133333333333333,2210.8585348237843,,,,,,,,
0.025,1.3333333333333333,30,1.0,0.09100184493260548,0.0032133333333333337,2216.3229237007863,,,,,,,,
0.025,1.3333333333333333,31,0.88,0.07248477474886765,0.003133333333333333,2216.5204878091345,,,,,,,,
0.025,1.3333333333333333,32,1.0,0.04119254887657484,0.0030533333333333332,2215.7382384446914,,,,,,,,
0.025,1.3333333333333333,33,0.0,0.031268967274996375,0.0036266666666666665,2209.7135554338297,,,,,,,,
0.025,1.3333333333333333,34,0.4,0.06933697881066302,0.0030666666666666663,2220.2935114032125,,,,,,,,
0.025,1.3333333333333333,35,0.16,0.060490445602875996,0.0031733333333333336,2210.7950558099747,,,,,,,,
0.025,1.3333333333333333,36,0.16,0.05104523702327387,0.0032,2222.5845647601072,,,,,,,,
0.025,1.3333333333333333,37,0.64,0.06566493919668105,0.0033333333333333335,2216.4612051758113,,,,,,,,
0.025,1.3333333333333333,38,0.48,0.046514736267727744,0.0033733333333333337,2213.2500718052256,,,,,,,,
0.025,1.3333333333333333,39,1.0,0.06788952527609514,0.0034133333333333333,2225.1306621850863,,,,,,,,
0.025,1.3333333333333333,40,0.04,0.053348862832390466,0.0031066666666666664,2210.672415098072,,,,,,,,
0.025,1.3333333333333333,41,0.24,0.037912849708352486,0.0034800000000000005,2214.301957175951,,,,,,,,
0.025,1.3333333333333333,42,0.6,0.08523210889642943,0.003173333333333333,2215.0495093252885,,,,,,,,
0.025,1.3333333333333333,43,0.28,0.057211349220331345,0.003293333333333334,2216.2114770084772,,,,,,,,
0.025,1.3333333333333333,44,0.16,0.05921779571056374,0.0033599999999999997,2211.93631633927,,,,,,,,
0.025,1.3333333333333333,45,1.0,0.08281341748725236,0.0036400000000000004,2211.736467301041,,,,,,,,
0.025,1.3333333333333333,46,1.0,0.06734626534989512,0.0031333333333333335,2212.265785520961,,,,,,,,
0.025,1.3333333333333333,47,0.04,0.04237557480474826,0.0032133333333333332,2216.2370570839303,,,,,,,,
0.025,1.3333333333333333,48,1.0,0.07364870943644194,0.003066666666666667,2216.0926738475973,,,,,,,,
0.025,1.3333333333333333,49,0.52,0.06950580152990864,0.0031333333333333335,2210.872902127973,,,,,,,,
0.025,1.3333333333333333,50,1.0,0.04713122000580858,0.0031333333333333335,2208.971285439283,,,,,,,,
0.025,1.3333333333333333,51,1.0,0.07783094098883572,0.0035066666666666666,2217.0458953733682,,,,,,,,
0.025,1.3333333333333333,52,1.0,0.09688649869384726,0.0031333333333333335,2217.6749575555873,,,,,,,,
0.025,1.3333333333333333,53,0.7,0.0675003592761752,0.0035199999999999997,2217.7021872748783,,,,,,,,
0.025,1.3333333333333333,54,0.72,0.09308211594209607,0.00316,2219.051035489892,,,,,,,,
0.025,1.3333333333333333,55,0.5,0.07847629381886657,0.0029200000000000003,2209.726373669515,,,,,,,,
0.025,1.3333333333333333,56,0.48,0.032749348532054856,0.0033466666666666666,2207.717310652146,,,,,,,,
0.025,1.3333333333333333,57,0.92,0.07738632775033144,0.00316,2216.6437114439045,,,,,,,,
0.025,1.3333333333333333,58,0.88,0.09791143866615565,0.0029200000000000003,2209.004771343796,,,,,,,,
0.025,1.3333333333333333,59,0.24,0.0545997611850145,0.00332,2213.6920283898125,,,,,,,,
0.025,1.3333333333333333,60,1.0,0.10009335473089197,0.0035066666666666666,2213.5815921586686,,,,,,,,
0.025,1.3333333333333333,61,1.0,0.05849382153728642,0.00272,2211.3623336789515,,,,,,,,
0.025,1.3333333333333333,62,0.52,0.0711587827377301,0.0033199999999999996,2214.3225561929153,,,,,,,,
0.025,1.3333333333333333,63,1.0,0.05331607448744242,0.0033199999999999996,2214.8920978683936,,,,,,,,
0.025,1.3333333333333333,64,0.64,0.06511533957718091,0.0033866666666666667,2209.9433882432654,,,,,,,,
0.025,1.3333333333333333,65,0.48,0.07420268699483686,0.00288,2217.6417819758194,,,,,,,,
0.025,1.3333333333333333,66,1.0,0.1154564513055079,0.00384,2211.097926513787,,,,,,,,
0.025,1.3333333333333333,67,0.4,0.05234940334205152,0.003133333333333333,2212.0673566722753,,,,,,,,
0.025,1.3333333333333333,68,1.0,0.05987669437483335,0.002986666666666667,2216.9396975015893,,,,,,,,
0.025,1.3333333333333333,69,0.12,0.045240932059351584,0.0031600000000000005,2212.0517434097296,,,,,,,,
0.025,1.3333333333333333,70,0.96,0.0643508032714621,0.0031999999999999997,2211.5250866618117,,,,,,,,
0.025,1.3333333333333333,71,1.0,0.0899300677254997,0.0032666666666666664,2214.5533480249933,,,,,,,,
0.025,1.3333333333333333,72,1.0,0.07880480661838742,0.0023866666666666667,2218.776652667886,,,,,,,,
0.025,1.3333333333333333,73,0.88,0.08916583491149764,0.003293333333333333,2220.8158167279507,,,,,,,,
0.025,1.3333333333333333,74,0.56,0.07063227657376042,0.00312,2211.3989703171696,,,,,,,,
0.025,1.3333333333333333,75,0.44,0.08047868829226909,0.003586666666666667,2215.0082509918198,,,,,,,,
0.025,1.3333333333333333,76,1.0,0.10054346092666087,0.003186666666666667,2221.5851190515623,,,,,,,,
0.025,1.3333333333333333,77,1.0,0.04864064505702206,0.0034799999999999996,2224.6524551441103,,,,,,,,
0.025,1.3333333333333333,78,0.08,0.03638448173992177,0.003253333333333333,2212.573149815922,,,,,,,,
0.025,1.3333333333333333,79,0.96,0.05821151625144366,0.0030133333333333336,2215.833769942261,,,,,,,,
0.025,1.3333333333333333,80,0.92,0.06275741600605483,0.0031333333333333335,2215.4272136232285,,,,,,,,
0.025,1.3333333333333333,81,1.0,0.10643374759736698,0.003533333333333334,2214.4677598461185,,,,,,,,
0.025,1.3333333333333333,82,0.44,0.03556000675936693,0.0032400000000000003,2215.9414535530923,,,,,,,,
0.025,1.3333333333333333,83,1.0,0.07493756275114355,0.002853333333333333,2213.9655869700355,,,,,,,,
0.025,1.3333333333333333,84,0.08,0.052691288464151366,0.0032,2210.708237528502,,,,,,,,
0.025,1.3333333333333333,85,0.74,0.06375032930791945,0.0032533333333333338,2211.74321472554,,,,,,,,
0.025,1.3333333333333333,86,1.0,0.07816391494301297,0.002786666666666666,2215.4797799448056,,,,,,,,
0.025,1.3333333333333333,87,0.72,0.07226617044375494,0.003653333333333333,2211.394914352484,,,,,,,,
0.025,1.3333333333333333,88,0.36,0.07914245205687866,0.0032266666666666667,2222.4964971460467,,,,,,,,
0.025,1.3333333333333333,89,1.0,0.055504165308579406,0.0033466666666666666,2215.6779488891125,,,,,,,,
0.025,1.3333333333333333,90,0.92,0.0861004814191332,0.0033466666666666666,2217.577392796119,,,,,,,,
0.025,1.3333333333333333,91,1.0,0.04347421073804537,0.00356,2208.1201011274084,,,,,,,,
0.025,1.3333333333333333,92,1.0,0.07429363317799437,0.0029333333333333334,2219.80341435994,,,,,,,,
0.025,1.3333333333333333,93,1.0,0.09377148946165831,0.003453333333333334,2213.3052851206953,,,,,,,,
0.025,1.3333333333333333,94,0.84,0.09533159031214515,0.0030666666666666663,2214.4934077576186,,,,,,,,
0.025,1.3333333333333333,95,0.64,0.0635671304006749,0.0032799999999999995,2210.6422897484895,,,,,,,,
0.025,1.3333333333333333,96,1.0,0.06596109860226561,0.0030933333333333334,2211.5953250920657,,,,,,,,
0.025,1.3333333333333333,97,1.0,0.08796384901648059,0.003106666666666667,2218.540637408515,,,,,,,,
0.025,1.3333333333333333,98,0.32,0.048763575161803345,0.0034133333333333333,2211.494365484059,,,,,,,,
0.025,1.3333333333333333,99,1.0,0.10150562226033923,0.0033333333333333335,2215.645842134822,,,,,,,,
0.025,1.3333333333333333,100,0.96,0.06227249679560418,0.0030133333333333336,2214.174076020212,,,,,,,,
0.025,1.3333333333333333,101,1.0,0.057999858580620824,0.0031333333333333335,2214.409322558193,,,,,,,,
0.025,1.3333333333333333,102,0.52,0.07710488342067288,0.0035199999999999997,2202.9949646541504,,,,,,,,
0.025,1.3333333333333333,103,1.0,0.07214626835419219,0.003346666666666666,2209.258982364806,,,,,,,,
0.025,1.3333333333333333,104,1.0,0.05673115186173108,0.002813333333333333,2215.4623497271177,,,,,,,,
0.025,1.3333333333333333,105,1.0,0.06908091486182778,0.0031466666666666665,2213.5826122417193,,,,,,,,
0.025,1.3333333333333333,106,0.62,0.05466021375277274,0.0030933333333333334,2208.357889714469,,,,,,,,
0.025,1.3333333333333333,107,1.0,0.048559835378254895,0.0020533333333333332,2217.6804185084547,,,,,,,,
0.025,1.3333333333333333,108,0.8,0.07217153724767,0.0037466666666666664,2208.90811394341,,,,,,,,
0.025,1.3333333333333333,109,1.0,0.08588463726497492,0.002946666666666667,2213.3179269374755,,,,,,,,
0.025,1.3333333333333333,110,1.0,0.06287145181025948,0.0034533333333333334,2212.8293894930302,,,,,,,,
0.025,1.3333333333333333,111,1.0,0.0727351916195528,0.00252,2220.270162670464,,,,,,,,
0.025,1.3333333333333333,112,0.64,0.07753565431475234,0.00308,2220.2960655629786,,,,,,,,
0.025,1.3333333333333333,113,0.8,0.051622036335192696,0.003013333333333334,2218.3789919485284,,,,,,,,
0.025,1.3333333333333333,114,0.0,0.02989748692969339,0.0033333333333333335,2213.609305492081,,,,,,,,
0.025,1.3333333333333333,115,1.0,0.07117979784144218,0.0034133333333333333,2209.237086875726,,,,,,,,
0.025,1.3333333333333333,116,1.0,0.03916771099951142,0.0029600000000000004,2210.513005443726,,,,,,,,
0.025,1.3333333333333333,117,0.44,0.09945866337127508,0.0034800000000000005,2212.398109642178,,,,,,,,
0.025,1.3333333333333333,118,0.68,0.06454196174150648,0.0030399999999999997,2215.7483093465275,,,,,,,,
0.025,1.3333333333333333,119,0.76,0.1080635088182258,0.0030933333333333334,2209.7884048300566,,,,,,,,
0.025,3.0,0,0.0,0.006148451198129747,0.004013333333333333,2216.744781742646,,,,,,,,
0.025,3.0,1,0.0,0.010263004091174753,0.0037466666666666672,2214.4201024736935,,,,,,,,
0.025,3.0,2,0.0,0.0047457627118644066,0.003826666666666667,2219.627668313048,,,,,,,,
0.025,3.0,3,0.0,0.00956165984804208,0.003786666666666666,2222.532989608595,,,,,,,,
0.025,3.0,4,0.0,0.0108708357685564,0.004093333333333333,2221.94598480018,,,,,,,,
0.025,3.0,5,0.0,0.012369497677566212,0.0041333333333333335,2207.7662921702445,,,,,,,,
0.025,3.0,6,0.0,0.009538281706604323,0.0036133333333333334,2218.8880477310495,,,,,,,,
0.025,3.0,7,0.0,0.010287612661109231,0.0035466666666666667,2210.5956482590336,,,,,,,,
0.025,3.0,8,0.0,0.008182349503214495,0.0035466666666666667,2217.1137917568594,,,,,,,,
0.025,3.0,9,0.04,0.01021624780829924,0.003906666666666667,2213.4566153372766,,,,,,,,
0.025,3.0,10,0.0,0.008836937463471655,0.004013333333333333,2208.925725043571,,,,,,,,
0.025,3.0,11,0.0,0.01096434833430742,0.0037866666666666665,2207.838837156893,,,,,,,,
0.025,3.0,12,0.0,0.00956165984804208,0.0036000000000000003,2213.976192505912,,,,,,,,
0.025,3.0,13,0.0,0.00815897136177674,0.0038,2212.463904451019,,,,,,,,
0.025,3.0,14,0.0,0.006803039158386908,0.003666666666666667,2214.938314683525,,,,,,,,
0.025,3.0,15,0.0,0.00820572764465225,0.003786666666666667,2210.6410011635335,,,,,,,,
0.025,3.0,16,0.0,0.005423728813559322,0.0038,2213.0051776706205,,,,,,,,
0.025,3.0,17,0.0,0.010965578762804146,0.00392,2209.5234762448135,,,,,,,,
0.025,3.0,18,0.0,0.009609646559414315,0.003813333333333333,2211.1239843191925,,,,,,,,
0.025,3.0,19,0.24,0.021276569565351133,0.003973333333333334,2207.6997231552396,,,,,,,,
0.025,3.0,20,0.0,0.00815897136177674,0.0036266666666666665,2210.263390956738,,,,,,,,
0.025,3.0,21,0.0,0.005423728813559322,0.004066666666666666,2221.383903311624,,,,,,,,
0.025,3.0,22,0.0,0.00750438340151958,0.0038933333333333333,2208.8018294460717,,,,,,,,
0.025,3.0,23,0.0,0.006196437909501984,0.0037466666666666664,2214.938486754551,,,,,,,,
0.025,3.0,24,0.0,0.004769140853302162,0.0041333333333333335,2208.44380546697,,,,,,,,
0.025,3.0,25,0.0,0.006826417299824664,0.003426666666666667,2213.3597369346144,,,,,,,,
0.025,3.0,26,0.0,0.005447106954997077,0.0035600000000000002,2211.1865728629505,,,,,,,,
0.025,3.0,27,0.0,0.008930450029222676,0.0036400000000000004,2205.756235928078,,,,,,,,
0.025,3.0,28,0.0,0.002711864406779661,0.004053333333333334,2212.7944900370303,,,,,,,,
0.025,3.0,29,0.0,0.010310990802546986,0.0033866666666666667,2208.820402475696,,,,,,,,
0.025,3.0,30,0.0,0.006803039158386908,0.003426666666666667,2216.7179890666794,,,,,,,,
0.025,3.0,31,0.0,0.005447106954997078,0.003946666666666667,2220.255065145032,,,,,,,,
0.025,3.0,32,0.04,0.012417484388938447,0.0037333333333333333,2215.774668941754,,,,,,,,
0.025,3.0,33,0.0,0.010239625949736994,0.003933333333333333,2216.580403088798,,,,,,,,
0.025,3.0,34,0.0,0.009561659848042081,0.00376,2212.240611767016,,,,,,,,
0.025,3.0,35,0.0,0.007504383401519579,0.0038666666666666667,2208.272305217344,,,,,,,,
0.025,3.0,36,0.0,0.006125073056691993,0.0037866666666666665,2212.5160100036414,,,,,,,,
0.025,3.0,37,0.0,0.004091174751607246,0.00364,2218.1799674400254,,,,,,,,
0.025,3.0,38,0.0,0.008135593220338983,0.003573333333333333,2210.846841615371,,,,,,,,
0.025,3.0,39,0.0,0.005447106954997077,0.00356,2210.3464238843844,,,,,,,,
0.025,3.0,40,0.0,0.007575748254329571,0.00384,2204.2851478522475,,,,,,,,
0.025,3.0,41,0.0,0.009585037989479836,0.00388,2219.525830654639,,,,,,,,
0.025,3.0,42,0.0,0.008182349503214495,0.0038933333333333337,2211.6272410530287,,,,,,,,
0.025,3.0,43,0.0,0.009562890276538805,0.003706666666666667,2219.3715565827674,,,,,,,,
0.025,3.0,44,0.0,0.005423728813559322,0.00384,2210.238691267406,,,,,,,,
0.025,3.0,45,0.0,0.00958626841797656,0.004106666666666667,2214.8162814643997,,,,,,,,
0.025,3.0,46,0.0,0.006173059768064228,0.00392,2211.2102859351485,,,,,,,,
0.025,3.0,47,0.0,0.010940970192869666,0.003466666666666667,2215.8139925320475,,,,,,,,
0.025,3.0,48,0.0,0.008883693746347166,0.0038266666666666666,2214.4726006769442,,,,,,,,
0.025,3.0,49,0.0,0.010894213909994154,0.0037999999999999996,2213.3350054662237,,,,,,,,
0.025,3.0,50,0.0,0.009609646559414315,0.0036,2215.570230749321,,,,,,,,
0.025,3.0,51,0.0,0.005447106954997077,0.003733333333333334,2215.070920514767,,,,,,,,
0.025,3.0,52,0.0,0.010239625949736996,0.0036133333333333334,2210.5534038138126,,,,,,,,
0.025,3.0,53,0.0,0.008182349503214495,0.0041600000000000005,2215.2646448508835,,,,,,,,
0.025,3.0,54,0.0,0.008182349503214495,0.003973333333333334,2215.339933594976,,,,,,,,
0.025,3.0,55,0.0,0.008182349503214495,0.003813333333333333,2209.1213410185865,,,,,,,,
0.025,3.0,56,0.0,0.0061016949152542365,0.00364,2214.2708832960525,,,,,,,,
0.025,3.0,57,0.0,0.00815897136177674,0.004053333333333334,2208.608495823997,,,,,,,,
0.025,3.0,58,0.0,0.007504383401519579,0.004093333333333333,2213.133032950974,,,,,,,,
0.025,3.0,59,0.0,0.010287612661109231,0.003293333333333334,2212.3509868648634,,,,,,,,
0.025,3.0,60,0.0,0.006826417299824664,0.003626666666666667,2207.79365313383,,,,,,,,
0.025,3.0,61,0.0,0.007504383401519579,0.0038533333333333336,2211.5960280640447,,,,,,,,
0.025,3.0,62,0.0,0.010964348334307423,0.00388,2219.3717681487515,,,,,,,,
0.025,3.0,63,0.0,0.008883693746347166,0.003573333333333333,2216.0807009731084,,,,,,,,
0.025,3.0,64,0.0,0.0047457627118644066,0.00416,2219.0142923721937,,,,,,,,
0.025,3.0,65,0.0,0.005447106954997077,0.0037333333333333333,2210.9263764319267,,,,,,,,
0.025,3.0,66,0.0,0.006101694915254237,0.004013333333333334,2216.5647727123614,,,,,,,,
0.025,3.0,67,0.0,0.009491525423728813,0.0038,2210.044788588323,,,,,,,,
0.025,3.0,68,0.0,0.006125073056691993,0.0038666666666666667,2212.8465320978507,,,,,,,,
0.025,3.0,69,0.0,0.004769140853302162,0.004053333333333334,2219.914256748222,,,,,,,,
0.025,3.0,70,0.0,0.00886031560490941,0.00384,2213.5253947667047,,,,,,,,
0.025,3.0,71,0.0,0.011013565474176382,0.0038666666666666667,2213.4954161837436,,,,,,,,
0.025,3.0,72,0.0,0.007552370112891814,0.003453333333333334,2208.3571949587085,,,,,,,,
0.025,3.0,73,0.0,0.003389830508474576,0.00368,2216.237919112738,,,,,,,,
0.025,3.0,74,0.0,0.008883693746347166,0.0036933333333333336,2218.8353475978056,,,,,,,,
0.025,3.0,75,0.0,0.008182349503214495,0.003946666666666666,2208.264032803174,,,,,,,,
0.025,3.0,76,0.0,0.006173059768064228,0.0037466666666666664,2212.5336486132574,,,,,,,,
0.025,3.0,77,0.0,0.004091174751607247,0.00368,2207.2492480938145,,,,,,,,
0.025,3.0,78,0.0,0.010239625949736996,0.0038000000000000004,2214.002849800685,,,,,,,,
0.025,3.0,79,0.0,0.010310990802546986,0.0036533333333333335,2210.850484443771,,,,,,,,
0.025,3.0,80,0.04,0.014402165554154234,0.0033066666666666665,2217.2722687562227,,,,,,,,
0.025,3.0,81,0.04,0.013699590882524837,0.003706666666666667,2208.5771484042657,,,,,,,,
0.025,3.0,82,0.0,0.00956165984804208,0.003933333333333334,2219.24844564571,,,,,,,,
0.025,3.0,83,0.0,0.004769140853302162,0.003586666666666667,2221.904421202625,,,,,,,,
0.025,3.0,84,0.0,0.005470485096434833,0.003613333333333333,2213.165723364391,,,,,,,,
0.025,3.0,85,0.0,0.005470485096434834,0.003946666666666667,2208.7515236024965,,,,,,,,
0.025,3.0,86,0.0,0.003389830508474576,0.0037733333333333334,2213.580202922695,,,,,,,,
0.025,3.0,87,0.04,0.00886031560490941,0.003933333333333334,2215.5646196003295,,,,,,,,
0.025,3.0,88,0.0,0.015804854040419578,0.00364,2215.1076852212987,,,,,,,,
0.025,3.0,89,0.0,0.004769140853302163,0.003933333333333334,2224.6583014244407,,,,,,,,
0.025,3.0,90,0.0,0.00815897136177674,0.004173333333333334,2215.061425851753,,,,,,,,
0.025,3.0,91,0.0,0.0054950936663693125,0.0041466666666666666,2213.251750567916,,,,,,,,
0.025,3.0,92,0.0,0.00886031560490941,0.00388,2217.088231327154,,,,,,,,
0.025,3.0,93,0.0,0.006125073056691993,0.0038533333333333336,2216.8809282177076,,,,,,,,
0.025,3.0,94,0.0,0.005470485096434834,0.004013333333333334,2211.621190334548,,,,,,,,
0.025,3.0,95,0.0,0.010894213909994156,0.00396,2214.028431649663,,,,,,,,
0.025,3.0,96,0.0,0.00757574825432957,0.003466666666666667,2214.41092646093,,,,,,,,
0.025,3.0,97,0.04,0.007457627118644068,0.0036000000000000003,2213.393113352678,,,,,,,,
0.025,3.0,98,0.0,0.00820572764465225,0.004226666666666667,2216.8602408933184,,,,,,,,
0.025,3.0,99,0.04,0.006851025869759143,0.0041066666666666665,2213.5177262152392,,,,,,,,
0.025,3.0,100,0.0,0.007481005260081823,0.003773333333333333,2217.1059033739757,,,,,,,,
0.025,3.0,101,0.0,0.01024085637823372,0.004013333333333333,2221.011803083699,,,,,,,,
0.025,3.0,102,0.0,0.006101694915254237,0.00408,2217.6941804562953,,,,,,,,
0.025,3.0,103,0.0,0.01372419945245932,0.003773333333333333,2215.4021346614286,,,,,,,,
0.025,3.0,104,0.0,0.002711864406779661,0.0038266666666666666,2217.477957363559,,,,,,,,
0.025,3.0,105,0.04,0.01028761266110923,0.0037599999999999995,2211.9717089914425,,,,,,,,
0.025,3.0,106,0.0,0.005470485096434833,0.0036666666666666666,2219.6839772727108,,,,,,,,
0.025,3.0,107,0.0,0.007552370112891814,0.004226666666666667,2209.457114382755,,,,,,,,
0.025,3.0,108,0.0,0.005423728813559322,0.00368,2211.8413275012745,,,,,,,,
0.025,3.0,109,0.0,0.007457627118644068,0.004186666666666667,2210.939090791382,,,,,,,,
0.025,3.0,110,0.0,0.00823033621458673,0.003426666666666667,2208.256629127814,,,,,,,,
0.025,3.0,111,0.0,0.010988956904241903,0.004213333333333334,2211.2937589907706,,,,,,,,
0.025,3.0,112,0.0,0.006826417299824664,0.0038533333333333336,2217.531869495376,,,,,,,,
0.025,3.0,113,0.0,0.006125073056691993,0.0038,2219.480861519514,,,,,,,,
0.025,3.0,114,0.0,0.010239625949736996,0.003853333333333333,2215.4747945491217,,,,,,,,
0.025,3.0,115,0.0,0.008908302316281645,0.003786666666666666,2216.4147554608,,,,,,,,
0.025,3.0,116,0.04,0.00815897136177674,0.0038933333333333333,2214.010797628576,,,,,,,,
0.025,3.0,117,0.0,0.007457627118644068,0.003973333333333333,2212.7710074593283,,,,,,,,
0.025,3.0,118,0.0,0.0068264172998246655,0.0038400000000000005,2213.6790238895724,,,,,,,,
0.025,3.0,119,0.0,0.005423728813559322,0.0036,2207.491209349081,,,,,,,,
0.0333,1.3333333333333333,0,0.04,0.03863625377667643,0.0025466666666666667,2937.5772305855007,,,,,,,,
0.0333,1.3333333333333333,1,0.88,0.04492875299667265,0.002613333333333334,2943.3696413333982,,,,,,,,
0.0333,1.3333333333333333,2,1.0,0.04498070264657979,0.002506666666666667,2962.8338470296812,,,,,,,,
0.0333,1.3333333333333333,3,1.0,0.04562746060731234,0.002493333333333333,2942.5158532062765,,,,,,,,
0.0333,1.3333333333333333,4,1.0,0.06283802505218113,0.0025866666666666672,2947.39777945586,,,,,,,,
0.0333,1.3333333333333333,5,0.88,0.0978745143194001,0.0026799999999999997,2947.3163218240666,,,,,,,,
0.0333,1.3333333333333333,6,1.0,0.057621255909729864,0.0025466666666666667,2951.223557108839,,,,,,,,
0.0333,1.3333333333333333,7,0.2,0.0526235484324536,0.0026666666666666666,2946.251443213055,,,,,,,,
0.0333,1.3333333333333333,8,0.08,0.028584260182894405,0.0029200000000000003,2943.9072292612436,,,,,,,,
0.0333,1.3333333333333333,9,1.0,0.04581045888191602,0.003,2953.8695130680303,,,,,,,,
0.0333,1.3333333333333333,10,1.0,0.0627775724844229,0.0027066666666666667,2947.429091592136,,,,,,,,
0.0333,1.3333333333333333,11,1.0,0.04264586869650082,0.002546666666666667,2948.677967096697,,,,,,,,
0.0333,1.3333333333333333,12,1.0,0.09217927609188781,0.0027466666666666672,2947.7191411886292,,,,,,,,
0.0333,1.3333333333333333,13,0.4,0.0680766702545287,0.00268,2954.1399337282364,,,,,,,,
0.0333,1.3333333333333333,14,0.92,0.0688299641475685,0.0024933333333333335,2948.5755708512293,,,,,,,,
0.0333,1.3333333333333333,15,0.24,0.06055687909364424,0.002693333333333333,2944.9811031454474,,,,,,,,
0.0333,1.3333333333333333,16,0.24,0.04600920593107372,0.002746666666666667,2942.5943676825445,,,,,,,,
0.0333,1.3333333333333333,17,0.56,0.031220980563624132,0.0025733333333333337,2955.248308769741,,,,,,,,
0.0333,1.3333333333333333,18,1.0,0.045757190915762386,0.00288,2952.511426961821,,,,,,,,
0.0333,1.3333333333333333,19,0.16,0.035706515638226854,0.00272,2949.3517475744093,,,,,,,,
0.0333,1.3333333333333333,20,0.0,0.028438981732531204,0.00276,2956.7703238705267,,,,,,,,
0.0333,1.3333333333333333,21,0.92,0.06891665887180047,0.0027199999999999998,2947.1578119364444,,,,,,,,
0.0333,1.3333333333333333,22,0.4,0.06705551758183337,0.00276,2949.5424811434827,,,,,,,,
0.0333,1.3333333333333333,23,0.88,0.053827436487007684,0.002946666666666667,2951.868014268583,,,,,,,,
0.0333,1.3333333333333333,24,1.0,0.05136257571829259,0.002813333333333333,2951.228555888152,,,,,,,,
0.0333,1.3333333333333333,25,1.0,0.03257823108326045,0.00188,2962.6202544856746,,,,,,,,
0.0333,1.3333333333333333,26,0.32,0.04588739350989804,0.002773333333333334,2952.481994930224,,,,,,,,
0.0333,1.3333333333333333,27,0.04,0.03034229482105455,0.002946666666666667,2945.473952961543,,,,,,,,
0.0333,1.3333333333333333,28,1.0,0.040805548042928456,0.0029066666666666668,2945.835101066731,,,,,,,,
0.0333,1.3333333333333333,29,0.56,0.0664101738148925,0.00296,2942.6760762726353,,,,,,,,
0.0333,1.3333333333333333,30,0.28,0.045262135200921386,0.0025866666666666664,2946.2061223502797,,,,,,,,
0.0333,1.3333333333333333,31,0.12,0.06125213765867124,0.0032666666666666664,2940.6272059116513,,,,,,,,
0.0333,1.3333333333333333,32,0.56,0.06351386243452127,0.0030533333333333332,2940.118620143128,,,,,,,,
0.0333,1.3333333333333333,33,1.0,0.05329471433047975,0.00268,2949.856113215586,,,,,,,,
0.0333,1.3333333333333333,34,0.88,0.08334635903652785,0.002746666666666667,2949.315043203119,,,,,,,,
0.0333,1.3333333333333333,35,0.36,0.06660208615518523,0.00312,2943.369151849912,,,,,,,,
0.0333,1.3333333333333333,36,0.92,0.09379087097883111,0.0029200000000000003,2947.960593568101,,,,,,,,
0.0333,1.3333333333333333,37,1.0,0.054857607980487735,0.0027999999999999995,2944.1713561365136,,,,,,,,
0.0333,1.3333333333333333,38,1.0,0.039867736926397605,0.00252,2962.3157649918635,,,,,,,,
0.0333,1.3333333333333333,39,0.28,0.051957409774014404,0.0027600000000000007,2946.190138262063,,,,,,,,
0.0333,1.3333333333333333,40,0.48,0.058185589365262684,0.0025200000000000005,2954.754306740156,,,,,,,,
0.0333,1.3333333333333333,41,0.62,0.051515500402885425,0.00268,2949.2989574408007,,,,,,,,
0.0333,1.3333333333333333,42,0.84,0.08325814536340852,0.00312,2941.1750021833604,,,,,,,,
0.0333,1.3333333333333333,43,0.48,0.0570268676242929,0.002986666666666667,2952.313829026412,,,,,,,,
0.0333,1.3333333333333333,44,0.96,0.044901507794245184,0.0027333333333333337,2944.114165338785,,,,,,,,
0.0333,1.3333333333333333,45,0.0,0.019390498455372794,0.0029066666666666668,2940.4281565414612,,,,,,,,
0.0333,1.3333333333333333,46,0.92,0.07203821347299756,0.0024133333333333333,2942.837049296577,,,,,,,,
0.0333,1.3333333333333333,47,0.4,0.03202207740274122,0.0029066666666666663,2946.2408884750766,,,,,,,,
0.0333,1.3333333333333333,48,0.92,0.06071820194099249,0.002546666666666667,2933.5087479376302,,,,,,,,
0.0333,1.3333333333333333,49,1.0,0.04710387892583592,0.0027999999999999995,2946.070464225424,,,,,,,,
0.0333,1.3333333333333333,50,0.48,0.044196200612577605,0.0027333333333333333,2941.9778561329254,,,,,,,,
0.0333,1.3333333333333333,51,1.0,0.08204508941351046,0.002426666666666667,2952.0075396732136,,,,,,,,
0.0333,1.3333333333333333,52,1.0,0.06576493480304732,0.0027600000000000003,2943.575853563026,,,,,,,,
0.0333,1.3333333333333333,53,1.0,0.0689091589999031,0.0028000000000000004,2947.835466473545,,,,,,,,
0.0333,1.3333333333333333,54,1.0,0.07180862291570095,0.0027333333333333333,2942.35360493458,,,,,,,,
0.0333,1.3333333333333333,55,1.0,0.07885937414068085,0.0025333333333333336,2945.0845165625105,,,,,,,,
0.0333,1.3333333333333333,56,0.12,0.031954763376215896,0.0029333333333333334,2954.2865618153514,,,,,,,,
0.0333,1.3333333333333333,57,0.56,0.09244755024298222,0.002746666666666667,2944.8449303853804,,,,,,,,
0.0333,1.3333333333333333,58,0.4,0.08527904623237294,0.0025466666666666667,2938.1865304639273,,,,,,,,
0.0333,1.3333333333333333,59,0.8,0.08908810046843811,0.0028400000000000005,2943.261774967449,,,,,,,,
0.0333,1.3333333333333333,60,0.64,0.07323612060454165,0.002786666666666667,2954.4447175138216,,,,,,,,
0.0333,1.3333333333333333,61,0.2,0.06765381843826884,0.0026933333333333336,2952.408708520456,,,,,,,,
0.0333,1.3333333333333333,62,1.0,0.05662856200061281,0.00256,2956.5580799699637,,,,,,,,
0.0333,1.3333333333333333,63,0.12,0.03490259840132183,0.0029733333333333335,2956.460600870162,,,,,,,,
0.0333,1.3333333333333333,64,0.08,0.038987445234945926,0.00272,2953.070889042201,,,,,,,,
0.0333,1.3333333333333333,65,1.0,0.06426258959834277,0.002746666666666667,2947.16886748438,,,,,,,,
0.0333,1.3333333333333333,66,0.32,0.04272799669151449,0.0025866666666666664,2945.5243059753107,,,,,,,,
0.0333,1.3333333333333333,67,0.04,0.017839982774001045,0.0028666666666666662,2941.8047044632754,,,,,,,,
0.0333,1.3333333333333333,68,1.0,0.11742225464755988,0.0031733333333333336,2950.5944996964868,,,,,,,,
0.0333,1.3333333333333333,69,0.52,0.05154557399289627,0.003,2954.554841743907,,,,,,,,
0.0333,1.3333333333333333,70,0.4,0.03397960125327931,0.002853333333333334,2944.484179651926,,,,,,,,
0.0333,1.3333333333333333,71,1.0,0.06275589705716747,0.0023466666666666666,2951.318320103615,,,,,,,,
0.0333,1.3333333333333333,72,0.8,0.10752170261604223,0.002986666666666667,2953.056167967491,,,,,,,,
0.0333,1.3333333333333333,73,0.32,0.040142657797461075,0.0027600000000000007,2949.7837873271224,,,,,,,,
0.0333,1.3333333333333333,74,1.0,0.03748500415269617,0.002813333333333333,2954.7919301569364,,,,,,,,
0.0333,1.3333333333333333,75,1.0,0.09004268933591264,0.0025333333333333336,2949.7321677171863,,,,,,,,
0.0333,1.3333333333333333,76,0.2,0.07827992938700742,0.0026666666666666666,2942.1653650010157,,,,,,,,
0.0333,1.3333333333333333,77,1.0,0.06498702346252255,0.0025866666666666664,2951.8261136099904,,,,,,,,
0.0333,1.3333333333333333,78,0.36,0.0849948881527829,0.00268,2951.296972138281,,,,,,,,
0.0333,1.3333333333333333,79,1.0,0.05262202948356623,0.0030933333333333334,2945.2634737213575,,,,,,,,
0.0333,1.3333333333333333,80,1.0,0.042153650246793684,0.0030000000000000005,2942.793085926671,,,,,,,,
0.0333,1.3333333333333333,81,0.8,0.05094803317203267,0.0029866666666666665,2955.5640567036126,,,,,,,,
0.0333,1.3333333333333333,82,0.2,0.034200023729692434,0.002786666666666667,2957.954910149655,,,,,,,,
0.0333,1.3333333333333333,83,0.24,0.040015564121504005,0.002813333333333333,2936.520647248898,,,,,,,,
0.0333,1.3333333333333333,84,0.84,0.05883093313220354,0.003013333333333334,2948.7998866006324,,,,,,,,
0.0333,1.3333333333333333,85,1.0,0.03327825701014664,0.0027600000000000003,2947.741159876016,,,,,,,,
0.0333,1.3333333333333333,86,0.96,0.06264369547214298,0.00288,2951.2673972930115,,,,,,,,
0.0333,1.3333333333333333,87,0.14,0.04362335624939827,0.002546666666666667,2949.542720697359,,,,,,,,
0.0333,1.3333333333333333,88,0.52,0.06459796221769828,0.0024933333333333335,2941.8101802960464,,,,,,,,
0.0333,1.3333333333333333,89,0.24,0.03352856931127564,0.0028400000000000005,2951.4273107873014,,,,,,,,
0.0333,1.3333333333333333,90,1.0,0.05401925294975521,0.003133333333333334,2958.110237586401,,,,,,,,
0.0333,1.3333333333333333,91,0.32,0.07565591093721764,0.0029866666666666665,2957.36386552145,,,,,,,,
0.0333,1.3333333333333333,92,0.18,0.05122843593051843,0.0026533333333333335,2949.559359679701,,,,,,,,
0.0333,1.3333333333333333,93,0.44,0.06718787564522592,0.0027333333333333333,2946.72317276173,,,,,,,,
0.0333,1.3333333333333333,94,0.08,0.03290387117573435,0.002786666666666667,2948.3430083786875,,,,,,,,
0.0333,1.3333333333333333,95,0.4,0.06591872334159085,0.0028799999999999997,2946.376035644898,,,,,,,,
0.0333,1.3333333333333333,96,0.92,0.06939469886838308,0.0029333333333333334,2953.1283805666953,,,,,,,,
0.0333,1.3333333333333333,97,0.92,0.07095314042682464,0.00268,2946.4381654485783,,,,,,,,
0.0333,1.3333333333333333,98,1.0,0.052167723383694346,0.0023599999999999997,2941.4792735592755,,,,,,,,
0.0333,1.3333333333333333,99,1.0,0.06944210054917858,0.0028666666666666667,2957.189930473542,,,,,,,,
0.0333,1.3333333333333333,100,0.8,0.04707927035590143,0.0027733333333333334,2952.4234763380587,,,,,,,,
0.0333,1.3333333333333333,101,1.0,0.08610672795037416,0.0027333333333333333,2943.829382344926,,,,,,,,
0.0333,1.3333333333333333,102,0.64,0.09382745027233608,0.003093333333333333,2938.3374681990167,,,,,,,,
0.0333,1.3333333333333333,103,1.0,0.0960834443058872,0.0033733333333333332,2955.2098766746935,,,,,,,,
0.0333,1.3333333333333333,104,0.4,0.04510383338400195,0.0025866666666666664,2941.2578313062195,,,,,,,,
0.0333,1.3333333333333333,105,0.36,0.06813743809257969,0.002813333333333334,2948.864944069559,,,,,,,,
0.0333,1.3333333333333333,106,0.08,0.023383151039492355,0.003053333333333333,2943.8028296773196,,,,,,,,
0.0333,1.3333333333333333,107,1.0,0.05662724368436632,0.0027466666666666672,2947.308469111362,,,,,,,,
0.0333,1.3333333333333333,108,1.0,0.048640444424381174,0.0030000000000000005,2940.6840382528653,,,,,,,,
0.0333,1.3333333333333333,109,1.0,0.05312720992748062,0.0027999999999999995,2934.642763463562,,,,,,,,
0.0333,1.3333333333333333,110,0.8,0.09805620838391445,0.0026933333333333336,2948.1235761545195,,,,,,,,
0.0333,1.3333333333333333,111,0.54,0.05393802324559961,0.0027333333333333333,2948.2850103207934,,,,,,,,
0.0333,1.3333333333333333,112,0.28,0.04001952706003891,0.002786666666666667,2950.1889251932116,,,,,,,,
0.0333,1.3333333333333333,113,0.04,0.03475740783870839,0.0028399999999999996,2947.1841125372093,,,,,,,,
0.0333,1.3333333333333333,114,0.98,0.031175542596995117,0.0028266666666666666,2947.170521767839,,,,,,,,
0.0333,1.3333333333333333,115,0.16,0.03061692805948242,0.00308,2950.1298359810953,,,,,,,,
0.0333,1.3333333333333333,116,0.04,0.04287157242769534,0.0028666666666666667,2945.3917219383184,,,,,,,,
0.0333,1.3333333333333333,117,0.6,0.04653386295023995,0.002653333333333333,2947.451526607461,,,,,,,,
0.0333,1.3333333333333333,118,0.88,0.0596909635901915,0.0028000000000000004,2951.0445385498747,,,,,,,,
0.0333,1.3333333333333333,119,0.92,0.06289312723751489,0.00276,2942.5019221267844,,,,,,,,
0.0333,3.0,0,0.0,0.006803039158386908,0.003173333333333333,2946.009166477714,,,,,,,,
0.0333,3.0,1,0.0,0.00820572764465225,0.0033066666666666665,2951.9749709708085,,,,,,,,
0.0333,3.0,2,0.0,0.009538281706604325,0.0031466666666666665,2947.284054797266,,,,,,,,
0.0333,3.0,3,0.0,0.006148451198129749,0.003173333333333333,2943.118593697608,,,,,,,,
0.0333,3.0,4,0.0,0.008206958073148973,0.0033733333333333337,2944.154420578404,,,,,,,,
0.0333,3.0,5,0.0,0.006803039158386908,0.0032533333333333338,2951.9986309444935,,,,,,,,
0.0333,3.0,6,0.0,0.008182349503214495,0.003533333333333333,2945.799186009515,,,,,,,,
0.0333,3.0,7,0.0,0.0068744040111969,0.0034400000000000003,2950.059962423339,,,,,,,,
0.0333,3.0,8,0.0,0.004067796610169492,0.0033733333333333337,2943.807471618002,,,,,,,,
0.0333,3.0,9,0.0,0.007481005260081823,0.0032533333333333338,2950.8939311193008,,,,,,,,
0.0333,3.0,10,0.0,0.007481005260081823,0.003293333333333333,2950.019526996802,,,,,,,,
0.0333,3.0,11,0.08,0.013629456458211573,0.00288,2948.144218801591,,,,,,,,
0.0333,3.0,12,0.0,0.0054950936663693125,0.003133333333333333,2947.925180751032,,,,,,,,
0.0333,3.0,13,0.0,0.007504383401519579,0.0029200000000000003,2947.4971239987244,,,,,,,,
0.0333,3.0,14,0.0,0.005423728813559322,0.0034,2943.317281686801,,,,,,,,
0.0333,3.0,15,0.0,0.007481005260081823,0.0033466666666666666,2949.3517229087856,,,,,,,,
0.0333,3.0,16,0.0,0.006803039158386908,0.0032133333333333337,2945.9274249297578,,,,,,,,
0.0333,3.0,17,0.0,0.008836937463471653,0.0036666666666666666,2938.1903389682993,,,,,,,,
0.0333,3.0,18,0.0,0.008883693746347166,0.00308,2939.9856619547973,,,,,,,,
0.0333,3.0,19,0.0,0.009561659848042081,0.0032533333333333338,2950.912241138243,,,,,,,,
0.0333,3.0,20,0.0,0.006148451198129749,0.0033599999999999997,2949.76009978966,,,,,,,,
0.0333,3.0,21,0.0,0.005470485096434833,0.00336,2947.175729988917,,,,,,,,
0.0333,3.0,22,0.0,0.006196437909501984,0.0028799999999999997,2949.5264399576467,,,,,,,,
0.0333,3.0,23,0.0,0.008883693746347166,0.0032133333333333337,2950.418765351357,,,,,,,,
0.0333,3.0,24,0.0,0.004840505706112153,0.002946666666666667,2956.0318843896193,,,,,,,,
0.0333,3.0,25,0.0,0.008182349503214495,0.0032400000000000003,2947.138563800172,,,,,,,,
0.0333,3.0,26,0.04,0.006779661016949152,0.00328,2936.8561099593285,,,,,,,,
0.0333,3.0,27,0.0,0.01021624780829924,0.003293333333333333,2951.5344669010333,,,,,,,,
0.0333,3.0,28,0.0,0.004091174751607246,0.0033866666666666663,2957.094310525959,,,,,,,,
0.0333,3.0,29,0.0,0.005423728813559322,0.00316,2946.490744218133,,,,,,,,
0.0333,3.0,30,0.0,0.0075277615429573345,0.0033866666666666667,2946.9535465792824,,,,,,,,
0.0333,3.0,31,0.0,0.008230336214586728,0.003173333333333333,2947.9234859388102,,,,,,,,
0.0333,3.0,32,0.0,0.008883693746347166,0.0033066666666666665,2946.7426920155244,,,,,,,,
0.0333,3.0,33,0.0,0.00820572764465225,0.0033333333333333335,2950.1793207102287,,,,,,,,
0.0333,3.0,34,0.0,0.008883693746347166,0.0033466666666666666,2952.643696508451,,,,,,,,
0.0333,3.0,35,0.0,0.003389830508474576,0.00316,2942.4246710964057,,,,,,,,
0.0333,3.0,36,0.04,0.009491525423728813,0.0032133333333333332,2959.4794994987246,,,,,,,,
0.0333,3.0,37,0.0,0.01021624780829924,0.0033066666666666674,2940.2165127133303,,,,,,,,
0.0333,3.0,38,0.0,0.004769140853302163,0.0031066666666666664,2945.970423834689,,,,,,,,
0.0333,3.0,39,0.0,0.00815897136177674,0.00328,2938.95910929965,,,,,,,,
0.0333,3.0,40,0.0,0.008955058599157156,0.0032,2943.2497482964864,,,,,,,,
0.0333,3.0,41,0.0,0.01096434833430742,0.00316,2955.105075999951,,,,,,,,
0.0333,3.0,42,0.0,0.004769140853302163,0.003626666666666667,2954.1011874774895,,,,,,,,
0.0333,3.0,43,0.0,0.004091174751607247,0.0032666666666666664,2945.5165931830797,,,,,,,,
0.0333,3.0,44,0.0,0.005447106954997077,0.0029200000000000003,2952.736191620963,,,,,,,,
0.0333,3.0,45,0.0,0.009657633270786552,0.0032400000000000003,2946.3497320202505,,,,,,,,
0.0333,3.0,46,0.0,0.005423728813559322,0.0035066666666666666,2947.6220010353204,,,,,,,,
0.0333,3.0,47,0.0,0.002711864406779661,0.003026666666666667,2945.311633797915,,,,,,,,
0.0333,3.0,48,0.0,0.008979667169091637,0.00356,2947.52581146979,,,,,,,,
0.0333,3.0,49,0.0,0.004792518994739918,0.0031466666666666665,2950.056830060412,,,,,,,,
0.0333,3.0,50,0.0,0.009538281706604325,0.0033866666666666667,2957.2506747936836,,,,,,,,
0.0333,3.0,51,0.0,0.006173059768064228,0.0032400000000000003,2946.024008350204,,,,,,,,
0.0333,3.0,52,0.04,0.006125073056691993,0.0030933333333333334,2941.1602764223494,,,,,,,,
0.0333,3.0,53,0.0,0.008182349503214495,0.00296,2952.7425253409656,,,,,,,,
0.0333,3.0,54,0.0,0.008229105786090006,0.0032666666666666664,2956.71622855056,,,,,,,,
0.0333,3.0,55,0.0,0.00815897136177674,0.0033866666666666667,2953.505021784346,,,,,,,,
0.0333,3.0,56,0.0,0.005423728813559322,0.0035466666666666676,2960.119689420701,,,,,,,,
0.0333,3.0,57,0.0,0.0075277615429573345,0.0033199999999999996,2952.1187190527894,,,,,,,,
0.0333,3.0,58,0.0,0.007481005260081823,0.003146666666666667,2940.9145283171783,,,,,,,,
0.0333,3.0,59,0.0,0.008955058599157158,0.0034133333333333333,2947.4339666319843,,,,,,,,
0.0333,3.0,60,0.0,0.006125073056691993,0.003293333333333333,2952.449632494611,,,,,,,,
0.0333,3.0,61,0.0,0.006803039158386908,0.0032266666666666667,2938.6016149096617,,,,,,,,
0.0333,3.0,62,0.0,0.008158971361776738,0.00312,2948.003992727501,,,,,,,,
0.0333,3.0,63,0.0,0.009608416130917593,0.003280000000000001,2952.770016620678,,,,,,,,
0.0333,3.0,64,0.0,0.00886031560490941,0.0033866666666666667,2944.6623102473636,,,,,,,,
0.0333,3.0,65,0.04,0.008135593220338983,0.00312,2948.928014096243,,,,,,,,
0.0333,3.0,66,0.0,0.006101694915254237,0.0033733333333333332,2940.515883602398,,,,,,,,
0.0333,3.0,67,0.0,0.006826417299824664,0.0029600000000000004,2944.198276548551,,,,,,,,
0.0333,3.0,68,0.0,0.004067796610169492,0.0029333333333333334,2955.3988773311617,,,,,,,,
0.0333,3.0,69,0.0,0.010192869666861486,0.0031333333333333335,2961.802176978029,,,,,,,,
0.0333,3.0,70,0.0,0.004067796610169492,0.002746666666666667,2939.261245339007,,,,,,,,
0.0333,3.0,71,0.0,0.004067796610169492,0.0032266666666666667,2933.811624136556,,,,,,,,
0.0333,3.0,72,0.0,0.011620166723061305,0.00336,2947.019446854688,,,,,,,,
0.0333,3.0,73,0.0,0.008230336214586728,0.0032266666666666667,2947.838457637836,,,,,,,,
0.0333,3.0,74,0.0,0.010310990802546986,0.0033066666666666665,2948.0160414595593,,,,,,,,
0.0333,3.0,75,0.0,0.010239625949736994,0.0032666666666666664,2940.7503518824083,,,,,,,,
0.0333,3.0,76,0.0,0.006779661016949152,0.003253333333333333,2948.8090220383397,,,,,,,,
0.0333,3.0,77,0.0,0.006948317608750104,0.0029066666666666668,2950.104065106751,,,,,,,,
0.0333,3.0,78,0.0,0.006125073056691993,0.0031599999999999996,2954.6697436797094,,,,,,,,
0.0333,3.0,79,0.0,0.002711864406779661,0.00288,2950.608412948926,,,,,,,,
0.0333,3.0,80,0.0,0.007481005260081823,0.0033733333333333332,2949.7139221532375,,,,,,,,
0.0333,3.0,81,0.0,0.007504383401519579,0.0032,2948.5643052261557,,,,,,,,
0.0333,3.0,82,0.0,0.006851025869759143,0.0033733333333333337,2946.7917109219284,,,,,,,,
0.0333,3.0,83,0.0,0.006826417299824664,0.0031466666666666665,2943.447240043068,,,,,,,,
0.0333,3.0,84,0.0,0.006125073056691993,0.0033066666666666665,2948.882001038789,,,,,,,,
0.0333,3.0,85,0.0,0.007481005260081823,0.0032266666666666667,2936.372570898884,,,,,,,,
0.0333,3.0,86,0.0,0.010287612661109231,0.0034000000000000002,2949.889562076999,,,,,,,,
0.0333,3.0,87,0.0,0.005423728813559322,0.00336,2948.3738537019153,,,,,,,,
0.0333,3.0,88,0.0,0.005423728813559322,0.0035600000000000002,2948.3912548643584,,,,,,,,
0.0333,3.0,89,0.0,0.004067796610169492,0.00328,2946.2011973729714,,,,,,,,
0.0333,3.0,90,0.0,0.008836937463471653,0.00312,2940.4834213894155,,,,,,,,
0.0333,3.0,91,0.0,0.006826417299824664,0.00364,2942.6300878944435,,,,,,,,
0.0333,3.0,92,0.0,0.006148451198129749,0.0031866666666666666,2947.4708202001702,,,,,,,,
0.0333,3.0,93,0.0,0.005447106954997078,0.0030533333333333332,2957.295949039303,,,,,,,,
0.0333,3.0,94,0.0,0.010965578762804146,0.0033733333333333332,2946.9255702574715,,,,,,,,
0.0333,3.0,95,0.0,0.002033898305084746,0.003146666666666667,2948.2230953773733,,,,,,,,
0.0333,3.0,96,0.0,0.00886031560490941,0.0030800000000000007,2941.9379220983333,,,,,,,,
0.0333,3.0,97,0.0,0.008182349503214495,0.003426666666666667,2950.1887710364717,,,,,,,,
0.0333,3.0,98,0.04,0.0109889569042419,0.0029466666666666664,2944.0144592618312,,,,,,,,
0.0333,3.0,99,0.0,0.008979667169091637,0.0032666666666666664,2948.53948676692,,,,,,,,
0.0333,3.0,100,0.0,0.010239625949736996,0.003666666666666667,2952.1511988776565,,,,,,,,
0.0333,3.0,101,0.0,0.007504383401519579,0.002853333333333333,2955.406276728281,,,,,,,,
0.0333,3.0,102,0.0,0.003389830508474576,0.0033199999999999996,2943.077324447396,,,,,,,,
0.0333,3.0,103,0.0,0.006125073056691994,0.0033733333333333337,2951.9052506997064,,,,,,,,
0.0333,3.0,104,0.0,0.00886031560490941,0.003066666666666667,2950.87601943933,,,,,,,,
0.0333,3.0,105,0.0,0.0089316804577194,0.0034400000000000003,2947.42379719105,,,,,,,,
0.0333,3.0,106,0.0,0.00886031560490941,0.0031866666666666666,2946.6855505048525,,,,,,,,
0.0333,3.0,107,0.0,0.004067796610169492,0.002986666666666667,2951.121412481236,,,,,,,,
0.0333,3.0,108,0.0,0.007504383401519579,0.0034400000000000003,2942.173703441476,,,,,,,,
0.0333,3.0,109,0.0,0.005423728813559322,0.0034800000000000005,2959.633011856254,,,,,,,,
0.0333,3.0,110,0.0,0.006196437909501984,0.003186666666666667,2950.315004865764,,,,,,,,
0.0333,3.0,111,0.04,0.005423728813559322,0.003146666666666667,2946.1877062991825,,,,,,,,
0.0333,3.0,112,0.0,0.012273524254821741,0.0030399999999999997,2945.4396616798053,,,,,,,,
0.0333,3.0,113,0.0,0.006851025869759143,0.003426666666666667,2948.470009167908,,,,,,,,
0.0333,3.0,114,0.0,0.007481005260081823,0.0032400000000000003,2956.151941870239,,,,,,,,
0.0333,3.0,115,0.0,0.007481005260081823,0.0035199999999999997,2945.5737612572116,,,,,,,,
0.0333,3.0,116,0.0,0.006171829339567504,0.0031466666666666665,2953.849168529036,,,,,,,,
0.0333,3.0,117,0.0,0.007527761542957335,0.0033066666666666665,2949.3546883980553,,,,,,,,
0.0333,3.0,118,0.0,0.0047457627118644066,0.0032,2946.250654834946,,,,,,,,
0.0333,3.0,119,0.0,0.010239625949736994,0.0032133333333333337,2964.7317202293984,,,,,,,,
0.05,1.3333333333333333,0,0.36,0.040875594579491956,0.0020133333333333336,4423.208969049286,,,,,,,,
0.05,1.3333333333333333,1,1.0,0.0731525784157363,0.0026933333333333336,4436.429136395073,,,,,,,,
0.05,1.3333333333333333,2,0.36,0.0306468178841983,0.002213333333333333,4435.165088613371,,,,,,,,
0.05,1.3333333333333333,3,0.96,0.0555009168956076,0.002493333333333333,4439.844353624714,,,,,,,,
0.05,1.3333333333333333,4,0.16,0.05444797105137319,0.00244,4422.819763377501,,,,,,,,
0.05,1.3333333333333333,5,0.12,0.03193015480628141,0.002173333333333333,4424.618648816075,,,,,,,,
0.05,1.3333333333333333,6,0.28,0.06753107908357224,0.0023600000000000006,4434.632364054333,,,,,,,,
0.05,1.3333333333333333,7,1.0,0.05964042813407605,0.0025866666666666664,4408.819141550857,,,,,,,,
0.05,1.3333333333333333,8,0.48,0.07435579544472466,0.0022400000000000002,4428.583468940012,,,,,,,,
0.05,1.3333333333333333,9,1.0,0.06507067040642359,0.0025066666666666666,4431.90225280158,,,,,,,,
0.05,1.3333333333333333,10,0.04,0.030540465717186008,0.00256,4415.757177007124,,,,,,,,
0.05,1.3333333333333333,11,0.0,0.020065915812324496,0.0021733333333333335,4441.987531939092,,,,,,,,
0.05,1.3333333333333333,12,0.08,0.02418169913386622,0.00208,4431.876247204317,,,,,,,,
0.05,1.3333333333333333,13,0.92,0.04574838450293549,0.0021200000000000004,4422.690707563927,,,,,,,,
0.05,1.3333333333333333,14,0.16,0.03758352632018386,0.0022400000000000002,4433.3801691633025,,,,,,,,
0.05,1.3333333333333333,15,1.0,0.03763529220479603,0.002493333333333333,4431.4342967945795,,,,,,,,
0.05,1.3333333333333333,16,0.06,0.019362022824448613,0.001986666666666667,4439.129283190215,,,,,,,,
0.05,1.3333333333333333,17,0.04,0.041970451339549124,0.00228,4418.686856134333,,,,,,,,
0.05,1.3333333333333333,18,0.0,0.019242671260266388,0.002346666666666667,4429.1311643916115,,,,,,,,
0.05,1.3333333333333333,19,0.96,0.06818340681947682,0.0020666666666666667,4409.191671356704,,,,,,,,
0.05,1.3333333333333333,20,1.0,0.03322903987027768,0.00208,4414.897505644098,,,,,,,,
0.05,1.3333333333333333,21,1.0,0.06392130365867955,0.0025866666666666664,4437.512261799729,,,,,,,,
0.05,1.3333333333333333,22,1.0,0.04077962115674749,0.0022,4421.782467026019,,,,,,,,
0.05,1.3333333333333333,23,1.0,0.033302865580081116,0.002173333333333333,4420.588156414138,,,,,,,,
0.05,1.3333333333333333,24,0.12,0.043679268837840304,0.0022933333333333334,4408.208386689112,,,,,,,,
0.05,1.3333333333333333,25,1.0,0.05291828476669598,0.002373333333333333,4443.88734210999,,,,,,,,
0.05,1.3333333333333333,26,1.0,0.030397736011566024,0.0006266666666666666,4481.019437894821,,,,,,,,
0.05,1.3333333333333333,27,0.24,0.03497924450891322,0.0019333333333333336,4414.013247998448,,,,,,,,
0.05,1.3333333333333333,28,0.16,0.032799883988170304,0.0022933333333333334,4436.635022074578,,,,,,,,
0.05,1.3333333333333333,29,0.16,0.036232691606280454,0.002173333333333333,4430.21047220036,,,,,,,,
0.05,1.3333333333333333,30,1.0,0.06603112555925623,0.0022400000000000002,4420.675672089429,,,,,,,,
0.05,1.3333333333333333,31,1.0,0.046429875762675904,0.00232,4433.532541643647,,,,,,,,
0.05,1.3333333333333333,32,0.32,0.08473291359912598,0.002573333333333333,4417.765445123657,,,,,,,,
0.05,1.3333333333333333,33,0.04,0.03490391671756832,0.00256,4426.659419911792,,,,,,,,
0.05,1.3333333333333333,34,0.6,0.0327259703906171,0.00252,4417.705360495481,,,,,,,,
0.05,1.3333333333333333,35,0.92,0.0551536626309766,0.0022933333333333334,4425.6555082921395,,,,,,,,
0.05,1.3333333333333333,36,0.4,0.03911189428861458,0.0024,4422.744074325747,,,,,,,,
0.05,1.3333333333333333,37,0.16,0.03267543493450165,0.002533333333333333,4424.100699936472,,,,,,,,
0.05,1.3333333333333333,38,0.88,0.03763529220479603,0.0023599999999999997,4431.044934884083,,,,,,,,
0.05,1.3333333333333333,39,0.96,0.05595607778634017,0.0022133333333333336,4423.113294138913,,,,,,,,
0.05,1.3333333333333333,40,0.04,0.039140553684833726,0.0024133333333333333,4430.462184751191,,,,,,,,
0.05,1.3333333333333333,41,0.26,0.055227191830593964,0.002426666666666667,4408.48281929223,,,,,,,,
0.05,1.3333333333333333,42,0.4,0.04051458277487993,0.0021866666666666666,4431.238993202715,,,,,,,,
0.05,1.3333333333333333,43,0.8,0.058162595621760765,0.0026533333333333335,4433.53687619366,,,,,,,,
0.05,1.3333333333333333,44,0.0,0.019993320531017784,0.0021466666666666665,4442.465957248863,,,,,,,,
0.05,1.3333333333333333,45,0.0,0.014499457293145194,0.00232,4423.267482140556,,,,,,,,
0.05,1.3333333333333333,46,1.0,0.04111740485052491,0.0026933333333333336,4431.301742642418,,,,,,,,
0.05,1.3333333333333333,47,1.0,0.03250176874096404,0.0020933333333333333,4432.935040632217,,,,,,,,
0.05,1.3333333333333333,48,0.04,0.031948251692937774,0.002173333333333333,4417.850398011318,,,,,,,,
0.05,1.3333333333333333,49,1.0,0.04215638275683186,0.0023866666666666667,4426.791767079866,,,,,,,,
0.05,1.3333333333333333,50,0.54,0.056627147806821126,0.00256,4433.966554111465,,,,,,,,
0.05,1.3333333333333333,51,0.12,0.0327663108677597,0.0023466666666666666,4411.676814691846,,,,,,,,
0.05,1.3333333333333333,52,0.0,0.02348035489073355,0.002106666666666667,4431.477688941109,,,,,,,,
0.05,1.3333333333333333,53,1.0,0.0484573502722323,0.0019733333333333334,4440.216475586067,,,,,,,,
0.05,1.3333333333333333,54,0.88,0.05449850650748864,0.0021600000000000005,4437.579902344089,,,,,,,,
0.05,1.3333333333333333,55,0.08,0.025733629009029663,0.00244,4440.421731720487,,,,,,,,
0.05,1.3333333333333333,56,1.0,0.04573419717226047,0.00188,4417.933107345098,,,,,,,,
0.05,1.3333333333333333,57,0.92,0.04142203178100929,0.0024800000000000004,4428.782327843376,,,,,,,,
0.05,1.3333333333333333,58,0.4,0.04724200739704139,0.00228,4433.006795285246,,,,,,,,
0.05,1.3333333333333333,59,0.24,0.053071209451288806,0.0017466666666666665,4434.906826253332,,,,,,,,
0.05,1.3333333333333333,60,0.56,0.04492743468042616,0.0022533333333333338,4420.303078288533,,,,,,,,
0.05,1.3333333333333333,61,1.0,0.05278714026445423,0.0020533333333333332,4417.432601892688,,,,,,,,
0.05,1.3333333333333333,62,0.08,0.019990771786274567,0.002306666666666667,4415.849964662703,,,,,,,,
0.05,1.3333333333333333,63,0.08,0.0313182723026151,0.0024,4419.062408607932,,,,,,,,
0.05,1.3333333333333333,64,0.68,0.0297210882261176,0.0023066666666666665,4441.155193605225,,,,,,,,
0.05,1.3333333333333333,65,0.32,0.04537777784176313,0.002346666666666667,4420.161150703193,,,,,,,,
0.05,1.3333333333333333,66,0.12,0.03493125779754098,0.00244,4428.11160254994,,,,,,,,
0.05,1.3333333333333333,67,0.04,0.04290298120129859,0.0021466666666666665,4421.300496492149,,,,,,,,
0.05,1.3333333333333333,68,0.8,0.046330123166691495,0.002133333333333334,4429.400836581563,,,,,,,,
0.05,1.3333333333333333,69,0.76,0.1016260887959001,0.0023466666666666666,4439.931924565828,,,,,,,,
0.05,1.3333333333333333,70,0.6,0.0413209608687784,0.002173333333333333,4439.80173217849,,,,,,,,
0.05,1.3333333333333333,71,1.0,0.06046877017562058,0.0022933333333333334,4419.782933556873,,,,,,,,
0.05,1.3333333333333333,72,0.84,0.06941617366299763,0.0021200000000000004,4427.2157097711715,,,,,,,,
0.05,1.3333333333333333,73,0.12,0.03443535605213909,0.0024000000000000002,4415.007229488664,,,,,,,,
0.05,1.3333333333333333,74,0.08,0.03340270606381529,0.0020666666666666667,4414.482679835018,,,,,,,,
0.05,1.3333333333333333,75,0.02,0.017815374204066568,0.0021866666666666666,4427.051834787141,,,,,,,,
0.05,1.3333333333333333,76,0.68,0.09850266031000887,0.0026,4412.881868634954,,,,,,,,
0.05,1.3333333333333333,77,0.16,0.02152310269324019,0.0022533333333333338,4423.973027457354,,,,,,,,
0.05,1.3333333333333333,78,0.96,0.06953031422229791,0.002573333333333333,4431.851734626078,,,,,,,,
0.05,1.3333333333333333,79,1.0,0.03691065770797537,0.002426666666666667,4419.997356713358,,,,,,,,
0.05,1.3333333333333333,80,0.0,0.025076308538734327,0.0020933333333333333,4417.021356766021,,,,,,,,
0.05,1.3333333333333333,81,1.0,0.05372768389102327,0.00228,4429.712153975423,,,,,,,,
0.05,1.3333333333333333,82,0.8,0.0589130611272172,0.00228,4437.94578130635,,,,,,,,
0.05,1.3333333333333333,83,1.0,0.05896501077712434,0.002946666666666667,4430.289430282912,,,,,,,,
0.05,1.3333333333333333,84,1.0,0.034004209823213796,0.00248,4420.510315477581,,,,,,,,
0.05,1.3333333333333333,85,0.08,0.03297505226324938,0.0018666666666666666,4430.011676015905,,,,,,,,
0.05,1.3333333333333333,86,0.04,0.0372361140351543,0.002466666666666667,4426.112115695291,,,,,,,,
0.05,1.3333333333333333,87,1.0,0.07491011691607521,0.00208,4427.769258272033,,,,,,,,
0.05,1.3333333333333333,88,0.12,0.03723356529041108,0.0022533333333333333,4428.540809050737,,,,,,,,
0.05,1.3333333333333333,89,0.04,0.03340015731907208,0.0021466666666666665,4425.514268572079,,,,,,,,
0.05,1.3333333333333333,90,0.04,0.03274803021580836,0.0021333333333333334,4422.823164637783,,,,,,,,
0.05,1.3333333333333333,91,0.92,0.0595885743617141,0.002373333333333333,4420.669779128581,,,,,,,,
0.05,1.3333333333333333,92,0.96,0.03772147102609436,0.00216,4424.608923376481,,,,,,,,
0.05,1.3333333333333333,93,0.88,0.06944503369185764,0.0024933333333333335,4429.834907449243,,,,,,,,
0.05,1.3333333333333333,94,0.48,0.03555991887161717,0.0018533333333333336,4426.421137122105,,,,,,,,
0.05,1.3333333333333333,95,0.88,0.048689661564250135,0.00216,4437.7154720898925,,,,,,,,
0.05,1.3333333333333333,96,0.56,0.05224286740974427,0.0022533333333333338,4424.2594151283965,,,,,,,,
0.05,1.3333333333333333,97,0.04,0.049762154116385196,0.002653333333333333,4424.22880162999,,,,,,,,
0.05,1.3333333333333333,98,1.0,0.045757190915762386,0.00224,4438.399660248009,,,,,,,,
0.05,1.3333333333333333,99,0.08,0.03862259211424058,0.002266666666666667,4432.1496904236965,,,,,,,,
0.05,1.3333333333333333,100,0.72,0.07955505273109628,0.00268,4427.459125994262,,,,,,,,
0.05,1.3333333333333333,101,1.0,0.06197667627794669,0.0026399999999999996,4426.903947293518,,,,,,,,
0.05,1.3333333333333333,102,0.8,0.04661155572103309,0.0024933333333333335,4409.510393487538,,,,,,,,
0.05,1.3333333333333333,103,1.0,0.05149392085317521,0.0020933333333333333,4447.27710369926,,,,,,,,
0.05,1.3333333333333333,104,1.0,0.06001077201975415,0.0024000000000000002,4428.812478355818,,,,,,,,
0.05,1.3333333333333333,105,0.08,0.019944015503399058,0.00228,4422.529265159229,,,,,,,,
0.05,1.3333333333333333,106,0.84,0.08020355809655376,0.0024133333333333333,4428.665394949698,,,,,,,,
0.05,1.3333333333333333,107,0.04,0.028610370834370343,0.00208,4433.601639093043,,,,,,,,
0.05,1.3333333333333333,108,0.6,0.07566199661532332,0.00252,4419.551622004071,,,,,,,,
0.05,1.3333333333333333,109,0.44,0.05364555589600961,0.0020666666666666667,4446.336771464187,,,,,,,,
0.05,1.3333333333333333,110,0.92,0.05898668620437977,0.00252,4429.8861783518705,,,,,,,,
0.05,1.3333333333333333,111,0.84,0.07120257219219654,0.00236,4410.153619161918,,,,,,,,
0.05,1.3333333333333333,112,0.0,0.024154541819188528,0.0022400000000000002,4424.139576990775,,,,,,,,
0.05,1.3333333333333333,113,0.16,0.04707927035590143,0.0022933333333333334,4413.520963131492,,,,,,,,
0.05,1.3333333333333333,114,0.88,0.0543455818228958,0.0018400000000000003,4424.280998683537,,,,,,,,
0.05,1.3333333333333333,115,1.0,0.036809586795744476,0.0024533333333333334,4416.20262864611,,,,,,,,
0.05,1.3333333333333333,116,0.32,0.05364717072244218,0.0023333333333333335,4413.6045456289885,,,,,,,,
0.05,1.3333333333333333,117,0.52,0.05452736653634866,0.002213333333333333,4434.1795813853,,,,,,,,
0.05,1.3333333333333333,118,0.92,0.039788542074063,0.00236,4416.183949150219,,,,,,,,
0.05,1.3333333333333333,119,1.0,0.04500399290026778,0.0022133333333333336,4422.812069483239,,,,,,,,
0.05,3.0,0,0.04,0.004091174751607247,0.0028266666666666666,4400.998642391202,,,,,,,,
0.05,3.0,1,0.0,0.005423728813559322,0.002853333333333333,4421.4712025302,,,,,,,,
0.05,3.0,2,0.0,0.006148451198129747,0.002506666666666667,4421.053734397853,,,,,,,,
0.05,3.0,3,0.0,0.005423728813559322,0.002946666666666667,4423.0959377155405,,,,,,,,
0.05,3.0,4,0.0,0.00898221591383485,0.002786666666666667,4427.943256142138,,,,,,,,
0.05,3.0,5,0.0,0.008182349503214495,0.0027733333333333334,4434.333059545448,,,,,,,,
0.05,3.0,6,0.0,0.006148451198129749,0.0027733333333333334,4419.685292225254,,,,,,,,
0.05,3.0,7,0.0,0.004067796610169492,0.002693333333333333,4424.240405678973,,,,,,,,
0.05,3.0,8,0.0,0.004769140853302161,0.00268,4423.817256285934,,,,,,,,
0.05,3.0,9,0.0,0.005423728813559322,0.0027066666666666667,4433.012639248489,,,,,,,,
0.05,3.0,10,0.0,0.004769140853302162,0.002853333333333333,4425.937481635363,,,,,,,,
0.05,3.0,11,0.04,0.005447106954997077,0.002693333333333333,4411.202025425547,,,,,,,,
0.05,3.0,12,0.0,0.005470485096434833,0.0027600000000000003,4418.732751000646,,,,,,,,
0.05,3.0,13,0.0,0.00886031560490941,0.0028000000000000004,4435.328455975684,,,,,,,,
0.05,3.0,14,0.0,0.005423728813559322,0.0026533333333333335,4424.61108955248,,,,,,,,
0.05,3.0,15,0.0,0.006148451198129749,0.0027733333333333334,4421.003538273252,,,,,,,,
0.05,3.0,16,0.0,0.005470485096434834,0.002373333333333333,4419.606154476187,,,,,,,,
0.05,3.0,17,0.0,0.009585037989479836,0.002546666666666667,4426.482574574682,,,,,,,,
0.05,3.0,18,0.0,0.004792518994739918,0.0026933333333333336,4417.606957225265,,,,,,,,
0.05,3.0,19,0.0,0.00752899197145406,0.003026666666666667,4416.35911336659,,,,,,,,
0.05,3.0,20,0.0,0.012296902396259498,0.0026,4424.457830631275,,,,,,,,
0.05,3.0,21,0.0,0.00886031560490941,0.0026399999999999996,4416.597733253218,,,,,,,,
0.05,3.0,22,0.0,0.00951490356516657,0.0026533333333333335,4431.062369046509,,,,,,,,
0.05,3.0,23,0.0,0.003389830508474576,0.002466666666666667,4423.521938148164,,,,,,,,
0.05,3.0,24,0.0,0.005423728813559322,0.00252,4416.34071992434,,,,,,,,
0.05,3.0,25,0.0,0.010263004091174753,0.0024,4425.648164402836,,,,,,,,
0.05,3.0,26,0.0,0.008884924174843888,0.002373333333333333,4421.162387418096,,,,,,,,
0.05,3.0,27,0.04,0.002033898305084746,0.002853333333333333,4434.337134252261,,,,,,,,
0.05,3.0,28,0.0,0.004091174751607247,0.0025999999999999994,4419.827747051858,,,,,,,,
0.05,3.0,29,0.0,0.0047457627118644066,0.0025333333333333336,4418.828179775618,,,,,,,,
0.05,3.0,30,0.0,0.008907071887784923,0.0025066666666666666,4423.403501958306,,,,,,,,
0.05,3.0,31,0.0,0.008230336214586732,0.00308,4422.5941235040345,,,,,,,,
0.05,3.0,32,0.0,0.005470485096434833,0.00252,4420.962824704073,,,,,,,,
0.05,3.0,33,0.0,0.003389830508474576,0.0028399999999999996,4432.873865435935,,,,,,,,
0.05,3.0,34,0.0,0.005447106954997077,0.0028666666666666667,4434.355358201276,,,,,,,,
0.05,3.0,35,0.0,0.005447106954997077,0.0028666666666666667,4415.337976767689,,,,,,,,
0.05,3.0,36,0.0,0.00815897136177674,0.0027333333333333333,4443.621175525688,,,,,,,,
0.05,3.0,37,0.0,0.010239625949736994,0.00236,4434.578299453496,,,,,,,,
0.05,3.0,38,0.0,0.006826417299824663,0.0028266666666666666,4440.190794694678,,,,,,,,
0.05,3.0,39,0.0,0.009609646559414315,0.00292,4431.544809457883,,,,,,,,
0.05,3.0,40,0.0,0.010965578762804146,0.0028000000000000004,4426.754642539873,,,,,,,,
0.05,3.0,41,0.0,0.00951490356516657,0.00288,4432.354854358389,,,,,,,,
0.05,3.0,42,0.0,0.007504383401519579,0.002773333333333334,4425.847953737667,,,,,,,,
0.05,3.0,43,0.0,0.006125073056691992,0.0032,4427.303272014465,,,,,,,,
0.05,3.0,44,0.04,0.005447106954997077,0.0028666666666666662,4425.219284139355,,,,,,,,
0.05,3.0,45,0.0,0.007481005260081823,0.0028666666666666667,4425.037872074832,,,,,,,,
0.05,3.0,46,0.0,0.007504383401519579,0.002613333333333333,4431.7727039624215,,,,,,,,
0.05,3.0,47,0.0,0.0068744040111969,0.002466666666666667,4428.889616367387,,,,,,,,
0.05,3.0,48,0.0,0.004769140853302161,0.00252,4421.427366446657,,,,,,,,
0.05,3.0,49,0.0,0.00815897136177674,0.0028000000000000004,4427.034177287579,,,,,,,,
0.05,3.0,50,0.0,0.006101694915254237,0.0025466666666666667,4432.472822906806,,,,,,,,
0.05,3.0,51,0.0,0.006173059768064228,0.002506666666666667,4429.685591503311,,,,,,,,
0.05,3.0,52,0.0,0.005447106954997078,0.0027066666666666667,4431.669436139401,,,,,,,,
0.05,3.0,53,0.0,0.007481005260081823,0.0027733333333333334,4411.073894457064,,,,,,,,
0.05,3.0,54,0.0,0.006826417299824663,0.002453333333333334,4428.01298379825,,,,,,,,
0.05,3.0,55,0.0,0.009561659848042081,0.002946666666666667,4433.475334181285,,,,,,,,
0.05,3.0,56,0.0,0.01021624780829924,0.00272,4417.986173876453,,,,,,,,
0.05,3.0,57,0.0,0.006803039158386908,0.00252,4414.838044288991,,,,,,,,
0.05,3.0,58,0.0,0.0061016949152542365,0.0025333333333333336,4428.084385746923,,,,,,,,
0.05,3.0,59,0.0,0.004769140853302162,0.0026266666666666673,4422.433370183464,,,,,,,,
0.05,3.0,60,0.0,0.010310990802546986,0.00288,4428.721569759866,,,,,,,,
0.05,3.0,61,0.0,0.009538281706604325,0.0028799999999999997,4425.839048689398,,,,,,,,
0.05,3.0,62,0.0,0.008206958073148975,0.0030133333333333336,4424.838469252716,,,,,,,,
0.05,3.0,63,0.04,0.010940970192869668,0.0024933333333333335,4411.386422539003,,,,,,,,
0.05,3.0,64,0.0,0.009633024700852071,0.0025733333333333337,4418.145576229367,,,,,,,,
0.05,3.0,65,0.0,0.006826417299824664,0.002613333333333334,4425.747103713518,,,,,,,,
0.05,3.0,66,0.0,0.007481005260081823,0.0024400000000000003,4422.771284628875,,,,,,,,
0.05,3.0,67,0.04,0.007481005260081823,0.002893333333333333,4426.505674724675,,,,,,,,
0.05,3.0,68,0.0,0.006826417299824663,0.00244,4432.739165817085,,,,,,,,
0.05,3.0,69,0.0,0.006803039158386908,0.0027200000000000006,4422.105580894009,,,,,,,,
0.05,3.0,70,0.0,0.005447106954997078,0.00252,4430.329870661965,,,,,,,,
0.05,3.0,71,0.0,0.006826417299824664,0.002786666666666667,4432.635508780216,,,,,,,,
0.05,3.0,72,0.0,0.00820572764465225,0.00272,4424.1507805305955,,,,,,,,
0.05,3.0,73,0.04,0.007481005260081823,0.0027600000000000003,4420.377659787804,,,,,,,,
0.05,3.0,74,0.0,0.005447106954997077,0.00268,4428.664320120855,,,,,,,,
0.05,3.0,75,0.0,0.008836937463471655,0.002626666666666666,4427.614677384164,,,,,,,,
0.05,3.0,76,0.0,0.006148451198129747,0.0025999999999999994,4420.599722112191,,,,,,,,
0.05,3.0,77,0.0,0.00815897136177674,0.002666666666666667,4416.1657642276205,,,,,,,,
0.05,3.0,78,0.0,0.006849795441262419,0.0030133333333333327,4427.193571261525,,,,,,,,
0.05,3.0,79,0.0,0.005447106954997077,0.002426666666666667,4437.421668968553,,,,,,,,
0.05,3.0,80,0.0,0.005447106954997077,0.002693333333333333,4428.532724720385,,,,,,,,
0.05,3.0,81,0.0,0.006779661016949152,0.00276,4425.196471890115,,,,,,,,
0.05,3.0,82,0.0,0.007481005260081823,0.002666666666666667,4430.299849351985,,,,,,,,
0.05,3.0,83,0.0,0.005447106954997078,0.00264,4437.466678240044,,,,,,,,
0.05,3.0,84,0.0,0.006803039158386909,0.0026533333333333335,4422.692260716527,,,,,,,,
0.05,3.0,85,0.0,0.007481005260081823,0.0027600000000000003,4422.349201147734,,,,,,,,
0.05,3.0,86,0.0,0.011036943615614137,0.002986666666666667,4420.6539107747585,,,,,,,,
0.05,3.0,87,0.0,0.0061016949152542365,0.00256,4420.720268236013,,,,,,,,
0.05,3.0,88,0.0,0.005447106954997077,0.002653333333333333,4438.513551479424,,,,,,,,
0.05,3.0,89,0.0,0.009561659848042081,0.002786666666666666,4437.872058210719,,,,,,,,
0.05,3.0,90,0.0,0.006826417299824663,0.00268,4422.117042767696,,,,,,,,
0.05,3.0,91,0.0,0.006148451198129747,0.00264,4419.581201133634,,,,,,,,
0.05,3.0,92,0.0,0.008883693746347166,0.0026933333333333336,4428.184376905031,,,,,,,,
0.05,3.0,93,0.0,0.008836937463471655,0.002773333333333334,4429.229294138084,,,,,,,,
0.05,3.0,94,0.0,0.00886031560490941,0.0026933333333333336,4420.08781878674,,,,,,,,
0.05,3.0,95,0.04,0.00958626841797656,0.0023333333333333335,4433.760093274629,,,,,,,,
0.05,3.0,96,0.0,0.007481005260081823,0.0028666666666666667,4428.459971532951,,,,,,,,
0.05,3.0,97,0.0,0.006803039158386908,0.00256,4428.333966435573,,,,,,,,
0.05,3.0,98,0.0,0.004769140853302163,0.0025333333333333336,4434.732541691523,,,,,,,,
0.05,3.0,99,0.0,0.004792518994739918,0.0026,4438.816129422907,,,,,,,,
0.05,3.0,100,0.0,0.006803039158386909,0.00288,4425.7961974242435,,,,,,,,
0.05,3.0,101,0.0,0.007528991971454058,0.00252,4436.9295194662645,,,,,,,,
0.05,3.0,102,0.0,0.004769140853302162,0.0026,4426.24753979846,,,,,,,,
0.05,3.0,103,0.0,0.009538281706604323,0.003106666666666667,4409.110937464708,,,,,,,,
0.05,3.0,104,0.0,0.004769140853302161,0.0027733333333333334,4419.2181417511765,,,,,,,,
0.05,3.0,105,0.12,0.017235930269859333,0.0029333333333333334,4409.857757723443,,,,,,,,
0.05,3.0,106,0.0,0.00886031560490941,0.0026266666666666673,4427.943748763136,,,,,,,,
0.05,3.0,107,0.0,0.008182349503214493,0.002613333333333334,4435.699564896003,,,,,,,,
0.05,3.0,108,0.0,0.008836937463471653,0.0026266666666666665,4428.942628839329,,,,,,,,
0.05,3.0,109,0.0,0.010239625949736994,0.002493333333333333,4421.600889938876,,,,,,,,
0.05,3.0,110,0.0,0.004091174751607247,0.002853333333333333,4425.276367396664,,,,,,,,
0.05,3.0,111,0.0,0.006826417299824663,0.002653333333333333,4435.693136078879,,,,,,,,
0.05,3.0,112,0.0,0.007457627118644068,0.002813333333333334,4422.100922134203,,,,,,,,
0.05,3.0,113,0.0,0.004067796610169492,0.0023600000000000006,4426.217694364639,,,,,,,,
0.05,3.0,114,0.0,0.006125073056691992,0.00268,4429.8574678283185,,,,,,,,
0.05,3.0,115,0.0,0.005470485096434833,0.0026666666666666666,4409.288201618602,,,,,,,,
0.05,3.0,116,0.0,0.009562890276538805,0.0027733333333333334,4426.791171181847,,,,,,,,
0.05,3.0,117,0.0,0.011036943615614137,0.0024933333333333335,4435.991188843174,,,,,,,,
0.05,3.0,118,0.0,0.003389830508474576,0.002746666666666667,4423.5575063224005,,,,,,,,
0.05,3.0,119,0.0,0.008206958073148973,0.0028266666666666666,4422.933827919924,,,,,,,,
0.075,1.3333333333333333,0,0.04,0.02001661078470577,0.00184,6633.87015122213,,,,,,,,
0.075,1.3333333333333333,1,1.0,0.03340393649231202,0.00184,6657.572486927034,,,,,,,,
0.075,1.3333333333333333,2,0.88,0.06464175167216474,0.0021999999999999997,6643.815411339115,,,,,,,,
0.075,1.3333333333333333,3,1.0,0.038413098790225114,0.00168,6647.735273581509,,,,,,,,
0.075,1.3333333333333333,4,0.76,0.041297766492635606,0.0018933333333333335,6635.872338660294,,,,,,,,
0.075,1.3333333333333333,5,0.2,0.03846363424634057,0.0016266666666666665,6656.418130516242,,,,,,,,
0.075,1.3333333333333333,6,0.84,0.06439981977869018,0.0019333333333333333,6642.57063737929,,,,,,,,
0.075,1.3333333333333333,7,0.36,0.02209981411740924,0.0018,6646.4720147056505,,,,,,,,
0.075,1.3333333333333333,8,0.24,0.04349627056323664,0.00188,6640.319477938718,,,,,,,,
0.075,1.3333333333333333,9,0.36,0.05683910198783002,0.0016266666666666669,6624.988897138392,,,,,,,,
0.075,1.3333333333333333,10,1.0,0.06713471243416796,0.002133333333333334,6639.855524767265,,,,,,,,
0.075,1.3333333333333333,11,0.9,0.04856124957204658,0.0017733333333333331,6636.774294771005,,,,,,,,
0.075,1.3333333333333333,12,0.16,0.026285731863264234,0.0016000000000000003,6628.723295845057,,,,,,,,
0.075,1.3333333333333333,13,0.04,0.017958103909686548,0.00188,6633.460670677987,,,,,,,,
0.075,1.3333333333333333,14,0.12,0.033376779177634326,0.0016933333333333334,6644.004809353331,,,,,,,,
0.075,1.3333333333333333,15,0.04,0.010239625949736996,0.0016799999999999999,6630.590636635233,,,,,,,,
0.075,1.3333333333333333,16,0.92,0.050039082084361856,0.002026666666666667,6629.894075704935,,,,,,,,
0.075,1.3333333333333333,17,1.0,0.03748500415269618,0.0019333333333333336,6629.4488271966575,,,,,,,,
0.075,1.3333333333333333,18,1.0,0.052291988672068024,0.0021866666666666666,6643.981669575001,,,,,,,,
0.075,1.3333333333333333,19,0.04,0.02913777723092066,0.0019333333333333333,6652.254360153378,,,,,,,,
0.075,1.3333333333333333,20,0.64,0.05810639451292809,0.002026666666666667,6647.643492885354,,,,,,,,
0.075,1.3333333333333333,21,1.0,0.0368847308217944,0.00196,6649.6353205552305,,,,,,,,
0.075,1.3333333333333333,22,0.8,0.05305074758518421,0.002213333333333333,6637.586845872149,,,,,,,,
0.075,1.3333333333333333,23,0.32,0.029089790519548426,0.0019333333333333336,6642.752568822624,,,,,,,,
0.075,1.3333333333333333,24,1.0,0.04049120463344216,0.0018666666666666666,6624.6795755873645,,,,,,,,
0.075,1.3333333333333333,25,0.6,0.047134336913782604,0.0018399999999999996,6635.947311659506,,,,,,,,
0.075,1.3333333333333333,26,0.12,0.04277163606641598,0.0018933333333333332,6632.148709333936,,,,,,,,
0.075,1.3333333333333333,27,0.16,0.03708705641155116,0.0015066666666666668,6654.045426318292,,,,,,,,
0.075,1.3333333333333333,28,0.0,0.010917592051431913,0.0017466666666666665,6644.989403339301,,,,,,,,
0.075,1.3333333333333333,29,1.0,0.05283899403681617,0.0020666666666666667,6622.349205864088,,,,,,,,
0.075,1.3333333333333333,30,0.04,0.019919406933464577,0.002106666666666667,6656.298539693367,,,,,,,,
0.075,1.3333333333333333,31,0.76,0.05081557035354445,0.00188,6618.746473871984,,,,,,,,
0.075,1.3333333333333333,32,0.0,0.028816475597367042,0.0017066666666666667,6655.634250124576,,,,,,,,
0.075,1.3333333333333333,33,0.24,0.040023778518964465,0.001746666666666667,6625.4621360910005,,,,,,,,
0.075,1.3333333333333333,34,0.2,0.03056894134811019,0.0017866666666666667,6648.234984906375,,,,,,,,
0.075,1.3333333333333333,35,0.04,0.02277523147436094,0.0018533333333333331,6628.099258516548,,,,,,,,
0.075,1.3333333333333333,36,1.0,0.031825033067765844,0.00156,6667.780308191997,,,,,,,,
0.075,1.3333333333333333,37,0.2,0.047907708274991176,0.0017866666666666667,6633.010172236735,,,,,,,,
0.075,1.3333333333333333,38,0.4,0.03282071338486485,0.0016933333333333334,6626.114721968807,,,,,,,,
0.075,1.3333333333333333,39,0.0,0.015829462610354054,0.0016933333333333334,6623.73974712833,,,,,,,,
0.075,1.3333333333333333,40,1.0,0.04620171117448794,0.0021466666666666665,6636.990700594763,,,,,,,,
0.075,1.3333333333333333,41,0.68,0.050039082084361856,0.0019866666666666665,6651.036794196902,,,,,,,,
0.075,1.3333333333333333,42,1.0,0.03403286921943294,0.0017466666666666663,6650.897286882028,,,,,,,,
0.075,1.3333333333333333,43,0.44,0.04197176965579562,0.0016666666666666668,6626.925607468184,,,,,,,,
0.075,1.3333333333333333,44,0.64,0.06777853725222145,0.0019466666666666666,6645.262239692146,,,,,,,,
0.075,1.3333333333333333,45,0.76,0.0442233579272553,0.00148,6653.84431374997,,,,,,,,
0.075,1.3333333333333333,46,0.04,0.030018068922372344,0.0017333333333333335,6662.159538649822,,,,,,,,
0.075,1.3333333333333333,47,0.36,0.044021216102793505,0.0017866666666666669,6646.895753639501,,,,,,,,
0.075,1.3333333333333333,48,0.08,0.03412356138739601,0.0017333333333333335,6648.366184378705,,,,,,,,
0.075,1.3333333333333333,49,0.8,0.04269244121408136,0.0018133333333333335,6647.828618788255,,,,,,,,
0.075,1.3333333333333333,50,1.0,0.0478941345003051,0.0020933333333333333,6629.714537606334,,,,,,,,
0.075,1.3333333333333333,51,0.48,0.04352078325562591,0.0017333333333333335,6628.5090208604315,,,,,,,,
0.075,1.3333333333333333,52,1.0,0.08473152578415738,0.002173333333333333,6635.260341819074,,,,,,,,
0.075,1.3333333333333333,53,0.56,0.057879782608319316,0.0018133333333333332,6649.75925746561,,,,,,,,
0.075,1.3333333333333333,54,0.08,0.026285731863264234,0.0016,6655.335809843955,,,,,,,,
0.075,1.3333333333333333,55,0.16,0.02628450143476751,0.0020666666666666667,6653.873288205189,,,,,,,,
0.075,1.3333333333333333,56,0.92,0.05014855115934817,0.0018133333333333335,6621.408031001138,,,,,,,,
0.075,1.3333333333333333,57,0.96,0.06463313411666176,0.0014933333333333333,6631.88706278725,,,,,,,,
0.075,1.3333333333333333,58,0.08,0.03277272667349261,0.0017600000000000003,6647.866144796757,,,,,,,,
0.075,1.3333333333333333,59,0.04,0.015933266032623135,0.0017733333333333334,6631.184235962066,,,,,,,,
0.075,1.3333333333333333,60,1.0,0.06136769241176323,0.0023333333333333335,6630.512605950686,,,,,,,,
0.075,1.3333333333333333,61,0.0,0.026381705286008705,0.0020399999999999997,6641.659292050095,,,,,,,,
0.075,1.3333333333333333,62,1.0,0.06579369007681167,0.002173333333333333,6646.848461495988,,,,,,,,
0.075,1.3333333333333333,63,0.24,0.03276029543955349,0.0018000000000000002,6659.892881464159,,,,,,,,
0.075,1.3333333333333333,64,1.0,0.06582418369221095,0.0019866666666666665,6647.084591361858,,,,,,,,
0.075,1.3333333333333333,65,0.16,0.03475485909396518,0.0016533333333333333,6626.512964285724,,,,,,,,
0.075,1.3333333333333333,66,1.0,0.026166380299082012,0.0008933333333333333,6688.47022218145,,,,,,,,
0.075,1.3333333333333333,67,0.08,0.020845136591545278,0.00196,6652.635873053796,,,,,,,,
0.075,1.3333333333333333,68,0.08,0.020767260055457166,0.0018400000000000003,6637.637334987404,,,,,,,,
0.075,1.3333333333333333,69,1.0,0.026115844842966564,0.0017733333333333334,6643.766286278379,,,,,,,,
0.075,1.3333333333333333,70,0.04,0.04051854571341483,0.002,6651.776769328778,,,,,,,,
0.075,1.3333333333333333,71,0.24,0.0305676230318637,0.0014266666666666666,6644.317396048857,,,,,,,,
0.075,1.3333333333333333,72,0.68,0.07184639701025004,0.0023333333333333335,6627.556105449036,,,,,,,,
0.075,1.3333333333333333,73,1.0,0.042050964508130215,0.001613333333333333,6628.129403337918,,,,,,,,
0.075,1.3333333333333333,74,0.44,0.04342226108813823,0.0015199999999999999,6648.644835659241,,,,,,,,
0.075,1.3333333333333333,75,1.0,0.03395499268334483,0.0016533333333333333,6617.477908539877,,,,,,,,
0.075,1.3333333333333333,76,1.0,0.029696391768433354,0.0016666666666666668,6649.106355684327,,,,,,,,
0.075,1.3333333333333333,77,1.0,0.03703906970017893,0.00196,6640.50584885987,,,,,,,,
0.075,1.3333333333333333,78,0.08,0.033598519970293936,0.0019333333333333336,6629.78459100606,,,,,,,,
0.075,1.3333333333333333,79,0.76,0.03844175818644427,0.0019066666666666668,6629.077630977704,,,,,,,,
0.075,1.3333333333333333,80,1.0,0.0477820287928258,0.002,6627.4999375853,,,,,,,,
0.075,1.3333333333333333,81,0.64,0.06077146990714612,0.002106666666666667,6638.058062812785,,,,,,,,
0.075,1.3333333333333333,82,0.48,0.03410150156220475,0.0017733333333333334,6637.192194995968,,,,,,,,
0.075,1.3333333333333333,83,0.0,0.01938540096588637,0.0017333333333333335,6648.739642690187,,,,,,,,
0.075,1.3333333333333333,84,1.0,0.05001174100438919,0.0020800000000000003,6636.998541294348,,,,,,,,
0.075,1.3333333333333333,85,0.08,0.016506198283552244,0.0016,6641.607957365981,,,,,,,,
0.075,1.3333333333333333,86,0.12,0.040699195875916166,0.00196,6657.0136269957,,,,,,,,
0.075,1.3333333333333333,87,1.0,0.0318755685238813,0.002,6640.395138184753,,,,,,,,
0.075,1.3333333333333333,88,0.08,0.024953177801312162,0.0019066666666666665,6641.83250331356,,,,,,,,
0.075,1.3333333333333333,89,1.0,0.031074471684764217,0.0016666666666666668,6663.705559230321,,,,,,,,
0.075,1.3333333333333333,90,0.08,0.027155732698197863,0.0017333333333333335,6655.356097860236,,,,,,,,
0.075,1.3333333333333333,91,0.8,0.044123605331270896,0.00204,6647.958319288195,,,,,,,,
0.075,1.3333333333333333,92,0.88,0.05953095905908973,0.0021866666666666666,6669.910593947162,,,,,,,,
0.075,1.3333333333333333,93,0.0,0.01571011104617183,0.0016266666666666665,6657.761393900371,,,,,,,,
0.075,1.3333333333333333,94,1.0,0.03335613354623475,0.00172,6660.851693033037,,,,,,,,
0.075,1.3333333333333333,95,0.2,0.03548204233552906,0.0018,6628.568856094661,,,,,,,,
0.075,1.3333333333333333,96,0.0,0.02420507727530398,0.0019866666666666665,6617.6101484144365,,,,,,,,
0.075,1.3333333333333333,97,1.0,0.042494166450609286,0.0012133333333333334,6636.034259714946,,,,,,,,
0.075,1.3333333333333333,98,0.0,0.01500876680303916,0.001826666666666667,6643.112654244465,,,,,,,,
0.075,1.3333333333333333,99,0.04,0.024905103202190162,0.0019066666666666665,6618.875187279603,,,,,,,,
0.075,1.3333333333333333,100,1.0,0.031200151166929598,0.0014399999999999999,6643.176631376417,,,,,,,,
0.075,1.3333333333333333,101,0.16,0.03632989545752165,0.0019466666666666669,6636.581084479328,,,,,,,,
0.075,1.3333333333333333,102,0.08,0.022776549790607437,0.0016266666666666665,6630.494699821748,,,,,,,,
0.075,1.3333333333333333,103,0.08,0.02345073671906241,0.0020666666666666667,6648.525990444784,,,,,,,,
0.075,1.3333333333333333,104,1.0,0.06041823471950513,0.0021866666666666666,6631.356230898295,,,,,,,,
0.075,1.3333333333333333,105,1.0,0.050636622905225435,0.001733333333333333,6649.2346019369925,,,,,,,,
0.075,1.3333333333333333,106,1.0,0.042046913681845544,0.0021599999999999996,6638.658441994713,,,,,,,,
0.075,1.3333333333333333,107,0.36,0.045906632937301364,0.0016133333333333334,6648.757279770092,,,,,,,,
0.075,1.3333333333333333,108,0.72,0.04687581021519315,0.0015200000000000003,6632.171402468234,,,,,,,,
0.075,1.3333333333333333,109,0.04,0.01716201667230613,0.0017066666666666667,6633.6291387440915,,,,,,,,
0.075,1.3333333333333333,110,0.76,0.03836256333410967,0.0018533333333333336,6634.624109952641,,,,,,,,
0.075,1.3333333333333333,111,0.2,0.03274679978731164,0.0015866666666666668,6635.668765292041,,,,,,,,
0.075,1.3333333333333333,112,0.04,0.010988956904241903,0.0019333333333333336,6642.881421531488,,,,,,,,
0.075,1.3333333333333333,113,0.08,0.04635473173662597,0.00196,6633.138864047369,,,,,,,,
0.075,1.3333333333333333,114,0.16,0.027932404732675425,0.0017733333333333334,6636.254335061876,,,,,,,,
0.075,1.3333333333333333,115,1.0,0.05584660871135386,0.0019733333333333334,6636.073707217077,,,,,,,,
0.075,1.3333333333333333,116,0.92,0.048510714115931136,0.0018133333333333335,6633.835762517984,,,,,,,,
0.075,1.3333333333333333,117,0.0,0.010239625949736994,0.001906666666666667,6638.246208201304,,,,,,,,
0.075,1.3333333333333333,118,0.0,0.018541327017133718,0.0016666666666666668,6631.4309384050775,,,,,,,,
0.075,1.3333333333333333,119,0.88,0.04119528138661302,0.0018000000000000002,6622.053680930381,,,,,,,,
0.075,3.0,0,0.0,0.006171829339567505,0.0022,6642.95311578767,,,,,,,,
0.075,3.0,1,0.0,0.005447106954997077,0.002173333333333333,6634.272366217956,,,,,,,,
0.075,3.0,2,0.0,0.006779661016949152,0.0022266666666666667,6615.871427510679,,,,,,,,
0.075,3.0,3,0.0,0.006125073056691992,0.0019466666666666669,6635.812290414166,,,,,,,,
0.075,3.0,4,0.0,0.006803039158386908,0.0021466666666666665,6625.054380995487,,,,,,,,
0.075,3.0,5,0.0,0.008884924174843888,0.0022666666666666664,6651.754247255009,,,,,,,,
0.075,3.0,6,0.0,0.005447106954997077,0.0020399999999999997,6644.382070630911,,,,,,,,
0.075,3.0,7,0.0,0.0068744040111969,0.0022933333333333334,6629.325421695989,,,,,,,,
0.075,3.0,8,0.0,0.00886031560490941,0.00192,6629.947364990562,,,,,,,,
0.075,3.0,9,0.0,0.005423728813559322,0.0024400000000000003,6640.838390236928,,,,,,,,
0.075,3.0,10,0.0,0.010263004091174753,0.00192,6653.644042458345,,,,,,,,
0.075,3.0,11,0.0,0.004067796610169492,0.0021999999999999997,6622.735849282007,,,,,,,,
0.075,3.0,12,0.0,0.008182349503214495,0.0020133333333333336,6649.780891174421,,,,,,,,
0.075,3.0,13,0.0,0.006125073056691992,0.0024399999999999995,6637.276675067448,,,,,,,,
0.075,3.0,14,0.0,0.007527761542957335,0.00236,6637.042033533379,,,,,,,,
0.075,3.0,15,0.0,0.006125073056691992,0.0020666666666666667,6631.104553054876,,,,,,,,
0.075,3.0,16,0.0,0.009681011412224307,0.0019866666666666665,6630.807398369027,,,,,,,,
0.075,3.0,17,0.0,0.008304249812139935,0.0020933333333333333,6617.470951522627,,,,,,,,
0.075,3.0,18,0.0,0.007457627118644068,0.0022400000000000002,6638.48438334149,,,,,,,,
0.075,3.0,19,0.0,0.004067796610169492,0.0024133333333333333,6646.700395886421,,,,,,,,
0.075,3.0,20,0.0,0.006803039158386908,0.0021866666666666666,6660.993606449986,,,,,,,,
0.075,3.0,21,0.0,0.006779661016949152,0.0023599999999999997,6646.978919270859,,,,,,,,
0.075,3.0,22,0.0,0.00956165984804208,0.0021466666666666665,6638.023949362453,,,,,,,,
0.075,3.0,23,0.0,0.006125073056691993,0.0024933333333333335,6617.189569059929,,,,,,,,
0.075,3.0,24,0.0,0.0047457627118644066,0.00244,6654.42234221958,,,,,,,,
0.075,3.0,25,0.0,0.004067796610169492,0.002386666666666667,6628.481384481104,,,,,,,,
0.075,3.0,26,0.0,0.0013559322033898306,0.002213333333333333,6636.38605448843,,,,,,,,
0.075,3.0,27,0.0,0.005423728813559322,0.0024133333333333333,6628.952314074928,,,,,,,,
0.075,3.0,28,0.0,0.004792518994739918,0.002213333333333333,6641.029093703959,,,,,,,,
0.075,3.0,29,0.0,0.006779661016949152,0.0026,6648.228074579045,,,,,,,,
0.075,3.0,30,0.0,0.007504383401519579,0.00192,6632.376671927928,,,,,,,,
0.075,3.0,31,0.0,0.006803039158386908,0.0022133333333333336,6622.200104310091,,,,,,,,
0.075,3.0,32,0.0,0.004769140853302162,0.0022133333333333336,6652.529121708749,,,,,,,,
0.075,3.0,33,0.0,0.00886031560490941,0.00228,6637.382007016601,,,,,,,,
0.075,3.0,34,0.0,0.00886031560490941,0.002106666666666667,6641.828593835205,,,,,,,,
0.075,3.0,35,0.0,0.008883693746347166,0.0023866666666666667,6646.677292364658,,,,,,,,
0.075,3.0,36,0.0,0.008182349503214495,0.0024133333333333333,6627.033719553742,,,,,,,,
0.075,3.0,37,0.0,0.004067796610169492,0.0020933333333333333,6635.690527704786,,,,,,,,
0.075,3.0,38,0.0,0.004091174751607247,0.0022933333333333334,6653.997460622349,,,,,,,,
0.075,3.0,39,0.0,0.00956165984804208,0.0021333333333333334,6634.484263417119,,,,,,,,
0.075,3.0,40,0.0,0.00823033621458673,0.00228,6637.854691150085,,,,,,,,
0.075,3.0,41,0.0,0.004792518994739918,0.002173333333333333,6643.6084651654355,,,,,,,,
0.075,3.0,42,0.0,0.008182349503214495,0.00236,6634.873994049221,,,,,,,,
0.075,3.0,43,0.0,0.006826417299824663,0.002466666666666667,6624.330461629844,,,,,,,,
0.075,3.0,44,0.0,0.008253714356024485,0.0023333333333333335,6646.270990912122,,,,,,,,
0.075,3.0,45,0.0,0.005447106954997078,0.002133333333333333,6621.288778423617,,,,,,,,
0.075,3.0,46,0.0,0.00815897136177674,0.00244,6653.990132253192,,,,,,,,
0.075,3.0,47,0.0,0.007552370112891813,0.002373333333333333,6629.905107159561,,,,,,,,
0.075,3.0,48,0.0,0.010917592051431911,0.0021866666666666666,6640.6220733193995,,,,,,,,
0.075,3.0,49,0.0,0.006196437909501984,0.0021866666666666666,6632.13949384058,,,,,,,,
0.075,3.0,50,0.0,0.008182349503214495,0.0021600000000000005,6630.215752760227,,,,,,,,
0.075,3.0,51,0.0,0.006803039158386909,0.002106666666666667,6636.88031674756,,,,,,,,
0.075,3.0,52,0.0,0.009660182015529765,0.0024133333333333333,6633.767100910832,,,,,,,,
0.075,3.0,53,0.0,0.003389830508474576,0.0022933333333333334,6615.024486550206,,,,,,,,
0.075,3.0,54,0.0,0.00815897136177674,0.0022,6632.990381331985,,,,,,,,
0.075,3.0,55,0.0,0.004769140853302163,0.001986666666666667,6620.578761438117,,,,,,,,
0.075,3.0,56,0.0,0.007481005260081823,0.00252,6643.579423289385,,,,,,,,
0.075,3.0,57,0.0,0.008182349503214495,0.002373333333333333,6652.314393277557,,,,,,,,
0.075,3.0,58,0.0,0.002033898305084746,0.0025866666666666664,6652.683186265812,,,,,,,,
0.075,3.0,59,0.0,0.009538281706604325,0.0024,6640.763237811039,,,,,,,,
0.075,3.0,60,0.0,0.007552370112891814,0.00228,6609.465744375739,,,,,,,,
0.075,3.0,61,0.0,0.0047457627118644066,0.002,6620.236509506914,,,,,,,,
0.075,3.0,62,0.0,0.00958626841797656,0.002106666666666667,6661.790189696727,,,,,,,,
0.075,3.0,63,0.0,0.006148451198129749,0.002533333333333333,6653.654550282565,,,,,,,,
0.075,3.0,64,0.0,0.0034132086499123315,0.0023599999999999997,6643.664029137224,,,,,,,,
0.075,3.0,65,0.0,0.006779661016949152,0.0024800000000000004,6629.905283131729,,,,,,,,
0.075,3.0,66,0.0,0.007481005260081823,0.0024133333333333333,6637.929058206154,,,,,,,,
0.075,3.0,67,0.0,0.0047457627118644066,0.0024266666666666664,6648.728560666454,,,,,,,,
0.075,3.0,68,0.0,0.00886031560490941,0.0022400000000000002,6620.837462437784,,,,,,,,
0.075,3.0,69,0.0,0.006125073056691993,0.0023866666666666663,6644.335883907412,,,,,,,,
0.075,3.0,70,0.0,0.002033898305084746,0.0022666666666666664,6635.588752794409,,,,,,,,
0.075,3.0,71,0.0,0.004769140853302161,0.0024666666666666665,6642.620971514616,,,,,,,,
0.075,3.0,72,0.0,0.008908302316281645,0.0024,6648.706568797997,,,,,,,,
0.075,3.0,73,0.0,0.006826417299824663,0.0020133333333333336,6633.519866343692,,,,,,,,
0.075,3.0,74,0.0,0.006826417299824663,0.0022266666666666667,6650.851601540592,,,,,,,,
0.075,3.0,75,0.0,0.007551139684395089,0.0020666666666666667,6669.763906313216,,,,,,,,
0.075,3.0,76,0.0,0.002711864406779661,0.002106666666666667,6657.818168603827,,,,,,,,
0.075,3.0,77,0.0,0.004769140853302161,0.00232,6637.3388627014065,,,,,,,,
0.075,3.0,78,0.0,0.004067796610169492,0.00212,6642.826097987272,,,,,,,,
0.075,3.0,79,0.0,0.010239625949736994,0.0020533333333333332,6624.631210013205,,,,,,,,
0.075,3.0,80,0.0,0.007504383401519579,0.002506666666666667,6620.50885651472,,,,,,,,
0.075,3.0,81,0.04,0.007481005260081823,0.0021866666666666666,6627.076265193744,,,,,,,,
0.075,3.0,82,0.0,0.00886031560490941,0.0022533333333333333,6630.345673615965,,,,,,,,
0.075,3.0,83,0.0,0.003389830508474576,0.00232,6637.437519393355,,,,,,,,
0.075,3.0,84,0.0,0.005470485096434834,0.0026,6630.591799890114,,,,,,,,
0.075,3.0,85,0.0,0.002711864406779661,0.002173333333333334,6642.254600748053,,,,,,,,
0.075,3.0,86,0.0,0.007504383401519579,0.0024000000000000002,6637.625431648918,,,,,,,,
0.075,3.0,87,0.0,0.006148451198129747,0.0024133333333333333,6655.4943598441905,,,,,,,,
0.075,3.0,88,0.0,0.006826417299824664,0.0025866666666666664,6636.977409610317,,,,,,,,
0.075,3.0,89,0.0,0.007481005260081823,0.0019066666666666668,6620.078529819367,,,,,,,,
0.075,3.0,90,0.0,0.004067796610169492,0.0020933333333333338,6655.645526975514,,,,,,,,
0.075,3.0,91,0.0,0.00958626841797656,0.002,6649.152142881013,,,,,,,,
0.075,3.0,92,0.0,0.008836937463471655,0.002,6635.717398696425,,,,,,,,
0.075,3.0,93,0.0,0.005447106954997078,0.002613333333333333,6659.4463272699995,,,,,,,,
0.075,3.0,94,0.0,0.008931680457719401,0.00236,6622.877185152208,,,,,,,,
0.075,3.0,95,0.0,0.006826417299824663,0.0024533333333333334,6623.164496940855,,,,,,,,
0.075,3.0,96,0.0,0.00886031560490941,0.0020800000000000003,6642.161272790454,,,,,,,,
0.075,3.0,97,0.0,0.005423728813559322,0.00204,6667.527102196887,,,,,,,,
0.075,3.0,98,0.0,0.01024085637823372,0.00228,6648.99773444217,,,,,,,,
0.075,3.0,99,0.0,0.005447106954997077,0.002346666666666667,6620.2333386368655,,,,,,,,
0.075,3.0,100,0.0,0.008836937463471655,0.0021733333333333335,6629.995208455812,,,,,,,,
0.075,3.0,101,0.0,0.007481005260081823,0.002346666666666667,6652.283872927262,,,,,,,,
0.075,3.0,102,0.0,0.006148451198129749,0.0022533333333333333,6659.2722439804475,,,,,,,,
0.075,3.0,103,0.0,0.006101694915254237,0.002266666666666667,6643.693561622294,,,,,,,,
0.075,3.0,104,0.0,0.005423728813559322,0.0025333333333333336,6631.942711913396,,,,,,,,
0.075,3.0,105,0.0,0.008182349503214495,0.00232,6636.93877448322,,,,,,,,
0.075,3.0,106,0.0,0.0047457627118644066,0.0020133333333333336,6639.914230126033,,,,,,,,
0.075,3.0,107,0.0,0.004067796610169492,0.002026666666666666,6646.11353966966,,,,,,,,
0.075,3.0,108,0.0,0.008206958073148973,0.002373333333333333,6648.013930365235,,,,,,,,
0.075,3.0,109,0.0,0.00614845119812975,0.002306666666666667,6625.623020996226,,,,,,,,
0.075,3.0,110,0.0,0.004792518994739918,0.0021866666666666666,6637.157484075124,,,,,,,,
0.075,3.0,111,0.0,0.007481005260081823,0.0022533333333333333,6640.7134367360695,,,,,,,,
0.075,3.0,112,0.0,0.005447106954997077,0.00216,6643.417764345044,,,,,,,,
0.075,3.0,113,0.0,0.006148451198129749,0.00228,6633.244149026982,,,,,,,,
0.075,3.0,114,0.0,0.008860315604909408,0.0022533333333333333,6635.298898454476,,,,,,,,
0.075,3.0,115,0.0,0.0075277615429573345,0.001986666666666667,6640.976186426779,,,,,,,,
0.075,3.0,116,0.0,0.004792518994739918,0.0019866666666666665,6641.768112273662,,,,,,,,
0.075,3.0,117,0.0,0.005569007263922518,0.0020266666666666666,6645.571124838459,,,,,,,,
0.075,3.0,118,0.0,0.0047457627118644066,0.0025733333333333337,6634.854366428904,,,,,,,,
0.075,3.0,119,0.0,0.006171829339567505,0.0020800000000000003,6628.13016954047,,,,,,,,
0.1,1.3333333333333333,0,1.0,0.05154709294178365,0.002,8867.029944427386,,,,,,,,
0.1,1.3333333333333333,1,0.04,0.022144021655541538,0.0016,8832.356347459348,,,,,,,,
0.1,1.3333333333333333,2,0.2,0.021954535667046048,0.001413333333333333,8812.632011449454,,,,,,,,
0.1,1.3333333333333333,3,0.04,0.02352333200036913,0.0018,8858.908781273165,,,,,,,,
0.1,1.3333333333333333,4,0.9,0.040593689739464756,0.0016266666666666662,8852.926506044118,,,,,,,,
0.1,1.3333333333333333,5,0.04,0.023501184287428093,0.0015599999999999998,8852.607134000367,,,,,,,,
0.1,1.3333333333333333,6,0.32,0.04775336939660664,0.0019466666666666669,8830.074354768725,,,,,,,,
0.1,1.3333333333333333,7,1.0,0.031125007140879665,0.0017200000000000002,8853.399687072599,,,,,,,,
0.1,1.3333333333333333,8,1.0,0.031174224280748626,0.0018666666666666666,8857.291457017167,,,,,,,,
0.1,1.3333333333333333,9,0.04,0.015804854040419578,0.0014399999999999997,8851.09595775368,,,,,,,,
0.1,1.3333333333333333,10,1.0,0.03037312744163155,0.00192,8836.420892601618,,,,,,,,
0.1,1.3333333333333333,11,1.0,0.03262744822312942,0.00196,8865.299879085887,,,,,,,,
0.1,1.3333333333333333,12,0.12,0.031149615710814146,0.0017200000000000004,8836.002449362475,,,,,,,,
0.1,1.3333333333333333,13,1.0,0.02979746268066425,0.0015866666666666668,8847.093821458158,,,,,,,,
0.1,1.3333333333333333,14,0.84,0.04648739518775509,0.00164,8846.211021169915,,,,,,,,
0.1,1.3333333333333333,15,1.0,0.053179159577387766,0.0015866666666666668,8860.815141016905,,,,,,,,
0.1,1.3333333333333333,16,0.04,0.02069211602940724,0.0014000000000000002,8858.168905261657,,,,,,,,
0.1,1.3333333333333333,17,0.64,0.025461256882709404,0.0014800000000000002,8853.125829735134,,,,,,,,
0.1,1.3333333333333333,18,0.08,0.02475991263957673,0.0017066666666666669,8870.073104966543,,,,,,,,
0.1,1.3333333333333333,19,0.32,0.0436013923017522,0.0020399999999999997,8868.501475439269,,,,,,,,
0.1,1.3333333333333333,20,0.28,0.030493709434310495,0.0016933333333333334,8842.344741448953,,,,,,,,
0.1,1.3333333333333333,21,0.04,0.022194557111656993,0.00128,8875.47986360669,,,,,,,,
0.1,1.3333333333333333,22,0.96,0.0431781560875565,0.00156,8854.8135731273,,,,,,,,
0.1,1.3333333333333333,23,0.4,0.04420289606115071,0.0017066666666666667,8832.577849535244,,,,,,,,
0.1,1.3333333333333333,24,0.28,0.030566392603366976,0.0014000000000000002,8840.745335671132,,,,,,,,
0.1,1.3333333333333333,25,1.0,0.028270413028480025,0.0009066666666666667,8895.158073830678,,,,,,,,
0.1,1.3333333333333333,26,1.0,0.0348585746284845,0.002106666666666667,8850.172556487496,,,,,,,,
0.1,1.3333333333333333,27,0.84,0.05281306715063521,0.00196,8866.046726346995,,,,,,,,
0.1,1.3333333333333333,28,0.56,0.031099080254698697,0.0014666666666666667,8858.964331415413,,,,,,,,
0.1,1.3333333333333333,29,0.24,0.02071927334408493,0.0012933333333333332,8846.905149626524,,,,,,,,
0.1,1.3333333333333333,30,0.56,0.05375077351207038,0.0017466666666666665,8840.498089357265,,,,,,,,
0.1,1.3333333333333333,31,0.08,0.018712532353677883,0.00164,8841.670046618168,,,,,,,,
0.1,1.3333333333333333,32,1.0,0.03758607506492707,0.0017466666666666665,8850.897895450138,,,,,,,,
0.1,1.3333333333333333,33,0.12,0.019919406933464577,0.0013466666666666666,8834.786510096686,,,,,,,,
0.1,1.3333333333333333,34,1.0,0.04126769290262477,0.00188,8847.980608568068,,,,,,,,
0.1,1.3333333333333333,35,0.16,0.026233965978652067,0.0017866666666666664,8826.132099792556,,,,,,,,
0.1,1.3333333333333333,36,1.0,0.029875339216752367,0.0013599999999999999,8848.215060722407,,,,,,,,
0.1,1.3333333333333333,37,0.0,0.012321510966193976,0.0013733333333333334,8832.427686686098,,,,,,,,
0.1,1.3333333333333333,38,1.0,0.04129230147255924,0.0016133333333333336,8833.849579168715,,,,,,,,
0.1,1.3333333333333333,39,0.44,0.04767690705431023,0.0015466666666666665,8856.884750039417,,,,,,,,
0.1,1.3333333333333333,40,1.0,0.02974824554079529,0.00168,8849.317334198167,,,,,,,,
0.1,1.3333333333333333,41,0.08,0.022774001045864217,0.0017333333333333335,8848.818287560402,,,,,,,,
0.1,1.3333333333333333,42,0.0,0.02202590051985604,0.00128,8852.426797293618,,,,,,,,
0.1,1.3333333333333333,43,1.0,0.03761473446114622,0.0018800000000000004,8855.962426883038,,,,,,,,
0.1,1.3333333333333333,44,0.06,0.013677443169583808,0.001466666666666667,8848.627313601028,,,,,,,,
0.1,1.3333333333333333,45,0.08,0.017185394813743884,0.0015066666666666668,8867.321756561534,,,,,,,,
0.1,1.3333333333333333,46,0.0,0.01454744400451743,0.0015466666666666667,8849.388657316782,,,,,,,,
0.1,1.3333333333333333,47,0.18,0.026863945368974743,0.0013466666666666666,8855.686190118022,,,,,,,,
0.1,1.3333333333333333,48,0.36,0.036783659909563504,0.00128,8838.114249897944,,,,,,,,
0.1,1.3333333333333333,49,0.64,0.04080281553289028,0.0020399999999999997,8836.222995594013,,,,,,,,
0.1,1.3333333333333333,50,0.08,0.020841173653010373,0.0013733333333333334,8866.957577364352,,,,,,,,
0.1,1.3333333333333333,51,0.16,0.027663811779595104,0.0016266666666666665,8847.602358069415,,,,,,,,
0.1,1.3333333333333333,52,0.72,0.03180042449783137,0.00168,8843.375099721039,,,,,,,,
0.1,1.3333333333333333,53,0.0,0.012496679241273047,0.0014000000000000002,8856.851550240888,,,,,,,,
0.1,1.3333333333333333,54,0.24,0.03206883368561673,0.0016133333333333336,8847.436566528499,,,,,,,,
0.1,1.3333333333333333,55,1.0,0.02959795748869544,0.00172,8870.282785819263,,,,,,,,
0.1,1.3333333333333333,56,0.96,0.035507969221710026,0.0012800000000000003,8841.146730769971,,,,,,,,
0.1,1.3333333333333333,57,0.04,0.015128118367221383,0.0015866666666666668,8859.393031349662,,,,,,,,
0.1,1.3333333333333333,58,0.12,0.026815958657602508,0.0017866666666666667,8855.981829431745,,,,,,,,
0.1,1.3333333333333333,59,0.12,0.028488286760149934,0.00136,8886.947204862714,,,,,,,,
0.1,1.3333333333333333,60,0.84,0.03252637731089852,0.0014000000000000002,8843.213322860382,,,,,,,,
0.1,1.3333333333333333,61,0.24,0.036389762994703166,0.0016533333333333333,8858.935335479817,,,,,,,,
0.1,1.3333333333333333,62,0.08,0.01931658485781959,0.0017066666666666669,8850.687885320556,,,,,,,,
0.1,1.3333333333333333,63,0.44,0.041994964031938406,0.0017599999999999998,8847.772188001001,,,,,,,,
0.1,1.3333333333333333,64,0.92,0.04780936987279847,0.0015333333333333332,8847.510628699323,,,,,,,,
0.1,1.3333333333333333,65,0.0,0.01931658485781959,0.0015466666666666665,8859.784033399,,,,,,,,
0.1,1.3333333333333333,66,1.0,0.03247716017102956,0.00188,8866.495296894993,,,,,,,,
0.1,1.3333333333333333,67,0.04,0.019290657971638623,0.0015866666666666668,8843.285243645374,,,,,,,,
0.1,1.3333333333333333,68,1.0,0.04034223489758879,0.0013999999999999998,8875.819334277805,,,,,,,,
0.1,1.3333333333333333,69,0.04,0.019872650650589067,0.0013733333333333334,8876.835185975837,,,,,,,,
0.1,1.3333333333333333,70,0.96,0.028970438955366204,0.0015333333333333332,8898.695528065991,,,,,,,,
0.1,1.3333333333333333,71,1.0,0.026867724542214685,0.001,8897.31054253626,,,,,,,,
0.1,1.3333333333333333,72,1.0,0.03032391030176259,0.0018933333333333332,8869.221108448404,,,,,,,,
0.1,1.3333333333333333,73,0.8,0.05058203662282532,0.0016,8863.763943748247,,,,,,,,
0.1,1.3333333333333333,74,1.0,0.03255230419707949,0.0017466666666666665,8871.019652226169,,,,,,,,
0.1,1.3333333333333333,75,0.28,0.019195914977390875,0.0013333333333333335,8869.121016957968,,,,,,,,
0.1,1.3333333333333333,76,0.24,0.022679258051616476,0.0014533333333333334,8802.773381314006,,,,,,,,
0.1,1.3333333333333333,77,0.56,0.05149098771049615,0.0014933333333333335,8844.395992091208,,,,,,,,
0.1,1.3333333333333333,78,0.04,0.013652834599649328,0.0015466666666666665,8835.634664781985,,,,,,,,
0.1,1.3333333333333333,79,0.16,0.020693346457903963,0.0017866666666666667,8836.690209176322,,,,,,,,
0.1,1.3333333333333333,80,0.0,0.023499953858931368,0.0016933333333333334,8886.474846462708,,,,,,,,
0.1,1.3333333333333333,81,0.0,0.011086248643232863,0.0015733333333333335,8844.945285882237,,,,,,,,
0.1,1.3333333333333333,82,0.12,0.0312740647644828,0.0015733333333333333,8879.689877665629,,,,,,,,
0.1,1.3333333333333333,83,0.28,0.059256763601151244,0.0019066666666666665,8865.03944539872,,,,,,,,
0.1,1.3333333333333333,84,0.0,0.016482820142114493,0.0014933333333333333,8861.54914461197,,,,,,,,
0.1,1.3333333333333333,85,1.0,0.02396259497369959,0.00056,8938.58756942041,,,,,,,,
0.1,1.3333333333333333,86,0.64,0.03615745969248076,0.0016133333333333334,8847.710581000283,,,,,,,,
0.1,1.3333333333333333,87,1.0,0.045503099441393455,0.0017866666666666669,8832.158509182947,,,,,,,,
0.1,1.3333333333333333,88,0.48,0.04708068454969313,0.0015200000000000003,8882.420100946909,,,,,,,,
0.1,1.3333333333333333,89,0.96,0.04275392357769547,0.00196,8851.784883403827,,,,,,,,
0.1,1.3333333333333333,90,0.0,0.019534458589489503,0.0014800000000000002,8835.467571496072,,,,,,,,
0.1,1.3333333333333333,91,0.52,0.03478474891868106,0.0015733333333333335,8870.094320093416,,,,,,,,
0.1,1.3333333333333333,92,1.0,0.027593677355281832,0.0014133333333333337,8874.798444446711,,,,,,,,
0.1,1.3333333333333333,93,1.0,0.03395499268334483,0.0015066666666666668,8837.357934217274,,,,,,,,
0.1,1.3333333333333333,94,0.96,0.040570399485776766,0.0016399999999999997,8856.808325784797,,,,,,,,
0.1,1.3333333333333333,95,1.0,0.04056634865949209,0.0020133333333333336,8869.877851848127,,,,,,,,
0.1,1.3333333333333333,96,1.0,0.040416060607392244,0.00148,8846.660692572137,,,,,,,,
0.1,1.3333333333333333,97,1.0,0.04204823199809203,0.0018400000000000003,8854.04206646899,,,,,,,,
0.1,1.3333333333333333,98,0.2,0.022097265372666028,0.0011466666666666665,8836.689566612502,,,,,,,,
0.1,1.3333333333333333,99,0.52,0.044823631258157075,0.001413333333333333,8839.040992670332,,,,,,,,
0.1,1.3333333333333333,100,0.76,0.028996365841547172,0.001466666666666667,8837.794539349192,,,,,,,,
0.1,1.3333333333333333,101,0.0,0.010358977513919223,0.0016,8824.353670948847,,,,,,,,
0.1,1.3333333333333333,102,0.4,0.07119397339680025,0.0018,8873.317721121646,,,,,,,,
0.1,1.3333333333333333,103,0.36,0.03189894666531905,0.001733333333333333,8839.426741928644,,,,,,,,
0.1,1.3333333333333333,104,0.04,0.024807899350948962,0.0015200000000000003,8830.025584452007,,,,,,,,
0.1,1.3333333333333333,105,1.0,0.02401181211356855,0.0017333333333333335,8828.381058405108,,,,,,,,
0.1,1.3333333333333333,106,0.04,0.024879264203758956,0.0016933333333333334,8835.285300859901,,,,,,,,
0.1,1.3333333333333333,107,0.36,0.02200006152142483,0.0017866666666666669,8852.555412373644,,,,,,,,
0.1,1.3333333333333333,108,0.32,0.028340459565043524,0.0016266666666666665,8841.861814699432,,,,,,,,
0.1,1.3333333333333333,109,0.04,0.020669968316466204,0.001333333333333333,8846.430036570946,,,,,,,,
0.1,1.3333333333333333,110,0.08,0.027035062817769143,0.0014533333333333334,8848.906959037473,,,,,,,,
0.1,1.3333333333333333,111,0.6,0.03335471935244306,0.0015066666666666668,8825.503320287786,,,,,,,,
0.1,1.3333333333333333,112,0.0,0.02214780082878148,0.0014933333333333333,8865.839512473765,,,,,,,,
0.1,1.3333333333333333,113,0.04,0.019438485166745033,0.001653333333333334,8868.5077037993,,,,,,,,
0.1,1.3333333333333333,114,0.16,0.024179150389123008,0.00168,8838.666857792998,,,,,,,,
0.1,1.3333333333333333,115,0.0,0.01868660546749691,0.0015066666666666668,8859.85595224075,,,,,,,,
0.1,1.3333333333333333,116,1.0,0.03973932493419405,0.0018533333333333336,8852.414003658625,,,,,,,,
0.1,1.3333333333333333,117,0.4,0.026889784367405946,0.0016666666666666666,8838.567530627686,,,,,,,,
0.1,1.3333333333333333,118,0.12,0.037811778796121596,0.0013333333333333333,8846.845745742954,,,,,,,,
0.1,1.3333333333333333,119,0.0,0.013700821311021563,0.0014399999999999999,8840.545471081525,,,,,,,,
0.1,3.0,0,0.0,0.008182349503214495,0.00164,8862.005178903784,,,,,,,,
0.1,3.0,1,0.0,0.005447106954997077,0.001973333333333333,8842.08489988195,,,,,,,,
0.1,3.0,2,0.0,0.004792518994739918,0.00184,8836.12405951042,,,,,,,,
0.1,3.0,3,0.0,0.004769140853302162,0.00164,8848.935482315936,,,,,,,,
0.1,3.0,4,0.0,0.009538281706604326,0.0014933333333333335,8844.708659811604,,,,,,,,
0.1,3.0,5,0.0,0.00820572764465225,0.00172,8844.496622052082,,,,,,,,
0.1,3.0,6,0.0,0.006196437909501984,0.001826666666666667,8845.22467899018,,,,,,,,
0.1,3.0,7,0.0,0.007504383401519579,0.0022266666666666667,8853.690783348233,,,,,,,,
0.1,3.0,8,0.0,0.007504383401519579,0.0019733333333333334,8817.929302653605,,,,,,,,
0.1,3.0,9,0.0,0.005518471807807068,0.0016933333333333336,8860.273634220895,,,,,,,,
0.1,3.0,10,0.0,0.006826417299824663,0.0016,8856.663887036259,,,,,,,,
0.1,3.0,11,0.0,0.004067796610169492,0.0017333333333333335,8864.79472439201,,,,,,,,
0.1,3.0,12,0.0,0.0054950936663693125,0.0021866666666666666,8840.601407876282,,,,,,,,
0.1,3.0,13,0.0,0.005447106954997077,0.0017599999999999998,8850.593281848503,,,,,,,,
0.1,3.0,14,0.0,0.005423728813559322,0.0017066666666666667,8839.888344505687,,,,,,,,
0.1,3.0,15,0.0,0.0047457627118644066,0.0018133333333333335,8852.36578509562,,,,,,,,
0.1,3.0,16,0.0,0.004067796610169492,0.0016533333333333337,8852.418829228372,,,,,,,,
0.1,3.0,17,0.0,0.006803039158386908,0.00168,8862.385437885529,,,,,,,,
0.1,3.0,18,0.0,0.0054950936663693125,0.0015599999999999998,8829.047708899723,,,,,,,,
0.1,3.0,19,0.0,0.004091174751607247,0.0017866666666666664,8871.413435505445,,,,,,,,
0.1,3.0,20,0.0,0.008182349503214495,0.0019333333333333336,8861.23998846053,,,,,,,,
0.1,3.0,21,0.0,0.007504383401519579,0.00204,8884.797052696307,,,,,,,,
0.1,3.0,22,0.0,0.0047457627118644066,0.0018133333333333335,8836.820722334878,,,,,,,,
0.1,3.0,23,0.0,0.006803039158386908,0.00184,8839.66451422653,,,,,,,,
0.1,3.0,24,0.0,0.004091174751607247,0.0015200000000000003,8840.268299113932,,,,,,,,
0.1,3.0,25,0.0,0.007504383401519579,0.00172,8843.524684768792,,,,,,,,
0.1,3.0,26,0.0,0.0034132086499123315,0.0014533333333333334,8827.44510576327,,,,,,,,
0.1,3.0,27,0.0,0.006779661016949152,0.0016799999999999999,8878.149143232125,,,,,,,,
0.1,3.0,28,0.0,0.002711864406779661,0.001893333333333333,8857.719038498699,,,,,,,,
0.1,3.0,29,0.0,0.006125073056691992,0.0017599999999999998,8856.64419035546,,,,,,,,
0.1,3.0,30,0.0,0.005423728813559322,0.0016266666666666669,8855.509820082463,,,,,,,,
0.1,3.0,31,0.0,0.006849795441262419,0.0016133333333333334,8837.96742791729,,,,,,,,
0.1,3.0,32,0.0,0.00815897136177674,0.0017066666666666669,8833.156143620845,,,,,,,,
0.1,3.0,33,0.0,0.0034132086499123315,0.0019333333333333333,8860.069811029276,,,,,,,,
0.1,3.0,34,0.0,0.008836937463471653,0.0018133333333333335,8802.598300767298,,,,,,,,
0.1,3.0,35,0.0,0.006826417299824664,0.00184,8866.156757872912,,,,,,,,
0.1,3.0,36,0.04,0.009633024700852071,0.0014800000000000002,8845.472082267042,,,,,,,,
0.1,3.0,37,0.0,0.007504383401519579,0.0017866666666666667,8878.102950003471,,,,,,,,
0.1,3.0,38,0.0,0.005470485096434833,0.0018533333333333336,8828.795010996437,,,,,,,,
0.1,3.0,39,0.0,0.004091174751607247,0.0018666666666666666,8832.008137568822,,,,,,,,
0.1,3.0,40,0.0,0.002033898305084746,0.0018266666666666665,8847.823229242735,,,,,,,,
0.1,3.0,41,0.0,0.006125073056691992,0.00184,8837.790216699424,,,,,,,,
0.1,3.0,42,0.0,0.002711864406779661,0.0016,8863.454671610585,,,,,,,,
0.1,3.0,43,0.0,0.008135593220338983,0.0014000000000000002,8852.354752037607,,,,,,,,
0.1,3.0,44,0.0,0.00886031560490941,0.0018133333333333335,8858.079183656393,,,,,,,,
0.1,3.0,45,0.0,0.0034132086499123315,0.0015866666666666668,8846.639832704834,,,,,,,,
0.1,3.0,46,0.0,0.005518471807807068,0.001746666666666667,8846.557889019969,,,,,,,,
0.1,3.0,47,0.0,0.0047457627118644066,0.0017333333333333335,8861.436391511194,,,,,,,,
0.1,3.0,48,0.0,0.003389830508474576,0.0018666666666666664,8862.465331112064,,,,,,,,
0.1,3.0,49,0.0,0.006897782152634655,0.0020399999999999997,8849.743784624407,,,,,,,,
0.1,3.0,50,0.0,0.0048171275646743976,0.0022266666666666667,8865.305605723086,,,,,,,,
0.1,3.0,51,0.0,0.007552370112891815,0.0017466666666666665,8850.163352547635,,,,,,,,
0.1,3.0,52,0.0,0.008836937463471655,0.0016933333333333334,8861.380129277783,,,,,,,,
0.1,3.0,53,0.04,0.01152542372881356,0.0019066666666666668,8861.669343048667,,,,,,,,
0.1,3.0,54,0.0,0.006125073056691992,0.001746666666666667,8866.742860391014,,,,,,,,
0.1,3.0,55,0.0,0.0061016949152542365,0.0017066666666666667,8828.754891698065,,,,,,,,
0.1,3.0,56,0.0,0.006803039158386908,0.0018533333333333331,8841.834085571843,,,,,,,,
0.1,3.0,57,0.0,0.005447106954997078,0.00196,8860.698868787957,,,,,,,,
0.1,3.0,58,0.0,0.007481005260081823,0.0017200000000000002,8834.717378763607,,,,,,,,
0.1,3.0,59,0.0,0.007623734965701805,0.001426666666666667,8870.198745752004,,,,,,,,
0.1,3.0,60,0.0,0.0075277615429573345,0.00184,8851.225607520308,,,,,,,,
0.1,3.0,61,0.0,0.007504383401519579,0.002,8875.07325181175,,,,,,,,
0.1,3.0,62,0.0,0.004769140853302163,0.00148,8841.388911517288,,,,,,,,
0.1,3.0,63,0.0,0.006779661016949152,0.0019066666666666665,8859.812718067786,,,,,,,,
0.1,3.0,64,0.0,0.0027352425482174165,0.0017466666666666665,8859.432211619489,,,,,,,,
0.1,3.0,65,0.0,0.006826417299824664,0.002173333333333333,8843.930772339267,,,,,,,,
0.1,3.0,66,0.0,0.003389830508474576,0.0017466666666666665,8858.159787735378,,,,,,,,
0.1,3.0,67,0.0,0.00614845119812975,0.0019733333333333334,8870.120738379745,,,,,,,,
0.1,3.0,68,0.0,0.007481005260081823,0.0019466666666666666,8869.579924712352,,,,,,,,
0.1,3.0,69,0.0,0.006101694915254237,0.0014666666666666665,8842.75137355473,,,,,,,,
0.1,3.0,70,0.0,0.004091174751607247,0.0017733333333333334,8849.339523321962,,,,,,,,
0.1,3.0,71,0.0,0.007552370112891815,0.00184,8845.977136392805,,,,,,,,
0.1,3.0,72,0.0,0.006125073056691994,0.0017733333333333334,8866.472506589791,,,,,,,,
0.1,3.0,73,0.0,0.007481005260081825,0.0014133333333333333,8830.348912187335,,,,,,,,
0.1,3.0,74,0.0,0.007504383401519579,0.0017599999999999998,8833.576593399284,,,,,,,,
0.1,3.0,75,0.0,0.007457627118644068,0.0017599999999999998,8847.988872913209,,,,,,,,
0.1,3.0,76,0.0,0.007504383401519579,0.0017733333333333331,8847.389690409034,,,,,,,,
0.1,3.0,77,0.0,0.004769140853302162,0.0019333333333333336,8866.61171825145,,,,,,,,
0.1,3.0,78,0.0,0.006779661016949152,0.002173333333333333,8866.782358499113,,,,,,,,
0.1,3.0,79,0.0,0.006148451198129747,0.0018933333333333332,8886.153483129236,,,,,,,,
0.1,3.0,80,0.0,0.003389830508474576,0.0019866666666666665,8845.409040625309,,,,,,,,
0.1,3.0,81,0.0,0.008135593220338983,0.002213333333333333,8841.567682295812,,,,,,,,
0.1,3.0,82,0.0,0.006125073056691993,0.0015466666666666665,8856.753549932984,,,,,,,,
0.1,3.0,83,0.0,0.0068744040111969,0.00164,8853.7476007359,,,,,,,,
0.1,3.0,84,0.0,0.005447106954997077,0.0015733333333333333,8862.150406597673,,,,,,,,
0.1,3.0,85,0.0,0.012273524254821741,0.0016133333333333336,8863.735547428974,,,,,,,,
0.1,3.0,86,0.0,0.006125073056691993,0.0017200000000000002,8862.228646825482,,,,,,,,
0.1,3.0,87,0.0,0.006826417299824664,0.0020533333333333337,8822.220248822558,,,,,,,,
0.1,3.0,88,0.0,0.007504383401519579,0.001746666666666667,8833.978353041532,,,,,,,,
0.1,3.0,89,0.0,0.0047457627118644066,0.0017733333333333334,8842.447111861411,,,,,,,,
0.1,3.0,90,0.0,0.006779661016949152,0.0018533333333333331,8877.636187960425,,,,,,,,
0.1,3.0,91,0.0,0.006101694915254237,0.0019333333333333336,8832.898911604447,,,,,,,,
0.1,3.0,92,0.0,0.002711864406779661,0.0018533333333333331,8822.490228510056,,,,,,,,
0.1,3.0,93,0.0,0.00886031560490941,0.0018,8835.4841852324,,,,,,,,
0.1,3.0,94,0.0,0.0047457627118644066,0.0016133333333333336,8862.458639026976,,,,,,,,
0.1,3.0,95,0.0,0.0034132086499123315,0.0018666666666666666,8866.401511084008,,,,,,,,
0.1,3.0,96,0.0,0.00815897136177674,0.0017599999999999998,8860.822454001242,,,,,,,,
0.1,3.0,97,0.0,0.005447106954997077,0.0019333333333333336,8817.182053181068,,,,,,,,
0.1,3.0,98,0.0,0.0075289919714540575,0.0017866666666666664,8837.579752862783,,,,,,,,
0.1,3.0,99,0.0,0.005423728813559322,0.001986666666666667,8852.576934158798,,,,,,,,
0.1,3.0,100,0.0,0.004769140853302162,0.0017733333333333334,8877.300292651122,,,,,,,,
0.1,3.0,101,0.04,0.008230336214586728,0.0020933333333333333,8829.903337465239,,,,,,,,
0.1,3.0,102,0.0,0.005423728813559322,0.0018933333333333335,8848.631981716677,,,,,,,,
0.1,3.0,103,0.0,0.008135593220338983,0.0016666666666666668,8859.775213855353,,,,,,,,
0.1,3.0,104,0.0,0.004769140853302162,0.002,8831.950887782825,,,,,,,,
0.1,3.0,105,0.0,0.00956165984804208,0.0018133333333333332,8872.308456788951,,,,,,,,
0.1,3.0,106,0.0,0.005423728813559322,0.0022266666666666667,8852.352743669036,,,,,,,,
0.1,3.0,107,0.0,0.007527761542957335,0.0019866666666666665,8856.338063127605,,,,,,,,
0.1,3.0,108,0.0,0.0047457627118644066,0.0020533333333333332,8848.348644725074,,,,,,,,
0.1,3.0,109,0.0,0.0047457627118644066,0.0019733333333333334,8847.362962815629,,,,,,,,
0.1,3.0,110,0.0,0.003389830508474576,0.0015200000000000003,8874.951635866037,,,,,,,,
0.1,3.0,111,0.0,0.005447106954997077,0.0015599999999999998,8841.529220375322,,,,,,,,
0.1,3.0,112,0.0,0.008860315604909408,0.0017733333333333334,8848.984166131551,,,,,,,,
0.1,3.0,113,0.0,0.0047457627118644066,0.0018266666666666668,8864.70546871838,,,,,,,,
0.1,3.0,114,0.0,0.004769140853302162,0.0020800000000000003,8838.049128205908,,,,,,,,
0.1,3.0,115,0.0,0.006826417299824664,0.0018933333333333332,8827.953897931979,,,,,,,,
0.1,3.0,116,0.0,0.006125073056691993,0.00172,8845.701855245054,,,,,,,,
0.1,3.0,117,0.0,0.005423728813559322,0.0018133333333333335,8852.057565757681,,,,,,,,
0.1,3.0,118,0.0,0.005423728813559322,0.0020533333333333332,8868.27392731349,,,,,,,,
0.1,3.0,119,0.0,0.010287612661109231,0.0018133333333333335,8850.194894447593,,,,,,,,
0.125,1.3333333333333333,0,0.6,0.05089769834855812,0.0015866666666666668,11048.259734053167,,,,,,,,
0.125,1.3333333333333333,1,0.04,0.015804854040419578,0.0014400000000000005,11088.44015516427,,,,,,,,
0.125,1.3333333333333333,2,0.0,0.008883693746347164,0.0013866666666666667,11070.086459167633,,,,,,,,
0.125,1.3333333333333333,3,1.0,0.02616506198283552,0.0011733333333333333,11102.360529942893,,,,,,,,
0.125,1.3333333333333333,4,0.08,0.0306415366294169,0.0013333333333333333,11064.809098199788,,,,,,,,
0.125,1.3333333333333333,5,0.36,0.02415331139069181,0.00132,11037.696265955996,,,,,,,,
0.125,1.3333333333333333,6,0.0,0.0158060844689163,0.0012933333333333332,11098.117535428324,,,,,,,,
0.125,1.3333333333333333,7,0.0,0.01667476698760343,0.0012266666666666667,11061.346833327065,,,,,,,,
0.125,1.3333333333333333,8,1.0,0.02969771008467984,0.0013333333333333335,11103.80169906619,,,,,,,,
0.125,1.3333333333333333,9,0.2,0.02711152516006556,0.00124,11071.786662106699,,,,,,,,
0.125,1.3333333333333333,10,0.0,0.015128118367221383,0.0013333333333333333,11073.811318792556,,,,,,,,
0.125,1.3333333333333333,11,0.08,0.009585037989479836,0.0014133333333333333,11087.626520349362,,,,,,,,
0.125,1.3333333333333333,12,0.0,0.017886739056876554,0.00116,11047.756995707292,,,,,,,,
0.125,1.3333333333333333,13,1.0,0.028244486142299054,0.0016399999999999997,11040.876459366482,,,,,,,,
0.125,1.3333333333333333,14,0.12,0.024881812948502165,0.0013066666666666665,11091.316524333397,,,,,,,,
0.125,1.3333333333333333,15,1.0,0.03325233012396567,0.0014266666666666666,11057.778505011056,,,,,,,,
0.125,1.3333333333333333,16,1.0,0.023310467870435878,0.0007066666666666666,11136.351549202669,,,,,,,,
0.125,1.3333333333333333,17,0.04,0.022051827406037002,0.0015200000000000003,11092.751110843164,,,,,,,,
0.125,1.3333333333333333,18,0.96,0.03916912519330311,0.0020800000000000003,11050.10708778607,,,,,,,,
0.125,1.3333333333333333,19,1.0,0.04496307804560904,0.0017599999999999998,11090.243170014568,,,,,,,,
0.125,1.3333333333333333,20,0.84,0.039016104631165074,0.0017333333333333335,11082.336883357246,,,,,,,,
0.125,1.3333333333333333,21,0.0,0.013046233350764404,0.0012000000000000001,11049.214078498338,,,,,,,,
0.125,1.3333333333333333,22,0.04,0.014354178842781999,0.00144,11080.27376510413,,,,,,,,
0.125,1.3333333333333333,23,0.0,0.018588083300009228,0.0014666666666666667,11045.496041723674,,,,,,,,
0.125,1.3333333333333333,24,0.36,0.04484955814433804,0.001386666666666667,11075.17024281133,,,,,,,,
0.125,1.3333333333333333,25,0.0,0.012321510966193976,0.0016933333333333336,11068.133205185703,,,,,,,,
0.125,1.3333333333333333,26,0.36,0.038511804723007775,0.00184,11056.601939883314,,,,,,,,
0.125,1.3333333333333333,27,0.28,0.041243084332690284,0.0014533333333333334,11071.136626371164,,,,,,,,
0.125,1.3333333333333333,28,0.44,0.05286633511678882,0.00164,11095.471321951616,,,,,,,,
0.125,1.3333333333333333,29,0.08,0.022123192258847,0.001426666666666667,11064.465091428387,,,,,,,,
0.125,1.3333333333333333,30,0.12,0.02209726537266603,0.0014533333333333334,11088.389130260228,,,,,,,,
0.125,1.3333333333333333,31,0.0,0.019942785074902335,0.0014533333333333332,11063.632249327666,,,,,,,,
0.125,1.3333333333333333,32,0.04,0.04430273654488487,0.0017066666666666667,11088.9142033682,,,,,,,,
0.125,1.3333333333333333,33,0.0,0.018611461441446982,0.0013733333333333334,11074.969576986789,,,,,,,,
0.125,1.3333333333333333,34,0.4,0.03853754784389377,0.0015733333333333333,11089.74794737858,,,,,,,,
0.125,1.3333333333333333,35,0.0,0.009538281706604325,0.0013999999999999998,11057.481765627135,,,,,,,,
0.125,1.3333333333333333,36,0.32,0.030423662897746995,0.00132,11054.598405038072,,,,,,,,
0.125,1.3333333333333333,37,0.0,0.015250018676146823,0.00136,11046.204335819399,,,,,,,,
0.125,1.3333333333333333,38,1.0,0.02904558298141613,0.0016133333333333334,11030.977877959307,,,,,,,,
0.125,1.3333333333333333,39,0.0,0.011618936294564584,0.0011466666666666667,11082.212904659025,,,,,,,,
0.125,1.3333333333333333,40,1.0,0.024036420683503028,0.00084,11123.978474067851,,,,,,,,
0.125,1.3333333333333333,41,1.0,0.04707927035590144,0.00184,11069.54603288491,,,,,,,,
0.125,1.3333333333333333,42,0.14,0.023579148711265967,0.0012933333333333332,11084.832634879773,,,,,,,,
0.125,1.3333333333333333,43,0.28,0.053404183405466064,0.0015866666666666666,11046.729683669566,,,,,,,,
0.125,1.3333333333333333,44,0.92,0.03322772155403119,0.0018000000000000002,11043.776991130573,,,,,,,,
0.125,1.3333333333333333,45,0.4,0.03340412025760698,0.001306666666666667,11075.841346898866,,,,,,,,
0.125,1.3333333333333333,46,0.12,0.031245589133558616,0.0017066666666666662,11043.406788357077,,,,,,,,
0.125,1.3333333333333333,47,0.52,0.043472980309548645,0.00148,11041.938015544029,,,,,,,,
0.125,1.3333333333333333,48,0.92,0.03763661052104252,0.00168,11100.104150843421,,,,,,,,
0.125,1.3333333333333333,49,0.32,0.04778476130286398,0.0015199999999999997,11084.171951174307,,,,,,,,
0.125,1.3333333333333333,50,0.04,0.0137488080223938,0.0014399999999999999,11082.4775065287,,,,,,,,
0.125,1.3333333333333333,51,1.0,0.037711754547092455,0.0018000000000000002,11046.159019361225,,,,,,,,
0.125,1.3333333333333333,52,0.0,0.012320280537697252,0.0012933333333333332,11091.872224298902,,,,,,,,
0.125,1.3333333333333333,53,0.24,0.029189631003282604,0.0012933333333333332,11086.621160562174,,,,,,,,
0.125,1.3333333333333333,54,0.0,0.020890390792879333,0.0013333333333333335,11030.690832998978,,,,,,,,
0.125,1.3333333333333333,55,0.04,0.017937274512992006,0.0013866666666666667,11056.867827133268,,,,,,,,
0.125,1.3333333333333333,56,1.0,0.030452322293966147,0.0014399999999999999,11048.168657842873,,,,,,,,
0.125,1.3333333333333333,57,0.0,0.011642314436002337,0.0012666666666666668,11078.405748988103,,,,,,,,
0.125,1.3333333333333333,58,0.24,0.03848446364303511,0.0015066666666666668,11050.95339012065,,,,,,,,
0.125,1.3333333333333333,59,0.04,0.012343658679135007,0.0014399999999999999,11068.015145232861,,,,,,,,
0.125,1.3333333333333333,60,0.12,0.024905191089939924,0.0013333333333333333,11079.364075233165,,,,,,,,
0.125,1.3333333333333333,61,0.12,0.044875580908064226,0.0016666666666666668,11084.525529402423,,,,,,,,
0.125,1.3333333333333333,62,0.68,0.041166621990393865,0.0014933333333333335,11061.760514154454,,,,,,,,
0.125,1.3333333333333333,63,0.16,0.02705712264296041,0.0012399999999999998,11093.21882231674,,,,,,,,
0.125,1.3333333333333333,64,0.32,0.02635832714457095,0.0013999999999999998,11084.645331710715,,,,,,,,
0.125,1.3333333333333333,65,0.2,0.026959918791719214,0.001386666666666667,11088.396224651284,,,,,,,,
0.125,1.3333333333333333,66,0.16,0.029044352552919407,0.00108,11055.550514705505,,,,,,,,
0.125,1.3333333333333333,67,0.0,0.013606078316773818,0.001386666666666667,11043.631878847633,,,,,,,,
0.125,1.3333333333333333,68,0.16,0.028291242425174567,0.00124,11084.131034368314,,,,,,,,
0.125,1.3333333333333333,69,0.24,0.030572720521350124,0.0013599999999999999,11047.803928039242,,,,,,,,
0.125,1.3333333333333333,70,0.04,0.020620751176597247,0.0015733333333333335,11077.487681860961,,,,,,,,
0.125,1.3333333333333333,71,0.2,0.021322095419729917,0.001746666666666667,11060.291024362603,,,,,,,,
0.125,1.3333333333333333,72,1.0,0.04562877892355883,0.0017333333333333335,11066.602748724907,,,,,,,,
0.125,1.3333333333333333,73,1.0,0.03260283965319494,0.0014133333333333333,11091.494770597208,,,,,,,,
0.125,1.3333333333333333,74,0.24,0.025584387620131564,0.0010533333333333334,11048.539878235542,,,,,,,,
0.125,1.3333333333333333,75,0.12,0.02002444078423038,0.0012133333333333332,11035.267233967239,,,,,,,,
0.125,1.3333333333333333,76,0.16,0.02696114922021594,0.0015199999999999999,11060.484943789823,,,,,,,,
0.125,1.3333333333333333,77,0.0,0.014448921837029744,0.00148,11067.773082066422,,,,,,,,
0.125,1.3333333333333333,78,0.9,0.046328804850445014,0.0016,11057.364816084963,,,,,,,,
0.125,1.3333333333333333,79,0.76,0.03530714571349472,0.0018,11058.097775291533,,,,,,,,
0.125,1.3333333333333333,80,0.96,0.03761200195110804,0.0015733333333333335,11083.554613575046,,,,,,,,
0.125,1.3333333333333333,81,0.04,0.018638618756124676,0.0014266666666666666,11090.981921474282,,,,,,,,
0.125,1.3333333333333333,82,0.16,0.02923884814315157,0.001426666666666667,11074.033575248872,,,,,,,,
0.125,1.3333333333333333,83,0.04,0.018494570734258205,0.0016799999999999999,11066.823754844396,,,,,,,,
0.125,1.3333333333333333,84,0.04,0.015829462610354054,0.0015599999999999998,11061.3454680807,,,,,,,,
0.125,1.3333333333333333,85,0.0,0.017960652654429764,0.0014000000000000002,11081.359992022533,,,,,,,,
0.125,1.3333333333333333,86,0.08,0.020063367067581286,0.0014533333333333334,11075.18345761297,,,,,,,,
0.125,1.3333333333333333,87,1.0,0.028295021598414502,0.00148,11054.42248625811,,,,,,,,
0.125,1.3333333333333333,88,0.76,0.03644191327725118,0.0019066666666666668,11065.26965920172,,,,,,,,
0.125,1.3333333333333333,89,0.0,0.026283271006270786,0.0017599999999999998,11064.76008944805,,,,,,,,
0.125,1.3333333333333333,90,0.2,0.024155860135435022,0.0014000000000000002,11066.270841425985,,,,,,,,
0.125,1.3333333333333333,91,0.28,0.03177581592789689,0.0016666666666666666,11039.846784220501,,,,,,,,
0.125,1.3333333333333333,92,0.56,0.03327570826540342,0.0014133333333333333,11092.940094869524,,,,,,,,
0.125,1.3333333333333333,93,1.0,0.028945830385431727,0.0014000000000000002,11065.171163446703,,,,,,,,
0.125,1.3333333333333333,94,0.76,0.04277559900495088,0.0018133333333333332,11095.581948849267,,,,,,,,
0.125,1.3333333333333333,95,0.0,0.0164114552893045,0.0013333333333333335,11083.906543249017,,,,,,,,
0.125,1.3333333333333333,96,0.4,0.021929927097111567,0.00132,11059.825583294738,,,,,,,,
0.125,1.3333333333333333,97,0.48,0.029671783198498877,0.001413333333333333,11068.844291868249,,,,,,,,
0.125,1.3333333333333333,98,0.04,0.02640253468270325,0.0011466666666666667,11060.532437431391,,,,,,,,
0.125,1.3333333333333333,99,0.04,0.02221916568159147,0.00156,11074.83949072393,,,,,,,,
0.125,1.3333333333333333,100,0.96,0.029721000338367835,0.0014266666666666666,11070.93216723295,,,,,,,,
0.125,1.3333333333333333,101,0.08,0.022753171649169675,0.001386666666666667,11049.794158531517,,,,,,,,
0.125,1.3333333333333333,102,0.0,0.012226767971946231,0.0013999999999999998,11044.313359586291,,,,,,,,
0.125,1.3333333333333333,103,0.92,0.046311180249474254,0.00156,11063.510287119145,,,,,,,,
0.125,1.3333333333333333,104,0.0,0.012344889107631731,0.0014266666666666666,11072.300644817464,,,,,,,,
0.125,1.3333333333333333,105,1.0,0.03550665090546354,0.0017733333333333334,11073.615095885236,,,,,,,,
0.125,1.3333333333333333,106,1.0,0.029671783198498877,0.0015733333333333333,11069.60973626274,,,,,,,,
0.125,1.3333333333333333,107,0.04,0.022726014334491985,0.0010266666666666666,11067.677390056953,,,,,,,,
0.125,1.3333333333333333,108,0.8,0.039866506497900876,0.0016133333333333336,11037.07103236063,,,,,,,,
0.125,1.3333333333333333,109,1.0,0.03182635138401234,0.0014933333333333333,11089.704187810703,,,,,,,,
0.125,1.3333333333333333,110,0.68,0.03182635138401234,0.0015066666666666668,11061.199723480462,,,,,,,,
0.125,1.3333333333333333,111,0.32,0.036958644419347604,0.0014533333333333332,11072.992194082199,,,,,,,,
0.125,1.3333333333333333,112,0.0,0.018468731735827006,0.0013733333333333332,11060.126874601703,,,,,,,,
0.125,1.3333333333333333,113,0.24,0.026891102683652433,0.0012266666666666667,11024.026426803413,,,,,,,,
0.125,1.3333333333333333,114,0.08,0.011062870501795106,0.0017466666666666665,11080.199987770477,,,,,,,,
0.125,1.3333333333333333,115,0.4,0.025533852164016116,0.00164,11029.900942168504,,,,,,,,
0.125,1.3333333333333333,116,0.04,0.018541327017133714,0.00132,11069.703803173525,,,,,,,,
0.125,1.3333333333333333,117,0.08,0.017838752345504322,0.0012666666666666668,11081.808299062044,,,,,,,,
0.125,1.3333333333333333,118,0.92,0.03473016263628094,0.0014533333333333334,11071.378192969276,,,,,,,,
0.125,1.3333333333333333,119,0.04,0.020694664774150454,0.0013333333333333333,11040.207990266515,,,,,,,,
0.125,3.0,0,0.0,0.006803039158386908,0.0015866666666666666,11067.234982692344,,,,,,,,
0.125,3.0,1,0.0,0.004067796610169492,0.00136,11067.20249084248,,,,,,,,
0.125,3.0,2,0.0,0.006849795441262419,0.00164,11056.619112367678,,,,,,,,
0.125,3.0,3,0.0,0.011012335045679658,0.00156,11071.704070703374,,,,,,,,
0.125,3.0,4,0.04,0.008883693746347166,0.0016,11078.327565035936,,,,,,,,
0.125,3.0,5,0.0,0.008182349503214495,0.0015466666666666667,11041.251445830641,,,,,,,,
0.125,3.0,6,0.0,0.0047457627118644066,0.001333333333333333,11062.071962212996,,,,,,,,
0.125,3.0,7,0.0,0.009538281706604323,0.0015600000000000002,11109.583563364426,,,,,,,,
0.125,3.0,8,0.0,0.005447106954997077,0.0014533333333333332,11057.324161431712,,,,,,,,
0.125,3.0,9,0.0,0.006101694915254237,0.0012933333333333332,11033.536046137546,,,,,,,,
0.125,3.0,10,0.0,0.0047457627118644066,0.0016799999999999999,11058.134091417971,,,,,,,,
0.125,3.0,11,0.0,0.003389830508474576,0.0015199999999999999,11058.690377620058,,,,,,,,
0.125,3.0,12,0.0,0.005423728813559322,0.0016400000000000004,11058.350619245113,,,,,,,,
0.125,3.0,13,0.0,0.010239625949736996,0.0014399999999999999,11060.974302094308,,,,,,,,
0.125,3.0,14,0.0,0.008883693746347166,0.00188,11054.889220503934,,,,,,,,
0.125,3.0,15,0.0,0.005423728813559322,0.001173333333333333,11063.985395124822,,,,,,,,
0.125,3.0,16,0.0,0.005447106954997077,0.0015733333333333335,11021.95766988118,,,,,,,,
0.125,3.0,17,0.0,0.004792518994739918,0.0014533333333333334,11053.193182846033,,,,,,,,
0.125,3.0,18,0.0,0.009538281706604325,0.0017599999999999998,11072.206371253365,,,,,,,,
0.125,3.0,19,0.0,0.005447106954997077,0.0015066666666666668,11051.235203222303,,,,,,,,
0.125,3.0,20,0.0,0.007504383401519579,0.0015066666666666668,11064.160394100509,,,,,,,,
0.125,3.0,21,0.0,0.005447106954997077,0.00164,11110.265180589333,,,,,,,,
0.125,3.0,22,0.0,0.00820572764465225,0.0016533333333333333,11063.494430083043,,,,,,,,
0.125,3.0,23,0.0,0.009561659848042081,0.0015733333333333333,11067.613041649196,,,,,,,,
0.125,3.0,24,0.0,0.0013559322033898306,0.0015866666666666668,11075.546226309052,,,,,,,,
0.125,3.0,25,0.0,0.009562890276538805,0.001466666666666667,11074.868086260636,,,,,,,,
0.125,3.0,26,0.0,0.004067796610169492,0.0016533333333333333,11075.065869087617,,,,,,,,
0.125,3.0,27,0.0,0.004769140853302162,0.0015066666666666668,11078.576372194471,,,,,,,,
0.125,3.0,28,0.0,0.007504383401519579,0.00148,11083.440475328418,,,,,,,,
0.125,3.0,29,0.0,0.004067796610169492,0.00156,11062.013096467215,,,,,,,,
0.125,3.0,30,0.0,0.0034132086499123315,0.0014533333333333334,11083.524813106516,,,,,,,,
0.125,3.0,31,0.0,0.008883693746347166,0.0016666666666666668,11073.169159042463,,,,,,,,
0.125,3.0,32,0.0,0.006196437909501984,0.0013999999999999998,11046.186183138092,,,,,,,,
0.125,3.0,33,0.0,0.009609646559414315,0.0016666666666666666,11051.08196270717,,,,,,,,
0.125,3.0,34,0.0,0.006125073056691992,0.0016,11063.680420251623,,,,,,,,
0.125,3.0,35,0.0,0.004067796610169492,0.00136,11075.177496493256,,,,,,,,
0.125,3.0,36,0.0,0.005423728813559322,0.0013866666666666667,11050.50323521346,,,,,,,,
0.125,3.0,37,0.0,0.0027352425482174165,0.0011733333333333335,11076.468249158155,,,,,,,,
0.125,3.0,38,0.0,0.00820572764465225,0.0018133333333333335,10989.959329554971,,,,,,,,
0.125,3.0,39,0.0,0.006148451198129747,0.0016,11074.032116469045,,,,,,,,
0.125,3.0,40,0.0,0.007575748254329571,0.00136,11048.990556282692,,,,,,,,
0.125,3.0,41,0.0,0.008182349503214495,0.0015466666666666667,11089.755120336018,,,,,,,,
0.125,3.0,42,0.0,0.003413208649912332,0.0017600000000000003,11063.415337235883,,,,,,,,
0.125,3.0,43,0.0,0.002711864406779661,0.0016266666666666669,11071.282234434635,,,,,,,,
0.125,3.0,44,0.0,0.004067796610169492,0.0019066666666666668,11056.766057183706,,,,,,,,
0.125,3.0,45,0.0,0.006826417299824663,0.0018266666666666668,11085.936465905846,,,,,,,,
0.125,3.0,46,0.0,0.012391645390507244,0.0014933333333333335,11072.103209186622,,,,,,,,
0.125,3.0,47,0.0,0.006826417299824663,0.0014533333333333334,11042.247884115415,,,,,,,,
0.125,3.0,48,0.0,0.005447106954997077,0.0015199999999999999,11074.79762726797,,,,,,,,
0.125,3.0,49,0.0,0.004769140853302162,0.0015066666666666668,11080.14173872681,,,,,,,,
0.125,3.0,50,0.0,0.005447106954997077,0.0013866666666666667,11085.49080739499,,,,,,,,
0.125,3.0,51,0.0,0.0048171275646743976,0.00168,11086.686878871136,,,,,,,,
0.125,3.0,52,0.0,0.010988956904241903,0.00164,11063.45808613326,,,,,,,,
0.125,3.0,53,0.0,0.0047457627118644066,0.0017066666666666667,11079.283090147677,,,,,,,,
0.125,3.0,54,0.0,0.008158971361776738,0.0015599999999999998,11047.69766181437,,,,,,,,
0.125,3.0,55,0.0,0.002711864406779661,0.0014399999999999999,11056.4133989432,,,,,,,,
0.125,3.0,56,0.0,0.0047457627118644066,0.0016799999999999999,11081.247809395027,,,,,,,,
0.125,3.0,57,0.0,0.004067796610169492,0.0014933333333333335,11075.342132981254,,,,,,,,
0.125,3.0,58,0.0,0.003389830508474576,0.0014933333333333335,11081.96933256341,,,,,,,,
0.125,3.0,59,0.0,0.008182349503214495,0.0013866666666666667,11059.90115608158,,,,,,,,
0.125,3.0,60,0.0,0.006826417299824663,0.0015066666666666668,11064.188423427911,,,,,,,,
0.125,3.0,61,0.0,0.007457627118644068,0.00172,11043.28892332767,,,,,,,,
0.125,3.0,62,0.0,0.008836937463471655,0.0015866666666666668,11098.794146010612,,,,,,,,
0.125,3.0,63,0.0,0.007528991971454058,0.0012933333333333336,11037.0315900839,,,,,,,,
0.125,3.0,64,0.0,0.005447106954997078,0.0015866666666666666,11051.208370122109,,,,,,,,
0.125,3.0,65,0.0,0.004091174751607246,0.00156,11056.133755130935,,,,,,,,
0.125,3.0,66,0.0,0.007504383401519579,0.0016666666666666668,11052.628929220666,,,,,,,,
0.125,3.0,67,0.0,0.006125073056691993,0.0014800000000000002,11021.588990428374,,,,,,,,
0.125,3.0,68,0.0,0.004114552893045003,0.0014800000000000002,11061.41309655418,,,,,,,,
0.125,3.0,69,0.0,0.008182349503214495,0.00156,11056.848986315394,,,,,,,,
0.125,3.0,70,0.0,0.007457627118644068,0.0014266666666666666,11066.165415945034,,,,,,,,
0.125,3.0,71,0.0,0.004769140853302162,0.00164,11069.557188732264,,,,,,,,
0.125,3.0,72,0.0,0.003389830508474576,0.0014666666666666665,11081.32102881939,,,,,,,,
0.125,3.0,73,0.0,0.00956165984804208,0.0013466666666666666,11040.780213114997,,,,,,,,
0.125,3.0,74,0.0,0.010264234519671477,0.001386666666666667,11053.219416604767,,,,,,,,
0.125,3.0,75,0.0,0.0047457627118644066,0.0015733333333333333,11074.678560781025,,,,,,,,
0.125,3.0,76,0.0,0.007504383401519579,0.0014666666666666667,11092.421322394497,,,,,,,,
0.125,3.0,77,0.0,0.007481005260081823,0.0016933333333333334,11072.999055564964,,,,,,,,
0.125,3.0,78,0.0,0.009030202625207085,0.0015200000000000003,11060.602935664361,,,,,,,,
0.125,3.0,79,0.0,0.009561659848042081,0.00148,11100.70838164799,,,,,,,,
0.125,3.0,80,0.0,0.007552370112891814,0.0014666666666666667,11068.088840539795,,,,,,,,
0.125,3.0,81,0.0,0.004769140853302162,0.0017333333333333335,11061.22141538804,,,,,,,,
0.125,3.0,82,0.0,0.0075277615429573345,0.0016933333333333334,11043.266840024411,,,,,,,,
0.125,3.0,83,0.0,0.006803039158386908,0.0014666666666666665,11108.562496057675,,,,,,,,
0.125,3.0,84,0.0,0.004792518994739918,0.0015466666666666667,11063.289430502082,,,,,,,,
0.125,3.0,85,0.0,0.007504383401519579,0.0013199999999999998,11053.595973733336,,,,,,,,
0.125,3.0,86,0.0,0.004067796610169492,0.0014266666666666666,11046.184996575344,,,,,,,,
0.125,3.0,87,0.0,0.005447106954997077,0.001386666666666667,11061.7632313659,,,,,,,,
0.125,3.0,88,0.0,0.006125073056691993,0.0012533333333333333,11079.517519592504,,,,,,,,
0.125,3.0,89,0.0,0.006125073056691992,0.0015199999999999999,11082.138134498642,,,,,,,,
0.125,3.0,90,0.0,0.00886031560490941,0.0015866666666666666,11037.134959202009,,,,,,,,
0.125,3.0,91,0.0,0.006779661016949152,0.0015866666666666668,11083.052762883774,,,,,,,,
0.125,3.0,92,0.0,0.0069211602940724105,0.001413333333333333,11061.560656320871,,,,,,,,
0.125,3.0,93,0.0,0.008907071887784921,0.00168,11043.56960162257,,,,,,,,
0.125,3.0,94,0.0,0.004769140853302162,0.0012533333333333333,11091.414289353717,,,,,,,,
0.125,3.0,95,0.0,0.006101694915254237,0.0015600000000000002,11087.038818481027,,,,,,,,
0.125,3.0,96,0.0,0.006779661016949152,0.00164,11079.681813083642,,,,,,,,
0.125,3.0,97,0.0,0.005470485096434834,0.0015199999999999999,11081.873470562023,,,,,,,,
0.125,3.0,98,0.0,0.008182349503214495,0.0013733333333333334,11073.041969411117,,,,,,,,
0.125,3.0,99,0.0,0.006101694915254237,0.0013333333333333335,11051.699800227047,,,,,,,,
0.125,3.0,100,0.0,0.007504383401519579,0.00168,11028.526393241445,,,,,,,,
0.125,3.0,101,0.0,0.011666923005936816,0.0015333333333333332,11046.79208369075,,,,,,,,
0.125,3.0,102,0.0,0.0047457627118644066,0.0013733333333333334,11052.032443148988,,,,,,,,
0.125,3.0,103,0.04,0.0047457627118644066,0.0017066666666666669,11054.503081965355,,,,,,,,
0.125,3.0,104,0.0,0.008182349503214495,0.0012666666666666668,11102.314230570077,,,,,,,,
0.125,3.0,105,0.0,0.004067796610169492,0.0015600000000000002,11052.471098661412,,,,,,,,
0.125,3.0,106,0.04,0.004769140853302163,0.0014666666666666667,11071.473652259003,,,,,,,,
0.125,3.0,107,0.0,0.003389830508474576,0.0016,11058.73936800637,,,,,,,,
0.125,3.0,108,0.0,0.008182349503214495,0.00144,11055.547849435949,,,,,,,,
0.125,3.0,109,0.0,0.0068744040111969,0.0012533333333333335,11043.662142955915,,,,,,,,
0.125,3.0,110,0.0,0.009585037989479836,0.0013999999999999998,11067.926599548939,,,,,,,,
0.125,3.0,111,0.0,0.002711864406779661,0.0014933333333333335,11030.697215599723,,,,,,,,
0.125,3.0,112,0.0,0.0047457627118644066,0.0013733333333333336,11074.772610894383,,,,,,,,
0.125,3.0,113,0.0,0.008836937463471655,0.0014266666666666666,11037.639941376054,,,,,,,,
0.125,3.0,114,0.0,0.0047457627118644066,0.0014399999999999999,11031.43275991102,,,,,,,,
0.125,3.0,115,0.0,0.0047457627118644066,0.0018266666666666668,11036.054395451325,,,,,,,,
0.125,3.0,116,0.0,0.005447106954997078,0.0015333333333333336,11033.4565538066,,,,,,,,
0.125,3.0,117,0.0,0.005423728813559322,0.0013999999999999998,11040.55770885225,,,,,,,,
0.125,3.0,118,0.0,0.0047457627118644066,0.0014933333333333335,11075.264017222613,,,,,,,,
0.125,3.0,119,0.0,0.004067796610169492,0.0018000000000000002,11066.491711616414,,,,,,,,
0.15,1.3333333333333333,0,0.0,0.013699590882524837,0.0012,13298.350160779863,,,,,,,,
0.15,1.3333333333333333,1,0.0,0.011666923005936818,0.0011466666666666667,13281.749675385196,,,,,,,,
0.15,1.3333333333333333,2,0.96,0.03322903987027768,0.00148,13267.541054294727,,,,,,,,
0.15,1.3333333333333333,3,0.0,0.01941132785206734,0.00108,13316.674171500747,,,,,,,,
0.15,1.3333333333333333,4,0.04,0.020068464557067713,0.0012666666666666666,13309.04258333472,,,,,,,,
0.15,1.3333333333333333,5,0.84,0.02756775046910086,0.0011066666666666666,13296.101741750157,,,,,,,,
0.15,1.3333333333333333,6,0.2,0.032723421645873885,0.0012,13327.293354580679,,,,,,,,
0.15,1.3333333333333333,7,0.16,0.019944015503399058,0.001,13260.468420911695,,,,,,,,
0.15,1.3333333333333333,8,0.96,0.02834555705452995,0.0014533333333333334,13230.50990887146,,,,,,,,
0.15,1.3333333333333333,9,0.96,0.05504419355599029,0.0017066666666666667,13312.21695575582,,,,,,,,
0.15,1.3333333333333333,10,0.28,0.03906258926099586,0.0016266666666666669,13242.321504644002,,,,,,,,
0.15,1.3333333333333333,11,0.04,0.014500687721641916,0.0012266666666666667,13318.437760787916,,,,,,,,
0.15,1.3333333333333333,12,0.52,0.028371667706005885,0.0013466666666666666,13286.73091872526,,,,,,,,
0.15,1.3333333333333333,13,0.16,0.027083049529141378,0.0013866666666666667,13295.640098720374,,,,,,,,
0.15,1.3333333333333333,14,0.28,0.03059486823429116,0.0012133333333333334,13339.916519879023,,,,,,,,
0.15,1.3333333333333333,15,0.0,0.017886739056876558,0.0014933333333333333,13286.213526485948,,,,,,,,
0.15,1.3333333333333333,16,0.72,0.034028818393148266,0.0015333333333333332,13266.758320717267,,,,,,,,
0.15,1.3333333333333333,17,0.08,0.020668737887969482,0.0012400000000000002,13260.936633482475,,,,,,,,
0.15,1.3333333333333333,18,0.36,0.04067986856076308,0.0016533333333333333,13271.792214025076,,,,,,,,
0.15,1.3333333333333333,19,1.0,0.04267038138889011,0.0010666666666666665,13310.046238276735,,,,,,,,
0.15,1.3333333333333333,20,0.56,0.04700280801360502,0.0015733333333333335,13292.06706762312,,,,,,,,
0.15,1.3333333333333333,21,0.64,0.03327693869390015,0.00116,13310.8152529688,,,,,,,,
0.15,1.3333333333333333,22,0.68,0.0582158635879144,0.0014933333333333333,13279.725620489828,,,,,,,,
0.15,1.3333333333333333,23,0.12,0.02205182740603701,0.0015066666666666664,13289.671955985126,,,,,,,,
0.15,1.3333333333333333,24,1.0,0.02691825999833013,0.0016,13291.997727514803,,,,,,,,
0.15,1.3333333333333333,25,0.04,0.024807899350948962,0.0012933333333333336,13258.367932549809,,,,,,,,
0.15,1.3333333333333333,26,0.24,0.018567253903314686,0.0012533333333333335,13286.709386931203,,,,,,,,
0.15,1.3333333333333333,27,0.8,0.03268071618928304,0.00136,13273.583209923561,,,,,,,,
0.15,1.3333333333333333,28,0.04,0.026380474857511983,0.0015466666666666667,13284.796470513393,,,,,,,,
0.15,1.3333333333333333,29,0.12,0.022774001045864217,0.0013733333333333334,13323.488830414586,,,,,,,,
0.15,1.3333333333333333,30,1.0,0.06396445659603554,0.001306666666666667,13280.081095467182,,,,,,,,
0.15,1.3333333333333333,31,0.0,0.015828232181857332,0.0012000000000000001,13291.679477179354,,,,,,,,
0.15,1.3333333333333333,32,0.8,0.028970438955366207,0.0011333333333333332,13303.469434933344,,,,,,,,
0.15,1.3333333333333333,33,1.0,0.02326125073056692,0.0008266666666666666,13308.10291901846,,,,,,,,
0.15,1.3333333333333333,34,0.08,0.020646590175028453,0.0012666666666666668,13257.55375594586,,,,,,,,
0.15,1.3333333333333333,35,0.6,0.026865175797471465,0.0015200000000000003,13285.11187563073,,,,,,,,
0.15,1.3333333333333333,36,1.0,0.035507969221710026,0.001413333333333333,13281.172626504935,,,,,,,,
0.15,1.3333333333333333,37,1.0,0.038316078704278896,0.0012933333333333332,13304.820150115662,,,,,,,,
0.15,1.3333333333333333,38,0.04,0.0186140101861902,0.00128,13282.665346803533,,,,,,,,
0.15,1.3333333333333333,39,0.12,0.031123688824633174,0.00144,13293.339219592548,,,,,,,,
0.15,1.3333333333333333,40,0.0,0.006125073056691993,0.0010533333333333334,13265.186250689525,,,,,,,,
0.15,1.3333333333333333,41,0.0,0.011690301147374573,0.0012533333333333333,13306.965498152522,,,,,,,,
0.15,1.3333333333333333,42,0.0,0.02074265148552269,0.001626666666666667,13305.971651895985,,,,,,,,
0.15,1.3333333333333333,43,1.0,0.04780795567900678,0.0015466666666666667,13288.888603884961,,,,,,,,
0.15,1.3333333333333333,44,0.04,0.011666923005936816,0.0011466666666666665,13261.915576849271,,,,,,,,
0.15,1.3333333333333333,45,0.4,0.034005528139460284,0.0012799999999999997,13266.9785387841,,,,,,,,
0.15,1.3333333333333333,46,0.0,0.010988956904241903,0.0012666666666666668,13321.22940408149,,,,,,,,
0.15,1.3333333333333333,47,0.36,0.024057337967947335,0.0013866666666666667,13260.533689324051,,,,,,,,
0.15,1.3333333333333333,48,0.08,0.022293079279144673,0.0012666666666666668,13255.141263907602,,,,,,,,
0.15,1.3333333333333333,49,0.12,0.022776549790607437,0.0012933333333333336,13305.159700009255,,,,,,,,
0.15,1.3333333333333333,50,1.0,0.03467962718016549,0.00148,13333.980708461164,,,,,,,,
0.15,1.3333333333333333,51,0.12,0.019290657971638623,0.0013999999999999998,13292.920852429243,,,,,,,,
0.15,1.3333333333333333,52,0.0,0.01582946261035405,0.0011333333333333332,13281.95553041366,,,,,,,,
0.15,1.3333333333333333,53,0.08,0.022024670091359316,0.0013999999999999998,13299.770608522544,,,,,,,,
0.15,1.3333333333333333,54,1.0,0.02897175727161269,0.00116,13321.036676660488,,,,,,,,
0.15,1.3333333333333333,55,0.76,0.04257336130294388,0.00168,13251.212155090105,,,,,,,,
0.15,1.3333333333333333,56,0.16,0.04147406931866619,0.0015066666666666668,13280.742756787706,,,,,,,,
0.15,1.3333333333333333,57,0.52,0.0537247507483442,0.00148,13275.600329071132,,,,,,,,
0.15,1.3333333333333333,58,0.08,0.019242671260266388,0.0014533333333333332,13284.58027866175,,,,,,,,
0.15,1.3333333333333333,59,0.24,0.04116530367414738,0.0014533333333333334,13299.614913176081,,,,,,,,
0.15,1.3333333333333333,60,0.12,0.019266049401704143,0.0012799999999999997,13283.010299595533,,,,,,,,
0.15,1.3333333333333333,61,0.0,0.017889287801619774,0.0012933333333333332,13265.786502456636,,,,,,,,
0.15,1.3333333333333333,62,0.28,0.02265842865492193,0.0011466666666666667,13284.146003228227,,,,,,,,
0.15,1.3333333333333333,63,0.88,0.03322772155403119,0.0016666666666666666,13313.331946317636,,,,,,,,
0.15,1.3333333333333333,64,0.04,0.0213467039896644,0.0013066666666666665,13299.1304389231,,,,,,,,
0.15,1.3333333333333333,65,0.04,0.013629456458211571,0.0013999999999999998,13219.088135198132,,,,,,,,
0.15,1.3333333333333333,66,0.12,0.04204040199856743,0.00164,13299.396346334815,,,,,,,,
0.15,1.3333333333333333,67,0.08,0.025508013165584913,0.0013866666666666667,13276.36656057266,,,,,,,,
0.15,1.3333333333333333,68,0.32,0.021299947706788887,0.0013066666666666665,13240.521290041897,,,,,,,,
0.15,1.3333333333333333,69,0.2,0.03833795476417519,0.0015466666666666667,13307.396568508302,,,,,,,,
0.15,1.3333333333333333,70,0.28,0.024932348404617617,0.0014666666666666667,13232.236536830018,,,,,,,,
0.15,1.3333333333333333,71,0.08,0.019968624073333538,0.0016399999999999997,13251.173802045338,,,,,,,,
0.15,1.3333333333333333,72,0.88,0.03187556852388129,0.0015333333333333332,13303.965785615801,,,,,,,,
0.15,1.3333333333333333,73,0.08,0.021421848015714326,0.0014133333333333333,13288.811897507985,,,,,,,,
0.15,1.3333333333333333,74,0.12,0.019194684548894156,0.0012266666666666667,13282.887447111507,,,,,,,,
0.15,1.3333333333333333,75,0.0,0.022121961830350277,0.0011866666666666666,13250.603429505712,,,,,,,,
0.15,1.3333333333333333,76,0.0,0.005447106954997078,0.00124,13283.276600908615,,,,,,,,
0.15,1.3333333333333333,77,0.0,0.012344889107631731,0.0015066666666666668,13279.167711358989,,,,,,,,
0.15,1.3333333333333333,78,0.0,0.0089316804577194,0.0012666666666666666,13266.05057082793,,,,,,,,
0.15,1.3333333333333333,79,0.0,0.016506198283552244,0.0012,13297.300702673767,,,,,,,,
0.15,1.3333333333333333,80,0.2,0.019194684548894152,0.0012533333333333333,13253.251472231594,,,,,,,,
0.15,1.3333333333333333,81,1.0,0.028945830385431727,0.0015599999999999998,13274.416914812788,,,,,,,,
0.15,1.3333333333333333,82,0.04,0.019364571569191826,0.0016,13299.937243637723,,,,,,,,
0.15,1.3333333333333333,83,0.0,0.01508013165584915,0.0012000000000000001,13270.939898892877,,,,,,,,
0.15,1.3333333333333333,84,1.0,0.04114201342045939,0.001506666666666667,13266.82990148265,,,,,,,,
0.15,1.3333333333333333,85,0.0,0.009562890276538805,0.001386666666666667,13303.65340592238,,,,,,,,
0.15,1.3333333333333333,86,0.04,0.014476079151707438,0.0012400000000000002,13237.285638479252,,,,,,,,
0.15,1.3333333333333333,87,0.0,0.008836937463471655,0.0012399999999999998,13303.463174729757,,,,,,,,
0.15,1.3333333333333333,88,0.0,0.009609646559414315,0.0011200000000000001,13305.673485313058,,,,,,,,
0.15,1.3333333333333333,89,0.0,0.013677443169583808,0.0012933333333333332,13306.491002193628,,,,,,,,
0.15,1.3333333333333333,90,0.0,0.015829462610354054,0.0011466666666666667,13287.189914753497,,,,,,,,
0.15,1.3333333333333333,91,0.4,0.03625475143147173,0.0015199999999999999,13314.370771573673,,,,,,,,
0.15,1.3333333333333333,92,0.0,0.017886739056876558,0.001426666666666667,13290.276021338286,,,,,,,,
0.15,1.3333333333333333,93,0.56,0.06733087623338624,0.00148,13261.035933199573,,,,,,,,
0.15,1.3333333333333333,94,0.68,0.04339633420195725,0.0015199999999999999,13289.010907306063,,,,,,,,
0.15,1.3333333333333333,95,0.0,0.02550924359408164,0.0014133333333333333,13279.513105255442,,,,,,,,
0.15,1.3333333333333333,96,0.0,0.00886031560490941,0.0011333333333333332,13231.174422685079,,,,,,,,
0.15,1.3333333333333333,97,0.04,0.020047818925668138,0.0012666666666666668,13224.830885740848,,,,,,,,
0.15,1.3333333333333333,98,0.0,0.017312576377450716,0.0012933333333333332,13272.835356052672,,,,,,,,
0.15,1.3333333333333333,99,1.0,0.02544042748601486,0.0014533333333333334,13283.306979021063,,,,,,,,
0.15,1.3333333333333333,100,0.24,0.03197286026287226,0.0016666666666666668,13302.895694414055,,,,,,,,
0.15,1.3333333333333333,101,0.08,0.01643606385923898,0.0013999999999999998,13261.539595378506,,,,,,,,
0.15,1.3333333333333333,102,0.56,0.04840549649987036,0.0012533333333333333,13272.858383901686,,,,,,,,
0.15,1.3333333333333333,103,0.0,0.02069466477415045,0.0013599999999999999,13274.324047026708,,,,,,,,
0.15,1.3333333333333333,104,0.0,0.00886031560490941,0.0011200000000000001,13256.626533114244,,,,,,,,
0.15,1.3333333333333333,105,0.36,0.028945830385431727,0.0013999999999999998,13289.618570394083,,,,,,,,
0.15,1.3333333333333333,106,1.0,0.02396259497369959,0.0016133333333333336,13298.387567681546,,,,,,,,
0.15,1.3333333333333333,107,0.8,0.035357681169610175,0.0017066666666666667,13271.407139144636,,,,,,,,
0.15,1.3333333333333333,108,0.24,0.02353239242839046,0.0013599999999999999,13265.317018932677,,,,,,,,
0.15,1.3333333333333333,109,1.0,0.02398720354363407,0.0007599999999999999,13335.571696422412,,,,,,,,
0.15,1.3333333333333333,110,0.04,0.017815374204066564,0.0010666666666666667,13283.779683287483,,,,,,,,
0.15,1.3333333333333333,111,1.0,0.034083404675548386,0.00128,13291.44572565274,,,,,,,,
0.15,1.3333333333333333,112,0.4,0.038511804723007775,0.0017066666666666669,13279.864588067949,,,,,,,,
0.15,1.3333333333333333,113,0.76,0.04329931411601104,0.0015733333333333335,13305.431144921118,,,,,,,,
0.15,1.3333333333333333,114,0.56,0.04866798613699472,0.0014533333333333334,13256.839386549695,,,,,,,,
0.15,1.3333333333333333,115,0.04,0.01587744932172629,0.0009866666666666667,13237.119106217871,,,,,,,,
0.15,1.3333333333333333,116,0.0,0.0068264172998246655,0.0010533333333333334,13274.798761173057,,,,,,,,
0.15,1.3333333333333333,117,0.08,0.030591001173301456,0.00148,13275.424126255251,,,,,,,,
0.15,1.3333333333333333,118,1.0,0.04101633393829401,0.0010933333333333333,13308.708484309152,,,,,,,,
0.15,1.3333333333333333,119,0.0,0.01650742871204897,0.0012933333333333332,13276.233595106434,,,,,,,,
0.15,3.0,0,0.0,0.007504383401519579,0.0011866666666666666,13279.297607606259,,,,,,,,
0.15,3.0,1,0.0,0.002033898305084746,0.0013733333333333334,13282.248775203347,,,,,,,,
0.15,3.0,2,0.0,0.00614845119812975,0.0012266666666666667,13281.453948398052,,,,,,,,
0.15,3.0,3,0.0,0.006125073056691993,0.0014133333333333333,13295.386027142955,,,,,,,,
0.15,3.0,4,0.0,0.00815897136177674,0.00128,13232.595865797583,,,,,,,,
0.15,3.0,5,0.0,0.009538281706604326,0.001306666666666667,13271.751585767723,,,,,,,,
0.15,3.0,6,0.0,0.005447106954997077,0.0012133333333333334,13296.322790451428,,,,,,,,
0.15,3.0,7,0.0,0.004091174751607247,0.0013466666666666666,13272.84137203994,,,,,,,,
0.15,3.0,8,0.0,0.011036943615614137,0.00144,13270.960279421024,,,,,,,,
0.15,3.0,9,0.0,0.005447106954997077,0.0009999999999999998,13268.893969704583,,,,,,,,
0.15,3.0,10,0.0,0.006148451198129747,0.0012,13272.34377031771,,,,,,,,
0.15,3.0,11,0.0,0.009585037989479836,0.0012933333333333332,13261.3519132519,,,,,,,,
0.15,3.0,12,0.0,0.0061016949152542365,0.0014399999999999999,13254.486195513415,,,,,,,,
0.15,3.0,13,0.0,0.004114552893045003,0.00124,13251.030229664264,,,,,,,,
0.15,3.0,14,0.0,0.00815897136177674,0.0012266666666666667,13313.698464909437,,,,,,,,
0.15,3.0,15,0.0,0.006826417299824663,0.0013466666666666668,13283.902154030115,,,,,,,,
0.15,3.0,16,0.0,0.002711864406779661,0.0014266666666666666,13260.941995984631,,,,,,,,
0.15,3.0,17,0.0,0.004792518994739918,0.0011866666666666666,13253.010263420669,,,,,,,,
0.15,3.0,18,0.0,0.004067796610169492,0.0012533333333333333,13309.394726230195,,,,,,,,
0.15,3.0,19,0.0,0.004091174751607246,0.001413333333333333,13245.193059277564,,,,,,,,
0.15,3.0,20,0.0,0.005518471807807068,0.00128,13309.0666153414,,,,,,,,
0.15,3.0,21,0.0,0.006196437909501984,0.001306666666666667,13270.964939968924,,,,,,,,
0.15,3.0,22,0.0,0.0061016949152542365,0.00136,13267.015245869148,,,,,,,,
0.15,3.0,23,0.0,0.006148451198129749,0.0013866666666666667,13260.057434143526,,,,,,,,
0.15,3.0,24,0.0,0.005423728813559322,0.0013466666666666666,13292.201157605685,,,,,,,,
0.15,3.0,25,0.0,0.009538281706604325,0.0014266666666666666,13271.102251064221,,,,,,,,
0.15,3.0,26,0.0,0.006125073056691994,0.0012533333333333333,13271.1864310225,,,,,,,,
0.15,3.0,27,0.0,0.006826417299824664,0.0012533333333333335,13228.142977667838,,,,,,,,
0.15,3.0,28,0.0,0.005423728813559322,0.0015333333333333336,13259.271709543471,,,,,,,,
0.15,3.0,29,0.0,0.010965578762804146,0.001306666666666667,13298.811002687426,,,,,,,,
0.15,3.0,30,0.0,0.006125073056691992,0.0011733333333333335,13245.991976696681,,,,,,,,
0.15,3.0,31,0.0,0.008229105786090006,0.00096,13263.674921603722,,,,,,,,
0.15,3.0,32,0.0,0.008908302316281645,0.0013733333333333334,13281.742963169076,,,,,,,,
0.15,3.0,33,0.0,0.005423728813559322,0.0011733333333333335,13239.463150334685,,,,,,,,
0.15,3.0,34,0.04,0.0047457627118644066,0.00148,13288.441543354085,,,,,,,,
0.15,3.0,35,0.0,0.006826417299824663,0.0012133333333333334,13286.770173038147,,,,,,,,
0.15,3.0,36,0.0,0.005447106954997077,0.0012266666666666667,13320.3640327387,,,,,,,,
0.15,3.0,37,0.0,0.004067796610169492,0.00136,13276.0329871213,,,,,,,,
0.15,3.0,38,0.0,0.005447106954997077,0.0012000000000000001,13298.280028712026,,,,,,,,
0.15,3.0,39,0.0,0.003389830508474576,0.0014933333333333333,13235.796354140635,,,,,,,,
0.15,3.0,40,0.0,0.006826417299824664,0.0012666666666666666,13290.007813957054,,,,,,,,
0.15,3.0,41,0.0,0.0068264172998246655,0.001306666666666667,13298.090603824054,,,,,,,,
0.15,3.0,42,0.0,0.005470485096434834,0.0013599999999999999,13278.840433293282,,,,,,,,
0.15,3.0,43,0.0,0.005470485096434834,0.0012,13311.625647451543,,,,,,,,
0.15,3.0,44,0.0,0.00815897136177674,0.0010933333333333333,13284.313319569514,,,,,,,,
0.15,3.0,45,0.0,0.002711864406779661,0.0010933333333333333,13235.27516871068,,,,,,,,
0.15,3.0,46,0.0,0.008182349503214495,0.0013466666666666666,13233.000112353031,,,,,,,,
0.15,3.0,47,0.0,0.007528991971454058,0.0016266666666666665,13301.59787581879,,,,,,,,
0.15,3.0,48,0.0,0.006803039158386908,0.001226666666666667,13249.82740587327,,,,,,,,
0.15,3.0,49,0.0,0.0075277615429573345,0.0011866666666666666,13311.540115651258,,,,,,,,
0.15,3.0,50,0.0,0.003389830508474576,0.0012666666666666668,13324.149443722887,,,,,,,,
0.15,3.0,51,0.0,0.01021624780829924,0.0012666666666666668,13269.928514342282,,,,,,,,
0.15,3.0,52,0.0,0.004091174751607247,0.0010933333333333333,13322.02838265639,,,,,,,,
0.15,3.0,53,0.0,0.004067796610169492,0.0014933333333333333,13248.758772957712,,,,,,,,
0.15,3.0,54,0.0,0.0047457627118644066,0.0012000000000000001,13308.281447420817,,,,,,,,
0.15,3.0,55,0.0,0.004769140853302163,0.0011733333333333335,13242.521423702921,,,,,,,,
0.15,3.0,56,0.0,0.006803039158386909,0.0012133333333333332,13232.301093277954,,,,,,,,
0.15,3.0,57,0.0,0.00757574825432957,0.00124,13270.048936572277,,,,,,,,
0.15,3.0,58,0.0,0.002033898305084746,0.0012666666666666668,13282.219422273343,,,,,,,,
0.15,3.0,59,0.0,0.004067796610169492,0.0012133333333333334,13249.420619935021,,,,,,,,
0.15,3.0,60,0.0,0.004067796610169492,0.00108,13320.5114367375,,,,,,,,
0.15,3.0,61,0.0,0.009538281706604326,0.0013066666666666665,13269.90899778614,,,,,,,,
0.15,3.0,62,0.0,0.005423728813559322,0.0012933333333333332,13284.494479233192,,,,,,,,
0.15,3.0,63,0.0,0.0047457627118644066,0.00108,13246.988943296792,,,,,,,,
0.15,3.0,64,0.0,0.002711864406779661,0.0012533333333333333,13300.395124062097,,,,,,,,
0.15,3.0,65,0.0,0.010263004091174753,0.001466666666666667,13268.997610306098,,,,,,,,
0.15,3.0,66,0.0,0.008230336214586728,0.00128,13318.165961988347,,,,,,,,
0.15,3.0,67,0.0,0.005447106954997078,0.0012533333333333335,13273.470244388747,,,,,,,,
0.15,3.0,68,0.0,0.004091174751607247,0.0010266666666666666,13276.782969133437,,,,,,,,
0.15,3.0,69,0.0,0.006125073056691993,0.0012933333333333332,13260.463429108337,,,,,,,,
0.15,3.0,70,0.0,0.005470485096434833,0.00128,13302.13377112565,,,,,,,,
0.15,3.0,71,0.0,0.006171829339567505,0.0013333333333333333,13294.856831166111,,,,,,,,
0.15,3.0,72,0.0,0.006148451198129749,0.00148,13289.467754059295,,,,,,,,
0.15,3.0,73,0.0,0.006779661016949153,0.0013466666666666666,13256.075157356583,,,,,,,,
0.15,3.0,74,0.0,0.004769140853302162,0.0013866666666666667,13267.499046072728,,,,,,,,
0.15,3.0,75,0.0,0.004769140853302161,0.0012133333333333332,13301.09861928865,,,,,,,,
0.15,3.0,76,0.0,0.00823033621458673,0.0013066666666666665,13253.4138306919,,,,,,,,
0.15,3.0,77,0.0,0.0047457627118644066,0.0012000000000000001,13257.853632066739,,,,,,,,
0.15,3.0,78,0.0,0.004067796610169492,0.0011333333333333332,13271.80035146764,,,,,,,,
0.15,3.0,79,0.0,0.006851025869759143,0.00124,13277.228501780617,,,,,,,,
0.15,3.0,80,0.0,0.007481005260081823,0.0015600000000000002,13283.746141516709,,,,,,,,
0.15,3.0,81,0.0,0.007481005260081823,0.0014533333333333334,13302.899428474977,,,,,,,,
0.15,3.0,82,0.0,0.008182349503214495,0.0013599999999999999,13310.129473148654,,,,,,,,
0.15,3.0,83,0.0,0.006148451198129749,0.0011466666666666667,13280.577630833546,,,,,,,,
0.15,3.0,84,0.0,0.003389830508474576,0.001333333333333333,13267.390103379263,,,,,,,,
0.15,3.0,85,0.0,0.006148451198129749,0.0013999999999999998,13290.167160525147,,,,,,,,
0.15,3.0,86,0.0,0.007481005260081823,0.00144,13258.97803363362,,,,,,,,
0.15,3.0,87,0.0,0.002711864406779661,0.0015066666666666668,13267.647228154477,,,,,,,,
0.15,3.0,88,0.0,0.006101694915254237,0.00116,13244.355793908915,,,,,,,,
0.15,3.0,89,0.0,0.008883693746347166,0.0011333333333333334,13278.524673941643,,,,,,,,
0.15,3.0,90,0.0,0.0013559322033898306,0.0012666666666666668,13250.54321360777,,,,,,,,
0.15,3.0,91,0.0,0.002711864406779661,0.0014000000000000002,13249.039144573786,,,,,,,,
0.15,3.0,92,0.0,0.0075277615429573345,0.001413333333333333,13243.884549652685,,,,,,,,
0.15,3.0,93,0.0,0.002033898305084746,0.0012666666666666668,13222.433120706452,,,,,,,,
0.15,3.0,94,0.0,0.006779661016949152,0.0013733333333333336,13288.254071107167,,,,,,,,
0.15,3.0,95,0.0,0.004067796610169492,0.0012266666666666667,13272.775971667268,,,,,,,,
0.15,3.0,96,0.0,0.005447106954997077,0.0014000000000000002,13249.627318415996,,,,,,,,
0.15,3.0,97,0.0,0.004769140853302163,0.0011066666666666666,13299.490183456299,,,,,,,,
0.15,3.0,98,0.0,0.004769140853302161,0.0012933333333333336,13276.307981487373,,,,,,,,
0.15,3.0,99,0.0,0.0047457627118644066,0.0015866666666666666,13247.63488879458,,,,,,,,
0.15,3.0,100,0.0,0.005470485096434833,0.0013999999999999998,13242.958433266173,,,,,,,,
0.15,3.0,101,0.0,0.008230336214586728,0.0014000000000000002,13267.345567301614,,,,,,,,
0.15,3.0,102,0.0,0.0075277615429573345,0.00128,13311.543945775085,,,,,,,,
0.15,3.0,103,0.0,0.006826417299824664,0.0013866666666666667,13258.049437360936,,,,,,,,
0.15,3.0,104,0.0,0.007481005260081823,0.0012399999999999998,13291.340025125268,,,,,,,,
0.15,3.0,105,0.0,0.004067796610169492,0.00128,13319.352166848581,,,,,,,,
0.15,3.0,106,0.0,0.005447106954997077,0.0012933333333333332,13303.283511362439,,,,,,,,
0.15,3.0,107,0.0,0.007481005260081823,0.00132,13264.67437092856,,,,,,,,
0.15,3.0,108,0.0,0.005447106954997077,0.001306666666666667,13290.14765379889,,,,,,,,
0.15,3.0,109,0.0,0.010239625949736994,0.0013733333333333334,13250.355682867721,,,,,,,,
0.15,3.0,110,0.0,0.004769140853302162,0.0012,13294.233962988737,,,,,,,,
0.15,3.0,111,0.0,0.0047457627118644066,0.0014133333333333333,13270.544386860402,,,,,,,,
0.15,3.0,112,0.0,0.010263004091174753,0.0014533333333333334,13267.59608868607,,,,,,,,
0.15,3.0,113,0.0,0.006826417299824663,0.00124,13260.809656884745,,,,,,,,
0.15,3.0,114,0.0,0.004067796610169492,0.0011733333333333333,13239.136445976454,,,,,,,,
0.15,3.0,115,0.0,0.0027352425482174165,0.0012133333333333334,13270.84387617925,,,,,,,,
0.15,3.0,116,0.0,0.00614845119812975,0.00124,13248.100689306233,,,,,,,,
0.15,3.0,117,0.0,0.004114552893045003,0.00124,13336.047297344014,,,,,,,,
0.15,3.0,118,0.0,0.005447106954997077,0.00132,13286.258013024146,,,,,,,,
0.15,3.0,119,0.0,0.007504383401519579,0.00136,13283.184951566742,,,,,,,,
0.175,1.3333333333333333,0,0.32,0.024061117141187274,0.0013333333333333333,15450.366999992595,,,,,,,,
0.175,1.3333333333333333,1,0.04,0.014429322868831926,0.0011066666666666666,15483.585085125591,,,,,,,,
0.175,1.3333333333333333,2,1.0,0.023310467870435874,0.0012266666666666667,15470.982449319199,,,,,,,,
0.175,1.3333333333333333,3,0.0,0.010239625949736994,0.0013333333333333335,15483.731611995669,,,,,,,,
0.175,1.3333333333333333,4,0.12,0.026259804977083263,0.0015066666666666668,15461.898906879602,,,,,,,,
0.175,1.3333333333333333,5,0.0,0.009561659848042081,0.0011200000000000001,15480.730118587464,,,,,,,,
0.175,1.3333333333333333,6,0.0,0.010287612661109231,0.0010266666666666666,15441.171499007374,,,,,,,,
0.175,1.3333333333333333,7,0.08,0.015758097757544064,0.0012,15488.15513341483,,,,,,,,
0.175,1.3333333333333333,8,1.0,0.02699481821817175,0.0014000000000000002,15453.376990374487,,,,,,,,
0.175,1.3333333333333333,9,0.04,0.01790888676981759,0.00144,15485.745659495995,,,,,,,,
0.175,1.3333333333333333,10,0.2,0.026962467536462427,0.0013599999999999999,15526.766333522544,,,,,,,,
0.175,1.3333333333333333,11,0.34,0.035356450741113446,0.001306666666666667,15489.528695934954,,,,,,,,
0.175,1.3333333333333333,12,0.96,0.050661231475159926,0.0012666666666666668,15507.432105421412,,,,,,,,
0.175,1.3333333333333333,13,0.96,0.03753422129256514,0.00136,15495.580316866657,,,,,,,,
0.175,1.3333333333333333,14,1.0,0.03332879246626209,0.0013066666666666665,15517.848119444956,,,,,,,,
0.175,1.3333333333333333,15,0.0,0.01028761266110923,0.0012133333333333334,15484.191777403135,,,,,,,,
0.175,1.3333333333333333,16,0.04,0.017862130486942077,0.0011066666666666666,15486.507439880548,,,,,,,,
0.175,1.3333333333333333,17,0.04,0.023477894033740107,0.0012666666666666668,15469.836365182511,,,,,,,,
0.175,1.3333333333333333,18,1.0,0.04054174008955761,0.0014666666666666667,15452.931996199193,,,,,,,,
0.175,1.3333333333333333,19,0.76,0.06257016627252562,0.00136,15465.76772759011,,,,,,,,
0.175,1.3333333333333333,20,0.84,0.030448271467681476,0.0013066666666666665,15486.678257140424,,,,,,,,
0.175,1.3333333333333333,21,1.0,0.03392906579716386,0.0013999999999999998,15515.514984249954,,,,,,,,
0.175,1.3333333333333333,22,0.04,0.02354794057030361,0.0012266666666666667,15463.227183069446,,,,,,,,
0.175,1.3333333333333333,23,1.0,0.026817189086099234,0.00047999999999999996,15666.20073973564,,,,,,,,
0.175,1.3333333333333333,24,0.08,0.02631042832094848,0.0013999999999999998,15517.742159297653,,,,,,,,
0.175,1.3333333333333333,25,0.0,0.00820572764465225,0.0012666666666666666,15522.13674318776,,,,,,,,
0.175,1.3333333333333333,26,1.0,0.021858562244301574,0.0005866666666666667,15643.764947354226,,,,,,,,
0.175,1.3333333333333333,27,0.0,0.013700821311021563,0.0010666666666666665,15479.163202316184,,,,,,,,
0.175,1.3333333333333333,28,1.0,0.026115844842966567,0.0012133333333333334,15501.520972141205,,,,,,,,
0.175,1.3333333333333333,29,0.08,0.01590337620790726,0.0011200000000000001,15527.447173362258,,,,,,,,
0.175,1.3333333333333333,30,0.08,0.017208772955181643,0.0010933333333333333,15546.5309119643,,,,,,,,
0.175,1.3333333333333333,31,0.56,0.025511792338824852,0.0014266666666666666,15489.643211886996,,,,,,,,
0.175,1.3333333333333333,32,0.0,0.010192869666861483,0.0014266666666666666,15478.088611326508,,,,,,,,
0.175,1.3333333333333333,33,1.0,0.03994986492141126,0.0011733333333333333,15488.753781886397,,,,,,,,
0.175,1.3333333333333333,34,0.0,0.01571011104617183,0.0013066666666666665,15544.574135776798,,,,,,,,
0.175,1.3333333333333333,35,0.28,0.019170075978959672,0.0012133333333333332,15491.133194899692,,,,,,,,
0.175,1.3333333333333333,36,0.0,0.020695895202647176,0.0012,15475.39615515923,,,,,,,,
0.175,1.3333333333333333,37,0.2,0.02642846156888422,0.00128,15459.991047862533,,,,,,,,
0.175,1.3333333333333333,38,0.0,0.017160786243809407,0.0013733333333333332,15491.829672994507,,,,,,,,
0.175,1.3333333333333333,39,0.0,0.015804854040419578,0.0012933333333333332,15510.455580319098,,,,,,,,
0.175,1.3333333333333333,40,0.12,0.018567253903314686,0.0013599999999999999,15497.670295702668,,,,,,,,
0.175,1.3333333333333333,41,1.0,0.026091236273032083,0.0012400000000000002,15493.544658196368,,,,,,,,
0.175,1.3333333333333333,42,0.6,0.026889784367405946,0.00132,15470.794500044864,,,,,,,,
0.175,1.3333333333333333,43,0.4,0.027613276323479652,0.0012266666666666667,15490.907155345833,,,,,,,,
0.175,1.3333333333333333,44,0.0,0.012321510966193978,0.0011333333333333332,15518.501110162759,,,,,,,,
0.175,1.3333333333333333,45,0.0,0.020669968316466204,0.0014133333333333333,15503.44230759756,,,,,,,,
0.175,1.3333333333333333,46,0.08,0.04056530199629034,0.0012666666666666668,15498.045740870435,,,,,,,,
0.175,1.3333333333333333,47,0.0,0.015852840751791813,0.001,15496.971960575318,,,,,,,,
0.175,1.3333333333333333,48,1.0,0.03473148095252743,0.0012133333333333334,15529.754448404266,,,,,,,,
0.175,1.3333333333333333,49,0.32,0.020527238610846224,0.0011866666666666666,15509.657450456838,,,,,,,,
0.175,1.3333333333333333,50,0.0,0.016506198283552244,0.0010800000000000002,15486.103739741506,,,,,,,,
0.175,1.3333333333333333,51,0.56,0.04645052139407549,0.00136,15496.119484971261,,,,,,,,
0.175,1.3333333333333333,52,0.04,0.02342735857762466,0.00116,15446.157401944532,,,,,,,,
0.175,1.3333333333333333,53,0.0,0.00956165984804208,0.0012266666666666667,15494.750699761767,,,,,,,,
0.175,1.3333333333333333,54,0.68,0.03901337212112689,0.0014533333333333332,15489.604442987134,,,,,,,,
0.175,1.3333333333333333,55,0.0,0.010917592051431913,0.0011466666666666667,15480.77523933238,,,,,,,,
0.175,1.3333333333333333,56,1.0,0.03257559445076748,0.0014533333333333334,15480.203629547092,,,,,,,,
0.175,1.3333333333333333,57,0.2,0.02766504220809183,0.00144,15402.635147989295,,,,,,,,
0.175,1.3333333333333333,58,0.0,0.011765445173424503,0.0008533333333333333,15496.041505561127,,,,,,,,
0.175,1.3333333333333333,59,0.04,0.012273524254821741,0.0010266666666666666,15478.547540017376,,,,,,,,
0.175,1.3333333333333333,60,0.92,0.031879619350165964,0.0011333333333333332,15541.555055529312,,,,,,,,
0.175,1.3333333333333333,61,0.0,0.008182349503214495,0.001,15549.813795522925,,,,,,,,
0.175,1.3333333333333333,62,0.44,0.02849479844342805,0.00124,15503.59359289262,,,,,,,,
0.175,1.3333333333333333,63,0.04,0.01650742871204897,0.0010800000000000002,15487.166062506229,,,,,,,,
0.175,1.3333333333333333,64,0.2,0.026235196407148793,0.0015066666666666668,15485.91359384199,,,,,,,,
0.175,1.3333333333333333,65,0.0,0.012392875819003968,0.0013066666666666665,15521.844830305788,,,,,,,,
0.175,1.3333333333333333,66,0.04,0.024954408229808888,0.0012666666666666668,15467.634661440215,,,,,,,,
0.175,1.3333333333333333,67,0.56,0.04768095788059489,0.0013866666666666667,15473.917249603295,,,,,,,,
0.175,1.3333333333333333,68,0.32,0.0213024964515321,0.0013466666666666666,15528.606456956011,,,,,,,,
0.175,1.3333333333333333,69,0.08,0.022871204897105413,0.0015199999999999999,15487.987069656527,,,,,,,,
0.175,1.3333333333333333,70,0.0,0.015080131655849148,0.001426666666666667,15515.646143988513,,,,,,,,
0.175,1.3333333333333333,71,0.16,0.018445353594389247,0.0013866666666666667,15470.113015096078,,,,,,,,
0.175,1.3333333333333333,72,0.24,0.020573994893721737,0.0012266666666666667,15502.905674783065,,,,,,,,
0.175,1.3333333333333333,73,0.0,0.013772186163831555,0.0012133333333333334,15508.882826541063,,,,,,,,
0.175,1.3333333333333333,74,0.0,0.008182349503214495,0.0012666666666666668,15508.032368153199,,,,,,,,
0.175,1.3333333333333333,75,0.72,0.03540689830947913,0.0015200000000000003,15511.220527104337,,,,,,,,
0.175,1.3333333333333333,76,0.64,0.03748500415269617,0.0013866666666666667,15481.362384634647,,,,,,,,
0.175,1.3333333333333333,77,0.08,0.013046233350764404,0.0011066666666666668,15470.79054898307,,,,,,,,
0.175,1.3333333333333333,78,0.0,0.012974868497954414,0.00116,15536.520784103188,,,,,,,,
0.175,1.3333333333333333,79,0.16,0.022024670091359312,0.00124,15483.06747652041,,,,,,,,
0.175,1.3333333333333333,80,0.02,0.01873081300562921,0.0008933333333333333,15519.817894488207,,,,,,,,
0.175,1.3333333333333333,81,0.48,0.029744466367555355,0.0014533333333333334,15543.726332153012,,,,,,,,
0.175,1.3333333333333333,82,0.16,0.03981578727649047,0.00132,15474.427577367833,,,,,,,,
0.175,1.3333333333333333,83,1.0,0.02478830038275115,0.0015199999999999999,15530.798613550782,,,,,,,,
0.175,1.3333333333333333,84,0.0,0.01021624780829924,0.0015333333333333332,15488.577723767283,,,,,,,,
0.175,1.3333333333333333,85,1.0,0.028269094712233534,0.00132,15460.72385046985,,,,,,,,
0.175,1.3333333333333333,86,0.0,0.015032144944476912,0.0014399999999999999,15492.325051384378,,,,,,,,
0.175,1.3333333333333333,87,0.0,0.009633024700852071,0.0012400000000000002,15487.490145980702,,,,,,,,
0.175,1.3333333333333333,88,0.44,0.05001608834085994,0.0012133333333333334,15448.061251644018,,,,,,,,
0.175,1.3333333333333333,89,1.0,0.031099080254698697,0.0014533333333333332,15504.587060429412,,,,,,,,
0.175,1.3333333333333333,90,0.08,0.01856470515857147,0.0013999999999999998,15495.985647687761,,,,,,,,
0.175,1.3333333333333333,91,0.0,0.012296902396259498,0.0011333333333333332,15516.360591001958,,,,,,,,
0.175,1.3333333333333333,92,0.96,0.030348518871697067,0.00124,15480.511557162914,,,,,,,,
0.175,1.3333333333333333,93,1.0,0.028244486142299054,0.0014266666666666666,15494.4122343084,,,,,,,,
0.175,1.3333333333333333,94,0.8,0.026867724542214685,0.0012133333333333334,15507.621478012765,,,,,,,,
0.175,1.3333333333333333,95,0.94,0.029671783198498877,0.0012266666666666667,15505.30078711437,,,,,,,,
0.175,1.3333333333333333,96,0.04,0.017208772955181643,0.0010933333333333333,15491.008149236843,,,,,,,,
0.175,1.3333333333333333,97,0.0,0.013748808022393796,0.0014666666666666667,15537.362428733708,,,,,,,,
0.175,1.3333333333333333,98,1.0,0.02831963016834899,0.0014666666666666667,15508.765050437898,,,,,,,,
0.175,1.3333333333333333,99,0.24,0.03192487355150002,0.0010133333333333333,15491.902191597763,,,,,,,,
0.175,1.3333333333333333,100,0.0,0.010310990802546986,0.0010133333333333333,15446.639038125571,,,,,,,,
0.175,1.3333333333333333,101,0.08,0.015758097757544064,0.00116,15534.573262668026,,,,,,,,
0.175,1.3333333333333333,102,0.04,0.017184164385247162,0.00148,15505.480774260091,,,,,,,,
0.175,1.3333333333333333,103,1.0,0.02902097441148165,0.001306666666666667,15516.74910112181,,,,,,,,
0.175,1.3333333333333333,104,0.04,0.014378787412716478,0.0011066666666666666,15496.402851044597,,,,,,,,
0.175,1.3333333333333333,105,0.0,0.009609646559414315,0.001173333333333333,15461.143392536986,,,,,,,,
0.175,1.3333333333333333,106,0.0,0.020645359746531727,0.0012266666666666667,15514.828346414652,,,,,,,,
0.175,1.3333333333333333,107,0.24,0.028366386451224496,0.0013199999999999998,15509.46193478615,,,,,,,,
0.175,1.3333333333333333,108,0.4,0.026213136581957522,0.0012133333333333334,15500.528392675518,,,,,,,,
0.175,1.3333333333333333,109,0.0,0.007504383401519579,0.0010933333333333333,15436.744746210059,,,,,,,,
0.175,1.3333333333333333,110,0.04,0.01447607915170744,0.0010266666666666666,15543.36269854914,,,,,,,,
0.175,1.3333333333333333,111,0.36,0.02398720354363407,0.0012933333333333332,15483.27546463294,,,,,,,,
0.175,1.3333333333333333,112,1.0,0.024062347569683996,0.00144,15490.59893901114,,,,,,,,
0.175,1.3333333333333333,113,0.6,0.0232858593005014,0.0009333333333333333,15535.610361990808,,,,,,,,
0.175,1.3333333333333333,114,0.24,0.02337937186625242,0.001306666666666667,15534.919282573332,,,,,,,,
0.175,1.3333333333333333,115,0.64,0.03963957233820964,0.00132,15458.894873774389,,,,,,,,
0.175,1.3333333333333333,116,0.96,0.026091236273032083,0.0012266666666666667,15510.901139494772,,,,,,,,
0.175,1.3333333333333333,117,0.56,0.04036552515127679,0.0014266666666666666,15532.728222781852,,,,,,,,
0.175,1.3333333333333333,118,0.0,0.018707434864191453,0.0011466666666666667,15560.708472136328,,,,,,,,
0.175,1.3333333333333333,119,0.16,0.03780791173513189,0.0014533333333333334,15459.53808792939,,,,,,,,
0.175,3.0,0,0.0,0.0027352425482174165,0.0011066666666666668,15468.404321989408,,,,,,,,
0.175,3.0,1,0.0,0.004067796610169492,0.0012133333333333334,15467.747809996295,,,,,,,,
0.175,3.0,2,0.0,0.006826417299824664,0.0012266666666666667,15510.623924320911,,,,,,,,
0.175,3.0,3,0.0,0.005447106954997078,0.0012133333333333334,15536.521860919785,,,,,,,,
0.175,3.0,4,0.0,0.005423728813559322,0.0011733333333333333,15469.804590598018,,,,,,,,
0.175,3.0,5,0.0,0.0047457627118644066,0.0011466666666666665,15505.167870021818,,,,,,,,
0.175,3.0,6,0.0,0.007504383401519579,0.0011066666666666668,15541.262738463201,,,,,,,,
0.175,3.0,7,0.0,0.005447106954997077,0.001,15481.0240394809,,,,,,,,
0.175,3.0,8,0.0,0.009660182015529765,0.0009066666666666667,15444.910359638738,,,,,,,,
0.175,3.0,9,0.0,0.008182349503214493,0.0009866666666666667,15467.591703486502,,,,,,,,
0.175,3.0,10,0.0,0.008883693746347166,0.00112,15476.360397787683,,,,,,,,
0.175,3.0,11,0.0,0.006148451198129749,0.0010799999999999998,15518.070027619968,,,,,,,,
0.175,3.0,12,0.0,0.008206958073148973,0.0008799999999999999,15490.944541520075,,,,,,,,
0.175,3.0,13,0.0,0.0047457627118644066,0.0012,15513.82332801161,,,,,,,,
0.175,3.0,14,0.0,0.004769140853302162,0.0011333333333333334,15435.057277171556,,,,,,,,
0.175,3.0,15,0.0,0.005423728813559322,0.00092,15493.953655301977,,,,,,,,
0.175,3.0,16,0.0,0.004067796610169492,0.0012666666666666668,15454.011661327217,,,,,,,,
0.175,3.0,17,0.04,0.006101694915254237,0.0010266666666666666,15515.77957993415,,,,,,,,
0.175,3.0,18,0.0,0.003389830508474576,0.0011466666666666667,15458.030191716794,,,,,,,,
0.175,3.0,19,0.0,0.008230336214586728,0.0009733333333333333,15488.993216311099,,,,,,,,
0.175,3.0,20,0.0,0.004067796610169492,0.00108,15514.077704529987,,,,,,,,
0.175,3.0,21,0.0,0.006173059768064228,0.0010533333333333334,15465.095475462218,,,,,,,,
0.175,3.0,22,0.0,0.0047457627118644066,0.0009733333333333334,15479.270094301566,,,,,,,,
0.175,3.0,23,0.0,0.006125073056691992,0.0011866666666666666,15496.227761736438,,,,,,,,
0.175,3.0,24,0.0,0.004091174751607247,0.0009066666666666666,15466.973955380181,,,,,,,,
0.175,3.0,25,0.0,0.004091174751607247,0.0012266666666666667,15476.39389096271,,,,,,,,
0.175,3.0,26,0.0,0.005423728813559322,0.0010800000000000002,15531.849429011647,,,,,,,,
0.175,3.0,27,0.0,0.008230336214586728,0.001306666666666667,15486.54580939795,,,,,,,,
0.175,3.0,28,0.0,0.006101694915254237,0.0009733333333333333,15492.721845001204,,,,,,,,
0.175,3.0,29,0.0,0.010287612661109231,0.0011866666666666666,15551.242342774745,,,,,,,,
0.175,3.0,30,0.0,0.007481005260081823,0.0008133333333333334,15545.702219762543,,,,,,,,
0.175,3.0,31,0.0,0.004067796610169492,0.0009866666666666665,15454.793202573343,,,,,,,,
0.175,3.0,32,0.0,0.0047457627118644066,0.0011466666666666667,15528.29077688422,,,,,,,,
0.175,3.0,33,0.0,0.0006779661016949153,0.0008666666666666667,15458.629568880164,,,,,,,,
0.175,3.0,34,0.0,0.009538281706604325,0.0010666666666666665,15469.092356513456,,,,,,,,
0.175,3.0,35,0.0,0.005447106954997077,0.00116,15450.067949325081,,,,,,,,
0.175,3.0,36,0.0,0.006148451198129749,0.0012400000000000002,15446.277732876322,,,,,,,,
0.175,3.0,37,0.0,0.007481005260081823,0.0009466666666666666,15445.695607241301,,,,,,,,
0.175,3.0,38,0.0,0.006826417299824663,0.0010533333333333334,15492.097071502401,,,,,,,,
0.175,3.0,39,0.0,0.006171829339567504,0.00124,15524.4054781749,,,,,,,,
0.175,3.0,40,0.0,0.002033898305084746,0.0009733333333333333,15480.177326237148,,,,,,,,
0.175,3.0,41,0.0,0.002711864406779661,0.0012133333333333334,15492.11948777693,,,,,,,,
0.175,3.0,42,0.0,0.006803039158386908,0.001,15464.7731049515,,,,,,,,
0.175,3.0,43,0.0,0.005470485096434833,0.0009866666666666667,15545.749920613518,,,,,,,,
0.175,3.0,44,0.0,0.003413208649912332,0.00116,15488.471850205871,,,,,,,,
0.175,3.0,45,0.04,0.010358977513919222,0.00104,15506.13579724849,,,,,,,,
0.175,3.0,46,0.0,0.005447106954997077,0.0010933333333333333,15474.20736545559,,,,,,,,
0.175,3.0,47,0.0,0.0061016949152542365,0.00116,15490.592558675711,,,,,,,,
0.175,3.0,48,0.0,0.00757574825432957,0.0011333333333333332,15497.829770278719,,,,,,,,
0.175,3.0,49,0.0,0.005447106954997077,0.00124,15479.062437955481,,,,,,,,
0.175,3.0,50,0.0,0.003389830508474576,0.00108,15486.745017700263,,,,,,,,
0.175,3.0,51,0.0,0.004792518994739918,0.0010933333333333333,15473.38718363563,,,,,,,,
0.175,3.0,52,0.0,0.013772186163831553,0.00092,15433.499784471795,,,,,,,,
0.175,3.0,53,0.0,0.005447106954997077,0.0012133333333333334,15469.627487721595,,,,,,,,
0.175,3.0,54,0.0,0.0047457627118644066,0.0009866666666666667,15530.041562089142,,,,,,,,
0.175,3.0,55,0.0,0.00886031560490941,0.0012133333333333334,15546.336352351362,,,,,,,,
0.175,3.0,56,0.0,0.010286382232612508,0.00116,15480.125959560364,,,,,,,,
0.175,3.0,57,0.0,0.004162539604417238,0.0010266666666666666,15488.788987959702,,,,,,,,
0.175,3.0,58,0.0,0.0047457627118644066,0.001013333333333333,15516.12961853337,,,,,,,,
0.175,3.0,59,0.0,0.003389830508474576,0.0010800000000000002,15445.207161566044,,,,,,,,
0.175,3.0,60,0.0,0.0068744040111969,0.0010133333333333333,15544.999088782992,,,,,,,,
0.175,3.0,61,0.0,0.004769140853302162,0.0011466666666666667,15487.845081501913,,,,,,,,
0.175,3.0,62,0.0,0.002711864406779661,0.0013066666666666665,15423.744629525481,,,,,,,,
0.175,3.0,63,0.0,0.0054950936663693125,0.00136,15489.747328885764,,,,,,,,
0.175,3.0,64,0.0,0.008182349503214495,0.0009066666666666667,15490.36768385974,,,,,,,,
0.175,3.0,65,0.0,0.004067796610169492,0.0011200000000000001,15504.053823861384,,,,,,,,
0.175,3.0,66,0.0,0.003389830508474576,0.0011333333333333332,15444.080414745307,,,,,,,,
0.175,3.0,67,0.0,0.002711864406779661,0.00096,15481.209533363492,,,,,,,,
0.175,3.0,68,0.0,0.004067796610169492,0.00128,15504.072672227747,,,,,,,,
0.175,3.0,69,0.0,0.005423728813559322,0.0009066666666666666,15468.20633445139,,,,,,,,
0.175,3.0,70,0.0,0.006148451198129747,0.0011466666666666667,15482.997326767163,,,,,,,,
0.175,3.0,71,0.0,0.0047457627118644066,0.0013066666666666665,15525.756496884194,,,,,,,,
0.175,3.0,72,0.0,0.004091174751607246,0.0010400000000000001,15516.696444925503,,,,,,,,
0.175,3.0,73,0.0,0.004769140853302162,0.00124,15451.931580321567,,,,,,,,
0.175,3.0,74,0.0,0.004091174751607247,0.0011066666666666666,15503.191368100575,,,,,,,,
0.175,3.0,75,0.0,0.006125073056691992,0.0010400000000000001,15495.038216118486,,,,,,,,
0.175,3.0,76,0.0,0.00886031560490941,0.0011200000000000001,15466.04749238507,,,,,,,,
0.175,3.0,77,0.0,0.006779661016949152,0.0012933333333333336,15494.576015972016,,,,,,,,
0.175,3.0,78,0.0,0.004091174751607247,0.0011866666666666666,15478.433969351332,,,,,,,,
0.175,3.0,79,0.0,0.008229105786090006,0.0011333333333333334,15500.428947283286,,,,,,,,
0.175,3.0,80,0.0,0.0047457627118644066,0.0011866666666666666,15479.967111955244,,,,,,,,
0.175,3.0,81,0.0,0.004114552893045003,0.0011733333333333335,15519.57233048093,,,,,,,,
0.175,3.0,82,0.0,0.002711864406779661,0.0014799999999999995,15498.627595983377,,,,,,,,
0.175,3.0,83,0.0,0.004091174751607247,0.0012,15484.02623123482,,,,,,,,
0.175,3.0,84,0.0,0.006826417299824664,0.0011866666666666666,15518.184098142134,,,,,,,,
0.175,3.0,85,0.0,0.0047457627118644066,0.0010666666666666665,15458.00896823551,,,,,,,,
0.175,3.0,86,0.0,0.004769140853302161,0.0010266666666666666,15521.107193885124,,,,,,,,
0.175,3.0,87,0.0,0.006101694915254237,0.0012533333333333333,15500.645913390856,,,,,,,,
0.175,3.0,88,0.0,0.005470485096434834,0.00116,15455.480055456797,,,,,,,,
0.175,3.0,89,0.0,0.006803039158386908,0.0011066666666666666,15461.82945571998,,,,,,,,
0.175,3.0,90,0.0,0.008884924174843888,0.0010266666666666666,15473.902142809233,,,,,,,,
0.175,3.0,91,0.0,0.006125073056691993,0.0009200000000000001,15453.915646365178,,,,,,,,
0.175,3.0,92,0.0,0.005447106954997077,0.0010266666666666666,15454.126199333701,,,,,,,,
0.175,3.0,93,0.0,0.004769140853302163,0.0011333333333333332,15437.190001384222,,,,,,,,
0.175,3.0,94,0.0,0.00823033621458673,0.0009599999999999999,15492.929773203532,,,,,,,,
0.175,3.0,95,0.0,0.0061016949152542365,0.0009066666666666666,15545.739375455327,,,,,,,,
0.175,3.0,96,0.0,0.004067796610169492,0.0010533333333333332,15498.438690672438,,,,,,,,
0.175,3.0,97,0.0,0.004067796610169492,0.001173333333333333,15453.678088609377,,,,,,,,
0.175,3.0,98,0.0,0.009561659848042081,0.0011466666666666667,15437.293247856573,,,,,,,,
0.175,3.0,99,0.0,0.006826417299824663,0.0011066666666666668,15454.40935173756,,,,,,,,
0.175,3.0,100,0.0,0.007504383401519579,0.00108,15462.72394805358,,,,,,,,
0.175,3.0,101,0.0,0.004091174751607247,0.00104,15527.680970760328,,,,,,,,
0.175,3.0,102,0.0,0.005423728813559322,0.0011733333333333335,15483.777015011927,,,,,,,,
0.175,3.0,103,0.0,0.006803039158386909,0.0013999999999999998,15439.47487425144,,,,,,,,
0.175,3.0,104,0.0,0.003389830508474576,0.0009066666666666666,15549.70895147287,,,,,,,,
0.175,3.0,105,0.0,0.005447106954997078,0.00116,15483.317503534825,,,,,,,,
0.175,3.0,106,0.0,0.004067796610169492,0.0011866666666666666,15449.6884694651,,,,,,,,
0.175,3.0,107,0.0,0.00886031560490941,0.00116,15467.126592821449,,,,,,,,
0.175,3.0,108,0.0,0.006125073056691992,0.0009599999999999999,15502.492747002567,,,,,,,,
0.175,3.0,109,0.0,0.005423728813559322,0.00084,15472.889997923889,,,,,,,,
0.175,3.0,110,0.0,0.005447106954997077,0.00116,15507.1839595819,,,,,,,,
0.175,3.0,111,0.0,0.00820572764465225,0.0011733333333333335,15474.200952957433,,,,,,,,
0.175,3.0,112,0.0,0.004769140853302163,0.0011066666666666666,15504.156522126152,,,,,,,,
0.175,3.0,113,0.0,0.006874404011196898,0.0010533333333333334,15545.717550207988,,,,,,,,
0.175,3.0,114,0.0,0.004091174751607247,0.0010533333333333334,15491.90349776858,,,,,,,,
0.175,3.0,115,0.0,0.004769140853302163,0.0010933333333333333,15482.234700551722,,,,,,,,
0.175,3.0,116,0.0,0.002711864406779661,0.0011333333333333332,15461.207186936092,,,,,,,,
0.175,3.0,117,0.0,0.005423728813559322,0.00104,15459.571834643722,,,,,,,,
0.175,3.0,118,0.0,0.008230336214586728,0.0011466666666666665,15518.403971286358,,,,,,,,
0.175,3.0,119,0.0,0.006826417299824663,0.0010266666666666666,15485.220503497005,,,,,,,,
0.2,1.3333333333333333,0,0.96,0.029746927224548806,0.0011866666666666666,17681.642720208572,,,,,,,,
0.2,1.3333333333333333,1,0.04,0.017232151096619394,0.0015199999999999999,17670.192179002144,,,,,,,,
0.2,1.3333333333333333,2,0.32,0.020623212033590695,0.0010400000000000001,17729.147040747703,,,,,,,,
0.2,1.3333333333333333,3,0.12,0.015200713648528102,0.0008933333333333333,17673.545047355587,,,,,,,,
0.2,1.3333333333333333,4,1.0,0.028244486142299054,0.0012533333333333333,17681.451597730516,,,,,,,,
0.2,1.3333333333333333,5,0.0,0.017862130486942077,0.0011466666666666667,17700.4015225281,,,,,,,,
0.2,1.3333333333333333,6,0.0,0.010216247808299241,0.0011866666666666666,17685.93715223536,,,,,,,,
0.2,1.3333333333333333,7,0.0,0.013654065028146051,0.00132,17729.164107368182,,,,,,,,
0.2,1.3333333333333333,8,0.0,0.020620751176597247,0.0012933333333333336,17737.85755750601,,,,,,,,
0.2,1.3333333333333333,9,0.12,0.0200659158123245,0.0011733333333333333,17692.503931201158,,,,,,,,
0.2,1.3333333333333333,10,0.0,0.010264234519671477,0.00096,17694.95077437437,,,,,,,,
0.2,1.3333333333333333,11,0.24,0.01650742871204897,0.0010533333333333334,17684.31774255192,,,,,,,,
0.2,1.3333333333333333,12,0.92,0.04109279628059043,0.0012533333333333333,17705.874296658774,,,,,,,,
0.2,1.3333333333333333,13,0.84,0.046229052254460605,0.0012800000000000003,17753.67801319458,,,,,,,,
0.2,1.3333333333333333,14,0.0,0.006171829339567504,0.0008933333333333333,17715.349054457565,,,,,,,,
0.2,1.3333333333333333,15,0.0,0.01718293395675044,0.0013733333333333336,17739.072947801753,,,,,,,,
0.2,1.3333333333333333,16,0.48,0.036156229263984034,0.0014800000000000002,17733.605491364262,,,,,,,,
0.2,1.3333333333333333,17,0.0,0.00886031560490941,0.0011200000000000001,17688.90175937923,,,,,,,,
0.2,1.3333333333333333,18,1.0,0.02398720354363407,0.0010533333333333334,17691.308441576646,,,,,,,,
0.2,1.3333333333333333,19,0.0,0.0178375219170076,0.0011866666666666666,17723.53017520334,,,,,,,,
0.2,1.3333333333333333,20,0.12,0.01505552308591467,0.0012799999999999997,17747.877944219046,,,,,,,,
0.2,1.3333333333333333,21,0.84,0.04490555862052987,0.00128,17702.028756483556,,,,,,,,
0.2,1.3333333333333333,22,1.0,0.04106818771065595,0.0008266666666666668,17764.029193290487,,,,,,,,
0.2,1.3333333333333333,23,0.0,0.00886031560490941,0.0010133333333333333,17740.211260671895,,,,,,,,
0.2,1.3333333333333333,24,0.04,0.013095450490633365,0.0010666666666666665,17744.967939988775,,,,,,,,
0.2,1.3333333333333333,25,0.32,0.02202844926459925,0.0013599999999999999,17693.75604101234,,,,,,,,
0.2,1.3333333333333333,26,0.56,0.026139222984404315,0.0013066666666666665,17721.533313815555,,,,,,,,
0.2,1.3333333333333333,27,0.56,0.03618206826241524,0.0012133333333333334,17714.997206721477,,,,,,,,
0.2,1.3333333333333333,28,0.0,0.013046233350764404,0.0010266666666666666,17717.50566301564,,,,,,,,
0.2,1.3333333333333333,29,0.52,0.03400166107847057,0.0013333333333333333,17716.02636629618,,,,,,,,
0.2,1.3333333333333333,30,0.44,0.03044704103918475,0.0011200000000000001,17713.552236850002,,,,,,,,
0.2,1.3333333333333333,31,0.52,0.026964928393455878,0.00124,17726.294467073945,,,,,,,,
0.2,1.3333333333333333,32,0.36,0.02277523147436094,0.0012266666666666667,17652.461529101805,,,,,,,,
0.2,1.3333333333333333,33,0.0,0.013046233350764404,0.0010266666666666666,17654.825799305156,,,,,,,,
0.2,1.3333333333333333,34,0.4,0.036783659909563504,0.0012666666666666668,17697.66355458289,,,,,,,,
0.2,1.3333333333333333,35,0.0,0.00898221591383485,0.0011200000000000001,17755.10058962288,,,,,,,,
0.2,1.3333333333333333,36,0.0,0.012321510966193976,0.0011733333333333333,17747.000113724163,,,,,,,,
0.2,1.3333333333333333,37,0.12,0.022001291949921557,0.0012,17639.68099428193,,,,,,,,
0.2,1.3333333333333333,38,0.16,0.017961883082926483,0.00132,17671.715529002347,,,,,,,,
0.2,1.3333333333333333,39,0.12,0.03071818273700829,0.001333333333333333,17704.544596029915,,,,,,,,
0.2,1.3333333333333333,40,0.68,0.024058568396444057,0.0011866666666666668,17678.58574141021,,,,,,,,
0.2,1.3333333333333333,41,0.0,0.012273524254821745,0.00124,17740.338121958222,,,,,,,,
0.2,1.3333333333333333,42,1.0,0.046149857402126,0.0009333333333333333,17757.374866029902,,,,,,,,
0.2,1.3333333333333333,43,0.24,0.03828741930805975,0.0014933333333333333,17669.19590858608,,,,,,,,
0.2,1.3333333333333333,44,0.6,0.02751853332923191,0.0011066666666666666,17643.14174961401,,,,,,,,
0.2,1.3333333333333333,45,0.04,0.017137408102371653,0.0011333333333333334,17727.06530850015,,,,,,,,
0.2,1.3333333333333333,46,0.0,0.01379556430526931,0.0012666666666666668,17687.84544048713,,,,,,,,
0.2,1.3333333333333333,47,0.96,0.030423662897746992,0.0013333333333333333,17707.544084130932,,,,,,,,
0.2,1.3333333333333333,48,0.04,0.01650742871204897,0.0012933333333333332,17662.49239080616,,,,,,,,
0.2,1.3333333333333333,49,0.72,0.04051986402966132,0.00136,17718.533352430197,,,,,,,,
0.2,1.3333333333333333,50,0.0,0.012250146113383986,0.0007866666666666667,17716.748828813616,,,,,,,,
0.2,1.3333333333333333,51,0.16,0.026214367010454244,0.0012266666666666667,17662.533296836194,,,,,,,,
0.2,1.3333333333333333,52,0.04,0.022751853332923188,0.0014133333333333333,17669.672374030255,,,,,,,,
0.2,1.3333333333333333,53,0.08,0.017911347626811035,0.0009333333333333332,17675.409632456067,,,,,,,,
0.2,1.3333333333333333,54,0.56,0.033406669002350196,0.0014533333333333334,17747.825702315135,,,,,,,,
0.2,1.3333333333333333,55,0.44,0.025461256882709407,0.0012133333333333334,17679.4228301934,,,,,,,,
0.2,1.3333333333333333,56,0.0,0.012321510966193976,0.001013333333333333,17710.454692863234,,,,,,,,
0.2,1.3333333333333333,57,0.08,0.017089421390999414,0.0012533333333333335,17742.55302201616,,,,,,,,
0.2,1.3333333333333333,58,0.08,0.017112799532437172,0.0011333333333333334,17702.89203982927,,,,,,,,
0.2,1.3333333333333333,59,0.96,0.04252009333679025,0.0011466666666666667,17685.68159134561,,,,,,,,
0.2,1.3333333333333333,60,0.04,0.0075277615429573345,0.0012533333333333335,17680.360095023865,,,,,,,,
0.2,1.3333333333333333,61,0.0,0.013747577593897076,0.0010933333333333333,17708.3002060752,,,,,,,,
0.2,1.3333333333333333,62,0.04,0.01229813282475622,0.00108,17750.14920907923,,,,,,,,
0.2,1.3333333333333333,63,0.92,0.03395499268334483,0.0012666666666666668,17724.123610195187,,,,,,,,
0.2,1.3333333333333333,64,0.88,0.02969771008467985,0.0013599999999999999,17703.745640548233,,,,,,,,
0.2,1.3333333333333333,65,0.0,0.007481005260081823,0.0012133333333333334,17752.70601183309,,,,,,,,
0.2,1.3333333333333333,66,0.04,0.007504383401519579,0.0012933333333333332,17687.76814922507,,,,,,,,
0.2,1.3333333333333333,67,0.04,0.015758097757544064,0.0009866666666666667,17733.79000682989,,,,,,,,
0.2,1.3333333333333333,68,0.0,0.015177423394840111,0.001173333333333333,17680.419012036942,,,,,,,,
0.2,1.3333333333333333,69,1.0,0.04254338359047824,0.0012,17734.280327867666,,,,,,,,
0.2,1.3333333333333333,70,0.0,0.013748808022393796,0.0012133333333333334,17637.051508985212,,,,,,,,
0.2,1.3333333333333333,71,0.0,0.008883693746347164,0.0008399999999999999,17688.956281464343,,,,,,,,
0.2,1.3333333333333333,72,0.0,0.018687835895993633,0.001306666666666667,17752.312675782454,,,,,,,,
0.2,1.3333333333333333,73,0.0,0.00898221591383485,0.0012533333333333333,17686.255704476087,,,,,,,,
0.2,1.3333333333333333,74,1.0,0.041221208272793984,0.0011866666666666666,17731.0986070398,,,,,,,,
0.2,1.3333333333333333,75,0.0,0.015174874650096896,0.0011333333333333334,17713.386137074063,,,,,,,,
0.2,1.3333333333333333,76,0.04,0.023551719743543545,0.0010666666666666667,17696.37881038638,,,,,,,,
0.2,1.3333333333333333,77,0.08,0.022774001045864224,0.0014666666666666667,17733.100783079266,,,,,,,,
0.2,1.3333333333333333,78,0.24,0.023476575717493616,0.0011333333333333334,17756.340291582368,,,,,,,,
0.2,1.3333333333333333,79,0.0,0.013069611492202158,0.001,17702.89495839095,,,,,,,,
0.2,1.3333333333333333,80,0.12,0.022776549790607434,0.00128,17711.852419527542,,,,,,,,
0.2,1.3333333333333333,81,0.0,0.018541327017133714,0.00104,17714.221693045274,,,,,,,,
0.2,1.3333333333333333,82,0.04,0.01573471961610631,0.0012933333333333332,17714.317301758627,,,,,,,,
0.2,1.3333333333333333,83,0.04,0.00951490356516657,0.00108,17723.328340623444,,,,,,,,
0.2,1.3333333333333333,84,0.0,0.010192869666861483,0.00116,17628.953322798716,,,,,,,,
0.2,1.3333333333333333,85,0.36,0.032597742163708504,0.0013466666666666668,17710.08214803574,,,,,,,,
0.2,1.3333333333333333,86,0.08,0.010287612661109231,0.0013466666666666668,17708.02250710764,,,,,,,,
0.2,1.3333333333333333,87,0.24,0.021251960995416656,0.0010666666666666667,17737.18042153316,,,,,,,,
0.2,1.3333333333333333,88,0.12,0.033476619661368494,0.0011733333333333335,17730.035757652397,,,,,,,,
0.2,1.3333333333333333,89,0.92,0.030448271467681472,0.001426666666666667,17681.969670582967,,,,,,,,
0.2,1.3333333333333333,90,0.0,0.010965578762804146,0.0011733333333333333,17695.516567233713,,,,,,,,
0.2,1.3333333333333333,91,0.0,0.011013565474176383,0.0010133333333333333,17658.851994304554,,,,,,,,
0.2,1.3333333333333333,92,0.08,0.015056753514411395,0.00124,17682.091591053435,,,,,,,,
0.2,1.3333333333333333,93,0.0,0.009538281706604325,0.0010533333333333334,17753.124905254368,,,,,,,,
0.2,1.3333333333333333,94,0.4,0.029741917622812145,0.001,17717.15550839375,,,,,,,,
0.2,1.3333333333333333,95,1.0,0.03828741930805974,0.0010533333333333334,17763.37571828661,,,,,,,,
0.2,1.3333333333333333,96,0.4,0.022702636193054227,0.0011333333333333334,17683.940428037717,,,,,,,,
0.2,1.3333333333333333,97,0.08,0.014378787412716478,0.0010266666666666666,17687.288870350225,,,,,,,,
0.2,1.3333333333333333,98,0.0,0.016459442000676734,0.0011333333333333332,17759.687453513146,,,,,,,,
0.2,1.3333333333333333,99,0.0,0.012999477067888891,0.0012000000000000001,17735.608415014696,,,,,,,,
0.2,1.3333333333333333,100,0.0,0.011572180011689071,0.0012533333333333333,17720.68507997991,,,,,,,,
0.2,1.3333333333333333,101,0.64,0.033380742116169225,0.0011466666666666667,17730.10027130189,,,,,,,,
0.2,1.3333333333333333,102,0.0,0.009585037989479836,0.00108,17699.298121955773,,,,,,,,
0.2,1.3333333333333333,103,0.32,0.023729436763365825,0.0012266666666666667,17687.403818467646,,,,,,,,
0.2,1.3333333333333333,104,0.0,0.009538281706604323,0.0013200000000000004,17729.157761945626,,,,,,,,
0.2,1.3333333333333333,105,0.0,0.009538281706604325,0.00136,17743.429318048064,,,,,,,,
0.2,1.3333333333333333,106,0.44,0.026312889177941928,0.0012133333333333334,17687.718831677565,,,,,,,,
0.2,1.3333333333333333,107,0.0,0.01941255828056406,0.0012266666666666667,17739.712514287436,,,,,,,,
0.2,1.3333333333333333,108,1.0,0.029671783198498877,0.0011866666666666666,17720.062297346758,,,,,,,,
0.2,1.3333333333333333,109,0.64,0.028244486142299054,0.001586666666666667,17706.646464549118,,,,,,,,
0.2,1.3333333333333333,110,0.04,0.013700821311021563,0.0011733333333333335,17674.150233393782,,,,,,,,
0.2,1.3333333333333333,111,0.0,0.018540096588636992,0.0010266666666666666,17688.47439617435,,,,,,,,
0.2,1.3333333333333333,112,0.76,0.033979601253279305,0.0012533333333333333,17746.66508647692,,,,,,,,
0.2,1.3333333333333333,113,0.56,0.021203974284044413,0.00132,17720.130832715033,,,,,,,,
0.2,1.3333333333333333,114,0.04,0.012344889107631733,0.0011866666666666666,17659.168498640287,,,,,,,,
0.2,1.3333333333333333,115,1.0,0.05667909745672827,0.0010533333333333334,17686.68379559136,,,,,,,,
0.2,1.3333333333333333,116,0.38,0.019193454120397427,0.0009733333333333334,17664.353840706786,,,,,,,,
0.2,1.3333333333333333,117,0.0,0.011690301147374571,0.0008799999999999999,17734.983871474302,,,,,,,,
0.2,1.3333333333333333,118,0.0,0.015102279368790182,0.0010666666666666665,17664.998893732045,,,,,,,,
0.2,1.3333333333333333,119,0.0,0.011691531575871297,0.0011466666666666667,17734.84411231649,,,,,,,,
0.2,3.0,0,0.0,0.003389830508474576,0.0009466666666666666,17729.947491418894,,,,,,,,
0.2,3.0,1,0.0,0.008908302316281645,0.0009333333333333333,17688.119124830944,,,,,,,,
0.2,3.0,2,0.0,0.006803039158386908,0.0010800000000000002,17674.56226734747,,,,,,,,
0.2,3.0,3,0.0,0.006101694915254237,0.0010133333333333333,17716.837926886095,,,,,,,,
0.2,3.0,4,0.0,0.005423728813559322,0.00104,17681.55438601786,,,,,,,,
0.2,3.0,5,0.0,0.005423728813559322,0.0010933333333333333,17689.002728577125,,,,,,,,
0.2,3.0,6,0.0,0.006148451198129749,0.0010133333333333333,17696.110132718895,,,,,,,,
0.2,3.0,7,0.0,0.006125073056691993,0.0010400000000000001,17762.91101818415,,,,,,,,
0.2,3.0,8,0.0,0.005423728813559322,0.0011866666666666666,17675.493084491452,,,,,,,,
0.2,3.0,9,0.0,0.008206958073148973,0.0011333333333333334,17653.920558013007,,,,,,,,
0.2,3.0,10,0.0,0.005423728813559322,0.0007066666666666666,17673.55032965143,,,,,,,,
0.2,3.0,11,0.0,0.008182349503214495,0.0009333333333333332,17710.799437457947,,,,,,,,
0.2,3.0,12,0.0,0.010216247808299241,0.0008933333333333333,17709.159539235745,,,,,,,,
0.2,3.0,13,0.0,0.004091174751607247,0.0008133333333333332,17733.379604631795,,,,,,,,
0.2,3.0,14,0.0,0.0047457627118644066,0.0010533333333333334,17683.384131956664,,,,,,,,
0.2,3.0,15,0.0,0.007504383401519579,0.0010133333333333333,17717.92542557589,,,,,,,,
0.2,3.0,16,0.0,0.006125073056691993,0.0010266666666666666,17698.979711643,,,,,,,,
0.2,3.0,17,0.0,0.0047457627118644066,0.001,17695.87057168936,,,,,,,,
0.2,3.0,18,0.0,0.004067796610169492,0.0010266666666666666,17729.2120099312,,,,,,,,
0.2,3.0,19,0.0,0.006779661016949152,0.0009066666666666667,17723.937662469096,,,,,,,,
0.2,3.0,20,0.0,0.00750438340151958,0.0011466666666666667,17702.858462899785,,,,,,,,
0.2,3.0,21,0.0,0.005447106954997077,0.0010266666666666666,17691.02315759956,,,,,,,,
0.2,3.0,22,0.0,0.007457627118644068,0.0008399999999999999,17746.985645153625,,,,,,,,
0.2,3.0,23,0.0,0.005447106954997077,0.001,17676.68118083466,,,,,,,,
0.2,3.0,24,0.0,0.008229105786090006,0.0008,17717.00031201666,,,,,,,,
0.2,3.0,25,0.0,0.008884924174843888,0.0008533333333333334,17655.877280895864,,,,,,,,
0.2,3.0,26,0.0,0.010169491525423728,0.0008133333333333332,17714.407507766646,,,,,,,,
0.2,3.0,27,0.0,0.006148451198129749,0.00096,17690.270559459223,,,,,,,,
0.2,3.0,28,0.0,0.004769140853302163,0.0010666666666666667,17661.867725739125,,,,,,,,
0.2,3.0,29,0.0,0.002711864406779661,0.00108,17715.415259491798,,,,,,,,
0.2,3.0,30,0.0,0.006826417299824663,0.0009066666666666666,17738.514236270887,,,,,,,,
0.2,3.0,31,0.0,0.007504383401519579,0.0008266666666666666,17713.932719758748,,,,,,,,
0.2,3.0,32,0.0,0.006851025869759143,0.0008933333333333333,17704.102339629135,,,,,,,,
0.2,3.0,33,0.0,0.0075277615429573345,0.00092,17693.148576942698,,,,,,,,
0.2,3.0,34,0.0,0.0075277615429573345,0.0008666666666666667,17637.763365241888,,,,,,,,
0.2,3.0,35,0.0,0.005470485096434833,0.0008933333333333333,17723.51563237721,,,,,,,,
0.2,3.0,36,0.0,0.007504383401519579,0.0010933333333333333,17693.596750693054,,,,,,,,
0.2,3.0,37,0.0,0.008182349503214495,0.00116,17635.69350966154,,,,,,,,
0.2,3.0,38,0.0,0.006826417299824663,0.0010533333333333334,17639.60132885492,,,,,,,,
0.2,3.0,39,0.0,0.0061016949152542365,0.0008666666666666665,17689.327937426417,,,,,,,,
0.2,3.0,40,0.0,0.004067796610169492,0.0009333333333333333,17700.056220090388,,,,,,,,
0.2,3.0,41,0.0,0.005470485096434833,0.0009333333333333333,17685.609283074456,,,,,,,,
0.2,3.0,42,0.0,0.004067796610169492,0.0009333333333333332,17674.689667552524,,,,,,,,
0.2,3.0,43,0.0,0.006803039158386908,0.0008266666666666665,17687.994101622688,,,,,,,,
0.2,3.0,44,0.0,0.009562890276538805,0.0009866666666666667,17688.226252094046,,,,,,,,
0.2,3.0,45,0.0,0.005447106954997077,0.0009466666666666666,17686.771975610674,,,,,,,,
0.2,3.0,46,0.0,0.0034132086499123315,0.0012000000000000001,17679.30401711066,,,,,,,,
0.2,3.0,47,0.0,0.005447106954997077,0.00092,17705.64794029083,,,,,,,,
0.2,3.0,48,0.0,0.006826417299824664,0.0008533333333333333,17659.75185356624,,,,,,,,
0.2,3.0,49,0.0,0.003389830508474576,0.0007733333333333332,17703.996383831356,,,,,,,,
0.2,3.0,50,0.0,0.004091174751607247,0.0009733333333333334,17676.64772770229,,,,,,,,
0.2,3.0,51,0.0,0.004091174751607246,0.0009066666666666667,17730.152034800554,,,,,,,,
0.2,3.0,52,0.0,0.004091174751607247,0.001,17695.582253112123,,,,,,,,
0.2,3.0,53,0.0,0.002033898305084746,0.00084,17694.789162141533,,,,,,,,
0.2,3.0,54,0.0,0.007504383401519579,0.0009066666666666667,17667.4172281752,,,,,,,,
0.2,3.0,55,0.0,0.007457627118644068,0.0009733333333333333,17679.23750555158,,,,,,,,
0.2,3.0,56,0.0,0.008182349503214495,0.0010666666666666665,17700.335004263317,,,,,,,,
0.2,3.0,57,0.0,0.008931680457719401,0.0009866666666666667,17679.57893570723,,,,,,,,
0.2,3.0,58,0.0,0.00614845119812975,0.00096,17704.06853830889,,,,,,,,
0.2,3.0,59,0.0,0.006803039158386908,0.0009733333333333334,17708.454339744578,,,,,,,,
0.2,3.0,60,0.0,0.006148451198129747,0.0010133333333333333,17685.10972986938,,,,,,,,
0.2,3.0,61,0.0,0.003413208649912332,0.0009866666666666667,17740.410946577776,,,,,,,,
0.2,3.0,62,0.0,0.005423728813559322,0.0011200000000000001,17721.624560585456,,,,,,,,
0.2,3.0,63,0.0,0.006826417299824663,0.0008533333333333333,17662.898705007457,,,,,,,,
0.2,3.0,64,0.0,0.008836937463471655,0.0008533333333333334,17716.95676407204,,,,,,,,
0.2,3.0,65,0.0,0.006171829339567505,0.0010133333333333335,17768.351205711155,,,,,,,,
0.2,3.0,66,0.0,0.0047457627118644066,0.0009333333333333332,17696.649856458094,,,,,,,,
0.2,3.0,67,0.0,0.005447106954997077,0.0009200000000000001,17689.248305206693,,,,,,,,
0.2,3.0,68,0.0,0.006826417299824663,0.0009866666666666667,17747.48106810698,,,,,,,,
0.2,3.0,69,0.0,0.003389830508474576,0.0009866666666666667,17731.760655152997,,,,,,,,
0.2,3.0,70,0.0,0.006803039158386908,0.0009733333333333333,17697.695827449326,,,,,,,,
0.2,3.0,71,0.0,0.007504383401519579,0.0010266666666666666,17707.779664410475,,,,,,,,
0.2,3.0,72,0.0,0.005423728813559322,0.0010133333333333333,17737.621478477366,,,,,,,,
0.2,3.0,73,0.0,0.006125073056691992,0.0009066666666666666,17704.249236077732,,,,,,,,
0.2,3.0,74,0.0,0.007527761542957335,0.0011200000000000001,17705.854501616213,,,,,,,,
0.2,3.0,75,0.0,0.006826417299824664,0.0009466666666666667,17711.183753722504,,,,,,,,
0.2,3.0,76,0.0,0.004091174751607247,0.00108,17653.323064630436,,,,,,,,
0.2,3.0,77,0.0,0.004067796610169492,0.0010666666666666665,17677.448712338028,,,,,,,,
0.2,3.0,78,0.0,0.006849795441262419,0.0010533333333333334,17689.199725520706,,,,,,,,
0.2,3.0,79,0.0,0.005447106954997078,0.0009066666666666667,17664.31059103165,,,,,,,,
0.2,3.0,80,0.0,0.00823033621458673,0.0008266666666666666,17727.617285517612,,,,,,,,
0.2,3.0,81,0.0,0.004067796610169492,0.00108,17678.80325020434,,,,,,,,
0.2,3.0,82,0.0,0.005470485096434833,0.0008533333333333333,17713.24612167739,,,,,,,,
0.2,3.0,83,0.0,0.0061016949152542365,0.00108,17703.91398150244,,,,,,,,
0.2,3.0,84,0.0,0.006803039158386908,0.00112,17719.38429643862,,,,,,,,
0.2,3.0,85,0.0,0.010287612661109231,0.0009466666666666665,17697.631908607567,,,,,,,,
0.2,3.0,86,0.0,0.003389830508474576,0.0009066666666666666,17694.44238601344,,,,,,,,
0.2,3.0,87,0.0,0.005423728813559322,0.0009333333333333333,17743.712293996305,,,,,,,,
0.2,3.0,88,0.0,0.006803039158386909,0.0007999999999999999,17705.883569271267,,,,,,,,
0.2,3.0,89,0.0,0.005447106954997077,0.00092,17667.70658943542,,,,,,,,
0.2,3.0,90,0.0,0.008836937463471655,0.00104,17735.26336428509,,,,,,,,
0.2,3.0,91,0.0,0.004067796610169492,0.00092,17716.948715307564,,,,,,,,
0.2,3.0,92,0.0,0.008182349503214495,0.0007599999999999998,17707.760234515586,,,,,,,,
0.2,3.0,93,0.0,0.006125073056691993,0.001,17690.633905945135,,,,,,,,
0.2,3.0,94,0.0,0.00750438340151958,0.0009333333333333333,17748.507041442623,,,,,,,,
0.2,3.0,95,0.0,0.0075277615429573345,0.00096,17747.39088112869,,,,,,,,
0.2,3.0,96,0.0,0.003389830508474576,0.0008133333333333332,17687.6911821674,,,,,,,,
0.2,3.0,97,0.0,0.007527761542957335,0.0008933333333333333,17660.07751750804,,,,,,,,
0.2,3.0,98,0.0,0.0048171275646743976,0.0008266666666666666,17759.415805418823,,,,,,,,
0.2,3.0,99,0.0,0.004792518994739918,0.0010933333333333333,17683.17941273399,,,,,,,,
0.2,3.0,100,0.0,0.006125073056691992,0.0010933333333333333,17681.361973054045,,,,,,,,
0.2,3.0,101,0.0,0.004769140853302162,0.0009599999999999999,17690.087465892208,,,,,,,,
0.2,3.0,102,0.0,0.003389830508474576,0.00092,17743.91420935026,,,,,,,,
0.2,3.0,103,0.0,0.00815897136177674,0.00064,17698.701897298954,,,,,,,,
0.2,3.0,104,0.0,0.008182349503214495,0.0008,17744.52725442375,,,,,,,,
0.2,3.0,105,0.0,0.005470485096434834,0.0006400000000000002,17674.31669895871,,,,,,,,
0.2,3.0,106,0.0,0.01026300409117475,0.0011333333333333334,17756.020452606244,,,,,,,,
0.2,3.0,107,0.0,0.006125073056691993,0.0007599999999999999,17719.1251256098,,,,,,,,
0.2,3.0,108,0.0,0.006779661016949153,0.0009866666666666667,17660.82427199009,,,,,,,,
0.2,3.0,109,0.0,0.004769140853302161,0.001,17677.22750304544,,,,,,,,
0.2,3.0,110,0.0,0.006125073056691993,0.0009333333333333333,17702.64108952861,,,,,,,,
0.2,3.0,111,0.0,0.00815897136177674,0.0009466666666666667,17719.94696642934,,,,,,,,
0.2,3.0,112,0.0,0.004067796610169492,0.001,17665.284931459624,,,,,,,,
0.2,3.0,113,0.0,0.010894213909994156,0.0008133333333333332,17710.373145810572,,,,,,,,
0.2,3.0,114,0.0,0.0047457627118644066,0.00116,17706.917295249947,,,,,,,,
0.2,3.0,115,0.0,0.006945768864006889,0.001,17672.191679744512,,,,,,,,
0.2,3.0,116,0.0,0.002033898305084746,0.00096,17681.263345686362,,,,,,,,
0.2,3.0,117,0.0,0.006826417299824663,0.0008933333333333332,17730.304216262204,,,,,,,,
0.2,3.0,118,0.0,0.006803039158386908,0.001,17699.331571299557,,,,,,,,
0.2,3.0,119,0.0,0.0034132086499123315,0.00096,17703.151171283105,,,,,,,,
