p_s,shape,rep,stake_top1_hit,stake_top_jaccard,stake_confidence,bandwidth_overhead,latency,latency_overhead,eta,inv_eta,sigma_d,sigma_Z,sigma_eps,sigma_noise
0.01,1.3333333333333333,0,1.0,1.0,0.16759999999999997,30.567817313770142,,,,,,,,
0.01,1.3333333333333333,1,1.0,1.0,0.14279999999999998,30.5147533562301,,,,,,,,
0.01,1.3333333333333333,2,1.0,1.0,0.1288,30.49530650267383,,,,,,,,
0.01,1.3333333333333333,3,1.0,1.0,0.152,30.43145013651675,,,,,,,,
0.01,1.3333333333333333,4,1.0,1.0,0.1496,30.490296630507142,,,,,,,,
0.01,1.3333333333333333,5,1.0,1.0,0.1584,30.51853013853308,,,,,,,,
0.01,1.3333333333333333,6,1.0,1.0,0.13720000000000002,30.503196235371725,,,,,,,,
0.01,1.3333333333333333,7,0.88,0.88,0.16720000000000002,30.502529694107483,,,,,,,,
0.01,1.3333333333333333,8,1.0,1.0,0.1288,30.56102984370477,,,,,,,,
0.01,1.3333333333333333,9,1.0,1.0,0.1396,30.458129376453275,,,,,,,,
0.01,1.3333333333333333,10,1.0,1.0,0.15,30.53173022698133,,,,,,,,
0.01,1.3333333333333333,11,1.0,1.0,0.12200000000000001,30.55116840247949,,,,,,,,
0.01,1.3333333333333333,12,1.0,1.0,0.1476,30.496164017119874,,,,,,,,
0.01,1.3333333333333333,13,1.0,1.0,0.1416,30.58506782163079,,,,,,,,
0.01,1.3333333333333333,14,1.0,1.0,0.1328,30.477490354584152,,,,,,,,
0.01,1.3333333333333333,15,1.0,1.0,0.1564,30.47674247075448,,,,,,,,
0.01,1.3333333333333333,16,0.96,0.96,0.15,30.549199298507098,,,,,,,,
0.01,1.3333333333333333,17,1.0,1.0,0.13879999999999998,30.473194659995514,,,,,,,,
0.01,1.3333333333333333,18,0.64,0.64,0.15280000000000002,30.496758196522855,,,,,,,,
0.01,1.3333333333333333,19,1.0,1.0,0.154,30.601864914192383,,,,,,,,
0.01,1.3333333333333333,20,0.6,0.6,0.14800000000000002,30.39243230598746,,,,,,,,
0.01,1.3333333333333333,21,0.96,0.96,0.16,30.421702770057447,,,,,,,,
0.01,1.3333333333333333,22,1.0,1.0,0.14200000000000002,30.521207921257883,,,,,,,,
0.01,1.3333333333333333,23,1.0,1.0,0.11239999999999999,30.550722926988765,,,,,,,,
0.01,1.3333333333333333,24,0.5,0.52,0.15,30.432838296821792,,,,,,,,
0.01,1.3333333333333333,25,1.0,1.0,0.15760000000000002,30.456515687781884,,,,,,,,
0.01,1.3333333333333333,26,0.72,0.72,0.1524,30.49416678786388,,,,,,,,
0.01,1.3333333333333333,27,1.0,1.0,0.10799999999999998,30.484595779303472,,,,,,,,
0.01,1.3333333333333333,28,0.56,0.56,0.15960000000000002,30.49670992677907,,,,,,,,
0.01,1.3333333333333333,29,1.0,1.0,0.1552,30.556397582880674,,,,,,,,
0.01,1.3333333333333333,30,0.68,0.68,0.1444,30.46817479579623,,,,,,,,
0.01,1.3333333333333333,31,1.0,1.0,0.1532,30.50517859289811,,,,,,,,
0.01,1.3333333333333333,32,1.0,1.0,0.10079999999999999,30.599546044164477,,,,,,,,
0.01,1.3333333333333333,33,0.96,0.96,0.14120000000000002,30.530254874802026,,,,,,,,
0.01,1.3333333333333333,34,0.92,0.92,0.15720000000000003,30.528069405729944,,,,,,,,
0.01,1.3333333333333333,35,1.0,1.0,0.1576,30.4637120681735,,,,,,,,
0.01,1.3333333333333333,36,0.76,0.76,0.15600000000000003,30.548091091691436,,,,,,,,
0.01,1.3333333333333333,37,1.0,1.0,0.10479999999999999,30.584034525191555,,,,,,,,
0.01,1.3333333333333333,38,1.0,1.0,0.1264,30.504170109033065,,,,,,,,
0.01,1.3333333333333333,39,0.96,0.96,0.1244,30.422966865052246,,,,,,,,
0.01,1.3333333333333333,40,1.0,1.0,0.1396,30.550213721172685,,,,,,,,
0.01,1.3333333333333333,41,1.0,1.0,0.16,30.530335173877983,,,,,,,,
0.01,1.3333333333333333,42,1.0,1.0,0.138,30.562432931681215,,,,,,,,
0.01,1.3333333333333333,43,1.0,1.0,0.12639999999999998,30.511749266189184,,,,,,,,
0.01,1.3333333333333333,44,1.0,1.0,0.16520000000000004,30.521951324243418,,,,,,,,
0.01,1.3333333333333333,45,0.6,0.6,0.14400000000000002,30.611847419344123,,,,,,,,
0.01,1.3333333333333333,46,1.0,1.0,0.14320000000000002,30.603328159287656,,,,,,,,
0.01,1.3333333333333333,47,0.8,0.8,0.1424,30.344600635974444,,,,,,,,
0.01,1.3333333333333333,48,0.72,0.72,0.14800000000000002,30.53002372252333,,,,,,,,
0.01,1.3333333333333333,49,1.0,1.0,0.15360000000000001,30.486416348347785,,,,,,,,
0.01,1.3333333333333333,50,0.8,0.8,0.1444,30.551805785053702,,,,,,,,
0.01,1.3333333333333333,51,0.96,0.96,0.15560000000000002,30.48310859971837,,,,,,,,
0.01,1.3333333333333333,52,1.0,1.0,0.136,30.566743854460825,,,,,,,,
0.01,1.3333333333333333,53,1.0,1.0,0.11599999999999999,30.559496835904074,,,,,,,,
0.01,1.3333333333333333,54,1.0,1.0,0.1436,30.599035115112525,,,,,,,,
0.01,1.3333333333333333,55,1.0,1.0,0.057999999999999996,30.62637686924648,,,,,,,,
0.01,1.3333333333333333,56,1.0,1.0,0.14600000000000002,30.540995566726885,,,,,,,,
0.01,1.3333333333333333,57,1.0,1.0,0.1036,30.641075278768277,,,,,,,,
0.01,1.3333333333333333,58,0.84,0.84,0.134,30.57980297345018,,,,,,,,
0.01,1.3333333333333333,59,0.96,0.96,0.14559999999999998,30.477564449115647,,,,,,,,
0.01,1.3333333333333333,60,1.0,1.0,0.1576,30.462105050874815,,,,,,,,
0.01,1.3333333333333333,61,1.0,1.0,0.14159999999999998,30.523108179087743,,,,,,,,
0.01,1.3333333333333333,62,1.0,1.0,0.1444,30.50814741871563,,,,,,,,
0.01,1.3333333333333333,63,0.68,0.68,0.16080000000000003,30.56130204109991,,,,,,,,
0.01,1.3333333333333333,64,1.0,1.0,0.16360000000000002,30.445862245788845,,,,,,,,
0.01,1.3333333333333333,65,1.0,1.0,0.1436,30.434361157084265,,,,,,,,
0.01,1.3333333333333333,66,1.0,1.0,0.0828,30.53941090671784,,,,,,,,
0.01,1.3333333333333333,67,1.0,1.0,0.10880000000000001,30.51162752613264,,,,,,,,
0.01,1.3333333333333333,68,1.0,1.0,0.10799999999999998,30.536064533711947,,,,,,,,
0.01,1.3333333333333333,69,0.96,0.96,0.1396,30.53396683857849,,,,,,,,
0.01,1.3333333333333333,70,1.0,1.0,0.1552,30.520178648726983,,,,,,,,
0.01,1.3333333333333333,71,1.0,1.0,0.1512,30.528198310085255,,,,,,,,
0.01,1.3333333333333333,72,0.8,0.8,0.1508,30.546510577158323,,,,,,,,
0.01,1.3333333333333333,73,1.0,1.0,0.1344,30.525006359618274,,,,,,,,
0.01,1.3333333333333333,74,1.0,1.0,0.1436,30.51522483149397,,,,,,,,
0.01,1.3333333333333333,75,1.0,1.0,0.132,30.623538104016898,,,,,,,,
0.01,1.3333333333333333,76,1.0,1.0,0.11159999999999998,30.538405164278505,,,,,,,,
0.01,1.3333333333333333,77,1.0,1.0,0.15,30.464218246001224,,,,,,,,
0.01,1.3333333333333333,78,1.0,1.0,0.124,30.45658956220265,,,,,,,,
0.01,1.3333333333333333,79,1.0,1.0,0.14520000000000002,30.483812063506534,,,,,,,,
0.01,1.3333333333333333,80,1.0,1.0,0.1316,30.52088804739867,,,,,,,,
0.01,1.3333333333333333,81,1.0,1.0,0.08840000000000002,30.705165990788174,,,,,,,,
0.01,1.3333333333333333,82,0.96,0.96,0.1428,30.536165647315507,,,,,,,,
0.01,1.3333333333333333,83,0.8,0.8,0.1628,30.419210518381306,,,,,,,,
0.01,1.3333333333333333,84,1.0,1.0,0.1444,30.533721345762945,,,,,,,,
0.01,1.3333333333333333,85,1.0,1.0,0.12760000000000002,30.526054352046785,,,,,,,,
0.01,1.3333333333333333,86,0.92,0.92,0.14880000000000002,30.462505348206747,,,,,,,,
0.01,1.3333333333333333,87,0.96,0.96,0.1504,30.5615950054281,,,,,,,,
0.01,1.3333333333333333,88,0.48,0.48,0.1552,30.444537005894983,,,,,,,,
0.01,1.3333333333333333,89,1.0,1.0,0.13920000000000002,30.543195368260236,,,,,,,,
0.01,1.3333333333333333,90,0.56,0.56,0.16,30.540067731896496,,,,,,,,
0.01,1.3333333333333333,91,1.0,1.0,0.12200000000000001,30.518077880590276,,,,,,,,
0.01,1.3333333333333333,92,1.0,1.0,0.09920000000000001,30.559069563986483,,,,,,,,
0.01,1.3333333333333333,93,1.0,1.0,0.14240000000000003,30.56834615562336,,,,,,,,
0.01,1.3333333333333333,94,1.0,1.0,0.15,30.487912830037956,,,,,,,,
0.01,1.3333333333333333,95,1.0,1.0,0.14400000000000002,30.60003692253833,,,,,,,,
0.01,1.3333333333333333,96,1.0,1.0,0.11400000000000002,30.399642227801095,,,,,,,,
0.01,1.3333333333333333,97,1.0,1.0,0.1152,30.508584081426374,,,,,,,,
0.01,1.3333333333333333,98,1.0,1.0,0.1456,30.54899469673541,,,,,,,,
0.01,1.3333333333333333,99,1.0,1.0,0.11560000000000001,30.578450915317877,,,,,,,,
0.01,1.3333333333333333,100,0.96,0.96,0.1404,30.501050926291033,,,,,,,,
0.01,1.3333333333333333,101,0.88,0.88,0.14600000000000002,30.413051242826842,,,,,,,,
0.01,1.3333333333333333,102,1.0,1.0,0.064,30.709632930708246,,,,,,,,
0.01,1.3333333333333333,103,1.0,1.0,0.12639999999999998,30.59061061760191,,,,,,,,
0.01,1.3333333333333333,104,1.0,1.0,0.1188,30.53349776088986,,,,,,,,
0.01,1.3333333333333333,105,1.0,1.0,0.0824,30.61693901320893,,,,,,,,
0.01,1.3333333333333333,106,1.0,1.0,0.126,30.590070627808387,,,,,,,,
0.01,1.3333333333333333,107,1.0,1.0,0.1452,30.48617415711976,,,,,,,,
0.01,1.3333333333333333,108,0.88,0.88,0.1464,30.43487998852957,,,,,,,,
0.01,1.3333333333333333,109,1.0,1.0,0.1464,30.507869969117706,,,,,,,,
0.01,1.3333333333333333,110,1.0,1.0,0.1592,30.56183475558505,,,,,,,,
0.01,1.3333333333333333,111,1.0,1.0,0.138,30.558599858600275,,,,,,,,
0.01,1.3333333333333333,112,1.0,1.0,0.0924,30.52837248048434,,,,,,,,
0.01,1.3333333333333333,113,1.0,1.0,0.134,30.607021283923768,,,,,,,,
0.01,1.3333333333333333,114,0.66,0.68,0.15000000000000002,30.563095439983464,,,,,,,,
0.01,1.3333333333333333,115,1.0,1.0,0.15280000000000002,30.525849936223793,,,,,,,,
0.01,1.3333333333333333,116,1.0,1.0,0.14,30.565323068962936,,,,,,,,
0.01,1.3333333333333333,117,1.0,1.0,0.1296,30.53990521176291,,,,,,,,
0.01,1.3333333333333333,118,1.0,1.0,0.126,30.483284912089488,,,,,,,,
0.01,1.3333333333333333,119,0.8,0.8,0.1552,30.428954886760543,,,,,,,,
0.01,3.0,0,0.32,0.32,0.1596,30.52187396143247,,,,,,,,
0.01,3.0,1,1.0,1.0,0.1464,30.485497647811773,,,,,,,,
0.01,3.0,2,0.42,0.44,0.1684,30.41697300417757,,,,,,,,
0.01,3.0,3,1.0,1.0,0.1632,30.459500819926134,,,,,,,,
0.01,3.0,4,0.52,0.52,0.1476,30.4887117182743,,,,,,,,
0.01,3.0,5,0.88,0.88,0.16400000000000003,30.535572396479242,,,,,,,,
0.01,3.0,6,0.3,0.32,0.17,30.50704671615841,,,,,,,,
0.01,3.0,7,1.0,1.0,0.1464,30.540760863901006,,,,,,,,
0.01,3.0,8,0.4,0.4,0.16400000000000003,30.448722305912625,,,,,,,,
0.01,3.0,9,0.96,0.96,0.1784,30.48844053077804,,,,,,,,
0.01,3.0,10,0.44,0.48,0.1632,30.500779947572205,,,,,,,,
0.01,3.0,11,0.56,0.56,0.16399999999999998,30.47544223642161,,,,,,,,
0.01,3.0,12,0.96,0.96,0.1552,30.505256838584998,,,,,,,,
0.01,3.0,13,1.0,1.0,0.1672,30.460359982007486,,,,,,,,
0.01,3.0,14,0.92,0.92,0.174,30.481198915741615,,,,,,,,
0.01,3.0,15,0.2,0.2,0.1648,30.432355152321264,,,,,,,,
0.01,3.0,16,0.84,0.84,0.16399999999999998,30.529066631361353,,,,,,,,
0.01,3.0,17,0.72,0.72,0.1564,30.469728669797302,,,,,,,,
0.01,3.0,18,0.96,0.96,0.16959999999999997,30.508879870204463,,,,,,,,
0.01,3.0,19,0.72,0.72,0.1664,30.52051295863272,,,,,,,,
0.01,3.0,20,1.0,1.0,0.16080000000000003,30.481269898280473,,,,,,,,
0.01,3.0,21,1.0,1.0,0.15960000000000002,30.540933589077586,,,,,,,,
0.01,3.0,22,0.76,0.76,0.1736,30.450326944360448,,,,,,,,
0.01,3.0,23,0.96,0.96,0.16240000000000002,30.5256550595153,,,,,,,,
0.01,3.0,24,0.76,0.76,0.17280000000000004,30.493214615062467,,,,,,,,
0.01,3.0,25,1.0,1.0,0.1472,30.481393190427653,,,,,,,,
0.01,3.0,26,0.88,0.88,0.1636,30.484472708692234,,,,,,,,
0.01,3.0,27,1.0,1.0,0.156,30.498889114355997,,,,,,,,
0.01,3.0,28,0.68,0.68,0.1524,30.50518713740832,,,,,,,,
0.01,3.0,29,0.88,0.88,0.1548,30.46681360561597,,,,,,,,
0.01,3.0,30,0.96,0.96,0.18280000000000002,30.52858189675876,,,,,,,,
0.01,3.0,31,0.52,0.52,0.1648,30.532980733792982,,,,,,,,
0.01,3.0,32,0.8,0.8,0.16520000000000004,30.588127489749116,,,,,,,,
0.01,3.0,33,0.28,0.28,0.16,30.54199526786689,,,,,,,,
0.01,3.0,34,0.46,0.48,0.1616,30.558173444213026,,,,,,,,
0.01,3.0,35,0.12,0.12,0.16920000000000002,30.53090985748294,,,,,,,,
0.01,3.0,36,0.96,0.96,0.15839999999999999,30.529489678384877,,,,,,,,
0.01,3.0,37,0.96,0.96,0.158,30.56300929874406,,,,,,,,
0.01,3.0,38,0.5,0.48,0.17679999999999998,30.526583970713858,,,,,,,,
0.01,3.0,39,1.0,1.0,0.16399999999999998,30.560344489555927,,,,,,,,
0.01,3.0,40,0.56,0.56,0.1648,30.5472295792889,,,,,,,,
0.01,3.0,41,0.6,0.6,0.1664,30.439298038258347,,,,,,,,
0.01,3.0,42,0.2,0.2,0.1628,30.533585104850705,,,,,,,,
0.01,3.0,43,0.34,0.36,0.1672,30.496495454288066,,,,,,,,
0.01,3.0,44,1.0,1.0,0.16440000000000002,30.555823914243334,,,,,,,,
0.01,3.0,45,0.22,0.2,0.15760000000000002,30.512423520588914,,,,,,,,
0.01,3.0,46,1.0,1.0,0.15560000000000002,30.461989034746367,,,,,,,,
0.01,3.0,47,0.88,0.88,0.1616,30.46755781146987,,,,,,,,
0.01,3.0,48,1.0,1.0,0.14800000000000002,30.483741592255164,,,,,,,,
0.01,3.0,49,0.16,0.16,0.1624,30.441067793465496,,,,,,,,
0.01,3.0,50,0.92,0.92,0.16240000000000002,30.46601745925494,,,,,,,,
0.01,3.0,51,1.0,1.0,0.15200000000000002,30.431709405687034,,,,,,,,
0.01,3.0,52,0.78,0.76,0.17240000000000003,30.480198782840453,,,,,,,,
0.01,3.0,53,1.0,1.0,0.16520000000000004,30.495825470021927,,,,,,,,
0.01,3.0,54,0.96,0.96,0.1628,30.53985872484911,,,,,,,,
0.01,3.0,55,0.92,0.92,0.17559999999999998,30.476082592753645,,,,,,,,
0.01,3.0,56,1.0,1.0,0.15680000000000002,30.52780255024399,,,,,,,,
0.01,3.0,57,0.2,0.2,0.16760000000000003,30.516597298066134,,,,,,,,
0.01,3.0,58,1.0,1.0,0.14400000000000002,30.55481414714454,,,,,,,,
0.01,3.0,59,0.56,0.56,0.1552,30.51684488329408,,,,,,,,
0.01,3.0,60,0.96,0.96,0.17360000000000003,30.443141569860746,,,,,,,,
0.01,3.0,61,0.6,0.6,0.1604,30.44617209329807,,,,,,,,
0.01,3.0,62,0.52,0.52,0.16519999999999999,30.52235996055758,,,,,,,,
0.01,3.0,63,0.56,0.56,0.15600000000000003,30.487042035392403,,,,,,,,
0.01,3.0,64,0.84,0.84,0.152,30.48837969685656,,,,,,,,
0.01,3.0,65,0.62,0.64,0.1616,30.49030287512765,,,,,,,,
0.01,3.0,66,0.96,0.96,0.1564,30.466549928071665,,,,,,,,
0.01,3.0,67,0.4,0.4,0.1568,30.48174212190497,,,,,,,,
0.01,3.0,68,0.8,0.8,0.1648,30.491300958541956,,,,,,,,
0.01,3.0,69,1.0,1.0,0.16279999999999997,30.45575543643513,,,,,,,,
0.01,3.0,70,0.84,0.84,0.16440000000000002,30.504608932137796,,,,,,,,
0.01,3.0,71,0.4,0.4,0.1472,30.496691953948467,,,,,,,,
0.01,3.0,72,0.48,0.48,0.1656,30.501944442565776,,,,,,,,
0.01,3.0,73,0.44,0.44,0.16880000000000003,30.486228048652585,,,,,,,,
0.01,3.0,74,0.96,0.96,0.17119999999999996,30.52088019414858,,,,,,,,
0.01,3.0,75,1.0,1.0,0.16080000000000003,30.413311429018204,,,,,,,,
0.01,3.0,76,0.64,0.64,0.1516,30.41281262622816,,,,,,,,
0.01,3.0,77,1.0,1.0,0.1672,30.41092210631689,,,,,,,,
0.01,3.0,78,0.92,0.92,0.168,30.59206749499116,,,,,,,,
0.01,3.0,79,0.44,0.44,0.15960000000000002,30.47887427411547,,,,,,,,
0.01,3.0,80,0.52,0.52,0.166,30.44587639351771,,,,,,,,
0.01,3.0,81,0.68,0.68,0.1632,30.540602434103793,,,,,,,,
0.01,3.0,82,1.0,1.0,0.15040000000000003,30.387641682906565,,,,,,,,
0.01,3.0,83,0.8,0.8,0.17040000000000002,30.612833597111248,,,,,,,,
0.01,3.0,84,1.0,1.0,0.1552,30.483819432672043,,,,,,,,
0.01,3.0,85,0.68,0.68,0.1516,30.432462601520914,,,,,,,,
0.01,3.0,86,0.68,0.68,0.1628,30.55763331765024,,,,,,,,
0.01,3.0,87,0.92,0.92,0.154,30.471365049885105,,,,,,,,
0.01,3.0,88,1.0,1.0,0.1624,30.43928758984032,,,,,,,,
0.01,3.0,89,0.32,0.32,0.16599999999999998,30.429163171572082,,,,,,,,
0.01,3.0,90,1.0,1.0,0.1612,30.521840129137072,,,,,,,,
0.01,3.0,91,1.0,1.0,0.1548,30.434280583631725,,,,,,,,
0.01,3.0,92,1.0,1.0,0.16720000000000002,30.45132263512481,,,,,,,,
0.01,3.0,93,1.0,1.0,0.1648,30.50926969684589,,,,,,,,
0.01,3.0,94,0.28,0.28,0.16840000000000002,30.481066613227952,,,,,,,,
0.01,3.0,95,0.2,0.2,0.16080000000000003,30.505097714924258,,,,,,,,
0.01,3.0,96,1.0,1.0,0.14679999999999999,30.455306807570743,,,,,,,,
0.01,3.0,97,0.8,0.8,0.1512,30.442804541265943,,,,,,,,
0.01,3.0,98,0.72,0.72,0.1628,30.581692443266444,,,,,,,,
0.01,3.0,99,0.8,0.8,0.166,30.433819202624704,,,,,,,,
0.01,3.0,100,0.92,0.92,0.1616,30.43581864465812,,,,,,,,
0.01,3.0,101,0.64,0.64,0.1672,30.44523555204577,,,,,,,,
0.01,3.0,102,0.78,0.76,0.1684,30.520301746395326,,,,,,,,
0.01,3.0,103,0.32,0.32,0.15839999999999999,30.58463209998354,,,,,,,,
0.01,3.0,104,0.44,0.44,0.172,30.512848438358084,,,,,,,,
0.01,3.0,105,0.2,0.2,0.16040000000000001,30.457887839917372,,,,,,,,
0.01,3.0,106,1.0,1.0,0.16,30.525470508283163,,,,,,,,
0.01,3.0,107,0.76,0.76,0.1632,30.55864284150416,,,,,,,,
0.01,3.0,108,0.64,0.64,0.17400000000000002,30.504023993860727,,,,,,,,
0.01,3.0,109,0.56,0.56,0.1584,30.566497457133693,,,,,,,,
0.01,3.0,110,0.28,0.28,0.1672,30.51623948722712,,,,,,,,
0.01,3.0,111,1.0,1.0,0.16360000000000002,30.473093272542634,,,,,,,,
0.01,3.0,112,0.92,0.92,0.17920000000000003,30.481145721499782,,,,,,,,
0.01,3.0,113,0.64,0.64,0.1576,30.47572304814241,,,,,,,,
0.01,3.0,114,0.68,0.68,0.16119999999999998,30.507335517503375,,,,,,,,
0.01,3.0,115,0.24,0.24,0.1736,30.56912741823791,,,,,,,,
0.01,3.0,116,0.8,0.8,0.17,30.5069320545596,,,,,,,,
0.01,3.0,117,0.84,0.84,0.1744,30.544659780891482,,,,,,,,
0.01,3.0,118,1.0,1.0,0.16240000000000002,30.499010724386668,,,,,,,,
0.01,3.0,119,0.84,0.84,0.17240000000000003,30.49321753416361,,,,,,,,
0.025,1.3333333333333333,0,0.68,0.68,0.10360000000000001,74.80893377772495,,,,,,,,
0.025,1.3333333333333333,1,1.0,1.0,0.10280000000000002,74.51893601750822,,,,,,,,
0.025,1.3333333333333333,2,1.0,1.0,0.0304,75.66242889734156,,,,,,,,
0.025,1.3333333333333333,3,1.0,1.0,0.09999999999999998,74.72923268168456,,,,,,,,
0.025,1.3333333333333333,4,1.0,1.0,0.0904,74.87830454678179,,,,,,,,
0.025,1.3333333333333333,5,0.52,0.52,0.1072,74.53893113881166,,,,,,,,
0.025,1.3333333333333333,6,1.0,1.0,0.0908,74.5731291573619,,,,,,,,
0.025,1.3333333333333333,7,0.8,0.8,0.10080000000000001,74.6545678135812,,,,,,,,
0.025,1.3333333333333333,8,1.0,1.0,0.09479999999999998,74.85336008410394,,,,,,,,
0.025,1.3333333333333333,9,0.92,0.92,0.09519999999999999,74.90375512695836,,,,,,,,
0.025,1.3333333333333333,10,1.0,1.0,0.1024,74.65043870088077,,,,,,,,
0.025,1.3333333333333333,11,1.0,1.0,0.1008,74.67948100450863,,,,,,,,
0.025,1.3333333333333333,12,1.0,1.0,0.09360000000000002,74.64926619948724,,,,,,,,
0.025,1.3333333333333333,13,1.0,1.0,0.08439999999999999,74.63826233639112,,,,,,,,
0.025,1.3333333333333333,14,1.0,1.0,0.08560000000000001,74.88384010577663,,,,,,,,
0.025,1.3333333333333333,15,1.0,1.0,0.10760000000000002,74.79925939774198,,,,,,,,
0.025,1.3333333333333333,16,0.96,0.96,0.0992,74.6139929531723,,,,,,,,
0.025,1.3333333333333333,17,1.0,1.0,0.0828,75.01368832232588,,,,,,,,
0.025,1.3333333333333333,18,1.0,1.0,0.057600000000000005,75.25638535345824,,,,,,,,
0.025,1.3333333333333333,19,1.0,1.0,0.09480000000000001,74.80076618750638,,,,,,,,
0.025,1.3333333333333333,20,1.0,1.0,0.1,74.72990142120257,,,,,,,,
0.025,1.3333333333333333,21,1.0,1.0,0.09,74.67488256435492,,,,,,,,
0.025,1.3333333333333333,22,1.0,1.0,0.0824,74.6503725528085,,,,,,,,
0.025,1.3333333333333333,23,1.0,1.0,0.1012,74.71104581947532,,,,,,,,
0.025,1.3333333333333333,24,0.76,0.76,0.0944,74.83802656679649,,,,,,,,
0.025,1.3333333333333333,25,0.8,0.8,0.1128,74.85458892147221,,,,,,,,
0.025,1.3333333333333333,26,1.0,1.0,0.0752,75.07611731416281,,,,,,,,
0.025,1.3333333333333333,27,1.0,1.0,0.10160000000000002,74.53913057996077,,,,,,,,
0.025,1.3333333333333333,28,1.0,1.0,0.10360000000000001,74.68630399484668,,,,,,,,
0.025,1.3333333333333333,29,1.0,1.0,0.0956,74.74959653978297,,,,,,,,
0.025,1.3333333333333333,30,0.96,0.96,0.09960000000000001,74.96347777931749,,,,,,,,
0.025,1.3333333333333333,31,0.64,0.64,0.10840000000000001,74.87979519493639,,,,,,,,
0.025,1.3333333333333333,32,1.0,1.0,0.096,74.94273466411913,,,,,,,,
0.025,1.3333333333333333,33,1.0,1.0,0.0808,74.6458998254355,,,,,,,,
0.025,1.3333333333333333,34,1.0,1.0,0.0984,74.7460149886304,,,,,,,,
0.025,1.3333333333333333,35,0.36,0.36,0.094,74.73568968767923,,,,,,,,
0.025,1.3333333333333333,36,1.0,1.0,0.09200000000000001,74.91469812491546,,,,,,,,
0.025,1.3333333333333333,37,0.32,0.32,0.11399999999999999,74.73319884989368,,,,,,,,
0.025,1.3333333333333333,38,1.0,1.0,0.0908,74.98152394956837,,,,,,,,
0.025,1.3333333333333333,39,0.92,0.92,0.08600000000000002,74.79505617272103,,,,,,,,
0.025,1.3333333333333333,40,1.0,1.0,0.09240000000000002,74.75932707592449,,,,,,,,
0.025,1.3333333333333333,41,1.0,1.0,0.0928,74.94059006438994,,,,,,,,
0.025,1.3333333333333333,42,1.0,1.0,0.10320000000000001,74.83604768713577,,,,,,,,
0.025,1.3333333333333333,43,1.0,1.0,0.0912,74.64706116963782,,,,,,,,
0.025,1.3333333333333333,44,0.92,0.92,0.09960000000000001,74.80026034757425,,,,,,,,
0.025,1.3333333333333333,45,1.0,1.0,0.061200000000000004,75.328042812601,,,,,,,,
0.025,1.3333333333333333,46,1.0,1.0,0.055600000000000004,75.11698278200781,,,,,,,,
0.025,1.3333333333333333,47,0.96,0.96,0.09479999999999998,74.6077468369731,,,,,,,,
0.025,1.3333333333333333,48,1.0,1.0,0.094,74.74834303925557,,,,,,,,
0.025,1.3333333333333333,49,0.92,0.92,0.10080000000000001,74.75998887494771,,,,,,,,
0.025,1.3333333333333333,50,0.84,0.84,0.1032,74.64775154200666,,,,,,,,
0.025,1.3333333333333333,51,1.0,1.0,0.0772,74.7029770574437,,,,,,,,
0.025,1.3333333333333333,52,0.2,0.2,0.10799999999999998,74.96327460924634,,,,,,,,
0.025,1.3333333333333333,53,1.0,1.0,0.09760000000000002,74.77186588967305,,,,,,,,
0.025,1.3333333333333333,54,1.0,1.0,0.1,74.92494460459518,,,,,,,,
0.025,1.3333333333333333,55,1.0,1.0,0.09240000000000002,74.32282422929534,,,,,,,,
0.025,1.3333333333333333,56,1.0,1.0,0.0964,74.70155171474092,,,,,,,,
0.025,1.3333333333333333,57,1.0,1.0,0.09480000000000001,74.81703170448353,,,,,,,,
0.025,1.3333333333333333,58,1.0,1.0,0.0924,74.64830355074507,,,,,,,,
0.025,1.3333333333333333,59,1.0,1.0,0.0932,74.74860298475657,,,,,,,,
0.025,1.3333333333333333,60,0.96,0.96,0.0956,74.64277378219823,,,,,,,,
0.025,1.3333333333333333,61,1.0,1.0,0.1,74.80823572876712,,,,,,,,
0.025,1.3333333333333333,62,1.0,1.0,0.0796,74.81800989100743,,,,,,,,
0.025,1.3333333333333333,63,1.0,1.0,0.08,75.02900037136328,,,,,,,,
0.025,1.3333333333333333,64,1.0,1.0,0.1,74.56121219363582,,,,,,,,
0.025,1.3333333333333333,65,0.76,0.76,0.09720000000000001,74.91670806840968,,,,,,,,
0.025,1.3333333333333333,66,1.0,1.0,0.04400000000000001,75.50986574477525,,,,,,,,
0.025,1.3333333333333333,67,1.0,1.0,0.09600000000000002,74.72115327090363,,,,,,,,
0.025,1.3333333333333333,68,1.0,1.0,0.0208,75.59698117085247,,,,,,,,
0.025,1.3333333333333333,69,1.0,1.0,0.09080000000000002,74.52652458751409,,,,,,,,
0.025,1.3333333333333333,70,1.0,1.0,0.0928,74.83383892296851,,,,,,,,
0.025,1.3333333333333333,71,1.0,1.0,0.09320000000000002,74.88002365745699,,,,,,,,
0.025,1.3333333333333333,72,1.0,1.0,0.042800000000000005,75.59282937989494,,,,,,,,
0.025,1.3333333333333333,73,1.0,1.0,0.0512,75.3468923385458,,,,,,,,
0.025,1.3333333333333333,74,1.0,1.0,0.0932,74.84173087861225,,,,,,,,
0.025,1.3333333333333333,75,1.0,1.0,0.102,74.7123087302352,,,,,,,,
0.025,1.3333333333333333,76,1.0,1.0,0.0944,74.55417513436589,,,,,,,,
0.025,1.3333333333333333,77,1.0,1.0,0.10439999999999999,74.9527532172801,,,,,,,,
0.025,1.3333333333333333,78,1.0,1.0,0.08520000000000001,74.77094598387747,,,,,,,,
0.025,1.3333333333333333,79,1.0,1.0,0.10840000000000001,74.73531350476506,,,,,,,,
0.025,1.3333333333333333,80,1.0,1.0,0.1128,74.79948056727858,,,,,,,,
0.025,1.3333333333333333,81,0.92,0.92,0.0944,74.90417625073025,,,,,,,,
0.025,1.3333333333333333,82,1.0,1.0,0.0916,74.66730596773336,,,,,,,,
0.025,1.3333333333333333,83,1.0,1.0,0.1032,74.74554945388864,,,,,,,,
0.025,1.3333333333333333,84,0.52,0.52,0.1024,74.8589599943307,,,,,,,,
0.025,1.3333333333333333,85,0.52,0.52,0.0956,74.7724288577273,,,,,,,,
0.025,1.3333333333333333,86,1.0,1.0,0.1052,74.77080756556897,,,,,,,,
0.025,1.3333333333333333,87,1.0,1.0,0.0824,74.91256315222985,,,,,,,,
0.025,1.3333333333333333,88,0.92,0.92,0.102,74.9883791496036,,,,,,,,
0.025,1.3333333333333333,89,1.0,1.0,0.08159999999999998,74.79630945052776,,,,,,,,
0.025,1.3333333333333333,90,1.0,1.0,0.034800000000000005,75.20719747876414,,,,,,,,
0.025,1.3333333333333333,91,1.0,1.0,0.102,74.5283694722914,,,,,,,,
0.025,1.3333333333333333,92,1.0,1.0,0.08839999999999999,75.01718554028626,,,,,,,,
0.025,1.3333333333333333,93,1.0,1.0,0.0796,74.99326887114448,,,,,,,,
0.025,1.3333333333333333,94,1.0,1.0,0.09519999999999999,74.69564260546179,,,,,,,,
0.025,1.3333333333333333,95,1.0,1.0,0.08560000000000001,74.79358798143168,,,,,,,,
0.025,1.3333333333333333,96,0.6,0.6,0.0996,74.8906625435428,,,,,,,,
0.025,1.3333333333333333,97,1.0,1.0,0.10120000000000001,74.75749372442684,,,,,,,,
0.025,1.3333333333333333,98,1.0,1.0,0.0924,74.68998718156969,,,,,,,,
0.025,1.3333333333333333,99,1.0,1.0,0.0808,74.90316183791866,,,,,,,,
0.025,1.3333333333333333,100,0.84,0.84,0.09720000000000001,74.52896785617916,,,,,,,,
0.025,1.3333333333333333,101,0.6,0.6,0.098,74.72759227108351,,,,,,,,
0.025,1.3333333333333333,102,1.0,1.0,0.0956,74.92439575105591,,,,,,,,
0.025,1.3333333333333333,103,1.0,1.0,0.07640000000000001,74.7622662525775,,,,,,,,
0.025,1.3333333333333333,104,0.92,0.92,0.09320000000000002,74.82131889426266,,,,,,,,
0.025,1.3333333333333333,105,1.0,1.0,0.08399999999999999,74.77520670080908,,,,,,,,
0.025,1.3333333333333333,106,1.0,1.0,0.1188,74.49429708048166,,,,,,,,
0.025,1.3333333333333333,107,0.92,0.92,0.10600000000000001,75.04177636993428,,,,,,,,
0.025,1.3333333333333333,108,1.0,1.0,0.0808,74.66148493283548,,,,,,,,
0.025,1.3333333333333333,109,1.0,1.0,0.06280000000000001,74.97400963797989,,,,,,,,
0.025,1.3333333333333333,110,1.0,1.0,0.0792,74.62648331961621,,,,,,,,
0.025,1.3333333333333333,111,1.0,1.0,0.09239999999999998,74.87102198493274,,,,,,,,
0.025,1.3333333333333333,112,1.0,1.0,0.11200000000000002,75.05493675652447,,,,,,,,
0.025,1.3333333333333333,113,1.0,1.0,0.084,75.04093492361562,,,,,,,,
0.025,1.3333333333333333,114,1.0,1.0,0.09599999999999997,74.74415004906217,,,,,,,,
0.025,1.3333333333333333,115,1.0,1.0,0.07840000000000001,74.67863251877468,,,,,,,,
0.025,1.3333333333333333,116,1.0,1.0,0.0956,74.76847564730927,,,,,,,,
0.025,1.3333333333333333,117,0.8,0.8,0.09600000000000002,74.62481095021818,,,,,,,,
0.025,1.3333333333333333,118,1.0,1.0,0.09000000000000002,74.65189557405937,,,,,,,,
0.025,1.3333333333333333,119,1.0,1.0,0.04680000000000001,75.25534484837786,,,,,,,,
0.025,3.0,0,0.16,0.16,0.10360000000000001,74.69989221518526,,,,,,,,
0.025,3.0,1,0.24,0.24,0.1036,74.73616917601699,,,,,,,,
0.025,3.0,2,0.32,0.32,0.1076,74.64645012078667,,,,,,,,
0.025,3.0,3,1.0,1.0,0.09280000000000001,74.5819028808629,,,,,,,,
0.025,3.0,4,0.32,0.32,0.10120000000000001,74.56663101160441,,,,,,,,
0.025,3.0,5,1.0,1.0,0.10640000000000001,74.84285537754539,,,,,,,,
0.025,3.0,6,0.64,0.64,0.10640000000000001,74.62039160642816,,,,,,,,
0.025,3.0,7,0.96,0.96,0.1092,74.66390998148123,,,,,,,,
0.025,3.0,8,0.38,0.4,0.11,74.78707625302305,,,,,,,,
0.025,3.0,9,0.64,0.64,0.1008,75.0181602841229,,,,,,,,
0.025,3.0,10,0.36,0.36,0.10279999999999999,74.89862162264299,,,,,,,,
0.025,3.0,11,1.0,1.0,0.1016,74.79022127156179,,,,,,,,
0.025,3.0,12,0.8,0.8,0.1076,74.83081117261516,,,,,,,,
0.025,3.0,13,0.96,0.96,0.1128,74.79951475249692,,,,,,,,
0.025,3.0,14,0.08,0.08,0.1004,74.59831607074302,,,,,,,,
0.025,3.0,15,0.44,0.44,0.09720000000000001,74.72526111730699,,,,,,,,
0.025,3.0,16,0.16,0.16,0.11560000000000001,74.72195945338348,,,,,,,,
0.025,3.0,17,0.84,0.84,0.10039999999999999,74.63203163448611,,,,,,,,
0.025,3.0,18,0.48,0.48,0.10640000000000001,74.64714278365297,,,,,,,,
0.025,3.0,19,0.2,0.2,0.10800000000000001,74.92867132599982,,,,,,,,
0.025,3.0,20,0.38,0.4,0.102,74.81486173353282,,,,,,,,
0.025,3.0,21,0.08,0.08,0.10520000000000002,74.5715087860572,,,,,,,,
0.025,3.0,22,0.62,0.64,0.1116,74.66204512957856,,,,,,,,
0.025,3.0,23,0.68,0.68,0.10120000000000001,74.73880792652655,,,,,,,,
0.025,3.0,24,0.2,0.2,0.1024,74.61187735402686,,,,,,,,
0.025,3.0,25,0.24,0.24,0.10880000000000001,74.543276206697,,,,,,,,
0.025,3.0,26,1.0,1.0,0.09480000000000001,74.66045946994961,,,,,,,,
0.025,3.0,27,0.2,0.2,0.11399999999999999,74.59679854448689,,,,,,,,
0.025,3.0,28,0.76,0.76,0.0872,74.83979269467395,,,,,,,,
0.025,3.0,29,0.28,0.28,0.1048,74.72128068591628,,,,,,,,
0.025,3.0,30,0.9,0.88,0.09519999999999999,74.80525089192788,,,,,,,,
0.025,3.0,31,0.76,0.76,0.1048,74.52989303828197,,,,,,,,
0.025,3.0,32,0.16,0.16,0.10279999999999999,74.86438444902798,,,,,,,,
0.025,3.0,33,1.0,1.0,0.1072,74.69050219031699,,,,,,,,
0.025,3.0,34,0.12,0.12,0.09320000000000002,74.94410381936113,,,,,,,,
0.025,3.0,35,0.24,0.24,0.11440000000000002,74.72553098324711,,,,,,,,
0.025,3.0,36,1.0,1.0,0.10279999999999999,74.49127438861704,,,,,,,,
0.025,3.0,37,0.36,0.36,0.1024,74.817816139929,,,,,,,,
0.025,3.0,38,0.24,0.24,0.09960000000000001,74.67388022365517,,,,,,,,
0.025,3.0,39,0.76,0.76,0.1016,74.47381848783505,,,,,,,,
0.025,3.0,40,1.0,1.0,0.09480000000000001,74.7192930062723,,,,,,,,
0.025,3.0,41,1.0,1.0,0.11199999999999999,74.54178106542082,,,,,,,,
0.025,3.0,42,0.64,0.64,0.09920000000000001,74.77444670923529,,,,,,,,
0.025,3.0,43,0.28,0.28,0.10120000000000001,74.62868728122857,,,,,,,,
0.025,3.0,44,0.36,0.36,0.1124,74.72166194945227,,,,,,,,
0.025,3.0,45,0.68,0.68,0.11120000000000001,74.68458821113944,,,,,,,,
0.025,3.0,46,0.4,0.4,0.102,74.66695022396557,,,,,,,,
0.025,3.0,47,0.36,0.36,0.10200000000000001,74.75487124926727,,,,,,,,
0.025,3.0,48,1.0,1.0,0.10640000000000001,74.76861073278397,,,,,,,,
0.025,3.0,49,0.44,0.44,0.10359999999999997,74.88583014469903,,,,,,,,
0.025,3.0,50,0.52,0.52,0.10679999999999998,74.57061265931172,,,,,,,,
0.025,3.0,51,0.4,0.4,0.10599999999999998,74.4964597114485,,,,,,,,
0.025,3.0,52,0.32,0.32,0.10800000000000001,74.61705703791262,,,,,,,,
0.025,3.0,53,0.2,0.16,0.1124,74.66728335791394,,,,,,,,
0.025,3.0,54,0.4,0.4,0.0972,74.87943468823251,,,,,,,,
0.025,3.0,55,0.0,0.0,0.11280000000000001,74.8559981477764,,,,,,,,
0.025,3.0,56,0.38,0.36,0.09680000000000001,74.67506588719242,,,,,,,,
0.025,3.0,57,1.0,1.0,0.1016,74.56471863260154,,,,,,,,
0.025,3.0,58,0.86,0.88,0.1232,74.73966414935465,,,,,,,,
0.025,3.0,59,0.44,0.44,0.09480000000000001,74.84466439092935,,,,,,,,
0.025,3.0,60,0.16,0.16,0.09680000000000001,74.73153086953397,,,,,,,,
0.025,3.0,61,0.18,0.2,0.1036,74.84107252737465,,,,,,,,
0.025,3.0,62,0.32,0.32,0.11040000000000001,75.02171823925454,,,,,,,,
0.025,3.0,63,0.28,0.28,0.09880000000000001,74.78977461612195,,,,,,,,
0.025,3.0,64,1.0,1.0,0.1016,74.63133478236087,,,,,,,,
0.025,3.0,65,0.86,0.88,0.10920000000000002,74.73613452024395,,,,,,,,
0.025,3.0,66,0.68,0.68,0.09879999999999999,74.71438375481908,,,,,,,,
0.025,3.0,67,0.24,0.24,0.10400000000000001,74.6586140395033,,,,,,,,
0.025,3.0,68,0.44,0.44,0.10560000000000003,74.94770846769727,,,,,,,,
0.025,3.0,69,0.96,0.96,0.10959999999999999,74.70623033228196,,,,,,,,
0.025,3.0,70,0.2,0.2,0.10319999999999999,74.35616170156895,,,,,,,,
0.025,3.0,71,1.0,1.0,0.10200000000000001,74.78833758378663,,,,,,,,
0.025,3.0,72,0.72,0.72,0.09319999999999999,74.8701077699794,,,,,,,,
0.025,3.0,73,0.44,0.44,0.106,74.63878268504122,,,,,,,,
0.025,3.0,74,0.76,0.76,0.10800000000000001,74.74317495578285,,,,,,,,
0.025,3.0,75,0.6,0.6,0.11120000000000001,74.9329938864705,,,,,,,,
0.025,3.0,76,0.56,0.56,0.1048,75.06431732923689,,,,,,,,
0.025,3.0,77,0.6,0.6,0.09360000000000002,74.54512038248497,,,,,,,,
0.025,3.0,78,0.6,0.6,0.11280000000000001,74.66558212144164,,,,,,,,
0.025,3.0,79,0.76,0.76,0.1084,74.40253626365929,,,,,,,,
0.025,3.0,80,0.52,0.52,0.09559999999999999,74.87413593955223,,,,,,,,
0.025,3.0,81,0.32,0.32,0.1044,74.79468078518862,,,,,,,,
0.025,3.0,82,0.72,0.72,0.10479999999999999,74.65514497187267,,,,,,,,
0.025,3.0,83,1.0,1.0,0.11080000000000002,74.54177879888942,,,,,,,,
0.025,3.0,84,1.0,1.0,0.09600000000000002,74.77078989406914,,,,,,,,
0.025,3.0,85,0.24,0.24,0.10120000000000001,74.69558745868248,,,,,,,,
0.025,3.0,86,0.52,0.52,0.09680000000000001,74.67689565648864,,,,,,,,
0.025,3.0,87,1.0,1.0,0.10400000000000001,74.84975847618844,,,,,,,,
0.025,3.0,88,0.92,0.92,0.1048,74.59219943187179,,,,,,,,
0.025,3.0,89,0.92,0.92,0.1012,74.71481317358376,,,,,,,,
0.025,3.0,90,0.72,0.72,0.1136,74.8361722957973,,,,,,,,
0.025,3.0,91,1.0,1.0,0.098,74.53026729464204,,,,,,,,
0.025,3.0,92,0.2,0.2,0.11,74.85318025044222,,,,,,,,
0.025,3.0,93,1.0,1.0,0.1116,74.70932606205345,,,,,,,,
0.025,3.0,94,0.92,0.92,0.1048,74.71536613695484,,,,,,,,
0.025,3.0,95,0.12,0.12,0.0992,74.6772446123821,,,,,,,,
0.025,3.0,96,1.0,1.0,0.10799999999999998,74.78441755546629,,,,,,,,
0.025,3.0,97,1.0,1.0,0.09759999999999999,74.5055842192595,,,,,,,,
0.025,3.0,98,0.64,0.64,0.09720000000000001,74.71278973615635,,,,,,,,
0.025,3.0,99,0.32,0.32,0.098,74.72990668555691,,,,,,,,
0.025,3.0,100,0.92,0.92,0.10400000000000001,74.86430006651412,,,,,,,,
0.025,3.0,101,0.56,0.56,0.1072,74.86809797072353,,,,,,,,
0.025,3.0,102,0.12,0.12,0.114,74.72006465354819,,,,,,,,
0.025,3.0,103,0.48,0.48,0.10399999999999998,74.76758166043973,,,,,,,,
0.025,3.0,104,0.16,0.16,0.10480000000000002,74.68786675706431,,,,,,,,
0.025,3.0,105,0.2,0.2,0.0928,74.88603398358107,,,,,,,,
0.025,3.0,106,0.12,0.12,0.11719999999999998,74.56941308252483,,,,,,,,
0.025,3.0,107,0.2,0.2,0.1004,74.65481667059446,,,,,,,,
0.025,3.0,108,0.2,0.2,0.1072,74.85407746071667,,,,,,,,
0.025,3.0,109,0.6,0.6,0.10640000000000001,74.8626717332938,,,,,,,,
0.025,3.0,110,0.52,0.52,0.09880000000000001,74.53225880471113,,,,,,,,
0.025,3.0,111,0.32,0.32,0.11519999999999998,74.60467180642462,,,,,,,,
0.025,3.0,112,0.92,0.92,0.09440000000000001,74.66385888842449,,,,,,,,
0.025,3.0,113,0.12,0.12,0.1056,74.62827514085166,,,,,,,,
0.025,3.0,114,0.4,0.4,0.09000000000000002,74.76459185233786,,,,,,,,
0.025,3.0,115,1.0,1.0,0.1036,74.59358423794308,,,,,,,,
0.025,3.0,116,0.48,0.48,0.1016,74.9369753822307,,,,,,,,
0.025,3.0,117,1.0,1.0,0.1016,74.57973586049864,,,,,,,,
0.025,3.0,118,0.2,0.2,0.106,74.62805387948195,,,,,,,,
0.025,3.0,119,0.2,0.2,0.09880000000000001,74.68501667390791,,,,,,,,
0.05,1.3333333333333333,0,0.24,0.24,0.07200000000000001,148.6464923001449,,,,,,,,
0.05,1.3333333333333333,1,1.0,1.0,0.064,148.7643457686521,,,,,,,,
0.05,1.3333333333333333,2,0.6,0.6,0.0752,148.39159934094604,,,,,,,,
0.05,1.3333333333333333,3,0.36,0.36,0.07,148.5855641855214,,,,,,,,
0.05,1.3333333333333333,4,1.0,1.0,0.0724,148.513271660275,,,,,,,,
0.05,1.3333333333333333,5,1.0,1.0,0.0664,148.6079194589497,,,,,,,,
0.05,1.3333333333333333,6,0.96,0.96,0.064,148.32971271849794,,,,,,,,
0.05,1.3333333333333333,7,0.44,0.44,0.0636,148.77569076143314,,,,,,,,
0.05,1.3333333333333333,8,1.0,1.0,0.06920000000000001,148.6720553253085,,,,,,,,
0.05,1.3333333333333333,9,1.0,1.0,0.06520000000000001,149.23125088250072,,,,,,,,
0.05,1.3333333333333333,10,1.0,1.0,0.061200000000000004,148.7907173918075,,,,,,,,
0.05,1.3333333333333333,11,1.0,1.0,0.05400000000000001,148.87208882250474,,,,,,,,
0.05,1.3333333333333333,12,1.0,1.0,0.0572,148.80746691130722,,,,,,,,
0.05,1.3333333333333333,13,1.0,1.0,0.04880000000000001,149.11783158752544,,,,,,,,
0.05,1.3333333333333333,14,0.8,0.8,0.0784,148.46007674592266,,,,,,,,
0.05,1.3333333333333333,15,0.88,0.88,0.0732,148.87737577713926,,,,,,,,
0.05,1.3333333333333333,16,0.68,0.68,0.06760000000000001,148.45987249989892,,,,,,,,
0.05,1.3333333333333333,17,1.0,1.0,0.06760000000000001,148.52155873747267,,,,,,,,
0.05,1.3333333333333333,18,1.0,1.0,0.05600000000000001,149.06782261127265,,,,,,,,
0.05,1.3333333333333333,19,0.84,0.84,0.06280000000000001,148.28060004494594,,,,,,,,
0.05,1.3333333333333333,20,0.72,0.72,0.0736,148.37053778107713,,,,,,,,
0.05,1.3333333333333333,21,0.68,0.68,0.06760000000000001,148.55005470477855,,,,,,,,
0.05,1.3333333333333333,22,0.64,0.64,0.0788,148.35933186284046,,,,,,,,
0.05,1.3333333333333333,23,1.0,1.0,0.0536,149.28736443782842,,,,,,,,
0.05,1.3333333333333333,24,1.0,1.0,0.0692,148.71806470712232,,,,,,,,
0.05,1.3333333333333333,25,1.0,1.0,0.06760000000000001,148.3214662808618,,,,,,,,
0.05,1.3333333333333333,26,0.96,0.96,0.07200000000000001,148.54421705276417,,,,,,,,
0.05,1.3333333333333333,27,0.48,0.48,0.0724,148.5971737520507,,,,,,,,
0.05,1.3333333333333333,28,0.68,0.68,0.0736,148.21949113038377,,,,,,,,
0.05,1.3333333333333333,29,1.0,1.0,0.052800000000000014,148.79175483210838,,,,,,,,
0.05,1.3333333333333333,30,0.52,0.52,0.0756,148.3843552712334,,,,,,,,
0.05,1.3333333333333333,31,0.74,0.76,0.086,148.8629846051373,,,,,,,,
0.05,1.3333333333333333,32,0.88,0.88,0.0784,148.52499999876673,,,,,,,,
0.05,1.3333333333333333,33,1.0,1.0,0.0716,147.96333883963732,,,,,,,,
0.05,1.3333333333333333,34,1.0,1.0,0.0592,148.92222670523907,,,,,,,,
0.05,1.3333333333333333,35,0.52,0.52,0.068,148.47970641835764,,,,,,,,
0.05,1.3333333333333333,36,0.96,0.96,0.0724,148.42972159131494,,,,,,,,
0.05,1.3333333333333333,37,0.48,0.48,0.07280000000000002,147.85080239764935,,,,,,,,
0.05,1.3333333333333333,38,0.48,0.48,0.0704,148.54761813040753,,,,,,,,
0.05,1.3333333333333333,39,1.0,1.0,0.07640000000000001,148.66337524199037,,,,,,,,
0.05,1.3333333333333333,40,1.0,1.0,0.0664,148.990548525307,,,,,,,,
0.05,1.3333333333333333,41,1.0,1.0,0.05200000000000001,148.9128402089096,,,,,,,,
0.05,1.3333333333333333,42,1.0,1.0,0.0756,148.97918683815914,,,,,,,,
0.05,1.3333333333333333,43,0.84,0.84,0.08039999999999999,148.44696100430772,,,,,,,,
0.05,1.3333333333333333,44,0.68,0.68,0.07280000000000002,148.43523766967624,,,,,,,,
0.05,1.3333333333333333,45,1.0,1.0,0.0716,148.64197418467722,,,,,,,,
0.05,1.3333333333333333,46,1.0,1.0,0.053200000000000004,148.68948729542643,,,,,,,,
0.05,1.3333333333333333,47,1.0,1.0,0.05,148.77936104452618,,,,,,,,
0.05,1.3333333333333333,48,0.76,0.76,0.06480000000000001,148.30058244633338,,,,,,,,
0.05,1.3333333333333333,49,0.88,0.88,0.0876,148.68003739055086,,,,,,,,
0.05,1.3333333333333333,50,0.32,0.32,0.07840000000000001,148.47119715617066,,,,,,,,
0.05,1.3333333333333333,51,1.0,1.0,0.08,148.84011769074849,,,,,,,,
0.05,1.3333333333333333,52,1.0,1.0,0.06280000000000001,148.51405943624874,,,,,,,,
0.05,1.3333333333333333,53,0.48,0.48,0.0724,147.9925187981306,,,,,,,,
0.05,1.3333333333333333,54,1.0,1.0,0.04880000000000001,149.0130509933579,,,,,,,,
0.05,1.3333333333333333,55,0.92,0.92,0.06680000000000001,148.46519356361,,,,,,,,
0.05,1.3333333333333333,56,1.0,1.0,0.0644,148.45707218722657,,,,,,,,
0.05,1.3333333333333333,57,1.0,1.0,0.06280000000000001,148.35864565960543,,,,,,,,
0.05,1.3333333333333333,58,0.96,0.96,0.0736,148.28805636956696,,,,,,,,
0.05,1.3333333333333333,59,1.0,1.0,0.04680000000000001,149.36511946892207,,,,,,,,
0.05,1.3333333333333333,60,1.0,1.0,0.0476,149.10527861003592,,,,,,,,
0.05,1.3333333333333333,61,0.76,0.76,0.06880000000000001,148.4125865651792,,,,,,,,
0.05,1.3333333333333333,62,1.0,1.0,0.062400000000000004,148.71055932304466,,,,,,,,
0.05,1.3333333333333333,63,1.0,1.0,0.0616,148.7930492459041,,,,,,,,
0.05,1.3333333333333333,64,1.0,1.0,0.0712,148.84529596873372,,,,,,,,
0.05,1.3333333333333333,65,1.0,1.0,0.04920000000000001,149.41376547225207,,,,,,,,
0.05,1.3333333333333333,66,1.0,1.0,0.045200000000000004,148.59585325528252,,,,,,,,
0.05,1.3333333333333333,67,0.24,0.24,0.06920000000000001,148.86406911037102,,,,,,,,
0.05,1.3333333333333333,68,1.0,1.0,0.05440000000000001,148.41681807326313,,,,,,,,
0.05,1.3333333333333333,69,1.0,1.0,0.056400000000000006,149.20244180163832,,,,,,,,
0.05,1.3333333333333333,70,1.0,1.0,0.0424,149.21460264157986,,,,,,,,
0.05,1.3333333333333333,71,0.44,0.44,0.06920000000000001,148.4793957664849,,,,,,,,
0.05,1.3333333333333333,72,0.96,0.96,0.0736,148.66253122505952,,,,,,,,
0.05,1.3333333333333333,73,1.0,1.0,0.056799999999999996,148.88070090565228,,,,,,,,
0.05,1.3333333333333333,74,1.0,1.0,0.0696,148.57756364515643,,,,,,,,
0.05,1.3333333333333333,75,1.0,1.0,0.0404,149.12540197035983,,,,,,,,
0.05,1.3333333333333333,76,1.0,1.0,0.066,148.79934774677346,,,,,,,,
0.05,1.3333333333333333,77,0.6,0.6,0.07120000000000001,148.72731952393437,,,,,,,,
0.05,1.3333333333333333,78,1.0,1.0,0.0708,149.07388908600532,,,,,,,,
0.05,1.3333333333333333,79,1.0,1.0,0.064,148.8869656206098,,,,,,,,
0.05,1.3333333333333333,80,1.0,1.0,0.06720000000000001,148.4299274352778,,,,,,,,
0.05,1.3333333333333333,81,1.0,1.0,0.0704,149.04775074048393,,,,,,,,
0.05,1.3333333333333333,82,0.96,0.96,0.07400000000000001,148.50390286502525,,,,,,,,
0.05,1.3333333333333333,83,0.32,0.32,0.07680000000000001,148.2977112119991,,,,,,,,
0.05,1.3333333333333333,84,0.96,0.96,0.0708,148.3806525450228,,,,,,,,
0.05,1.3333333333333333,85,1.0,1.0,0.06920000000000001,149.10715047291723,,,,,,,,
0.05,1.3333333333333333,86,1.0,1.0,0.0408,149.54934051221824,,,,,,,,
0.05,1.3333333333333333,87,1.0,1.0,0.0584,148.4157712901441,,,,,,,,
0.05,1.3333333333333333,88,0.92,0.92,0.08,148.5968166987109,,,,,,,,
0.05,1.3333333333333333,89,1.0,1.0,0.06480000000000001,148.70768282305852,,,,,,,,
0.05,1.3333333333333333,90,0.4,0.4,0.0664,148.8854697264965,,,,,,,,
0.05,1.3333333333333333,91,1.0,1.0,0.05120000000000001,148.75379735921726,,,,,,,,
0.05,1.3333333333333333,92,1.0,1.0,0.06720000000000001,148.51091394038352,,,,,,,,
0.05,1.3333333333333333,93,1.0,1.0,0.06920000000000001,148.5028009130063,,,,,,,,
0.05,1.3333333333333333,94,1.0,1.0,0.08040000000000001,148.50412429837533,,,,,,,,
0.05,1.3333333333333333,95,1.0,1.0,0.0644,148.90176889660341,,,,,,,,
0.05,1.3333333333333333,96,1.0,1.0,0.0684,148.44727304831656,,,,,,,,
0.05,1.3333333333333333,97,0.64,0.64,0.0592,148.93563144002886,,,,,,,,
0.05,1.3333333333333333,98,1.0,1.0,0.0604,148.45377562387924,,,,,,,,
0.05,1.3333333333333333,99,1.0,1.0,0.07640000000000001,148.80291709893464,,,,,,,,
0.05,1.3333333333333333,100,1.0,1.0,0.0576,148.740099051195,,,,,,,,
0.05,1.3333333333333333,101,1.0,1.0,0.0728,148.64566595129028,,,,,,,,
0.05,1.3333333333333333,102,0.96,0.96,0.0644,148.35864665307446,,,,,,,,
0.05,1.3333333333333333,103,0.92,0.92,0.0776,149.07335749430587,,,,,,,,
0.05,1.3333333333333333,104,1.0,1.0,0.07680000000000001,148.6976612747229,,,,,,,,
0.05,1.3333333333333333,105,0.64,0.64,0.0756,148.34091935140887,,,,,,,,
0.05,1.3333333333333333,106,0.6,0.6,0.068,147.87587537355793,,,,,,,,
0.05,1.3333333333333333,107,0.48,0.48,0.0692,147.98686735702296,,,,,,,,
0.05,1.3333333333333333,108,1.0,1.0,0.066,148.65185868745382,,,,,,,,
0.05,1.3333333333333333,109,1.0,1.0,0.0432,149.57141718734638,,,,,,,,
0.05,1.3333333333333333,110,0.56,0.56,0.0696,148.6058791802771,,,,,,,,
0.05,1.3333333333333333,111,1.0,1.0,0.06920000000000001,148.48049591426707,,,,,,,,
0.05,1.3333333333333333,112,1.0,1.0,0.07600000000000001,148.4887753412433,,,,,,,,
0.05,1.3333333333333333,113,0.44,0.44,0.06720000000000001,148.63507341775912,,,,,,,,
0.05,1.3333333333333333,114,0.88,0.88,0.0616,148.58733517878954,,,,,,,,
0.05,1.3333333333333333,115,0.28,0.28,0.06880000000000001,148.96586646334273,,,,,,,,
0.05,1.3333333333333333,116,0.92,0.92,0.0704,148.30055138126352,,,,,,,,
0.05,1.3333333333333333,117,0.92,0.92,0.0796,148.61938126729947,,,,,,,,
0.05,1.3333333333333333,118,1.0,1.0,0.0632,148.33030039974756,,,,,,,,
0.05,1.3333333333333333,119,0.64,0.64,0.055600000000000004,148.10432855452916,,,,,,,,
0.05,3.0,0,0.12,0.12,0.07680000000000001,148.84390108187026,,,,,,,,
0.05,3.0,1,0.32,0.32,0.0752,148.6594045796843,,,,,,,,
0.05,3.0,2,0.16,0.16,0.0756,148.8959683560317,,,,,,,,
0.05,3.0,3,0.96,0.96,0.0684,148.99955552499088,,,,,,,,
0.05,3.0,4,1.0,1.0,0.0792,148.67420679402355,,,,,,,,
0.05,3.0,5,0.6,0.6,0.08360000000000001,148.1533822784575,,,,,,,,
0.05,3.0,6,1.0,1.0,0.0756,149.15134309205413,,,,,,,,
0.05,3.0,7,0.56,0.56,0.07480000000000002,148.58778859374746,,,,,,,,
0.05,3.0,8,0.2,0.2,0.0716,148.55297586179353,,,,,,,,
0.05,3.0,9,0.96,0.96,0.0732,148.39712947342363,,,,,,,,
0.05,3.0,10,0.56,0.56,0.07800000000000001,148.65121283325695,,,,,,,,
0.05,3.0,11,0.36,0.36,0.084,148.3282237605068,,,,,,,,
0.05,3.0,12,0.08,0.08,0.07,148.49268357081314,,,,,,,,
0.05,3.0,13,0.48,0.48,0.076,148.29386457127285,,,,,,,,
0.05,3.0,14,0.32,0.32,0.07800000000000001,148.59346790238615,,,,,,,,
0.05,3.0,15,1.0,1.0,0.07880000000000001,148.5147710831556,,,,,,,,
0.05,3.0,16,0.36,0.36,0.0684,148.5764848023252,,,,,,,,
0.05,3.0,17,0.08,0.08,0.07640000000000001,147.87724809467554,,,,,,,,
0.05,3.0,18,0.48,0.48,0.0636,148.4704240171789,,,,,,,,
0.05,3.0,19,0.08,0.08,0.0772,148.69756690120875,,,,,,,,
0.05,3.0,20,0.24,0.24,0.0748,148.1678176475376,,,,,,,,
0.05,3.0,21,0.16,0.16,0.0704,148.40953233049137,,,,,,,,
0.05,3.0,22,0.2,0.2,0.06880000000000001,148.3084820199392,,,,,,,,
0.05,3.0,23,0.36,0.36,0.0704,148.4573366156811,,,,,,,,
0.05,3.0,24,0.16,0.16,0.062,148.185027566622,,,,,,,,
0.05,3.0,25,0.12,0.12,0.07,148.53873638684837,,,,,,,,
0.05,3.0,26,0.56,0.56,0.07200000000000001,148.5714376548151,,,,,,,,
0.05,3.0,27,0.16,0.16,0.0688,148.5114429159218,,,,,,,,
0.05,3.0,28,0.16,0.16,0.06680000000000001,148.4454464969614,,,,,,,,
0.05,3.0,29,0.24,0.24,0.07440000000000001,148.69405818751247,,,,,,,,
0.05,3.0,30,0.4,0.4,0.0756,148.634621893445,,,,,,,,
0.05,3.0,31,0.76,0.76,0.07160000000000001,148.48402467940008,,,,,,,,
0.05,3.0,32,0.28,0.28,0.0728,148.32238434521614,,,,,,,,
0.05,3.0,33,0.08,0.08,0.08,148.9015872809874,,,,,,,,
0.05,3.0,34,0.28,0.28,0.0704,148.32838264554184,,,,,,,,
0.05,3.0,35,0.4,0.4,0.08199999999999999,148.72375674925837,,,,,,,,
0.05,3.0,36,0.84,0.84,0.07680000000000001,148.65201058142262,,,,,,,,
0.05,3.0,37,0.32,0.32,0.0684,148.3873749134256,,,,,,,,
0.05,3.0,38,0.04,0.04,0.08120000000000001,148.73950264357208,,,,,,,,
0.05,3.0,39,0.24,0.24,0.062400000000000004,148.41124046564184,,,,,,,,
0.05,3.0,40,0.24,0.24,0.068,148.78570109366194,,,,,,,,
0.05,3.0,41,0.6,0.6,0.08,148.12437211796575,,,,,,,,
0.05,3.0,42,0.4,0.4,0.0616,148.33034769906698,,,,,,,,
0.05,3.0,43,0.16,0.16,0.06880000000000001,148.2695628949715,,,,,,,,
0.05,3.0,44,0.2,0.2,0.0688,148.79700397638703,,,,,,,,
0.05,3.0,45,0.24,0.24,0.068,148.53539827879425,,,,,,,,
0.05,3.0,46,0.22,0.24,0.07200000000000001,148.44507633234977,,,,,,,,
0.05,3.0,47,0.68,0.68,0.0704,148.6841679992121,,,,,,,,
0.05,3.0,48,0.16,0.16,0.0696,148.41265688076845,,,,,,,,
0.05,3.0,49,0.88,0.88,0.08,148.31140643365322,,,,,,,,
0.05,3.0,50,0.72,0.72,0.0684,148.78453504692894,,,,,,,,
0.05,3.0,51,0.4,0.4,0.0732,148.46542345248955,,,,,,,,
0.05,3.0,52,0.36,0.36,0.07080000000000002,148.2634004201113,,,,,,,,
0.05,3.0,53,0.32,0.32,0.0792,148.65813764416973,,,,,,,,
0.05,3.0,54,0.36,0.36,0.0768,148.68573145662265,,,,,,,,
0.05,3.0,55,0.12,0.12,0.0724,148.97434726735347,,,,,,,,
0.05,3.0,56,0.12,0.12,0.0684,148.11096345055824,,,,,,,,
0.05,3.0,57,0.36,0.36,0.0776,149.00536193601647,,,,,,,,
0.05,3.0,58,0.96,0.96,0.0748,148.8968790723494,,,,,,,,
0.05,3.0,59,0.2,0.2,0.0644,148.51519936749034,,,,,,,,
0.05,3.0,60,0.48,0.48,0.06480000000000001,148.52066631893567,,,,,,,,
0.05,3.0,61,0.56,0.56,0.07280000000000002,148.3535338852182,,,,,,,,
0.05,3.0,62,0.84,0.84,0.07,148.12979577219758,,,,,,,,
0.05,3.0,63,0.08,0.08,0.07400000000000001,148.62067621480637,,,,,,,,
0.05,3.0,64,0.08,0.08,0.0692,148.59460424675245,,,,,,,,
0.05,3.0,65,0.2,0.2,0.0776,148.563386668301,,,,,,,,
0.05,3.0,66,0.2,0.2,0.0724,148.72886201588278,,,,,,,,
0.05,3.0,67,0.64,0.64,0.0724,148.188947514733,,,,,,,,
0.05,3.0,68,0.12,0.12,0.0772,148.27555722194415,,,,,,,,
0.05,3.0,69,0.08,0.08,0.0772,148.78054996036042,,,,,,,,
0.05,3.0,70,0.24,0.24,0.07080000000000002,148.42213014355113,,,,,,,,
0.05,3.0,71,0.24,0.24,0.0748,149.09254143300686,,,,,,,,
0.05,3.0,72,0.76,0.76,0.0748,148.9382582855586,,,,,,,,
0.05,3.0,73,0.4,0.4,0.0748,148.37083148530252,,,,,,,,
0.05,3.0,74,0.12,0.12,0.068,148.45905520090903,,,,,,,,
0.05,3.0,75,0.22,0.2,0.0712,148.3091667141316,,,,,,,,
0.05,3.0,76,0.16,0.16,0.07640000000000001,148.28234974910762,,,,,,,,
0.05,3.0,77,0.24,0.24,0.0552,148.36924728020978,,,,,,,,
0.05,3.0,78,0.8,0.8,0.07320000000000002,148.66143816513772,,,,,,,,
0.05,3.0,79,1.0,1.0,0.0664,148.6409214689468,,,,,,,,
0.05,3.0,80,0.16,0.16,0.0684,148.74181468496153,,,,,,,,
0.05,3.0,81,0.4,0.4,0.0728,148.48855048565372,,,,,,,,
0.05,3.0,82,0.16,0.16,0.07800000000000001,148.4163582454963,,,,,,,,
0.05,3.0,83,0.08,0.08,0.07680000000000001,148.66873958356302,,,,,,,,
0.05,3.0,84,0.46,0.48,0.0748,148.56050733318307,,,,,,,,
0.05,3.0,85,0.24,0.24,0.0756,147.91349011154017,,,,,,,,
0.05,3.0,86,0.46,0.44,0.0748,148.80809295317124,,,,,,,,
0.05,3.0,87,0.16,0.16,0.07200000000000001,148.59362099209378,,,,,,,,
0.05,3.0,88,0.28,0.28,0.06520000000000001,148.07782540083514,,,,,,,,
0.05,3.0,89,0.24,0.24,0.0704,148.5334758022468,,,,,,,,
0.05,3.0,90,0.12,0.12,0.08800000000000001,148.01300432367685,,,,,,,,
0.05,3.0,91,0.16,0.16,0.0816,147.95660560994077,,,,,,,,
0.05,3.0,92,0.4,0.4,0.07600000000000001,148.1336760645726,,,,,,,,
0.05,3.0,93,0.24,0.24,0.06720000000000001,148.74059138233065,,,,,,,,
0.05,3.0,94,0.6,0.6,0.06680000000000001,148.75464876174817,,,,,,,,
0.05,3.0,95,0.52,0.52,0.07,148.19624906910684,,,,,,,,
0.05,3.0,96,0.96,0.96,0.0756,148.4691414059709,,,,,,,,
0.05,3.0,97,0.24,0.24,0.07200000000000001,148.9885051431517,,,,,,,,
0.05,3.0,98,0.2,0.2,0.0664,148.28893103943773,,,,,,,,
0.05,3.0,99,0.04,0.04,0.07640000000000001,148.33127678822487,,,,,,,,
0.05,3.0,100,1.0,1.0,0.07600000000000001,148.85253488494155,,,,,,,,
0.05,3.0,101,0.64,0.64,0.0728,148.3583964968192,,,,,,,,
0.05,3.0,102,0.08,0.08,0.08040000000000001,148.51606032064473,,,,,,,,
0.05,3.0,103,0.32,0.32,0.0736,148.73306767421764,,,,,,,,
0.05,3.0,104,0.24,0.24,0.0768,148.35635036807776,,,,,,,,
0.05,3.0,105,0.84,0.84,0.07160000000000001,148.52850994768318,,,,,,,,
0.05,3.0,106,0.96,0.96,0.0748,148.19429502640315,,,,,,,,
0.05,3.0,107,1.0,1.0,0.07200000000000001,148.5020615563052,,,,,,,,
0.05,3.0,108,0.32,0.32,0.0664,148.62073804034972,,,,,,,,
0.05,3.0,109,0.68,0.68,0.0752,148.04264872420993,,,,,,,,
0.05,3.0,110,0.96,0.96,0.0696,148.568931884369,,,,,,,,
0.05,3.0,111,0.22,0.2,0.06720000000000001,148.21353129489574,,,,,,,,
0.05,3.0,112,0.28,0.28,0.0736,148.64908700777826,,,,,,,,
0.05,3.0,113,0.04,0.04,0.07,148.79241508826644,,,,,,,,
0.05,3.0,114,0.56,0.56,0.07680000000000001,148.37315708691077,,,,,,,,
0.05,3.0,115,0.16,0.16,0.0736,148.48774434184327,,,,,,,,
0.05,3.0,116,0.4,0.4,0.0716,148.76401265765847,,,,,,,,
0.05,3.0,117,0.24,0.24,0.0656,148.77908882998364,,,,,,,,
0.05,3.0,118,0.08,0.08,0.0772,148.86675154969964,,,,,,,,
0.05,3.0,119,0.2,0.2,0.0736,148.19929859172,,,,,,,,
0.075,1.3333333333333333,0,1.0,1.0,0.0404,223.0211896681367,,,,,,,,
0.075,1.3333333333333333,1,0.64,0.64,0.0604,222.62313462098365,,,,,,,,
0.075,1.3333333333333333,2,0.84,0.84,0.0548,221.8630095579156,,,,,,,,
0.075,1.3333333333333333,3,0.92,0.92,0.057600000000000005,222.12749758536265,,,,,,,,
0.075,1.3333333333333333,4,0.64,0.64,0.0548,222.0754285360568,,,,,,,,
0.075,1.3333333333333333,5,1.0,1.0,0.0388,223.58981900636877,,,,,,,,
0.075,1.3333333333333333,6,1.0,1.0,0.042,223.23114548616093,,,,,,,,
0.075,1.3333333333333333,7,0.68,0.68,0.05000000000000001,222.44517438178636,,,,,,,,
0.075,1.3333333333333333,8,1.0,1.0,0.0536,221.79698475890316,,,,,,,,
0.075,1.3333333333333333,9,1.0,1.0,0.062400000000000004,222.04414311127948,,,,,,,,
0.075,1.3333333333333333,10,0.76,0.76,0.0592,222.37465869836083,,,,,,,,
0.075,1.3333333333333333,11,0.8,0.8,0.0668,222.7814811158306,,,,,,,,
0.075,1.3333333333333333,12,0.4,0.4,0.054400000000000004,222.63470495193988,,,,,,,,
0.075,1.3333333333333333,13,1.0,1.0,0.053200000000000004,222.37622525937707,,,,,,,,
0.075,1.3333333333333333,14,1.0,1.0,0.047200000000000006,222.1596251887512,,,,,,,,
0.075,1.3333333333333333,15,1.0,1.0,0.054400000000000004,222.5224135789267,,,,,,,,
0.075,1.3333333333333333,16,0.76,0.76,0.053200000000000004,222.66385036742665,,,,,,,,
0.075,1.3333333333333333,17,0.72,0.72,0.0576,222.30027938126764,,,,,,,,
0.075,1.3333333333333333,18,1.0,1.0,0.0596,222.01809303327877,,,,,,,,
0.075,1.3333333333333333,19,1.0,1.0,0.06000000000000001,222.64493985438193,,,,,,,,
0.075,1.3333333333333333,20,0.56,0.56,0.0548,221.8551717370987,,,,,,,,
0.075,1.3333333333333333,21,0.84,0.84,0.066,222.48343820486988,,,,,,,,
0.075,1.3333333333333333,22,0.84,0.84,0.0636,222.5878207277846,,,,,,,,
0.075,1.3333333333333333,23,0.88,0.88,0.0668,222.7549674316701,,,,,,,,
0.075,1.3333333333333333,24,0.88,0.88,0.0516,222.50926060798676,,,,,,,,
0.075,1.3333333333333333,25,0.84,0.84,0.047200000000000006,222.45935743906796,,,,,,,,
0.075,1.3333333333333333,26,1.0,1.0,0.0104,225.68476008033022,,,,,,,,
0.075,1.3333333333333333,27,1.0,1.0,0.064,222.51006366078383,,,,,,,,
0.075,1.3333333333333333,28,0.68,0.68,0.0592,222.27444525768576,,,,,,,,
0.075,1.3333333333333333,29,1.0,1.0,0.05000000000000001,221.86550686394975,,,,,,,,
0.075,1.3333333333333333,30,1.0,1.0,0.0664,221.89047021070732,,,,,,,,
0.075,1.3333333333333333,31,1.0,1.0,0.046400000000000004,222.70139942378043,,,,,,,,
0.075,1.3333333333333333,32,1.0,1.0,0.04,223.0261656397293,,,,,,,,
0.075,1.3333333333333333,33,0.44,0.44,0.056400000000000006,222.1331935814386,,,,,,,,
0.075,1.3333333333333333,34,1.0,1.0,0.054000000000000006,222.61789678615332,,,,,,,,
0.075,1.3333333333333333,35,1.0,1.0,0.0608,222.11361999144268,,,,,,,,
0.075,1.3333333333333333,36,0.72,0.72,0.06200000000000001,222.42254371751716,,,,,,,,
0.075,1.3333333333333333,37,0.48,0.48,0.055200000000000006,221.83731276435265,,,,,,,,
0.075,1.3333333333333333,38,1.0,1.0,0.058800000000000005,221.97245424649554,,,,,,,,
0.075,1.3333333333333333,39,1.0,1.0,0.04880000000000001,222.97731135107173,,,,,,,,
0.075,1.3333333333333333,40,1.0,1.0,0.0476,222.36807064088953,,,,,,,,
0.075,1.3333333333333333,41,0.64,0.64,0.052000000000000005,222.6864759903664,,,,,,,,
0.075,1.3333333333333333,42,0.64,0.64,0.0588,222.18859782420677,,,,,,,,
0.075,1.3333333333333333,43,1.0,1.0,0.055600000000000004,222.38475904654507,,,,,,,,
0.075,1.3333333333333333,44,0.86,0.84,0.0444,222.57034627831013,,,,,,,,
0.075,1.3333333333333333,45,1.0,1.0,0.05840000000000001,222.3090704834866,,,,,,,,
0.075,1.3333333333333333,46,0.22,0.24,0.055200000000000006,221.91921797287324,,,,,,,,
0.075,1.3333333333333333,47,0.76,0.76,0.052000000000000005,222.22785072548183,,,,,,,,
0.075,1.3333333333333333,48,1.0,1.0,0.044000000000000004,223.1533275462048,,,,,,,,
0.075,1.3333333333333333,49,1.0,1.0,0.05840000000000001,221.65953567582258,,,,,,,,
0.075,1.3333333333333333,50,1.0,1.0,0.0548,221.7046758869274,,,,,,,,
0.075,1.3333333333333333,51,0.56,0.56,0.06120000000000001,222.08396788563402,,,,,,,,
0.075,1.3333333333333333,52,0.8,0.8,0.0516,221.92412964500335,,,,,,,,
0.075,1.3333333333333333,53,1.0,1.0,0.0308,223.44756452069024,,,,,,,,
0.075,1.3333333333333333,54,1.0,1.0,0.05120000000000001,223.28804734080182,,,,,,,,
0.075,1.3333333333333333,55,1.0,1.0,0.055999999999999994,221.97468176887088,,,,,,,,
0.075,1.3333333333333333,56,0.36,0.36,0.05600000000000001,222.27897300605798,,,,,,,,
0.075,1.3333333333333333,57,0.88,0.88,0.05800000000000001,222.19435451533124,,,,,,,,
0.075,1.3333333333333333,58,0.6,0.6,0.064,222.03555857465207,,,,,,,,
0.075,1.3333333333333333,59,1.0,1.0,0.042800000000000005,222.89792234077,,,,,,,,
0.075,1.3333333333333333,60,1.0,1.0,0.0496,222.45993457532637,,,,,,,,
0.075,1.3333333333333333,61,0.88,0.88,0.058800000000000005,222.3164336697365,,,,,,,,
0.075,1.3333333333333333,62,0.64,0.64,0.0592,221.74908253812256,,,,,,,,
0.075,1.3333333333333333,63,1.0,1.0,0.0476,222.26922325106395,,,,,,,,
0.075,1.3333333333333333,64,0.84,0.84,0.06040000000000001,222.93552240618712,,,,,,,,
0.075,1.3333333333333333,65,0.92,0.92,0.05040000000000001,222.9788718069774,,,,,,,,
0.075,1.3333333333333333,66,0.16,0.16,0.052800000000000014,222.95907931745592,,,,,,,,
0.075,1.3333333333333333,67,0.36,0.36,0.066,222.50572396829153,,,,,,,,
0.075,1.3333333333333333,68,1.0,1.0,0.0568,222.9839426678574,,,,,,,,
0.075,1.3333333333333333,69,1.0,1.0,0.0212,224.57282397686984,,,,,,,,
0.075,1.3333333333333333,70,1.0,1.0,0.0436,222.8201776833878,,,,,,,,
0.075,1.3333333333333333,71,0.96,0.96,0.05600000000000001,222.1341789367509,,,,,,,,
0.075,1.3333333333333333,72,1.0,1.0,0.0512,222.2768035808798,,,,,,,,
0.075,1.3333333333333333,73,1.0,1.0,0.0476,223.12746621233794,,,,,,,,
0.075,1.3333333333333333,74,0.6,0.6,0.06280000000000001,221.80958369767959,,,,,,,,
0.075,1.3333333333333333,75,0.68,0.68,0.05720000000000001,222.87765888624435,,,,,,,,
0.075,1.3333333333333333,76,0.64,0.64,0.0524,222.27945300504533,,,,,,,,
0.075,1.3333333333333333,77,1.0,1.0,0.0528,222.18842187069274,,,,,,,,
0.075,1.3333333333333333,78,1.0,1.0,0.054400000000000004,222.02885365101866,,,,,,,,
0.075,1.3333333333333333,79,0.96,0.96,0.056799999999999996,222.37808213902878,,,,,,,,
0.075,1.3333333333333333,80,1.0,1.0,0.05960000000000001,222.1069161644034,,,,,,,,
0.075,1.3333333333333333,81,0.96,0.96,0.0568,221.09256216630024,,,,,,,,
0.075,1.3333333333333333,82,1.0,1.0,0.062,223.08462543814355,,,,,,,,
0.075,1.3333333333333333,83,1.0,1.0,0.05840000000000001,222.64706149020603,,,,,,,,
0.075,1.3333333333333333,84,1.0,1.0,0.05040000000000001,222.60918723177033,,,,,,,,
0.075,1.3333333333333333,85,1.0,1.0,0.0528,222.1154657959653,,,,,,,,
0.075,1.3333333333333333,86,1.0,1.0,0.055600000000000004,222.19873535764089,,,,,,,,
0.075,1.3333333333333333,87,1.0,1.0,0.054000000000000006,222.27580380609797,,,,,,,,
0.075,1.3333333333333333,88,0.44,0.44,0.05040000000000001,221.805551360516,,,,,,,,
0.075,1.3333333333333333,89,0.96,0.96,0.0608,221.96271488190993,,,,,,,,
0.075,1.3333333333333333,90,1.0,1.0,0.0508,222.62364061030092,,,,,,,,
0.075,1.3333333333333333,91,1.0,1.0,0.0576,222.53811137006858,,,,,,,,
0.075,1.3333333333333333,92,0.76,0.76,0.06280000000000001,222.6105200799364,,,,,,,,
0.075,1.3333333333333333,93,0.6,0.6,0.06280000000000001,222.67861894246118,,,,,,,,
0.075,1.3333333333333333,94,1.0,1.0,0.056400000000000006,223.3555831233164,,,,,,,,
0.075,1.3333333333333333,95,0.92,0.92,0.062,222.69868957410833,,,,,,,,
0.075,1.3333333333333333,96,1.0,1.0,0.062400000000000004,222.02983169444437,,,,,,,,
0.075,1.3333333333333333,97,1.0,1.0,0.052000000000000005,222.6941286872335,,,,,,,,
0.075,1.3333333333333333,98,1.0,1.0,0.0572,221.96469854780554,,,,,,,,
0.075,1.3333333333333333,99,1.0,1.0,0.0416,223.3448120985039,,,,,,,,
0.075,1.3333333333333333,100,1.0,1.0,0.06120000000000001,221.8230933631207,,,,,,,,
0.075,1.3333333333333333,101,0.96,0.96,0.055600000000000004,222.5760445981419,,,,,,,,
0.075,1.3333333333333333,102,1.0,1.0,0.045200000000000004,222.37303486423536,,,,,,,,
0.075,1.3333333333333333,103,1.0,1.0,0.05040000000000001,222.98336822659505,,,,,,,,
0.075,1.3333333333333333,104,1.0,1.0,0.0632,222.36356544585408,,,,,,,,
0.075,1.3333333333333333,105,0.68,0.68,0.05680000000000002,222.61167679494392,,,,,,,,
0.075,1.3333333333333333,106,0.72,0.72,0.053200000000000004,222.4984703896967,,,,,,,,
0.075,1.3333333333333333,107,0.28,0.28,0.061200000000000004,222.30540955844242,,,,,,,,
0.075,1.3333333333333333,108,0.8,0.8,0.057999999999999996,222.421804006544,,,,,,,,
0.075,1.3333333333333333,109,0.96,0.96,0.056799999999999996,222.41581620865705,,,,,,,,
0.075,1.3333333333333333,110,1.0,1.0,0.06520000000000001,222.21663582666878,,,,,,,,
0.075,1.3333333333333333,111,1.0,1.0,0.0548,222.3663380891498,,,,,,,,
0.075,1.3333333333333333,112,0.56,0.56,0.06160000000000001,222.54274100324974,,,,,,,,
0.075,1.3333333333333333,113,0.52,0.52,0.05920000000000001,222.1400029577215,,,,,,,,
0.075,1.3333333333333333,114,1.0,1.0,0.0328,223.1985533641412,,,,,,,,
0.075,1.3333333333333333,115,1.0,1.0,0.0432,222.83317026699436,,,,,,,,
0.075,1.3333333333333333,116,1.0,1.0,0.0436,222.99660365774866,,,,,,,,
0.075,1.3333333333333333,117,0.68,0.68,0.06040000000000001,222.55106551549758,,,,,,,,
0.075,1.3333333333333333,118,0.68,0.68,0.0504,222.73666837953178,,,,,,,,
0.075,1.3333333333333333,119,0.72,0.72,0.0548,223.01043121014987,,,,,,,,
0.075,3.0,0,0.12,0.12,0.0644,221.95632569585825,,,,,,,,
0.075,3.0,1,0.88,0.88,0.0584,222.74608526484712,,,,,,,,
0.075,3.0,2,0.2,0.2,0.05960000000000001,222.13429247401527,,,,,,,,
0.075,3.0,3,0.8,0.8,0.052800000000000014,221.50272600907817,,,,,,,,
0.075,3.0,4,0.28,0.28,0.058800000000000005,222.77129499679972,,,,,,,,
0.075,3.0,5,0.96,0.96,0.066,222.09135293521476,,,,,,,,
0.075,3.0,6,0.0,0.0,0.07400000000000001,222.09802313191847,,,,,,,,
0.075,3.0,7,0.04,0.04,0.05720000000000001,222.3834720904725,,,,,,,,
0.075,3.0,8,0.52,0.52,0.05360000000000001,222.73664152307435,,,,,,,,
0.075,3.0,9,0.04,0.04,0.06080000000000001,222.228927448345,,,,,,,,
0.075,3.0,10,0.04,0.04,0.0568,222.72888159343356,,,,,,,,
0.075,3.0,11,0.84,0.84,0.05800000000000001,222.11705859213896,,,,,,,,
0.075,3.0,12,0.04,0.04,0.0568,222.49002384542425,,,,,,,,
0.075,3.0,13,0.12,0.12,0.058800000000000005,222.38632099242844,,,,,,,,
0.075,3.0,14,0.36,0.36,0.06480000000000001,222.071991335394,,,,,,,,
0.075,3.0,15,0.12,0.12,0.05800000000000001,222.04617025940271,,,,,,,,
0.075,3.0,16,0.12,0.12,0.055999999999999994,222.30067579130784,,,,,,,,
0.075,3.0,17,0.4,0.4,0.06280000000000001,222.29565859837803,,,,,,,,
0.075,3.0,18,0.72,0.72,0.066,222.42146806700373,,,,,,,,
0.075,3.0,19,0.18,0.16,0.0596,221.52068623161685,,,,,,,,
0.075,3.0,20,0.16,0.16,0.06160000000000001,222.61829902383258,,,,,,,,
0.075,3.0,21,1.0,1.0,0.0584,221.60299828675915,,,,,,,,
0.075,3.0,22,0.08,0.08,0.054400000000000004,221.77093092799336,,,,,,,,
0.075,3.0,23,0.36,0.36,0.07200000000000001,222.1970455783977,,,,,,,,
0.075,3.0,24,0.08,0.08,0.0664,222.85709534613372,,,,,,,,
0.075,3.0,25,0.08,0.08,0.0536,222.8075032984072,,,,,,,,
0.075,3.0,26,0.24,0.24,0.054400000000000004,222.13029590714123,,,,,,,,
0.075,3.0,27,0.0,0.0,0.0608,222.85864987201273,,,,,,,,
0.075,3.0,28,0.16,0.16,0.0588,222.53470775248925,,,,,,,,
0.075,3.0,29,0.72,0.72,0.05720000000000001,222.95181858087074,,,,,,,,
0.075,3.0,30,0.88,0.88,0.05440000000000001,221.56279212332294,,,,,,,,
0.075,3.0,31,0.48,0.48,0.0664,222.41496450001603,,,,,,,,
0.075,3.0,32,0.24,0.24,0.05400000000000001,222.05117156787946,,,,,,,,
0.075,3.0,33,0.28,0.28,0.057600000000000005,222.21759804766774,,,,,,,,
0.075,3.0,34,0.08,0.08,0.055999999999999994,221.69158657104205,,,,,,,,
0.075,3.0,35,0.4,0.4,0.0576,222.1563361634787,,,,,,,,
0.075,3.0,36,0.16,0.16,0.0596,222.13061203514602,,,,,,,,
0.075,3.0,37,0.8,0.8,0.06480000000000001,221.85830783865424,,,,,,,,
0.075,3.0,38,0.4,0.4,0.062400000000000004,222.80990160679113,,,,,,,,
0.075,3.0,39,0.04,0.04,0.0524,222.71863176071537,,,,,,,,
0.075,3.0,40,0.52,0.52,0.066,222.25619436560729,,,,,,,,
0.075,3.0,41,0.84,0.84,0.06,222.37277973897042,,,,,,,,
0.075,3.0,42,0.24,0.24,0.0584,222.5250366215483,,,,,,,,
0.075,3.0,43,0.48,0.48,0.052000000000000005,221.696938649916,,,,,,,,
0.075,3.0,44,0.2,0.2,0.055999999999999994,222.1763907442694,,,,,,,,
0.075,3.0,45,0.2,0.2,0.0528,221.41970344643366,,,,,,,,
0.075,3.0,46,0.84,0.84,0.052800000000000014,221.57030454855197,,,,,,,,
0.075,3.0,47,0.04,0.04,0.0588,221.67561925484435,,,,,,,,
0.075,3.0,48,0.16,0.16,0.0616,222.26690148572067,,,,,,,,
0.075,3.0,49,0.04,0.04,0.0588,221.91315194876904,,,,,,,,
0.075,3.0,50,0.12,0.12,0.06200000000000001,222.17492636629592,,,,,,,,
0.075,3.0,51,0.04,0.04,0.0584,222.3166741251011,,,,,,,,
0.075,3.0,52,0.2,0.2,0.0604,222.5207530678513,,,,,,,,
0.075,3.0,53,0.2,0.2,0.058800000000000005,222.25821988445477,,,,,,,,
0.075,3.0,54,1.0,1.0,0.06280000000000001,222.25580469090048,,,,,,,,
0.075,3.0,55,0.36,0.36,0.0616,222.26682700556066,,,,,,,,
0.075,3.0,56,1.0,1.0,0.0596,221.96928505127286,,,,,,,,
0.075,3.0,57,0.2,0.2,0.061200000000000004,222.29605697250636,,,,,,,,
0.075,3.0,58,0.32,0.32,0.0584,222.92807934680212,,,,,,,,
0.075,3.0,59,0.92,0.92,0.0596,223.0199553480549,,,,,,,,
0.075,3.0,60,0.12,0.12,0.05720000000000001,222.07872789528264,,,,,,,,
0.075,3.0,61,0.08,0.08,0.0592,222.18887639062524,,,,,,,,
0.075,3.0,62,0.28,0.28,0.062,221.4979110320532,,,,,,,,
0.075,3.0,63,0.2,0.2,0.061200000000000004,221.9025844263923,,,,,,,,
0.075,3.0,64,0.52,0.52,0.05840000000000001,221.9796737613676,,,,,,,,
0.075,3.0,65,0.28,0.28,0.0664,222.4765031876121,,,,,,,,
0.075,3.0,66,0.04,0.04,0.05240000000000001,222.4671693381005,,,,,,,,
0.075,3.0,67,0.12,0.12,0.06480000000000001,222.71148305885504,,,,,,,,
0.075,3.0,68,0.2,0.2,0.0584,221.89915150919347,,,,,,,,
0.075,3.0,69,0.32,0.32,0.0616,222.17320756551254,,,,,,,,
0.075,3.0,70,0.32,0.32,0.0644,222.11115845720585,,,,,,,,
0.075,3.0,71,0.48,0.48,0.06,222.12180579984772,,,,,,,,
0.075,3.0,72,0.28,0.28,0.05320000000000001,222.27366508298118,,,,,,,,
0.075,3.0,73,0.52,0.52,0.062,222.1183310439839,,,,,,,,
0.075,3.0,74,0.94,0.96,0.055200000000000006,222.2524454250487,,,,,,,,
0.075,3.0,75,0.32,0.32,0.0548,222.04240134309995,,,,,,,,
0.075,3.0,76,0.56,0.56,0.0528,221.9498063518836,,,,,,,,
0.075,3.0,77,0.48,0.48,0.05879999999999999,222.299025302105,,,,,,,,
0.075,3.0,78,0.16,0.16,0.0588,222.62386839042813,,,,,,,,
0.075,3.0,79,0.12,0.12,0.04920000000000001,222.29554513695481,,,,,,,,
0.075,3.0,80,0.04,0.04,0.061200000000000004,222.73949053402205,,,,,,,,
0.075,3.0,81,0.16,0.16,0.054400000000000004,222.4496280286141,,,,,,,,
0.075,3.0,82,0.36,0.36,0.0632,222.3247149581978,,,,,,,,
0.075,3.0,83,0.28,0.28,0.05920000000000001,222.08892068906516,,,,,,,,
0.075,3.0,84,1.0,1.0,0.05320000000000001,222.10853774179904,,,,,,,,
0.075,3.0,85,1.0,1.0,0.052800000000000014,222.3247165884374,,,,,,,,
0.075,3.0,86,0.36,0.36,0.0564,222.19000900894503,,,,,,,,
0.075,3.0,87,0.48,0.48,0.05800000000000001,221.65671687644078,,,,,,,,
0.075,3.0,88,0.76,0.76,0.0544,222.43613867743858,,,,,,,,
0.075,3.0,89,0.36,0.36,0.0604,221.6587189057541,,,,,,,,
0.075,3.0,90,0.12,0.12,0.0588,221.80995724039656,,,,,,,,
0.075,3.0,91,0.24,0.24,0.0636,222.73201298029224,,,,,,,,
0.075,3.0,92,0.08,0.08,0.0556,221.61949065323742,,,,,,,,
0.075,3.0,93,0.2,0.2,0.05720000000000001,221.8762773078297,,,,,,,,
0.075,3.0,94,0.32,0.32,0.05720000000000001,222.6135859791594,,,,,,,,
0.075,3.0,95,1.0,1.0,0.0596,222.2207318867769,,,,,,,,
0.075,3.0,96,0.92,0.92,0.0548,222.97914763987788,,,,,,,,
0.075,3.0,97,0.28,0.28,0.06000000000000001,221.34361637929487,,,,,,,,
0.075,3.0,98,0.08,0.08,0.061200000000000004,222.3443234814886,,,,,,,,
0.075,3.0,99,0.32,0.32,0.054400000000000004,222.50931757373445,,,,,,,,
0.075,3.0,100,0.36,0.36,0.056400000000000006,221.68009264410475,,,,,,,,
0.075,3.0,101,0.2,0.2,0.05960000000000001,221.52859670401554,,,,,,,,
0.075,3.0,102,0.8,0.8,0.05840000000000001,222.46191024447467,,,,,,,,
0.075,3.0,103,0.16,0.16,0.06160000000000001,222.55256593811998,,,,,,,,
0.075,3.0,104,0.12,0.12,0.05800000000000001,222.31380320931478,,,,,,,,
0.075,3.0,105,0.24,0.24,0.06120000000000001,221.78496939343916,,,,,,,,
0.075,3.0,106,0.44,0.44,0.061200000000000004,222.54868223314577,,,,,,,,
0.075,3.0,107,0.16,0.16,0.05440000000000001,222.48854234104346,,,,,,,,
0.075,3.0,108,0.48,0.48,0.055600000000000004,222.70618285795044,,,,,,,,
0.075,3.0,109,0.08,0.08,0.05840000000000001,222.22719661602062,,,,,,,,
0.075,3.0,110,0.04,0.04,0.0632,221.85418582646855,,,,,,,,
0.075,3.0,111,0.08,0.08,0.058800000000000005,222.28615199514755,,,,,,,,
0.075,3.0,112,0.84,0.84,0.056400000000000006,222.49307460110728,,,,,,,,
0.075,3.0,113,0.52,0.52,0.052000000000000005,223.1162043473161,,,,,,,,
0.075,3.0,114,0.84,0.84,0.0656,222.2823638392526,,,,,,,,
0.075,3.0,115,0.16,0.16,0.053200000000000004,222.0203022608224,,,,,,,,
0.075,3.0,116,0.64,0.64,0.062400000000000004,222.09092572536048,,,,,,,,
0.075,3.0,117,1.0,1.0,0.0524,221.50702968454786,,,,,,,,
0.075,3.0,118,0.72,0.72,0.0636,222.29005466534593,,,,,,,,
0.075,3.0,119,0.68,0.68,0.06000000000000001,221.532377242733,,,,,,,,
0.1,1.3333333333333333,0,0.44,0.44,0.0504,295.58443985511127,,,,,,,,
0.1,1.3333333333333333,1,1.0,1.0,0.05120000000000001,295.24797262957867,,,,,,,,
0.1,1.3333333333333333,2,1.0,1.0,0.0456,296.9226937786321,,,,,,,,
0.1,1.3333333333333333,3,1.0,1.0,0.0416,296.1664942841215,,,,,,,,
0.1,1.3333333333333333,4,1.0,1.0,0.0492,295.76079192794174,,,,,,,,
0.1,1.3333333333333333,5,1.0,1.0,0.0516,296.3986233188897,,,,,,,,
0.1,1.3333333333333333,6,1.0,1.0,0.05160000000000001,296.4781287635657,,,,,,,,
0.1,1.3333333333333333,7,0.88,0.88,0.05160000000000001,296.7075746290632,,,,,,,,
0.1,1.3333333333333333,8,1.0,1.0,0.044000000000000004,295.7079323343246,,,,,,,,
0.1,1.3333333333333333,9,0.88,0.88,0.054000000000000006,296.48365529320125,,,,,,,,
0.1,1.3333333333333333,10,0.72,0.72,0.0476,296.75164565927093,,,,,,,,
0.1,1.3333333333333333,11,0.84,0.84,0.052800000000000014,296.7445487454338,,,,,,,,
0.1,1.3333333333333333,12,0.92,0.92,0.052000000000000005,296.1529213810627,,,,,,,,
0.1,1.3333333333333333,13,0.56,0.56,0.0496,294.90641725510716,,,,,,,,
0.1,1.3333333333333333,14,1.0,1.0,0.042,296.00006694092264,,,,,,,,
0.1,1.3333333333333333,15,0.92,0.92,0.05080000000000001,295.5464512287678,,,,,,,,
0.1,1.3333333333333333,16,1.0,1.0,0.0504,296.00136989647467,,,,,,,,
0.1,1.3333333333333333,17,0.84,0.84,0.04880000000000001,295.8648109584298,,,,,,,,
0.1,1.3333333333333333,18,0.88,0.88,0.046000000000000006,296.3524068087343,,,,,,,,
0.1,1.3333333333333333,19,0.96,0.96,0.0524,295.70806794706795,,,,,,,,
0.1,1.3333333333333333,20,1.0,1.0,0.0404,295.8368975663142,,,,,,,,
0.1,1.3333333333333333,21,1.0,1.0,0.045200000000000004,296.9668598867162,,,,,,,,
0.1,1.3333333333333333,22,1.0,1.0,0.0492,295.57099980326586,,,,,,,,
0.1,1.3333333333333333,23,0.6,0.6,0.0552,295.26717918892916,,,,,,,,
0.1,1.3333333333333333,24,1.0,1.0,0.04,296.19665803808294,,,,,,,,
0.1,1.3333333333333333,25,1.0,1.0,0.04680000000000001,295.30612505706887,,,,,,,,
0.1,1.3333333333333333,26,1.0,1.0,0.046000000000000006,296.53285726411616,,,,,,,,
0.1,1.3333333333333333,27,0.52,0.52,0.0528,297.23182583454434,,,,,,,,
0.1,1.3333333333333333,28,0.56,0.56,0.0432,296.33362949393063,,,,,,,,
0.1,1.3333333333333333,29,0.36,0.36,0.048799999999999996,296.0057048532824,,,,,,,,
0.1,1.3333333333333333,30,0.24,0.24,0.05080000000000001,295.61676408281744,,,,,,,,
0.1,1.3333333333333333,31,1.0,1.0,0.0396,296.7459218318321,,,,,,,,
0.1,1.3333333333333333,32,1.0,1.0,0.048400000000000006,296.21525526920914,,,,,,,,
0.1,1.3333333333333333,33,1.0,1.0,0.046000000000000006,296.53206155134615,,,,,,,,
0.1,1.3333333333333333,34,1.0,1.0,0.04880000000000001,296.00542047473846,,,,,,,,
0.1,1.3333333333333333,35,1.0,1.0,0.0408,296.3187592581883,,,,,,,,
0.1,1.3333333333333333,36,0.76,0.76,0.0508,296.66458321961784,,,,,,,,
0.1,1.3333333333333333,37,1.0,1.0,0.042,295.75863737780503,,,,,,,,
0.1,1.3333333333333333,38,0.96,0.96,0.0512,296.14387418518584,,,,,,,,
0.1,1.3333333333333333,39,0.92,0.92,0.0548,295.99559988474755,,,,,,,,
0.1,1.3333333333333333,40,1.0,1.0,0.04880000000000001,296.25866764058077,,,,,,,,
0.1,1.3333333333333333,41,1.0,1.0,0.04920000000000001,296.2312680630849,,,,,,,,
0.1,1.3333333333333333,42,0.2,0.2,0.04920000000000001,296.824797990566,,,,,,,,
0.1,1.3333333333333333,43,0.96,0.96,0.0548,295.9853544680581,,,,,,,,
0.1,1.3333333333333333,44,1.0,1.0,0.053200000000000004,296.3065721136416,,,,,,,,
0.1,1.3333333333333333,45,1.0,1.0,0.0508,295.62921023075415,,,,,,,,
0.1,1.3333333333333333,46,0.44,0.44,0.06,296.1804714620485,,,,,,,,
0.1,1.3333333333333333,47,0.6,0.6,0.044800000000000006,297.01558608373597,,,,,,,,
0.1,1.3333333333333333,48,0.64,0.64,0.0412,295.1832115023087,,,,,,,,
0.1,1.3333333333333333,49,1.0,1.0,0.042800000000000005,296.5746956336957,,,,,,,,
0.1,1.3333333333333333,50,1.0,1.0,0.0444,296.97313091879323,,,,,,,,
0.1,1.3333333333333333,51,0.08,0.08,0.047200000000000006,295.6140631020217,,,,,,,,
0.1,1.3333333333333333,52,1.0,1.0,0.0508,296.16431767134503,,,,,,,,
0.1,1.3333333333333333,53,1.0,1.0,0.048,296.87999277693456,,,,,,,,
0.1,1.3333333333333333,54,1.0,1.0,0.0376,297.0165783407591,,,,,,,,
0.1,1.3333333333333333,55,1.0,1.0,0.049600000000000005,296.0977060471961,,,,,,,,
0.1,1.3333333333333333,56,0.84,0.84,0.047200000000000006,295.8159832648427,,,,,,,,
0.1,1.3333333333333333,57,0.6,0.6,0.05800000000000001,295.1865451050512,,,,,,,,
0.1,1.3333333333333333,58,1.0,1.0,0.06000000000000001,295.809549496951,,,,,,,,
0.1,1.3333333333333333,59,0.48,0.48,0.0512,295.9704779601905,,,,,,,,
0.1,1.3333333333333333,60,0.88,0.88,0.0524,296.3223937225273,,,,,,,,
0.1,1.3333333333333333,61,1.0,1.0,0.05080000000000001,296.93421696043754,,,,,,,,
0.1,1.3333333333333333,62,0.68,0.68,0.06080000000000001,296.9317487520409,,,,,,,,
0.1,1.3333333333333333,63,0.92,0.92,0.0444,295.8162832321516,,,,,,,,
0.1,1.3333333333333333,64,0.72,0.72,0.0476,296.7479843582076,,,,,,,,
0.1,1.3333333333333333,65,0.96,0.96,0.0604,296.2436476820433,,,,,,,,
0.1,1.3333333333333333,66,0.64,0.64,0.0596,295.8864591117538,,,,,,,,
0.1,1.3333333333333333,67,0.96,0.96,0.053200000000000004,295.6273042631851,,,,,,,,
0.1,1.3333333333333333,68,0.76,0.76,0.0524,295.2658886887747,,,,,,,,
0.1,1.3333333333333333,69,1.0,1.0,0.04800000000000001,295.83707789654653,,,,,,,,
0.1,1.3333333333333333,70,0.76,0.76,0.046000000000000006,295.95636767886486,,,,,,,,
0.1,1.3333333333333333,71,1.0,1.0,0.05240000000000001,296.6315828899855,,,,,,,,
0.1,1.3333333333333333,72,1.0,1.0,0.0444,297.08416613577805,,,,,,,,
0.1,1.3333333333333333,73,1.0,1.0,0.0476,296.0083945558037,,,,,,,,
0.1,1.3333333333333333,74,0.76,0.76,0.046000000000000006,296.38354891328754,,,,,,,,
0.1,1.3333333333333333,75,0.8,0.8,0.044800000000000006,296.56738903323776,,,,,,,,
0.1,1.3333333333333333,76,1.0,1.0,0.0436,297.0815817434387,,,,,,,,
0.1,1.3333333333333333,77,0.98,1.0,0.047200000000000006,295.79488874534434,,,,,,,,
0.1,1.3333333333333333,78,0.88,0.88,0.0536,296.85552829598373,,,,,,,,
0.1,1.3333333333333333,79,1.0,1.0,0.042800000000000005,297.36282752649834,,,,,,,,
0.1,1.3333333333333333,80,0.44,0.44,0.05840000000000001,295.6191187040484,,,,,,,,
0.1,1.3333333333333333,81,1.0,1.0,0.0524,296.4263827679113,,,,,,,,
0.1,1.3333333333333333,82,0.48,0.48,0.0456,296.2163327239564,,,,,,,,
0.1,1.3333333333333333,83,1.0,1.0,0.0476,296.8932795107446,,,,,,,,
0.1,1.3333333333333333,84,1.0,1.0,0.04680000000000001,297.108018970475,,,,,,,,
0.1,1.3333333333333333,85,0.72,0.72,0.0484,296.057852087102,,,,,,,,
0.1,1.3333333333333333,86,0.6,0.6,0.0388,296.0157718785784,,,,,,,,
0.1,1.3333333333333333,87,1.0,1.0,0.05080000000000001,294.948383035868,,,,,,,,
0.1,1.3333333333333333,88,1.0,1.0,0.04880000000000001,296.19029241956383,,,,,,,,
0.1,1.3333333333333333,89,0.88,0.88,0.05600000000000001,295.9580713010135,,,,,,,,
0.1,1.3333333333333333,90,0.76,0.76,0.0556,296.37874370523076,,,,,,,,
0.1,1.3333333333333333,91,1.0,1.0,0.04800000000000001,295.70290271584275,,,,,,,,
0.1,1.3333333333333333,92,1.0,1.0,0.0404,295.85891739699065,,,,,,,,
0.1,1.3333333333333333,93,0.72,0.72,0.054400000000000004,294.85619733368713,,,,,,,,
0.1,1.3333333333333333,94,0.44,0.44,0.0512,296.5797117885097,,,,,,,,
0.1,1.3333333333333333,95,1.0,1.0,0.055200000000000006,295.3793315878544,,,,,,,,
0.1,1.3333333333333333,96,0.68,0.68,0.05600000000000001,296.05609663557277,,,,,,,,
0.1,1.3333333333333333,97,1.0,1.0,0.013999999999999999,299.7612791631863,,,,,,,,
0.1,1.3333333333333333,98,0.96,0.96,0.0456,296.1014392547775,,,,,,,,
0.1,1.3333333333333333,99,1.0,1.0,0.0376,297.29915285943656,,,,,,,,
0.1,1.3333333333333333,100,0.76,0.76,0.04800000000000001,295.6397093958532,,,,,,,,
0.1,1.3333333333333333,101,0.6,0.6,0.044800000000000006,295.93225298823313,,,,,,,,
0.1,1.3333333333333333,102,1.0,1.0,0.04800000000000001,296.3486440251477,,,,,,,,
0.1,1.3333333333333333,103,1.0,1.0,0.049600000000000005,295.81746995151184,,,,,,,,
0.1,1.3333333333333333,104,0.7,0.68,0.055200000000000006,295.62405299056996,,,,,,,,
0.1,1.3333333333333333,105,0.68,0.68,0.044800000000000006,296.59524096476184,,,,,,,,
0.1,1.3333333333333333,106,1.0,1.0,0.04800000000000001,294.8033585116847,,,,,,,,
0.1,1.3333333333333333,107,0.88,0.88,0.047200000000000006,296.7693039340473,,,,,,,,
0.1,1.3333333333333333,108,1.0,1.0,0.04800000000000001,297.2401982462509,,,,,,,,
0.1,1.3333333333333333,109,0.8,0.8,0.04800000000000001,295.48760166543866,,,,,,,,
0.1,1.3333333333333333,110,1.0,1.0,0.05,296.6174656606023,,,,,,,,
0.1,1.3333333333333333,111,0.96,0.96,0.0528,294.7950322633226,,,,,,,,
0.1,1.3333333333333333,112,1.0,1.0,0.044000000000000004,296.1573496209931,,,,,,,,
0.1,1.3333333333333333,113,1.0,1.0,0.03640000000000001,296.7697203239331,,,,,,,,
0.1,1.3333333333333333,114,1.0,1.0,0.0508,296.07477909973596,,,,,,,,
0.1,1.3333333333333333,115,0.88,0.88,0.047200000000000006,296.2112968426976,,,,,,,,
0.1,1.3333333333333333,116,0.52,0.52,0.05200000000000001,295.6606594517767,,,,,,,,
0.1,1.3333333333333333,117,0.84,0.84,0.046000000000000006,295.9802886570466,,,,,,,,
0.1,1.3333333333333333,118,1.0,1.0,0.0504,295.86503334915216,,,,,,,,
0.1,1.3333333333333333,119,1.0,1.0,0.0352,297.32450536004615,,,,,,,,
0.1,3.0,0,0.04,0.04,0.046000000000000006,296.37399903947863,,,,,,,,
0.1,3.0,1,0.2,0.2,0.0512,296.2837315310015,,,,,,,,
0.1,3.0,2,0.36,0.36,0.0432,295.69570416747234,,,,,,,,
0.1,3.0,3,0.2,0.2,0.0472,295.84169889911516,,,,,,,,
0.1,3.0,4,1.0,1.0,0.0604,296.45509034351085,,,,,,,,
0.1,3.0,5,0.12,0.12,0.0548,296.5665649705952,,,,,,,,
0.1,3.0,6,0.08,0.08,0.05,296.2129294368131,,,,,,,,
0.1,3.0,7,0.2,0.2,0.05080000000000001,295.3554747021799,,,,,,,,
0.1,3.0,8,0.16,0.16,0.0528,295.35830905907187,,,,,,,,
0.1,3.0,9,0.24,0.24,0.0476,294.9342451104693,,,,,,,,
0.1,3.0,10,0.28,0.28,0.046000000000000006,295.6445034345816,,,,,,,,
0.1,3.0,11,0.36,0.36,0.0456,296.9646269383848,,,,,,,,
0.1,3.0,12,0.08,0.08,0.046,295.7638074549807,,,,,,,,
0.1,3.0,13,0.24,0.24,0.0508,295.38879986321234,,,,,,,,
0.1,3.0,14,0.04,0.04,0.046400000000000004,295.68616875817975,,,,,,,,
0.1,3.0,15,0.08,0.08,0.046400000000000004,296.15424040244335,,,,,,,,
0.1,3.0,16,0.12,0.12,0.0548,295.54837570263544,,,,,,,,
0.1,3.0,17,0.04,0.04,0.05120000000000001,296.62253983835654,,,,,,,,
0.1,3.0,18,0.32,0.32,0.048799999999999996,295.7766068889495,,,,,,,,
0.1,3.0,19,0.38,0.36,0.052000000000000005,295.73918612965036,,,,,,,,
0.1,3.0,20,0.36,0.36,0.05120000000000001,294.39993433521073,,,,,,,,
0.1,3.0,21,0.44,0.44,0.05200000000000001,296.5190164885921,,,,,,,,
0.1,3.0,22,0.36,0.36,0.0476,294.7361413590899,,,,,,,,
0.1,3.0,23,0.14,0.12,0.045599999999999995,296.0737112573619,,,,,,,,
0.1,3.0,24,0.96,0.96,0.04800000000000001,295.98613511343177,,,,,,,,
0.1,3.0,25,0.22,0.24,0.04800000000000001,295.3862592683861,,,,,,,,
0.1,3.0,26,0.08,0.08,0.0416,295.70563249279274,,,,,,,,
0.1,3.0,27,0.44,0.44,0.044000000000000004,295.0134864941928,,,,,,,,
0.1,3.0,28,0.16,0.16,0.0476,295.110707090008,,,,,,,,
0.1,3.0,29,0.28,0.28,0.054400000000000004,296.03785958663406,,,,,,,,
0.1,3.0,30,1.0,1.0,0.0408,295.9867946237626,,,,,,,,
0.1,3.0,31,0.04,0.04,0.05080000000000001,296.6705237642598,,,,,,,,
0.1,3.0,32,0.12,0.12,0.05160000000000001,296.4746390913949,,,,,,,,
0.1,3.0,33,0.36,0.36,0.04880000000000001,296.1580791805473,,,,,,,,
0.1,3.0,34,0.04,0.04,0.04880000000000001,296.20731652063597,,,,,,,,
0.1,3.0,35,0.32,0.32,0.0536,296.2557797312493,,,,,,,,
0.1,3.0,36,0.76,0.76,0.042800000000000005,295.4556405203028,,,,,,,,
0.1,3.0,37,0.0,0.0,0.05320000000000001,296.0437307047711,,,,,,,,
0.1,3.0,38,0.04,0.04,0.048400000000000006,296.69336574354014,,,,,,,,
0.1,3.0,39,0.24,0.24,0.054800000000000015,295.96947449903723,,,,,,,,
0.1,3.0,40,0.2,0.2,0.046000000000000006,296.34558390167876,,,,,,,,
0.1,3.0,41,0.1,0.12,0.04920000000000001,296.69500868813867,,,,,,,,
0.1,3.0,42,0.0,0.0,0.0476,295.26796642799496,,,,,,,,
0.1,3.0,43,0.32,0.32,0.0536,295.51309457225784,,,,,,,,
0.1,3.0,44,0.16,0.16,0.04680000000000001,295.4274649109838,,,,,,,,
0.1,3.0,45,0.4,0.4,0.056400000000000006,295.02812555600167,,,,,,,,
0.1,3.0,46,0.2,0.2,0.046400000000000004,295.76712793975923,,,,,,,,
0.1,3.0,47,0.14,0.16,0.05040000000000001,296.017307589796,,,,,,,,
0.1,3.0,48,0.96,0.96,0.052000000000000005,296.20810531333296,,,,,,,,
0.1,3.0,49,0.2,0.2,0.0528,295.78438292965757,,,,,,,,
0.1,3.0,50,0.04,0.04,0.055600000000000004,296.1686710864731,,,,,,,,
0.1,3.0,51,0.88,0.88,0.048400000000000006,296.3664938211886,,,,,,,,
0.1,3.0,52,0.92,0.92,0.0528,296.4312568840436,,,,,,,,
0.1,3.0,53,0.12,0.12,0.04880000000000001,296.2999812805098,,,,,,,,
0.1,3.0,54,0.24,0.24,0.052000000000000005,295.73871328336566,,,,,,,,
0.1,3.0,55,0.16,0.16,0.053200000000000004,296.02944880171066,,,,,,,,
0.1,3.0,56,0.12,0.12,0.044800000000000006,295.4238102442663,,,,,,,,
0.1,3.0,57,0.08,0.08,0.056400000000000006,296.13098091802084,,,,,,,,
0.1,3.0,58,0.0,0.0,0.048799999999999996,295.8896583108419,,,,,,,,
0.1,3.0,59,0.84,0.84,0.04,296.32951356449854,,,,,,,,
0.1,3.0,60,0.12,0.12,0.047200000000000006,295.5782217644202,,,,,,,,
0.1,3.0,61,0.12,0.12,0.048400000000000006,295.55940196049437,,,,,,,,
0.1,3.0,62,0.12,0.12,0.0512,296.4999071282381,,,,,,,,
0.1,3.0,63,0.08,0.08,0.056400000000000006,295.78174053875335,,,,,,,,
0.1,3.0,64,0.2,0.2,0.044000000000000004,295.6700947703183,,,,,,,,
0.1,3.0,65,0.04,0.04,0.048,295.99627926740743,,,,,,,,
0.1,3.0,66,0.04,0.04,0.04680000000000001,296.9257760433152,,,,,,,,
0.1,3.0,67,0.08,0.08,0.057600000000000005,296.2161598517505,,,,,,,,
0.1,3.0,68,0.16,0.16,0.0596,295.41410941509395,,,,,,,,
0.1,3.0,69,0.08,0.08,0.05600000000000001,295.69672402229344,,,,,,,,
0.1,3.0,70,0.04,0.04,0.0472,295.7252740230842,,,,,,,,
0.1,3.0,71,0.28,0.28,0.0536,296.08681908555945,,,,,,,,
0.1,3.0,72,0.08,0.08,0.046799999999999994,296.368339502978,,,,,,,,
0.1,3.0,73,0.04,0.04,0.0516,295.54457931381256,,,,,,,,
0.1,3.0,74,0.12,0.12,0.055200000000000006,295.8365808492187,,,,,,,,
0.1,3.0,75,0.12,0.12,0.052000000000000005,295.589625007261,,,,,,,,
0.1,3.0,76,0.48,0.48,0.047200000000000006,296.0157770798285,,,,,,,,
0.1,3.0,77,0.28,0.28,0.04800000000000001,296.3341827121119,,,,,,,,
0.1,3.0,78,0.16,0.16,0.04680000000000001,295.9919202109341,,,,,,,,
0.1,3.0,79,0.2,0.2,0.0512,295.9094221202828,,,,,,,,
0.1,3.0,80,0.96,0.96,0.0508,296.45260337461974,,,,,,,,
0.1,3.0,81,0.04,0.04,0.05080000000000001,295.8019492832963,,,,,,,,
0.1,3.0,82,0.12,0.12,0.0456,295.73291028821865,,,,,,,,
0.1,3.0,83,0.36,0.36,0.042,297.10077176613237,,,,,,,,
0.1,3.0,84,0.12,0.12,0.05120000000000001,295.5552789566351,,,,,,,,
0.1,3.0,85,0.08,0.08,0.056400000000000006,295.63194551938955,,,,,,,,
0.1,3.0,86,0.04,0.04,0.04880000000000001,295.4418003393273,,,,,,,,
0.1,3.0,87,0.36,0.36,0.048400000000000006,296.03143313209307,,,,,,,,
0.1,3.0,88,0.2,0.2,0.04920000000000001,295.9014722921927,,,,,,,,
0.1,3.0,89,0.68,0.68,0.052800000000000014,296.1483880474086,,,,,,,,
0.1,3.0,90,0.36,0.36,0.0456,295.9378906903202,,,,,,,,
0.1,3.0,91,0.16,0.16,0.052000000000000005,295.5781422288071,,,,,,,,
0.1,3.0,92,0.8,0.8,0.0616,295.48281336948133,,,,,,,,
0.1,3.0,93,0.04,0.04,0.054800000000000015,294.8845701310036,,,,,,,,
0.1,3.0,94,0.2,0.2,0.0484,296.10862031028705,,,,,,,,
0.1,3.0,95,0.12,0.12,0.0592,295.4717071337591,,,,,,,,
0.1,3.0,96,0.04,0.04,0.05,296.32426177143464,,,,,,,,
0.1,3.0,97,0.16,0.16,0.0444,295.6728157824555,,,,,,,,
0.1,3.0,98,0.76,0.76,0.0512,295.9825424781734,,,,,,,,
0.1,3.0,99,0.08,0.08,0.052800000000000014,295.74130443497546,,,,,,,,
0.1,3.0,100,0.8,0.8,0.05080000000000001,295.68912812917716,,,,,,,,
0.1,3.0,101,0.08,0.08,0.0512,296.06590140116043,,,,,,,,
0.1,3.0,102,0.16,0.16,0.045200000000000004,296.1251884892931,,,,,,,,
0.1,3.0,103,0.08,0.08,0.0508,296.92972647312126,,,,,,,,
0.1,3.0,104,0.12,0.12,0.055600000000000004,296.3259563483126,,,,,,,,
0.1,3.0,105,0.36,0.36,0.056400000000000006,295.7084689651363,,,,,,,,
0.1,3.0,106,0.8,0.8,0.054000000000000006,296.3805999870274,,,,,,,,
0.1,3.0,107,0.2,0.2,0.0512,296.08568232038834,,,,,,,,
0.1,3.0,108,0.16,0.16,0.054800000000000015,296.28448182951723,,,,,,,,
0.1,3.0,109,0.12,0.12,0.0548,296.5954967749995,,,,,,,,
0.1,3.0,110,0.08,0.08,0.0524,295.4125774579238,,,,,,,,
0.1,3.0,111,0.44,0.44,0.049600000000000005,295.96508076236773,,,,,,,,
0.1,3.0,112,0.84,0.84,0.0604,296.0275410889779,,,,,,,,
0.1,3.0,113,0.08,0.08,0.048799999999999996,296.24900453668505,,,,,,,,
0.1,3.0,114,0.08,0.08,0.05400000000000001,295.3209565550541,,,,,,,,
0.1,3.0,115,0.36,0.36,0.0496,295.4775059063479,,,,,,,,
0.1,3.0,116,0.0,0.0,0.046000000000000006,295.48610884802963,,,,,,,,
0.1,3.0,117,0.32,0.32,0.04680000000000001,296.413463792401,,,,,,,,
0.1,3.0,118,0.08,0.08,0.0492,295.5005684122718,,,,,,,,
0.1,3.0,119,1.0,1.0,0.054400000000000004,296.9224459456278,,,,,,,,
0.125,1.3333333333333333,0,0.96,0.96,0.0432,370.182739458163,,,,,,,,
0.125,1.3333333333333333,1,0.76,0.76,0.053200000000000004,369.12847222317345,,,,,,,,
0.125,1.3333333333333333,2,0.5,0.48,0.04800000000000001,369.3912523116463,,,,,,,,
0.125,1.3333333333333333,3,0.56,0.56,0.046000000000000006,371.02352227366833,,,,,,,,
0.125,1.3333333333333333,4,1.0,1.0,0.03560000000000001,369.9124885992723,,,,,,,,
0.125,1.3333333333333333,5,0.48,0.48,0.0444,370.77236763367256,,,,,,,,
0.125,1.3333333333333333,6,1.0,1.0,0.0416,368.777547709364,,,,,,,,
0.125,1.3333333333333333,7,0.92,0.92,0.0432,370.11713269794336,,,,,,,,
0.125,1.3333333333333333,8,0.36,0.36,0.0416,370.7047793472682,,,,,,,,
0.125,1.3333333333333333,9,1.0,1.0,0.0416,370.5714624102246,,,,,,,,
0.125,1.3333333333333333,10,1.0,1.0,0.04,369.8755942441527,,,,,,,,
0.125,1.3333333333333333,11,1.0,1.0,0.013999999999999999,376.05137661321044,,,,,,,,
0.125,1.3333333333333333,12,0.48,0.48,0.039599999999999996,370.27393877217196,,,,,,,,
0.125,1.3333333333333333,13,0.92,0.92,0.04880000000000001,370.1513546583714,,,,,,,,
0.125,1.3333333333333333,14,0.36,0.36,0.046000000000000006,369.39650298453154,,,,,,,,
0.125,1.3333333333333333,15,1.0,1.0,0.044000000000000004,371.19411317639197,,,,,,,,
0.125,1.3333333333333333,16,0.92,0.92,0.038,369.4519721804331,,,,,,,,
0.125,1.3333333333333333,17,1.0,1.0,0.045200000000000004,370.014426432157,,,,,,,,
0.125,1.3333333333333333,18,1.0,1.0,0.04359999999999999,369.98352645011755,,,,,,,,
0.125,1.3333333333333333,19,1.0,1.0,0.042800000000000005,370.1493803384009,,,,,,,,
0.125,1.3333333333333333,20,0.88,0.88,0.0432,369.3709423232316,,,,,,,,
0.125,1.3333333333333333,21,1.0,1.0,0.042,368.96747207210217,,,,,,,,
0.125,1.3333333333333333,22,0.36,0.36,0.0384,369.33578859023464,,,,,,,,
0.125,1.3333333333333333,23,0.12,0.12,0.046400000000000004,368.8003011840703,,,,,,,,
0.125,1.3333333333333333,24,0.96,0.96,0.048,369.4841648269958,,,,,,,,
0.125,1.3333333333333333,25,0.56,0.56,0.0584,370.89848679603546,,,,,,,,
0.125,1.3333333333333333,26,0.88,0.88,0.0444,369.1813346117587,,,,,,,,
0.125,1.3333333333333333,27,1.0,1.0,0.0424,370.9662511518129,,,,,,,,
0.125,1.3333333333333333,28,1.0,1.0,0.026000000000000002,372.9780819200623,,,,,,,,
0.125,1.3333333333333333,29,0.52,0.52,0.05159999999999999,369.67543175964346,,,,,,,,
0.125,1.3333333333333333,30,1.0,1.0,0.046000000000000006,370.3515830220518,,,,,,,,
0.125,1.3333333333333333,31,1.0,1.0,0.0432,369.5524816489649,,,,,,,,
0.125,1.3333333333333333,32,0.8,0.8,0.04,369.47778904977685,,,,,,,,
0.125,1.3333333333333333,33,0.64,0.64,0.0412,370.9758710388525,,,,,,,,
0.125,1.3333333333333333,34,0.24,0.24,0.047200000000000006,370.4914081867274,,,,,,,,
0.125,1.3333333333333333,35,0.92,0.92,0.0476,369.1687587264134,,,,,,,,
0.125,1.3333333333333333,36,1.0,1.0,0.042,370.6125795844624,,,,,,,,
0.125,1.3333333333333333,37,1.0,1.0,0.042,370.3061125114271,,,,,,,,
0.125,1.3333333333333333,38,1.0,1.0,0.044000000000000004,370.45121604000036,,,,,,,,
0.125,1.3333333333333333,39,0.96,0.96,0.04800000000000001,369.47488045933756,,,,,,,,
0.125,1.3333333333333333,40,0.68,0.68,0.0416,370.4998277323933,,,,,,,,
0.125,1.3333333333333333,41,1.0,1.0,0.0424,370.98574526128834,,,,,,,,
0.125,1.3333333333333333,42,1.0,1.0,0.0404,369.83969808670207,,,,,,,,
0.125,1.3333333333333333,43,0.72,0.72,0.0436,370.25855216385344,,,,,,,,
0.125,1.3333333333333333,44,0.68,0.68,0.036000000000000004,370.1044205833525,,,,,,,,
0.125,1.3333333333333333,45,1.0,1.0,0.042,369.810828526351,,,,,,,,
0.125,1.3333333333333333,46,0.32,0.32,0.042,369.8478988127349,,,,,,,,
0.125,1.3333333333333333,47,0.96,0.96,0.032400000000000005,368.79815445588395,,,,,,,,
0.125,1.3333333333333333,48,1.0,1.0,0.039200000000000006,370.32463495513645,,,,,,,,
0.125,1.3333333333333333,49,0.92,0.92,0.0424,369.8788739559925,,,,,,,,
0.125,1.3333333333333333,50,0.96,0.96,0.046400000000000004,368.948185060553,,,,,,,,
0.125,1.3333333333333333,51,0.6,0.6,0.052000000000000005,370.79056294816684,,,,,,,,
0.125,1.3333333333333333,52,0.52,0.52,0.045200000000000004,369.36902967485736,,,,,,,,
0.125,1.3333333333333333,53,0.56,0.56,0.0436,370.1666567069538,,,,,,,,
0.125,1.3333333333333333,54,1.0,1.0,0.046000000000000006,369.3885080980232,,,,,,,,
0.125,1.3333333333333333,55,0.64,0.64,0.038000000000000006,369.28914118133304,,,,,,,,
0.125,1.3333333333333333,56,1.0,1.0,0.042800000000000005,370.3761541442535,,,,,,,,
0.125,1.3333333333333333,57,1.0,1.0,0.04880000000000001,370.21800402787835,,,,,,,,
0.125,1.3333333333333333,58,1.0,1.0,0.042,369.4781339202337,,,,,,,,
0.125,1.3333333333333333,59,0.92,0.92,0.046400000000000004,369.6222597451389,,,,,,,,
0.125,1.3333333333333333,60,0.52,0.52,0.049600000000000005,369.4055500473691,,,,,,,,
0.125,1.3333333333333333,61,0.76,0.76,0.0512,369.67833844723924,,,,,,,,
0.125,1.3333333333333333,62,0.68,0.68,0.045200000000000004,370.1825400282936,,,,,,,,
0.125,1.3333333333333333,63,0.56,0.56,0.0476,368.701357535031,,,,,,,,
0.125,1.3333333333333333,64,0.6,0.6,0.0444,369.4913674528952,,,,,,,,
0.125,1.3333333333333333,65,1.0,1.0,0.037200000000000004,369.31195532361386,,,,,,,,
0.125,1.3333333333333333,66,1.0,1.0,0.034800000000000005,370.1448981542317,,,,,,,,
0.125,1.3333333333333333,67,0.68,0.68,0.0388,369.5500502534851,,,,,,,,
0.125,1.3333333333333333,68,1.0,1.0,0.034800000000000005,370.9023894917093,,,,,,,,
0.125,1.3333333333333333,69,0.4,0.4,0.04,370.2884561588329,,,,,,,,
0.125,1.3333333333333333,70,0.76,0.76,0.0492,369.16082330788146,,,,,,,,
0.125,1.3333333333333333,71,0.56,0.56,0.047599999999999996,369.7415173296475,,,,,,,,
0.125,1.3333333333333333,72,0.96,0.96,0.044800000000000006,369.9145803973125,,,,,,,,
0.125,1.3333333333333333,73,0.96,0.96,0.0392,369.6634072438239,,,,,,,,
0.125,1.3333333333333333,74,1.0,1.0,0.038400000000000004,369.4866106432045,,,,,,,,
0.125,1.3333333333333333,75,1.0,1.0,0.04880000000000001,369.9331126836194,,,,,,,,
0.125,1.3333333333333333,76,0.56,0.56,0.048400000000000006,368.4033765896726,,,,,,,,
0.125,1.3333333333333333,77,1.0,1.0,0.0444,370.63278290767636,,,,,,,,
0.125,1.3333333333333333,78,0.96,0.96,0.0436,370.17164412967554,,,,,,,,
0.125,1.3333333333333333,79,1.0,1.0,0.04160000000000001,370.2510162629627,,,,,,,,
0.125,1.3333333333333333,80,0.8,0.8,0.0444,369.88255254502184,,,,,,,,
0.125,1.3333333333333333,81,0.16,0.16,0.0424,368.97147254452614,,,,,,,,
0.125,1.3333333333333333,82,0.96,0.96,0.0416,370.8422369675292,,,,,,,,
0.125,1.3333333333333333,83,0.6,0.6,0.046400000000000004,369.92562604233177,,,,,,,,
0.125,1.3333333333333333,84,1.0,1.0,0.037200000000000004,369.42897573699264,,,,,,,,
0.125,1.3333333333333333,85,1.0,1.0,0.038000000000000006,369.2035884755213,,,,,,,,
0.125,1.3333333333333333,86,0.68,0.68,0.05,369.83915216293855,,,,,,,,
0.125,1.3333333333333333,87,1.0,1.0,0.03640000000000001,371.151892600113,,,,,,,,
0.125,1.3333333333333333,88,1.0,1.0,0.0328,371.87627541855204,,,,,,,,
0.125,1.3333333333333333,89,1.0,1.0,0.0392,370.31767268183745,,,,,,,,
0.125,1.3333333333333333,90,0.56,0.56,0.0364,371.32409487214187,,,,,,,,
0.125,1.3333333333333333,91,0.68,0.68,0.038400000000000004,369.76355790473855,,,,,,,,
0.125,1.3333333333333333,92,0.76,0.76,0.047200000000000006,370.75099457914007,,,,,,,,
0.125,1.3333333333333333,93,0.72,0.72,0.042,370.15639384192315,,,,,,,,
0.125,1.3333333333333333,94,1.0,1.0,0.0484,369.3640068193338,,,,,,,,
0.125,1.3333333333333333,95,1.0,1.0,0.0456,370.32888588002993,,,,,,,,
0.125,1.3333333333333333,96,1.0,1.0,0.0388,370.6450752887041,,,,,,,,
0.125,1.3333333333333333,97,1.0,1.0,0.0432,370.3106581790577,,,,,,,,
0.125,1.3333333333333333,98,1.0,1.0,0.043600000000000014,369.20954424473615,,,,,,,,
0.125,1.3333333333333333,99,1.0,1.0,0.04,368.7301402841014,,,,,,,,
0.125,1.3333333333333333,100,1.0,1.0,0.045200000000000004,369.52968174741795,,,,,,,,
0.125,1.3333333333333333,101,0.56,0.56,0.05000000000000001,370.1818217710212,,,,,,,,
0.125,1.3333333333333333,102,1.0,1.0,0.04,370.25419749571086,,,,,,,,
0.125,1.3333333333333333,103,1.0,1.0,0.042,369.8021486897693,,,,,,,,
0.125,1.3333333333333333,104,1.0,1.0,0.0388,371.1161675395009,,,,,,,,
0.125,1.3333333333333333,105,1.0,1.0,0.039599999999999996,370.2408379594789,,,,,,,,
0.125,1.3333333333333333,106,0.84,0.84,0.0476,370.62962015881743,,,,,,,,
0.125,1.3333333333333333,107,0.76,0.76,0.0444,369.73073355463566,,,,,,,,
0.125,1.3333333333333333,108,1.0,1.0,0.044000000000000004,370.450732905859,,,,,,,,
0.125,1.3333333333333333,109,1.0,1.0,0.042800000000000005,369.85171158860953,,,,,,,,
0.125,1.3333333333333333,110,0.28,0.28,0.048799999999999996,369.86784764806475,,,,,,,,
0.125,1.3333333333333333,111,1.0,1.0,0.024000000000000004,371.67933540161596,,,,,,,,
0.125,1.3333333333333333,112,0.8,0.8,0.046400000000000004,369.7819820268081,,,,,,,,
0.125,1.3333333333333333,113,0.88,0.88,0.047200000000000006,369.7508576642888,,,,,,,,
0.125,1.3333333333333333,114,1.0,1.0,0.0408,370.1753591815484,,,,,,,,
0.125,1.3333333333333333,115,0.4,0.4,0.042800000000000005,371.29817992302395,,,,,,,,
0.125,1.3333333333333333,116,0.48,0.48,0.055600000000000004,370.4255209561938,,,,,,,,
0.125,1.3333333333333333,117,1.0,1.0,0.045200000000000004,369.13846768475594,,,,,,,,
0.125,1.3333333333333333,118,0.32,0.32,0.04,368.3760387209701,,,,,,,,
0.125,1.3333333333333333,119,1.0,1.0,0.042800000000000005,370.9396299982512,,,,,,,,
0.125,3.0,0,0.12,0.12,0.0416,368.6705118946643,,,,,,,,
0.125,3.0,1,0.66,0.64,0.04680000000000001,370.6756092398919,,,,,,,,
0.125,3.0,2,0.5,0.52,0.0508,369.9506500202611,,,,,,,,
0.125,3.0,3,0.12,0.12,0.0528,368.86414834395254,,,,,,,,
0.125,3.0,4,0.88,0.88,0.047599999999999996,369.40767619085824,,,,,,,,
0.125,3.0,5,0.32,0.32,0.048400000000000006,369.9695409303367,,,,,,,,
0.125,3.0,6,0.46,0.48,0.0476,369.54065588281117,,,,,,,,
0.125,3.0,7,0.24,0.24,0.0368,369.86712441848715,,,,,,,,
0.125,3.0,8,0.2,0.2,0.038400000000000004,370.60732805718726,,,,,,,,
0.125,3.0,9,0.16,0.16,0.0412,369.32924012428487,,,,,,,,
0.125,3.0,10,0.52,0.52,0.0512,369.54664163618924,,,,,,,,
0.125,3.0,11,0.12,0.12,0.0376,369.149893588132,,,,,,,,
0.125,3.0,12,0.04,0.04,0.0424,370.33769998369246,,,,,,,,
0.125,3.0,13,0.56,0.56,0.04920000000000001,370.07155564068756,,,,,,,,
0.125,3.0,14,0.2,0.2,0.0456,369.4569552741184,,,,,,,,
0.125,3.0,15,0.16,0.16,0.04680000000000001,370.5673248211774,,,,,,,,
0.125,3.0,16,0.6,0.6,0.049600000000000005,370.927259404933,,,,,,,,
0.125,3.0,17,0.12,0.12,0.0308,369.78547091262226,,,,,,,,
0.125,3.0,18,0.28,0.28,0.0508,368.6656097237772,,,,,,,,
0.125,3.0,19,0.82,0.8,0.04800000000000001,370.11803959520415,,,,,,,,
0.125,3.0,20,0.22,0.24,0.0496,369.05539635656226,,,,,,,,
0.125,3.0,21,0.0,0.0,0.044800000000000006,369.7855920738985,,,,,,,,
0.125,3.0,22,0.2,0.2,0.045599999999999995,368.64682781911307,,,,,,,,
0.125,3.0,23,0.56,0.56,0.036800000000000006,369.4657244655469,,,,,,,,
0.125,3.0,24,0.68,0.68,0.0456,368.62761753979925,,,,,,,,
0.125,3.0,25,0.24,0.24,0.0496,370.4449079920424,,,,,,,,
0.125,3.0,26,0.32,0.32,0.0504,369.9103011854573,,,,,,,,
0.125,3.0,27,0.08,0.08,0.038000000000000006,369.2949389052487,,,,,,,,
0.125,3.0,28,0.16,0.16,0.039599999999999996,370.0947711292047,,,,,,,,
0.125,3.0,29,0.36,0.36,0.048400000000000006,370.2682017148569,,,,,,,,
0.125,3.0,30,0.2,0.2,0.04479999999999999,369.57118627844886,,,,,,,,
0.125,3.0,31,0.24,0.24,0.052000000000000005,370.7200362371417,,,,,,,,
0.125,3.0,32,0.36,0.36,0.045200000000000004,369.104368453216,,,,,,,,
0.125,3.0,33,0.16,0.16,0.044800000000000006,369.13816482480075,,,,,,,,
0.125,3.0,34,0.08,0.08,0.046000000000000006,370.054872428967,,,,,,,,
0.125,3.0,35,0.6,0.6,0.04680000000000001,369.0264668322233,,,,,,,,
0.125,3.0,36,0.64,0.64,0.038000000000000006,369.65939803266576,,,,,,,,
0.125,3.0,37,0.24,0.24,0.0432,369.63327562063904,,,,,,,,
0.125,3.0,38,0.04,0.04,0.0392,369.78626186078066,,,,,,,,
0.125,3.0,39,0.48,0.48,0.04200000000000001,370.5365187737596,,,,,,,,
0.125,3.0,40,0.12,0.12,0.0412,370.05707880073203,,,,,,,,
0.125,3.0,41,0.2,0.2,0.0508,369.37481009867207,,,,,,,,
0.125,3.0,42,0.72,0.72,0.0416,370.0373505945569,,,,,,,,
0.125,3.0,43,0.04,0.04,0.0456,370.05481221801836,,,,,,,,
0.125,3.0,44,0.4,0.4,0.045599999999999995,369.27439217614585,,,,,,,,
0.125,3.0,45,1.0,1.0,0.0412,369.4409414353055,,,,,,,,
0.125,3.0,46,0.08,0.08,0.0492,370.94882907925336,,,,,,,,
0.125,3.0,47,0.12,0.12,0.054400000000000004,369.54269525267,,,,,,,,
0.125,3.0,48,0.28,0.28,0.046400000000000004,369.17230060608847,,,,,,,,
0.125,3.0,49,0.16,0.16,0.0432,369.3154794740925,,,,,,,,
0.125,3.0,50,0.04,0.04,0.0444,369.8413599563516,,,,,,,,
0.125,3.0,51,0.56,0.56,0.0492,369.08164821206987,,,,,,,,
0.125,3.0,52,0.12,0.12,0.045599999999999995,371.09246232777105,,,,,,,,
0.125,3.0,53,0.8,0.8,0.0424,369.39710219652994,,,,,,,,
0.125,3.0,54,0.24,0.24,0.046000000000000006,369.96630604387536,,,,,,,,
0.125,3.0,55,0.12,0.12,0.0408,369.63054329701794,,,,,,,,
0.125,3.0,56,0.08,0.08,0.047599999999999996,369.72808919456446,,,,,,,,
0.125,3.0,57,0.08,0.08,0.0444,368.7155051168661,,,,,,,,
0.125,3.0,58,0.08,0.08,0.0496,369.81498097911657,,,,,,,,
0.125,3.0,59,0.08,0.08,0.0424,368.9567920535386,,,,,,,,
0.125,3.0,60,0.2,0.2,0.05080000000000001,369.3206593917193,,,,,,,,
0.125,3.0,61,0.6,0.6,0.04,370.28417995226954,,,,,,,,
0.125,3.0,62,1.0,1.0,0.04,369.9354324126692,,,,,,,,
0.125,3.0,63,0.2,0.2,0.047200000000000006,369.31633943863415,,,,,,,,
0.125,3.0,64,0.04,0.04,0.0484,369.8476004520206,,,,,,,,
0.125,3.0,65,0.0,0.0,0.0424,370.03804948208426,,,,,,,,
0.125,3.0,66,0.0,0.0,0.048799999999999996,370.96119755752693,,,,,,,,
0.125,3.0,67,0.16,0.16,0.047599999999999996,369.0985758462107,,,,,,,,
0.125,3.0,68,0.04,0.04,0.0416,369.17471069623724,,,,,,,,
0.125,3.0,69,0.08,0.08,0.039200000000000006,369.64472010018414,,,,,,,,
0.125,3.0,70,0.08,0.08,0.039599999999999996,369.2040521209458,,,,,,,,
0.125,3.0,71,0.08,0.08,0.0476,369.54800565150384,,,,,,,,
0.125,3.0,72,0.24,0.24,0.04800000000000001,368.5637284756574,,,,,,,,
0.125,3.0,73,0.0,0.0,0.045200000000000004,369.2640592366357,,,,,,,,
0.125,3.0,74,0.12,0.12,0.04880000000000001,370.7274472672284,,,,,,,,
0.125,3.0,75,0.08,0.08,0.042800000000000005,368.4532322451238,,,,,,,,
0.125,3.0,76,0.12,0.12,0.0352,370.1084524962614,,,,,,,,
0.125,3.0,77,0.0,0.0,0.0484,369.8441799447877,,,,,,,,
0.125,3.0,78,0.16,0.16,0.044000000000000004,370.26268170421696,,,,,,,,
0.125,3.0,79,0.12,0.12,0.046400000000000004,368.9984368363444,,,,,,,,
0.125,3.0,80,0.2,0.2,0.044000000000000004,369.3137466402851,,,,,,,,
0.125,3.0,81,0.36,0.36,0.0444,369.3665327359942,,,,,,,,
0.125,3.0,82,0.04,0.04,0.0416,368.8443506908962,,,,,,,,
0.125,3.0,83,0.64,0.64,0.0396,369.89228571344375,,,,,,,,
0.125,3.0,84,0.2,0.2,0.042,369.4248705883585,,,,,,,,
0.125,3.0,85,0.08,0.08,0.0416,370.1019705808459,,,,,,,,
0.125,3.0,86,0.0,0.0,0.0588,369.6394268694123,,,,,,,,
0.125,3.0,87,0.28,0.28,0.047599999999999996,369.6466627611208,,,,,,,,
0.125,3.0,88,0.12,0.12,0.042,369.237309332621,,,,,,,,
0.125,3.0,89,0.76,0.76,0.0516,370.46774929837966,,,,,,,,
0.125,3.0,90,0.04,0.04,0.0408,370.4551258724766,,,,,,,,
0.125,3.0,91,0.04,0.04,0.044000000000000004,368.38156604203084,,,,,,,,
0.125,3.0,92,0.56,0.56,0.04920000000000001,369.30736898540886,,,,,,,,
0.125,3.0,93,0.64,0.64,0.0432,368.6671258397806,,,,,,,,
0.125,3.0,94,0.16,0.16,0.0408,368.32344596111443,,,,,,,,
0.125,3.0,95,1.0,1.0,0.04680000000000001,370.48106298135747,,,,,,,,
0.125,3.0,96,0.04,0.04,0.046000000000000006,371.20839595057566,,,,,,,,
0.125,3.0,97,0.68,0.68,0.039599999999999996,370.6933151628453,,,,,,,,
0.125,3.0,98,0.2,0.2,0.04920000000000001,370.33213982136266,,,,,,,,
0.125,3.0,99,0.0,0.0,0.0456,369.7869363019403,,,,,,,,
0.125,3.0,100,0.04,0.04,0.04680000000000001,368.84744206714095,,,,,,,,
0.125,3.0,101,0.08,0.08,0.044000000000000004,370.6091956729969,,,,,,,,
0.125,3.0,102,0.08,0.08,0.046000000000000006,368.6298593676185,,,,,,,,
0.125,3.0,103,0.08,0.08,0.0424,370.19245873686515,,,,,,,,
0.125,3.0,104,0.0,0.0,0.046000000000000006,369.9759693343071,,,,,,,,
0.125,3.0,105,0.0,0.0,0.0416,369.6648381977841,,,,,,,,
0.125,3.0,106,0.24,0.24,0.042800000000000005,370.25465377746497,,,,,,,,
0.125,3.0,107,0.08,0.08,0.04,368.9287410456749,,,,,,,,
0.125,3.0,108,0.28,0.28,0.044000000000000004,369.3990783469271,,,,,,,,
0.125,3.0,109,0.04,0.04,0.044800000000000006,369.5457441067693,,,,,,,,
0.125,3.0,110,0.12,0.12,0.044000000000000004,370.6370602541395,,,,,,,,
0.125,3.0,111,0.08,0.08,0.044000000000000004,371.6625576271359,,,,,,,,
0.125,3.0,112,0.08,0.08,0.044800000000000006,369.64039165476805,,,,,,,,
0.125,3.0,113,0.12,0.12,0.05,369.50705016834576,,,,,,,,
0.125,3.0,114,0.76,0.76,0.0408,369.35300036967715,,,,,,,,
0.125,3.0,115,0.04,0.04,0.0504,370.29038989898226,,,,,,,,
0.125,3.0,116,0.12,0.12,0.04800000000000001,368.29649319010855,,,,,,,,
0.125,3.0,117,0.6,0.6,0.0436,369.68600919491274,,,,,,,,
0.125,3.0,118,0.08,0.08,0.0436,370.37637767385235,,,,,,,,
0.125,3.0,119,0.32,0.32,0.0404,369.01323622517316,,,,,,,,
0.15,1.3333333333333333,0,0.68,0.68,0.0412,444.1452746744903,,,,,,,,
0.15,1.3333333333333333,1,1.0,1.0,0.038000000000000006,443.2981986454259,,,,,,,,
0.15,1.3333333333333333,2,0.48,0.48,0.0432,442.7435591986771,,,,,,,,
0.15,1.3333333333333333,3,1.0,1.0,0.0432,444.26487345184506,,,,,,,,
0.15,1.3333333333333333,4,0.96,0.96,0.03760000000000001,443.3409686116403,,,,,,,,
0.15,1.3333333333333333,5,1.0,1.0,0.038000000000000006,443.4969854901249,,,,,,,,
0.15,1.3333333333333333,6,0.96,0.96,0.0408,442.0378402715973,,,,,,,,
0.15,1.3333333333333333,7,1.0,1.0,0.0328,445.70798776063106,,,,,,,,
0.15,1.3333333333333333,8,0.2,0.2,0.037200000000000004,443.49240311474534,,,,,,,,
0.15,1.3333333333333333,9,1.0,1.0,0.029200000000000004,444.89630296622784,,,,,,,,
0.15,1.3333333333333333,10,0.96,0.96,0.036000000000000004,445.4447504920616,,,,,,,,
0.15,1.3333333333333333,11,1.0,1.0,0.038400000000000004,443.73623279521365,,,,,,,,
0.15,1.3333333333333333,12,0.16,0.16,0.0392,444.5313058189482,,,,,,,,
0.15,1.3333333333333333,13,0.24,0.24,0.038000000000000006,443.354990430357,,,,,,,,
0.15,1.3333333333333333,14,0.64,0.64,0.0352,443.93586220623746,,,,,,,,
0.15,1.3333333333333333,15,0.8,0.8,0.0352,444.39737561174877,,,,,,,,
0.15,1.3333333333333333,16,0.44,0.44,0.042,445.0563638883702,,,,,,,,
0.15,1.3333333333333333,17,0.24,0.24,0.04160000000000001,443.936098534328,,,,,,,,
0.15,1.3333333333333333,18,1.0,1.0,0.023600000000000003,445.3499773147161,,,,,,,,
0.15,1.3333333333333333,19,0.04,0.04,0.0332,443.3834346998803,,,,,,,,
0.15,1.3333333333333333,20,0.2,0.2,0.03840000000000001,443.36876483802763,,,,,,,,
0.15,1.3333333333333333,21,0.32,0.32,0.037200000000000004,443.4988787862805,,,,,,,,
0.15,1.3333333333333333,22,0.88,0.88,0.044800000000000006,444.47247209524573,,,,,,,,
0.15,1.3333333333333333,23,1.0,1.0,0.034,443.488483312955,,,,,,,,
0.15,1.3333333333333333,24,0.12,0.12,0.0456,442.9188161364377,,,,,,,,
0.15,1.3333333333333333,25,0.44,0.44,0.0416,443.2242853589916,,,,,,,,
0.15,1.3333333333333333,26,1.0,1.0,0.042800000000000005,444.82698415675736,,,,,,,,
0.15,1.3333333333333333,27,1.0,1.0,0.034800000000000005,443.3138058482497,,,,,,,,
0.15,1.3333333333333333,28,0.56,0.56,0.036800000000000006,442.24622762314067,,,,,,,,
0.15,1.3333333333333333,29,1.0,1.0,0.03640000000000001,444.63244913042837,,,,,,,,
0.15,1.3333333333333333,30,1.0,1.0,0.0292,444.13527079765646,,,,,,,,
0.15,1.3333333333333333,31,1.0,1.0,0.04,444.3998812455379,,,,,,,,
0.15,1.3333333333333333,32,1.0,1.0,0.0208,447.54974595813235,,,,,,,,
0.15,1.3333333333333333,33,0.36,0.36,0.0444,443.73460944639606,,,,,,,,
0.15,1.3333333333333333,34,0.24,0.24,0.0432,441.88939219173795,,,,,,,,
0.15,1.3333333333333333,35,0.88,0.88,0.0432,443.7163942991462,,,,,,,,
0.15,1.3333333333333333,36,1.0,1.0,0.04,441.9554219117442,,,,,,,,
0.15,1.3333333333333333,37,0.36,0.36,0.0396,444.1959065264724,,,,,,,,
0.15,1.3333333333333333,38,0.6,0.6,0.033600000000000005,443.359563333239,,,,,,,,
0.15,1.3333333333333333,39,1.0,1.0,0.03560000000000001,443.37759209936195,,,,,,,,
0.15,1.3333333333333333,40,0.8,0.8,0.037599999999999995,443.488433098572,,,,,,,,
0.15,1.3333333333333333,41,0.96,0.96,0.042800000000000005,445.12989345558213,,,,,,,,
0.15,1.3333333333333333,42,1.0,1.0,0.036000000000000004,443.5728119795529,,,,,,,,
0.15,1.3333333333333333,43,1.0,1.0,0.0248,446.0041288317832,,,,,,,,
0.15,1.3333333333333333,44,0.44,0.44,0.0432,443.7310524839896,,,,,,,,
0.15,1.3333333333333333,45,1.0,1.0,0.034800000000000005,444.05102920944717,,,,,,,,
0.15,1.3333333333333333,46,0.84,0.84,0.037200000000000004,443.340461056876,,,,,,,,
0.15,1.3333333333333333,47,0.2,0.2,0.0404,443.21399219798,,,,,,,,
0.15,1.3333333333333333,48,0.56,0.56,0.044800000000000006,444.84735804401214,,,,,,,,
0.15,1.3333333333333333,49,1.0,1.0,0.023600000000000003,445.4919828163069,,,,,,,,
0.15,1.3333333333333333,50,0.64,0.64,0.0332,444.95845995785544,,,,,,,,
0.15,1.3333333333333333,51,0.92,0.92,0.0436,444.3201896107761,,,,,,,,
0.15,1.3333333333333333,52,1.0,1.0,0.0408,443.50676352025005,,,,,,,,
0.15,1.3333333333333333,53,0.88,0.88,0.037200000000000004,444.29638273176766,,,,,,,,
0.15,1.3333333333333333,54,1.0,1.0,0.0388,443.50719732175173,,,,,,,,
0.15,1.3333333333333333,55,0.8,0.8,0.032400000000000005,443.48819752000037,,,,,,,,
0.15,1.3333333333333333,56,1.0,1.0,0.042800000000000005,442.3915452119319,,,,,,,,
0.15,1.3333333333333333,57,1.0,1.0,0.0392,443.9005192569272,,,,,,,,
0.15,1.3333333333333333,58,0.36,0.36,0.036000000000000004,444.6708208263854,,,,,,,,
0.15,1.3333333333333333,59,0.24,0.24,0.0416,443.12211306725766,,,,,,,,
0.15,1.3333333333333333,60,1.0,1.0,0.0412,443.8958203462763,,,,,,,,
0.15,1.3333333333333333,61,1.0,1.0,0.0332,445.12585893026096,,,,,,,,
0.15,1.3333333333333333,62,0.56,0.56,0.039599999999999996,444.5509044275183,,,,,,,,
0.15,1.3333333333333333,63,0.56,0.56,0.038,444.09018685140654,,,,,,,,
0.15,1.3333333333333333,64,0.72,0.72,0.042,441.8322333993596,,,,,,,,
0.15,1.3333333333333333,65,1.0,1.0,0.034,444.43815361848465,,,,,,,,
0.15,1.3333333333333333,66,0.12,0.12,0.0344,443.62945599309415,,,,,,,,
0.15,1.3333333333333333,67,0.92,0.92,0.0388,444.0053240285837,,,,,,,,
0.15,1.3333333333333333,68,0.8,0.8,0.03440000000000001,443.91009586228074,,,,,,,,
0.15,1.3333333333333333,69,1.0,1.0,0.038000000000000006,444.5912585664568,,,,,,,,
0.15,1.3333333333333333,70,0.92,0.92,0.0404,444.2151041095529,,,,,,,,
0.15,1.3333333333333333,71,1.0,1.0,0.04800000000000001,441.83674247447453,,,,,,,,
0.15,1.3333333333333333,72,1.0,1.0,0.0308,444.11091049527056,,,,,,,,
0.15,1.3333333333333333,73,1.0,1.0,0.0416,443.8491640437855,,,,,,,,
0.15,1.3333333333333333,74,0.84,0.84,0.0416,443.3974761402899,,,,,,,,
0.15,1.3333333333333333,75,1.0,1.0,0.039200000000000006,443.54857652644904,,,,,,,,
0.15,1.3333333333333333,76,1.0,1.0,0.042800000000000005,442.9478806617835,,,,,,,,
0.15,1.3333333333333333,77,0.96,0.96,0.03440000000000001,442.96391199784176,,,,,,,,
0.15,1.3333333333333333,78,0.72,0.72,0.03560000000000001,443.98874880253175,,,,,,,,
0.15,1.3333333333333333,79,1.0,1.0,0.0296,442.0105973254511,,,,,,,,
0.15,1.3333333333333333,80,1.0,1.0,0.042800000000000005,443.5689076570881,,,,,,,,
0.15,1.3333333333333333,81,0.68,0.68,0.046000000000000006,444.6783818585136,,,,,,,,
0.15,1.3333333333333333,82,0.68,0.68,0.0416,443.7722766642083,,,,,,,,
0.15,1.3333333333333333,83,0.68,0.68,0.036800000000000006,443.6329857735836,,,,,,,,
0.15,1.3333333333333333,84,1.0,1.0,0.037200000000000004,443.9556006343584,,,,,,,,
0.15,1.3333333333333333,85,0.56,0.56,0.034,443.8728551165308,,,,,,,,
0.15,1.3333333333333333,86,1.0,1.0,0.0424,443.9297291871938,,,,,,,,
0.15,1.3333333333333333,87,1.0,1.0,0.042,444.51579443560126,,,,,,,,
0.15,1.3333333333333333,88,1.0,1.0,0.038400000000000004,443.37483209882856,,,,,,,,
0.15,1.3333333333333333,89,1.0,1.0,0.038000000000000006,443.5193808968176,,,,,,,,
0.15,1.3333333333333333,90,1.0,1.0,0.0444,444.5772852211571,,,,,,,,
0.15,1.3333333333333333,91,0.7,0.72,0.038000000000000006,443.3888795407178,,,,,,,,
0.15,1.3333333333333333,92,1.0,1.0,0.0296,444.7889730702144,,,,,,,,
0.15,1.3333333333333333,93,0.96,0.96,0.044000000000000004,442.75454901197895,,,,,,,,
0.15,1.3333333333333333,94,1.0,1.0,0.039599999999999996,444.6548099910238,,,,,,,,
0.15,1.3333333333333333,95,0.72,0.72,0.0328,443.7595559263606,,,,,,,,
0.15,1.3333333333333333,96,1.0,1.0,0.038000000000000006,443.23620652236474,,,,,,,,
0.15,1.3333333333333333,97,1.0,1.0,0.0408,442.9475148137413,,,,,,,,
0.15,1.3333333333333333,98,1.0,1.0,0.037200000000000004,444.0265682129946,,,,,,,,
0.15,1.3333333333333333,99,0.88,0.88,0.039599999999999996,443.5553346867139,,,,,,,,
0.15,1.3333333333333333,100,1.0,1.0,0.039200000000000006,444.1448151313772,,,,,,,,
0.15,1.3333333333333333,101,0.36,0.36,0.038,444.0929027205597,,,,,,,,
0.15,1.3333333333333333,102,0.6,0.6,0.03560000000000001,442.28397018598895,,,,,,,,
0.15,1.3333333333333333,103,1.0,1.0,0.037200000000000004,443.3237083634301,,,,,,,,
0.15,1.3333333333333333,104,1.0,1.0,0.0412,444.63142086693495,,,,,,,,
0.15,1.3333333333333333,105,0.4,0.4,0.0416,443.19946714954034,,,,,,,,
0.15,1.3333333333333333,106,1.0,1.0,0.0408,443.9341042610514,,,,,,,,
0.15,1.3333333333333333,107,1.0,1.0,0.038000000000000006,443.81275937057546,,,,,,,,
0.15,1.3333333333333333,108,0.72,0.72,0.0416,443.7414469361012,,,,,,,,
0.15,1.3333333333333333,109,1.0,1.0,0.0108,448.6723716727364,,,,,,,,
0.15,1.3333333333333333,110,0.84,0.84,0.0368,443.3047849169273,,,,,,,,
0.15,1.3333333333333333,111,0.96,0.96,0.04,443.0596671984728,,,,,,,,
0.15,1.3333333333333333,112,1.0,1.0,0.0412,442.99345872106045,,,,,,,,
0.15,1.3333333333333333,113,1.0,1.0,0.026000000000000006,447.1412225077865,,,,,,,,
0.15,1.3333333333333333,114,0.6,0.6,0.036800000000000006,442.9117279610714,,,,,,,,
0.15,1.3333333333333333,115,1.0,1.0,0.04,443.3225544158411,,,,,,,,
0.15,1.3333333333333333,116,1.0,1.0,0.0392,444.3253549338917,,,,,,,,
0.15,1.3333333333333333,117,1.0,1.0,0.034800000000000005,444.88648603680883,,,,,,,,
0.15,1.3333333333333333,118,1.0,1.0,0.033600000000000005,444.01478951446916,,,,,,,,
0.15,1.3333333333333333,119,0.76,0.76,0.038400000000000004,444.1819419260825,,,,,,,,
0.15,3.0,0,0.08,0.08,0.0412,444.19390708820646,,,,,,,,
0.15,3.0,1,0.24,0.24,0.03560000000000001,442.79712962129014,,,,,,,,
0.15,3.0,2,0.04,0.04,0.042,443.68771979603315,,,,,,,,
0.15,3.0,3,0.04,0.04,0.038400000000000004,443.5242973448884,,,,,,,,
0.15,3.0,4,0.08,0.08,0.036000000000000004,443.16249911710185,,,,,,,,
0.15,3.0,5,0.16,0.16,0.044000000000000004,442.5402998068296,,,,,,,,
0.15,3.0,6,0.28,0.28,0.045200000000000004,444.25125019112966,,,,,,,,
0.15,3.0,7,0.16,0.16,0.0376,443.04089043457884,,,,,,,,
0.15,3.0,8,0.12,0.12,0.046000000000000006,444.02443633508665,,,,,,,,
0.15,3.0,9,0.16,0.16,0.0456,443.3712320753426,,,,,,,,
0.15,3.0,10,0.08,0.08,0.0424,443.24389032130455,,,,,,,,
0.15,3.0,11,0.2,0.2,0.0332,442.83014034040207,,,,,,,,
0.15,3.0,12,0.04,0.04,0.038000000000000006,443.79079464014615,,,,,,,,
0.15,3.0,13,0.0,0.0,0.0416,444.35531881771857,,,,,,,,
0.15,3.0,14,0.2,0.2,0.0368,444.32014099837755,,,,,,,,
0.15,3.0,15,0.08,0.08,0.0328,443.4946571444717,,,,,,,,
0.15,3.0,16,0.12,0.12,0.0392,442.86930147250877,,,,,,,,
0.15,3.0,17,0.6,0.6,0.0492,444.6810728313827,,,,,,,,
0.15,3.0,18,0.36,0.36,0.042800000000000005,443.9042206265035,,,,,,,,
0.15,3.0,19,0.0,0.0,0.04680000000000001,442.2947650220922,,,,,,,,
0.15,3.0,20,0.36,0.36,0.0432,444.38467134988065,,,,,,,,
0.15,3.0,21,0.0,0.0,0.0412,442.5637855261698,,,,,,,,
0.15,3.0,22,0.0,0.0,0.037200000000000004,443.66947641771475,,,,,,,,
0.15,3.0,23,0.16,0.16,0.0376,442.02367900953345,,,,,,,,
0.15,3.0,24,0.08,0.08,0.0404,441.73420734944784,,,,,,,,
0.15,3.0,25,0.36,0.36,0.045200000000000004,443.6209469977782,,,,,,,,
0.15,3.0,26,0.12,0.12,0.039599999999999996,443.43980009148305,,,,,,,,
0.15,3.0,27,0.08,0.08,0.0424,443.9372165251814,,,,,,,,
0.15,3.0,28,0.0,0.0,0.04200000000000001,442.4894770858155,,,,,,,,
0.15,3.0,29,0.68,0.68,0.0432,444.39415951221395,,,,,,,,
0.15,3.0,30,0.16,0.16,0.03640000000000001,442.92511860615855,,,,,,,,
0.15,3.0,31,0.08,0.08,0.042,443.47871005296656,,,,,,,,
0.15,3.0,32,0.2,0.2,0.0412,443.1620394056233,,,,,,,,
0.15,3.0,33,0.08,0.08,0.0368,445.15001643867487,,,,,,,,
0.15,3.0,34,0.08,0.08,0.032799999999999996,443.42550475067833,,,,,,,,
0.15,3.0,35,0.24,0.24,0.0392,442.9065940240988,,,,,,,,
0.15,3.0,36,0.48,0.48,0.038400000000000004,442.8123185524811,,,,,,,,
0.15,3.0,37,0.04,0.04,0.03960000000000001,442.0400653503296,,,,,,,,
0.15,3.0,38,0.12,0.12,0.038000000000000006,444.8613244940659,,,,,,,,
0.15,3.0,39,0.92,0.92,0.0368,443.383342646877,,,,,,,,
0.15,3.0,40,0.72,0.72,0.0412,443.4058038228537,,,,,,,,
0.15,3.0,41,0.04,0.04,0.047599999999999996,444.20952529554705,,,,,,,,
0.15,3.0,42,0.32,0.32,0.0432,443.03479853500147,,,,,,,,
0.15,3.0,43,0.32,0.32,0.0436,444.4558891134445,,,,,,,,
0.15,3.0,44,0.04,0.04,0.038000000000000006,442.19881589553165,,,,,,,,
0.15,3.0,45,0.08,0.08,0.044000000000000004,442.8767202203319,,,,,,,,
0.15,3.0,46,0.12,0.12,0.042,442.7994375236545,,,,,,,,
0.15,3.0,47,0.08,0.08,0.042800000000000005,443.24103536169673,,,,,,,,
0.15,3.0,48,0.04,0.04,0.039200000000000006,443.5404387128532,,,,,,,,
0.15,3.0,49,0.18,0.2,0.036800000000000006,443.75862924403657,,,,,,,,
0.15,3.0,50,0.12,0.12,0.0444,442.1519007118677,,,,,,,,
0.15,3.0,51,0.12,0.12,0.036000000000000004,443.185906234345,,,,,,,,
0.15,3.0,52,0.16,0.16,0.044800000000000006,443.62716852526245,,,,,,,,
0.15,3.0,53,0.64,0.64,0.0352,444.49261379431914,,,,,,,,
0.15,3.0,54,0.84,0.84,0.0416,443.6505018683625,,,,,,,,
0.15,3.0,55,0.48,0.48,0.04,442.40852937207086,,,,,,,,
0.15,3.0,56,0.08,0.08,0.0368,443.9641253131647,,,,,,,,
0.15,3.0,57,0.08,0.08,0.042,443.8590594194509,,,,,,,,
0.15,3.0,58,0.24,0.24,0.0472,445.5025441867261,,,,,,,,
0.15,3.0,59,0.08,0.08,0.0376,443.8202006856867,,,,,,,,
0.15,3.0,60,0.0,0.0,0.04,443.14886426690225,,,,,,,,
0.15,3.0,61,0.36,0.36,0.037200000000000004,443.5159064619622,,,,,,,,
0.15,3.0,62,0.08,0.08,0.0416,443.5306828088967,,,,,,,,
0.15,3.0,63,0.2,0.2,0.0436,441.5712904042811,,,,,,,,
0.15,3.0,64,0.04,0.04,0.0376,443.84285734668106,,,,,,,,
0.15,3.0,65,0.08,0.08,0.0404,442.80288973583237,,,,,,,,
0.15,3.0,66,1.0,1.0,0.045200000000000004,442.34814459949894,,,,,,,,
0.15,3.0,67,0.36,0.36,0.0388,443.3610214484902,,,,,,,,
0.15,3.0,68,0.0,0.0,0.04,443.48629409570714,,,,,,,,
0.15,3.0,69,0.12,0.12,0.037200000000000004,444.4374539464496,,,,,,,,
0.15,3.0,70,0.16,0.16,0.042,442.6934566152073,,,,,,,,
0.15,3.0,71,0.08,0.08,0.039200000000000006,443.5779325511402,,,,,,,,
0.15,3.0,72,0.08,0.08,0.036000000000000004,443.5386699350206,,,,,,,,
0.15,3.0,73,0.42,0.44,0.0444,443.08742680660134,,,,,,,,
0.15,3.0,74,0.08,0.08,0.03560000000000001,443.4171773588677,,,,,,,,
0.15,3.0,75,0.92,0.92,0.042800000000000005,443.90497556432194,,,,,,,,
0.15,3.0,76,0.16,0.16,0.036000000000000004,444.4768093993291,,,,,,,,
0.15,3.0,77,0.56,0.56,0.038000000000000006,443.11546766415495,,,,,,,,
0.15,3.0,78,0.12,0.12,0.03440000000000001,443.2465880465219,,,,,,,,
0.15,3.0,79,0.0,0.0,0.0432,443.79146873043544,,,,,,,,
0.15,3.0,80,0.16,0.16,0.038400000000000004,443.5163954831106,,,,,,,,
0.15,3.0,81,0.08,0.08,0.0404,442.82533252520346,,,,,,,,
0.15,3.0,82,0.04,0.04,0.0332,442.5747984314632,,,,,,,,
0.15,3.0,83,0.08,0.08,0.0328,444.2980993850004,,,,,,,,
0.15,3.0,84,0.08,0.08,0.04,443.76569817152756,,,,,,,,
0.15,3.0,85,0.0,0.0,0.0424,444.63156233873895,,,,,,,,
0.15,3.0,86,0.12,0.12,0.0388,444.42743777315894,,,,,,,,
0.15,3.0,87,0.04,0.04,0.0352,444.4807450587217,,,,,,,,
0.15,3.0,88,0.36,0.36,0.04,443.9746657668612,,,,,,,,
0.15,3.0,89,0.32,0.32,0.034,444.0596359923873,,,,,,,,
0.15,3.0,90,0.04,0.04,0.04479999999999999,443.08515218466147,,,,,,,,
0.15,3.0,91,1.0,1.0,0.0408,444.0294709682408,,,,,,,,
0.15,3.0,92,0.08,0.08,0.0392,443.2843392721295,,,,,,,,
0.15,3.0,93,0.08,0.08,0.039599999999999996,442.45343964543974,,,,,,,,
0.15,3.0,94,0.24,0.24,0.038000000000000006,443.4762332039295,,,,,,,,
0.15,3.0,95,0.24,0.24,0.0408,443.3642161552026,,,,,,,,
0.15,3.0,96,0.2,0.2,0.0408,444.47876438327427,,,,,,,,
0.15,3.0,97,0.2,0.2,0.042,442.258589871157,,,,,,,,
0.15,3.0,98,0.2,0.2,0.038,442.92074506487404,,,,,,,,
0.15,3.0,99,0.08,0.08,0.0392,443.6419712481244,,,,,,,,
0.15,3.0,100,0.08,0.08,0.042800000000000005,442.827980352906,,,,,,,,
0.15,3.0,101,0.12,0.12,0.03440000000000001,443.7893390474115,,,,,,,,
0.15,3.0,102,0.12,0.12,0.0424,443.5118426999768,,,,,,,,
0.15,3.0,103,0.12,0.12,0.0408,444.4814026194166,,,,,,,,
0.15,3.0,104,0.16,0.16,0.0412,443.26915067209234,,,,,,,,
0.15,3.0,105,0.0,0.0,0.038000000000000006,443.43324773229944,,,,,,,,
0.15,3.0,106,1.0,1.0,0.0424,442.469542026033,,,,,,,,
0.15,3.0,107,0.08,0.08,0.0376,444.49091278178423,,,,,,,,
0.15,3.0,108,0.12,0.12,0.036399999999999995,442.8531027978456,,,,,,,,
0.15,3.0,109,0.24,0.24,0.037200000000000004,444.3882072487643,,,,,,,,
0.15,3.0,110,0.2,0.2,0.0424,444.2866997836573,,,,,,,,
0.15,3.0,111,0.12,0.12,0.0456,444.0921960920496,,,,,,,,
0.15,3.0,112,0.68,0.68,0.04280000000000001,444.12095370362533,,,,,,,,
0.15,3.0,113,0.76,0.76,0.0376,443.82463088941074,,,,,,,,
0.15,3.0,114,0.04,0.04,0.0456,443.7665468874511,,,,,,,,
0.15,3.0,115,0.16,0.16,0.039200000000000006,444.8043784345614,,,,,,,,
0.15,3.0,116,0.12,0.12,0.0372,442.62092188988487,,,,,,,,
0.15,3.0,117,0.08,0.08,0.0384,443.1241785328031,,,,,,,,
0.15,3.0,118,0.04,0.04,0.0432,444.00495866311945,,,,,,,,
0.15,3.0,119,0.04,0.04,0.0368,443.4691669096629,,,,,,,,
0.175,1.3333333333333333,0,0.76,0.76,0.034800000000000005,517.9074947217454,,,,,,,,
0.175,1.3333333333333333,1,1.0,1.0,0.0424,517.1287431229078,,,,,,,,
0.175,1.3333333333333333,2,0.12,0.12,0.03,518.2930027897922,,,,,,,,
0.175,1.3333333333333333,3,1.0,1.0,0.0284,519.253604789287,,,,,,,,
0.175,1.3333333333333333,4,1.0,1.0,0.032,517.3087388347894,,,,,,,,
0.175,1.3333333333333333,5,1.0,1.0,0.033600000000000005,519.1640304812452,,,,,,,,
0.175,1.3333333333333333,6,0.64,0.64,0.034,516.2091835062117,,,,,,,,
0.175,1.3333333333333333,7,0.92,0.92,0.0368,518.9717770577709,,,,,,,,
0.175,1.3333333333333333,8,1.0,1.0,0.0332,518.051867021225,,,,,,,,
0.175,1.3333333333333333,9,1.0,1.0,0.0416,517.9469429726367,,,,,,,,
0.175,1.3333333333333333,10,0.28,0.28,0.038400000000000004,516.6810922984929,,,,,,,,
0.175,1.3333333333333333,11,1.0,1.0,0.0396,517.916109363685,,,,,,,,
0.175,1.3333333333333333,12,0.36,0.36,0.034,517.2495228618125,,,,,,,,
0.175,1.3333333333333333,13,0.12,0.12,0.04,517.2307648198109,,,,,,,,
0.175,1.3333333333333333,14,0.4,0.4,0.034,519.1999452763364,,,,,,,,
0.175,1.3333333333333333,15,0.92,0.92,0.036000000000000004,516.6242748562055,,,,,,,,
0.175,1.3333333333333333,16,0.36,0.36,0.032,518.7367440513583,,,,,,,,
0.175,1.3333333333333333,17,0.76,0.76,0.038400000000000004,518.023929776898,,,,,,,,
0.175,1.3333333333333333,18,1.0,1.0,0.024800000000000003,519.6882738673128,,,,,,,,
0.175,1.3333333333333333,19,0.6,0.6,0.038400000000000004,516.6581637285678,,,,,,,,
0.175,1.3333333333333333,20,1.0,1.0,0.03640000000000001,516.5576820318637,,,,,,,,
0.175,1.3333333333333333,21,0.08,0.08,0.039599999999999996,517.6622853410527,,,,,,,,
0.175,1.3333333333333333,22,1.0,1.0,0.036000000000000004,516.8778464512916,,,,,,,,
0.175,1.3333333333333333,23,1.0,1.0,0.0372,518.2062593909702,,,,,,,,
0.175,1.3333333333333333,24,0.72,0.72,0.0376,517.176758871853,,,,,,,,
0.175,1.3333333333333333,25,0.92,0.92,0.0352,518.9793167492645,,,,,,,,
0.175,1.3333333333333333,26,0.64,0.64,0.037200000000000004,515.5786877451322,,,,,,,,
0.175,1.3333333333333333,27,0.44,0.44,0.04,517.3776213190673,,,,,,,,
0.175,1.3333333333333333,28,0.52,0.52,0.0404,517.5636977605214,,,,,,,,
0.175,1.3333333333333333,29,0.28,0.28,0.0364,515.9472680165841,,,,,,,,
0.175,1.3333333333333333,30,0.28,0.28,0.034,517.2922363820858,,,,,,,,
0.175,1.3333333333333333,31,1.0,1.0,0.034,518.8136007421424,,,,,,,,
0.175,1.3333333333333333,32,0.16,0.16,0.034800000000000005,516.5353330182932,,,,,,,,
0.175,1.3333333333333333,33,1.0,1.0,0.032,518.4130982642693,,,,,,,,
0.175,1.3333333333333333,34,0.84,0.84,0.032,517.9345895971093,,,,,,,,
0.175,1.3333333333333333,35,0.12,0.12,0.034,519.1012471097343,,,,,,,,
0.175,1.3333333333333333,36,1.0,1.0,0.032400000000000005,518.3107473838196,,,,,,,,
0.175,1.3333333333333333,37,0.84,0.84,0.038,516.1791395774699,,,,,,,,
0.175,1.3333333333333333,38,0.96,0.96,0.0352,515.7878380523051,,,,,,,,
0.175,1.3333333333333333,39,1.0,1.0,0.033600000000000005,518.1699512089159,,,,,,,,
0.175,1.3333333333333333,40,1.0,1.0,0.0384,517.0527481054007,,,,,,,,
0.175,1.3333333333333333,41,0.96,0.96,0.03560000000000001,517.4956529410338,,,,,,,,
0.175,1.3333333333333333,42,1.0,1.0,0.0332,518.9541168810928,,,,,,,,
0.175,1.3333333333333333,43,0.6,0.6,0.029200000000000004,518.8248247551618,,,,,,,,
0.175,1.3333333333333333,44,1.0,1.0,0.0328,516.9791972394106,,,,,,,,
0.175,1.3333333333333333,45,0.96,0.96,0.0412,517.0522102979957,,,,,,,,
0.175,1.3333333333333333,46,1.0,1.0,0.0408,516.6493581922601,,,,,,,,
0.175,1.3333333333333333,47,1.0,1.0,0.0384,517.5413559591451,,,,,,,,
0.175,1.3333333333333333,48,1.0,1.0,0.0308,518.1317145323574,,,,,,,,
0.175,1.3333333333333333,49,0.96,0.96,0.042,517.052846150594,,,,,,,,
0.175,1.3333333333333333,50,1.0,1.0,0.0216,520.2785014145946,,,,,,,,
0.175,1.3333333333333333,51,0.96,0.96,0.03440000000000001,516.4357542617997,,,,,,,,
0.175,1.3333333333333333,52,1.0,1.0,0.0264,517.2004498847773,,,,,,,,
0.175,1.3333333333333333,53,1.0,1.0,0.0436,516.8805612486938,,,,,,,,
0.175,1.3333333333333333,54,0.28,0.28,0.0376,516.50499120445,,,,,,,,
0.175,1.3333333333333333,55,1.0,1.0,0.0332,517.1113508106231,,,,,,,,
0.175,1.3333333333333333,56,0.44,0.44,0.034800000000000005,516.6358943841653,,,,,,,,
0.175,1.3333333333333333,57,0.96,0.96,0.039599999999999996,516.9654769536112,,,,,,,,
0.175,1.3333333333333333,58,1.0,1.0,0.037200000000000004,517.4651328092411,,,,,,,,
0.175,1.3333333333333333,59,0.64,0.64,0.0368,517.3805709033171,,,,,,,,
0.175,1.3333333333333333,60,1.0,1.0,0.0352,517.9273527788795,,,,,,,,
0.175,1.3333333333333333,61,0.8,0.8,0.03440000000000001,517.8232596306547,,,,,,,,
0.175,1.3333333333333333,62,1.0,1.0,0.034,518.0972835896724,,,,,,,,
0.175,1.3333333333333333,63,0.36,0.36,0.038400000000000004,517.1376571690595,,,,,,,,
0.175,1.3333333333333333,64,1.0,1.0,0.0388,517.2312655310573,,,,,,,,
0.175,1.3333333333333333,65,1.0,1.0,0.03,518.618262122974,,,,,,,,
0.175,1.3333333333333333,66,0.92,0.92,0.0352,518.3097973523019,,,,,,,,
0.175,1.3333333333333333,67,1.0,1.0,0.036000000000000004,518.3736085637266,,,,,,,,
0.175,1.3333333333333333,68,0.24,0.24,0.03560000000000001,518.6303971213257,,,,,,,,
0.175,1.3333333333333333,69,1.0,1.0,0.0276,518.4044010023354,,,,,,,,
0.175,1.3333333333333333,70,1.0,1.0,0.0332,516.1275103237965,,,,,,,,
0.175,1.3333333333333333,71,0.72,0.72,0.0332,516.9327091927235,,,,,,,,
0.175,1.3333333333333333,72,1.0,1.0,0.0352,518.4526031827609,,,,,,,,
0.175,1.3333333333333333,73,0.56,0.56,0.0352,516.3705134912268,,,,,,,,
0.175,1.3333333333333333,74,0.92,0.92,0.032400000000000005,517.5494973243244,,,,,,,,
0.175,1.3333333333333333,75,1.0,1.0,0.0332,519.6488079555605,,,,,,,,
0.175,1.3333333333333333,76,1.0,1.0,0.032,517.0427544370847,,,,,,,,
0.175,1.3333333333333333,77,1.0,1.0,0.034,518.2183572006222,,,,,,,,
0.175,1.3333333333333333,78,0.6,0.6,0.034800000000000005,517.6860943221619,,,,,,,,
0.175,1.3333333333333333,79,0.92,0.92,0.04,518.3511414714213,,,,,,,,
0.175,1.3333333333333333,80,1.0,1.0,0.0352,518.1663877841684,,,,,,,,
0.175,1.3333333333333333,81,0.4,0.4,0.0348,516.6837967181549,,,,,,,,
0.175,1.3333333333333333,82,0.56,0.56,0.038400000000000004,517.1772769069091,,,,,,,,
0.175,1.3333333333333333,83,0.64,0.64,0.0388,516.7261730423227,,,,,,,,
0.175,1.3333333333333333,84,0.8,0.8,0.034800000000000005,515.6438193226955,,,,,,,,
0.175,1.3333333333333333,85,1.0,1.0,0.033600000000000005,518.1261149533575,,,,,,,,
0.175,1.3333333333333333,86,1.0,1.0,0.037200000000000004,518.0279212476278,,,,,,,,
0.175,1.3333333333333333,87,1.0,1.0,0.0408,517.5047628933053,,,,,,,,
0.175,1.3333333333333333,88,0.64,0.64,0.04,515.9875005763017,,,,,,,,
0.175,1.3333333333333333,89,0.76,0.76,0.034800000000000005,517.4109866774224,,,,,,,,
0.175,1.3333333333333333,90,0.68,0.68,0.0388,517.4229490135475,,,,,,,,
0.175,1.3333333333333333,91,0.28,0.28,0.0432,516.5031413994153,,,,,,,,
0.175,1.3333333333333333,92,0.28,0.28,0.0344,516.8753139427046,,,,,,,,
0.175,1.3333333333333333,93,0.76,0.76,0.0368,518.3583999091938,,,,,,,,
0.175,1.3333333333333333,94,1.0,1.0,0.0316,519.8892669186654,,,,,,,,
0.175,1.3333333333333333,95,0.2,0.2,0.0328,516.807592466746,,,,,,,,
0.175,1.3333333333333333,96,0.2,0.2,0.0352,516.8059295873054,,,,,,,,
0.175,1.3333333333333333,97,0.64,0.64,0.036000000000000004,517.3918833148159,,,,,,,,
0.175,1.3333333333333333,98,0.96,0.96,0.0356,518.0954753116249,,,,,,,,
0.175,1.3333333333333333,99,1.0,1.0,0.0368,518.7239212487904,,,,,,,,
0.175,1.3333333333333333,100,1.0,1.0,0.034,518.8632272187066,,,,,,,,
0.175,1.3333333333333333,101,0.88,0.88,0.0348,518.1947780100141,,,,,,,,
0.175,1.3333333333333333,102,0.84,0.84,0.047200000000000006,517.9273155638864,,,,,,,,
0.175,1.3333333333333333,103,0.64,0.64,0.0388,518.2752186777554,,,,,,,,
0.175,1.3333333333333333,104,1.0,1.0,0.0308,518.1093748390434,,,,,,,,
0.175,1.3333333333333333,105,0.16,0.16,0.028800000000000003,518.8117528423137,,,,,,,,
0.175,1.3333333333333333,106,1.0,1.0,0.0164,523.7152644362478,,,,,,,,
0.175,1.3333333333333333,107,1.0,1.0,0.028000000000000004,519.3144161329262,,,,,,,,
0.175,1.3333333333333333,108,0.72,0.72,0.036000000000000004,517.6208553026866,,,,,,,,
0.175,1.3333333333333333,109,0.2,0.2,0.036000000000000004,517.5456019447917,,,,,,,,
0.175,1.3333333333333333,110,1.0,1.0,0.033600000000000005,517.3700651704285,,,,,,,,
0.175,1.3333333333333333,111,1.0,1.0,0.038000000000000006,517.3800407691897,,,,,,,,
0.175,1.3333333333333333,112,1.0,1.0,0.0292,518.8308637405552,,,,,,,,
0.175,1.3333333333333333,113,1.0,1.0,0.0212,523.1444675202312,,,,,,,,
0.175,1.3333333333333333,114,0.84,0.84,0.03560000000000001,517.2197863277146,,,,,,,,
0.175,1.3333333333333333,115,1.0,1.0,0.036800000000000006,519.5532303824161,,,,,,,,
0.175,1.3333333333333333,116,0.24,0.24,0.036000000000000004,517.8025012734699,,,,,,,,
0.175,1.3333333333333333,117,0.24,0.24,0.0296,517.9690285091168,,,,,,,,
0.175,1.3333333333333333,118,0.48,0.48,0.031200000000000002,516.201660022683,,,,,,,,
0.175,1.3333333333333333,119,0.36,0.36,0.0304,516.9816922829368,,,,,,,,
0.175,3.0,0,0.0,0.0,0.0332,518.6679235243223,,,,,,,,
0.175,3.0,1,0.04,0.04,0.03760000000000001,517.4887331479524,,,,,,,,
0.175,3.0,2,0.16,0.16,0.034800000000000005,517.2614520816577,,,,,,,,
0.175,3.0,3,0.04,0.04,0.0444,516.6899820810131,,,,,,,,
0.175,3.0,4,0.16,0.16,0.0328,517.1248023829444,,,,,,,,
0.175,3.0,5,0.0,0.0,0.0404,517.8245396672273,,,,,,,,
0.175,3.0,6,0.04,0.04,0.031200000000000002,517.0847839184863,,,,,,,,
0.175,3.0,7,0.12,0.12,0.037200000000000004,517.4479007904135,,,,,,,,
0.175,3.0,8,0.16,0.16,0.0364,517.4747851433365,,,,,,,,
0.175,3.0,9,0.64,0.64,0.0392,518.1605251973717,,,,,,,,
0.175,3.0,10,0.2,0.2,0.038000000000000006,516.6824697182884,,,,,,,,
0.175,3.0,11,0.12,0.12,0.0332,517.3056853951417,,,,,,,,
0.175,3.0,12,0.0,0.0,0.038000000000000006,516.4764002026405,,,,,,,,
0.175,3.0,13,0.08,0.08,0.034,517.271585502808,,,,,,,,
0.175,3.0,14,0.2,0.2,0.027999999999999997,517.6061141414509,,,,,,,,
0.175,3.0,15,0.04,0.04,0.0328,516.6931041814674,,,,,,,,
0.175,3.0,16,0.12,0.12,0.0368,517.3475904824135,,,,,,,,
0.175,3.0,17,0.04,0.04,0.0332,516.7095368314823,,,,,,,,
0.175,3.0,18,0.0,0.0,0.03640000000000001,516.610111855093,,,,,,,,
0.175,3.0,19,0.04,0.04,0.0388,516.6523688839785,,,,,,,,
0.175,3.0,20,0.12,0.12,0.0388,517.8351278970255,,,,,,,,
0.175,3.0,21,0.8,0.8,0.03560000000000001,517.5126933792693,,,,,,,,
0.175,3.0,22,0.12,0.12,0.034800000000000005,517.2302773763183,,,,,,,,
0.175,3.0,23,0.0,0.0,0.0436,516.6887415890556,,,,,,,,
0.175,3.0,24,0.32,0.32,0.0356,517.9217765026208,,,,,,,,
0.175,3.0,25,0.12,0.12,0.0292,518.6321635098813,,,,,,,,
0.175,3.0,26,0.2,0.2,0.03440000000000001,516.2056597608589,,,,,,,,
0.175,3.0,27,0.0,0.0,0.034,516.1394460850142,,,,,,,,
0.175,3.0,28,0.04,0.04,0.033600000000000005,517.6130581858936,,,,,,,,
0.175,3.0,29,1.0,1.0,0.0328,516.8812947009714,,,,,,,,
0.175,3.0,30,0.04,0.04,0.029600000000000005,516.6955812343662,,,,,,,,
0.175,3.0,31,0.08,0.08,0.033600000000000005,516.2228973942142,,,,,,,,
0.175,3.0,32,0.16,0.16,0.031200000000000002,516.6830014161388,,,,,,,,
0.175,3.0,33,0.0,0.0,0.03,518.1957026837524,,,,,,,,
0.175,3.0,34,0.04,0.04,0.03640000000000001,517.8879437178273,,,,,,,,
0.175,3.0,35,0.08,0.08,0.038000000000000006,515.91913042664,,,,,,,,
0.175,3.0,36,0.16,0.16,0.03640000000000001,517.5437060229198,,,,,,,,
0.175,3.0,37,0.08,0.08,0.0352,516.7632298000199,,,,,,,,
0.175,3.0,38,0.24,0.24,0.0332,517.1794478062312,,,,,,,,
0.175,3.0,39,0.08,0.08,0.0388,517.873307847701,,,,,,,,
0.175,3.0,40,0.12,0.12,0.036800000000000006,517.5962234473153,,,,,,,,
0.175,3.0,41,0.04,0.04,0.033600000000000005,517.6509007382103,,,,,,,,
0.175,3.0,42,0.04,0.04,0.038400000000000004,516.7675320164926,,,,,,,,
0.175,3.0,43,0.48,0.48,0.0328,516.5849496078342,,,,,,,,
0.175,3.0,44,0.28,0.28,0.033600000000000005,518.7549730056122,,,,,,,,
0.175,3.0,45,0.16,0.16,0.0332,518.7146155141546,,,,,,,,
0.175,3.0,46,0.16,0.16,0.034,518.325427407793,,,,,,,,
0.175,3.0,47,0.12,0.12,0.039200000000000006,517.3278117978798,,,,,,,,
0.175,3.0,48,0.44,0.44,0.0412,516.4069244039766,,,,,,,,
0.175,3.0,49,0.04,0.04,0.034800000000000005,516.8288543671105,,,,,,,,
0.175,3.0,50,0.08,0.08,0.0308,516.521671306807,,,,,,,,
0.175,3.0,51,0.0,0.0,0.0424,517.407828811359,,,,,,,,
0.175,3.0,52,0.08,0.08,0.034,515.5874487651954,,,,,,,,
0.175,3.0,53,0.04,0.04,0.0388,517.4014570873471,,,,,,,,
0.175,3.0,54,0.36,0.36,0.0328,516.9413840493352,,,,,,,,
0.175,3.0,55,0.04,0.04,0.0356,514.6988569005139,,,,,,,,
0.175,3.0,56,0.04,0.04,0.029200000000000004,518.5129854677348,,,,,,,,
0.175,3.0,57,0.32,0.32,0.038400000000000004,517.6367718667772,,,,,,,,
0.175,3.0,58,0.28,0.28,0.0404,516.4024509675993,,,,,,,,
0.175,3.0,59,0.12,0.12,0.037200000000000004,514.5789079224887,,,,,,,,
0.175,3.0,60,0.08,0.08,0.0292,516.7507142612048,,,,,,,,
0.175,3.0,61,0.16,0.16,0.0352,517.0795695429811,,,,,,,,
0.175,3.0,62,0.0,0.0,0.034800000000000005,517.2619063496171,,,,,,,,
0.175,3.0,63,0.92,0.92,0.0328,517.2175283768701,,,,,,,,
0.175,3.0,64,0.08,0.08,0.04,518.6847026004342,,,,,,,,
0.175,3.0,65,0.12,0.12,0.03560000000000001,517.0591471939246,,,,,,,,
0.175,3.0,66,0.08,0.08,0.0388,517.462375905955,,,,,,,,
0.175,3.0,67,0.02,0.0,0.034,516.8950185764016,,,,,,,,
0.175,3.0,68,0.44,0.44,0.034800000000000005,518.1137373524482,,,,,,,,
0.175,3.0,69,0.16,0.16,0.03439999999999999,517.5603547050439,,,,,,,,
0.175,3.0,70,0.08,0.08,0.0408,516.3861393591798,,,,,,,,
0.175,3.0,71,0.16,0.16,0.0316,515.902749568143,,,,,,,,
0.175,3.0,72,0.2,0.2,0.0368,517.417531024978,,,,,,,,
0.175,3.0,73,0.12,0.12,0.033600000000000005,517.8826485325998,,,,,,,,
0.175,3.0,74,0.04,0.04,0.037200000000000004,516.2277747346876,,,,,,,,
0.175,3.0,75,0.32,0.32,0.0288,515.5628836871908,,,,,,,,
0.175,3.0,76,0.2,0.2,0.033600000000000005,516.0690204434766,,,,,,,,
0.175,3.0,77,0.16,0.16,0.03640000000000001,518.0242045546161,,,,,,,,
0.175,3.0,78,0.08,0.08,0.03560000000000001,517.0567445334292,,,,,,,,
0.175,3.0,79,0.28,0.28,0.034800000000000005,517.6809732484081,,,,,,,,
0.175,3.0,80,0.08,0.08,0.03560000000000001,518.226543490355,,,,,,,,
0.175,3.0,81,0.84,0.84,0.03640000000000001,517.1239960083667,,,,,,,,
0.175,3.0,82,0.08,0.08,0.0388,517.3313031951301,,,,,,,,
0.175,3.0,83,0.0,0.0,0.0424,516.9706969022752,,,,,,,,
0.175,3.0,84,0.08,0.08,0.039599999999999996,516.7124646270257,,,,,,,,
0.175,3.0,85,0.4,0.4,0.0432,517.2968187608662,,,,,,,,
0.175,3.0,86,0.4,0.4,0.0332,517.7567068007795,,,,,,,,
0.175,3.0,87,0.12,0.12,0.0292,517.0108048558841,,,,,,,,
0.175,3.0,88,0.04,0.04,0.038000000000000006,516.9111862520253,,,,,,,,
0.175,3.0,89,0.04,0.04,0.032400000000000005,516.380514707071,,,,,,,,
0.175,3.0,90,0.04,0.04,0.031200000000000002,516.6660365000839,,,,,,,,
0.175,3.0,91,0.04,0.04,0.03640000000000001,517.6777407710806,,,,,,,,
0.175,3.0,92,0.08,0.08,0.04,517.6210759371029,,,,,,,,
0.175,3.0,93,0.08,0.08,0.0368,518.2786699525487,,,,,,,,
0.175,3.0,94,0.64,0.64,0.034800000000000005,518.0322036125665,,,,,,,,
0.175,3.0,95,0.28,0.28,0.034,517.0996800337663,,,,,,,,
0.175,3.0,96,0.12,0.12,0.0332,517.5664690818683,,,,,,,,
0.175,3.0,97,0.08,0.08,0.0332,516.9029248145463,,,,,,,,
0.175,3.0,98,0.08,0.08,0.038000000000000006,516.6752815538026,,,,,,,,
0.175,3.0,99,0.16,0.16,0.04,517.0069213775053,,,,,,,,
0.175,3.0,100,0.0,0.0,0.038000000000000006,517.3678684434349,,,,,,,,
0.175,3.0,101,0.08,0.08,0.036000000000000004,519.089100511746,,,,,,,,
0.175,3.0,102,0.08,0.08,0.03560000000000001,519.1929965433542,,,,,,,,
0.175,3.0,103,0.12,0.12,0.037200000000000004,516.6468697260433,,,,,,,,
0.175,3.0,104,0.16,0.16,0.0308,517.2147358146668,,,,,,,,
0.175,3.0,105,0.0,0.0,0.0384,517.2344655112082,,,,,,,,
0.175,3.0,106,0.12,0.12,0.0368,518.5904942509356,,,,,,,,
0.175,3.0,107,0.0,0.0,0.0352,515.9341514885294,,,,,,,,
0.175,3.0,108,0.36,0.36,0.033600000000000005,517.0585930350129,,,,,,,,
0.175,3.0,109,0.0,0.0,0.032400000000000005,515.8389082643073,,,,,,,,
0.175,3.0,110,0.2,0.2,0.0432,516.0185420803999,,,,,,,,
0.175,3.0,111,0.04,0.04,0.034800000000000005,516.1073474351846,,,,,,,,
0.175,3.0,112,0.04,0.04,0.038000000000000006,516.8363398471488,,,,,,,,
0.175,3.0,113,0.36,0.36,0.034800000000000005,517.7723620194511,,,,,,,,
0.175,3.0,114,0.08,0.08,0.039200000000000006,516.4142888144194,,,,,,,,
0.175,3.0,115,0.24,0.24,0.03,517.1447432503328,,,,,,,,
0.175,3.0,116,0.44,0.44,0.03560000000000001,518.4367221997259,,,,,,,,
0.175,3.0,117,0.08,0.08,0.0404,517.5241954040508,,,,,,,,
0.175,3.0,118,0.48,0.48,0.036000000000000004,516.3312771628621,,,,,,,,
0.175,3.0,119,0.36,0.36,0.0352,516.7484592873668,,,,,,,,
0.2,1.3333333333333333,0,1.0,1.0,0.03440000000000001,590.5611689642908,,,,,,,,
0.2,1.3333333333333333,1,0.44,0.44,0.0276,591.097230386255,,,,,,,,
0.2,1.3333333333333333,2,0.68,0.68,0.0316,592.630912216962,,,,,,,,
0.2,1.3333333333333333,3,1.0,1.0,0.0284,591.2063935421826,,,,,,,,
0.2,1.3333333333333333,4,1.0,1.0,0.0364,591.0811460312952,,,,,,,,
0.2,1.3333333333333333,5,0.88,0.88,0.029600000000000005,590.7763341677396,,,,,,,,
0.2,1.3333333333333333,6,0.52,0.52,0.042,591.8278556659276,,,,,,,,
0.2,1.3333333333333333,7,0.64,0.64,0.028399999999999998,592.2409289366918,,,,,,,,
0.2,1.3333333333333333,8,1.0,1.0,0.034,590.0950394215847,,,,,,,,
0.2,1.3333333333333333,9,0.8,0.8,0.0376,591.0515997812821,,,,,,,,
0.2,1.3333333333333333,10,0.76,0.76,0.0268,592.1006354100414,,,,,,,,
0.2,1.3333333333333333,11,1.0,1.0,0.03440000000000001,592.3841248138921,,,,,,,,
0.2,1.3333333333333333,12,0.52,0.52,0.0308,591.1942293328842,,,,,,,,
0.2,1.3333333333333333,13,0.84,0.84,0.034800000000000005,591.9968960865292,,,,,,,,
0.2,1.3333333333333333,14,0.84,0.84,0.0308,592.9028647144628,,,,,,,,
0.2,1.3333333333333333,15,1.0,1.0,0.03560000000000001,592.7912259336682,,,,,,,,
0.2,1.3333333333333333,16,1.0,1.0,0.0284,592.4111130168808,,,,,,,,
0.2,1.3333333333333333,17,0.44,0.44,0.0328,590.8734915275556,,,,,,,,
0.2,1.3333333333333333,18,0.48,0.48,0.034,589.3506813672633,,,,,,,,
0.2,1.3333333333333333,19,0.4,0.4,0.03440000000000001,591.6424176176083,,,,,,,,
0.2,1.3333333333333333,20,1.0,1.0,0.033600000000000005,591.4560854587735,,,,,,,,
0.2,1.3333333333333333,21,1.0,1.0,0.03559999999999999,591.463606438982,,,,,,,,
0.2,1.3333333333333333,22,1.0,1.0,0.028399999999999998,592.206892600822,,,,,,,,
0.2,1.3333333333333333,23,0.68,0.68,0.03440000000000001,590.0540913867928,,,,,,,,
0.2,1.3333333333333333,24,0.96,0.96,0.032400000000000005,591.1281468582588,,,,,,,,
0.2,1.3333333333333333,25,1.0,1.0,0.0316,592.9318313480776,,,,,,,,
0.2,1.3333333333333333,26,0.48,0.48,0.030000000000000006,590.3144935721309,,,,,,,,
0.2,1.3333333333333333,27,1.0,1.0,0.034800000000000005,590.7443448841773,,,,,,,,
0.2,1.3333333333333333,28,1.0,1.0,0.0348,591.7016754504392,,,,,,,,
0.2,1.3333333333333333,29,1.0,1.0,0.022400000000000003,594.3325768597592,,,,,,,,
0.2,1.3333333333333333,30,1.0,1.0,0.0228,593.3699732703235,,,,,,,,
0.2,1.3333333333333333,31,1.0,1.0,0.0352,591.6504045212589,,,,,,,,
0.2,1.3333333333333333,32,1.0,1.0,0.0332,592.3601591187238,,,,,,,,
0.2,1.3333333333333333,33,0.92,0.92,0.0304,588.924399044179,,,,,,,,
0.2,1.3333333333333333,34,0.44,0.44,0.029200000000000004,592.6019107315782,,,,,,,,
0.2,1.3333333333333333,35,1.0,1.0,0.0296,591.1405075035829,,,,,,,,
0.2,1.3333333333333333,36,0.92,0.92,0.0316,589.9706738748948,,,,,,,,
0.2,1.3333333333333333,37,0.72,0.72,0.03,592.8667270799822,,,,,,,,
0.2,1.3333333333333333,38,0.62,0.6,0.03640000000000001,590.5798298280542,,,,,,,,
0.2,1.3333333333333333,39,0.24,0.24,0.026000000000000002,589.5983075389058,,,,,,,,
0.2,1.3333333333333333,40,1.0,1.0,0.033600000000000005,592.7573858988023,,,,,,,,
0.2,1.3333333333333333,41,0.96,0.96,0.027999999999999997,593.6354959308733,,,,,,,,
0.2,1.3333333333333333,42,0.4,0.4,0.033600000000000005,592.5850314653391,,,,,,,,
0.2,1.3333333333333333,43,1.0,1.0,0.027200000000000005,593.5956087540741,,,,,,,,
0.2,1.3333333333333333,44,1.0,1.0,0.0252,592.2344283029443,,,,,,,,
0.2,1.3333333333333333,45,0.08,0.08,0.0368,590.2988584624918,,,,,,,,
0.2,1.3333333333333333,46,0.48,0.48,0.031200000000000002,590.4540703701438,,,,,,,,
0.2,1.3333333333333333,47,0.8,0.8,0.036000000000000004,591.6387882027226,,,,,,,,
0.2,1.3333333333333333,48,0.16,0.16,0.0304,590.5098819761837,,,,,,,,
0.2,1.3333333333333333,49,1.0,1.0,0.032,592.0879457003506,,,,,,,,
0.2,1.3333333333333333,50,0.4,0.4,0.0332,590.2333210925294,,,,,,,,
0.2,1.3333333333333333,51,1.0,1.0,0.032400000000000005,592.6910751770524,,,,,,,,
0.2,1.3333333333333333,52,1.0,1.0,0.0316,593.4122894922001,,,,,,,,
0.2,1.3333333333333333,53,1.0,1.0,0.0332,589.619574195331,,,,,,,,
0.2,1.3333333333333333,54,0.24,0.24,0.036800000000000006,588.1858912770119,,,,,,,,
0.2,1.3333333333333333,55,1.0,1.0,0.034,592.1805426980769,,,,,,,,
0.2,1.3333333333333333,56,0.84,0.84,0.0352,591.2088567494525,,,,,,,,
0.2,1.3333333333333333,57,1.0,1.0,0.032400000000000005,591.1866913942398,,,,,,,,
0.2,1.3333333333333333,58,1.0,1.0,0.03,591.04089176651,,,,,,,,
0.2,1.3333333333333333,59,1.0,1.0,0.0308,592.1423380505358,,,,,,,,
0.2,1.3333333333333333,60,0.72,0.72,0.0292,591.1776136238522,,,,,,,,
0.2,1.3333333333333333,61,0.24,0.24,0.0288,591.8158009372731,,,,,,,,
0.2,1.3333333333333333,62,1.0,1.0,0.032400000000000005,590.3452799509798,,,,,,,,
0.2,1.3333333333333333,63,0.64,0.64,0.0332,589.5115050011259,,,,,,,,
0.2,1.3333333333333333,64,1.0,1.0,0.0316,592.1524339123551,,,,,,,,
0.2,1.3333333333333333,65,1.0,1.0,0.036000000000000004,591.7310480031233,,,,,,,,
0.2,1.3333333333333333,66,1.0,1.0,0.0296,590.6911743436578,,,,,,,,
0.2,1.3333333333333333,67,1.0,1.0,0.0276,591.0408152616085,,,,,,,,
0.2,1.3333333333333333,68,0.84,0.84,0.0292,591.1355892768879,,,,,,,,
0.2,1.3333333333333333,69,0.4,0.4,0.031200000000000002,592.2793402632539,,,,,,,,
0.2,1.3333333333333333,70,0.52,0.52,0.0328,592.5633513071383,,,,,,,,
0.2,1.3333333333333333,71,0.56,0.56,0.034800000000000005,589.091735306063,,,,,,,,
0.2,1.3333333333333333,72,0.16,0.16,0.0284,590.3492556702765,,,,,,,,
0.2,1.3333333333333333,73,0.8,0.8,0.03440000000000001,591.5875023458265,,,,,,,,
0.2,1.3333333333333333,74,1.0,1.0,0.0292,591.290225976695,,,,,,,,
0.2,1.3333333333333333,75,0.32,0.32,0.0332,592.4181270326765,,,,,,,,
0.2,1.3333333333333333,76,0.84,0.84,0.0308,591.0953563508507,,,,,,,,
0.2,1.3333333333333333,77,0.44,0.44,0.027600000000000003,590.7878979597225,,,,,,,,
0.2,1.3333333333333333,78,0.44,0.44,0.033600000000000005,591.9568927527796,,,,,,,,
0.2,1.3333333333333333,79,0.96,0.96,0.03,590.6891628422894,,,,,,,,
0.2,1.3333333333333333,80,0.68,0.68,0.031200000000000002,589.7467837329093,,,,,,,,
0.2,1.3333333333333333,81,1.0,1.0,0.0332,591.5234393210313,,,,,,,,
0.2,1.3333333333333333,82,0.84,0.84,0.0332,590.2609049804171,,,,,,,,
0.2,1.3333333333333333,83,1.0,1.0,0.032,591.6934585000101,,,,,,,,
0.2,1.3333333333333333,84,0.32,0.32,0.0328,590.4685328516279,,,,,,,,
0.2,1.3333333333333333,85,1.0,1.0,0.03440000000000001,593.3420362952488,,,,,,,,
0.2,1.3333333333333333,86,0.4,0.4,0.038000000000000006,591.8022320097715,,,,,,,,
0.2,1.3333333333333333,87,0.44,0.44,0.032400000000000005,591.6939903749292,,,,,,,,
0.2,1.3333333333333333,88,0.96,0.96,0.0276,589.6480258326811,,,,,,,,
0.2,1.3333333333333333,89,0.28,0.28,0.033600000000000005,591.8786172217999,,,,,,,,
0.2,1.3333333333333333,90,0.24,0.24,0.0316,592.9537359174807,,,,,,,,
0.2,1.3333333333333333,91,1.0,1.0,0.0404,592.7641726408849,,,,,,,,
0.2,1.3333333333333333,92,0.92,0.92,0.034,591.5567840207709,,,,,,,,
0.2,1.3333333333333333,93,1.0,1.0,0.0328,589.8407896613079,,,,,,,,
0.2,1.3333333333333333,94,0.28,0.28,0.034,591.6336782487061,,,,,,,,
0.2,1.3333333333333333,95,1.0,1.0,0.0364,591.2870175700754,,,,,,,,
0.2,1.3333333333333333,96,0.48,0.48,0.028800000000000003,589.2519346366602,,,,,,,,
0.2,1.3333333333333333,97,1.0,1.0,0.0368,591.2296907203518,,,,,,,,
0.2,1.3333333333333333,98,0.96,0.96,0.036000000000000004,590.8571709771551,,,,,,,,
0.2,1.3333333333333333,99,0.36,0.36,0.039599999999999996,591.958022686904,,,,,,,,
0.2,1.3333333333333333,100,0.56,0.56,0.032400000000000005,590.127795945472,,,,,,,,
0.2,1.3333333333333333,101,0.84,0.84,0.032400000000000005,592.7554669847165,,,,,,,,
0.2,1.3333333333333333,102,1.0,1.0,0.028399999999999998,592.4748567876844,,,,,,,,
0.2,1.3333333333333333,103,0.96,0.96,0.03440000000000001,590.9794657935729,,,,,,,,
0.2,1.3333333333333333,104,1.0,1.0,0.0328,592.2792185313216,,,,,,,,
0.2,1.3333333333333333,105,0.72,0.72,0.0304,589.8704785744225,,,,,,,,
0.2,1.3333333333333333,106,1.0,1.0,0.034800000000000005,592.4824436311043,,,,,,,,
0.2,1.3333333333333333,107,1.0,1.0,0.0328,594.3867435985278,,,,,,,,
0.2,1.3333333333333333,108,1.0,1.0,0.0296,591.6817851927856,,,,,,,,
0.2,1.3333333333333333,109,0.52,0.52,0.0316,589.9204955797279,,,,,,,,
0.2,1.3333333333333333,110,0.68,0.68,0.034800000000000005,594.4193328310756,,,,,,,,
0.2,1.3333333333333333,111,0.76,0.76,0.0328,590.2524792597618,,,,,,,,
0.2,1.3333333333333333,112,0.28,0.28,0.032,589.7936533939132,,,,,,,,
0.2,1.3333333333333333,113,1.0,1.0,0.029600000000000005,591.3130395904883,,,,,,,,
0.2,1.3333333333333333,114,0.92,0.92,0.03440000000000001,592.12996143584,,,,,,,,
0.2,1.3333333333333333,115,1.0,1.0,0.03440000000000001,592.9168106460728,,,,,,,,
0.2,1.3333333333333333,116,0.28,0.28,0.0296,589.838255468891,,,,,,,,
0.2,1.3333333333333333,117,0.88,0.88,0.028000000000000008,590.342682998989,,,,,,,,
0.2,1.3333333333333333,118,1.0,1.0,0.026399999999999996,590.8080315186903,,,,,,,,
0.2,1.3333333333333333,119,1.0,1.0,0.0264,592.8896383322502,,,,,,,,
0.2,3.0,0,0.0,0.0,0.038,590.2181990930155,,,,,,,,
0.2,3.0,1,0.12,0.12,0.0344,590.6862802747579,,,,,,,,
0.2,3.0,2,0.12,0.12,0.033600000000000005,592.0599433788873,,,,,,,,
0.2,3.0,3,0.24,0.24,0.0296,590.9582048530489,,,,,,,,
0.2,3.0,4,0.12,0.12,0.0284,591.6702439114913,,,,,,,,
0.2,3.0,5,0.64,0.64,0.036399999999999995,591.1383413044135,,,,,,,,
0.2,3.0,6,0.12,0.12,0.0292,591.2789864200581,,,,,,,,
0.2,3.0,7,0.16,0.16,0.0288,590.9945117141782,,,,,,,,
0.2,3.0,8,0.04,0.04,0.03,591.1100175404458,,,,,,,,
0.2,3.0,9,0.08,0.08,0.031200000000000002,591.5369983349004,,,,,,,,
0.2,3.0,10,0.48,0.48,0.0256,592.1738726308557,,,,,,,,
0.2,3.0,11,0.04,0.04,0.036000000000000004,589.7683653457611,,,,,,,,
0.2,3.0,12,0.08,0.08,0.033600000000000005,590.6025624384681,,,,,,,,
0.2,3.0,13,0.12,0.12,0.033600000000000005,592.0135037306931,,,,,,,,
0.2,3.0,14,0.08,0.08,0.0352,591.0601242580842,,,,,,,,
0.2,3.0,15,0.04,0.04,0.028399999999999998,591.8643965822116,,,,,,,,
0.2,3.0,16,0.36,0.36,0.0292,590.048755451791,,,,,,,,
0.2,3.0,17,0.04,0.04,0.0308,589.7096678119632,,,,,,,,
0.2,3.0,18,0.08,0.08,0.0352,590.5328454917213,,,,,,,,
0.2,3.0,19,0.0,0.0,0.0404,590.1582061573055,,,,,,,,
0.2,3.0,20,0.0,0.0,0.0332,593.2743647254721,,,,,,,,
0.2,3.0,21,0.8,0.8,0.0296,590.4448937401595,,,,,,,,
0.2,3.0,22,0.52,0.52,0.0308,592.2477292080981,,,,,,,,
0.2,3.0,23,0.0,0.0,0.034800000000000005,590.2558171381551,,,,,,,,
0.2,3.0,24,0.28,0.28,0.034,590.778647540629,,,,,,,,
0.2,3.0,25,0.08,0.08,0.0332,590.052750053379,,,,,,,,
0.2,3.0,26,0.04,0.04,0.03640000000000001,590.9993043021469,,,,,,,,
0.2,3.0,27,0.0,0.0,0.0332,589.8403564044897,,,,,,,,
0.2,3.0,28,0.16,0.16,0.034,592.1942237729221,,,,,,,,
0.2,3.0,29,0.4,0.4,0.030400000000000003,590.8525241638694,,,,,,,,
0.2,3.0,30,0.0,0.0,0.0396,592.3289983862793,,,,,,,,
0.2,3.0,31,0.08,0.08,0.0296,591.3401754483793,,,,,,,,
0.2,3.0,32,0.0,0.0,0.0396,592.3437491713611,,,,,,,,
0.2,3.0,33,0.12,0.12,0.033600000000000005,592.3593772442,,,,,,,,
0.2,3.0,34,0.0,0.0,0.038400000000000004,589.2498697479,,,,,,,,
0.2,3.0,35,0.04,0.04,0.027600000000000003,589.963357722273,,,,,,,,
0.2,3.0,36,0.08,0.08,0.036000000000000004,590.9565739077852,,,,,,,,
0.2,3.0,37,0.0,0.0,0.032,591.6365934684866,,,,,,,,
0.2,3.0,38,0.08,0.08,0.0344,590.6259175306989,,,,,,,,
0.2,3.0,39,0.32,0.32,0.037599999999999995,591.5663346473747,,,,,,,,
0.2,3.0,40,0.28,0.28,0.03440000000000001,591.2269119953165,,,,,,,,
0.2,3.0,41,0.28,0.28,0.034800000000000005,589.7519662437655,,,,,,,,
0.2,3.0,42,0.0,0.0,0.0328,591.0020166817794,,,,,,,,
0.2,3.0,43,0.04,0.04,0.036800000000000006,591.6281299778684,,,,,,,,
0.2,3.0,44,0.12,0.12,0.029199999999999993,591.4107014512368,,,,,,,,
0.2,3.0,45,1.0,1.0,0.028399999999999998,592.0937727979426,,,,,,,,
0.2,3.0,46,0.12,0.12,0.034,589.9752397639995,,,,,,,,
0.2,3.0,47,0.16,0.16,0.0352,590.6549145293334,,,,,,,,
0.2,3.0,48,0.2,0.2,0.034800000000000005,588.8454706769621,,,,,,,,
0.2,3.0,49,0.04,0.04,0.032,592.2874259102408,,,,,,,,
0.2,3.0,50,0.12,0.12,0.03760000000000001,591.6913131344895,,,,,,,,
0.2,3.0,51,0.2,0.2,0.037200000000000004,591.5334991445319,,,,,,,,
0.2,3.0,52,0.24,0.24,0.03640000000000001,592.4451367880282,,,,,,,,
0.2,3.0,53,0.12,0.12,0.0352,591.3578261397278,,,,,,,,
0.2,3.0,54,0.16,0.16,0.0332,592.0645580206792,,,,,,,,
0.2,3.0,55,0.08,0.08,0.04,590.8600242366563,,,,,,,,
0.2,3.0,56,0.04,0.04,0.03,591.2657233275233,,,,,,,,
0.2,3.0,57,0.12,0.12,0.0368,590.1539521064356,,,,,,,,
0.2,3.0,58,0.08,0.08,0.037200000000000004,590.5696645735177,,,,,,,,
0.2,3.0,59,0.84,0.84,0.034,590.5191397696597,,,,,,,,
0.2,3.0,60,0.16,0.16,0.0284,591.6662184000736,,,,,,,,
0.2,3.0,61,0.16,0.16,0.04,590.9452595147105,,,,,,,,
0.2,3.0,62,0.24,0.24,0.0328,590.2544871857249,,,,,,,,
0.2,3.0,63,0.04,0.04,0.0352,590.3298213540107,,,,,,,,
0.2,3.0,64,0.12,0.12,0.0352,589.5130357394926,,,,,,,,
0.2,3.0,65,0.28,0.28,0.03,591.9477972304743,,,,,,,,
0.2,3.0,66,0.0,0.0,0.0348,588.8664439144329,,,,,,,,
0.2,3.0,67,0.08,0.08,0.0328,589.560433565816,,,,,,,,
0.2,3.0,68,0.36,0.36,0.0352,589.6823957737339,,,,,,,,
0.2,3.0,69,0.96,0.96,0.0316,590.1206327776472,,,,,,,,
0.2,3.0,70,0.36,0.36,0.037599999999999995,592.4332971910997,,,,,,,,
0.2,3.0,71,0.24,0.24,0.031200000000000002,592.9432038572932,,,,,,,,
0.2,3.0,72,0.04,0.04,0.031200000000000002,591.296760016915,,,,,,,,
0.2,3.0,73,0.36,0.36,0.03,588.9481477698903,,,,,,,,
0.2,3.0,74,0.0,0.0,0.032,590.6887707756949,,,,,,,,
0.2,3.0,75,0.16,0.16,0.036800000000000006,591.243674925585,,,,,,,,
0.2,3.0,76,0.44,0.44,0.03560000000000001,590.5866576542811,,,,,,,,
0.2,3.0,77,0.04,0.04,0.034,591.4849847504747,,,,,,,,
0.2,3.0,78,0.0,0.0,0.0332,588.1905037849007,,,,,,,,
0.2,3.0,79,0.08,0.08,0.03440000000000001,590.1720714367752,,,,,,,,
0.2,3.0,80,0.16,0.16,0.0328,591.5415329909149,,,,,,,,
0.2,3.0,81,0.16,0.16,0.034,589.3607061064633,,,,,,,,
0.2,3.0,82,0.2,0.2,0.027600000000000003,590.677475600933,,,,,,,,
0.2,3.0,83,0.0,0.0,0.032400000000000005,588.9011797214599,,,,,,,,
0.2,3.0,84,0.0,0.0,0.036000000000000004,590.8354076523698,,,,,,,,
0.2,3.0,85,0.24,0.24,0.0328,589.7437985190289,,,,,,,,
0.2,3.0,86,0.08,0.08,0.036000000000000004,589.4564488548449,,,,,,,,
0.2,3.0,87,0.08,0.08,0.03440000000000001,590.0306506048137,,,,,,,,
0.2,3.0,88,0.04,0.04,0.042,590.5675225975207,,,,,,,,
0.2,3.0,89,0.12,0.12,0.0292,589.6949146182862,,,,,,,,
0.2,3.0,90,0.04,0.04,0.0316,591.2313854568337,,,,,,,,
0.2,3.0,91,0.08,0.08,0.0352,590.9028242845962,,,,,,,,
0.2,3.0,92,0.44,0.44,0.0352,589.6966161460435,,,,,,,,
0.2,3.0,93,0.08,0.08,0.034,589.8848483110842,,,,,,,,
0.2,3.0,94,0.08,0.08,0.032400000000000005,592.2681560337483,,,,,,,,
0.2,3.0,95,0.0,0.0,0.0296,591.5923120064655,,,,,,,,
0.2,3.0,96,0.08,0.08,0.03440000000000001,591.1838042290601,,,,,,,,
0.2,3.0,97,0.04,0.04,0.034,591.088708414521,,,,,,,,
0.2,3.0,98,0.08,0.08,0.03,590.7504148700442,,,,,,,,
0.2,3.0,99,0.0,0.0,0.0376,590.7051439839388,,,,,,,,
0.2,3.0,100,0.36,0.36,0.034,592.0390104335552,,,,,,,,
0.2,3.0,101,0.16,0.16,0.0384,591.1008768387439,,,,,,,,
0.2,3.0,102,0.6,0.6,0.0352,591.0928779141256,,,,,,,,
0.2,3.0,103,0.6,0.6,0.03440000000000001,590.367329205921,,,,,,,,
0.2,3.0,104,0.04,0.04,0.0304,591.7640612560094,,,,,,,,
0.2,3.0,105,0.12,0.12,0.0364,589.485691209789,,,,,,,,
0.2,3.0,106,0.16,0.16,0.032400000000000005,592.3940292222456,,,,,,,,
0.2,3.0,107,0.16,0.16,0.0304,592.1509978245351,,,,,,,,
0.2,3.0,108,0.2,0.2,0.0344,592.0828588710463,,,,,,,,
0.2,3.0,109,0.32,0.32,0.03,591.9992958770627,,,,,,,,
0.2,3.0,110,0.4,0.4,0.0368,590.8910536354933,,,,,,,,
0.2,3.0,111,0.04,0.04,0.0332,592.1079166231376,,,,,,,,
0.2,3.0,112,0.12,0.12,0.0332,592.3412568899719,,,,,,,,
0.2,3.0,113,0.88,0.88,0.032,590.6564281825339,,,,,,,,
0.2,3.0,114,0.12,0.12,0.031200000000000002,591.4810706521653,,,,,,,,
0.2,3.0,115,0.12,0.12,0.03560000000000001,591.6538258826835,,,,,,,,
0.2,3.0,116,0.56,0.56,0.032,591.5560006187977,,,,,,,,
0.2,3.0,117,0.0,0.0,0.0292,590.1202342883813,,,,,,,,
0.2,3.0,118,0.36,0.36,0.038000000000000006,594.8727717538407,,,,,,,,
0.2,3.0,119,0.12,0.12,0.034,590.279097575406,,,,,,,,
