hops,mix_scale,rep,deanon_top1,mean_true_posterior,posterior_entropy,bandwidth_overhead,latency,latency_overhead,sigma_d,sigma_Z,sigma_eps,sigma_noise,eta,inv_eta
1,0.0001,0,0.9767103347889374,0.9687083324958448,0.07231669344736714,566.938864628821,0.12566809079726227,1.5001253325781572,0.029824393004045435,0.00010307764064044152,0.0,0.00010307764064044152,289.33911194261583,0.003456152171360533
1,0.0001,1,0.9772146187396601,0.9690803676967884,0.06914396188810529,556.512107083772,0.12771265013725497,1.516256769733421,0.03083763315242684,0.00010307764064044152,0.0,0.00010307764064044152,299.16898525059946,0.003342592478837163
1,0.0001,2,0.9759659263766353,0.9671955048445755,0.07551970078168521,562.849710982659,0.12550200734403916,1.49434098789939,0.028616668958729847,0.00010307764064044152,0.0,0.00010307764064044152,277.6224676945348,0.0036020139447081414
1,0.0001,3,0.9718245853215178,0.9625648475555962,0.08608216482946612,560.5092024539878,0.1240659362229053,1.489741629405072,0.03086340217019357,0.00010307764064044152,0.0,0.00010307764064044152,299.41898144382446,0.0033398016223885095
1,0.0001,4,0.9735998779185107,0.9655684915413607,0.07747704516822132,564.6502365328857,0.1258844496915117,1.4929952335202055,0.03056869320735188,0.00010307764064044152,0.0,0.00010307764064044152,296.55988454355975,0.003372000233744077
1,0.0001,5,0.9761813878922055,0.9636940303116318,0.0827359065668872,564.9514466753187,0.12808455008780584,1.504445882910611,0.031516679334403365,0.00010307764064044152,0.0,0.00010307764064044152,305.7567008575679,0.003270574274235889
1,0.0001,6,0.9809245442658258,0.9739155715242448,0.06043108954956501,569.2024459656949,0.12552234885515645,1.5047814213629072,0.031001888938065863,0.00010307764064044152,0.0,0.00010307764064044152,300.76250043603125,0.0033248825852632805
1,0.0001,7,0.9765182805568303,0.9682585704265478,0.07231828748702945,566.0298301973382,0.1289089942292776,1.520279688343007,0.031028441249973244,0.00010307764064044152,0.0,0.00010307764064044152,301.0200956986159,0.0033220373466401705
1,0.0001,8,0.9762663026994237,0.9674888311764845,0.07511171367721449,561.1455868971792,0.126170510367956,1.5003403150732315,0.031052284272110046,0.00010307764064044152,0.0,0.00010307764064044152,301.251406989684,0.0033194865710095877
1,0.0001,9,0.9788656624654165,0.9696827145902505,0.07070671213215068,568.7221026744544,0.12506213065353222,1.4993665765250426,0.030787315866928993,0.00010307764064044152,0.0,0.00010307764064044152,298.68083587906534,0.003348055448742938
1,0.0001,10,0.9750284629981024,0.9679536466887363,0.07077276486905716,561.6982922201139,0.1257630527834408,1.5018219568714775,0.030099427646158392,0.00010307764064044152,0.0,0.00010307764064044152,292.0073398958762,0.0034245714520620587
1,0.0001,11,0.9764607297935552,0.9656586098180173,0.07814623568734837,563.7485335567914,0.12416030871099792,1.4932002616402318,0.03029975491860256,0.00010307764064044152,0.0,0.00010307764064044152,293.950799905239,0.003401929847860153
1,0.0001,12,0.9775058895052816,0.9685080570904953,0.07382634425107035,562.3800440762976,0.12622861078125425,1.494294311501709,0.031182085205291907,0.00010307764064044152,0.0,0.00010307764064044152,302.5106610080665,0.003305668622281496
1,0.0001,13,0.9768969422423556,0.9686442627255006,0.07288241161174719,558.7349943374859,0.12503950754762627,1.5023404299014032,0.028817294911647185,0.00010307764064044152,0.0,0.00010307764064044152,279.5688253301075,0.0035769367304069985
1,0.0001,14,0.977217680896155,0.9679668601616285,0.0767119215012039,560.1280653950954,0.12559673344367184,1.5020368256685444,0.030629883448222275,0.00010307764064044152,0.0,0.00010307764064044152,297.15351707618476,0.0033652638872977507
1,0.0001,15,0.9750781190458044,0.9652490543716347,0.07781514531559912,564.0058684551483,0.12579953306703828,1.491955508783307,0.029973546666814663,0.00010307764064044152,0.0,0.00010307764064044152,290.78611501566354,0.0034389537476579093
1,0.0001,16,0.9777331065409,0.9698870357724584,0.06781639358744458,572.1458172259162,0.1288930813607294,1.5111336949589793,0.03239195533889449,0.00010307764064044152,0.0,0.00010307764064044152,314.2481253707103,0.0031821987762705862
1,0.0001,17,0.9779939772990502,0.9684164575014869,0.07357176109796597,571.3961084086171,0.12607724376721308,1.5026299626738442,0.0310050344765707,0.00010307764064044152,0.0,0.00010307764064044152,300.7930166419251,0.0033245452675865687
1,0.0001,18,0.9748259239421532,0.9644312537887849,0.08181166070544912,566.2460019894406,0.12518350876052864,1.5040960128410317,0.02989401534602971,0.00010307764064044152,0.0,0.00010307764064044152,290.0145478718018,0.003448102887728379
1,0.0001,19,0.9716716032505506,0.9642677673995087,0.08241720242543628,562.038961038961,0.12536555007682182,1.495158747782538,0.0329627284260444,0.00010307764064044152,0.0,0.00010307764064044152,319.7854376685431,0.0031270967411483504
1,0.0001,20,0.9726247987117552,0.9635281153460439,0.08510571984750681,567.4596273291926,0.12458579507074319,1.4940137391177568,0.030763614864268884,0.00010307764064044152,0.0,0.00010307764064044152,298.45090237929907,0.0033506348683412833
1,0.0001,21,0.9756852676885902,0.9669749737981956,0.07467167332366702,558.8192252510761,0.1287534190050792,1.5072812949781247,0.03314816022400358,0.00010307764064044152,0.0,0.00010307764064044152,321.58439034932877,0.003109603668616272
1,0.0001,22,0.9701903233203394,0.9708967719729088,0.06370366935025844,565.641137353818,0.12434289878001437,1.4819121073239363,0.03009665845955269,0.00010307764064044152,0.0,0.00010307764064044152,291.98047483970595,0.0034248865460917853
1,0.0001,23,0.973676178849382,0.964497837541708,0.08110269526273921,564.6502365328857,0.1276847940753214,1.50633431359913,0.031469971268256305,0.00010307764064044152,0.0,0.00010307764064044152,305.30356605687933,0.0032754284953674466
1,0.0001,24,0.9746964355660008,0.9653003601356693,0.08121460396560039,579.7074030552292,0.12499233748530969,1.5012780757356832,0.030965778794226444,0.00010307764064044152,0.0,0.00010307764064044152,300.41218058378143,0.0033287598327628788
1,0.0001,25,0.9717432586403342,0.9640226647448237,0.0812563034172979,562.1241929358147,0.1256147494132165,1.4967558810855899,0.029952011148379365,0.00010307764064044152,0.0,0.00010307764064044152,290.57718979869605,0.0034414263579765933
1,0.0001,26,0.97333633768965,0.9650433012245975,0.0787814244418518,555.8445245606129,0.12679682319867425,1.5079507547050999,0.030506028275041334,0.00010307764064044152,0.0,0.00010307764064044152,295.9519454025278,0.003378926935722243
1,0.0001,27,0.9740358915616648,0.9664469198869898,0.07695825578961693,565.1237113402062,0.12567500496516004,1.4944607481525112,0.028131509370428347,0.00010307764064044152,0.0,0.00010307764064044152,272.91572833489187,0.0036641347352942264
1,0.0001,28,0.9753638568829593,0.9674187370487725,0.07404786174988945,560.9757428744693,0.12881558685330674,1.50678231617312,0.033257232042888156,0.00010307764064044152,0.0,0.00010307764064044152,322.6425424200096,0.003099405281459195
1,0.0001,29,0.975215354390207,0.9655620336228691,0.0804482298040589,559.1985794166541,0.12428732422995381,1.494556230938241,0.0301796535580775,0.00010307764064044152,0.0,0.00010307764064044152,292.7856455635327,0.003415467988791842
1,0.0001,30,0.9707253687992051,0.9643934777414581,0.07969730384606258,565.641137353818,0.12487771586165763,1.4965598520501993,0.03181256314140964,0.00010307764064044152,0.0,0.00010307764064044152,308.6271954203838,0.003240155160785138
1,0.0001,31,0.9738751814223512,0.9653383628449341,0.0781012509688641,565.2960812772134,0.12688523292308673,1.5103477452208656,0.03449041094532954,0.00010307764064044152,0.0,0.00010307764064044152,334.6061350554192,0.0029885883587710514
1,0.0001,32,0.9815026261703585,0.9755981957327321,0.05569232917433132,563.3201644211007,0.12515989097300917,1.4970101884612568,0.029718659283786236,0.00010307764064044152,0.0,0.00010307764064044152,288.31334418539655,0.0034684485479692597
1,0.0001,33,0.9714437206483866,0.9634731967311321,0.0811366431054087,560.5515830934706,0.12659986320068128,1.5123793585394338,0.03238059691490043,0.00010307764064044152,0.0,0.00010307764064044152,314.13793247219724,0.0031833150238502477
1,0.0001,34,0.97364634608103,0.964682127703052,0.08066863820580512,560.4244604316547,0.12651409418322146,1.4997179555101006,0.030528815695512086,0.00010307764064044152,0.0,0.00010307764064044152,296.17301585320143,0.0033764048258051013
1,0.0001,35,0.9775032410584916,0.96906987123199,0.07248530912467245,564.3493479752917,0.12879675344447605,1.5063591960552252,0.0330769484930004,0.00010307764064044152,0.0,0.00010307764064044152,320.8935350817777,0.0031162983690062695
1,0.0001,36,0.976892369107938,0.9684170375907386,0.0721731230516021,568.1119299861815,0.12676384311635047,1.5030283644677227,0.03160166808832846,0.00010307764064044152,0.0,0.00010307764064044152,306.5812128797392,0.0032617784717038877
1,0.0001,37,0.9752869166029074,0.9664561862766606,0.07565056899150324,566.2027543993879,0.12554526355233975,1.4964038152419188,0.029724215412603127,0.00010307764064044152,0.0,0.00010307764064044152,288.36724655241204,0.003467800216409964
1,0.0001,38,0.9742940454266421,0.9657084473540388,0.07679827811088227,567.8508287292817,0.12956414988730103,1.5077235630777066,0.031209749560232494,0.00010307764064044152,0.0,0.00010307764064044152,302.77904467273623,0.00330273847412679
1,0.0001,39,0.9723656240510173,0.9625512743696127,0.08667684917092909,561.8259945338597,0.12568762811133638,1.5021715313774548,0.03152518548240512,0.00010307764064044152,0.0,0.00010307764064044152,305.8392226144582,0.003269691805555636
1,0.0001,40,0.9758701044877095,0.9661993729918836,0.07830622406261727,556.3033150417199,0.12741308432305232,1.506627363194589,0.032852341577370506,0.00010307764064044152,0.0,0.00010307764064044152,318.71452793498656,0.003137604069946841
1,0.0001,41,0.976080188321057,0.9675363935388501,0.07410786443994505,561.953755030754,0.1274026602623053,1.5044496493716575,0.030690428708936363,0.00010307764064044152,0.0,0.00010307764064044152,297.7408923821959,0.0033586249842911978
1,0.0001,42,0.9765936629788515,0.9658920488930652,0.07917779241664256,556.9720027094152,0.127030767936958,1.5038280591528592,0.031295826965751034,0.00010307764064044152,0.0,0.00010307764064044152,303.614118166694,0.003293654478382878
1,0.0001,43,0.9724318496842754,0.964182310079606,0.08346578255113228,569.8587709841368,0.12579510390060022,1.496932648103058,0.030963321137592273,0.00010307764064044152,0.0,0.00010307764064044152,300.38833781226566,0.0033290240469487603
1,0.0001,44,0.9768289903517435,0.9659576662251765,0.07991785236062672,562.2094507331155,0.12722318703890778,1.501099470967979,0.032681739483672125,0.00010307764064044152,0.0,0.00010307764064044152,317.0594445178808,0.0031539826909133574
1,0.0001,45,0.9657256522071762,0.9574866877917143,0.09313986390835634,566.1595134266697,0.128354942164151,1.5117774693274177,0.03250378396563051,0.00010307764064044152,0.0,0.00010307764064044152,315.3330224060053,0.0031712504842339524
1,0.0001,46,0.9754916567342073,0.9669608379699665,0.07569327065710166,551.2979737783076,0.12511554005322978,1.5084930789029412,0.029535627384892568,0.00010307764064044152,0.0,0.00010307764064044152,286.537673945406,0.003489942478525633
1,0.0001,47,0.9749082007343941,0.9664427724800926,0.07367568239341211,566.1162790697674,0.12436514353612438,1.496374093735297,0.030591009129119964,0.00010307764064044152,0.0,0.00010307764064044152,296.7763807849311,0.003369540383756763
1,0.0001,48,0.9730077120822622,0.9659059584420632,0.07580240584555006,559.5362165431725,0.12499336700420827,1.4974901942710133,0.028029141925775023,0.00010307764064044152,0.0,0.00010307764064044152,271.9226182479972,0.003677516811374573
1,0.0001,49,0.9733153436773855,0.9652778190840264,0.07879240746047987,554.7216100742073,0.12436694439384155,1.4889467737714008,0.030615505172797604,0.00010307764064044152,0.0,0.00010307764064044152,297.01402731550206,0.0033668443508823027
1,0.0002,0,0.9504224930830778,0.9347733857763612,0.1470264643326044,553.3966200553353,0.12625631314585917,1.501622401510831,0.03470010718251883,0.00020615528128088305,0.0,0.00020615528128088305,168.32024368679902,0.005941056037565776
1,0.0002,1,0.9504428833231521,0.9349325961257765,0.14950304341695606,565.0806353084912,0.1284057465963997,1.5057570660032282,0.03200893680443519,0.00020615528128088305,0.0,0.00020615528128088305,155.2661498922434,0.006440553853457513
1,0.0002,2,0.9601882570789291,0.94459911646061,0.1297709564238147,570.9560219118895,0.12778476247331128,1.5067105988381786,0.032909696839741834,0.00020615528128088305,0.0,0.00020615528128088305,159.63547785566033,0.006264271660865906
1,0.0002,3,0.9492285475412328,0.9322807586868134,0.1550212132699593,562.4653796458159,0.12723449416807853,1.5082763650445492,0.032235495913224284,0.00020615528128088305,0.0,0.00020615528128088305,156.36512299340015,0.006395288033906435
1,0.0002,4,0.9605593130177065,0.9457683483843258,0.12607168832969726,562.3800440762976,0.12443731841631234,1.5015843710163557,0.031581920164054686,0.00020615528128088305,0.0,0.00020615528128088305,153.1948149367314,0.006527636071840906
1,0.0002,5,0.9546013212475034,0.9374623022170535,0.1509395513808734,568.4604393916117,0.12609215124393813,1.5081925343475677,0.03231878687577144,0.00020615528128088305,0.0,0.00020615528128088305,156.7691435066252,0.006378806298432951
1,0.0002,6,0.9302944981356062,0.927929300413608,0.1543734448121029,563.1489993151206,0.12534545169910416,1.4971729221983656,0.030803427340864456,0.00020615528128088305,0.0,0.00020615528128088305,149.41857006755657,0.0066926085529253184
1,0.0002,7,0.9565049144803034,0.9378253919248932,0.1456730371544823,572.7204550731368,0.1284100155462511,1.506811748784007,0.03458004325891828,0.00020615528128088305,0.0,0.00020615528128088305,167.73784811170353,0.005961683730043197
1,0.0002,8,0.9536574284416175,0.9381482577401423,0.1427793988880001,560.3820990458883,0.12871064961655065,1.5153865989659392,0.03306044631398066,0.00020615528128088305,0.0,0.00020615528128088305,160.3667202148286,0.006235707749465673
1,0.0002,9,0.9458902541402732,0.9287426938183104,0.15877470876756214,564.7792871861406,0.12592697216314264,1.5039666957926143,0.029859515641298566,0.00020615528128088305,0.0,0.00020615528128088305,144.83992578689015,0.006904173656311778
1,0.0002,10,0.955622641509434,0.9346071726538171,0.15493637610263242,558.5245283018868,0.12511020581587218,1.5002461080094605,0.03152562356589478,0.00020615528128088305,0.0,0.00020615528128088305,152.92173632428876,0.0065392927391262476
1,0.0002,11,0.9558744942362012,0.9403365087980107,0.13664994824656723,564.9514466753187,0.12484546029008925,1.504163739669538,0.029321788066008485,0.00020615528128088305,0.0,0.00020615528128088305,142.23156391544512,0.00703078819125189
1,0.0002,12,0.9497151538169388,0.935033866732793,0.1486058947823118,562.1241929358147,0.12684257794171572,1.5053651588378933,0.029828991301032972,0.00020615528128088305,0.0,0.00020615528128088305,144.6918609879874,0.006911238774398112
1,0.0002,13,0.9484802431610942,0.931873489373799,0.1569195248859783,562.3373860182371,0.12249353367951699,1.4911131884324778,0.02974509036258351,0.00020615528128088305,0.0,0.00020615528128088305,144.2848816570279,0.006930733064445712
1,0.0002,14,0.9495943509615384,0.9352466736465694,0.1480666940949314,555.9278846153846,0.1275485147780273,1.5137635551559632,0.03176136714402207,0.00020615528128088305,0.0,0.00020615528128088305,154.06526064567683,0.006490755903109301
1,0.0002,15,0.9565775562603837,0.9398276433458582,0.13905721087740078,558.861350249207,0.12854450041777454,1.5118331812274715,0.032828709637726466,0.00020615528128088305,0.0,0.00020615528128088305,159.2426322224455,0.0062797253853673005
1,0.0002,16,0.9465741940400884,0.9323742326858886,0.15505908974902954,564.0058684551483,0.12357260807766579,1.4834130474418135,0.029615262680299445,0.00020615528128088305,0.0,0.00020615528128088305,143.6551248956322,0.0069611160807977876
1,0.0002,17,0.9549037441261179,0.9390467605913618,0.14183671598273026,560.8908594815825,0.12534343052539043,1.4939485767523195,0.03271447175074544,0.00020615528128088305,0.0,0.00020615528128088305,158.68849707601007,0.006301653985172038
1,0.0002,18,0.9514325111077064,0.9354782111840757,0.14964158302045605,566.8955109544967,0.12423293216852471,1.4966990478435567,0.030379590469221212,0.00020615528128088305,0.0,0.00020615528128088305,147.3626592560078,0.0067859796033046356
1,0.0002,19,0.9468932554434413,0.9318434401966491,0.15295548251846275,561.4430619831576,0.12682027203845792,1.505693104643616,0.02951493035913743,0.00020615528128088305,0.0,0.00020615528128088305,143.16844165114472,0.006984779525900528
1,0.0002,20,0.9529697337480088,0.9371184885136669,0.1473720180597366,561.3580368656603,0.12546216524788179,1.500566413055532,0.03134129287790522,0.00020615528128088305,0.0,0.00020615528128088305,152.02760115179026,0.006577752937123313
1,0.0002,21,0.9534173348606338,0.9380901511434183,0.14459970102337424,565.1237113402062,0.12617030908586457,1.503825389530438,0.02864785208392037,0.00020615528128088305,0.0,0.00020615528128088305,138.9624942224408,0.0071961863206001075
1,0.0002,22,0.9535725284878349,0.9348178139637743,0.15286910068997192,569.7711733908222,0.12412412784760818,1.4942663185408798,0.030916009328275332,0.00020615528128088305,0.0,0.00020615528128088305,149.96467292124714,0.006668237128921307
1,0.0002,23,0.9507668711656442,0.9345430806014927,0.1473863348513115,567.5030674846626,0.12639082467649132,1.5066244848248704,0.03066635565243434,0.00020615528128088305,0.0,0.00020615528128088305,148.75367471499288,0.006722523002648284
1,0.0002,24,0.9485092789777912,0.9332062335916627,0.15311440779834712,562.849710982659,0.12681805971078575,1.506509345603551,0.033003253419759154,0.00020615528128088305,0.0,0.00020615528128088305,160.0892939278756,0.006246513901488791
1,0.0002,25,0.9457394257486879,0.9310091193904162,0.1570719536124324,571.1759802408151,0.12523555441293865,1.4986864518837089,0.030895019490190523,0.00020615528128088305,0.0,0.00020615528128088305,149.86285725126095,0.006672767477824036
1,0.0002,26,0.9538637228778074,0.9378241395543633,0.1432175556925774,563.4057860677578,0.12538000571657903,1.4885399822805012,0.031361393795558724,0.00020615528128088305,0.0,0.00020615528128088305,152.12510492432818,0.006573536961551688
1,0.0002,27,0.9471839036658791,0.9307442151052966,0.15985520803184694,564.0058684551483,0.1273547048913315,1.5023684932232308,0.03192299085385029,0.00020615528128088305,0.0,0.00020615528128088305,154.84925079535438,0.006457893692502133
1,0.0002,28,0.9515847077601277,0.9349587466939551,0.15051268890641276,562.4653796458159,0.12500169198028743,1.4964265228758462,0.030307540564479204,0.00020615528128088305,0.0,0.00020615528128088305,147.0131658823996,0.006802111865272878
1,0.0002,29,0.9312331924702266,0.9246264506955408,0.15833011149968196,568.5912408759124,0.12546814026427455,1.5009823480709616,0.029435802242523845,0.00020615528128088305,0.0,0.00020615528128088305,142.78461390672823,0.007003555723820733
1,0.0002,30,0.9515146843444077,0.9336738406767865,0.1521906408037379,570.4288136899714,0.1257528483401984,1.503246704481505,0.03131739641593461,0.00020615528128088305,0.0,0.00020615528128088305,151.91168628498627,0.006582772033245686
1,0.0002,31,0.953094413491944,0.9351250741583768,0.14594408001939693,557.1812979972896,0.12715618853690103,1.5134400829253507,0.031866371664478546,0.00020615528128088305,0.0,0.00020615528128088305,154.57460738568787,0.0064693678794528215
1,0.0002,32,0.953176505843572,0.9345045283915063,0.15332879001200714,554.431225651783,0.1248444615630433,1.4932119126026875,0.029594618199045096,0.00020615528128088305,0.0,0.00020615528128088305,143.55498445234073,0.00696597198498526
1,0.0002,33,0.9458447907118851,0.9226767121125807,0.1924722499893081,565.2529789184234,0.12780349087552167,1.5083647861734795,0.030609878762942428,0.00020615528128088305,0.0,0.00020615528128088305,148.47972156113232,0.006734926422853496
1,0.0002,34,0.9543347769926297,0.9370570939071053,0.15040984248253988,562.2947344426715,0.1262120082101319,1.4994310201111563,0.03057500004093445,0.00020615528128088305,0.0,0.00020615528128088305,148.31053490827884,0.0067426093542069685
1,0.0002,35,0.9499886852229011,0.9345647657112399,0.15125899281572322,558.2301425661915,0.12475042254664004,1.5003796901879127,0.029695608040403318,0.00020615528128088305,0.0,0.00020615528128088305,144.04485713826347,0.006942281868766311
1,0.0002,36,0.9497668017432526,0.9363538685562285,0.14425424485367633,565.8138236868263,0.12635720253456384,1.5063712227407695,0.031144846667034518,0.00020615528128088305,0.0,0.00020615528128088305,151.07469706099937,0.006619242132891588
1,0.0002,37,0.9484459055588763,0.9297442389612625,0.1598037345003974,552.9426180514047,0.12593366560759023,1.4902370203645692,0.03188234086480437,0.00020615528128088305,0.0,0.00020615528128088305,154.65206938533495,0.00646612750786008
1,0.0002,38,0.9573253193087904,0.9402731048611156,0.13675483944232714,556.0112697220135,0.12525466649094597,1.5007884837376133,0.03116878848031829,0.00020615528128088305,0.0,0.00020615528128088305,151.19083191398502,0.006614157666444462
1,0.0002,39,0.9506049931076734,0.9345409567675302,0.14941113487071633,566.7221626589064,0.12616301834350452,1.5093588868896144,0.031222145547655265,0.00020615528128088305,0.0,0.00020615528128088305,151.4496517075186,0.006602854405576397
1,0.0002,40,0.9482589319435003,0.9328557281412263,0.1549048220422656,558.9877634262407,0.1253727173898369,1.4957329079426482,0.029978612137623924,0.00020615528128088305,0.0,0.00020615528128088305,145.41762865040832,0.006876745338792816
1,0.0002,41,0.9528416882523236,0.9367490015569747,0.14653550818815358,563.7914063690386,0.12528748373733833,1.4924512973821775,0.029062728446193047,0.00020615528128088305,0.0,0.00020615528128088305,140.97494017917288,0.0070934592965887725
1,0.0002,42,0.9534437797208161,0.9357842267315218,0.15117857145815608,567.5899677864703,0.12766857323003933,1.4960809052196433,0.03430593027662473,0.00020615528128088305,0.0,0.00020615528128088305,166.40820484188075,0.006009319077446867
1,0.0002,43,0.9500919963201472,0.9331941965013987,0.15579773392686216,567.329346826127,0.12606692622648552,1.4949098675236157,0.028368562975182254,0.00020615528128088305,0.0,0.00020615528128088305,137.60774305136803,0.007267032928711772
1,0.0002,44,0.952962191128312,0.9363352210765878,0.14710499576845967,550.8064900267937,0.126139040075941,1.5043904895637603,0.030158134549933196,0.00020615528128088305,0.0,0.00020615528128088305,146.2884402599575,0.006835810117484196
1,0.0002,45,0.946910685926038,0.929705327011748,0.1618923817505044,559.6629357936928,0.12423362483968958,1.4924763463967703,0.03037772766946393,0.00020615528128088305,0.0,0.00020615528128088305,147.3536233499388,0.006786395727950149
1,0.0002,46,0.9508938673908124,0.9347481311634044,0.15241350282623972,558.2301425661915,0.1263196461077314,1.4991030269064505,0.032884654297047976,0.00020615528128088305,0.0,0.00020615528128088305,159.51400368076526,0.006269042071072932
1,0.0002,47,0.9479500076207895,0.9340427204494027,0.14911074455785994,563.9629629629629,0.1260280906863045,1.4941670864023067,0.031274302618054896,0.00020615528128088305,0.0,0.00020615528128088305,151.70265066090735,0.006591842631907898
1,0.0002,48,0.9557917436845348,0.9385097235295043,0.14308120835353896,569.9463955637708,0.12380197865422815,1.4820068795639232,0.03169734281995431,0.00020615528128088305,0.0,0.00020615528128088305,153.7546970565708,0.0065038663477842975
1,0.0002,49,0.944877171959257,0.9302314626779709,0.15777448805280905,554.2654284002397,0.12563299422618002,1.498712612640634,0.03222920641592959,0.00020615528128088305,0.0,0.00020615528128088305,156.33461445024952,0.006396536067949499
1,0.0003,0,0.9263803680981595,0.902521282103022,0.22465545963339578,560.5092024539878,0.12609435786725953,1.5010415290120989,0.03200689851161181,0.00030923292192132454,0.0,0.00030923292192132454,103.50417514650994,0.009661446010119902
1,0.0003,1,0.9442806380887578,0.9222890043514664,0.18513997136183408,559.4939895667952,0.12549203011440113,1.494692051135559,0.03231928401917761,0.00030923292192132454,0.0,0.00030923292192132454,104.51437000424012,0.009568062267030173
1,0.0003,2,0.9181409295352324,0.8952051700636564,0.237346513221126,554.7631184407796,0.12690757942618802,1.5021301199227097,0.02995910272844141,0.00030923292192132454,0.0,0.00030923292192132454,96.88199607693662,0.010321835227319975
1,0.0003,3,0.928495359805264,0.9019353731041941,0.23117093054609533,562.9351894112277,0.12665879068663344,1.4929071806334642,0.03068560374785221,0.00030923292192132454,0.0,0.00030923292192132454,99.23136112803437,0.01007745926924996
1,0.0003,4,0.9246482069904676,0.9006420842121763,0.2313096639731928,559.8742623694961,0.1243215220165439,1.497076630961439,0.029252579065911163,0.00030923292192132454,0.0,0.00030923292192132454,94.59723396900684,0.010571133616101638
1,0.0003,5,0.9205759757483896,0.8995298737613312,0.23418935205410257,560.8484274346343,0.12602944290847518,1.5024881809574473,0.030607230354495692,0.00030923292192132454,0.0,0.00030923292192132454,98.97791659544848,0.010103263782438367
1,0.0003,6,0.9239717174789022,0.8979986126293911,0.23402187777706707,562.6361286398541,0.12564299543737434,1.5039116658081009,0.030274846354757603,0.00030923292192132454,0.0,0.00030923292192132454,97.90305044706776,0.010214186334680754
1,0.0003,7,0.9456684652278178,0.9242194406105811,0.17596696683456242,554.5971223021583,0.12583360940334387,1.4993506129858019,0.031080021540376968,0.00030923292192132454,0.0,0.00030923292192132454,100.50683267250693,0.009949572316724137
1,0.0003,8,0.9217032967032966,0.897304752608433,0.2378798719603957,564.7362637362637,0.12780931469751522,1.5083545563424101,0.029149546526529943,0.00030923292192132454,0.0,0.00030923292192132454,94.26404648450145,0.01060849854524775
1,0.0003,9,0.9279818250662628,0.9058700931280862,0.2194998020566155,560.4244604316547,0.12821055672247894,1.515046077614222,0.0319750400602453,0.00030923292192132454,0.0,0.00030923292192132454,103.40115102097839,0.009671072228171972
1,0.0003,10,0.9258323765786453,0.9033708358015877,0.22269305511279494,566.4190585533869,0.12687270567403175,1.50850573863148,0.030775183271057535,0.00030923292192132454,0.0,0.00030923292192132454,99.52104413671516,0.010048126089053776
1,0.0003,11,0.9309464835247316,0.9057635524055889,0.2193262324069639,555.469714028372,0.12460200497298501,1.496987721361212,0.03031881812620818,0.00030923292192132454,0.0,0.00030923292192132454,98.04524672803737,0.01019937256901243
1,0.0003,12,0.9274800456100342,0.9054439629041953,0.21800381029730698,562.5507411630558,0.12616970029193908,1.5010420009448673,0.030315103619962525,0.00030923292192132454,0.0,0.00030923292192132454,98.03323472678416,0.010200622296989094
1,0.0003,13,0.9302626570232204,0.9055536447733815,0.22198966450779137,563.4057860677578,0.12533502746373415,1.4952103161286543,0.02861908999305735,0.00030923292192132454,0.0,0.00030923292192132454,92.54865172582969,0.010805127696105669
1,0.0003,14,0.9286814540973506,0.9054182230973485,0.22009190907558104,569.9463955637708,0.1263127340353094,1.5011566755726555,0.029338029089188544,0.00030923292192132454,0.0,0.00030923292192132454,94.87356296640615,0.010540344103594914
1,0.0003,15,0.9188363747423074,0.892117829615609,0.25033064612732286,565.037565854776,0.12421331013320014,1.4921137129608377,0.03151767072912643,0.00030923292192132454,0.0,0.00030923292192132454,101.92210626637353,0.009811414192976929
1,0.0003,16,0.9216978240882623,0.8959120597376516,0.242471360628701,566.9822249463683,0.12489461433142424,1.4955987382723401,0.03158763740834291,0.00030923292192132454,0.0,0.00030923292192132454,102.14836509671335,0.00978968189117082
1,0.0003,17,0.9245240081923689,0.9039937655476346,0.21695679084033867,561.3580368656603,0.13025292675592937,1.51343266655317,0.033379130755004975,0.00030923292192132454,0.0,0.00030923292192132454,107.94171121112822,0.009264259281975374
1,0.0003,18,0.9426298477778627,0.9221282057960666,0.18551856306572406,566.0730513271628,0.12590593678760342,1.497889801231138,0.03154990601210089,0.00030923292192132454,0.0,0.00030923292192132454,102.02634899309932,0.009801389639725678
1,0.0003,19,0.9289149383829276,0.9055564898502398,0.2212172737368687,556.0946798917944,0.12549851823132485,1.4982763540363506,0.02923568520331647,0.00030923292192132454,0.0,0.00030923292192132454,94.54260245535775,0.010577242153580359
1,0.0003,20,0.9181653317213239,0.8988098452757607,0.2283116464618339,559.1985794166541,0.12616064626490697,1.499739472035829,0.03181802068843003,0.00030923292192132454,0.0,0.00030923292192132454,102.89338046783135,0.009718798191421464
1,0.0003,21,0.922328621371029,0.8955791851531979,0.2413608516520308,562.4227086183311,0.1264980325649958,1.4985630697536148,0.031195372787724027,0.00030923292192132454,0.0,0.00030923292192132454,100.87985649749413,0.009912781745727801
1,0.0003,22,0.9290973961891749,0.907205593912042,0.21495711583146326,561.7834206331132,0.12623133961460553,1.5038803690620124,0.0311551057626194,0.00030923292192132454,0.0,0.00030923292192132454,100.74964065613274,0.00992559371415613
1,0.0003,23,0.9292028654168571,0.9059899339606649,0.21800201579048117,563.9629629629629,0.1265025272150524,1.512768009087949,0.030437670260256885,0.00030923292192132454,0.0,0.00030923292192132454,98.4295917496161,0.010159546354147102
1,0.0003,24,0.9213904947818905,0.8996862909988422,0.2302292699333679,555.6362339514978,0.1260937686311081,1.5119289872971025,0.031351186762303015,0.00030923292192132454,0.0,0.00030923292192132454,101.38372902701293,0.009863515670582185
1,0.0003,25,0.9384917636391114,0.9199665595154893,0.18119527085823064,559.1985794166541,0.12520607459009625,1.5131775908865452,0.030804281935505797,0.00030923292192132454,0.0,0.00030923292192132454,99.61514364031092,0.01003863432261652
1,0.0003,26,0.9327661496762536,0.9089347575080474,0.21446736782264564,557.1812979972896,0.12636330956593156,1.5031196552194568,0.03084357611520972,0.00030923292192132454,0.0,0.00030923292192132454,99.74221348610801,0.010025845277027856
1,0.0003,27,0.9079636475662354,0.8869814026164813,0.2579021834710077,569.9463955637708,0.12574259264511056,1.5034182586722253,0.030961770262821146,0.00030923292192132454,0.0,0.00030923292192132454,100.12443070566232,0.009987572393192616
1,0.0003,28,0.9343292636687647,0.9127744058681131,0.2059095522778255,561.1880640024266,0.1265294500917662,1.5015533154195646,0.032504875154467844,0.00030923292192132454,0.0,0.00030923292192132454,105.11453616422439,0.009513432076013373
1,0.0003,29,0.9224395341893102,0.8982487774781948,0.23351370544153568,552.4481934905942,0.12414212338626385,1.4901861295588437,0.027763601002363053,0.00030923292192132454,0.0,0.00030923292192132454,89.78216429823311,0.011138069658003106
1,0.0003,30,0.9262721447418018,0.9024723655773423,0.22635751020143546,557.894082171127,0.12497858048300259,1.4938633191064667,0.029298902752036327,0.00030923292192132454,0.0,0.00030923292192132454,94.74703589125156,0.010554419888636693
1,0.0003,31,0.9340301446640915,0.9071574032702492,0.21990980225151666,560.5092024539878,0.12374202290084213,1.4938307398978825,0.030609382188179837,0.00030923292192132454,0.0,0.00030923292192132454,98.98487521314925,0.010102553524936494
1,0.0003,32,0.9252016435854512,0.90198761876663,0.22531273296743598,563.1062243189773,0.12507963262032717,1.4938322874638237,0.03090413887522552,0.00030923292192132454,0.0,0.00030923292192132454,99.93806184416611,0.010006197654296166
1,0.0003,33,0.9346203152100143,0.9172002524276557,0.19276289318891696,558.0620616846392,0.12853719809208997,1.5105195114048358,0.031069401887504747,0.00030923292192132454,0.0,0.00030923292192132454,100.4724907505465,0.009952973122591377
1,0.0003,34,0.9246158527308687,0.902389355177536,0.22704790734605437,562.9351894112277,0.12643925621523522,1.5057047277619153,0.03175032370514857,0.00030923292192132454,0.0,0.00030923292192132454,102.67446139912143,0.009739520289400387
1,0.0003,35,0.9314016275001902,0.9086518725874191,0.20985382852675039,562.8069815195072,0.12774547515437007,1.5130197841585407,0.030963636463924193,0.00030923292192132454,0.0,0.00030923292192132454,100.13046564234193,0.009986970434871645
1,0.0003,36,0.9185858430254948,0.8924853929625496,0.2505849858179924,569.990217977355,0.126504128013039,1.5015356782093074,0.030708705019849673,0.00030923292192132454,0.0,0.00030923292192132454,99.30606621394155,0.010069878287652987
1,0.0003,37,0.955208739758096,0.9426404155199373,0.13344200191835415,577.4494732735076,0.12563240597955883,1.5014484808159163,0.030870879863382765,0.00030923292192132454,0.0,0.00030923292192132454,99.83050857449446,0.010016977918666924
1,0.0003,38,0.9261320323220003,0.8984712855412661,0.23672065943230808,564.1346241805153,0.12664597056573257,1.5007200460639614,0.03039152544929396,0.00030923292192132454,0.0,0.00030923292192132454,98.28036827536174,0.010174972047298418
1,0.0003,39,0.9222900763358779,0.8983142754243557,0.23410020176047489,564.9083969465648,0.12596129928715527,1.505602871805383,0.029085317285409824,0.00030923292192132454,0.0,0.00030923292192132454,94.05634142929242,0.010631925341809704
1,0.0003,40,0.983235091479752,0.9755612141455134,0.060158406447715966,566.5056265788869,0.12596174707869068,1.4965898461063154,0.03237155297226707,0.00030923292192132454,0.0,0.00030923292192132454,104.68339778034075,0.009552613128762976
1,0.0003,41,0.9370359145325049,0.9122938443788504,0.2077481639745568,560.7211698742234,0.12627323312335648,1.5010706187219665,0.03134152697450531,0.00030923292192132454,0.0,0.00030923292192132454,101.35249112472981,0.009866555709709655
1,0.0003,42,0.9195945430988491,0.8972765197869909,0.23818334240359815,564.0058684551483,0.1239352143893484,1.4902086557982297,0.028438695080651888,0.00030923292192132454,0.0,0.00030923292192132454,91.96528915471458,0.010873667763037042
1,0.0003,43,0.9339280314484427,0.9112962202127818,0.20263935741045577,559.4517689749017,0.1254142764082644,1.490014822190148,0.03178829579433372,0.00030923292192132454,0.0,0.00030923292192132454,102.79725585758084,0.009727886135262574
1,0.0003,44,0.9271251990596799,0.9039101811919685,0.22195997151253558,561.1880640024266,0.12558580184122548,1.4970205066287643,0.03047060701731441,0.00030923292192132454,0.0,0.00030923292192132454,98.53610290907766,0.010148564541087354
1,0.0003,45,0.9326113116726835,0.9117927505515214,0.20514725809457712,556.5956678700361,0.1286795571213588,1.5163243905383268,0.032428559478226655,0.00030923292192132454,0.0,0.00030923292192132454,104.86774589439469,0.00953582048961969
1,0.0003,46,0.9282307517601636,0.9060967369365611,0.2195357809136068,560.2550533727004,0.12941736535867676,1.5125914800376261,0.03172839605623819,0.00030923292192132454,0.0,0.00030923292192132454,102.603551585334,0.009746251319266598
1,0.0003,47,0.9252492958818604,0.9072228935687497,0.21086182472152587,563.3201644211007,0.12507449398981407,1.4962567490291399,0.029635301945183202,0.00030923292192132454,0.0,0.00030923292192132454,95.83488640553949,0.01043461350565338
1,0.0003,48,0.9261350452471189,0.8977637043613532,0.24499994484716436,572.3666950266842,0.12498612166382372,1.4860101684882865,0.030642567121728085,0.00030923292192132454,0.0,0.00030923292192132454,99.09218892781477,0.010091612778162217
1,0.0003,49,0.9287738377881596,0.9035279621431808,0.2256619225169119,566.7654897755993,0.12746182014234364,1.5105276318843068,0.0304243504309422,0.00030923292192132454,0.0,0.00030923292192132454,98.38651797457324,0.010163994219801919
1,0.00045,0,0.8910951580876737,0.8543976157333243,0.34700272052683884,565.1667939514282,0.12514941912377253,1.4969923144927897,0.028770569494803642,0.0004638493828819868,0.0,0.0004638493828819868,62.02567160065294,0.016122356666098122
1,0.00045,1,0.8914859376197409,0.8545531691039028,0.34731256974878894,567.1123457736225,0.1255631820531562,1.5028392241290711,0.03077618538147168,0.0004638493828819868,0.0,0.0004638493828819868,66.34952317981589,0.015071698364581597
1,0.00045,2,0.8968636911942099,0.8680951685076684,0.30946788062659647,557.9360675512665,0.1229000529856421,1.4886248218953995,0.03137530775449997,0.0004638493828819868,0.0,0.0004638493828819868,67.64115446173292,0.014783899062008714
1,0.00045,3,0.8997939403190109,0.8670903450429271,0.31151909991310095,564.7792871861406,0.12747974137892015,1.5068678376246512,0.03259106399375006,0.0004638493828819868,0.0,0.0004638493828819868,70.2621695673182,0.014232409932088703
1,0.00045,4,0.9333333333333333,0.9101609814837394,0.2125588932737016,560.0011350737798,0.1265248461277224,1.504580621948417,0.0323682905317461,0.0004638493828819868,0.0,0.0004638493828819868,69.78189844866364,0.014330363922897122
1,0.00045,5,0.9003690036900369,0.8712239884611486,0.3009943841103491,557.3069508246103,0.12479332293150946,1.5015995171333159,0.030085691268405226,0.0004638493828819868,0.0,0.0004638493828819868,64.86090610162495,0.015417607617648548
1,0.00045,6,0.8991463322505099,0.8665077216574704,0.3128585577158899,559.0720707108861,0.1271131783432793,1.4981101523386058,0.030923911576407753,0.0004638493828819868,0.0,0.0004638493828819868,66.66800198002086,0.014999699560513018
1,0.00045,7,0.9039000378644453,0.8716498456318804,0.3082560456518646,560.4244604316547,0.12596643448341638,1.5028095808858812,0.030314610118313757,0.0004638493828819868,0.0,0.0004638493828819868,65.35442589135974,0.01530118253448243
1,0.00045,8,0.9002937084557119,0.8683982510697071,0.3105248672991749,571.9692379038491,0.12752423153142445,1.5008014181198142,0.029865075650785958,0.0004638493828819868,0.0,0.0004638493828819868,64.38528701973992,0.015531498674431776
1,0.00045,9,0.9000301340967305,0.8670684968817302,0.31410554891497333,557.51649841796,0.12543382347212173,1.5105708842273813,0.02977133779978903,0.0004638493828819868,0.0,0.0004638493828819868,64.18320019057457,0.015580401055584201
1,0.00045,10,0.8926322179224524,0.8597232747307434,0.33123426255352245,561.5281129068974,0.12834265307174064,1.509692328892065,0.032803831533130115,0.0004638493828819868,0.0,0.0004638493828819868,70.72086919532694,0.014140097702109089
1,0.00045,11,0.8951033073488232,0.8586081778237448,0.33402769850983305,560.0857488836751,0.12707354189478792,1.5134058552280578,0.03055470121199067,0.0004638493828819868,0.0,0.0004638493828819868,65.8720316110983,0.015180949722393523
1,0.00045,12,0.8914229428701318,0.8537155931801096,0.3505972983479458,560.7211698742234,0.12625201119226404,1.510559057040287,0.02959944943211687,0.0004638493828819868,0.0,0.0004638493828819868,63.81263083333152,0.015670878742044682
1,0.00045,13,0.9035532994923858,0.8695715804415058,0.3089762009324275,560.6787635426926,0.12883634542231448,1.5078002998862465,0.03374431881325227,0.0004638493828819868,0.0,0.0004638493828819868,72.74843959819938,0.013745999302846234
1,0.00045,14,0.8958584337349398,0.8581094346982989,0.33563494733109167,557.2650602409639,0.12712985873804428,1.503296091340398,0.03091245093019966,0.0004638493828819868,0.0,0.0004638493828819868,66.64329429120842,0.01500526062877897
1,0.00045,15,0.8922032346658529,0.8616915324508048,0.32460176822106396,564.5642355813244,0.12641300482209772,1.5026050508520878,0.03163837744556838,0.0004638493828819868,0.0,0.0004638493828819868,68.20829910130087,0.014660972538177953
1,0.00045,16,0.896353021457275,0.8627973199318334,0.32095766165053097,561.1031162332247,0.1284720970725175,1.5034058986724588,0.03176036775582039,0.0004638493828819868,0.0,0.0004638493828819868,68.47129462259284,0.014604660325350988
1,0.00045,17,0.8973375278140105,0.8653923113888726,0.31428270211602205,567.8073352259648,0.1291578048840165,1.5022799813221703,0.032097046078033487,0.0004638493828819868,0.0,0.0004638493828819868,69.19713006538517,0.014451466398318664
1,0.00045,18,0.8937871174052079,0.86213347442542,0.32029895201747444,563.4486066697121,0.12630036810878664,1.5018848600658408,0.03097362732373393,0.0004638493828819868,0.0,0.0004638493828819868,66.77518277870445,0.014975623553349738
1,0.00045,19,0.8893974637953028,0.8579738332130491,0.3380546317061289,555.3032940646807,0.12473042035708204,1.5023146126269464,0.029892630476208944,0.0004638493828819868,0.0,0.0004638493828819868,64.44469170246641,0.01551718184357034
1,0.00045,20,0.8903759863840321,0.8578506991595213,0.33509812838003794,572.4993037289184,0.12522977669141255,1.49737544649826,0.029620477611041716,0.0004638493828819868,0.0,0.0004638493828819868,63.85796490016631,0.01565975366680368
1,0.00045,21,0.885581115621711,0.8513176645557834,0.34736060632837734,556.3450608930988,0.12885472006746568,1.5047067284226248,0.032698938348147126,0.0004638493828819868,0.0,0.0004638493828819868,70.49473289148783,0.014185456969378049
1,0.00045,22,0.9015122729690705,0.8673466746716649,0.3169845326928638,562.3800440762976,0.12521126595675014,1.4903870437462412,0.03059213046262017,0.0004638493828819868,0.0,0.0004638493828819868,65.95272429284111,0.01516237594007236
1,0.00045,23,0.8927556272566644,0.8592667452504344,0.33314878162437417,568.5040331873704,0.12565703064319678,1.507555426508854,0.030100996609290467,0.0004638493828819868,0.0,0.0004638493828819868,64.89390246089603,0.015409768284509984
1,0.00045,24,0.9026426656453466,0.8680354506268015,0.3061714567734662,566.852163921869,0.12705732029280625,1.495127062205924,0.03154390759045126,0.0004638493828819868,0.0,0.0004638493828819868,68.004634164786,0.014704880222968947
1,0.00045,25,0.890524379024839,0.8596862137933077,0.3118182060123376,567.329346826127,0.1271667386754416,1.5070723969947684,0.03057881459526403,0.0004638493828819868,0.0,0.0004638493828819868,65.92401698428891,0.015168978556605876
1,0.00045,26,0.8850592165198907,0.8510867241436227,0.3475819540896024,561.8259945338597,0.12471432518213987,1.497793067852835,0.029656135274709967,0.0004638493828819868,0.0,0.0004638493828819868,63.93483826678955,0.01564092484018126
1,0.00045,27,0.904278682317304,0.8735654584336184,0.2968707199632845,560.4244604316547,0.1277543512696866,1.5058011688590927,0.03178382942965565,0.0004638493828819868,0.0,0.0004638493828819868,68.52187499350869,0.01459387969308682
1,0.00045,28,0.8836650394292151,0.8484304055416056,0.3583648992162287,555.8028539241457,0.12550707333139144,1.503399692102524,0.029894478328734143,0.0004638493828819868,0.0,0.0004638493828819868,64.44867543639685,0.01551622268772429
1,0.00045,29,0.8950635978195033,0.8598783483120819,0.3305981371832566,560.2973955178679,0.12776939832838252,1.5034164687616305,0.030663026489807867,0.0004638493828819868,0.0,0.0004638493828819868,66.10556706854388,0.015127318989081736
1,0.00045,30,0.9001298999006648,0.8650421642831286,0.3226454369419819,565.4685565828685,0.12669863001792692,1.5070572153049615,0.03160219551922941,0.0004638493828819868,0.0,0.0004638493828819868,68.13029549134849,0.014677758151320284
1,0.00045,31,0.8933262064752596,0.8645330216479606,0.3172007028670941,565.0806353084912,0.12763823952991515,1.5103543740633865,0.03050012261319126,0.0004638493828819868,0.0,0.0004638493828819868,65.7543671260012,0.015208115349719041
1,0.00045,32,0.8967631762788171,0.8629466001698342,0.3185137846541932,574.406815182799,0.12603057926753536,1.4939233640778657,0.031161340367701296,0.0004638493828819868,0.0,0.0004638493828819868,67.17986811600309,0.014885411776534694
1,0.00045,33,0.8966231772831926,0.8652577851698391,0.32096816115365734,567.9378357636224,0.1255595647962764,1.49632155264815,0.03003831778275628,0.0004638493828819868,0.0,0.0004638493828819868,64.75877491982924,0.015441922754684452
1,0.00045,34,0.903984962406015,0.8720249128852061,0.3064097918285149,556.4285714285714,0.12804837254225276,1.5078101770042673,0.032882879163794836,0.0004638493828819868,0.0,0.0004638493828819868,70.89128578653502,0.01410610611593588
1,0.00045,35,0.9092708174760238,0.876093255149691,0.2923943238281078,563.2773633734206,0.12695459250244312,1.50505154478862,0.031862029909138834,0.0004638493828819868,0.0,0.0004638493828819868,68.6904652350162,0.014558061247345171
1,0.00045,36,0.9008464328899637,0.8693031453948475,0.3072145847317062,559.2829504232164,0.1262888150231447,1.5025358383527596,0.03242217450369922,0.0004638493828819868,0.0,0.0004638493828819868,69.89806540703776,0.014306547601520798
1,0.00045,37,0.9065242273941244,0.87297176272944,0.30318619609582853,564.6932468523464,0.12846184961381368,1.510688657013463,0.032430150946537215,0.0004638493828819868,0.0,0.0004638493828819868,69.91526159858692,0.014303028797080427
1,0.00045,38,0.8878774085874678,0.8502247444043265,0.35449150974229043,561.4005461993628,0.12452821631450206,1.4918669328970906,0.02921922535907225,0.0004638493828819868,0.0,0.0004638493828819868,62.992916315911636,0.015874800826571764
1,0.00045,39,0.9458676425739555,0.9338175295361586,0.15129495959678255,564.220494053065,0.1288208772893995,1.5190449373573776,0.03446403370950818,0.0004638493828819868,0.0,0.0004638493828819868,74.30005295118947,0.013458940610135743
1,0.00045,40,0.9053200395768324,0.8734050887848596,0.3001448585704206,563.2345688408554,0.12696106565999798,1.509749251393311,0.03020046982478232,0.0004638493828819868,0.0,0.0004638493828819868,65.10835400306216,0.015359012146935372
1,0.00045,41,0.8901913332829161,0.8591643183022949,0.3248551007614965,559.6629357936928,0.12682674915413372,1.5025820550388604,0.030630539009817125,0.0004638493828819868,0.0,0.0004638493828819868,66.03552821285135,0.01514336338427876
1,0.00045,42,0.894104393541119,0.8617002930717246,0.3239322582449868,555.8028539241457,0.12475372903281823,1.4957353222082799,0.03068691396016154,0.0004638493828819868,0.0,0.0004638493828819868,66.15706540234623,0.015115543501186428
1,0.00045,43,0.8940332326283988,0.8608556874755063,0.3287814819295234,558.9456193353475,0.12543981341877952,1.4907471275551987,0.032056601877435004,0.0004638493828819868,0.0,0.0004638493828819868,69.10993753675186,0.01446969908586897
1,0.00045,44,0.8825895850406019,0.8426934677045332,0.3718908745026149,551.3389704238992,0.12814511341275647,1.5136380057461534,0.03067919703669466,0.0004638493828819868,0.0,0.0004638493828819868,66.14042870140048,0.015119345605010052
1,0.00045,45,0.8935541559754296,0.8655745906184447,0.3138840962283554,575.3876836948915,0.1275278727116529,1.5041019543256164,0.03216516340322815,0.0004638493828819868,0.0,0.0004638493828819868,69.34398231464642,0.014420862007355265
1,0.00045,46,0.8964391466099765,0.8626439514428578,0.3242529503793393,561.8685748994002,0.12739520403556526,1.4986448399915802,0.030094593599361914,0.0004638493828819868,0.0,0.0004638493828819868,64.88009838965037,0.015413046909921443
1,0.00045,47,0.904269867801246,0.8692040200031256,0.3129554000624819,562.2520893481234,0.12774078437360004,1.5045328844294747,0.030583810808010092,0.0004638493828819868,0.0,0.0004638493828819868,65.93478818056607,0.015166500531729086
1,0.00045,48,0.9067919627167851,0.8767625749036909,0.28930074224972896,565.3823057529223,0.12655752102728002,1.4995564700646535,0.03277103622560413,0.0004638493828819868,0.0,0.0004638493828819868,70.65016670280184,0.014154248272429653
1,0.00045,49,0.8988911135068536,0.8676264697672875,0.312395706238539,569.8587709841368,0.1277270914579276,1.5113004844425433,0.033626077412208424,0.0004638493828819868,0.0,0.0004638493828819868,72.49352624613412,0.013794335188010353
1,0.0007,0,0.8459488272921108,0.79869809101077,0.48613423127344757,563.5342674383186,0.12629125692183152,1.500077003108981,0.028765762085766765,0.0007215434844830906,0.0,0.0007215434844830906,39.86698335495938,0.02508341278537198
1,0.0007,1,0.8443131909737998,0.7997293459106611,0.4836143555583142,560.3820990458883,0.12775638067978434,1.5070812235072852,0.030654397943056105,0.0007215434844830906,0.0,0.0007215434844830906,42.48447751560909,0.023538008667579657
1,0.0007,2,0.849133078135555,0.8054500577638628,0.4646870766481508,555.469714028372,0.12755422771442682,1.5053847942631853,0.0329138204938818,0.0007215434844830906,0.0,0.0007215434844830906,45.615851576098784,0.021922203914833134
1,0.0007,3,0.8509509737061454,0.8060310556597281,0.4631133561794566,560.7635826324165,0.12828836889821105,1.503695038975535,0.03354604114136616,0.0007215434844830906,0.0,0.0007215434844830906,46.49205746123304,0.021509050246568254
1,0.0007,4,0.8342970176506391,0.7861656755942376,0.5154654866862444,563.0206938527084,0.12545897194650024,1.5012859323276508,0.029660145108518603,0.0007215434844830906,0.0,0.0007215434844830906,41.10652475750224,0.02432703824755929
1,0.0007,5,0.8475927629561484,0.7984718453313272,0.48342305502761673,567.329346826127,0.12779573901207186,1.5063323616303776,0.03144016642585669,0.0007215434844830906,0.0,0.0007215434844830906,43.573488087665616,0.022949734893568708
1,0.0007,6,0.8540252930289944,0.8099074718331682,0.4533938360992817,570.6483652066626,0.12842949098558165,1.510546371103016,0.032534624761392426,0.0007215434844830906,0.0,0.0007215434844830906,45.09031743901067,0.022177710355501572
1,0.0007,7,0.8526720492118416,0.8028714269918695,0.4793358838182971,569.0276816608997,0.12539720366476104,1.4934498233580067,0.03147957782873654,0.0007215434844830906,0.0,0.0007215434844830906,43.62810905470003,0.022921002575340143
1,0.0007,8,0.8496040207127628,0.804799998531307,0.4685795134441892,563.5342674383186,0.12876001439872198,1.5094863861994305,0.03183894936566704,0.0007215434844830906,0.0,0.0007215434844830906,44.126168485155496,0.022662289392663005
1,0.0007,9,0.8505849252184214,0.800311597978471,0.48133885051385156,547.9569080408708,0.12942990232841112,1.5202892865404216,0.032702930257651336,0.0007215434844830906,0.0,0.0007215434844830906,45.323575031766126,0.022063572860241625
1,0.0007,10,0.8542844050710249,0.8079438909509558,0.4591296838173386,565.1667939514282,0.12670790893025696,1.5067182859190535,0.03128956079206771,0.0007215434844830906,0.0,0.0007215434844830906,43.36476105037988,0.023060198552419784
1,0.0007,11,0.8378540837027575,0.7935248777202081,0.4988291522882358,556.0529716733038,0.1257192053599283,1.5034618528614034,0.030430948780279642,0.0007215434844830906,0.0,0.0007215434844830906,42.174795330707184,0.023710844170283542
1,0.0007,12,0.8588830153987589,0.8156676344799595,0.4432281386571903,566.938864628821,0.12847073219018057,1.5051440774123717,0.034239587074649656,0.0007215434844830906,0.0,0.0007215434844830906,47.45325515506344,0.021073369924408576
1,0.0007,13,0.8512066365007541,0.8040574367951993,0.4736653137294896,558.10407239819,0.12709238028037362,1.5055814232663733,0.03321101338516955,0.0007215434844830906,0.0,0.0007215434844830906,46.02773651121209,0.021726030341648578
1,0.0007,14,0.8522847232694918,0.8097721732145783,0.44974856896904886,558.0200573065903,0.1257698337722104,1.5045636547102368,0.03091445092994268,0.0007215434844830906,0.0,0.0007215434844830906,42.844889593992534,0.02334000646229263
1,0.0007,15,0.8354821684385132,0.7886905775310847,0.5032018123836619,557.9780592626103,0.1267987665196415,1.503244559362796,0.02991708356250496,0.0007215434844830906,0.0,0.0007215434844830906,41.46262034912196,0.024118109072215854
1,0.0007,16,0.8604294478527608,0.8166483968180099,0.43844978590894645,567.5030674846626,0.12842103419825435,1.5004632819133215,0.03210986192155063,0.0007215434844830906,0.0,0.0007215434844830906,44.50163103413502,0.0224710864919299
1,0.0007,17,0.8329443649777911,0.7823533601114415,0.5227408836714462,557.1394263344124,0.12640538258710876,1.4975449149792475,0.03100928882564576,0.0007215434844830906,0.0,0.0007215434844830906,42.97632712720097,0.023268624073904884
1,0.0007,18,0.8448859787762475,0.7992790124033446,0.4840924450400917,556.9720027094152,0.12474451461457647,1.4948795499102983,0.03041081176713319,0.0007215434844830906,0.0,0.0007215434844830906,42.146887084593814,0.023726544691020268
1,0.0007,19,0.844000594000594,0.8003948270908009,0.47591925268564866,549.5001485001485,0.1300563159165904,1.5197442077950942,0.03201623571263909,0.0007215434844830906,0.0,0.0007215434844830906,44.3718727992885,0.02253679948383957
1,0.0007,20,0.8573236082167311,0.8074552866246395,0.4680183141316287,550.8064900267937,0.1258133822993841,1.496377273065828,0.031238055809769717,0.0007215434844830906,0.0,0.0007215434844830906,43.293379375670575,0.023098219968524018
1,0.0007,21,0.8484594903004945,0.8016376954604167,0.47808789366244264,562.977938379612,0.12704289419343695,1.5042598759508878,0.030446057437819432,0.0007215434844830906,0.0,0.0007215434844830906,42.19573468899217,0.023699077818424036
1,0.0007,22,0.8674680577606411,0.8240097210347141,0.4238853746057892,559.4939895667952,0.12811932872864418,1.5146309190048395,0.031025599171794198,0.0007215434844830906,0.0,0.0007215434844830906,42.998931927187655,0.023256391616734862
1,0.0007,23,0.8512898330804249,0.8033294589589105,0.4767419603115132,561.4855842185129,0.1255419134395197,1.5039156345064817,0.029352805847683003,0.0007215434844830906,0.0,0.0007215434844830906,40.68057778764529,0.024581755087650214
1,0.0007,24,0.8549977248596997,0.8129794040764814,0.44641456043562533,561.2305475504322,0.12785734771750867,1.518622750913756,0.031893477860791115,0.0007215434844830906,0.0,0.0007215434844830906,44.201740500282405,0.022623543522988898
1,0.0007,25,0.8499543934326543,0.8060422806076863,0.4646731735150323,562.508057160231,0.12572714107227512,1.5078184802734202,0.02851192979846999,0.0007215434844830906,0.0,0.0007215434844830906,39.51519265522266,0.025306722118886887
1,0.0007,26,0.8555087296809151,0.8053002277170322,0.4677528908645602,556.9301625526791,0.1266179982048925,1.490932703335937,0.029447097710654218,0.0007215434844830906,0.0,0.0007215434844830906,40.811258564339944,0.024503042424518118
1,0.0007,27,0.8483732351135667,0.8037114285672893,0.4719963113898802,567.8508287292817,0.12767194479238242,1.5159385255916158,0.0334562618775408,0.0007215434844830906,0.0,0.0007215434844830906,46.36763077627769,0.021566769387570555
1,0.0007,28,0.8602437166793603,0.8113413389027012,0.4561128419166017,563.6199543031227,0.12849568447563797,1.5185235327470132,0.032472074977833096,0.0007215434844830906,0.0,0.0007215434844830906,45.00362857700239,0.02222043047682197
1,0.0007,29,0.8429104477611941,0.7939121391777326,0.49458241922411045,552.2835820895523,0.12657731614308432,1.5064725965175074,0.03177512449349235,0.0007215434844830906,0.0,0.0007215434844830906,44.03771245506549,0.02270780983504455
1,0.0007,30,0.8384621172221804,0.7925292489831306,0.49653428259522714,556.8046798585509,0.12759056955110282,1.4921058375407341,0.031115878423651926,0.0007215434844830906,0.0,0.0007215434844830906,43.124051554485526,0.023188915789522695
1,0.0007,31,0.8486872409028098,0.7975246877889375,0.49355554012604,568.1119299861815,0.12790266913361847,1.5047630631402926,0.03189760655094476,0.0007215434844830906,0.0,0.0007215434844830906,44.2074625256938,0.022620615228001163
1,0.0007,32,0.8508248780109984,0.8035827381207585,0.4703896780329155,573.1632716288436,0.12837460925220512,1.5091233959925057,0.03270507730999158,0.0007215434844830906,0.0,0.0007215434844830906,45.326550669945135,0.022062124410959737
1,0.0007,33,0.8483702639340543,0.8049825862215965,0.4658913508837914,559.6629357936928,0.1282667767663952,1.5211066550929369,0.030789322319932422,0.0007215434844830906,0.0,0.0007215434844830906,42.67147161891387,0.023434860858109148
1,0.0007,34,0.8326744716436065,0.7836531172371151,0.516139429140663,562.5934316557701,0.12586821906734258,1.5034037795207507,0.030266001612725846,0.0007215434844830906,0.0,0.0007215434844830906,41.946192105674996,0.023840066280169152
1,0.0007,35,0.8445527700402352,0.7977461472850574,0.48743530453336764,572.5877437325905,0.1269682199053932,1.5128413104122618,0.030118078523627027,0.0007215434844830906,0.0,0.0007215434844830906,41.7411828549785,0.02395715529850466
1,0.0007,36,0.8461772305821553,0.7974339027618371,0.4889166396695899,562.4227086183311,0.12737086357083172,1.502380018052864,0.030994199497005187,0.0007215434844830906,0.0,0.0007215434844830906,42.95541455718257,0.023279952255350546
1,0.0007,37,0.8561382051674056,0.8168836908075181,0.43449994029982364,565.6842990368445,0.12683937497786246,1.4984374314120918,0.0319370089544484,0.0007215434844830906,0.0,0.0007215434844830906,44.26207102033203,0.022592706959885463
1,0.0007,38,0.8375478927203065,0.7898596077195313,0.507605651567971,567.0689655172414,0.12571766998735256,1.5041697714695395,0.030616092601289842,0.0007215434844830906,0.0,0.0007215434844830906,42.43138945842332,0.023567458260584578
1,0.0007,39,0.8437238334475147,0.7989462512267465,0.4829533756182046,563.3201644211007,0.1261025995190721,1.500128871682725,0.029737288267902954,0.0007215434844830906,0.0,0.0007215434844830906,41.21343883966545,0.024263930119744346
1,0.0007,40,0.8439039408866995,0.7995665411216227,0.47783140459945145,569.5960591133005,0.12778950997744687,1.5065558427194454,0.03205587730254903,0.0007215434844830906,0.0,0.0007215434844830906,44.42681278663845,0.02250892956923424
1,0.0007,41,0.8458179628096063,0.8063310223352739,0.45717518839200005,557.1394263344124,0.12477083841804415,1.5018148547781194,0.03051754485050886,0.0007215434844830906,0.0,0.0007215434844830906,42.29481037081423,0.023643562679029187
1,0.0007,42,0.8531510553594231,0.8023579235772449,0.47600737142215854,555.8862014572222,0.12712180727976374,1.5038318541679416,0.0298212095798006,0.0007215434844830906,0.0,0.0007215434844830906,41.32974688443668,0.024195647817445612
1,0.0007,43,0.8474260597481934,0.8047886668429525,0.4652471425746644,551.3389704238992,0.12574339387356304,1.5026483261319836,0.03068918890863206,0.0007215434844830906,0.0,0.0007215434844830906,42.53269493607528,0.02351132467629796
1,0.0007,44,0.8508885668522614,0.8002994349504315,0.48719682912395645,564.4352833498589,0.12646428451989777,1.5099353271185505,0.03151115243732293,0.0007215434844830906,0.0,0.0007215434844830906,43.67186886857876,0.022898035415184273
1,0.0007,45,0.8290942221547339,0.7795250191016456,0.525049008944269,561.8685748994002,0.12710232503013685,1.5004442263333544,0.031330557969945695,0.0007215434844830906,0.0,0.0007215434844830906,43.42157977130196,0.023030023441498935
1,0.0007,46,0.8375931842385517,0.7994630095538052,0.4646789642757953,562.9351894112277,0.12584328299271874,1.5013825988999705,0.031894431637540105,0.0007215434844830906,0.0,0.0007215434844830906,44.203062356510756,0.022622866984524842
1,0.0007,47,0.8449383836092841,0.7976459030328437,0.492314697849314,559.4939895667952,0.1246209978708066,1.4939600000657294,0.028380470460173703,0.0007215434844830906,0.0,0.0007215434844830906,39.33300081076236,0.025423943746656075
1,0.0007,48,0.8513360078722277,0.8060318457288833,0.4679003464182265,560.1703883127697,0.12650280637899414,1.512638732068205,0.03190121703263468,0.0007215434844830906,0.0,0.0007215434844830906,44.21246635674151,0.022618055096297975
1,0.0007,49,0.8420056047867909,0.7929006282426936,0.4984805898210609,560.5092024539878,0.12670285336207598,1.5061982769881257,0.02948852948516115,0.0007215434844830906,0.0,0.0007215434844830906,40.86867960049082,0.02446861532536496
1,0.001,0,0.7609733909483739,0.7027284183774412,0.7311696787753723,561.018194223334,0.12681971880374476,1.5078781112815456,0.03101963691367602,0.001030776406404415,0.0,0.001030776406404415,30.093468109034085,0.033229802440078324
1,0.001,1,0.8995904747459427,0.8685436938788047,0.3279748811690325,561.2305475504322,0.12523067524307407,1.4941534506152003,0.03359934639599221,0.001030776406404415,0.0,0.001030776406404415,32.59615391585694,0.03067846601109383
1,0.001,2,0.8008032748899359,0.7466220712209684,0.6172744797650284,571.5723333590794,0.12704450674937107,1.5036883881432304,0.03187507473376096,0.001030776406404415,0.0,0.001030776406404415,30.923364694530157,0.03233800751885463
1,0.001,3,0.7981741361098537,0.7355014406333662,0.6412771667395186,558.3562698053418,0.13086307037156075,1.5133267586812766,0.030881079194260835,0.001030776406404415,0.0,0.001030776406404415,29.9590473767062,0.033378898448470744
1,0.001,4,0.8104838709677419,0.7493899016194228,0.6173444257394486,552.6129032258065,0.12736120307818055,1.4982361528947745,0.031229569733692862,0.001030776406404415,0.0,0.001030776406404415,30.297132859907784,0.033006423565686664
1,0.001,5,0.7905272699803596,0.7275350091245966,0.6820282774333887,559.0299138842726,0.1265477884444408,1.500531137812898,0.031466053550729046,0.001030776406404415,0.0,0.001030776406404415,30.526555861411175,0.03275836306394809
1,0.001,6,0.8028738212842389,0.7394516254202882,0.6436624218651419,553.8513695554558,0.12748673744499683,1.5109009610097803,0.03207821453096462,0.001030776406404415,0.0,0.001030776406404415,31.120439245268333,0.03213322254608099
1,0.001,7,0.8051828567047459,0.7510459509530665,0.6076569496462321,567.3727670014567,0.12685992635670118,1.5070438241829622,0.03164816000331289,0.001030776406404415,0.0,0.001030776406404415,30.703225070613467,0.03256986839982212
1,0.001,8,0.793327722090443,0.7321611548898459,0.6587549521648014,566.2460019894406,0.12811985434382223,1.5113252133892159,0.03181419471715199,0.001030776406404415,0.0,0.001030776406404415,30.864302403008242,0.03239988990979214
1,0.001,9,0.779560489696601,0.7175160610402214,0.6850954593996025,562.7215420880541,0.12724781193537638,1.4981241718632647,0.029757020874527185,0.001030776406404415,0.0,0.001030776406404415,28.868550628090635,0.03463977159376151
1,0.001,10,0.7897856817145463,0.7270348245173632,0.6767581993782579,562.4227086183311,0.12482288482715376,1.4979974241038676,0.029632920406576297,0.001030776406404415,0.0,0.001030776406404415,28.748155489843555,0.03478484038230871
1,0.001,11,0.7924137931034483,0.7321066902386925,0.6585324698824154,567.0689655172414,0.12832672442891635,1.5024374903146183,0.031047411072153263,0.001030776406404415,0.0,0.001030776406404415,30.12041300057863,0.03320007597441607
1,0.001,12,0.7647281252363306,0.7014918507545381,0.7367271059448678,559.6629357936928,0.12694191909395158,1.5114878121259343,0.029402401007743828,0.001030776406404415,0.0,0.001030776406404415,28.524518823928226,0.035057558943330354
1,0.001,13,0.8018761726078799,0.7441441277631632,0.6271193362593256,555.3864915572233,0.12927268599742092,1.5113613034861555,0.03298388488449781,0.001030776406404415,0.0,0.001030776406404415,31.999068546352532,0.031250909649180605
1,0.001,14,0.7921185275698793,0.7286442918476351,0.6713648078255718,565.1667939514282,0.126568938838318,1.506687374056173,0.03008311139858095,0.001030776406404415,0.0,0.001030776406404415,29.184904904369855,0.03426428844900125
1,0.001,15,0.7751403003185197,0.7094493053832527,0.7215663742505398,561.2305475504322,0.12737148388987407,1.498382188348419,0.030132680061229718,0.001030776406404415,0.0,0.001030776406404415,29.232993570680794,0.03420792323516772
1,0.001,16,0.7886216113020237,0.7274541913316195,0.6681316135229702,565.1237113402062,0.1281488133536186,1.5207124336598772,0.029144715111140803,0.001030776406404415,0.0,0.001030776406404415,28.274526783945575,0.035367523836607774
1,0.001,17,0.794338489262652,0.7350810570714109,0.648524559261664,555.6778795614957,0.12693668805877678,1.5074372175120128,0.03138360026829206,0.001030776406404415,0.0,0.001030776406404415,30.44656442784257,0.03284442822341974
1,0.001,18,0.8072114651623723,0.7476088674041678,0.6209485818658362,564.1346241805153,0.12650972156552598,1.498216972179761,0.03159172773417122,0.001030776406404415,0.0,0.001030776406404415,30.648477727939486,0.032628047920578745
1,0.001,19,0.7911278195488722,0.7288143305410045,0.6734073752239903,556.4285714285714,0.12800038923160173,1.5035196880418886,0.030747141132418023,0.001030776406404415,0.0,0.001030776406404415,29.829108370525393,0.03352430074604964
1,0.001,20,0.7848371596369461,0.725680444358684,0.6793227959866638,564.4352833498589,0.12533578521106392,1.4975527511970184,0.031363656709066164,0.001030776406404415,0.0,0.001030776406404415,30.42721633343336,0.0328653133773924
1,0.001,21,0.7965856260955719,0.7369246799906846,0.6464405677548015,564.0058684551483,0.12643209411180578,1.5015240379799082,0.031852466154564614,0.001030776406404415,0.0,0.001030776406404415,30.901431150983882,0.0323609607307188
1,0.001,22,0.7928790199081164,0.7315854264826357,0.6622118783756494,566.635528330781,0.1273013242171146,1.5137242723906752,0.03144009821142969,0.001030776406404415,0.0,0.001030776406404415,30.50137548365118,0.032785406695380104
1,0.001,23,0.7944670089662043,0.7391665375584878,0.6376747191200213,567.1123457736225,0.12840116655570455,1.5108374531535675,0.03564982455269729,0.001030776406404415,0.0,0.001030776406404415,34.58540992129619,0.028913926487372458
1,0.001,24,0.80309616411195,0.7491355648696543,0.6175088568705627,564.3493479752917,0.12705432291841134,1.5049962009986237,0.03325268132349603,0.001030776406404415,0.0,0.001030776406404415,32.259839395712426,0.030998294434562732
1,0.001,25,0.7928139183055976,0.7272587646112609,0.6718273697194777,559.7897125567322,0.1274282799276989,1.5158375223126856,0.030573193927074655,0.001030776406404415,0.0,0.001030776406404415,29.660354793840284,0.0337150383719508
1,0.001,26,0.7999542054648145,0.7410863638071186,0.6380268694472069,564.8223172034803,0.1268671460566111,1.5068769902105914,0.029724018760117845,0.001030776406404415,0.0,0.001030776406404415,28.836533874307477,0.03467823159186865
1,0.001,27,0.7994465370128373,0.7439288372165626,0.6323444326093899,568.8530248289645,0.12931313176522963,1.5159270919141274,0.034136035415366195,0.001030776406404415,0.0,0.001030776406404415,33.116818742912955,0.030196137127875586
1,0.001,28,0.8045774647887324,0.7455211772384919,0.617931685329203,566.4623392529088,0.1302698086365126,1.5140581332911744,0.03164660216753358,0.001030776406404415,0.0,0.001030776406404415,30.701713747915708,0.0325714716843091
1,0.001,29,0.801759795442581,0.712785901363109,0.7442288680473366,556.5538843348123,0.1280400090618059,1.5147721131548524,0.03233714408592347,0.001030776406404415,0.0,0.001030776406404415,31.37163781107763,0.031875925828994824
1,0.001,30,0.8034937771779878,0.7455142700036124,0.6209177263222282,554.8461538461538,0.12747252819826826,1.5060078659810554,0.030878842248290888,0.001030776406404415,0.0,0.001030776406404415,29.956877220350226,0.033381316505202444
1,0.001,31,0.8058466211085801,0.7491382853583247,0.6138431810881884,561.9111617312072,0.1289162064786069,1.5073069849500325,0.030227342129741184,0.001030776406404415,0.0,0.001030776406404415,29.324829266495435,0.03410079529917442
1,0.001,32,0.80187265917603,0.7407684597100466,0.6415474447471873,554.3483146067416,0.1264956597588025,1.501822196315702,0.031029213496666132,0.001030776406404415,0.0,0.001030776406404415,30.10275875919896,0.033219546686710726
1,0.001,33,0.7920657666490686,0.7336761358168854,0.6579978387225383,558.1460894486763,0.12614546838449314,1.5040021217459294,0.028746693818753777,0.001030776406404415,0.0,0.001030776406404415,27.888389412238148,0.03585721589075252
1,0.001,34,0.7751885369532429,0.7230781571698731,0.6806830512894164,558.10407239819,0.12484212758135982,1.4992413534151448,0.029645939602914926,0.001030776406404415,0.0,0.001030776406404415,28.760785965529397,0.03476956440615107
1,0.001,35,0.7889693677380414,0.7289428727039171,0.6485820141333407,558.3562698053418,0.12845291657140478,1.509090034770122,0.03180918699893527,0.001030776406404415,0.0,0.001030776406404415,30.859444202737453,0.03240499062232925
1,0.001,36,0.7714350521699682,0.7001117839401974,0.7447438446808957,559.5362165431725,0.1262881389411632,1.4938998952959528,0.030070509039514758,0.001030776406404415,0.0,0.001030776406404415,29.172678820237653,0.0342786483943422
1,0.001,37,0.8161356550832636,0.7599970805728259,0.5870104748831406,562.7215420880541,0.1290473350964021,1.5102789886071168,0.03182356992073321,0.001030776406404415,0.0,0.001030776406404415,30.8733976864499,0.03239034492270647
1,0.001,38,0.7873703477730324,0.7252176209607,0.6789172193848297,564.392312385601,0.12812447192845866,1.5030042271390747,0.03143834077985628,0.001030776406404415,0.0,0.001030776406404415,30.499670524590716,0.032787239429151814
1,0.001,39,0.7975853900817605,0.7339222333945049,0.6624637955595009,565.4685565828685,0.1262495944974944,1.504869070691426,0.029974681943891735,0.001030776406404415,0.0,0.001030776406404415,29.079712882108268,0.03438823498891095
1,0.001,40,0.7867641459142487,0.7285035842278715,0.6667724249355086,563.5771076079507,0.12658155703684315,1.500806241775972,0.031420621754021646,0.001030776406404415,0.0,0.001030776406404415,30.482480544567366,0.032805729131457496
1,0.001,41,0.7939006768575557,0.7315924026758794,0.6626488294254169,562.8069815195072,0.12910575451678596,1.5098605857992844,0.032806561463347005,0.001030776406404415,0.0,0.001030776406404415,31.827039559222964,0.031419824584665655
1,0.001,42,0.8071639978750854,0.7501313148384761,0.6204067643830692,561.6131896486302,0.1266601750976406,1.500632393091327,0.031834099360290316,0.001030776406404415,0.0,0.001030776406404415,30.88361274326696,0.032379631499492016
1,0.001,43,0.7847137637028014,0.722817168145544,0.6817693707795897,563.3629719853836,0.1272203390544746,1.506220834573556,0.030727939243648774,0.001030776406404415,0.0,0.001030776406404415,29.81047980214728,0.0335452500810795
1,0.001,44,0.7925689537269205,0.7331409123023716,0.6619883766581793,562.2947344426715,0.12668297719210386,1.511512681792509,0.030014930851652518,0.001030776406404415,0.0,0.001030776406404415,29.11876005811143,0.034342121642691174
1,0.001,45,0.7762012012012012,0.7214662390103362,0.6815332854391704,555.5945945945946,0.12658680285676382,1.507079682450229,0.0323097192512353,0.001030776406404415,0.0,0.001030776406404415,31.345031813387173,0.03190298245519436
1,0.001,46,0.7893243346882429,0.7262596112070184,0.6793510098990837,567.5465143032441,0.12747025521821342,1.505959993606917,0.030110695939463052,0.001030776406404415,0.0,0.001030776406404415,29.21166583982658,0.03423289878376675
1,0.001,47,0.7832151664611591,0.7162536126376068,0.7000865901092592,570.2971639950678,0.12621424463577569,1.5011869584301771,0.032471584069238606,0.001030776406404415,0.0,0.001030776406404415,31.50206375261047,0.0317439520106721
1,0.001,48,0.8110205963725792,0.7555087679842973,0.5968437266820498,568.7221026744544,0.1267448784201406,1.5014517347750516,0.03088133623249608,0.001030776406404415,0.0,0.001030776406404415,29.959296740422374,0.03337862062198399
1,0.001,49,0.7999244998112496,0.737782223986139,0.6507003562121908,558.7349943374859,0.1259840417187661,1.5036044190461706,0.031502147949846016,0.001030776406404415,0.0,0.001030776406404415,30.561572572011755,0.03272082932393991
1,0.0014,0,0.762613981762918,0.6870293457365855,0.792019376543461,562.3373860182371,0.12872350550605915,1.5089081715714951,0.02984592173647496,0.0014430869689661813,0.0,0.0014430869689661813,20.681997951832656,0.04835122807423877
1,0.0014,1,0.7142857142857143,0.6443160734700517,0.9034537689016818,562.3373860182371,0.12595107717788778,1.5099401412290323,0.030307333600841556,0.0014430869689661813,0.0,0.0014430869689661813,21.00173742304218,0.04761510821018285
1,0.0014,2,0.7429202192448234,0.671197550955537,0.8332839896321658,563.3629719853836,0.12663369337678887,1.4956188630023084,0.0340190156826296,0.0014430869689661813,0.0,0.0014430869689661813,23.573780662021093,0.04242000951553204
1,0.0014,3,0.7466859667834832,0.6647026746755945,0.8531345318031253,563.7914063690386,0.12745384918525815,1.5056753308586526,0.029681631017854055,0.0014430869689661813,0.0,0.0014430869689661813,20.56815123146583,0.04861885683095169
1,0.0014,4,0.7510126098586167,0.678074732038382,0.8190611108072099,565.5548337791364,0.12613616342423484,1.5037793468674248,0.02933247891450642,0.0014430869689661813,0.0,0.0014430869689661813,20.326203163985348,0.049197579692199164
1,0.0014,5,0.7381581929440205,0.6641527333129619,0.8542669271623234,559.0720707108861,0.126496428711107,1.4946408432711102,0.03262434208881279,0.0014430869689661813,0.0,0.0014430869689661813,22.607329142598157,0.044233442778330544
1,0.0014,6,0.782163414816476,0.7253688984574282,0.6707126435253367,553.2314420273603,0.1298559360729996,1.5161276528623349,0.03230628710516428,0.0014430869689661813,0.0,0.0014430869689661813,22.386930101869265,0.04466892045714217
1,0.0014,7,0.7180935170544387,0.6483949530652813,0.8849567674413905,557.2231759656653,0.12499888706952333,1.4961817436669218,0.027887181633816822,0.0014430869689661813,0.0,0.0014430869689661813,19.324671508741453,0.05174732204620675
1,0.0014,8,0.7411837333127557,0.6553587568665934,0.8962580804173403,571.0439848753762,0.1265100126620382,1.5055289004896126,0.03067375442273665,0.0014430869689661813,0.0,0.0014430869689661813,21.255652003226903,0.04704631031069695
1,0.0014,9,0.7311019180142911,0.6592306501520472,0.8672087834390176,556.6374576908612,0.12614617115468718,1.5000566262475061,0.02985015775067382,0.0014430869689661813,0.0,0.0014430869689661813,20.684933335693753,0.04834436658659219
1,0.0014,10,0.7496384258202025,0.6815127260228877,0.7964587309551555,563.3201644211007,0.1264660904998891,1.5005221517826801,0.031238840783703953,0.0014430869689661813,0.0,0.0014430869689661813,21.64723364253179,0.04619527910648278
1,0.0014,11,0.7312831230872583,0.6562781956749817,0.8770322786926088,552.4070314249459,0.12498795569990762,1.4926923383087594,0.03048819093660062,0.0014430869689661813,0.0,0.0014430869689661813,21.127064128672835,0.04733265322193246
1,0.0014,12,0.8604958420766301,0.8122492868730907,0.4532040901841475,575.1198414548846,0.12920833006501198,1.5240862197708562,0.030444329877787394,0.0014430869689661813,0.0,0.0014430869689661813,21.09667021634706,0.047400845239792176
1,0.0014,13,0.7380862472622913,0.6518282254899223,0.8912033282168873,558.9034816101503,0.12745987370726652,1.5003092420379849,0.029297471069030724,0.0014430869689661813,0.0,0.0014430869689661813,20.30194416488928,0.04925636637940451
1,0.0014,14,0.7274268104776579,0.6512610638409296,0.8853894853697803,570.1217257318953,0.12733096489682794,1.5062113767458576,0.02970703769301912,0.0014430869689661813,0.0,0.0014430869689661813,20.585757013869415,0.04857727599360381
1,0.0014,15,0.7511325883418907,0.6871149131615133,0.7799865697393459,558.7771066143159,0.12632813208620064,1.5026101971472068,0.030022217112095274,0.0014430869689661813,0.0,0.0014430869689661813,20.80416340645291,0.04806730174450687
1,0.0014,16,0.7040675364543362,0.6318648457226322,0.9345592163673032,567.9378357636224,0.12832204182632267,1.5141262951702728,0.03006512582451636,0.0014430869689661813,0.0,0.0014430869689661813,20.83389738184306,0.04799870046741756
1,0.0014,17,0.7425032102122516,0.6663651997040051,0.8491285643890163,558.9877634262407,0.12512201769277453,1.4957550103376955,0.03176552780396961,0.0014430869689661813,0.0,0.0014430869689661813,22.012206115842233,0.04542934019140852
1,0.0014,18,0.7273484217697374,0.6527136774620794,0.8838643385146812,560.1703883127697,0.12877272089826874,1.510807415930408,0.03161002558072795,0.0014430869689661813,0.0,0.0014430869689661813,21.90444946181808,0.0456528250912269
1,0.0014,19,0.7309322033898306,0.6545763487595195,0.880328757614649,559.9588377723971,0.12745116677251644,1.501386866717543,0.03149275098004726,0.0014430869689661813,0.0,0.0014430869689661813,21.82318298016957,0.045822829827742655
1,0.0014,20,0.7249144161278053,0.6554836097372816,0.8715392479522053,562.977938379612,0.13104242653935216,1.514785656152268,0.032593331696188735,0.0014430869689661813,0.0,0.0014430869689661813,22.58584021414759,0.044275527964357415
1,0.0014,21,0.7275586926499923,0.6629014660598859,0.8398669543452333,567.7638483965014,0.12567453453084454,1.4945859408717483,0.03039297477524452,0.0014430869689661813,0.0,0.0014430869689661813,21.061083239506946,0.04748093859313813
1,0.0014,22,0.7393653451031124,0.6710931807446081,0.8285774348019093,563.1489993151206,0.12805410951841623,1.5107730927995169,0.030180337342032567,0.0014430869689661813,0.0,0.0014430869689661813,20.913734231592137,0.04781546848240077
1,0.0014,23,0.7324913892078071,0.6645059623800142,0.8356379473380539,566.4190585533869,0.12643649950041436,1.50660188514872,0.030885925205572314,0.0014430869689661813,0.0,0.0014430869689661813,21.402677641596892,0.04672312580443034
1,0.0014,24,0.7420848834560777,0.6716545265906277,0.8271643893707489,561.8685748994002,0.1281494238646701,1.508632328303515,0.03170482878847195,0.0014430869689661813,0.0,0.0014430869689661813,21.970144191091336,0.04551631483627174
1,0.0014,25,0.7364305776968041,0.6662110831542655,0.8387803033434217,561.7834206331132,0.12744142758310772,1.5096836826832232,0.029838868734479846,0.0014430869689661813,0.0,0.0014430869689661813,20.67711051112618,0.04836265683553359
1,0.0014,26,0.7276056767892568,0.6601571633542535,0.8592082010273292,564.6502365328857,0.13153537895414047,1.5291732366289947,0.03277728742155423,0.0014430869689661813,0.0,0.0014430869689661813,22.713313976520542,0.04402704074947984
1,0.0014,27,0.7461350068881065,0.6739872833103816,0.8278563278444194,566.3757844787999,0.12840119525208138,1.5084568005132721,0.031166958389651944,0.0014430869689661813,0.0,0.0014430869689661813,21.5974220957589,0.046301822299262774
1,0.0014,28,0.7468819343484582,0.6763535829186509,0.8173848812478187,566.2460019894406,0.12824783389805816,1.4977182443609964,0.03161960126142166,0.0014430869689661813,0.0,0.0014430869689661813,21.911085015252926,0.04563899958874112
1,0.0014,29,0.7425437607993389,0.6723143179554865,0.8250309176293615,555.9695740365112,0.12960215480416082,1.5168494323686392,0.03310912051921062,0.0014430869689661813,0.0,0.0014430869689661813,22.9432606843715,0.043585783806273905
1,0.0014,30,0.730804179918219,0.6540955796332836,0.8764213646790707,560.3820990458883,0.12918557261582464,1.5069709333162598,0.03194942531141745,0.0014430869689661813,0.0,0.0014430869689661813,22.13963953558934,0.04516785372194095
1,0.0014,31,0.7296389588581025,0.6515867694244785,0.8905436552109717,564.865353789787,0.12649716308806092,1.501962927981428,0.030036662224530945,0.0014430869689661813,0.0,0.0014430869689661813,20.814173276090926,0.04804418540844435
1,0.0014,32,0.7703247395239182,0.70581832086451,0.7389180480180283,562.8069815195072,0.1289232429699041,1.51276053782532,0.032067422740467366,0.0014430869689661813,0.0,0.0014430869689661813,22.2214069076102,0.045001651072665814
1,0.0014,33,0.7242671864457606,0.652507820096807,0.8836282172474046,554.8046330309619,0.12911488002282567,1.5114454708360272,0.030338538648940084,0.0014430869689661813,0.0,0.0014430869689661813,21.023361239741792,0.04756613315047056
1,0.0014,34,0.7399044389642416,0.6680386871386809,0.8403237073786589,570.2971639950678,0.12680178543087095,1.49813463984182,0.032071060763699186,0.0014430869689661813,0.0,0.0014430869689661813,22.223927908291415,0.044996546250805416
1,0.0014,35,0.7343761981443141,0.6650904536545291,0.8488622908943706,567.4596273291926,0.12837923649931327,1.5103402988035939,0.03175884442501724,0.0014430869689661813,0.0,0.0014430869689661813,22.00757480872347,0.04543890041003587
1,0.0014,36,0.7524385633270322,0.6809874725203355,0.7910504809664649,559.578449905482,0.13067013211548328,1.5109991299335277,0.031166341633836667,0.0014430869689661813,0.0,0.0014430869689661813,21.596994709309893,0.0463027385735723
1,0.0014,37,0.7813071297989032,0.6857873386627882,0.8247973964750103,563.7056672760511,0.12668989502708428,1.4998040561081838,0.03315734538941027,0.0014430869689661813,0.0,0.0014430869689661813,22.976678538760552,0.043522391555117425
1,0.0014,38,0.7426106526631658,0.6741987278194552,0.8225924528340529,555.178544636159,0.12773484544595703,1.5144945105173873,0.03080236883969881,0.0014430869689661813,0.0,0.0014430869689661813,21.34477651181719,0.0468498697771029
1,0.0014,39,0.7463554649142684,0.6877732659183736,0.7683258962558385,558.9877634262407,0.12681007702485658,1.5128167928093306,0.030119568730380065,0.0014430869689661813,0.0,0.0014430869689661813,20.871624079564338,0.04791193997112626
1,0.0014,40,0.7156276039693963,0.6476616716012965,0.8905295312567459,560.5939701537762,0.12393792573129758,1.480521077488766,0.029967416880258006,0.0014430869689661813,0.0,0.0014430869689661813,20.7661890965078,0.04815520052103193
1,0.0014,41,0.7858674016230286,0.7189661692041398,0.705765615106148,566.5489205328433,0.12767659791279584,1.5154603647655107,0.0334194535048918,0.0014430869689661813,0.0,0.0014430869689661813,23.158308697661713,0.04318104629553408
1,0.0014,42,0.7289224952741021,0.6535499554949963,0.8767149576081451,559.578449905482,0.12715283702709712,1.5039797026026909,0.03039904612837521,0.0014430869689661813,0.0,0.0014430869689661813,21.065290437867997,0.047471455613180204
1,0.0014,43,0.7507466115322766,0.6785223173674478,0.8144981261504914,566.6788421778084,0.1269654648785945,1.5089349655607118,0.03106167820873271,0.0014430869689661813,0.0,0.0014430869689661813,21.524467254378376,0.0464587572914998
1,0.0014,44,0.7421833797935659,0.6784704460168381,0.8100856300248255,557.5584268816394,0.12880325704463758,1.509466191162014,0.03017895991660968,0.0014430869689661813,0.0,0.0014430869689661813,20.912779732346763,0.04781765087178983
1,0.0014,45,0.7211596842744383,0.6373999401827509,0.929235265095924,561.655737704918,0.12914348061894998,1.5053395800113338,0.031086352324077103,0.0014430869689661813,0.0,0.0014430869689661813,21.541565402913434,0.0464218816644009
1,0.0014,46,0.7405838753592497,0.6703769317142056,0.8250872861992954,559.7051883224929,0.1262040268338751,1.5018282357487474,0.031124109044018133,0.0014430869689661813,0.0,0.0014430869689661813,21.56772925911406,0.04636556718540137
1,0.0014,47,0.7361750282912108,0.6606742647232322,0.8624946930791302,558.3142210486609,0.129403107566759,1.518185688166724,0.030867817347902844,0.0014430869689661813,0.0,0.0014430869689661813,21.390129639945652,0.04675053479491398
1,0.0014,48,0.7342521159463711,0.6557024984715615,0.8714986612195924,554.3068683993708,0.12402283289702609,1.4923953079760022,0.028294191607320454,0.0014430869689661813,0.0,0.0014430869689661813,19.606712703940666,0.051002940426572094
1,0.0014,49,0.7463018318387369,0.6731543015279735,0.8252676083951599,567.1991262359163,0.127562613110058,1.507312574667427,0.032385094377511525,0.0014430869689661813,0.0,0.0014430869689661813,22.44154030488683,0.04456022119757269
1,0.0018,0,0.7050719152157456,0.6223353699384817,0.9745953936330599,560.2127176381529,0.1300996893842239,1.5184486778959996,0.03280925452136895,0.0018553975315279473,0.0,0.0018553975315279473,17.68314011625856,0.056551042033567415
1,0.0018,1,0.7432098765432099,0.6954562880961664,0.7658911254002857,571.0,0.1288383801584132,1.5084617960644784,0.030252044677246143,0.0018553975315279473,0.0,0.0018553975315279473,16.304885698717698,0.06133131004277113
1,0.0018,2,0.6624622356495469,0.5846165572262121,1.0807967671037901,558.9456193353475,0.1291709014622029,1.5088517110764683,0.031258293357824596,0.0018553975315279473,0.0,0.0018553975315279473,16.847221593575654,0.05935696841438411
1,0.0018,3,0.6792481203007519,0.5931066544232222,1.0589739631103754,556.4285714285714,0.12992151439539157,1.5130524976272066,0.03189470537268378,0.0018553975315279473,0.0,0.0018553975315279473,17.190227339807887,0.05817258726324534
1,0.0018,4,0.6812613430127041,0.6031507680105476,1.0372848887383248,559.6206896551724,0.12695910379989073,1.5145010842644777,0.03326306456039448,0.0018553975315279473,0.0,0.0018553975315279473,17.927729230620383,0.05577951268317964
1,0.0018,5,0.6693224068593975,0.5816405104083431,1.0962280932733066,561.5281129068974,0.12735512404469773,1.499329177847869,0.030044549832520348,0.0018553975315279473,0.0,0.0018553975315279473,16.19305260570128,0.06175487873410095
1,0.0018,6,0.69420061519994,0.6132424965777075,1.0009841131697141,555.2201215395004,0.12621813907753676,1.4992480698199624,0.03002927991939887,0.0018553975315279473,0.0,0.0018553975315279473,16.18482261031646,0.06178628113987386
1,0.0018,7,0.6613664029214851,0.577854652408332,1.1000846168900138,563.0206938527084,0.1274834937066771,1.5024079611987888,0.02954267856455343,0.0018553975315279473,0.0,0.0018553975315279473,15.922560024225428,0.06280397112515493
1,0.0018,8,0.6752679938744257,0.5910253990415905,1.067788064185827,566.635528330781,0.12915572876227088,1.5146611857926189,0.030267483306019135,0.0018553975315279473,0.0,0.0018553975315279473,16.313206626449166,0.06130002659186977
1,0.0018,9,0.6806709874189859,0.6012784721007055,1.021980119067137,564.2634388105223,0.12891594250686467,1.5132273659016164,0.02994867278381209,0.0018553975315279473,0.0,0.0018553975315279473,16.141377939178845,0.061952579498976326
1,0.0018,10,0.6813934364954773,0.6011216382015889,1.0372668672632503,553.2314420273603,0.12605676805833355,1.5006701807783922,0.030269500029568436,0.0018553975315279473,0.0,0.0018553975315279473,16.31429357601929,0.06129594244092311
1,0.0018,11,0.6836586299272867,0.6066507311727467,1.0204782485264619,566.4190585533869,0.1273798599431757,1.5045230619260055,0.030747467347439873,0.0018553975315279473,0.0,0.0018553975315279473,16.571902691990154,0.0603431011264228
1,0.0018,12,0.6892251539806858,0.6087163568845747,1.0204047813319996,562.7215420880541,0.12969980205525644,1.5254431535206918,0.029903272626819594,0.0018553975315279473,0.0,0.0018553975315279473,16.116908704839016,0.06204663799452778
1,0.0018,13,0.6547936846922432,0.5748803817213941,1.1061566442963289,564.4352833498589,0.12677968144998886,1.5058724475040117,0.030961878689247598,0.0018553975315279473,0.0,0.0018553975315279473,16.687463555990632,0.05992522450429622
1,0.0018,14,0.6745002289027926,0.5954526317071885,1.0227617262608832,564.6502365328857,0.12981215512263589,1.5186653864029278,0.03093280402585699,0.0018553975315279473,0.0,0.0018553975315279473,16.671793241194717,0.059981550006814925
1,0.0018,15,0.6781125726521872,0.5966946424312812,1.0564737695463544,565.9434077699602,0.12737757168360986,1.522104515816265,0.029619795331134204,0.0018553975315279473,0.0,0.0018553975315279473,15.964123497966426,0.06264045753137552
1,0.0018,16,0.6833320572697343,0.6087340453295411,1.0144204138876973,566.5922211163005,0.12705521981115453,1.4977124957796986,0.03048774283188127,0.0018553975315279473,0.0,0.0018553975315279473,16.431919474838455,0.06085716288539877
1,0.0018,17,0.6953693073096058,0.6142513495117584,0.9949973607360899,566.4190585533869,0.1300215605297126,1.526087449567127,0.03236133821582125,0.0018553975315279473,0.0,0.0018553975315279473,17.441727535969726,0.05733377028953812
1,0.0018,18,0.7175595461717634,0.6344852311826565,0.9608675601416048,556.0529716733038,0.12864874862134457,1.5075227901003732,0.029901017405367034,0.0018553975315279473,0.0,0.0018553975315279473,16.115693212517698,0.06205131773191489
1,0.0018,19,0.6673720807195224,0.5812242787645518,1.10739825189072,559.3251454916484,0.1270963982969988,1.5040106967760618,0.028540006426519725,0.0018553975315279473,0.0,0.0018553975315279473,15.382151771548715,0.06501041043227969
1,0.0018,20,0.6580451127819549,0.5773741173667294,1.089505171911695,556.4285714285714,0.12889277568319812,1.5126885431824744,0.030929759157153798,0.0018553975315279473,0.0,0.0018553975315279473,16.670152154230088,0.059987454868325706
1,0.0018,21,0.6955332725615314,0.6145849140626158,0.9981169583612802,562.1668185961714,0.1285437955521047,1.5086718561514925,0.030315597366348188,0.0018553975315279473,0.0,0.0018553975315279473,16.339138567993484,0.061202736964290544
1,0.0018,22,0.6660347311746417,0.5862058199808993,1.0853682634946886,561.1880640024266,0.1277583397750277,1.5120214433270327,0.03115451168004407,0.0018553975315279473,0.0,0.0018553975315279473,16.79128658449161,0.059554697906448545
1,0.0018,23,0.684002132033808,0.6016594602397382,1.040094325589579,563.4914337927358,0.1274361008836422,1.5046509415472937,0.030740373030371977,0.0018553975315279473,0.0,0.0018553975315279473,16.568079081714,0.060357027212870354
1,0.0018,24,0.6907416008670073,0.6072343692932917,1.0242176507849103,572.8532280538783,0.12902679151738994,1.5250081831238276,0.03196614014877745,0.0018553975315279473,0.0,0.0018553975315279473,17.228728402183904,0.05804258890477608
1,0.0018,25,0.7133348291077706,0.6395173842795476,0.9327245462331898,553.4792461296836,0.1288391121197492,1.5162665175753172,0.03080324912055841,0.0018553975315279473,0.0,0.0018553975315279473,16.601967285787794,0.060233825472964006
1,0.0018,26,0.6910859487803025,0.6076773674408564,1.0235204634548234,562.3800440762976,0.1306129014119506,1.5236252436397566,0.031287342598519514,0.0018553975315279473,0.0,0.0018553975315279473,16.862878206350704,0.0593018574743303
1,0.0018,27,0.6855407229638518,0.6048014657595095,1.020942019199944,555.0122993850307,0.1247333348437678,1.4917597811952903,0.03028534202419425,0.0018553975315279473,0.0,0.0018553975315279473,16.322831905060166,0.06126387907541918
1,0.0018,28,0.6677025695444554,0.5944595951486012,1.0351863699419586,560.9332979610399,0.12744938713149168,1.5148754647125324,0.02998760037681962,0.0018553975315279473,0.0,0.0018553975315279473,16.16235866829271,0.061872157432182114
1,0.0018,29,0.6953657258366399,0.6141635317071124,0.995415586645797,554.0583214793741,0.13202449670643546,1.527626354394217,0.03210184766930073,0.0018553975315279473,0.0,0.0018553975315279473,17.301870420655558,0.05779721935763466
1,0.0018,30,0.6715723081543775,0.5911048218860046,1.0654907866602021,555.6778795614957,0.12763307645218447,1.5013686343227763,0.03233780191290368,0.0018553975315279473,0.0,0.0018553975315279473,17.429042220549373,0.057375499315789676
1,0.0018,31,0.6747843346820368,0.6023139157355988,1.022689679735214,564.9514466753187,0.12847897454048507,1.5137235814859435,0.032557151837965995,0.0018553975315279473,0.0,0.0018553975315279473,17.547264823164177,0.056988938736474655
1,0.0018,32,0.6809534551470036,0.5976370033984199,1.0450499724197853,556.4703361154974,0.12813314751838334,1.5110699013402114,0.03163002986698611,0.0018553975315279473,0.0,0.0018553975315279473,17.04757569712746,0.058659367042347345
1,0.0018,33,0.6840878327568055,0.6013966138507963,1.0418611579732908,556.512107083772,0.12871848500799388,1.5141119583664848,0.031013253034883247,0.0018553975315279473,0.0,0.0018553975315279473,16.715152687167464,0.05982595664637385
1,0.0018,34,0.6977194812937845,0.6163631106742936,1.0017253892709312,551.5440453122671,0.12743551039602607,1.510069468541559,0.032153096500204155,0.0018553975315279473,0.0,0.0018553975315279473,17.329491903401212,0.0577050963510207
1,0.0018,35,0.6843278991079668,0.6101328344885221,1.012174096094424,569.0713626576438,0.12818124884506688,1.4976316601276995,0.03100950920124867,0.0018553975315279473,0.0,0.0018553975315279473,16.71313488043281,0.05983317954136582
1,0.0018,36,0.7022653721682848,0.6108163239510407,1.0243604538059567,570.2094313453537,0.12687105566146784,1.5092598062268032,0.0298031528634775,0.0018553975315279473,0.0,0.0018553975315279473,16.062947350659762,0.062255075495776094
1,0.0018,37,0.6832129963898917,0.6020576474642735,1.0447167641447674,556.5956678700361,0.1253689922450576,1.4967448247747956,0.03177505076558398,0.0018553975315279473,0.0,0.0018553975315279473,17.125737328871377,0.05839164649069752
1,0.0018,38,0.6921781723557324,0.6170403450052216,1.000657999302232,566.3757844787999,0.12739307471201755,1.50641229105285,0.02917691175831398,0.0018553975315279473,0.0,0.0018553975315279473,15.725423399850254,0.0635912925568365
1,0.0018,39,0.6942660723728942,0.6240680856460716,0.9759852256408483,559.0720707108861,0.12721215808414854,1.5040762386101565,0.030378867514054178,0.0018553975315279473,0.0,0.0018553975315279473,16.373239156482402,0.0610752698621693
1,0.0018,40,0.7091518197045835,0.63071269386895,0.9557750481736843,563.4486066697121,0.13025232436484657,1.5180210954649298,0.03168197598004458,0.0018553975315279473,0.0,0.0018553975315279473,17.075572992680446,0.05856318850492786
1,0.0018,41,0.6901163669336557,0.6139769307034465,0.9848018507662601,559.1985794166541,0.12845992084476165,1.5077138907257652,0.03259240679752702,0.0018553975315279473,0.0,0.0018553975315279473,17.56626612017032,0.0569272942331073
1,0.0018,42,0.6734709421890471,0.5890554900746363,1.0922739988645942,563.6628075253257,0.1264710119285155,1.502167941120978,0.03001164741028661,0.0018553975315279473,0.0,0.0018553975315279473,16.175319251164236,0.061822581951699276
1,0.0018,43,0.6917161565402772,0.6051707118689214,1.0301264255354579,563.4486066697121,0.12914263625862077,1.5167502046962755,0.0315439732159117,0.0018553975315279473,0.0,0.0018553975315279473,17.001193911223314,0.058819398521173946
1,0.0018,44,0.6873237289427547,0.6090120298390287,1.009665618694275,564.0916990624286,0.125141055585118,1.5021431318139904,0.028881146195753195,0.0018553975315279473,0.0,0.0018553975315279473,15.566015209672692,0.06424251721009511
1,0.0018,45,0.7013319286628038,0.6193111173851518,0.9901801285381531,556.8883286929039,0.12810685214935802,1.5080811151784417,0.03334546138629818,0.0018553975315279473,0.0,0.0018553975315279473,17.9721384876683,0.055641681188143326
1,0.0018,46,0.7056208559373116,0.6290847181668309,0.9565559270001013,557.6003616636528,0.12702638719929382,1.5056461520511115,0.029703953117848854,0.0018553975315279473,0.0,0.0018553975315279473,16.009481856638676,0.06246298343411587
1,0.0018,47,0.6853549511326615,0.6032915018093128,1.0324467767790246,560.6787635426926,0.12813942891079932,1.5083162443261768,0.029516741389834518,0.0018553975315279473,0.0,0.0018553975315279473,15.908580715598477,0.06285915870669047
1,0.0018,48,0.6794047262937482,0.5983177519626143,1.055885339616755,553.4379300029914,0.12519726852769963,1.4901629195985642,0.02956165118699232,0.0018553975315279473,0.0,0.0018553975315279473,15.932785661651637,0.06276366363271199
1,0.0018,49,0.6838975297346752,0.6027269769127279,1.0295953888407627,564.220494053065,0.126992444798816,1.5016274614142155,0.02863638801905866,0.0018553975315279473,0.0,0.0018553975315279473,15.434098371078553,0.06479160466372735
1,0.0026,0,0.681605199516324,0.5951513569135857,1.0833193275375843,559.2829504232164,0.132808869384462,1.5279223909854198,0.03335826647347593,0.0026800186566514794,0.0,0.0026800186566514794,12.4470277065739,0.08034046549698365
1,0.0026,1,0.6536450322977545,0.5711474849468282,1.1740457679663767,569.0713626576438,0.12709905076189898,1.5037269806365905,0.02958750199683128,0.0026800186566514794,0.0,0.0026800186566514794,11.040035830869575,0.0905794161649233
1,0.0026,2,0.6391039615124408,0.5535597013109481,1.204205005172396,556.3033150417199,0.13021933543495834,1.5103121719241883,0.031028846176538977,0.0026800186566514794,0.0,0.0026800186566514794,11.577847079358632,0.08637184384502997
1,0.0026,3,0.6213345302214243,0.5261942483182973,1.2881223287941712,553.6032315978456,0.13178055270691402,1.5204538594646122,0.0326567281578839,0.0026800186566514794,0.0,0.0026800186566514794,12.185261500636903,0.0820663553217739
1,0.0026,4,0.5921191156564897,0.499805927614208,1.3649558933994512,556.512107083772,0.12902064641821198,1.5148226783143344,0.03228821254573627,0.0026800186566514794,0.0,0.0026800186566514794,12.047756632440176,0.08300300466788713
1,0.0026,5,0.6261519867049403,0.5330919251179509,1.275811006105006,559.0299138842726,0.12703249414335005,1.5040655043057307,0.03195597351454515,0.0026800186566514794,0.0,0.0026800186566514794,11.923787707684168,0.08386596813993592
1,0.0026,6,0.6193899947021873,0.532636308551218,1.2582064705925275,560.0857488836751,0.13008087492198683,1.515294678667384,0.03295666879227922,0.0026800186566514794,0.0,0.0026800186566514794,12.297178868693615,0.0813194644623588
1,0.0026,7,0.5804966412559438,0.48741372091230467,1.3846719396270293,558.5666088006642,0.1306242535065394,1.5126792455022986,0.028580182989996046,0.0026800186566514794,0.0,0.0026800186566514794,10.664173146356097,0.09377192083023295
1,0.0026,8,0.6256639854302626,0.5395184434768512,1.2393214430347594,561.57064804978,0.12899185629794374,1.511655135174438,0.033332685404522035,0.0026800186566514794,0.0,0.0026800186566514794,12.437482598038777,0.08040212254509498
1,0.0026,9,0.6425907603318365,0.5619051435582926,1.183344156391407,563.2345688408554,0.12720217107562348,1.5030931674885117,0.02862933087398378,0.0026800186566514794,0.0,0.0026800186566514794,10.682511781374831,0.0936109428630371
1,0.0026,10,0.5952783758843433,0.5148558489130991,1.3137854307134458,569.0713626576438,0.1282834351004567,1.5042405429764338,0.030344098601588092,0.0026800186566514794,0.0,0.0026800186566514794,11.322346031538899,0.08832091840458288
1,0.0026,11,0.5778575794621027,0.47640485282782363,1.4419946152086718,565.4254278728606,0.12752865176298656,1.5132763098746982,0.03063495014117709,0.0026800186566514794,0.0,0.0026800186566514794,11.430871969918895,0.08748239002515004
1,0.0026,12,0.6184200502780529,0.5285438666594126,1.2790752949806414,563.7485335567914,0.1299886055639945,1.522865028162331,0.033781465598535294,0.0026800186566514794,0.0,0.0026800186566514794,12.604936728590982,0.07933399599950099
1,0.0026,13,0.6241297528880728,0.5312717221810532,1.2692402386024344,566.1595134266697,0.13045641384087503,1.5203865508158452,0.03167990474863735,0.0026800186566514794,0.0,0.0026800186566514794,11.820777691234234,0.08459680286023447
1,0.0026,14,0.5741818456654826,0.4837829613790801,1.42442424315719,559.3251454916484,0.12477319609024562,1.4984911632407125,0.02700395897892485,0.0026800186566514794,0.0,0.0026800186566514794,10.076033952936976,0.09924539800786586
1,0.0026,15,0.5858941687902863,0.5075857448055213,1.3268723171934553,554.6801079298456,0.13261753524420783,1.5269504640730296,0.034526840843159455,0.0026800186566514794,0.0,0.0026800186566514794,12.883059883731796,0.07762131116558414
1,0.0026,16,0.6029787874228976,0.5143521578272636,1.3370773727481924,556.6792537987062,0.12894294402212836,1.5111053388095539,0.02942211645197493,0.0026800186566514794,0.0,0.0026800186566514794,10.978325236263869,0.09108857484899206
1,0.0026,17,0.6204301892528692,0.5282210479701132,1.2780589411460823,562.4653796458159,0.12959179416066036,1.524311145132184,0.031544096482285414,0.0026800186566514794,0.0,0.0026800186566514794,11.770103317749976,0.08496102141193135
1,0.0026,18,0.617053216242588,0.5302460766783998,1.2604834154814357,555.469714028372,0.12922302485094406,1.5148407969101303,0.03193364108705122,0.0026800186566514794,0.0,0.0026800186566514794,11.915454770359831,0.08392461884774552
1,0.0026,19,0.613947128532361,0.5330196924162163,1.254537426327271,562.1668185961714,0.12902803198085167,1.5119004549654167,0.03170734591560397,0.0026800186566514794,0.0,0.0026800186566514794,11.831016861360352,0.08452358843862033
1,0.0026,20,0.6052930056710775,0.5196753178930597,1.2938653123649966,559.578449905482,0.12810343818273395,1.510419037310847,0.030314907439045524,0.0026800186566514794,0.0,0.0026800186566514794,11.311453882534593,0.08840596535022312
1,0.0026,21,0.6102681992337164,0.5235068581311813,1.2993823408166785,567.0689655172414,0.13110374403186142,1.5170434047787575,0.031220530924914384,0.0026800186566514794,0.0,0.0026800186566514794,11.649370741292728,0.08584154648416918
1,0.0026,22,0.56560778691617,0.49119477698984515,1.3851802302412655,558.398324907568,0.1303640886908397,1.5169067170919952,0.031113120322920525,0.0026800186566514794,0.0,0.0026800186566514794,11.60929243746179,0.08613789388000256
1,0.0026,23,0.615419638791926,0.5262797533609959,1.2885329804211336,561.57064804978,0.13079741824185476,1.517439353595127,0.031717858913545456,0.0026800186566514794,0.0,0.0026800186566514794,11.834939594478419,0.08449557279249226
1,0.0026,24,0.5837551771744133,0.49492263485575055,1.371069819012881,567.5899677864703,0.12779316792148165,1.5117641131155017,0.03272118971281344,0.0026800186566514794,0.0,0.0026800186566514794,12.20931415219944,0.08190468256727226
1,0.0026,25,0.6335704555774179,0.5543398090185958,1.2048661815262904,560.0434387770547,0.13143818781827576,1.5231650572521973,0.03178076391074083,0.0026800186566514794,0.0,0.0026800186566514794,11.858411444959478,0.08432832716603529
1,0.0026,26,0.590954388654657,0.499454438438505,1.3745807327802744,567.2859333077807,0.12941078181029297,1.5189717401508294,0.030814494632850506,0.0026800186566514794,0.0,0.0026800186566514794,11.497865716857115,0.08697266298160812
1,0.0026,27,0.5983197093551317,0.5055837161376779,1.351486742852228,560.1280653950954,0.12662286948761903,1.4991491958301464,0.031129645910703444,0.0026800186566514794,0.0,0.0026800186566514794,11.615458658634132,0.08609216643000737
1,0.0026,28,0.5861413250171141,0.49732785480080444,1.3612715747340711,562.8924469460713,0.1281651214521844,1.5033277746832174,0.030620919341125607,0.0026800186566514794,0.0,0.0026800186566514794,11.425636633210825,0.08752247529851478
1,0.0026,29,0.6201041430835409,0.5366583665427705,1.2562573756432935,558.4824541544034,0.13231390184955671,1.5241590239893497,0.03292572202201813,0.0026800186566514794,0.0,0.0026800186566514794,12.285631646742646,0.08139589634083937
1,0.0026,30,0.5876773655057288,0.5029083027965191,1.330651277828838,561.5281129068974,0.12989079902763478,1.513545395549532,0.03134857552993606,0.0026800186566514794,0.0,0.0026800186566514794,11.697148246387284,0.0854909229955989
1,0.0026,31,0.610310379013193,0.5251148303511969,1.2747575562899311,564.3493479752917,0.13064978807233274,1.516794217116708,0.032868471097671034,0.0026800186566514794,0.0,0.0026800186566514794,12.264269510249676,0.08153767325190182
1,0.0026,32,0.6035400885022125,0.5305639836987788,1.2384572134637872,555.0538513462836,0.13190804852638394,1.5154158197038576,0.033085573212593915,0.0026800186566514794,0.0,0.0026800186566514794,12.345277198156646,0.08100263638870066
1,0.0026,33,0.6058899627121224,0.5247099760663273,1.289786657190125,563.1489993151206,0.13114461945951916,1.5179014485949076,0.033206562802509235,0.0026800186566514794,0.0,0.0026800186566514794,12.390422253253572,0.08070749967680983
1,0.0026,34,0.5964698721850273,0.5044580099142438,1.3419566076356113,563.0206938527084,0.12882894880021922,1.5066169765517339,0.03084763011192988,0.0026800186566514794,0.0,0.0026800186566514794,11.510229615517721,0.08687923989386208
1,0.0026,35,0.6029087032665804,0.520591262096944,1.2935122883025139,563.4914337927358,0.12892593574360944,1.510480960217406,0.03169386098035916,0.0026800186566514794,0.0,0.0026800186566514794,11.82598520413239,0.08455955108506029
1,0.0026,36,0.6134280476626948,0.5281570815804958,1.2827986877965578,565.2529789184234,0.13200079940725118,1.5198311705272491,0.033834267808597586,0.0026800186566514794,0.0,0.0026800186566514794,12.624638908622916,0.0792101863061586
1,0.0026,37,0.6257859253086887,0.5391373937556707,1.250798747710768,560.5939701537762,0.1263588952133432,1.5059265288543098,0.031184555951374836,0.0026800186566514794,0.0,0.0026800186566514794,11.635947337149528,0.08594057458539266
1,0.0026,38,0.5950920245398773,0.5089986436058844,1.3324405578647076,567.5030674846626,0.12984140511252917,1.5226214672657177,0.028941822087356007,0.0026800186566514794,0.0,0.0026800186566514794,10.799112168688055,0.09260020494087398
1,0.0026,39,0.6159933675007537,0.5350882706234551,1.2563479640956432,557.7681640036177,0.12926015624543652,1.5144520938868506,0.03204321144744568,0.0026800186566514794,0.0,0.0026800186566514794,11.95633894858095,0.08363764228335849
1,0.0026,40,0.8603603603603603,0.8110026198880298,0.49865773513377826,555.5945945945946,0.13123094954062253,1.5178656660874552,0.03494248719407218,0.0026800186566514794,0.0,0.0026800186566514794,13.038150726059012,0.0766979935276654
1,0.0026,41,0.5384733527875902,0.43366446769091704,1.600523659317561,568.2861311626478,0.12958219248685054,1.5191934062190895,0.03133839007491566,0.0026800186566514794,0.0,0.0026800186566514794,11.69334772992628,0.08551870885022457
1,0.0026,42,0.6128025574668899,0.5255190657884393,1.3164170706430942,563.2773633734206,0.12933047566912137,1.5106122195251719,0.0312898249686988,0.0026800186566514794,0.0,0.0026800186566514794,11.67522654778588,0.0856514428998076
1,0.0026,43,0.6122824503565131,0.5185574069279963,1.3095682081915085,567.3727670014567,0.1284931692352984,1.5140677201565163,0.029559848914593425,0.0026800186566514794,0.0,0.0026800186566514794,11.029717588431515,0.09066415272942681
1,0.0026,44,0.5877828054298643,0.49570816572984716,1.396600854822518,558.10407239819,0.12743131158640608,1.5091816097692408,0.029749033109490185,0.0026800186566514794,0.0,0.0026800186566514794,11.100308214518101,0.09008758862137713
1,0.0026,45,0.5812136071100215,0.49131156688143424,1.3796221972691807,566.9822249463683,0.12815834299544804,1.5013363522946284,0.029196043436005386,0.0026800186566514794,0.0,0.0026800186566514794,10.893970220522297,0.09179389880432924
1,0.0026,46,0.6209155305049889,0.5391593674092288,1.2457386163069128,563.6628075253257,0.12949300618492998,1.5103795355490266,0.03012418187848815,0.0026800186566514794,0.0,0.0026800186566514794,11.240288124011228,0.08896569100073373
1,0.0026,47,0.5969411048546645,0.5051432003688953,1.3502604056786296,563.1062243189773,0.12963401901652105,1.5185038820807362,0.031620382768807395,0.0026800186566514794,0.0,0.0026800186566514794,11.798568151878145,0.08475604727009318
1,0.0026,48,0.6208087163354562,0.5279282679288969,1.2889786699854948,567.8073352259648,0.1292748004780151,1.520034455976889,0.032011657791632876,0.0026800186566514794,0.0,0.0026800186566514794,11.944565278373659,0.0837200832926552
1,0.0026,49,0.6069165585159172,0.5230733207864878,1.283250687442829,564.9514466753187,0.1297029034467414,1.51442670324638,0.029316399137650016,0.0026800186566514794,0.0,0.0026800186566514794,10.93887875179163,0.0914170476417626
1,0.0037,0,0.4799130565132664,0.38897442081651706,1.793398983897047,554.6801079298456,0.12840641295770183,1.5096900541428235,0.030708601390074433,0.0038138727036963363,0.0,0.0038138727036963363,8.051816034738708,0.12419558465886525
1,0.0037,1,0.5408085430968727,0.44555586308390366,1.59267377923326,564.4782608695652,0.1324587430281099,1.5175228790122635,0.03302563541729431,0.0038138727036963363,0.0,0.0038138727036963363,8.659343922330303,0.11548218998684737
1,0.0037,2,0.515213134508209,0.41665022626563586,1.6775658854947393,557.3488477180298,0.1293143432121724,1.5136178370754412,0.029488767579185515,0.0038138727036963363,0.0,0.0038138727036963363,7.731974785263686,0.12933306532580688
1,0.0037,3,0.5539078459559658,0.46393439485708177,1.5372224731311435,559.9165468714534,0.13039372125058435,1.5159911990933816,0.029476157779137084,0.0038138727036963363,0.0,0.0038138727036963363,7.728668487170357,0.1293883935712868
1,0.0037,4,0.5321668300776831,0.4443161787433478,1.579891927894116,558.1460894486763,0.13258806636440568,1.5284980208933892,0.03266975448117251,0.0038138727036963363,0.0,0.0038138727036963363,8.566031700405096,0.11674017035831295
1,0.0037,5,0.5127459236010105,0.42121745370602637,1.6760996769894787,566.5056265788869,0.12743015852174722,1.501367495733092,0.030753701790191428,0.0038138727036963363,0.0,0.0038138727036963363,8.063641390124399,0.12401345144449347
1,0.0037,6,0.5413499543934327,0.4477443729845899,1.597118353031747,562.508057160231,0.13325274581438862,1.528568753642829,0.033768785018651284,0.0038138727036963363,0.0,0.0038138727036963363,8.854198249963401,0.11294077360467206
1,0.0037,7,0.5965097831835008,0.5140728233189313,1.3918108072912838,559.0720707108861,0.1318940699857194,1.5274848456726036,0.033638929537208206,0.0038138727036963363,0.0,0.0038138727036963363,8.820150054983735,0.11337675592434625
1,0.0037,8,0.5038277874630486,0.4170892159308971,1.658761182563933,560.9332979610399,0.13338490622118115,1.5214863272835317,0.031005721697812048,0.0038138727036963363,0.0,0.0038138727036963363,8.129721180196146,0.12300544850615318
1,0.0037,9,0.5240881458966565,0.4343734311290052,1.6291185207389556,562.3373860182371,0.131591087061679,1.514327924732258,0.03163106683726394,0.0038138727036963363,0.0,0.0038138727036963363,8.293687098315495,0.12057363487984818
1,0.0037,10,0.5290916059793024,0.43871378321405174,1.6238835354365009,567.2859333077807,0.12828407899360172,1.5053258548856898,0.0319998260555092,0.0038138727036963363,0.0,0.0038138727036963363,8.390376014515521,0.11918416984768973
1,0.0037,11,0.517562452687358,0.42181789860028096,1.635550222605225,560.2127176381529,0.12995351682184264,1.5133687099092237,0.02914680636109299,0.0038138727036963363,0.0,0.0038138727036963363,7.6423123228115175,0.13085044915203253
1,0.0037,12,0.5343951459992415,0.45772178834271116,1.4720611946532116,561.2730375426621,0.13221749902004376,1.5315945649570288,0.034442830076341864,0.0038138727036963363,0.0,0.0038138727036963363,9.030933319552195,0.11073052636043441
1,0.0037,13,0.5326621754598441,0.42905084925540615,1.6573894816926769,560.1703883127697,0.12885323126101866,1.5241415795910966,0.02946884684703175,0.0038138727036963363,0.0,0.0038138727036963363,7.726751555832233,0.12942049356371366
1,0.0037,14,0.5169794459338696,0.41896856295512813,1.6746268553402164,551.1340482573727,0.13250711644650437,1.5242498244850164,0.03147975882911578,0.0038138727036963363,0.0,0.0038138727036963363,8.254014036337963,0.12115317415230219
1,0.0037,15,0.5114562509610949,0.4133665424585305,1.697851546601358,568.9840073812087,0.12775582820177078,1.5114236546728863,0.0291317883823269,0.0038138727036963363,0.0,0.0038138727036963363,7.638374598631176,0.13091790499240552
1,0.0037,16,0.5128165888744357,0.4236540800619144,1.6557926238087466,566.2460019894406,0.12954042150522582,1.5202835185796912,0.030708699182419173,0.0038138727036963363,0.0,0.0038138727036963363,8.05184167595758,0.12419518915603532
1,0.0037,17,0.5807501664570541,0.49676582018370913,1.4377505736049094,547.5117999556114,0.1302573427092284,1.5125434513028622,0.031193456578328213,0.0038138727036963363,0.0,0.0038138727036963363,8.178945392722751,0.12226515179936938
1,0.0037,18,0.4920288765227854,0.40353483990894445,1.7235126001637648,556.512107083772,0.1299299387319479,1.5219569947045886,0.02861470207402673,0.0038138727036963363,0.0,0.0038138727036963363,7.50279421919192,0.13328367682563255
1,0.0037,19,0.5672016429603712,0.48040952221252664,1.4722696205084975,562.8924469460713,0.1317020844144281,1.5118099673134688,0.03159271987982952,0.0038138727036963363,0.0,0.0038138727036963363,8.283632500164577,0.12071998606651517
1,0.0037,20,0.5117791035643261,0.41897954019746436,1.6923515574798602,566.0298301973382,0.12855738709913567,1.5080266408928615,0.030746706460861223,0.0038138727036963363,0.0,0.0038138727036963363,8.06180721004717,0.12404166633428447
1,0.0037,21,0.5557088122605364,0.4711466609656284,1.525833445641682,567.0689655172414,0.12984696548664942,1.519648485992228,0.03248018941166575,0.0038138727036963363,0.0,0.0038138727036963363,8.516327611088471,0.11742150439327569
1,0.0037,22,0.502116850127011,0.4156571637818676,1.7023593763546394,569.6398275729351,0.12775902220164426,1.5085542654816768,0.03171383743305894,0.0038138727036963363,0.0,0.0038138727036963363,8.315389604462274,0.12025894727330295
1,0.0037,23,0.5137985191833072,0.4244883026585728,1.645453967835919,553.4792461296836,0.13461249208194204,1.5228887197682084,0.03468715958900143,0.0038138727036963363,0.0,0.0038138727036963363,9.09499668286864,0.10995056236618564
1,0.0037,24,0.5021055049383661,0.41691718972451297,1.64547350267198,566.5922211163005,0.13068682319135405,1.527400786572061,0.032003212382932585,0.0038138727036963363,0.0,0.0038138727036963363,8.391263911854125,0.11917155871922054
1,0.0037,25,0.54388642955274,0.45686116863152804,1.5420970965811756,564.8223172034803,0.13174915322451852,1.5284308866563956,0.029450878412751694,0.0038138727036963363,0.0,0.0038138727036963363,7.722040220222462,0.1294994549991079
1,0.0037,26,0.5137090632140137,0.42279328305462976,1.6673413900564422,563.6199543031227,0.12981706956634298,1.5105820636363563,0.02840089878835423,0.0038138727036963363,0.0,0.0038138727036963363,7.446734853218513,0.13428704253754858
1,0.0037,27,0.6175438596491228,0.532172755251798,1.338711102142135,564.4782608695652,0.12993602591450326,1.5182889042442764,0.03077425288498867,0.0038138727036963363,0.0,0.0038138727036963363,8.06902990106692,0.12393063506528536
1,0.0037,28,0.5366595679951324,0.4371218896240924,1.6240923357932513,562.849710982659,0.13003575665061362,1.5147604627267903,0.02996463747151996,0.0038138727036963363,0.0,0.0038138727036963363,7.85674819258618,0.12727912050733972
1,0.0037,29,0.5340282035561006,0.44338135266726275,1.593037549877839,567.1557326793378,0.13160366655210964,1.527818441072725,0.030739471970710554,0.0038138727036963363,0.0,0.0038138727036963363,8.059910321841214,0.12407085936057402
1,0.0037,30,0.5287199332271038,0.4349354461803445,1.6399314925838857,561.5281129068974,0.12794475562986918,1.5058533693051053,0.02924496561162139,0.0038138727036963363,0.0,0.0038138727036963363,7.668049744627737,0.13041125622595282
1,0.0037,31,0.538821543655056,0.4463309361314491,1.5916622700943521,567.7638483965014,0.13371865020599216,1.5357500802677946,0.032701143641937956,0.0038138727036963363,0.0,0.0038138727036963363,8.574261959567922,0.11662811384997532
1,0.0037,32,0.5310549550920992,0.4348974681974539,1.6180967206318972,563.2773633734206,0.12947595218429342,1.5231707941834172,0.030822593631186994,0.0038138727036963363,0.0,0.0038138727036963363,8.081704877384684,0.12373626792514222
1,0.0037,33,0.5231353848446465,0.432767750588027,1.609873435278898,551.4209820430668,0.1319867017737124,1.5245807936179265,0.030860160911171497,0.0038138727036963363,0.0,0.0038138727036963363,8.091555043581394,0.12358563893021374
1,0.0037,34,0.48245350929814035,0.39032111524694185,1.7736934301611282,554.9292141571685,0.12836654440616257,1.5052484432953697,0.029032137034886926,0.0038138727036963363,0.0,0.0038138727036963363,7.6122459479965086,0.1313672741043257
1,0.0037,35,0.5503739887040147,0.45672096222817826,1.5590521238583686,564.8223172034803,0.13253840210381895,1.5283398670251354,0.03422449985963177,0.0038138727036963363,0.0,0.0038138727036963363,8.973686989201816,0.11143691564050721
1,0.0037,36,0.5108303249097473,0.41920637826035284,1.6787019296945747,556.5956678700361,0.13281201873905957,1.5156270409130406,0.03034638546563668,0.0038138727036963363,0.0,0.0038138727036963363,7.956842774596413,0.1256779891633239
1,0.0037,37,0.5379125095932463,0.45137847057984765,1.5410207670877427,567.9378357636224,0.13075620555900969,1.51941988825871,0.03254971404362426,0.0038138727036963363,0.0,0.0038138727036963363,8.534557016566826,0.11717069767755414
1,0.0037,38,0.5179463530858505,0.43146041701729465,1.6270383585475159,568.765736684344,0.1310871334571857,1.5241053060210552,0.032773995386043364,0.0038138727036963363,0.0,0.0038138727036963363,8.593363736099374,0.11636886680347963
1,0.0037,39,0.5271639042357275,0.43902237977334196,1.609010430436871,567.8508287292817,0.13007236443809234,1.5199774141366527,0.029538701061893085,0.0038138727036963363,0.0,0.0038138727036963363,7.745067378170412,0.12911443518471058
1,0.0037,40,0.5150297504056873,0.4330016135882517,1.6232959705888794,571.8368750482961,0.13073931529652327,1.5171152792801899,0.030020311623705883,0.0038138727036963363,0.0,0.0038138727036963363,7.871345992909187,0.1270430750853588
1,0.0037,41,0.5383439100848689,0.4384016328479443,1.6245769643431924,565.8138236868263,0.12978495567222126,1.5200584748832606,0.03210942371363666,0.0038138727036963363,0.0,0.0038138727036963363,8.419112594533319,0.11877736385772036
1,0.0037,42,0.5401570048309179,0.4320991265739024,1.6447196012032226,558.6086956521739,0.12984905164921656,1.514997243380191,0.031294445041302396,0.0038138727036963363,0.0,0.0038138727036963363,8.205424635953998,0.12187059711916248
1,0.0037,43,0.5953043870870645,0.5143703902077064,1.3881369842377818,556.8883286929039,0.12948221320402808,1.5121073798583218,0.03204481115505462,0.0038138727036963363,0.0,0.0038138727036963363,8.402171138013435,0.11901685690211194
1,0.0037,44,0.5270833333333333,0.43464494653247354,1.6160875883799035,550.6428571428571,0.13179350818973035,1.5190158448897155,0.032130801995295354,0.0038138727036963363,0.0,0.0038138727036963363,8.424717994429852,0.11869833514441283
1,0.0037,45,0.5286340225997387,0.43770869381497424,1.6344374979357463,568.8530248289645,0.13208574411692098,1.527754385375967,0.030673284753021366,0.0038138727036963363,0.0,0.0038138727036963363,8.042555988639414,0.12433858109443802
1,0.0037,46,0.5297108598315247,0.4345549642719185,1.624949785336559,561.6131896486302,0.13343603274552152,1.5264608300091917,0.03330129582834257,0.0038138727036963363,0.0,0.0038138727036963363,8.731622268375018,0.1145262551750424
1,0.0037,47,0.5364108743128247,0.4496273788371803,1.5671257173753557,557.3069508246103,0.12936852136044763,1.5079537363986582,0.031538687884223406,0.0038138727036963363,0.0,0.0038138727036963363,8.269465274406427,0.12092680322329293
1,0.0037,48,0.544435056455949,0.45164878950933257,1.5639287468969372,568.4168522928028,0.13248482713242993,1.52399377076873,0.033058285993315735,0.0038138727036963363,0.0,0.0038138727036963363,8.667904925425603,0.11536813204615289
1,0.0037,49,0.5485964382734682,0.4477546962591785,1.5864419306787565,558.4403863567763,0.13122028659563512,1.5293856279620286,0.029997885416557044,0.0038138727036963363,0.0,0.0038138727036963363,7.865465826241038,0.12713805159050665
1,0.0054,0,0.4283079760258183,0.3391046283970303,2.019649247749013,568.6348547717843,0.13298822558135726,1.5383302145956548,0.029752352053922335,0.005566192594583842,0.0,0.005566192594583842,5.345189112369687,0.18708411975281247
1,0.0054,1,0.46691176470588236,0.37476404804566643,1.8993664369192242,555.2617046818727,0.1331811512936838,1.5254108880753123,0.03128289352058775,0.005566192594583842,0.0,0.005566192594583842,5.620160098489482,0.17793087429462512
1,0.0054,2,0.4313201496525922,0.3454672767323179,1.9852342380659027,565.037565854776,0.12994954432360828,1.515275895552971,0.031085914087885816,0.005566192594583842,0.0,0.005566192594583842,5.584771557874914,0.17905835353102864
1,0.0054,3,0.4203075049474806,0.33629315054837633,2.035691715418706,563.2773633734206,0.13107864520861767,1.5204019524554209,0.029942199463012607,0.005566192594583842,0.0,0.005566192594583842,5.379296342018011,0.18589791980578188
1,0.0054,4,0.46076565948702336,0.37635091887309086,1.9061668938332879,563.2345688408554,0.1330190857697744,1.5337067538754425,0.031281888120104344,0.005566192594583842,0.0,0.005566192594583842,5.619979472241589,0.17793659299633335
1,0.0054,5,0.4537671232876712,0.36601326507842735,1.9325743085089664,550.9702203692674,0.1340892696462106,1.5316833320571033,0.031616514117366004,0.005566192594583842,0.0,0.005566192594583842,5.680097046611413,0.17605333003888937
1,0.0054,6,0.45161538461538464,0.36027467999780477,1.965857636851092,569.2461538461539,0.13105995941441506,1.5237123211000734,0.030705926013225526,0.005566192594583842,0.0,0.005566192594583842,5.516504413286702,0.1812742137197359
1,0.0054,7,0.4197312859884837,0.3273881139950477,2.0795183664074783,568.1554702495201,0.13333050141227432,1.520952671859637,0.029203529447972037,0.005566192594583842,0.0,0.005566192594583842,5.246589828096928,0.19059999595255675
1,0.0054,8,0.44920235096557515,0.3505457561856509,2.006776450459324,564.865353789787,0.1310651102103293,1.5199578726565028,0.030247759155006167,0.005566192594583842,0.0,0.005566192594583842,5.434191979709543,0.18401999850830628
1,0.0054,9,0.46935109647481477,0.37930565167303537,1.9055705461327377,553.8927475488362,0.13218817923916504,1.5214752772714846,0.029901296131590056,0.005566192594583842,0.0,0.005566192594583842,5.371947812349392,0.1861522179536319
1,0.0054,10,0.4360430364614465,0.3537748310667381,1.9967466951507118,552.9426180514047,0.13344460254302248,1.5349717092834227,0.03279471786802238,0.005566192594583842,0.0,0.005566192594583842,5.891768441489632,0.1697283268904518
1,0.0054,11,0.4316910581564631,0.34238257605285094,1.976667666562661,567.025591908666,0.13555065251421183,1.5394758134658195,0.03293024389586074,0.005566192594583842,0.0,0.005566192594583842,5.916116508060349,0.1690298016676245
1,0.0054,12,0.40739323434869124,0.33229501687405877,1.978776147275866,566.3757844787999,0.1341497733956203,1.5368827755400403,0.03273795719876371,0.005566192594583842,0.0,0.005566192594583842,5.881571045640646,0.1700225997849994
1,0.0054,13,0.46742510428517253,0.3734452947597897,1.8865072564673282,561.2730375426621,0.1346993419865612,1.5264317049069382,0.033359472418096975,0.005566192594583842,0.0,0.005566192594583842,5.993229995411451,0.16685493477901267
1,0.0054,14,0.43717728055077454,0.3492987577139726,1.9833660991778723,553.8099977549952,0.13345402764389291,1.5271399943157729,0.03251317291687444,0.005566192594583842,0.0,0.005566192594583842,5.841187196524825,0.17119807435634715
1,0.0054,15,0.4800582911489492,0.3815196660765396,1.889690655809297,567.5899677864703,0.1335102344455663,1.5327319086602982,0.03366833058061198,0.005566192594583842,0.0,0.005566192594583842,6.048718223184155,0.16532428245162692
1,0.0054,16,0.4751600121914051,0.3790169316147505,1.8969213399071505,563.8771715940262,0.13173176179407164,1.519936248298249,0.031978695657273494,0.005566192594583842,0.0,0.005566192594583842,5.745165140061847,0.1740594004908334
1,0.0054,17,0.4325334529416162,0.3280708872377046,2.098726231930147,553.2314420273603,0.13158068276243284,1.522515335914866,0.031827844203968086,0.005566192594583842,0.0,0.005566192594583842,5.718063768569205,0.17488437353510378
1,0.0054,18,0.43637197919853166,0.35512885967876534,1.9525219276608405,565.9434077699602,0.1329710586287547,1.5280546489335034,0.03009364669573616,0.005566192594583842,0.0,0.005566192594583842,5.406504748868849,0.1849623826205314
1,0.0054,19,0.4927100556140087,0.39601045021386044,1.8409585136047388,556.1781151360289,0.13702627152088098,1.534238808560689,0.03419861100519779,0.005566192594583842,0.0,0.005566192594583842,6.143986292977822,0.16276077977956022
1,0.0054,20,0.475992438563327,0.396415333812662,1.8373479925770837,559.578449905482,0.1325834651652258,1.5296672573450385,0.030917244543570775,0.005566192594583842,0.0,0.005566192594583842,5.554469059093401,0.1800352093712481
1,0.0054,21,0.418018429670246,0.32905810829900567,2.089620067489645,563.5771076079507,0.13414277147967368,1.5380805618551758,0.03157535465735171,0.005566192594583842,0.0,0.005566192594583842,5.672702501899765,0.1762828210478346
1,0.0054,22,0.39042287616309856,0.30251045896605117,2.186024957742933,559.831984265073,0.13151968640158884,1.514658671508641,0.029013299213480736,0.005566192594583842,0.0,0.005566192594583842,5.212413821561257,0.1918496946392628
1,0.0054,23,0.435463234740724,0.343953014462926,1.9903432197357567,556.9720027094152,0.13506613604840823,1.5316060657346289,0.031136475514595145,0.005566192594583842,0.0,0.005566192594583842,5.593855222489489,0.17876758697286416
1,0.0054,24,0.43226731030321314,0.3476641180185861,1.962495856887177,558.188112837532,0.13251531636342406,1.5323966252843229,0.030488658478585375,0.005566192594583842,0.0,0.005566192594583842,5.477470993054071,0.1825660056015067
1,0.0054,25,0.4620927558451514,0.3800006589167098,1.9235132990725328,567.2859333077807,0.13229159015463665,1.525024502201532,0.03276407371385857,0.005566192594583842,0.0,0.005566192594583842,5.886263034760869,0.16988707335954537
1,0.0054,26,0.4561121323529412,0.36851133360467125,1.916492474292692,566.8088235294117,0.13271437300136313,1.5272914487366993,0.032903041673578076,0.005566192594583842,0.0,0.005566192594583842,5.911229465109458,0.1691695451686349
1,0.0054,27,0.42482716705918105,0.33986712961450544,2.0400434391761437,562.2094507331155,0.13175020134076476,1.5263029697422144,0.030817588919773806,0.005566192594583842,0.0,0.005566192594583842,5.536565326496377,0.18061739382253714
1,0.0054,28,0.4376477766760735,0.34593367944830455,2.0071180692605646,564.4352833498589,0.13182368848356418,1.5199981569372185,0.03146715733595565,0.005566192594583842,0.0,0.005566192594583842,5.653264201920469,0.17688895552772685
1,0.0054,29,0.4286905754795663,0.3348865676258284,2.060520904891068,561.1031162332247,0.13066606456413865,1.5187364802556926,0.028837754138970113,0.005566192594583842,0.0,0.005566192594583842,5.1808760923994175,0.19301754802957857
1,0.0054,30,0.44745478134778294,0.35116479700577535,1.99746866094574,564.7792871861406,0.13209918126813136,1.532394859001021,0.030512609949001155,0.005566192594583842,0.0,0.005566192594583842,5.481774018867279,0.1824226968419676
1,0.0054,31,0.44113230214746957,0.35024587146091424,1.9709172366148147,555.6778795614957,0.1345008936477825,1.5318172168955997,0.034647564883790546,0.005566192594583842,0.0,0.005566192594583842,6.224643559316326,0.16065176912874243
1,0.0054,32,0.442360685854256,0.352952095484442,1.9801899349172838,566.4623392529088,0.1327064275101293,1.5340992194336414,0.03141134247132322,0.005566192594583842,0.0,0.005566192594583842,5.643236725564954,0.17720326979547155
1,0.0054,33,0.43966373710355366,0.349057548942365,1.9804068814287659,565.5548337791364,0.13309205838595517,1.5229444387555187,0.030573919511729185,0.005566192594583842,0.0,0.005566192594583842,5.492788650805758,0.18205688650578358
1,0.0054,34,0.38311097634930263,0.30477572871786657,2.1453494358642047,560.9757428744693,0.131093042466091,1.531141015192285,0.03134546687393088,0.005566192594583842,0.0,0.005566192594583842,5.631401778018145,0.17757567998494495
1,0.0054,35,0.450844620301324,0.3320204717077174,2.092396522335801,563.1062243189773,0.13438671734184027,1.5351691091466777,0.031743147658646595,0.005566192594583842,0.0,0.005566192594583842,5.702847524452193,0.17535099714875482
1,0.0054,36,0.4649859943977591,0.3787645436434869,1.8911136163406717,560.2550533727004,0.13054191990522668,1.5233479270206793,0.03256005499895492,0.005566192594583842,0.0,0.005566192594583842,5.849609844732524,0.1709515722489566
1,0.0054,37,0.45272206303724927,0.3585217147002162,1.9642908666630052,558.0200573065903,0.13255980535177514,1.5281298404821881,0.03091362341413266,0.005566192594583842,0.0,0.005566192594583842,5.553818501395912,0.1800562981575032
1,0.0054,38,0.40342205323193914,0.3120103599618696,2.1525390426883746,562.7642585551331,0.13232673675520346,1.5363378256049576,0.030103124957808817,0.005566192594583842,0.0,0.005566192594583842,5.408207575695552,0.18490414541298178
1,0.0054,39,0.3922079914103842,0.30619289246695935,2.119538331931188,567.5465143032441,0.13359797160956077,1.5362769749171035,0.03134073499321625,0.005566192594583842,0.0,0.005566192594583842,5.630551667168722,0.1776024906814934
1,0.0054,40,0.43670498084291187,0.3426398791954974,2.0054695335314894,567.0689655172414,0.13464256923180073,1.5388206590473597,0.031854688237756834,0.005566192594583842,0.0,0.005566192594583842,5.722886460801391,0.1747369979903406
1,0.0054,41,0.43079951544518474,0.3403641874503519,2.012592300976432,560.2973955178679,0.13254064987995662,1.5278854152579924,0.033331677405621235,0.005566192594583842,0.0,0.005566192594583842,5.988236454134639,0.16699407374094918
1,0.0054,42,0.4591984181306563,0.3689458972531873,1.9400828673333832,562.8069815195072,0.1333546325622592,1.5267060293187948,0.033183111907083895,0.005566192594583842,0.0,0.005566192594583842,5.9615457681742035,0.16774172989470518
1,0.0054,43,0.43006833712984055,0.33772162201484474,2.033088462169076,561.9111617312072,0.13254465311183594,1.524395690878416,0.03224529265126944,0.005566192594583842,0.0,0.005566192594583842,5.793060894559339,0.1726203156157341
1,0.0054,44,0.4273200936343729,0.3297033528111339,2.0661451502490733,558.8192252510761,0.13220793986693025,1.5313679145695316,0.03033141360164743,0.005566192594583842,0.0,0.005566192594583842,5.449221004526733,0.18351246887753092
1,0.0054,45,0.43290177533142105,0.3403460716586894,2.005197659375603,573.6955577951779,0.13612417445983738,1.5379692825269138,0.032335642623431825,0.005566192594583842,0.0,0.005566192594583842,5.809292810833723,0.1721379921038073
1,0.0054,46,0.4414674988582737,0.35136154191611424,1.9790966960984149,563.2773633734206,0.13435356499394402,1.5393353808790917,0.030202998780506377,0.005566192594583842,0.0,0.005566192594583842,5.426150509038308,0.1842927132843635
1,0.0054,47,0.43201754385964913,0.3409889652873301,2.043480680254371,559.6206896551724,0.13301722161122598,1.5259986913270822,0.03070509831976167,0.005566192594583842,0.0,0.005566192594583842,5.516355713174409,0.1812791001877843
1,0.0054,48,0.4217944831767202,0.33832045121396714,2.0069346217338366,560.806001818733,0.1311091362440493,1.5270484639141215,0.03155376682943537,0.005566192594583842,0.0,0.005566192594583842,5.668824118687272,0.1764034267183385
1,0.0054,49,0.4432919442761962,0.3569041497887309,1.9911908555170035,560.2973955178679,0.1315443031489849,1.5183773571404058,0.030959796316610114,0.005566192594583842,0.0,0.005566192594583842,5.562113741219698,0.179787765321878
1,0.008,0,0.3213508442776735,0.2463795797278826,2.497264151639516,555.3864915572233,0.13566844651359133,1.546530931150447,0.030392568339001728,0.00824621125123532,0.0,0.00824621125123532,3.6856402792796246,0.2713232774294117
1,0.008,1,0.357810615199035,0.27445701362801866,2.3826445100438955,557.9360675512665,0.1351481593446806,1.5316057414577107,0.03085141383114147,0.00824621125123532,0.0,0.00824621125123532,3.7412834683952325,0.2672879530373931
1,0.008,2,0.35740016862113894,0.27366308163236003,2.41081611313582,567.1991262359163,0.13681314475252293,1.5446867408467604,0.03186607971573699,0.00824621125123532,0.0,0.00824621125123532,3.8643297806569414,0.2587770860048074
1,0.008,3,0.3531418176305617,0.2733034609258031,2.375058798561074,560.9332979610399,0.13431331241736189,1.5364948528801177,0.03178633323209599,0.00824621125123532,0.0,0.00824621125123532,3.8546590990297815,0.2594263135361828
1,0.008,4,0.3383984196930558,0.23626932801171321,2.557486057778133,562.2520893481234,0.13740626425715163,1.5399291280008787,0.030405690687905162,0.00824621125123532,0.0,0.00824621125123532,3.687231597826244,0.27120618097044297
1,0.008,5,0.34304182509505704,0.2963408715096898,2.2121852677551095,562.7642585551331,0.13741591302095912,1.5502484316355813,0.03149465896867995,0.00824621125123532,0.0,0.00824621125123532,3.8192883991374713,0.2618288789675676
1,0.008,6,0.364648467286869,0.27611370923574574,2.4140588447525864,564.3063901174318,0.13531931847683154,1.5372978482523338,0.03290192682455133,0.00824621125123532,0.0,0.00824621125123532,3.9899446936461236,0.2506300404595764
1,0.008,7,0.3631935459319583,0.27443595037595786,2.3614838678539662,563.2345688408554,0.13560531722032465,1.5432592628511042,0.0307616504866064,0.00824621125123532,0.0,0.00824621125123532,3.73039806395915,0.2680679066562347
1,0.008,8,0.4225469412477286,0.32090062702193545,2.229575988893993,560.2973955178679,0.1361161909007933,1.537764205572529,0.032479396414993096,0.00824621125123532,0.0,0.00824621125123532,3.938705355156592,0.2538905325047455
1,0.008,9,0.34257197696737046,0.2689425914571948,2.400125981877077,568.1554702495201,0.13625070155831054,1.5357852879026064,0.03262215449089742,0.00824621125123532,0.0,0.00824621125123532,3.9560173147408113,0.25277948007806367
1,0.008,10,0.34649759376670997,0.26076215893120214,2.451458117817669,565.2960812772134,0.13628683940623887,1.5398049611879852,0.03065861834790309,0.00824621125123532,0.0,0.00824621125123532,3.7179035818795314,0.2689687825348243
1,0.008,11,0.352372248876704,0.2687137496602443,2.424982551342441,563.5771076079507,0.13329925647121854,1.5222773275818828,0.03028112783596106,0.00824621125123532,0.0,0.00824621125123532,3.672126133249958,0.2723218004265462
1,0.008,12,0.34401628836437675,0.2637599835798858,2.4199063646617693,558.0620616846392,0.13508639362407848,1.5398897683455735,0.03049930054753541,0.00824621125123532,0.0,0.00824621125123532,3.6985834607337367,0.2703737824538957
1,0.008,13,0.35104694232368283,0.2649209612073085,2.4361284418823743,559.4095547660443,0.13568568250047974,1.5426197868069553,0.029341371841464573,0.00824621125123532,0.0,0.00824621125123532,3.5581639794965354,0.2810438208475978
1,0.008,14,0.3520439292251373,0.2582409812940452,2.4703168561913618,564.392312385601,0.13689572116709314,1.5450183830803954,0.031186963883585758,0.00824621125123532,0.0,0.00824621125123532,3.7819748892455074,0.2644121204621475
1,0.008,15,0.3656114678214126,0.2775900428883981,2.3788895749654397,552.5305360609228,0.13582952597062103,1.5380683015724785,0.030092522313915,0.00824621125123532,0.0,0.00824621125123532,3.6492543541625864,0.2740285830883047
1,0.008,16,0.33643363573987956,0.25660500776963824,2.453102414532133,564.1775558435618,0.1378459437401034,1.540845368191595,0.029403009838064906,0.00824621125123532,0.0,0.00824621125123532,3.56563868451226,0.28045466422147847
1,0.008,17,0.3731972997852102,0.2855452632592282,2.3464020604505818,567.6768947529918,0.138412780885119,1.5506702355245574,0.030790328253577998,0.00824621125123532,0.0,0.00824621125123532,3.7338757540277014,0.26781823120957043
1,0.008,18,0.3628111052273243,0.27448990582470184,2.393546607359612,559.831984265073,0.13547044340521097,1.548506886597174,0.03127914394487881,0.00824621125123532,0.0,0.00824621125123532,3.793153363636306,0.2636328943582049
1,0.008,19,0.3870627261761158,0.30725835194767276,2.27367924973525,557.9360675512665,0.13566390378400683,1.5460372900153097,0.0327363575075943,0.00824621125123532,0.0,0.00824621125123532,3.969866464758618,0.2518976416152082
1,0.008,20,0.37275574910229964,0.29079794123504316,2.3312615152686904,565.3823057529223,0.1365845582622569,1.5408442253611279,0.030346084071628306,0.00824621125123532,0.0,0.00824621125123532,3.68000323385874,0.2717388916398941
1,0.008,21,0.3571910871033086,0.27071854547621044,2.4411732045645564,555.2201215395004,0.1354262905952055,1.538654972851279,0.030434492688185197,0.00824621125123532,0.0,0.00824621125123532,3.6907243533963516,0.2709495221662274
1,0.008,22,0.38432864206922784,0.3126610285239738,2.2451257473094963,562.977938379612,0.1363407652825117,1.5368104684363275,0.03197130422785643,0.00824621125123532,0.0,0.00824621125123532,3.877090127064957,0.2579253943619366
1,0.008,23,0.3180198620271397,0.233178060340506,2.554460800253476,561.018194223334,0.13483140282914974,1.5384406059121876,0.02910858255965187,0.00824621125123532,0.0,0.00824621125123532,3.529934132513434,0.28329140501212857
1,0.008,24,0.3438148689167371,0.26374558729816366,2.415835795699504,568.9403398170216,0.13359645105083473,1.5251071818149893,0.029058587340575627,0.00824621125123532,0.0,0.00824621125123532,3.5238713216596915,0.28377880709021314
1,0.008,25,0.3408850626793536,0.25455604166695317,2.4838624670409244,558.861350249207,0.1357209988636896,1.5462817230712504,0.029839368698054775,0.00824621125123532,0.0,0.00824621125123532,3.6185549689361522,0.27635340863538077
1,0.008,26,0.41442672741078207,0.35029661688595,2.1524218240338433,561.9111617312072,0.13550989516079426,1.5418666749721566,0.03450746251341758,0.00824621125123532,0.0,0.00824621125123532,4.184644494554782,0.23896892586723625
1,0.008,27,0.3014099699514601,0.24039927197282304,2.494641095300826,570.1655751598737,0.13588795825489797,1.5376614756907103,0.03315579531146713,0.00824621125123532,0.0,0.00824621125123532,4.0207307697217,0.24871100734487037
1,0.008,28,0.27177834062476014,0.19989102910404635,2.644355548182757,567.9813492977205,0.13727580438717268,1.540393701357191,0.03206154029354277,0.00824621125123532,0.0,0.00824621125123532,3.8880328573609857,0.25719947250619507
1,0.008,29,0.37494308696312034,0.25423096274102236,2.5308277042214145,561.57064804978,0.1358464902441483,1.5418072785970312,0.030290399703147217,0.00824621125123532,0.0,0.00824621125123532,3.673250512301583,0.2722384429406697
1,0.008,30,0.39342786405581814,0.2983414708634178,2.326882598127924,555.2201215395004,0.13715242024045438,1.5458680902452693,0.034412104849218667,0.00824621125123532,0.0,0.00824621125123532,4.173080679210537,0.23963112071659726
1,0.008,31,0.36509882028497015,0.26392191546088845,2.4747779399274283,566.8955109544967,0.13437187910312787,1.538790001764971,0.026962411580023687,0.00824621125123532,0.0,0.00824621125123532,3.2696726725239538,0.3058410122833707
1,0.008,32,0.38394744790093627,0.28606955843202503,2.376053613022582,558.7771066143159,0.13524319036514498,1.5413816795166282,0.03209778594636267,0.00824621125123532,0.0,0.00824621125123532,3.892428288391748,0.2569090361875811
1,0.008,33,0.33988509222860597,0.28054593892334645,2.225077032990159,559.4517689749017,0.13410885591292754,1.5298701695080936,0.03154932164241527,0.00824621125123532,0.0,0.00824621125123532,3.8259172220077478,0.26137523160399806
1,0.008,34,0.3528527399834624,0.27517760995255863,2.391249860568609,556.3033150417199,0.1354817398241721,1.5340687929430898,0.032175854811513326,0.00824621125123532,0.0,0.00824621125123532,3.901895528894343,0.2562856930932141
1,0.008,35,0.3930666666666667,0.2951345616806865,2.345015909101476,563.8342857142857,0.13681983514106832,1.5521867161947642,0.031129054623997506,0.00824621125123532,0.0,0.00824621125123532,3.7749523600106936,0.26490400530436553
1,0.008,36,0.35311572700296734,0.27077989464949936,2.4121083080414376,563.0634558320019,0.13728305127006024,1.5428303511522419,0.030923782083300315,0.00824621125123532,0.0,0.00824621125123532,3.7500594080302987,0.2666624421625484
1,0.008,37,0.4119255601974934,0.32375633271872967,2.2083301760285514,562.1241929358147,0.13692139580962248,1.5382252243238683,0.034055281788838584,0.00824621125123532,0.0,0.00824621125123532,4.129809527222207,0.24214191802512017
1,0.008,38,0.36570121951219514,0.28010282713885193,2.370105446436075,564.0487804878048,0.13662946203839965,1.54486019692377,0.03244442302169128,0.00824621125123532,0.0,0.00824621125123532,3.934464208254543,0.25416421323696137
1,0.008,39,0.3386890907725805,0.24908297847023658,2.528713392106758,555.6362339514978,0.1314606575469952,1.5300620596515695,0.03022157925756855,0.00824621125123532,0.0,0.00824621125123532,3.6649048074097323,0.2728583831094855
1,0.008,40,0.37918925108786933,0.2923391387814122,2.3529697948286055,564.9514466753187,0.13658532785484567,1.5401783224534447,0.033581914030318044,0.00824621125123532,0.0,0.00824621125123532,4.0724052546297935,0.2455551295792899
1,0.008,41,0.35740153915799006,0.27134741074533647,2.423541021888679,558.3562698053418,0.13672579478588887,1.5543301869051729,0.029657981986924455,0.00824621125123532,0.0,0.00824621125123532,3.5965585992575138,0.2780435720431313
1,0.008,42,0.3440925240003024,0.25952985463452766,2.469402124523879,559.4095547660443,0.13441403550677933,1.534048592362513,0.030214581891529438,0.00824621125123532,0.0,0.00824621125123532,3.6640562521367803,0.2729215741207102
1,0.008,43,0.36190187764990916,0.278185128774745,2.4084880995472155,560.2973955178679,0.13497540331445634,1.5411333879074733,0.031011965612391702,0.00824621125123532,0.0,0.00824621125123532,3.7607532317033434,0.2659041788676663
1,0.008,44,0.35240572171651496,0.2746897602172133,2.3675956920176553,566.0730513271628,0.13532037648838013,1.539900345831255,0.03190425598514375,0.00824621125123532,0.0,0.00824621125123532,3.8689593333380037,0.2584674362904804
1,0.008,45,0.3782031491200988,0.2840202287226764,2.329727442526664,571.1759802408151,0.13626462427782826,1.5377993054174408,0.030499558693498553,0.00824621125123532,0.0,0.00824621125123532,3.6986147655299977,0.2703714940306047
1,0.008,46,0.36547836684948204,0.2797546061990205,2.3661229727274415,563.7056672760511,0.1363648904080037,1.5429233333264347,0.03366707335852067,0.00824621125123532,0.0,0.00824621125123532,4.082732340076443,0.24493400906640786
1,0.008,47,0.37281881774156356,0.2995453677385071,2.287399036331685,568.8530248289645,0.13699908458511345,1.5504094028907032,0.03368265060623104,0.00824621125123532,0.0,0.00824621125123532,4.084621358831333,0.24482073420046796
1,0.008,48,0.366822251128625,0.27874899672234155,2.405374399036469,566.2460019894406,0.13370297738583758,1.5339088369516998,0.029566843225415022,0.00824621125123532,0.0,0.00824621125123532,3.58550640101365,0.27890063164223955
1,0.008,49,0.35250805338242064,0.2708573132650826,2.42880254770821,567.5899677864703,0.13437009454355575,1.5336553459578548,0.02913794595726566,0.00824621125123532,0.0,0.00824621125123532,3.5334949675101597,0.28300592167098504
1,0.012,0,0.28833933083224866,0.21242815091931933,2.7879633723807826,566.5922211163005,0.13967491590301506,1.551227446819214,0.029674462983454972,0.012369316876852983,0.0,0.012369316876852983,2.3990381424365923,0.41683372277872416
1,0.012,1,0.27789473684210525,0.20468603014232153,2.829349890609932,556.4285714285714,0.14037335885223,1.5619107667776788,0.030096192193449185,0.012369316876852983,0.0,0.012369316876852983,2.4331329282839342,0.41099275274914415
1,0.012,2,0.22578480351949892,0.17689478970125053,2.8816392520086924,551.831407053911,0.1391965528309811,1.5604179259294297,0.030249438361126747,0.012369316876852983,0.0,0.012369316876852983,2.4455221466379675,0.4089106293209288
1,0.012,3,0.2827157687353186,0.20637193992101854,2.817267130584096,560.7635826324165,0.13957281652255915,1.5514747022330568,0.030556223531355273,0.012369316876852983,0.0,0.012369316876852983,2.4703242576423854,0.4048051574226837
1,0.012,4,0.2687142963127829,0.2270648365416296,2.5711211101423848,549.0525261517917,0.13897491683019325,1.5580169538828732,0.03292582619687985,0.012369316876852983,0.0,0.012369316876852983,2.66189527883264,0.37567217912439616
1,0.012,5,0.2769090633065128,0.20305417616125557,2.8188248719102496,561.7408531956885,0.1431756258243695,1.5625896822513647,0.029034974182029803,0.012369316876852983,0.0,0.012369316876852983,2.347338537050796,0.42601439213638237
1,0.012,6,0.26649476717730924,0.20700024547719842,2.806246792751808,561.2305475504322,0.14089689854881726,1.559306750382388,0.0320252225270089,0.012369316876852983,0.0,0.012369316876852983,2.5890857875052515,0.38623671908668716
1,0.012,7,0.28535334770008175,0.2096709132083426,2.7581596291323613,549.9485026380322,0.14120357765932567,1.558925285542156,0.03187541659259017,0.012369316876852983,0.0,0.012369316876852983,2.576974695525785,0.388051928385726
1,0.012,8,0.28587760079262253,0.21229286531316685,2.810393110165665,564.0058684551483,0.13962736222310923,1.5587261931717191,0.02909329307416359,0.012369316876852983,0.0,0.012369316876852983,2.3520533400358277,0.42516042598964504
1,0.012,9,0.30636794225998043,0.22583692035465963,2.7269692123437195,556.3868130215774,0.14207092908327468,1.5570586945855283,0.03258491619674308,0.012369316876852983,0.0,0.012369316876852983,2.6343343388445373,0.37960253763332735
1,0.012,10,0.2957907579685832,0.22855937564389456,2.7048574187715175,564.3063901174318,0.14213919176836498,1.5562758304517723,0.03515468266536244,0.012369316876852983,0.0,0.012369316876852983,2.8420876443992062,0.35185403306286556
1,0.012,11,0.26852414211964776,0.19770633448860947,2.8696832027008634,561.8259945338597,0.14071010929183103,1.559779103161329,0.03052886789307998,0.012369316876852983,0.0,0.012369316876852983,2.4681126853665964,0.40516788634853873
1,0.012,12,0.41241585639491396,0.27963032316910424,2.5638603893034264,553.5205684367988,0.13961898832349107,1.556121938368792,0.03248838296993818,0.012369316876852983,0.0,0.012369316876852983,2.6265300900112374,0.3807304564311013
1,0.012,13,0.31127560939135634,0.24103342633361147,2.679837088993787,553.3553162853298,0.14090369702898897,1.560991819028429,0.032693435552549166,0.012369316876852983,0.0,0.012369316876852983,2.643107608774194,0.3783425225217276
1,0.012,14,0.2840849006722562,0.2214980623388728,2.743253994168798,558.9877634262407,0.14199463493423536,1.5587417876525818,0.032982434499922775,0.012369316876852983,0.0,0.012369316876852983,2.6664717888862275,0.3750274066907324
1,0.012,15,0.2720236740268609,0.20426228865885632,2.8358214188054363,561.5281129068974,0.14010544813936576,1.5643221732621393,0.031203460425246906,0.012369316876852983,0.0,0.012369316876852983,2.5226502591779125,0.3964084979127794
1,0.012,16,0.2586963097398669,0.19090756774875062,2.869057336187596,559.6206896551724,0.13752499929978512,1.5478587817387663,0.02955545785124633,0.012369316876852983,0.0,0.012369316876852983,2.3894171477290076,0.41851210490827767
1,0.012,17,0.2951893397575849,0.22196526748583792,2.754399421377255,557.1394263344124,0.13944828527746722,1.5531427599189098,0.029067612875163656,0.012369316876852983,0.0,0.012369316876852983,2.3499772189973256,0.42553604005858153
1,0.012,18,0.2775451153582578,0.2025882168404594,2.884783338704511,563.4914337927358,0.14016778746736236,1.5552746784737763,0.03155330454185499,0.012369316876852983,0.0,0.012369316876852983,2.550933479673521,0.39201335823464284
1,0.012,19,0.2902390741586722,0.20819379947141273,2.820313971863,563.4486066697121,0.14068921993020922,1.55718762217068,0.03131563085597637,0.012369316876852983,0.0,0.012369316876852983,2.5317187010204343,0.3949885900028862
1,0.012,20,0.3353028064992615,0.26761379123691903,2.6338994864586196,546.5834564254062,0.13701912548276596,1.5373396685155711,0.03132971011506057,0.012369316876852983,0.0,0.012369316876852983,2.532856941654446,0.3948110860721594
1,0.012,21,0.2926829268292683,0.21341983523320956,2.832880500933141,571.1759802408151,0.13996086109546013,1.5500503990686942,0.031820040023510555,0.012369316876852983,0.0,0.012369316876852983,2.5724977652610876,0.3887272570277658
1,0.012,22,0.2937853107344633,0.2184315344621581,2.7503427457981866,564.9945029775538,0.14198028031387366,1.5613237428311353,0.03251033207001083,0.012369316876852983,0.0,0.012369316876852983,2.6283045695796057,0.38047340919851946
1,0.012,23,0.2645121764435595,0.19528610250776687,2.832021991075067,566.7221626589064,0.14228807535255328,1.5668260055848928,0.03170722730171784,0.012369316876852983,0.0,0.012369316876852983,2.5633773972637393,0.39011032907891113
1,0.012,24,0.287148288973384,0.20875872640089024,2.8178015485141077,562.7642585551331,0.14060120211797766,1.5588950214871027,0.030534947684734838,0.012369316876852983,0.0,0.012369316876852983,2.4686042073896304,0.40508721365966854
1,0.012,25,0.29020712762717027,0.2127656069912085,2.7856437412568007,563.5342674383186,0.14140732336090878,1.5698999161530574,0.03341268873051682,0.012369316876852983,0.0,0.012369316876852983,2.7012557818001115,0.3701981895744808
1,0.012,26,0.42495410036719705,0.25496744186226405,2.694708347132146,566.1162790697674,0.1402055052749347,1.5632260624096421,0.029224575495602312,0.012369316876852983,0.0,0.012369316876852983,2.3626668947491356,0.423250523475159
1,0.012,27,0.2583442031765518,0.20528911891746868,2.6920505164897808,567.8073352259648,0.1391013452084735,1.5540487174222897,0.029202080719525465,0.012369316876852983,0.0,0.012369316876852983,2.360848299890519,0.423576559343679
1,0.012,28,0.28306718891232296,0.22035493474817586,2.745448149316187,557.4326604398915,0.13935766910435632,1.5599973021115792,0.030154068085148505,0.012369316876852983,0.0,0.012369316876852983,2.437811916806544,0.41020391815541213
1,0.012,29,0.2750623253002946,0.216018871050271,2.775366209803631,559.0720707108861,0.13869798780069686,1.5527303368535414,0.02925218761850426,0.012369316876852983,0.0,0.012369316876852983,2.3648992025780036,0.422851003082875
1,0.012,30,0.35587483075071463,0.24299330556525955,2.6970577802720355,556.6792537987062,0.14208976819645613,1.5690089266368963,0.03201890847152659,0.012369316876852983,0.0,0.012369316876852983,2.5885753263742792,0.38631288408387277
1,0.012,31,0.2630132804152038,0.199608414746898,2.823748737397375,564.8223172034803,0.14247116004116833,1.5672579398958972,0.031041559498727143,0.012369316876852983,0.0,0.012369316876852983,2.509561345042102,0.39847601333818894
1,0.012,32,0.28179136091988805,0.2070288303540633,2.8077332828496573,559.831984265073,0.14064201651490293,1.5485923410180997,0.03180495313192927,0.012369316876852983,0.0,0.012369316876852983,2.5712780623679135,0.38891165239402026
1,0.012,33,0.3109996961409906,0.23232798034653557,2.686352990305621,562.1668185961714,0.14143661427078769,1.5567892515503057,0.032179674158591534,0.012369316876852983,0.0,0.012369316876852983,2.6015724618398433,0.3843829125146857
1,0.012,34,0.26493307839388147,0.2056874657964956,2.8029906258070616,565.9866156787763,0.14076498543727212,1.5535382527543513,0.03063824620816971,0.012369316876852983,0.0,0.012369316876852983,2.4769553980384997,0.4037214399548332
1,0.012,35,0.30298902762012864,0.2293718386110165,2.6983855791528666,560.0011350737798,0.14284241368295625,1.5718414614800884,0.032883602728913,0.012369316876852983,0.0,0.012369316876852983,2.6584817137677925,0.3761545527363164
1,0.012,36,0.22282814511853366,0.17098963911399412,2.8902720022427695,560.5092024539878,0.13919912464916706,1.5563831309489955,0.029988945447036536,0.012369316876852983,0.0,0.012369316876852983,2.4244625427258324,0.41246254886482847
1,0.012,37,0.292940905955392,0.20599151895295154,2.8140503226764757,567.1991262359163,0.1437174241291359,1.5677149069074803,0.03342192235353932,0.012369316876852983,0.0,0.012369316876852983,2.7020022759771494,0.3700959132754102
1,0.012,38,0.25444690434384304,0.1928971377813056,2.8785413556230623,564.9514466753187,0.1405510891636368,1.5604551237947266,0.02906186966443268,0.012369316876852983,0.0,0.012369316876852983,2.349512907929208,0.42562013455008885
1,0.012,39,0.282958687727825,0.20708287620262222,2.806313001184967,561.9963547995139,0.1423424524255097,1.5709063752735446,0.031302781797789704,0.012369316876852983,0.0,0.012369316876852983,2.530679916234291,0.39515072356049785
1,0.012,40,0.2766840972008613,0.1942959848779785,2.892432067169492,569.0713626576438,0.13912954414263368,1.548704979687769,0.032001148177556595,0.012369316876852983,0.0,0.012369316876852983,2.587139491707999,0.38652728359065475
1,0.012,41,0.2738582798856348,0.19982080816309147,2.8442807053327197,571.8368750482961,0.13952099141897634,1.5459995379382456,0.029778628618253866,0.012369316876852983,0.0,0.012369316876852983,2.4074594348843443,0.4153756385299346
1,0.012,42,0.2938893539304467,0.21963274769104774,2.7316848963990545,563.1489993151206,0.1435448092815932,1.5727656497821987,0.03388755355297555,0.012369316876852983,0.0,0.012369316876852983,2.73964632730771,0.3650106183533239
1,0.012,43,0.293756239920129,0.20952657584767254,2.8229841748490374,568.3296981798633,0.14138232078403234,1.5618595492438039,0.03015848324459191,0.012369316876852983,0.0,0.012369316876852983,2.4381688612916244,0.4101438648799116
1,0.012,44,0.26673824679806735,0.1916243811614121,2.883008188447558,567.5465143032441,0.14240978623274714,1.5727444124223435,0.03065316497657825,0.012369316876852983,0.0,0.012369316876852983,2.4781615089787454,0.40352495040248676
1,0.012,45,0.2679139524314498,0.19294081421926473,2.883856214724756,560.5515830934706,0.14120605791686103,1.5613220985697696,0.02975444683952549,0.012369316876852983,0.0,0.012369316876852983,2.4055044539448858,0.4157132190547637
1,0.012,46,0.26182042199291544,0.1854932803690567,2.9534176349391843,569.8587709841368,0.13949450419750065,1.5604444423179755,0.029798969416318294,0.012369316876852983,0.0,0.012369316876852983,2.409103890941776,0.4150921028188105
1,0.012,47,0.27676889458217163,0.2090503257585894,2.7845579593121528,557.6423027654283,0.14362079187412746,1.5687332768325755,0.031123222889802106,0.012369316876852983,0.0,0.012369316876852983,2.516163438907753,0.39743046279779515
1,0.012,48,0.28332948688360643,0.20440436869897732,2.853371912799552,569.2898684514194,0.14129005416180007,1.5669616861038764,0.03192141136501115,0.012369316876852983,0.0,0.012369316876852983,2.5806931524849603,0.38749279395618796
1,0.012,49,0.2892980437284235,0.2093063182308652,2.7703971600543538,567.7203682393556,0.14271528739482164,1.566760232158515,0.03227870206399126,0.012369316876852983,0.0,0.012369316876852983,2.6095783934838974,0.3832036632802427
1,0.019,0,0.22072760623662488,0.15268825139932826,3.2552757647295447,565.5979822684194,0.146820262161782,1.5834228171743892,0.02996863448152076,0.019584751721683887,0.0,0.019584751721683887,1.5302024200970608,0.6535083116236151
1,0.019,1,0.18503007690550521,0.13873241088075564,3.271299328356385,563.4914337927358,0.1505312314548064,1.594967871897783,0.03194091093129565,0.019584751721683887,0.0,0.019584751721683887,1.6309071151477117,0.6131557037872324
1,0.019,2,0.31985767279884925,0.2221229613770713,2.979804563239486,560.2550533727004,0.14839324398781173,1.5887267266102731,0.031944165883201946,0.019584751721683887,0.0,0.019584751721683887,1.6310733134203552,0.6130932262652273
1,0.019,3,0.19975704198618177,0.14008084847083357,3.2994410906502423,561.8685748994002,0.14997244949336164,1.5997064161412564,0.02975469114554195,0.019584751721683887,0.0,0.019584751721683887,1.5192784452099073,0.6582071924688154
1,0.019,4,0.2365453998797354,0.16307689230534247,3.145978822217155,556.2615754660253,0.14924649146269076,1.5944145605940307,0.030857072884367287,0.019584751721683887,0.0,0.019584751721683887,1.57556620185299,0.6346924672691768
1,0.019,5,0.1758667883211679,0.12540070310231038,3.3108210227638675,562.6788321167883,0.14966988711967133,1.6019359778521607,0.029516715410497853,0.019584751721683887,0.0,0.019584751721683887,1.5071273728641386,0.6635139258997096
1,0.019,6,0.21235377393636837,0.14935162652944015,3.2253192860667355,551.4209820430668,0.14779000147245824,1.5989824086798028,0.03147750836188276,0.019584751721683887,0.0,0.019584751721683887,1.6072457189759228,0.622182400732828
1,0.019,7,0.2298643890012737,0.16472314379007494,3.2057618951988567,554.4726904922454,0.1519440040574409,1.613055449612831,0.031490101733629934,0.019584751721683887,0.0,0.019584751721683887,1.6078887381944524,0.6219335805056578
1,0.019,8,0.21301241068070703,0.14890220017362832,3.273919698467547,556.6374576908612,0.14864687953377143,1.5846401706641653,0.03158904006786184,0.019584751721683887,0.0,0.019584751721683887,1.6129405425592922,0.6199856557720818
1,0.019,9,0.22245115995115994,0.15025049908815363,3.284674872620189,564.7362637362637,0.1500217837456148,1.5883228632305606,0.03034717159293054,0.019584751721683887,0.0,0.019584751721683887,1.5495305748160542,0.6453567398105137
1,0.019,10,0.20892073029812802,0.14378001190513592,3.2614645797087776,570.0778830598567,0.1493539726070594,1.5992383986110235,0.031152347720628623,0.019584751721683887,0.0,0.019584751721683887,1.5906429738467045,0.6286765895565282
1,0.019,11,0.1936261583666089,0.14154691932668995,3.263146270353325,557.5584268816394,0.14823234139475971,1.5969095001435585,0.029820024913938706,0.019584751721683887,0.0,0.019584751721683887,1.522614396021294,0.6567651025847879
1,0.019,12,0.21308210784313725,0.14759035437496867,3.282889746172911,566.8088235294117,0.14844963635550812,1.5911901962585056,0.029765475108691753,0.019584751721683887,0.0,0.019584751721683887,1.5198290757873612,0.6579687255173355
1,0.019,13,0.2377105931225479,0.16344231346442237,3.230794944453858,569.2898684514194,0.148570102697704,1.590173375945272,0.03202609513395279,0.019584751721683887,0.0,0.019584751721683887,1.6352566317444848,0.6115248093708718
1,0.019,14,0.20223109972111253,0.14217189490890464,3.302253401154368,557.8101303987337,0.14927361058653332,1.5966837387424355,0.029650277601507655,0.019584751721683887,0.0,0.019584751721683887,1.5139470759120932,0.66052507112743
1,0.019,15,0.19191765154403356,0.14045541245233056,3.267262061198814,564.2634388105223,0.14811211603228003,1.5815715472763179,0.030374023602788177,0.019584751721683887,0.0,0.019584751721683887,1.5509016419727497,0.6447862152805501
1,0.019,16,0.22131333787775506,0.1478923345676919,3.2539592561211537,560.5092024539878,0.14957127394154668,1.5928175686717831,0.03076418997279116,0.019584751721683887,0.0,0.019584751721683887,1.5708235881657666,0.6366087239418711
1,0.019,17,0.2053544265287496,0.14370573707884088,3.284351417452447,562.849710982659,0.1512736963632051,1.607130378468549,0.03109511439919511,0.019584751721683887,0.0,0.019584751721683887,1.5877206329231714,0.6298337246892661
1,0.019,18,0.19610687022900763,0.14311498165059852,3.2397238707819813,564.9083969465648,0.15223674100707285,1.612584260191437,0.03189601062759776,0.019584751721683887,0.0,0.019584751721683887,1.6286144997326195,0.6140188486374011
1,0.019,19,0.21318298774027547,0.1515489736525906,3.2059005644683007,560.0434387770547,0.14936844311887398,1.5974970607362309,0.03079994967164045,0.019584751721683887,0.0,0.019584751721683887,1.5726494830945086,0.6358696014272017
1,0.019,20,0.1920144916597479,0.14032455387590506,3.2856027692787872,558.5666088006642,0.15018061888986267,1.5975269222311372,0.02879395739288633,0.019584751721683887,0.0,0.019584751721683887,1.4702232533796267,0.6801688095337108
1,0.019,21,0.24722965227359572,0.16805924517818477,3.1969010750234665,565.5548337791364,0.14764333405764773,1.5833538366853226,0.032489944771886256,0.019584751721683887,0.0,0.019584751721683887,1.6589408552937626,0.6027942447791014
1,0.019,22,0.19490947655480645,0.14162349520833925,3.2934658013180225,560.5939701537762,0.15010774359689094,1.6094334281748706,0.02950259702615795,0.019584751721683887,0.0,0.019584751721683887,1.506406486301953,0.6638314486117753
1,0.019,23,0.21899877526025718,0.15550821377870472,3.210386683993312,566.4623392529088,0.14980749948881567,1.60545945191408,0.03241796779177339,0.019584751721683887,0.0,0.019584751721683887,1.6552657012179937,0.6041326170560837
1,0.019,24,0.22028985507246376,0.1767751090080819,3.089721678500205,564.4782608695652,0.1496470562997274,1.5963104579362297,0.03304998367275992,0.019584751721683887,0.0,0.019584751721683887,1.6875365152659847,0.592579769950864
1,0.019,25,0.1898647621941954,0.13409625774838987,3.3396047536039846,562.2520893481234,0.1475937953509856,1.577903750087157,0.03096093402670207,0.019584751721683887,0.0,0.019584751721683887,1.5808693654473382,0.6325633362608872
1,0.019,26,0.20589780145569145,0.14833981939053634,3.243058709409843,555.3032940646807,0.14999563177116215,1.5828732753961776,0.03227183093500574,0.019584751721683887,0.0,0.019584751721683887,1.647803934081786,0.6068683168651585
1,0.019,27,0.21024300215318364,0.14728402963499845,3.2866367912529326,569.0713626576438,0.14795015222625807,1.5982148683625577,0.030480923503884698,0.019584751721683887,0.0,0.019584751721683887,1.5563599649893323,0.6425248801660446
1,0.019,28,0.1834652862362972,0.13712910358145539,3.2640881324790376,563.3629719853836,0.1492705559649039,1.5912310382783605,0.03118669121799564,0.019584751721683887,0.0,0.019584751721683887,1.5923965573414083,0.6279842765231506
1,0.019,29,0.19318352059925092,0.13349412863030716,3.3408122447506554,554.3483146067416,0.14953755593160167,1.5836727810400364,0.030970417469796657,0.019584751721683887,0.0,0.019584751721683887,1.5813535912996417,0.6323696392140521
1,0.019,30,0.21653396830121288,0.15031161339269325,3.2156200648415427,550.6837562318625,0.1486989065015223,1.5894011926512506,0.03086705361313166,0.019584751721683887,0.0,0.019584751721683887,1.5760758191770288,0.6344872421950898
1,0.019,31,0.23051434595978612,0.15544680915610246,3.24311108810798,557.3069508246103,0.14906507718842477,1.5883089481727382,0.032581433532015196,0.019584751721683887,0.0,0.019584751721683887,1.6636122834246407,0.6011015967863876
1,0.019,32,0.19468827368894892,0.14388459421089603,3.2387184443242427,555.2201215395004,0.1506417341006454,1.5973758153316986,0.031425110347058666,0.019584751721683887,0.0,0.019584751721683887,1.604570269444128,0.623219823427509
1,0.019,33,0.21046200840015272,0.15556154855357815,3.2116713500934706,565.1237113402062,0.14848694411921315,1.5895795832451491,0.029888807770412546,0.019584751721683887,0.0,0.019584751721683887,1.52612645772375,0.6552536946980928
1,0.019,34,0.2085843373493976,0.1487097964091318,3.2431264224600738,557.2650602409639,0.15032536108628847,1.5925879439736974,0.03050033904844359,0.019584751721683887,0.0,0.019584751721683887,1.5573513252493347,0.6421158692884524
1,0.019,35,0.2074431946855892,0.14052400236506246,3.3003037746115615,558.6507888578546,0.1513088078936562,1.602790930226115,0.030915890238577153,0.019584751721683887,0.0,0.019584751721683887,1.578569423698521,0.6334849674568271
1,0.019,36,0.19035629816128785,0.1377267124832032,3.3084391586005455,564.6072327763791,0.14688336063409224,1.5834981306533125,0.02862300149429754,0.019584751721683887,0.0,0.019584751721683887,1.461494222702178,0.684231237090411
1,0.019,37,0.21925789635081264,0.1595638196724059,3.1953568325635042,567.329346826127,0.15110118221491575,1.604871321270562,0.035076758528665195,0.019584751721683887,0.0,0.019584751721683887,1.791023906104913,0.5583398393463002
1,0.019,38,0.2279523954836741,0.1548591541893327,3.243151306317216,564.5642355813244,0.14709900034358725,1.584875836239935,0.031343712946544644,0.019584751721683887,0.0,0.019584751721683887,1.600414107463075,0.6248382811278561
1,0.019,39,0.18524416135881103,0.12238715295484796,3.4352270575640738,561.1455868971792,0.1502215240325313,1.596350777577698,0.030184548860168584,0.019584751721683887,0.0,0.019584751721683887,1.5412270366822567,0.6488336735596486
1,0.019,40,0.1991038088125467,0.14096725419112416,3.268965361018349,552.6952949962658,0.1451262664340902,1.5811421208989307,0.029050607951332772,0.019584751721683887,0.0,0.019584751721683887,1.4833278646656756,0.6741597888241573
1,0.019,41,0.19676156856726268,0.14234956741746096,3.3054784752355153,567.8943289079887,0.14818437094800174,1.5872916944044044,0.03009147945145683,0.019584751721683887,0.0,0.019584751721683887,1.536474900426748,0.6508404398420405
1,0.019,42,0.21499119516116683,0.1549207530080455,3.1971730193310535,566.5922211163005,0.15225448284763843,1.5943123436240687,0.03400530314118727,0.019584751721683887,0.0,0.019584751721683887,1.7363152530311226,0.5759322785734208
1,0.019,43,0.2112228692429857,0.14839077766687078,3.2570997849227705,559.6629357936928,0.14816233402234502,1.5925886765304997,0.029136287574374205,0.019584751721683887,0.0,0.019584751721683887,1.487702677492461,0.6721773208646171
1,0.019,44,0.2350930497531333,0.1761006155741457,3.16565890151397,562.1241929358147,0.1481856140308082,1.58708017042371,0.03158752923408447,0.019584751721683887,0.0,0.019584751721683887,1.612863399187814,0.6200153097302398
1,0.019,45,0.21034665857543808,0.1462450039847722,3.2640668750805495,561.3580368656603,0.1480531541747041,1.5884613238492218,0.0312642425908612,0.019584751721683887,0.0,0.019584751721683887,1.5963563406446448,0.6264265531066687
1,0.019,46,0.20827335404197286,0.1469537362884241,3.228973589455509,560.6787635426926,0.1498639094934333,1.6042005683580183,0.03273393931599985,0.019584751721683887,0.0,0.019584751721683887,1.6713992488226141,0.5983010945496303
1,0.019,47,0.1960769348191116,0.13009387619759563,3.4112201662617396,564.8223172034803,0.1464129711384885,1.5796217125181231,0.031056330014959235,0.019584751721683887,0.0,0.019584751721683887,1.5857402971605825,0.6306202861783826
1,0.019,48,0.22265180805094384,0.15038714882321347,3.29190562785105,561.018194223334,0.1510546926583629,1.6021936361876468,0.03217244743417908,0.019584751721683887,0.0,0.019584751721683887,1.6427293994520402,0.608742986114187
1,0.019,49,0.20524914416127804,0.13880092175786773,3.3252433957449363,562.977938379612,0.1454924746940378,1.5842804918737903,0.029320779099568768,0.019584751721683887,0.0,0.019584751721683887,1.4971228390455074,0.6679478623394399
1,0.03,0,0.15042969047075824,0.10097376808341225,3.674836413137038,562.8069815195072,0.16166741703636944,1.6423278101019134,0.027630249778737105,0.030923292192132454,0.0,0.030923292192132454,0.8935093199994673,1.1191825061215883
1,0.03,1,0.16747979874980942,0.11154139158426132,3.5962470066186967,564.1346241805153,0.16549158823909238,1.662528711832719,0.03240408596007652,0.030923292192132454,0.0,0.030923292192132454,1.0478860322744294,0.9543022515812211
1,0.03,2,0.16284560895727015,0.11630684733415775,3.4988738810960096,563.6628075253257,0.16455775336362422,1.6456210758862635,0.030682102118121782,0.030923292192132454,0.0,0.030923292192132454,0.9922003752863017,1.0078609370727638
1,0.03,3,0.15556396669190006,0.10913254969245754,3.5911638478535886,560.2127176381529,0.16547760652611032,1.6618907930443743,0.030793013593674135,0.030923292192132454,0.0,0.030923292192132454,0.9957870398258739,1.0042307842998868
1,0.03,4,0.15845204540260532,0.10411081280518365,3.6478934820219293,563.7485335567914,0.16346125642303377,1.6602879053698616,0.03232559276807195,0.030923292192132454,0.0,0.030923292192132454,1.045347712889906,0.9566194938480896
1,0.03,5,0.1489816156838813,0.10361340640765213,3.6654526391435143,564.5212449462201,0.16243973540258594,1.6263287147650598,0.030355326203736367,0.030923292192132454,0.0,0.030923292192132454,0.9816330685339968,1.0187105875451332
1,0.03,6,0.17136294027565085,0.1103555186640356,3.585613753860597,566.635528330781,0.16445779404602945,1.65103771653684,0.029736275097646696,0.030923292192132454,0.0,0.030923292192132454,0.961614142274678,1.0399181501579429
1,0.03,7,0.14263050540152603,0.10508089850500188,3.585369686681743,559.0720707108861,0.16268904239404947,1.6319691729386663,0.03092105175636646,0.030923292192132454,0.0,0.030923292192132454,0.9999275486014855,1.0000724566481
1,0.03,8,0.16170634920634921,0.1141888534730548,3.610468726736734,564.7362637362637,0.1618067091330886,1.6500740752258147,0.03064479123339659,0.030923292192132454,0.0,0.030923292192132454,0.9909938127866372,1.0090880357648628
1,0.03,9,0.1834360027378508,0.12032193678023105,3.570093452992985,562.8069815195072,0.16439148955396377,1.6508457532795202,0.03291353306217945,0.030923292192132454,0.0,0.030923292192132454,1.0643605751186271,0.9395312297137144
1,0.03,10,0.13453907203907203,0.10154576770757887,3.61585636229623,564.7362637362637,0.16231888870242983,1.6419052722058671,0.03040545567063487,0.030923292192132454,0.0,0.030923292192132454,0.983254159412259,1.0170310396629807
1,0.03,11,0.10843096714909257,0.08474135913298582,3.73000833270689,566.6788421778084,0.1645198197220452,1.6590474260914694,0.03169910841441077,0.030923292192132454,0.0,0.030923292192132454,1.0250884096511466,0.9755256137763918
1,0.03,12,0.1861366572926959,0.12035667067771642,3.5803861722646495,562.4653796458159,0.16136084811296314,1.6319872028238478,0.031201981872208198,0.030923292192132454,0.0,0.030923292192132454,1.0090122900997796,0.9910682058204778
1,0.03,13,0.13728929906185647,0.10231463773728122,3.610089095970687,564.4352833498589,0.1647836017073132,1.6502341186438827,0.03129514142097583,0.030923292192132454,0.0,0.030923292192132454,1.0120248913515741,0.9881179885452078
1,0.03,14,0.16291581420019702,0.10352055211185218,3.708111648200834,560.7635826324165,0.1627600382489618,1.6482234377311435,0.02765012891335883,0.030923292192132454,0.0,0.030923292192132454,0.8941521731115555,1.1183778668457576
1,0.03,15,0.17885870390044012,0.11162168425034687,3.6218249146793724,561.57064804978,0.16266417870065197,1.6521315745981695,0.030386063585502436,0.030923292192132454,0.0,0.030923292192132454,0.9826270565471454,1.0176800988097168
1,0.03,16,0.15802524797114517,0.10995164388482773,3.591261282215433,556.0946798917944,0.16550841904245317,1.6570071721784614,0.031884806824578435,0.030923292192132454,0.0,0.030923292192132454,1.0310935403149155,0.9698441129740577
1,0.03,17,0.15039256040856772,0.10699455670806128,3.5921119303910642,564.0916990624286,0.165369390277192,1.6639947301899338,0.03322241424727853,0.030923292192132454,0.0,0.030923292192132454,1.0743492006239563,0.9307960572030248
1,0.03,18,0.17544919220896874,0.1269700205316195,3.427223389200095,558.6928884191454,0.16456623739213683,1.6531687558858157,0.033454475272568306,0.030923292192132454,0.0,0.030923292192132454,1.08185360939932,0.9243394774596465
1,0.03,19,0.14665855698319774,0.10520745641764469,3.6145266247451575,562.6361286398541,0.1653282302140724,1.653866296654472,0.031526340614039416,0.030923292192132454,0.0,0.030923292192132454,1.019501430124584,0.9808716010116819
1,0.03,20,0.15171886936592818,0.10870478502076257,3.5325667962157357,565.3391902215432,0.1661433930567,1.6616933580912772,0.03389665995977909,0.030923292192132454,0.0,0.030923292192132454,1.0961530146652085,0.9122813937663841
1,0.03,21,0.1529950400610454,0.1021986420043382,3.654383237381204,564.6932468523464,0.16406624115188606,1.651604538101847,0.03076146375086113,0.030923292192132454,0.0,0.030923292192132454,0.9947667783796805,1.0052607523030108
1,0.03,22,0.15115470765428285,0.1022518072349019,3.6281086756495733,571.5723333590794,0.1616489899752196,1.650949683448971,0.03065152520502491,0.030923292192132454,0.0,0.030923292192132454,0.9912115765223507,1.0088663446693018
1,0.03,23,0.14730196903652487,0.10315449254428688,3.6175938213405057,556.1781151360289,0.1629691833513789,1.6561865245020269,0.030867508205156824,0.030923292192132454,0.0,0.030923292192132454,0.9981960527802463,1.0018072073263857
1,0.03,24,0.1826548937443879,0.11197212622410702,3.646083274013833,553.7686321460641,0.16297732363454998,1.6424106380323966,0.031221922634062635,0.030923292192132454,0.0,0.030923292192132454,1.009657136118455,0.9904352321466462
1,0.03,25,0.14829993928354585,0.10557213709266093,3.5952848670731807,561.655737704918,0.1617318861244712,1.6423440220306769,0.030914798356673424,0.030923292192132454,0.0,0.030923292192132454,0.9997253256410651,1.0002747498256672
1,0.03,26,0.15799453883495146,0.11168948832415654,3.5779061662587046,561.3155339805825,0.16441631608176976,1.6513972134694728,0.03282156816982485,0.030923292192132454,0.0,0.030923292192132454,1.0613866067654776,0.9421637635389519
1,0.03,27,0.16014101410141013,0.1057305724959866,3.6618766340403663,555.095409540954,0.16285464508109726,1.6410823488987658,0.029639526650310156,0.030923292192132454,0.0,0.030923292192132454,0.9584854829218696,1.0433126195626632
1,0.03,28,0.17199402539208364,0.1139062657294844,3.5507250121051617,552.6952949962658,0.16377121591358446,1.6499654433286264,0.033792008765704616,0.030923292192132454,0.0,0.030923292192132454,1.0927687956297882,0.9151066575099965
1,0.03,29,0.16093868281604845,0.11034550245558114,3.5932626444468405,560.2127176381529,0.16468747935141437,1.6634560567555763,0.03140311618715944,0.030923292192132454,0.0,0.030923292192132454,1.0155165883388402,0.9847204974128273
1,0.03,30,0.1737943585077343,0.10769408557007139,3.6409280107829285,561.1455868971792,0.16306020171032287,1.657700018960821,0.030464631665926598,0.030923292192132454,0.0,0.030923292192132454,0.9851677976796226,1.0150555086710222
1,0.03,31,0.15425450069241423,0.10951955928809631,3.5932609975152765,569.3335897830435,0.16174108814448118,1.6463638180091147,0.03177740140885845,0.030923292192132454,0.0,0.030923292192132454,1.027620255030391,0.9731221189002603
1,0.03,32,0.1626366856614816,0.1112983372069224,3.579669464807666,569.8587709841368,0.16242787402006797,1.6343234480956066,0.031219958666593356,0.030923292192132454,0.0,0.030923292192132454,1.00959362517476,0.9904975378850086
1,0.03,33,0.16277115795905897,0.10922030593382712,3.5996250350049004,565.2529789184234,0.1625402974896133,1.6470449219406156,0.032142004207182155,0.030923292192132454,0.0,0.030923292192132454,1.0394108107079159,0.9620835089438082
1,0.03,34,0.16116741598719805,0.11400936837239264,3.567068439431132,563.9200640097539,0.16165287178591825,1.647773637103704,0.03020254625770308,0.030923292192132454,0.0,0.030923292192132454,0.9766924579067702,1.023863747390025
1,0.03,35,0.1542402691748872,0.11009052466636125,3.582621425538578,565.9002064693738,0.16440913811675273,1.6493877151818053,0.031829715358725016,0.030923292192132454,0.0,0.030923292192132454,1.0293119879009252,0.9715227372793926
1,0.03,36,0.17127325625909195,0.11148602198307597,3.6017636704382565,566.5922211163005,0.1621735151275061,1.6424097779772293,0.030337229182005807,0.030923292192132454,0.0,0.030923292192132454,0.9810478455371012,1.0193182774409162
1,0.03,37,0.16266524844248595,0.10704490628405,3.618456296176619,562.2520893481234,0.16483346579479985,1.6557417867480335,0.02985913629746123,0.030923292192132454,0.0,0.030923292192132454,0.9655872379933089,1.035639205503801
1,0.03,38,0.19246925838234172,0.1329902295843978,3.5116385191463255,565.2098831436646,0.16415199713082984,1.6526323597470447,0.03144934560900236,0.030923292192132454,0.0,0.030923292192132454,1.0170115592350721,0.9832729932313974
1,0.03,39,0.16482518540941427,0.10509411131291288,3.6324109841729526,560.0434387770547,0.1619808272807859,1.6399083757037292,0.029948816562088854,0.030923292192132454,0.0,0.030923292192132454,0.9684873258646268,1.0325380346172728
1,0.03,40,0.1655359565807327,0.11225386613418814,3.5986273894235903,557.8521031207598,0.16152951651019976,1.6396938175098033,0.030477967282681675,0.030923292192132454,0.0,0.030923292192132454,0.9855990459656142,1.0146113717270058
1,0.03,41,0.20526118000751598,0.12119478948831905,3.5907372253688132,556.2198421645998,0.1642562119232025,1.6575192091736763,0.031590850659916445,0.030923292192132454,0.0,0.030923292192132454,1.0215875613643048,0.9788686137334374
1,0.03,42,0.1553961227293543,0.10408470616746306,3.6292757619104745,564.8223172034803,0.1621504042414017,1.6333782404351243,0.029474512582177207,0.030923292192132454,0.0,0.030923292192132454,0.9531492442346146,1.049153640994603
1,0.03,43,0.17695099818511797,0.11495126231849125,3.5899037693240086,559.6206896551724,0.16333074151771143,1.6425795558465668,0.031091368178033152,0.030923292192132454,0.0,0.030923292192132454,1.0054352552392032,0.9945941270600164
1,0.03,44,0.16262793497892836,0.11271403695909857,3.5588958648498092,556.9301625526791,0.16357535115093924,1.6638779344752122,0.03126077234257188,0.030923292192132454,0.0,0.030923292192132454,1.010913461229891,0.989204356605744
1,0.03,45,0.1539918194212998,0.10980822424603894,3.54610919576508,560.5515830934706,0.16530779364984483,1.6443130868686153,0.0313717310210061,0.030923292192132454,0.0,0.030923292192132454,1.0145016522201908,0.9857056396227107
1,0.03,46,0.28475456141690203,0.11693252703709961,3.7690254586612646,564.9514466753187,0.1641356495092623,1.6442965447312448,0.031963999936381375,0.030923292192132454,0.0,0.030923292192132454,1.0336544937642085,0.9674412543386227
1,0.03,47,0.1438609746883264,0.10305942680476579,3.61014115358909,559.1564034756328,0.16403684244141914,1.6582778726391036,0.0298008303092861,0.030923292192132454,0.0,0.030923292192132454,0.9637017340885867,1.0376654566734198
1,0.03,48,0.1484539177424197,0.10767136652819012,3.5826072279810415,555.4280996697688,0.16134002874605358,1.6548635345698939,0.03155323408041915,0.030923292192132454,0.0,0.030923292192132454,1.0203711132816242,0.9800355840963505
1,0.03,49,0.15095483479842375,0.10685105201245834,3.596430846887875,560.806001818733,0.1648480867734179,1.668119579709387,0.030816056364361202,0.030923292192132454,0.0,0.030923292192132454,0.9965321988646948,1.003479868627683
1,0.06,0,0.10762027037232838,0.07315618134807392,3.9765528076837597,558.9034816101503,0.20174023881554604,1.7976415136648123,0.03238102340971567,0.06184658438426491,0.0,0.06184658438426491,0.5235701167994348,1.9099638575879083
1,0.06,1,0.09227194363241137,0.07045309987305082,4.0098961631078165,554.7216100742073,0.19819447037298232,1.7784338391423677,0.028263644430242405,0.06184658438426491,0.0,0.06184658438426491,0.4569960445129009,2.1882027470628804
1,0.06,2,0.09607150905130324,0.07254953930088445,3.954642733090638,555.8862014572222,0.1977224597649183,1.7912232292211203,0.030570306335253757,0.06184658438426491,0.0,0.06184658438426491,0.4942925569715293,2.0230933804200473
1,0.06,3,0.16066545123062898,0.07924322790849284,3.9840631708365244,562.1668185961714,0.20194320939481258,1.795825555462108,0.031168746156843372,0.06184658438426491,0.0,0.06184658438426491,0.5039687553832539,1.984249994306747
1,0.06,4,0.16256233218258534,0.07848466436312847,3.9954659749060513,567.7203682393556,0.2010955280275084,1.8036525777802948,0.031292144216090126,0.06184658438426491,0.0,0.06184658438426491,0.5059639837450993,1.9764252637076873
1,0.06,5,0.09522716842588343,0.06949420373413592,4.040233481951464,566.0298301973382,0.199308570852736,1.7961473104593195,0.029576487314310396,0.06184658438426491,0.0,0.06184658438426491,0.478223455810363,2.091072672931678
1,0.06,6,0.09905020352781546,0.07105466661269348,3.990767247247689,557.8521031207598,0.19954822122235782,1.7755212373604166,0.030299813709844536,0.06184658438426491,0.0,0.06184658438426491,0.48991895044010636,2.0411539482228136
1,0.06,7,0.0940333765145165,0.06925029540253966,4.003700258106282,563.9200640097539,0.19796782708726823,1.7975414287557032,0.02885470848735728,0.06184658438426491,0.0,0.06184658438426491,0.46655298388149197,2.143379282842627
1,0.06,8,0.1078461777019693,0.0721207297849925,3.9823629892713814,573.7399596836719,0.20185515063349158,1.810523233661813,0.030561933912316264,0.06184658438426491,0.0,0.06184658438426491,0.49415718291618177,2.0236476056032937
1,0.06,9,0.1105871615454822,0.07310553463182788,3.9912096954840335,562.849710982659,0.20149742835201323,1.8027114393285353,0.03067613736296231,0.06184658438426491,0.0,0.06184658438426491,0.4960037432684314,2.016113816824184
1,0.06,10,0.13018739094150672,0.0758284146753691,3.993200099408973,561.4430619831576,0.20012365802540444,1.8022741907291187,0.031253027784784886,0.06184658438426491,0.0,0.06184658438426491,0.5053315085373788,1.978898966530663
1,0.06,11,0.11223164489265795,0.07459860373675097,3.984751760369733,565.3823057529223,0.20018453229567967,1.7991948018141044,0.030636754938840514,0.06184658438426491,0.0,0.06184658438426491,0.49536696721177637,2.0187054571454417
1,0.06,12,0.11053711160069893,0.07221192124250865,3.9876009295934987,562.2094507331155,0.20080272553605027,1.7963972449659513,0.031090638334332555,0.06184658438426491,0.0,0.06184658438426491,0.5027058267463947,1.989234949736281
1,0.06,13,0.11291663517496787,0.07548080728352854,3.956358135384179,559.3251454916484,0.20175929632387124,1.799835887749746,0.03236774651844185,0.06184658438426491,0.0,0.06184658438426491,0.5233554421911922,1.9107473036168026
1,0.06,14,0.12658700522778193,0.0767263361808417,3.955072679421308,552.6952949962658,0.20163385872729123,1.804608641017178,0.03277228062426365,0.06184658438426491,0.0,0.06184658438426491,0.5298963710047926,1.887161442724724
1,0.06,15,0.09354354354354355,0.07236691820669999,3.959366752850774,555.5945945945946,0.20006971669499762,1.7896873807563478,0.031091959284041078,0.06184658438426491,0.0,0.06184658438426491,0.5027271852372746,1.9891504365892312
1,0.06,16,0.09538228614685844,0.07210443277444428,3.955616186102733,560.2127176381529,0.20184318313840777,1.8094025222671186,0.03042939022979338,0.06184658438426491,0.0,0.06184658438426491,0.49201407859049473,2.0324621662550104
1,0.06,17,0.1143507972665148,0.07878283548581787,3.9365281081672685,561.9111617312072,0.19973139639478177,1.7892326614523966,0.031791290287332796,0.06184658438426491,0.0,0.06184658438426491,0.5140346973699841,1.945393968765955
1,0.06,18,0.10033644859813085,0.07093874498427334,3.9879598901700044,553.3140186915888,0.19870166570763104,1.788277370075782,0.029639218163734486,0.06184658438426491,0.0,0.06184658438426491,0.47923775352863845,2.086646956832965
1,0.06,19,0.09473520733033079,0.07248351533209439,3.966077596128038,574.6294455660817,0.1999566467711702,1.7969352663282783,0.02985624253232202,0.06184658438426491,0.0,0.06184658438426491,0.482746829587538,2.07147916611779
1,0.06,20,0.10875610672679444,0.07281490372815076,4.0036277504711935,556.2198421645998,0.20213291657273658,1.7875040207081452,0.030651872946133984,0.06184658438426491,0.0,0.06184658438426491,0.49561141090165806,2.0177097984501926
1,0.06,21,0.11892458623530293,0.0742060536897185,3.9923935501838055,554.2239946079533,0.19957522614276968,1.802333759634029,0.030878875768464233,0.06184658438426491,0.0,0.06184658438426491,0.49928182899491663,2.002876816112171
1,0.06,22,0.10645630696178295,0.07189520419597509,3.978591331096507,566.7654897755993,0.20090312193497084,1.801035828181138,0.03102076717719694,0.06184658438426491,0.0,0.06184658438426491,0.5015760770952015,1.9937155013280177
1,0.06,23,0.08840072970507754,0.06732325621346807,4.028484422560861,562.508057160231,0.20068823033943772,1.7924962176259078,0.03179967916092461,0.06184658438426491,0.0,0.06184658438426491,0.5141703374166469,1.9448807666041448
1,0.06,24,0.11008007184015565,0.07218679996991842,3.9956308598145918,553.8099977549952,0.20102737814886495,1.78622048834775,0.03250336259349145,0.06184658438426491,0.0,0.06184658438426491,0.5255482241596676,1.9027749577100435
1,0.06,25,0.1311801622531762,0.07560592961081865,3.9910991563266127,566.3757844787999,0.20164568463223986,1.8155147476950408,0.03266837353995302,0.06184658438426491,0.0,0.06184658438426491,0.5282162930288605,1.8931638671459199
1,0.06,26,0.10297605385968939,0.07350091465691197,3.958554027214299,566.1595134266697,0.20050922778318636,1.803792401798848,0.031000648355903125,0.06184658438426491,0.0,0.06184658438426491,0.5012507750353689,1.9950093841339973
1,0.06,27,0.11434702636419375,0.07729560174417992,3.943740414796005,567.1557326793378,0.20136800050386228,1.7945137921946765,0.031740625886804104,0.06184658438426491,0.0,0.06184658438426491,0.5132155025666962,1.9484992074455942
1,0.06,28,0.1569868173258004,0.07760234810576029,4.0221682635051765,557.4745762711865,0.2013184450333938,1.7999697095371288,0.032354232802319534,0.06184658438426491,0.0,0.06184658438426491,0.5231369383521064,1.9115453845603476
1,0.06,29,0.0981906276023923,0.07249100520500187,3.9717219672234965,560.2550533727004,0.20228118196246214,1.7928094923521811,0.03183994119079443,0.06184658438426491,0.0,0.06184658438426491,0.5148213358552941,1.9424214389612628
1,0.06,30,0.09975174904084856,0.07323937332885229,3.9589640558194388,556.7210561949898,0.20131607219809666,1.7958555607736608,0.030795546491885376,0.06184658438426491,0.0,0.06184658438426491,0.49793447444965805,2.0082963749502376
1,0.06,31,0.10379378919993881,0.07328019087606738,3.9490554381246024,566.0298301973382,0.20040041409083642,1.800494997528369,0.030373385529046865,0.06184658438426491,0.0,0.06184658438426491,0.49110853625045947,2.036209770725736
1,0.06,32,0.10288877094548488,0.07318313565566935,3.9672035611659386,561.1031162332247,0.20017647894565016,1.8005658560297255,0.03144633636634738,0.06184658438426491,0.0,0.06184658438426491,0.5084571230476553,1.966734174173964
1,0.06,33,0.10526315789473684,0.07288997404392442,3.9799223138781183,555.6362339514978,0.2012286584067624,1.802525411182541,0.030263840835157277,0.06184658438426491,0.0,0.06184658438426491,0.48933730353033117,2.0435801496952823
1,0.06,34,0.11095078979343864,0.0727053908643377,3.993543964087137,561.9963547995139,0.20067389821633697,1.8057002186676496,0.029623911326179118,0.06184658438426491,0.0,0.06184658438426491,0.4789902566343837,2.087725138766875
1,0.06,35,0.11330867366196119,0.07582525382888157,3.927564212567668,558.6507888578546,0.2012963204178959,1.8001258070370443,0.03300430983231897,0.06184658438426491,0.0,0.06184658438426491,0.5336480609382848,1.8738941883190834
1,0.06,36,0.10438799076212471,0.07564514992385693,3.931739673811183,569.6836027713625,0.20221243039122783,1.8040949734471996,0.03317322079611361,0.06184658438426491,0.0,0.06184658438426491,0.5363791893502462,1.8643527188505769
1,0.06,37,0.1104796544669243,0.07461038746051678,3.9575257517917586,560.7635826324165,0.20084957825019956,1.8011416039939387,0.030568014188652064,0.06184658438426491,0.0,0.06184658438426491,0.49425549515761485,2.023245082345734
1,0.06,38,0.1027231467473525,0.07206985228957524,3.976747392384026,559.7897125567322,0.1997607728408184,1.775323513146135,0.03183123454541005,0.06184658438426491,0.0,0.06184658438426491,0.514680557743276,1.9429527402097875
1,0.06,39,0.09915675350097877,0.07146828336149234,3.999515264550749,557.1812979972896,0.2026763717585709,1.8141862542521312,0.033064863544995986,0.06184658438426491,0.0,0.06184658438426491,0.5346271564417775,1.8704624109548074
1,0.06,40,0.11513232300384528,0.0748465590366004,3.9798563665203583,557.9780592626103,0.20227264866116457,1.795827142854904,0.03331258350328286,0.06184658438426491,0.0,0.06184658438426491,0.5386325507695828,1.8565532264457996
1,0.06,41,0.13821815154038303,0.08990827739415601,3.9034139858237933,560.1703883127697,0.20280009717680514,1.8052739990175308,0.033635631378663274,0.06184658438426491,0.0,0.06184658438426491,0.5438559253277194,1.838722267110384
1,0.06,42,0.10281711358843025,0.07394866199835119,3.94273333711774,557.4326604398915,0.20317069624434225,1.8077104353459346,0.03239910151859662,0.06184658438426491,0.0,0.06184658438426491,0.5238624224952291,1.9088981325227756
1,0.06,43,0.11215235792019347,0.07430769117555375,3.991702276472933,559.2829504232164,0.20030061044963077,1.7874349457517535,0.030735160737461752,0.06184658438426491,0.0,0.06184658438426491,0.4969580946701631,2.0122420999374437
1,0.06,44,0.10705651254155334,0.0743975976398451,3.9706840552986113,559.114233907525,0.2017705609323457,1.8076468808549595,0.03060864777697059,0.06184658438426491,0.0,0.06184658438426491,0.49491250134030174,2.020559184283769
1,0.06,45,0.1164777021919879,0.07759167663245019,3.99167227411692,559.3673469387755,0.19956643049954437,1.7952141204309744,0.03055354566520196,0.06184658438426491,0.0,0.06184658438426491,0.49402155299906,2.0242031828961577
1,0.06,46,0.0915573086550861,0.06777890374547688,4.027953030282872,561.3580368656603,0.19849448511376977,1.8080087983595232,0.028186945024486657,0.06184658438426491,0.0,0.06184658438426491,0.4557558886252418,2.194157058543852
1,0.06,47,0.12941176470588237,0.07618275768490067,3.9708651820690353,572.7647058823529,0.2003000998229254,1.8076082581769857,0.032515064678968086,0.06184658438426491,0.0,0.06184658438426491,0.5257374356673545,1.9020901540530997
1,0.06,48,0.08617799451386772,0.06933166495014463,3.994981690598826,563.8771715940262,0.1998759219131898,1.7951724000694864,0.030135207023352085,0.06184658438426491,0.0,0.06184658438426491,0.4872574180671993,2.0523032855337395
1,0.06,49,0.11272312951006457,0.07458663780223052,3.9715443517803592,562.1241929358147,0.2002735468558967,1.7973939861697592,0.028932629301108473,0.06184658438426491,0.0,0.06184658438426491,0.46781288876592436,2.137606774020204
1,0.12,0,0.07237535773459858,0.058285200684938886,4.175663180198899,557.3488477180298,0.2770376969128847,2.083571714491568,0.0304256606596924,0.12369316876852982,0.0,0.12369316876852982,0.24597688750806213,4.06542260994836
1,0.12,1,0.06997948484157739,0.05761312275926663,4.18646822298324,562.2947344426715,0.27398326926049776,2.0884645009888625,0.028749020851814175,0.12369316876852982,0.0,0.12369316876852982,0.232422058049244,4.302517619855714
1,0.12,2,0.07360172095881991,0.05964950687980325,4.161295719477046,568.5476336816226,0.2725726854696404,2.0681037476505626,0.02986719390608334,0.12369316876852982,0.0,0.12369316876852982,0.24146195140310928,4.141439237896937
1,0.12,3,0.0640695915279879,0.05727999965963114,4.1914352103677555,559.7897125567322,0.2766044350573793,2.1058142291805626,0.031097528498539462,0.12369316876852982,0.0,0.12369316876852982,0.2514086170492815,3.9775884046328387
1,0.12,4,0.06369329463876584,0.05705791643486725,4.214920465904357,565.1667939514282,0.27496591868111864,2.086405310206916,0.0320144744396465,0.12369316876852982,0.0,0.12369316876852982,0.25882168561431235,3.863663887461762
1,0.12,5,0.11761985509480499,0.06128411566832415,4.172608360899194,570.3849236935409,0.2762012559687719,2.101230980223042,0.03302994870985907,0.12369316876852982,0.0,0.12369316876852982,0.26703130850878964,3.744879226276509
1,0.12,6,0.06496378192908883,0.057832299324214784,4.181080144708339,564.2634388105223,0.27493816846981645,2.08459571678816,0.028444988081791866,0.12369316876852982,0.0,0.12369316876852982,0.2299640987856144,4.3485048548045615
1,0.12,7,0.07140115163147792,0.057695017094078906,4.187698551958172,568.1554702495201,0.27193493451341055,2.08441419360674,0.0295336880757572,0.12369316876852982,0.0,0.12369316876852982,0.23876571656939558,4.18820597181236
1,0.12,8,0.07672710924621609,0.058433177132328915,4.179070344585366,554.5141615465308,0.2784619420126546,2.1046162897401297,0.0322783020985875,0.12369316876852982,0.0,0.12369316876852982,0.26095460581974994,3.83208411615748
1,0.12,9,0.08197965689995446,0.05819154855950169,4.181157958185003,561.7408531956885,0.27439745410811156,2.087675989046138,0.02926395425959019,0.12369316876852982,0.0,0.12369316876852982,0.2365850479128122,4.226809804009788
1,0.12,10,0.13386303443057132,0.06368372427295524,4.177671488871252,560.0011350737798,0.2764088648254983,2.1053384162807633,0.03205144033470403,0.12369316876852982,0.0,0.12369316876852982,0.2591205371630725,3.859207807101254
1,0.12,11,0.07769442743417024,0.05947404891252216,4.16688151384968,566.4623392529088,0.2750366838881746,2.094166970927014,0.03139014921551277,0.12369316876852982,0.0,0.12369316876852982,0.25377431533227157,3.9405091042829956
1,0.12,12,0.08880512627214474,0.05948306027589061,4.1797902930277555,557.894082171127,0.27646474723587744,2.1109400547784043,0.03185183037667919,0.12369316876852982,0.0,0.12369316876852982,0.25750678629863816,3.883392800530976
1,0.12,13,0.08119211233940843,0.059863717934070804,4.161372636167181,552.7777113833283,0.28018351530772634,2.1274223631245937,0.03163612510114567,0.12369316876852982,0.0,0.12369316876852982,0.25576291250446626,3.9098710215951953
1,0.12,14,0.07410523095747935,0.05798606186251809,4.180723364424469,565.9434077699602,0.2732336893095635,2.091307499814964,0.03146033084875732,0.12369316876852982,0.0,0.12369316876852982,0.2543417002084395,3.9317186256932093
1,0.12,15,0.0703814567503262,0.057032408964406596,4.187881137712017,567.9813492977205,0.27554755393066444,2.097031065495789,0.03015041045657249,0.12369316876852982,0.0,0.12369316876852982,0.24375162150622662,4.102536811122116
1,0.12,16,0.07463254893001295,0.0586927065247375,4.1620892036244355,563.5771076079507,0.27587540686363354,2.105523379503801,0.03250725261096445,0.12369316876852982,0.0,0.12369316876852982,0.26280556100714103,3.8050945199474975
1,0.12,17,0.08164035948946455,0.05890337342868273,4.1810752878042,558.9034816101503,0.2759476664068643,2.0928960969939823,0.03018456846537297,0.12369316876852982,0.0,0.12369316876852982,0.24402777264004066,4.097894224011442
1,0.12,18,0.06250956388676358,0.05678079613786116,4.222834294859119,566.2027543993879,0.2755065918317996,2.0801344929317196,0.030127605584430707,0.12369316876852982,0.0,0.12369316876852982,0.24356725504226726,4.105642196552512
1,0.12,19,0.07647635568293235,0.05947256802760904,4.163787433521059,558.1460894486763,0.2802243465848733,2.118411686379436,0.03423350709323137,0.12369316876852982,0.0,0.12369316876852982,0.27676150133475363,3.613219306793909
1,0.12,20,0.07158070896090066,0.057820883989456014,4.175274377031458,562.9351894112277,0.27524113887920976,2.0986178035219876,0.03121955414749821,0.12369316876852982,0.0,0.12369316876852982,0.25239513595063734,3.9620414879769195
1,0.12,21,0.06655136110693337,0.05726947678586956,4.1884921547031055,556.512107083772,0.2744007657165639,2.1029864024342615,0.02813371122072768,0.12369316876852982,0.0,0.12369316876852982,0.22744757451702943,4.396617559556029
1,0.12,22,0.10481973434535104,0.0611187042286405,4.172131669016765,561.6982922201139,0.2746390697720926,2.0864945971176834,0.03016062288893256,0.12369316876852982,0.0,0.12369316876852982,0.24383418412841298,4.101147685975644
1,0.12,23,0.1164984157394444,0.06285278570070732,4.164698645361288,545.3371895954609,0.2748489566729404,2.0888371028738977,0.03150956773362805,0.12369316876852982,0.0,0.12369316876852982,0.25473975683000494,3.925574917885033
1,0.12,24,0.09580032879988043,0.05939803745389984,4.182851891039306,553.0251083545061,0.27461357714491896,2.0979650314191503,0.03146726147862204,0.12369316876852982,0.0,0.12369316876852982,0.2543977310299773,3.9308526689735435
1,0.12,25,0.10107641804717918,0.06003224191577895,4.182567562358517,564.9514466753187,0.274543896317482,2.07919668083843,0.03170264970927044,0.12369316876852982,0.0,0.12369316876852982,0.25630073208486087,3.90166657685902
1,0.12,26,0.05834918219855458,0.05698568041257068,4.180614284715387,562.977938379612,0.27509750169701874,2.0980344652098317,0.02992289525853941,0.12369316876852982,0.0,0.12369316876852982,0.24191227014755268,4.133729964958194
1,0.12,27,0.09957100925716866,0.06067803254377674,4.1691858718533235,556.9720027094152,0.27724048335221596,2.110084996081614,0.032357379244071394,0.12369316876852982,0.0,0.12369316876852982,0.26159390664995075,3.8227190105698443
1,0.12,28,0.07071320182094082,0.058251507722740827,4.1767522306760165,561.4855842185129,0.2743542851821985,2.1013536120027747,0.03138240687419435,0.12369316876852982,0.0,0.12369316876852982,0.25371172221257465,3.9414812657419946
1,0.12,29,0.11067708333333333,0.0610974874232115,4.169276251549039,566.8088235294117,0.2749777552089654,2.099663025357401,0.032770142657047724,0.12369316876852982,0.0,0.12369316876852982,0.2649309010618956,3.7745691272396003
1,0.12,30,0.07865757734661773,0.05824212841141003,4.179952887104941,554.3897670237471,0.27727654416230507,2.1111655163448377,0.03194335880779638,0.12369316876852982,0.0,0.12369316876852982,0.2582467498069583,3.8722655783567803
1,0.12,31,0.05865124662060679,0.057533548310268225,4.1723987343398425,555.7611895464104,0.27470584781258367,2.0945027286349216,0.028231716726441983,0.12369316876852982,0.0,0.12369316876852982,0.22823990206987677,4.381354841686907
1,0.12,32,0.13119465589560353,0.06260296695559198,4.186837161639975,574.8076743824763,0.2736343530123122,2.076874608937133,0.031097877033991972,0.12369316876852982,0.0,0.12369316876852982,0.2514114347914089,3.977543825043917
1,0.12,33,0.06396477086132259,0.05814319001245684,4.167926203780412,552.3658755038066,0.277027185598854,2.112887255946424,0.032585252230896644,0.12369316876852982,0.0,0.12369316876852982,0.26343615055956937,3.7959862299683715
1,0.12,34,0.07104671883474084,0.05882110587113616,4.184895911428161,573.3405903773146,0.2766202262719162,2.0933739195758614,0.0319279871881377,0.12369316876852982,0.0,0.12369316876852982,0.2581224776275669,3.8741298673060705
1,0.12,35,0.07158432964884578,0.058657119528170015,4.202454763958433,556.4703361154974,0.2774187801987864,2.1163713465740903,0.031089211049732626,0.12369316876852982,0.0,0.12369316876852982,0.25134137446111243,3.9786525483281316
1,0.12,36,0.06800090971116671,0.058888897132452676,4.165467455800008,561.018194223334,0.2765735483553726,2.102067435976398,0.031823573365116944,0.12369316876852982,0.0,0.12369316876852982,0.2572783418999412,3.8868409700374724
1,0.12,37,0.08216463414634147,0.058313655701668285,4.183955137715188,564.0487804878048,0.277650755160721,2.101881044802948,0.028558400869698096,0.12369316876852982,0.0,0.12369316876852982,0.2308809868323461,4.331235818591457
1,0.12,38,0.07893941683033691,0.058574691829623084,4.179262761990934,559.0299138842726,0.275067131355172,2.0894667067836554,0.029606822714105054,0.12369316876852982,0.0,0.12369316876852982,0.23935697507684564,4.177860284535053
1,0.12,39,0.07674579396174233,0.058442366585329385,4.17708208178765,568.5040331873704,0.2758280147390906,2.0812329480146605,0.03129206914277786,0.12369316876852982,0.0,0.12369316876852982,0.25298138494079253,3.952860010763396
1,0.12,40,0.07160968113714944,0.058840443636812005,4.176533654335395,568.5912408759124,0.2760001624119468,2.100132341038723,0.031173582851448854,0.12369316876852982,0.0,0.12369316876852982,0.2520234800499353,3.967884261426207
1,0.12,41,0.08400089840533054,0.058836227961033626,4.19047682807404,554.0583214793741,0.27659533597761765,2.099256252632606,0.02871718944388514,0.12369316876852982,0.0,0.12369316876852982,0.23216471636864888,4.307286721433258
1,0.12,42,0.076578627808136,0.05815209879706203,4.185736451070394,561.655737704918,0.27430594607722014,2.074318260114498,0.03067547505244208,0.12369316876852982,0.0,0.12369316876852982,0.24799651717101595,4.032314692993893
1,0.12,43,0.07119813939530348,0.05821923191143333,4.172922590174708,555.2201215395004,0.2772186452639289,2.10757095410023,0.030438306129602292,0.12369316876852982,0.0,0.12369316876852982,0.24607912007301125,4.0637336467364715
1,0.12,44,0.055491329479768786,0.055534047405236195,4.189585121244098,570.3410404624277,0.2758875710424036,2.0905510043890128,0.030483904414554352,0.12369316876852982,0.0,0.12369316876852982,0.24644776035772567,4.057655052529074
1,0.12,45,0.08946031257217646,0.05846808862061072,4.195997802895327,569.7273847101394,0.2755652454216033,2.102707403625994,0.03121285582380396,0.12369316876852982,0.0,0.12369316876852982,0.25234098321317466,3.962891747771356
1,0.12,46,0.0726547206745972,0.057993689249101206,4.187190528512163,557.1812979972896,0.27397960441885516,2.0650609521767653,0.029925250477203007,0.12369316876852982,0.0,0.12369316876852982,0.24193131096190842,4.133404626395993
1,0.12,47,0.06092452973878608,0.056931762155949014,4.207888994012748,563.5771076079507,0.27702448263880797,2.08866086988548,0.030165386524928454,0.12369316876852982,0.0,0.12369316876852982,0.24387269584286997,4.100500043860227
1,0.12,48,0.07467288314032185,0.05834894019629707,4.194628193820273,556.512107083772,0.2761331992223859,2.0925068047722766,0.031260556711939794,0.12369316876852982,0.0,0.12369316876852982,0.2527266220371351,3.956844719956184
1,0.12,49,0.09902125707294693,0.059638367126311986,4.178688772135487,565.8570117755008,0.2759543093852699,2.079230742610657,0.030817144297229166,0.12369316876852982,0.0,0.12369316876852982,0.24914184513211135,4.013777771733746
1,0.25,0,0.05606407322654462,0.05272268053069562,4.271218358291581,564.4782608695652,0.43770777818281204,2.74387457231711,0.03085919845351489,0.2576941016011038,0.0,0.2576941016011038,0.11975127976069558,8.350641446156947
1,0.25,1,0.06960292104062073,0.053170963350888084,4.269861393391881,562.9351894112277,0.4415346703317482,2.7519846031259743,0.03386845402297448,0.2576941016011038,0.0,0.2576941016011038,0.13142890664762275,7.608676245638446
1,0.25,2,0.07629510948348212,0.053180166675570094,4.272532709566324,564.6072327763791,0.44136020919540897,2.747044632458688,0.029586918603532446,0.2576941016011038,0.0,0.2576941016011038,0.1148141087425096,8.7097309812566
1,0.25,3,0.12256928494870617,0.056561127443475266,4.2493140263462195,566.5489205328433,0.43851658259518445,2.7618323931413626,0.032633465603220266,0.2576941016011038,0.0,0.2576941016011038,0.1266364476348592,7.896620749212568
1,0.25,4,0.06376923076923077,0.05331397398643066,4.269067117847667,569.2461538461539,0.438977218902437,2.7609623854278214,0.03006513881312886,0.2576941016011038,0.0,0.2576941016011038,0.11666987574154115,8.571192809147243
1,0.25,5,0.0475866243001967,0.052605993570579414,4.2702152831931555,559.8742623694961,0.4375192880106624,2.7289070560361592,0.03099085729094969,0.2576941016011038,0.0,0.2576941016011038,0.12026219109555648,8.315165314137941
1,0.25,6,0.06026871401151632,0.05286408668810059,4.270988905250135,568.1554702495201,0.4370179556135554,2.7377311997539304,0.030389491146745894,0.2576941016011038,0.0,0.2576941016011038,0.11792854767699397,8.47971097497951
1,0.25,7,0.06030150753768844,0.05290388871906851,4.270779841959576,555.0538513462836,0.43710221064975485,2.7304073040352077,0.03043171418494998,0.2576941016011038,0.0,0.2576941016011038,0.11809239713238213,8.467945644959643
1,0.25,8,0.07450676982591876,0.05358127313242376,4.2622172123054085,572.5435203094778,0.4385598887456581,2.7400274472095094,0.03317092449130761,0.2576941016011038,0.0,0.2576941016011038,0.12872209447251676,7.76867408891881
1,0.25,9,0.10956614239039586,0.05404126328077292,4.272977454263394,562.2947344426715,0.43776826313114725,2.7383405195355666,0.0324198004190731,0.2576941016011038,0.0,0.2576941016011038,0.12580730493108902,7.948664034634159
1,0.25,10,0.02870079042283785,0.05265116135731176,4.248150000998835,567.8943289079887,0.43937339255353436,2.748677110208102,0.03321962115400109,0.2576941016011038,0.0,0.2576941016011038,0.1289110652808935,7.757285984884454
1,0.25,11,0.07915306974273355,0.05408457572859715,4.258651739712795,561.6131896486302,0.43778828825452365,2.7447311712794265,0.0321315137299414,0.2576941016011038,0.0,0.2576941016011038,0.12468858825367762,8.019980128137393
1,0.25,12,0.05258802287089979,0.05226538302728825,4.272312799069881,556.7628648811315,0.4382588008302264,2.7322456198842393,0.031108849247030453,0.2576941016011038,0.0,0.2576941016011038,0.1207200671406334,8.283626936978468
1,0.25,13,0.0554708930204206,0.052783185096574516,4.265319872748427,563.8771715940262,0.43785854274756275,2.7466623520120574,0.030948273204940722,0.2576941016011038,0.0,0.2576941016011038,0.12009694056888791,8.326606783345971
1,0.25,14,0.054598781680078215,0.05265210797615864,4.271143716586111,556.5538843348123,0.4369225457776338,2.736818463341279,0.03123578078949799,0.2576941016011038,0.0,0.2576941016011038,0.12121263387646043,8.249965106930992
1,0.25,15,0.05195197462810541,0.052273304859087134,4.276135611540257,558.8192252510761,0.43910179764498025,2.753117434904107,0.0303933222144282,0.2576941016011038,0.0,0.2576941016011038,0.11794341440331212,8.478642110363712
1,0.25,16,0.0782847550740119,0.0533903099142256,4.270000841954626,564.6502365328857,0.4384086819773074,2.7380453114318275,0.03207579183732669,0.2576941016011038,0.0,0.2576941016011038,0.12447235554882138,8.033912394369151
1,0.25,17,0.06510535091708353,0.05274121613217153,4.272991280037271,560.8908594815825,0.4382185655995272,2.7531268708096475,0.03071353199196978,0.2576941016011038,0.0,0.2576941016011038,0.11918601085993279,8.390246412183377
1,0.25,18,0.05854765506807867,0.05274387749180153,4.271684766195148,559.7897125567322,0.4381985219370108,2.702825532528813,0.031515574410280786,0.2576941016011038,0.0,0.2576941016011038,0.12229839260762418,8.176722348333294
1,0.25,19,0.10926953652317384,0.05458049035438311,4.270282712004751,555.0122993850307,0.43948983240989037,2.778860127317696,0.030893540255937865,0.2576941016011038,0.0,0.2576941016011038,0.11988454552894406,8.341358726330302
1,0.25,20,0.04715557567526785,0.05253201150382802,4.2738593530786,558.3562698053418,0.4399984054907691,2.7291594069854117,0.031069143016422707,0.2576941016011038,0.0,0.2576941016011038,0.12056598433330082,8.294213376432378
1,0.25,21,0.060601481033701075,0.052791122731177954,4.272673867769829,559.1985794166541,0.4405735125474166,2.743977058431254,0.03207352045861901,0.2576941016011038,0.0,0.2576941016011038,0.1244635413047484,8.034481339009185
1,0.25,22,0.05829391118571647,0.052513180888324164,4.273717255675763,564.6502365328857,0.4361120423709508,2.7355674365668206,0.030903252327913355,0.2576941016011038,0.0,0.2576941016011038,0.11992223390409563,8.338737258678163
1,0.25,23,0.055206738131699844,0.05314767745696484,4.263475710648041,566.635528330781,0.43831107759615406,2.7396972423477237,0.03224996669099731,0.2576941016011038,0.0,0.2576941016011038,0.12514825326083123,7.990523031238974
1,0.25,24,0.05566676932553126,0.052795853734216476,4.269027745954647,569.7711733908222,0.4405017796671018,2.7904831432870445,0.03364486619398588,0.2576941016011038,0.0,0.2576941016011038,0.13056125842595448,7.65923990053399
1,0.25,25,0.056692435955737454,0.052677936401184046,4.270087716390165,560.8908594815825,0.43653954661567695,2.700260843086509,0.031066489546360584,0.2576941016011038,0.0,0.2576941016011038,0.1205556873569803,8.29492180687317
1,0.25,26,0.06092023611321326,0.05291699116984078,4.265766258145019,560.0434387770547,0.4396989036758896,2.7670723342590198,0.03039427851163134,0.2576941016011038,0.0,0.2576941016011038,0.11794712538155026,8.47837534628397
1,0.25,27,0.053548435961523894,0.05253338176939067,4.26917083284064,560.5092024539878,0.43774266517721117,2.732759744918358,0.029022333785960055,0.2576941016011038,0.0,0.2576941016011038,0.11262319783665449,8.879165386960258
1,0.25,28,0.08671739621788593,0.054110418960214846,4.262729899133861,557.5584268816394,0.4381731078319717,2.7612246013036907,0.03098107711432382,0.2576941016011038,0.0,0.2576941016011038,0.12022423843554174,8.317790264366284
1,0.25,29,0.05101190025013264,0.0523151720658816,4.2767765512739615,560.9332979610399,0.4373988285951782,2.7443638451954575,0.030411469479723643,0.2576941016011038,0.0,0.2576941016011038,0.1180138361366102,8.473582697900119
1,0.25,30,0.07030778515389258,0.05284221606536107,4.273803222586961,558.2721786360893,0.43861529853893444,2.7424211742471223,0.028772445522860186,0.2576941016011038,0.0,0.2576941016011038,0.11165348893937177,8.956280806800434
1,0.25,31,0.07206378411530205,0.05271872665674129,4.283197243533329,567.329346826127,0.43604642027639784,2.7284479295656583,0.029893701907954488,0.2576941016011038,0.0,0.2576941016011038,0.11600460283032898,8.620347603470728
1,0.25,32,0.07088181261481935,0.053374563871188434,4.264988448148518,566.4623392529088,0.4366472384717781,2.7343808196069292,0.030328260159275786,0.2576941016011038,0.0,0.2576941016011038,0.1176909365439115,8.496831016608416
1,0.25,33,0.0689391037916507,0.0534300593937416,4.268032720035078,566.852163921869,0.43835785397095606,2.7550490345212655,0.03228459077555169,0.2576941016011038,0.0,0.2576941016011038,0.12528261444465053,7.9819534772065035
1,0.25,34,0.07510778307238485,0.05366434264759653,4.264892126135652,559.7474472430225,0.4391205541905947,2.767972414068284,0.03224235733343574,0.2576941016011038,0.0,0.2576941016011038,0.1251187246161541,7.992408834631695
1,0.25,35,0.06505352027740087,0.053215171496993764,4.264481142286573,557.8521031207598,0.44136696608620696,2.746251850095481,0.0331775538499067,0.2576941016011038,0.0,0.2576941016011038,0.12874782016261946,7.767121794659628
1,0.25,36,0.04607768469154608,0.052366745828896194,4.273002507482122,563.6199543031227,0.43762917787535116,2.716083670028631,0.029665726212340343,0.2576941016011038,0.0,0.2576941016011038,0.11511992718506707,8.686593402655628
1,0.25,37,0.12498101746393318,0.054637166035736685,4.274185508970141,561.9111617312072,0.4372120141633786,2.7377107018951454,0.03354434384496531,0.2576941016011038,0.0,0.2576941016011038,0.13017117441395729,7.682192347899547
1,0.25,38,0.06958567309151616,0.05296254660320104,4.273865739998982,561.57064804978,0.43873388681095093,2.748416354945112,0.03192297962650278,0.2576941016011038,0.0,0.2576941016011038,0.12387935706777559,8.072369954688176
1,0.25,39,0.0953502507217748,0.05490301427900995,4.2646097066342294,562.2520893481234,0.4349796094757039,2.721081293955586,0.03225080854646177,0.2576941016011038,0.0,0.2576941016011038,0.12515152013989145,7.990314451492266
1,0.25,40,0.05271979277769313,0.05255912463047313,4.267843520786848,563.7914063690386,0.4410760105238296,2.773598949364823,0.03227902796979524,0.2576941016011038,0.0,0.2576941016011038,0.125261027587513,7.9833290470282545
1,0.25,41,0.08206063369044905,0.05342202927576281,4.2709806806387105,562.2947344426715,0.4390384902362712,2.7800371613093424,0.03165561455064012,0.2576941016011038,0.0,0.2576941016011038,0.12284182817517982,8.140549638954738
1,0.25,42,0.06526396327467483,0.05269796457201926,4.2784731280193835,566.2027543993879,0.4392570254858583,2.73165853692422,0.030985380043228636,0.2576941016011038,0.0,0.2576941016011038,0.1202409362523644,8.316635175737298
1,0.25,43,0.05774159505502789,0.05259004502767722,4.274662699099901,557.8521031207598,0.4364026798866689,2.7387479209004844,0.02786885207916562,0.2576941016011038,0.0,0.2576941016011038,0.10814703132904867,9.246670830541758
1,0.25,44,0.05725338491295938,0.05284273165744894,4.268261154165129,572.5435203094778,0.4378714895574376,2.7759383217454623,0.031230294332742523,0.2576941016011038,0.0,0.2576941016011038,0.12119134329696568,8.251414439310349
1,0.25,45,0.07413806054232705,0.05276477783192105,4.277211124357745,555.8862014572222,0.4366727729793638,2.7248865289354565,0.03189032210110935,0.2576941016011038,0.0,0.2576941016011038,0.12375262725444063,8.080636526155988
1,0.25,46,0.061124694376528114,0.05322826643166696,4.264720910357415,565.4254278728606,0.4395744039211422,2.709902823170265,0.032833501424475484,0.2576941016011038,0.0,0.2576941016011038,0.12741270064186386,7.848511137134088
1,0.25,47,0.050491307634164775,0.052684779618101425,4.269603556486382,559.3673469387755,0.43986803860752843,2.713880443413724,0.03076136142773598,0.2576941016011038,0.0,0.2576941016011038,0.11937161633351184,8.377200801286834
1,0.25,48,0.07060693204177387,0.05306137593599842,4.273633392321519,560.0434387770547,0.4350915285758674,2.716427802805602,0.0304653603377456,0.2576941016011038,0.0,0.2576941016011038,0.1182229633835558,8.45859358774198
1,0.25,49,0.053383516399108995,0.05234762271789159,4.278321012980089,568.4168522928028,0.43487582611851394,2.7395354866135824,0.02832190762274346,0.2576941016011038,0.0,0.2576941016011038,0.1099051450800539,9.098755106247385
1,0.5,0,0.03755975415433645,0.050567094902832455,4.306358029959203,561.5281129068974,0.7502708883839659,4.01256158564375,0.030769667154793234,0.5153882032022076,0.0,0.5153882032022076,0.05970192364438162,16.74987904839658
1,0.5,1,0.05187145557655955,0.05106298081407236,4.305647446598264,559.578449905482,0.7479044210922439,3.9892232193646144,0.032250492175008666,0.5153882032022076,0.0,0.5153882032022076,0.06257514621916074,15.98078567004285
1,0.5,2,0.05168505364969019,0.05153488341526577,4.295738366510062,559.1985794166541,0.7503582462668419,3.97027845960862,0.030783552850047916,0.5153882032022076,0.0,0.5153882032022076,0.059728865850602886,16.742323594445185
1,0.5,3,0.06871091689896783,0.05129205519033693,4.304079871617945,557.5584268816394,0.7507627887825947,3.916991620603993,0.03157433719805556,0.5153882032022076,0.0,0.5153882032022076,0.06126321285950675,16.323009410121415
1,0.5,4,0.05839028094153379,0.05120011358465304,4.302011227968036,561.9111617312072,0.7519565735419746,4.043438180245513,0.033256276820768114,0.5153882032022076,0.0,0.5153882032022076,0.06452665508085045,15.497471529355154
1,0.5,5,0.06712682038834951,0.05113732797254105,4.30555297039119,561.3155339805825,0.7503978936292697,4.011402822973882,0.032619155812713324,0.5153882032022076,0.0,0.5153882032022076,0.06329045874555168,15.800169880587005
1,0.5,6,0.06496152105024898,0.051242429519497895,4.303976084070601,558.3562698053418,0.7495754789269995,4.0379844022144376,0.029176763870723287,0.5153882032022076,0.0,0.5153882032022076,0.05661123729538696,17.66433746682103
1,0.5,7,0.069413988657845,0.05097939545535765,4.307631798935936,559.578449905482,0.7502960085403174,3.9822182658214897,0.03135618644507175,0.5153882032022076,0.0,0.5153882032022076,0.06083993822569015,16.436571587078667
1,0.5,8,0.05560571858540256,0.05120751966889019,4.301821705590176,556.8465011286681,0.7525406390195712,3.9872653197322943,0.03267389582032979,0.5153882032022076,0.0,0.5153882032022076,0.06339666996124571,15.773699164503412
1,0.5,9,0.042232972433387084,0.05093103811188567,4.303157743274124,568.2425708362128,0.752034356672084,3.9996565392360255,0.0316354635250947,0.5153882032022076,0.0,0.5153882032022076,0.06138181535498365,16.29146994458855
1,0.5,10,0.07612325440194292,0.05111827516922724,4.305283508178243,561.655737704918,0.7502067820751108,3.9635429088751164,0.031624176881008374,0.5153882032022076,0.0,0.5153882032022076,0.06135991604875934,16.29728435751697
1,0.5,11,0.0815018315018315,0.051048078224317256,4.308200070586215,564.7362637362637,0.7505306596576702,4.009165798978987,0.030660575267316303,0.5153882032022076,0.0,0.5153882032022076,0.05949025429145673,16.809475970648318
1,0.5,12,0.049751991582744626,0.05094772602035989,4.304482165216142,556.1781151360289,0.7517349875415675,3.92327563658125,0.030806169326165336,0.5153882032022076,0.0,0.5153882032022076,0.059772748259972946,16.730032148607997
1,0.5,13,0.01573968974650019,0.05031726358128377,4.305785859163,560.0011350737798,0.7501525885018054,3.9893525309473747,0.031019433482319354,0.5153882032022076,0.0,0.5153882032022076,0.06018654150325823,16.615010183727943
1,0.5,14,0.05329871716554673,0.05089185540525427,4.3060017249716385,565.0806353084912,0.7473305283929221,3.9855812462370452,0.029778571263618353,0.5153882032022076,0.0,0.5153882032022076,0.05777891515288529,17.307351606619136
1,0.5,15,0.07582400967644391,0.05116313815212903,4.306878788888615,559.4517689749017,0.7510934927558992,3.964877311028088,0.031517264943901294,0.5153882032022076,0.0,0.5153882032022076,0.06115247642083845,16.352567525118864
1,0.5,16,0.06173120728929385,0.05098005178519825,4.303412553424119,561.9111617312072,0.7520949380996171,4.014862301901168,0.03264865314128913,0.5153882032022076,0.0,0.5153882032022076,0.06334769196973597,15.785894780156234
1,0.5,17,0.049240993882637266,0.05101029934301984,4.3039151058216625,558.9034816101503,0.7525707294116728,3.974482979486731,0.03242056133203211,0.5153882032022076,0.0,0.5153882032022076,0.0629051288535454,15.896954957809276
1,0.5,18,0.04970208914699449,0.05090112212420817,4.30463739323852,558.1460894486763,0.7499812531750649,3.9710379451729176,0.03081249989346119,0.5153882032022076,0.0,0.5153882032022076,0.05978503136474042,16.726594887926623
1,0.5,19,0.051655529694421505,0.05100912760342862,4.3031021577708,555.6362339514978,0.750551335309865,3.958603105358085,0.030904643419030927,0.5153882032022076,0.0,0.5153882032022076,0.05996381606527728,16.67672382477107
1,0.5,20,0.05481955230698949,0.05095676877323731,4.303601517784675,563.4486066697121,0.7509264805412386,4.0213330506347305,0.03322260775343806,0.5153882032022076,0.0,0.5153882032022076,0.06446132749453617,15.513177262518541
1,0.5,21,0.058001984278409524,0.05126252486655253,4.30305464409862,564.7792871861406,0.7515293353935704,3.993260832119672,0.030323211243284375,0.5153882032022076,0.0,0.5153882032022076,0.05883567193598988,16.99649153472654
1,0.5,22,0.055335063349107004,0.05104871087844084,4.303579322346041,564.8223172034803,0.7504619391111191,3.952813153982292,0.031061230815050536,0.5153882032022076,0.0,0.5153882032022076,0.0602676402410087,16.592652308950978
1,0.5,23,0.05895760522716912,0.05085301940777694,4.307817465350076,562.2520893481234,0.7499982669833116,3.959400871563092,0.02918083026278203,0.5153882032022076,0.0,0.5153882032022076,0.05661912725490384,17.661875915146485
1,0.5,24,0.045646278999698704,0.051242063290639926,4.299098236429486,557.4326604398915,0.7513295020908117,3.997049050681184,0.03146221397332559,0.5153882032022076,0.0,0.5153882032022076,0.061045661848378965,16.38118041022688
1,0.5,25,0.037941198700022674,0.05079296508135113,4.303084551946412,559.3251454916484,0.7495060710934922,3.996353422972725,0.03175430286213107,0.5153882032022076,0.0,0.5153882032022076,0.061612397538079816,16.230499703926398
1,0.5,26,0.04577250608272506,0.050940520452498306,4.304378908737658,562.6788321167883,0.751335549983196,3.968777639920233,0.031016090024661037,0.5153882032022076,0.0,0.5153882032022076,0.06018005424251469,16.616801240659928
1,0.5,27,0.06299629433562731,0.05095467070525582,4.30658333939311,559.6629357936928,0.7528152365994174,4.000531708386941,0.031589524542053826,0.5153882032022076,0.0,0.5153882032022076,0.06129268063526084,16.315161771937802
1,0.5,28,0.0957614996612211,0.051574409318221,4.3052325381244945,557.1394263344124,0.7511426273849793,3.9973040503406843,0.031008422997473587,0.5153882032022076,0.0,0.5153882032022076,0.06016517802466607,16.62090984904969
1,0.5,29,0.015229972586049346,0.05034471464217658,4.304981048443848,563.5342674383186,0.7498643905273639,3.952180279763556,0.02882727635177208,0.5153882032022076,0.0,0.5153882032022076,0.05593313190457713,17.87849108299562
1,0.5,30,0.09224700348960704,0.051339513472199845,4.30697106876555,561.4005461993628,0.7499435609206557,3.9598098634934873,0.030489038420920402,0.5153882032022076,0.0,0.5153882032022076,0.059157423921397605,16.90404912371943
1,0.5,31,0.05471309913891641,0.050882545794528077,4.306111995000088,563.9200640097539,0.7509995911968872,3.986728991808986,0.030929379486927738,0.5153882032022076,0.0,0.5153882032022076,0.060011811086783634,16.66338645494119
1,0.5,32,0.040029873039581776,0.05076118289841854,4.306217696960189,552.6952949962658,0.752178387803724,3.993223060777624,0.03298849029188171,0.5153882032022076,0.0,0.5153882032022076,0.06400707289557225,15.62327340966682
1,0.5,33,0.040924447174447175,0.0507836030061225,4.3069638614646815,568.1990171990172,0.753303415258415,3.9416068120787693,0.031729573861468956,0.5153882032022076,0.0,0.5153882032022076,0.06156441622902293,16.243149228930335
1,0.5,34,0.03879811043134825,0.05069516149512057,4.30680259215034,573.0746534500116,0.7501380722096656,3.9648812773269313,0.03004054520190625,0.5153882032022076,0.0,0.5153882032022076,0.058287219255812366,17.15641975663954
1,0.5,35,0.020128577988672892,0.050453592064951654,4.303717667920757,566.3757844787999,0.7517313433054369,4.0132939234806155,0.0316774820371342,0.5153882032022076,0.0,0.5153882032022076,0.06146334324362843,16.269860167485515
1,0.5,36,0.05222804220754574,0.05112784501294583,4.303098161041934,561.7834206331132,0.7515594443539158,3.9902587357872528,0.03173089975143722,0.5153882032022076,0.0,0.5153882032022076,0.06156698883344038,16.24247050160825
1,0.5,37,0.04851854672861604,0.05093517922467122,4.304205143857215,563.6628075253257,0.7503090059617534,3.9923424447245375,0.030285037921971226,0.5153882032022076,0.0,0.5153882032022076,0.058761604813234704,17.01791506849338
1,0.5,38,0.08332694518972787,0.051654081889311976,4.306340597646326,567.2859333077807,0.7523035924823489,3.979516623833012,0.03297690612450613,0.5153882032022076,0.0,0.5153882032022076,0.06398459630937256,15.628761572002267
1,0.5,39,0.04555808656036447,0.05078357009382472,4.305991715574096,561.9111617312072,0.7484933566302061,3.936650211995432,0.028698329677375664,0.5153882032022076,0.0,0.5153882032022076,0.055682938606408404,17.958822307645104
1,0.5,40,0.049565150465635345,0.050915165417214095,4.304718243974317,569.5522973909028,0.751011921063764,4.01384291802742,0.030823253759385286,0.5153882032022076,0.0,0.5153882032022076,0.05980589692948808,16.72075917829663
1,0.5,41,0.0488486221215553,0.050882315396250835,4.305420029024783,558.7349943374859,0.748404029320227,3.992852504831967,0.02981397534510362,0.5153882032022076,0.0,0.5153882032022076,0.05784760916114022,17.286799134851044
1,0.5,42,0.0571450370031281,0.05111177329813737,4.310062706724789,564.6072327763791,0.751463879365474,3.9472292803953604,0.032438919297664265,0.5153882032022076,0.0,0.5153882032022076,0.06294074853889732,15.887958488164482
1,0.5,43,0.03911667169128731,0.05068112452686827,4.3066450956673945,557.7681640036177,0.7490052095672581,3.9898253106602346,0.02963295791646255,0.5153882032022076,0.0,0.5153882032022076,0.05749638375955676,17.392398175542386
1,0.5,44,0.054894230040185,0.050891424415451345,4.307390982000566,561.1031162332247,0.7510098909260705,3.9713025776346136,0.029479740355387543,0.5153882032022076,0.0,0.5153882032022076,0.05719909802402181,17.482793165375295
1,0.5,45,0.06743370923498933,0.05094610132236664,4.306136213506492,563.8771715940262,0.75229159873561,4.004743719892929,0.030945477084974776,0.5153882032022076,0.0,0.5153882032022076,0.060043045014815014,16.6547182900744
1,0.5,46,0.04717979736881899,0.0508535647145188,4.304180075940492,559.5362165431725,0.751109732198529,3.9235321697871033,0.03107445197602453,0.5153882032022076,0.0,0.5153882032022076,0.06029329306133298,16.58559267915183
1,0.5,47,0.06222658017800573,0.051094780636825606,4.3060115217155905,558.188112837532,0.751445052883355,4.010609156650247,0.03158691746482231,0.5153882032022076,0.0,0.5153882032022076,0.06128762216241393,16.31650837015624
1,0.5,48,0.058935216829953674,0.05101739713649079,4.306111141479601,562.038961038961,0.7478881239658222,3.9101571300524243,0.030809044687888233,0.5153882032022076,0.0,0.5153882032022076,0.059778327281194296,16.72847075991353
1,0.5,49,0.04985882003269431,0.050842998515745204,4.306022269280848,549.9077128845297,0.7494435133121442,3.9721794662537184,0.030479735658108527,0.5153882032022076,0.0,0.5153882032022076,0.05913937391025246,16.90920843222926
1,1.0,0,0.06000909228671011,0.050285599107954965,4.318294409047775,560.7211698742234,1.3742153398052324,6.412694872115354,0.031931720331536045,1.0307764064044151,0.0,1.0307764064044151,0.030978318996377905,32.28064118382032
1,1.0,1,0.06314598264805733,0.050407870035600655,4.3172864880976825,558.3142210486609,1.377238093788037,6.535635257161252,0.03284257885419114,1.0307764064044151,0.0,1.0307764064044151,0.0318619815608252,31.385367482275974
1,1.0,2,0.04034690799396682,0.050264289239010315,4.317040923016656,558.10407239819,1.3799302177794743,6.474108380672633,0.03127653163932518,1.0307764064044151,0.0,1.0307764064044151,0.030342692600449504,32.95686421663138
1,1.0,3,0.04241635403108491,0.05023553397275919,4.318174194183056,566.5922211163005,1.3754753906687256,6.57032831602482,0.029865115671147045,1.0307764064044151,0.0,1.0307764064044151,0.028973417984336124,34.51439524810739
1,1.0,4,0.048173393581986676,0.05020616051340839,4.318475828085916,566.7654897755993,1.3750626908731647,6.468090421934143,0.028362009677212648,1.0307764064044151,0.0,1.0307764064044151,0.027515190977397175,36.34356021084742
1,1.0,5,0.05185351943568963,0.050305865909710853,4.317768521676709,555.3448896893291,1.3727367898391094,6.438875899637663,0.030634757899675333,1.0307764064044151,0.0,1.0307764064044151,0.029720080620137982,33.6472842312013
1,1.0,6,0.03536390600045631,0.05018236583165929,4.317832257942123,562.8069815195072,1.3747915089770686,6.522812294819251,0.031295373772296575,1.0307764064044151,0.0,1.0307764064044151,0.030360972154438445,32.93702174335056
1,1.0,7,0.027338129496402876,0.05013174468193591,4.317003675320283,560.4244604316547,1.3753514196432661,6.49584212885783,0.031268618016456876,1.0307764064044151,0.0,1.0307764064044151,0.030335015258574842,32.965205109541806
1,1.0,8,0.03594128329297821,0.050149629832719124,4.317860584664194,559.9588377723971,1.3743304046802223,6.476088630332292,0.0316919350892981,1.0307764064044151,0.0,1.0307764064044151,0.03074569314197523,32.52488065181268
1,1.0,9,0.054842385112039496,0.05030938477593426,4.31751436803158,562.1241929358147,1.3753733144549187,6.4939027497336586,0.03142723997290639,1.0307764064044151,0.0,1.0307764064044151,0.030488901159982717,32.79882061845245
1,1.0,10,0.04504366477707982,0.05025002149330107,4.317366050306288,566.8955109544967,1.3765081928286236,6.530257816633727,0.03299220322170285,1.0307764064044151,0.0,1.0307764064044151,0.032007138518805676,31.243030345010496
1,1.0,11,0.047973280704417795,0.050299614942762166,4.316991992754276,561.7408531956885,1.3753282763354946,6.4193725329318925,0.03166533083950725,1.0307764064044151,0.0,1.0307764064044151,0.030719883228568643,32.55220706926476
1,1.0,12,0.06331642846165668,0.05027947359711262,4.31862577506693,568.6348547717843,1.3749887907179072,6.492301541715782,0.03105410866435768,1.0307764064044151,0.0,1.0307764064044151,0.03012691061942477,33.19291555089738
1,1.0,13,0.048625792811839326,0.050295146121647226,4.317668715098096,558.7771066143159,1.3742592285270803,6.43671464345001,0.029643741094818966,1.0307764064044151,0.0,1.0307764064044151,0.02875865309938859,34.77214306748114
1,1.0,14,0.03880070546737213,0.050289126748222876,4.316584674270136,567.4596273291926,1.375123696780065,6.487257482591064,0.030963842058222786,1.0307764064044151,0.0,1.0307764064044151,0.030039339148469433,33.289680410660836
1,1.0,15,0.04288151364764268,0.05016984856277247,4.318714210691864,573.8287841191067,1.3742091695894487,6.5079150161249,0.028191049740474202,1.0307764064044151,0.0,1.0307764064044151,0.027349335476945052,36.56395969265799
1,1.0,16,0.05114638447971781,0.050254688621723415,4.3182464206919855,567.4596273291926,1.3759595602168702,6.5941664971571825,0.029864857268259985,1.0307764064044151,0.0,1.0307764064044151,0.028973167296713228,34.51469388068739
1,1.0,17,0.048658481127785355,0.05030082639530148,4.3175594332965535,560.8908594815825,1.3756289425655268,6.554070500201648,0.030240314877206454,1.0307764064044151,0.0,1.0307764064044151,0.029337414680155143,34.086166449984944
1,1.0,18,0.08005723753577346,0.0503889608933595,4.317966249394341,557.3488477180298,1.373198622459313,6.4295859543511895,0.030805514768733642,1.0307764064044151,0.0,1.0307764064044151,0.0298857391160032,33.46077525867582
1,1.0,19,0.040492558736873914,0.05020598228804216,4.31863197986594,559.0720707108861,1.3755632755055558,6.454155212679841,0.030412287386147513,1.0307764064044151,0.0,1.0307764064044151,0.02950425251993549,33.89341923928824
1,1.0,20,0.034928555227942845,0.05017313224544098,4.318672577399847,559.4939895667952,1.3737317125196569,6.482647428641409,0.029016918338005487,1.0307764064044151,0.0,1.0307764064044151,0.028150545702945572,35.52329004745949
1,1.0,21,0.058273270970710014,0.050204396046720855,4.31906232186585,567.4161938353013,1.3762776142102666,6.60998848503787,0.029086124396858194,1.0307764064044151,0.0,1.0307764064044151,0.028217685441906143,35.4387677210016
1,1.0,22,0.04539675416947125,0.050255489036053404,4.318333427877112,553.4792461296836,1.3756134257127997,6.530984737219427,0.03193103282524971,1.0307764064044151,0.0,1.0307764064044151,0.03097765201731041,32.28133621751567
1,1.0,23,0.06140350877192982,0.05026465291401865,4.318361528453682,564.4782608695652,1.376545757666463,6.475063373932547,0.030289038400673776,1.0307764064044151,0.0,1.0307764064044151,0.029384683441027622,34.03133479409124
1,1.0,24,0.03996071914186433,0.05020837702613507,4.317593599047014,559.0299138842726,1.374358205444878,6.524450013176516,0.029753097381253743,1.0307764064044151,0.0,1.0307764064044151,0.028864744280517034,34.644339484932644
1,1.0,25,0.049568639321931285,0.05026688116686884,4.318521237950863,560.0434387770547,1.3760877060121857,6.513716233588139,0.02884196493651392,1.0307764064044151,0.0,1.0307764064044151,0.027980815972613614,35.7387719135409
1,1.0,26,0.06662195394589761,0.050266732890473884,4.318364110744336,551.5030181086519,1.3749583472090308,6.497300371245004,0.03282039676366648,1.0307764064044151,0.0,1.0307764064044151,0.031840461772065155,31.40657968966197
1,1.0,27,0.054844606946983544,0.05034445091342407,4.316951295950508,563.7056672760511,1.3782014641910791,6.357382019698767,0.03355740327719289,1.0307764064044151,0.0,1.0307764064044151,0.03255546311372107,30.716810770187834
1,1.0,28,0.09231237168276177,0.050490324592651556,4.3171130768843895,562.7215420880541,1.374209973932011,6.507518490243283,0.03159371075788169,1.0307764064044151,0.0,1.0307764064044151,0.030650401543519813,32.625999975240866
1,1.0,29,0.05422100205902539,0.0503459579939907,4.317788563531529,564.3493479752917,1.3735381142178085,6.389505412674269,0.030716938025081172,1.0307764064044151,0.0,1.0307764064044151,0.029799807052461463,33.5572642547496
1,1.0,30,0.10975517319790798,0.05045464124984964,4.318158830984233,560.9332979610399,1.376760410668794,6.505007864478739,0.03343337655120199,1.0307764064044151,0.0,1.0307764064044151,0.03243513951568341,30.830759939123077
1,1.0,31,0.053532217763307334,0.05024954674158934,4.31764739093934,560.3397440751116,1.3740288998233154,6.437491343082745,0.0316264313104429,1.0307764064044151,0.0,1.0307764064044151,0.030682145142187676,32.59224527378331
1,1.0,32,0.05437655766180802,0.05022569496118296,4.3196103563208545,558.9034816101503,1.3770340523624327,6.485894620420408,0.029849457607941145,1.0307764064044151,0.0,1.0307764064044151,0.02895822743175012,34.532500387216
1,1.0,33,0.07404603270745003,0.050429977757894755,4.317280744382338,560.2973955178679,1.3764703714405186,6.531683637434766,0.03266824869594386,1.0307764064044151,0.0,1.0307764064044151,0.03169285646525245,31.55285170007898
1,1.0,34,0.058742542450665444,0.05034166861642536,4.3172074139968615,566.0298301973382,1.375761628121836,6.441531049969146,0.030760378806849127,1.0307764064044151,0.0,1.0307764064044151,0.029841950801094093,33.50987362271695
1,1.0,35,0.047124417627740015,0.05019978654318437,4.3185598824857205,565.2098831436646,1.374129690520931,6.494771479806258,0.0291000036138497,1.0307764064044151,0.0,1.0307764064044151,0.02823115026017834,35.42186523694564
1,1.0,36,0.04057818263946398,0.05020134042007124,4.31815411309705,557.1394263344124,1.3749969388591126,6.448065120597017,0.02977002044932961,1.0307764064044151,0.0,1.0307764064044151,0.028881162068090285,34.624645561089196
1,1.0,37,0.045326426449302966,0.050257995052073956,4.3180191804899835,563.7485335567914,1.374938438879326,6.46218712840086,0.031099304838468268,1.0307764064044151,0.0,1.0307764064044151,0.030170757348773423,33.14467676233704
1,1.0,38,0.0501315295001879,0.05026211374046358,4.31753640332144,556.2198421645998,1.3782628140470479,6.470150075366064,0.03139842177702624,1.0307764064044151,0.0,1.0307764064044151,0.03046094340338187,32.82892413269698
1,1.0,39,0.1281716131016454,0.05042006703998948,4.320200503054886,568.9840073812087,1.373549755255226,6.4553775504128525,0.029553256861250057,1.0307764064044151,0.0,1.0307764064044151,0.028670870498810314,34.87860614631476
1,1.0,40,0.05342987804878049,0.05032250457880603,4.316307627910433,564.0487804878048,1.3774459879787173,6.494780160176014,0.03159605693873773,1.0307764064044151,0.0,1.0307764064044151,0.030652677673281285,32.62357731545457
1,1.0,41,0.05682510664229128,0.050328500698371435,4.317404789394681,563.7056672760511,1.3764200845325831,6.473273049209324,0.03206462346101404,1.0307764064044151,0.0,1.0307764064044151,0.031107253970686824,32.14684269277918
1,1.0,42,0.039299640645309275,0.05018963088486472,4.318490662159361,565.8138236868263,1.3781751227215864,6.434338983574821,0.030979341623817536,1.0307764064044151,0.0,1.0307764064044151,0.03005437593578669,33.27302493775186
1,1.0,43,0.05023346889591806,0.05030907407637268,4.317308389777245,557.3488477180298,1.3761087555612903,6.416980680063042,0.031068307139316558,1.0307764064044151,0.0,1.0307764064044151,0.03014068516341963,33.17774611221029
1,1.0,44,0.05426473927192916,0.05035728174662213,4.31644876359512,560.0857488836751,1.3742961629468482,6.366265690679841,0.0306120897791394,1.0307764064044151,0.0,1.0307764064044151,0.02969808931300766,33.67219990014656
1,1.0,45,0.05472151328629335,0.05042955019655356,4.316804353620445,555.5113346344393,1.3766922327922657,6.420143812896901,0.031104295752673983,1.0307764064044151,0.0,1.0307764064044151,0.030175599246758965,33.139358453913914
1,1.0,46,0.2035166479610924,0.050683115199357844,4.319905243970463,553.7272727272727,1.3746251978736836,6.4398141815285355,0.03150726640943029,1.0307764064044151,0.0,1.0307764064044151,0.03056653820718973,32.71551371704841
1,1.0,47,0.04160060400151001,0.050254976002700825,4.317326323086353,558.7349943374859,1.3774390049802605,6.493675842904616,0.032947690293424925,1.0307764064044151,0.0,1.0307764064044151,0.03196395463527734,31.285240246722786
1,1.0,48,0.060240048617441505,0.050330463939363614,4.317139596340906,562.1668185961714,1.3759592956048436,6.444363379306065,0.03237034887248225,1.0307764064044151,0.0,1.0307764064044151,0.031403851185726556,31.84322821063782
1,1.0,49,0.05277587388622344,0.05036412110125152,4.316733829035073,563.5771076079507,1.3749435567879118,6.386908543293408,0.03226450563005169,1.0307764064044151,0.0,1.0307764064044151,0.03130116815789148,31.947689458608444
2,0.0001,0,0.9597788213906984,0.9504643583779298,0.10875878354740788,560.5515830934706,0.2487980684672948,1.9819493056678303,0.02923919645806641,0.00014361406616345072,0.0,0.00014361406616345072,203.59563125793372,0.004911696748213167
2,0.0001,1,0.9529804337934172,0.9398024656811035,0.12938333101744687,561.2305475504322,0.2151001660095062,1.859792382112342,0.030470411886911974,0.00014361406616345072,0.0,0.00014361406616345072,212.16871509113074,0.004713230221385278
2,0.0001,2,0.954990952955368,0.9435218679206501,0.12563145681682059,557.9360675512665,0.20858593631419353,1.8252712924481678,0.03232209685315107,0.00014361406616345072,0.0,0.00014361406616345072,225.06219423078304,0.004443216255923379
2,0.0001,3,0.9599513640854168,0.949786551917444,0.11174892585797004,562.3800440762976,0.1588685812894255,1.6370183106158374,0.03187458207882934,0.00014361406616345072,0.0,0.00014361406616345072,221.9461013140042,0.004505598404656017
2,0.0001,4,0.9591495823842066,0.9466359965049123,0.12240987972374721,561.9111617312072,0.1826340978150256,1.7267746991883446,0.033662492694312394,0.00014361406616345072,0.0,0.00014361406616345072,234.3955128740682,0.0042662932738702294
2,0.0001,5,0.9602144043484826,0.9461170701453803,0.12348120930333291,558.6928884191454,0.23626354278530926,1.9356232979190042,0.02994072018897242,0.00014361406616345072,0.0,0.00014361406616345072,208.4804155248703,0.004796613617074774
2,0.0001,6,0.9569116194239684,0.9430779549683923,0.12847286039428718,562.3800440762976,0.15385549020720646,1.6057384717693786,0.03150995829383823,0.00014361406616345072,0.0,0.00014361406616345072,219.40718716212635,0.004557735837801297
2,0.0001,7,0.9607126541799909,0.9482138671054308,0.11811622848127183,563.4486066697121,0.17785496555734426,1.7063147872678082,0.03368286800133197,0.00014361406616345072,0.0,0.00014361406616345072,234.537388301482,0.004263712524651155
2,0.0001,8,0.9550995684106913,0.9426199082167547,0.12902143014158982,560.3397440751116,0.22453177967690863,1.887365897039649,0.03205147274046105,0.00014361406616345072,0.0,0.00014361406616345072,223.17780978349626,0.004480732206172716
2,0.0001,9,0.9577976100438663,0.9443876135308599,0.12400279083526106,559.7051883224929,0.15638033137656748,1.6096618235433442,0.030169011295228493,0.00014361406616345072,0.0,0.00014361406616345072,210.0700307509739,0.004760317292405423
2,0.0001,10,0.9616091954022988,0.9492124975361865,0.11751773215459652,567.0689655172414,0.17553893203148618,1.706810086568729,0.03116633655478308,0.00014361406616345072,0.0,0.00014361406616345072,217.01451248732073,0.004607986758758477
2,0.0001,11,0.9575776206578542,0.9455429179289163,0.1208898087554131,568.7221026744544,0.24017643349361606,1.9512638723583038,0.02957965521090567,0.00014361406616345072,0.0,0.00014361406616345072,205.9662817236881,0.004855163629848596
2,0.0001,12,0.9585074626865672,0.9436054400141742,0.12547444440581415,552.2835820895523,0.19808562321122736,1.793577719267122,0.030288650460512042,0.00014361406616345072,0.0,0.00014361406616345072,210.90309096909616,0.004741514196899708
2,0.0001,13,0.9543139373360087,0.943302822242949,0.12754733370045568,571.0879765395895,0.1822578381106723,1.7157873541847688,0.032452855582401574,0.00014361406616345072,0.0,0.00014361406616345072,225.97268115412996,0.004425313692312774
2,0.0001,14,0.962156833004702,0.9474876821417499,0.12045785915297465,561.2305475504322,0.2003616550937295,1.7962258533923456,0.03166078668814973,0.00014361406616345072,0.0,0.00014361406616345072,220.45742129545866,0.004536023301568935
2,0.0001,15,0.9641961231470924,0.9521082432980112,0.11088666961880607,562.5507411630558,0.260108840506291,2.0480526528164607,0.032605426203622744,0.00014361406616345072,0.0,0.00014361406616345072,227.03504659852538,0.004404606315113709
2,0.0001,16,0.9576662561576355,0.9464190566670492,0.11842017671724633,569.5960591133005,0.20148660364793614,1.7913292428361245,0.029103809465120287,0.00014361406616345072,0.0,0.00014361406616345072,202.65291724277566,0.0049345452984622595
2,0.0001,17,0.9611525011403376,0.9500670676570585,0.11451392294876514,562.5934316557701,0.1733445523714181,1.6792085128904375,0.03102386586730896,0.00014361406616345072,0.0,0.00014361406616345072,216.02247395460503,0.004629147984899664
2,0.0001,18,0.9650455927051672,0.9552975152956039,0.09995148668299828,562.3373860182371,0.1700687041739002,1.67621246105852,0.03361450468683859,0.00014361406616345072,0.0,0.00014361406616345072,234.06136727986723,0.004272383826606891
2,0.0001,19,0.9606950451475833,0.9472978782456474,0.11912785886755516,561.5281129068974,0.18748464895179495,1.7524991621840829,0.029067208727324153,0.00014361406616345072,0.0,0.00014361406616345072,202.39806241710366,0.004940758760522082
2,0.0001,20,0.9615238095238096,0.9497282302079655,0.11221630778263456,563.8342857142857,0.15195102829602547,1.6039056447917028,0.034437025747715025,0.00014361406616345072,0.0,0.00014361406616345072,239.78866880992976,0.004170338844462485
2,0.0001,21,0.9656292491312887,0.9566957866549629,0.09801743685561705,559.0299138842726,0.19176520718610846,1.7682294478707712,0.03210332292110999,0.00014361406616345072,0.0,0.00014361406616345072,223.53884809982614,0.004473495361099061
2,0.0001,22,0.9664245478802254,0.9555813167730067,0.10035605766867846,548.5244589386303,0.16053777909837663,1.6281761725038741,0.031319790040940175,0.00014361406616345072,0.0,0.00014361406616345072,218.083025414059,0.004585409607654562
2,0.0001,23,0.9629090351751092,0.9522878540609667,0.10636227563226873,567.1123457736225,0.22170623208512552,1.8965723634959788,0.03217155655494429,0.00014361406616345072,0.0,0.00014361406616345072,224.0139661412347,0.004464007388581868
2,0.0001,24,0.9840328467153284,0.9798379719608311,0.04514776870099324,562.6788321167883,0.20585892800590955,1.8183504797618482,0.03083868445381431,0.00014361406616345072,0.0,0.00014361406616345072,214.7330360990966,0.0046569452850213165
2,0.0001,25,0.9563184918384551,0.9435206297874085,0.1280937539000689,567.1123457736225,0.19114468852058053,1.7598057258397304,0.03161388642550928,0.00014361406616345072,0.0,0.00014361406616345072,220.13084978409242,0.004542752644533079
2,0.0001,26,0.9554259217709969,0.942127976546342,0.1295051891097485,553.4792461296836,0.20032797261956148,1.7754357978199575,0.029523331779106553,0.00014361406616345072,0.0,0.00014361406616345072,205.57409568436924,0.004864426116874971
2,0.0001,27,0.9593453009503696,0.9490706254044655,0.11520769509867908,558.188112837532,0.20110903662862256,1.7930179025928112,0.031843099308378475,0.00014361406616345072,0.0,0.00014361406616345072,221.7268834386811,0.0045100530187921544
2,0.0001,28,0.9576952236542835,0.9454913816589255,0.12339788776046304,561.0606520090978,0.20132520093466155,1.8027391179906482,0.03050374144278042,0.00014361406616345072,0.0,0.00014361406616345072,212.40079232951567,0.004708080365578927
2,0.0001,29,0.9628045520507141,0.9494240380674839,0.11180255812323589,565.2098831436646,0.163334076263709,1.6503126455920267,0.02940526489747332,0.00014361406616345072,0.0,0.00014361406616345072,204.75198344434074,0.004883957572366264
2,0.0001,30,0.9614401683704149,0.9476025252829475,0.11929987324172732,556.2615754660253,0.20311722336919047,1.7949617278543566,0.028736304854946253,0.00014361406616345072,0.0,0.00014361406616345072,200.09394359909533,0.004997652512679656
2,0.0001,31,0.9571482745544179,0.9468330839109289,0.11934075516900057,561.2730375426621,0.19195914431475103,1.780061351446473,0.031343382079813735,0.00014361406616345072,0.0,0.00014361406616345072,218.247299287112,0.004581958188103234
2,0.0001,32,0.9621126013487914,0.9518752324082437,0.10554630016398911,560.7635826324165,0.1791868745640386,1.704132752833102,0.032830510810913885,0.00014361406616345072,0.0,0.00014361406616345072,228.60233463168342,0.004374408518667
2,0.0001,33,0.968367424530454,0.9594621019652101,0.09022521831887595,562.7215420880541,0.24813481292221695,1.9869313279448892,0.028705999911556403,0.00014361406616345072,0.0,0.00014361406616345072,199.8829270587283,0.0050029285377944585
2,0.0001,34,0.9609851623107629,0.9515455666115228,0.10718036327811403,557.3907509226482,0.15787025992176495,1.6166382764384408,0.030020552530398866,0.00014361406616345072,0.0,0.00014361406616345072,209.03629659946913,0.004783858192417573
2,0.0001,35,0.95697700887776,0.9465531298824278,0.12059939112687687,561.5281129068974,0.16467404735158198,1.6486989647176293,0.030271312725518966,0.00014361406616345072,0.0,0.00014361406616345072,210.78236647840913,0.004744229874193162
2,0.0001,36,0.9623462919117085,0.9512290656824499,0.1099809177060637,565.2098831436646,0.1680458890623413,1.667288146210113,0.03164908790256891,0.00014361406616345072,0.0,0.00014361406616345072,220.37596140860114,0.004537699999619698
2,0.0001,37,0.9587145557655955,0.9475959514186172,0.11535116400452128,559.578449905482,0.21013942587887868,1.8395068261904872,0.02856042900093547,0.00014361406616345072,0.0,0.00014361406616345072,198.86930134287917,0.005028428184980932
2,0.0001,38,0.9589198286413708,0.9432707297364087,0.1264599613339149,566.1162790697674,0.2504859420005232,1.9935955102855338,0.031082627172981374,0.00014361406616345072,0.0,0.00014361406616345072,216.43163516869905,0.004620396640355018
2,0.0001,39,0.9611774423668995,0.9483840500471848,0.11546184979064705,555.7195314259968,0.1566865039349068,1.6245066076872317,0.029986239929970973,0.00014361406616345072,0.0,0.00014361406616345072,208.79737431737982,0.004789332257023321
2,0.0001,40,0.9503578850150081,0.9364336282101424,0.14323068313764092,569.5522973909028,0.18571711986442097,1.7394174036812786,0.030185994592626025,0.00014361406616345072,0.0,0.00014361406616345072,210.18828725502834,0.004757639034313398
2,0.0001,41,0.9597224317393273,0.9478472589170831,0.11679301455603627,558.188112837532,0.1780176047468558,1.7176716939121723,0.03183001869941536,0.00014361406616345072,0.0,0.00014361406616345072,221.63580176881024,0.004511906433975439
2,0.0001,42,0.9610547976526179,0.9478156132622558,0.11980866849364467,564.0058684551483,0.16213988987146877,1.651356896203933,0.03148448381612418,0.00014361406616345072,0.0,0.00014361406616345072,219.22980566744008,0.004561423557145996
2,0.0001,43,0.9596944948578342,0.9485935324005464,0.11358005890124748,559.6206896551724,0.311530889273854,2.243454833101625,0.02826136180379003,0.00014361406616345072,0.0,0.00014361406616345072,196.78686467678642,0.005081639984673037
2,0.0001,44,0.9723314065510598,0.9656238797027253,0.07508134672034275,570.3410404624277,0.22561452054651454,1.9010379532925255,0.031913662393034455,0.00014361406616345072,0.0,0.00014361406616345072,222.21822169363776,0.004500081012162246
2,0.0001,45,0.9563860557162429,0.9459561160103368,0.1201340760426139,563.2773633734206,0.23021499134483747,1.9113390008337383,0.03312738091191512,0.00014361406616345072,0.0,0.00014361406616345072,230.66947268390845,0.004335207378612784
2,0.0001,46,0.9635995196637647,0.9510370687441252,0.11278399199056159,555.4280996697688,0.18641707976348698,1.7477891697026213,0.03087198466572519,0.00014361406616345072,0.0,0.00014361406616345072,214.96490901238755,0.004651922049018587
2,0.0001,47,0.9591274397244547,0.9471769348364275,0.11726141084626124,566.4190585533869,0.16635506931925192,1.6592882012607657,0.03139345467635378,0.00014361406616345072,0.0,0.00014361406616345072,218.59596009644426,0.004574649959490565
2,0.0001,48,0.9605851587963314,0.9488628442675545,0.11549166163661442,560.9332979610399,0.16385971536510624,1.6539998892914425,0.03163906977779711,0.00014361406616345072,0.0,0.00014361406616345072,220.3062041415073,0.004539136806867586
2,0.0001,49,0.9582952815829529,0.9468146586422885,0.12114271772969797,563.1917808219179,0.20038934270269237,1.7989862064247395,0.02979424428198258,0.00014361406616345072,0.0,0.00014361406616345072,207.46048822315925,0.004820194961289829
2,0.0002,0,0.9190994371482176,0.8976701058029812,0.22827785469308892,555.3864915572233,0.17471467156428844,1.7005468957007492,0.03143982018809718,0.00028722813232690144,0.0,0.00028722813232690144,109.45940404025167,0.009135807094585209
2,0.0002,1,0.9278396769610409,0.904151983376884,0.21717127468968123,553.3966200553353,0.1819434069620911,1.7347868527228134,0.032271911032224015,0.00028722813232690144,0.0,0.00028722813232690144,112.35637251400763,0.008900251740285836
2,0.0002,2,0.9253449966065908,0.9041845184433852,0.21771428760243436,558.0620616846392,0.17731813582940958,1.7025334682877675,0.030829150141118342,0.00028722813232690144,0.0,0.00028722813232690144,107.33332383344305,0.009316771010946917
2,0.0002,3,0.9236641221374046,0.90204188930738,0.2229194593127792,564.9083969465648,0.19106687567546032,1.747469642298959,0.03162848725405755,0.00028722813232690144,0.0,0.00028722813232690144,110.11625845222008,0.009081311098432429
2,0.0002,4,0.9207321685197791,0.9005046558017318,0.22589332624411942,559.7474472430225,0.15311609886703081,1.6113381946986762,0.029476823385884015,0.00028722813232690144,0.0,0.00028722813232690144,102.62512640069572,0.009744202371021107
2,0.0002,5,0.9235702832709781,0.9055471488246607,0.2147076724140484,565.037565854776,0.18931534656439908,1.7632144225700972,0.0292456725169178,0.00028722813232690144,0.0,0.00028722813232690144,101.82036237186048,0.009821218238723969
2,0.0002,6,0.9207510179460111,0.8993164691095805,0.22823424488171115,558.0200573065903,0.1559824945870787,1.6195549143447363,0.03125788911971806,0.00028722813232690144,0.0,0.00028722813232690144,108.82600136167262,0.009188980459519021
2,0.0002,7,0.9310861423220974,0.9156089545269753,0.19425786994422753,554.3483146067416,0.1958207955758553,1.7793745927079043,0.02932882515664367,0.00028722813232690144,0.0,0.00028722813232690144,102.10986270406065,0.009793373269908751
2,0.0002,8,0.9245184019188967,0.8984624230601523,0.2351893480299251,554.7216100742073,0.15792658540885895,1.631237108025569,0.027869053086006578,0.00028722813232690144,0.0,0.00028722813232690144,97.02758869833865,0.010306347023721537
2,0.0002,9,0.9171989051094891,0.8946431185943878,0.2385825897064838,562.6788321167883,0.18818859590101056,1.7405441941961726,0.030026007024658456,0.00028722813232690144,0.0,0.00028722813232690144,104.53713841123722,0.00956597832309235
2,0.0002,10,0.9306436990027198,0.9106570704681873,0.20564385147942627,559.114233907525,0.2305098693468608,1.8943960456546756,0.03151756078805757,0.00028722813232690144,0.0,0.00028722813232690144,109.73006206852557,0.00911327289121105
2,0.0002,11,0.9202518363064008,0.8988294414821814,0.22958622477679286,554.6801079298456,0.20193633835879155,1.8084972923505593,0.032116689885094155,0.00028722813232690144,0.0,0.00028722813232690144,111.81596184506522,0.008943266985313092
2,0.0002,12,0.9171157495256167,0.89126872867808,0.24490442496089943,561.6982922201139,0.15784201672067866,1.6089537195469616,0.0276417130032292,0.00028722813232690144,0.0,0.00028722813232690144,96.23609212404544,0.01039111187838997
2,0.0002,13,0.9176769944619069,0.8916070136678026,0.25010485131090193,553.8513695554558,0.15008954878430814,1.5979305765161946,0.030218657929976363,0.00028722813232690144,0.0,0.00028722813232690144,105.20786277154691,0.009504993007713168
2,0.0002,14,0.9135980563358894,0.8906735811211159,0.24855963888511334,561.8685748994002,0.21193038797355257,1.8425233576108333,0.031447111287059105,0.00028722813232690144,0.0,0.00028722813232690144,109.48478838858435,0.009133688932665161
2,0.0002,15,0.9278698588090853,0.9094815753235497,0.20564563291438892,567.8508287292817,0.1640617930679582,1.6553445418055506,0.03247879855848653,0.00028722813232690144,0.0,0.00028722813232690144,113.07666242637266,0.008843557800011365
2,0.0002,16,0.9002242152466368,0.8731558173345982,0.2924487382953353,553.1076233183857,0.15949999532313086,1.62487316108641,0.031217604471408165,0.00028722813232690144,0.0,0.00028722813232690144,108.6857482186969,0.009200838347156659
2,0.0002,17,0.9254955570745045,0.9055758279613123,0.20999345598245983,562.038961038961,0.18090606181067415,1.7101096809877354,0.033282348314652634,0.00028722813232690144,0.0,0.00028722813232690144,115.87426358631602,0.00863004405853323
2,0.0002,18,0.925550167847818,0.9056468962363263,0.21635013281418483,552.0779559865722,0.1582294348627329,1.6344131956703616,0.0317394012849778,0.00028722813232690144,0.0,0.00028722813232690144,110.50241154252399,0.009049576258479897
2,0.0002,19,0.9203858225522468,0.9006750358578954,0.2243953744874605,566.5056265788869,0.20485589138115756,1.8225772810417973,0.0312430375862715,0.00028722813232690144,0.0,0.00028722813232690144,108.77429495907813,0.00919334848712381
2,0.0002,20,0.9217060167555217,0.8986102740211038,0.22896304005928822,563.6199543031227,0.21049314431729726,1.8471654097085128,0.031165510658737225,0.00028722813232690144,0.0,0.00028722813232690144,108.50438084270584,0.009216217743776237
2,0.0002,21,0.9290758599741817,0.908657437464163,0.20919622068057825,561.953755030754,0.20978729031048715,1.847109753113438,0.031290399650674525,0.00028722813232690144,0.0,0.00028722813232690144,108.93918850212815,0.009179433165875517
2,0.0002,22,0.9204657140697059,0.8989739753338857,0.23019708925412477,559.4939895667952,0.19155743392184377,1.7733956095882188,0.03335651290303977,0.00028722813232690144,0.0,0.00028722813232690144,116.13247154034306,0.008610856091636797
2,0.0002,23,0.9241510873712323,0.9033288240771172,0.21812349383075605,564.6932468523464,0.19302752264775336,1.7674373363207705,0.030715676875673482,0.00028722813232690144,0.0,0.00028722813232690144,106.93826063219744,0.0093511900613326
2,0.0002,24,0.9166792566852999,0.8959504298633186,0.23642222262536192,559.0299138842726,0.19025474056252278,1.7478478724406066,0.03226402249777216,0.00028722813232690144,0.0,0.00028722813232690144,112.32890816228154,0.00890242784658158
2,0.0002,25,0.9217733393856862,0.9016476173885926,0.2269505967432637,559.8742623694961,0.1709097659913823,1.672378421204908,0.030026400915982045,0.00028722813232690144,0.0,0.00028722813232690144,104.53850976480345,0.009565852834996936
2,0.0002,26,0.9102467080369305,0.8876603703645923,0.25374347649684337,560.0434387770547,0.1610533628554549,1.6362249488205667,0.030433284741206955,0.00028722813232690144,0.0,0.00028722813232690144,105.95509741563225,0.00943796027176757
2,0.0002,27,0.9218362282878412,0.8986320614778895,0.2323826966574689,573.8287841191067,0.20852066364022903,1.828782874190909,0.030727460043511897,0.00028722813232690144,0.0,0.00028722813232690144,106.97928435693832,0.009347604127388644
2,0.0002,28,0.9271396997180092,0.9025701506563801,0.22591490992736266,564.0058684551483,0.2213494660682045,1.8890976952391614,0.029017196232710336,0.00028722813232690144,0.0,0.00028722813232690144,101.02491005193443,0.009898548778572776
2,0.0002,29,0.915630277905727,0.8903907303948184,0.2513105879736023,568.1119299861815,0.20001784770283848,1.7945189511484412,0.031139329690262417,0.00028722813232690144,0.0,0.00028722813232690144,108.41323041025096,0.009223966449628508
2,0.0002,30,0.9196462317635498,0.8979529323706534,0.22843656161057502,559.4095547660443,0.21550713636679575,1.8419917527881622,0.03131879951730284,0.00028722813232690144,0.0,0.00028722813232690144,109.03806414637039,0.009171109261969483
2,0.0002,31,0.9334546005760194,0.9135202721673685,0.19634708704755255,560.8908594815825,0.17678331563365646,1.7139907976227908,0.03247143271452029,0.00028722813232690144,0.0,0.00028722813232690144,113.0510178493371,0.008845563879245195
2,0.0002,32,0.9358398660476445,0.917402446186279,0.18737075534114497,563.2345688408554,0.22160072412225418,1.8825852665146123,0.03251213585740655,0.00028722813232690144,0.0,0.00028722813232690144,113.1927280034105,0.00883448979133951
2,0.0002,33,0.9233260525721172,0.9011689281257355,0.22533822368066594,557.3907509226482,0.20188467457774095,1.7951063690154059,0.030835497484834398,0.00028722813232690144,0.0,0.00028722813232690144,107.35542244775577,0.00931485319697426
2,0.0002,34,0.9323044009779952,0.9096110413734498,0.2086714930820042,565.4254278728606,0.1944940359389875,1.7708965135277634,0.029118156868187122,0.00028722813232690144,0.0,0.00028722813232690144,101.37640986728636,0.009864227795293971
2,0.0002,35,0.9218449218449218,0.8994973523039712,0.2295136836742997,569.8149688149688,0.15532824129331857,1.6261414081371113,0.032321983134415734,0.00028722813232690144,0.0,0.00028722813232690144,112.5307011975738,0.008886463777065314
2,0.0002,36,0.9196985842594002,0.8987698342655284,0.23197019457888082,563.2773633734206,0.16578790557105094,1.6497721594216714,0.029695188411363548,0.00028722813232690144,0.0,0.00028722813232690144,103.38537583625939,0.009672547900621737
2,0.0002,37,0.915890635476421,0.8938010405706616,0.2409321819678978,551.3389704238992,0.2025854634703137,1.7868737647037303,0.031069244332424476,0.00028722813232690144,0.0,0.00028722813232690144,108.16922451406606,0.009244773682092566
2,0.0002,38,0.9237474418252103,0.9012855527707144,0.2269411539133381,560.9332979610399,0.14295807914459147,1.5569202127612005,0.030729789305389762,0.00028722813232690144,0.0,0.00028722813232690144,106.98739380589444,0.009346895596076342
2,0.0002,39,0.9165967188096147,0.8938734646377287,0.23856177101116857,564.6932468523464,0.1862170271051582,1.746790491265331,0.03230690040294198,0.00028722813232690144,0.0,0.00028722813232690144,112.47818986676658,0.008890612492826624
2,0.0002,40,0.8849260783417162,0.8581080881015627,0.3295069615618188,563.9629629629629,0.16702792362775654,1.6641380886110009,0.02929138726043428,0.00028722813232690144,0.0,0.00028722813232690144,101.97952067973978,0.009805890372248724
2,0.0002,41,0.9265095840593984,0.9051043246557697,0.2126107670128465,560.6787635426926,0.1968664340383839,1.7861119245276247,0.032568660597966724,0.00028722813232690144,0.0,0.00028722813232690144,113.38952189021487,0.008819157037880557
2,0.0002,42,0.924398365370062,0.9022599681885405,0.22224805473651207,560.0434387770547,0.24388095122412778,1.9728520775989906,0.03219071755115381,0.00028722813232690144,0.0,0.00028722813232690144,112.07369309673594,0.008922700522921594
2,0.0002,43,0.9285114183151302,0.9064500445930784,0.20933375442498112,565.2098831436646,0.20214041558210738,1.805088620942477,0.033979113292916564,0.00028722813232690144,0.0,0.00028722813232690144,118.30008786968017,0.008453079097469512
2,0.0002,44,0.9278089240457722,0.9076737098488366,0.2125362746701329,568.3296981798633,0.17653463626629673,1.7071545511615118,0.030501844172705867,0.00028722813232690144,0.0,0.00028722813232690144,106.19379071821197,0.009416746433447568
2,0.0002,45,0.9300225733634312,0.9079414187483146,0.20980003146064574,556.8465011286681,0.14549383564735763,1.572736691950508,0.03131403810218425,0.00028722813232690144,0.0,0.00028722813232690144,109.02148702671286,0.00917250376299652
2,0.0002,46,0.9211971231923285,0.8982468904914036,0.22979023984396343,572.2783234088624,0.17391199848498218,1.6900585148762024,0.03180116605854632,0.00028722813232690144,0.0,0.00028722813232690144,110.71744888259283,0.009032000015285951
2,0.0002,47,0.9199368516012629,0.9018330647732515,0.22098101168370643,556.3450608930988,0.17718355616671033,1.7057568956890572,0.03270952220275252,0.00028722813232690144,0.0,0.00028722813232690144,113.87993904972026,0.008781177864552575
2,0.0002,48,0.9236344217271895,0.8993017931684092,0.23181357045341008,564.5642355813244,0.2358353144081775,1.9377205183734127,0.030874500092778447,0.00028722813232690144,0.0,0.00028722813232690144,107.49121209909696,0.009303086089289724
2,0.0002,49,0.9327813323296952,0.910344447522176,0.20576301401423155,557.055701919458,0.1669476366660092,1.6727910397713108,0.030528514157596963,0.00028722813232690144,0.0,0.00028722813232690144,106.28664368729629,0.009408519878961265
2,0.0003,0,0.8853092783505154,0.855723968088874,0.3312451184057967,560.9757428744693,0.17750703610363416,1.7129939722230605,0.033109965555990044,0.0004308421984903521,0.0,0.0004308421984903521,76.84940257014188,0.013012462902197338
2,0.0003,1,0.8882432840325989,0.8589736600228338,0.3297927131392973,558.4403863567763,0.18708474226878025,1.735147194799591,0.030429474919126977,0.0004308421984903521,0.0,0.0004308421984903521,70.62788887845764,0.01415871288069906
2,0.0003,2,0.881046247156937,0.8485524919214242,0.34431694792020084,561.0606520090978,0.18347126129083335,1.7265433621499602,0.03063918709302566,0.0004308421984903521,0.0,0.0004308421984903521,71.11463826055972,0.014061802527013646
2,0.0003,3,0.8823030022381724,0.8488465768800219,0.34654216502196894,571.1319749942116,0.17018894359352998,1.6678817426698984,0.030796587379503866,0.0004308421984903521,0.0,0.0004308421984903521,71.47996989945148,0.013989933143601868
2,0.0003,4,0.8998343123964453,0.8728219296325805,0.2917867308546523,557.3488477180298,0.1820345876913052,1.7275227365063102,0.03249404231822707,0.0004308421984903521,0.0,0.0004308421984903521,75.41982292376292,0.013259113602147226
2,0.0003,5,0.8888973790784748,0.8600869902170739,0.3185670763155991,565.4685565828685,0.19174539341474883,1.7662159807568205,0.03147888255024041,0.0004308421984903521,0.0,0.0004308421984903521,73.06360115267428,0.013686705612968517
2,0.0003,6,0.8806961300664071,0.8426744528492123,0.3642990827283147,564.865353789787,0.15894120727898553,1.6266307731037815,0.030076898956647703,0.0004308421984903521,0.0,0.0004308421984903521,69.80954758386142,0.014324688163874881
2,0.0003,7,0.8721770551038843,0.8399013608048881,0.3670184029465274,557.0975609756098,0.17710522282868624,1.6942248189915226,0.029185077239910345,0.0004308421984903521,0.0,0.0004308421984903521,67.73959779746109,0.014762414193688652
2,0.0003,8,0.8925015087507544,0.8581081744846824,0.322177395245654,558.2721786360893,0.21903123988886364,1.8682941332385123,0.03210370476524625,0.0004308421984903521,0.0,0.0004308421984903521,74.51383564037113,0.013420326458918809
2,0.0003,9,0.8855587862521435,0.8530339154151472,0.34142567593055323,551.7492730932677,0.15974948156508617,1.6385320871298754,0.031716623870569303,0.0004308421984903521,0.0,0.0004308421984903521,73.61540717622984,0.01358411286928121
2,0.0003,10,0.8996461642701197,0.87386584931768,0.2866563467946342,557.1394263344124,0.1659242885070853,1.6627881745302824,0.03181712877059401,0.0004308421984903521,0.0,0.0004308421984903521,73.84868260834133,0.013541202966389115
2,0.0003,11,0.8945999694049258,0.8569984932149893,0.33463337057789216,566.0298301973382,0.18101979829953052,1.7187301768995322,0.03193240209791975,0.0004308421984903521,0.0,0.0004308421984903521,74.11623608320905,0.013492320344995892
2,0.0003,12,0.8843527204502815,0.8533799061818315,0.3390595428034828,555.3864915572233,0.21437667915597558,1.85989812874358,0.031205147830810322,0.0004308421984903521,0.0,0.0004308421984903521,72.42825317517988,0.013806766781760321
2,0.0003,13,0.8858282531797999,0.852015158909603,0.34280335543044854,556.9720027094152,0.176764698990155,1.7035798322203282,0.030094866812766796,0.0004308421984903521,0.0,0.0004308421984903521,69.8512516142049,0.014316135744039277
2,0.0003,14,0.8934983573993429,0.860006920861186,0.3238666419591518,565.3823057529223,0.1806722490582615,1.7123407382110591,0.030076547158283316,0.0004308421984903521,0.0,0.0004308421984903521,69.80873104739953,0.014324855716414736
2,0.0003,15,0.8868271737463579,0.8532980394397611,0.33804246534068694,567.4161938353013,0.20168674530577846,1.8025446744361386,0.03122592952394451,0.0004308421984903521,0.0,0.0004308421984903521,72.47648822088107,0.01379757800836564
2,0.0003,16,0.8915571092028269,0.8573797416595977,0.3355074632863689,562.3800440762976,0.19887633979669772,1.7811344174174135,0.0313362588448656,0.0004308421984903521,0.0,0.0004308421984903521,72.73256648180278,0.01374899922237989
2,0.0003,17,0.8810626185958255,0.850262543268368,0.34501319942371317,561.6982922201139,0.18211140288622119,1.7176054421798894,0.031178788282896438,0.0004308421984903521,0.0,0.0004308421984903521,72.36707173100787,0.013818439465355895
2,0.0003,18,0.8834002575952724,0.8507329506389285,0.3461373866939518,560.6787635426926,0.2030557825055439,1.8112957531243232,0.030964359643089447,0.0004308421984903521,0.0,0.0004308421984903521,71.8693752645096,0.013914132359152677
2,0.0003,19,0.9077168464226036,0.8789848701603955,0.28527892682044703,562.0815737505696,0.17650346824666485,1.703721163435492,0.030858849316300545,0.0004308421984903521,0.0,0.0004308421984903521,71.62448205962251,0.013961706545641307
2,0.0003,20,0.8844768052844918,0.8545300074458126,0.336490141060505,555.5113346344393,0.17097057547653094,1.675116292232591,0.028988511556674125,0.0004308421984903521,0.0,0.0004308421984903521,67.28336188573986,0.014862515367442446
2,0.0003,21,0.9019983155960493,0.8735140252060889,0.2912429436242315,566.5922211163005,0.2536994468537159,2.003480184497572,0.03234336679504037,0.0004308421984903521,0.0,0.0004308421984903521,75.07009969861306,0.013320882801737842
2,0.0003,22,0.877488514548239,0.8452988949953202,0.3559560896922729,566.635528330781,0.23432111972942948,1.93983307824114,0.03145226995862022,0.0004308421984903521,0.0,0.0004308421984903521,73.00183238509896,0.013698286294031692
2,0.0003,23,0.8903694730466384,0.8604627744579516,0.3227122389196311,560.2973955178679,0.167375080374768,1.6484862319090285,0.03131189740147556,0.0004308421984903521,0.0,0.0004308421984903521,72.67602270898897,0.013759696289438175
2,0.0003,24,0.8857594698395963,0.8544900411003447,0.33406925265918347,557.3069508246103,0.25720544389332645,2.0321262552653225,0.030919931619730244,0.0004308421984903521,0.0,0.0004308421984903521,71.76625624897473,0.01393412520406185
2,0.0003,25,0.8872808025116777,0.8562937815461398,0.32915378724478234,566.6788421778084,0.16593944348278455,1.6710544523575743,0.030621601460673813,0.0004308421984903521,0.0,0.0004308421984903521,71.07382138511561,0.014069878057934585
2,0.0003,26,0.8845332519829164,0.8541497499624948,0.3355754194004039,564.392312385601,0.183852598129306,1.741679756215019,0.029567700470286375,0.0004308421984903521,0.0,0.0004308421984903521,68.62767986490184,0.014571379973336804
2,0.0003,27,0.886176357335387,0.8522260927114838,0.3487657659048416,569.9025798998845,0.17046443925937638,1.6675498623244995,0.02958796368133473,0.0004308421984903521,0.0,0.0004308421984903521,68.67471149532093,0.014561400815904901
2,0.0003,28,0.8884924851981175,0.8581280603647635,0.32718911598013806,561.7408531956885,0.24299210478784516,1.9715754215956482,0.02940254234190675,0.0004308421984903521,0.0,0.0004308421984903521,68.24434200023043,0.014653229420786612
2,0.0003,29,0.8898096304591265,0.8594449124468154,0.32278227473370935,552.4893617021277,0.21618519688490778,1.8616870045444995,0.03343114921919045,0.0004308421984903521,0.0,0.0004308421984903521,77.59488122642443,0.012887448040315531
2,0.0003,30,0.8865648854961832,0.8587340544002502,0.3257368115182637,564.9083969465648,0.15118995268130675,1.5973516297273787,0.031609159409544604,0.0004308421984903521,0.0,0.0004308421984903521,73.3659783565802,0.013630295981874681
2,0.0003,31,0.8884272548723372,0.858141332244608,0.32488281148307446,559.0299138842726,0.1762001817987766,1.7015747075903334,0.033236575366193115,0.0004308421984903521,0.0,0.0004308421984903521,77.14326842322383,0.012962893852433039
2,0.0003,32,0.8820594239056475,0.8495781457550011,0.3397190830848899,559.4939895667952,0.19545677790301852,1.7758738220502228,0.03104166781996167,0.0004308421984903521,0.0,0.0004308421984903521,72.0488102807246,0.013879479704157342
2,0.0003,33,0.8854040097205347,0.8560698987879743,0.3315460969425116,561.9963547995139,0.20612244054791518,1.8196831997687233,0.03113742812766778,0.0004308421984903521,0.0,0.0004308421984903521,72.27107334604561,0.013836794635826672
2,0.0003,34,0.8919939577039275,0.8637149545343604,0.3141291062926864,558.9456193353475,0.22970234596868977,1.9082431782791789,0.03300650522269363,0.0004308421984903521,0.0,0.0004308421984903521,76.60926747274675,0.013053251035923865
2,0.0003,35,0.889344262295082,0.8582470226005711,0.3252242602742277,561.655737704918,0.1919802169140894,1.772163137932686,0.030190381623162375,0.0004308421984903521,0.0,0.0004308421984903521,70.07294487157444,0.014270843074067188
2,0.0003,36,0.8892181445178938,0.8624739209475327,0.3147407852736158,562.2947344426715,0.15288297983352095,1.6106762289433476,0.031604493012385514,0.0004308421984903521,0.0,0.0004308421984903521,73.35514748352404,0.013632308492387743
2,0.0003,37,0.891517556337501,0.8589940382603576,0.32217527841089727,554.0583214793741,0.18425605949596502,1.7252858784266798,0.030170075814342452,0.0004308421984903521,0.0,0.0004308421984903521,70.02581437021901,0.0142804479889817
2,0.0003,38,0.890509839677836,0.8585488678240867,0.3249911998789444,562.2947344426715,0.18973319479846396,1.7398589908597764,0.029935927139844595,0.0004308421984903521,0.0,0.0004308421984903521,69.48234700486275,0.014392144812408462
2,0.0003,39,0.8918816675493683,0.8560874888556802,0.33442979045247434,559.9165468714534,0.17520654114196077,1.6935222327365542,0.032135801288553464,0.0004308421984903521,0.0,0.0004308421984903521,74.58833280759309,0.01340692253545316
2,0.0003,40,0.9061625708884689,0.8783845313768357,0.273472261233768,559.578449905482,0.19090043008327484,1.7597539261309962,0.03187979768221418,0.0004308421984903521,0.0,0.0004308421984903521,73.9941393714898,0.013514583837234325
2,0.0003,41,0.8856453194538735,0.8551342072772855,0.33350232713603284,558.2301425661915,0.18862554687075317,1.7486153933557924,0.030701705100560885,0.0004308421984903521,0.0,0.0004308421984903521,71.25974476998309,0.014033168421075125
2,0.0003,42,0.8795334838224229,0.842397182023402,0.3665616011563759,556.8465011286681,0.1996768882672768,1.7855528566776213,0.0292178180414173,0.0004308421984903521,0.0,0.0004308421984903521,67.81559035720029,0.014745871778639251
2,0.0003,43,0.8905180840664711,0.8622175541851574,0.3182906742377045,556.4703361154974,0.17024392244638875,1.66896944764892,0.0321725452674785,0.0004308421984903521,0.0,0.0004308421984903521,74.67361688388317,0.013391610608000834
2,0.0003,44,0.8967204342175674,0.86329169474855,0.315092551966299,565.7274673190124,0.17875104054110125,1.7220061916699136,0.033297914999553486,0.0004308421984903521,0.0,0.0004308421984903521,77.28563988445791,0.012939014304533168
2,0.0003,45,0.8813724024517865,0.8502840185060224,0.3455707446759744,553.1901629541037,0.16041124059120193,1.640671565555193,0.028444571935787814,0.0004308421984903521,0.0,0.0004308421984903521,66.02085876326893,0.015146728151260516
2,0.0003,46,0.8792427213757731,0.8436010125081445,0.3608585446575292,558.188112837532,0.24272862079669721,1.9672745265423544,0.028734916945449468,0.0004308421984903521,0.0,0.0004308421984903521,66.69475981260673,0.014993681704675375
2,0.0003,47,0.8789876487080397,0.8519588723447353,0.3372189505176315,560.7635826324165,0.19399516846169718,1.7696905252215176,0.03286150465602959,0.0004308421984903521,0.0,0.0004308421984903521,76.27271602265176,0.013110848179354413
2,0.0003,48,0.8847081888101342,0.8527393448621307,0.34171191674446405,558.0200573065903,0.16811999221681617,1.664769314433462,0.03091242065104072,0.0004308421984903521,0.0,0.0004308421984903521,71.74882302466234,0.013937510858627858
2,0.0003,49,0.8949570414643258,0.8627153401305703,0.32021435157674905,552.9013821441913,0.16108410892775282,1.6396120924949686,0.0324288635203917,0.0004308421984903521,0.0,0.0004308421984903521,75.26854062582703,0.013285763104816573
2,0.00045,0,0.8767675231868634,0.8380638603746762,0.3868430856920548,562.5934316557701,0.1961524290672969,1.7645972541433461,0.032162995513350084,0.0006462632977355282,0.0,0.0006462632977355282,49.76763437757875,0.020093380216008795
2,0.00045,1,0.900130698854463,0.8533317057274253,0.35086750064124783,568.9403398170216,0.17391912353923544,1.677116124889118,0.031347870273432527,0.0006462632977355282,0.0,0.0006462632977355282,48.50634467913276,0.020615859772880312
2,0.00045,2,0.8346644140684994,0.7931220678577924,0.48587792035655664,568.2861311626478,0.22979653315269388,1.926467439986156,0.030442790290929674,0.0006462632977355282,0.0,0.0006462632977355282,47.10586288529702,0.021228780002077542
2,0.00045,3,0.8346534653465346,0.7901042537282366,0.4946106457913945,563.6199543031227,0.15922633427544497,1.6379014408121289,0.03204091324245104,0.0006462632977355282,0.0,0.0006462632977355282,49.57872952822894,0.020169940002811568
2,0.00045,4,0.8433698296836983,0.8056350331475393,0.45581514250792377,562.6788321167883,0.16730476496741176,1.660066966851291,0.029811206709170125,0.0006462632977355282,0.0,0.0006462632977355282,46.12857764571652,0.021678535325332312
2,0.00045,5,0.8403310302938274,0.796144477195135,0.4833801134304876,561.8685748994002,0.1775293702376075,1.7066279822745003,0.030693332357448852,0.0006462632977355282,0.0,0.0006462632977355282,47.49354089114551,0.02105549473120956
2,0.00045,6,0.8401577191386108,0.7942279627718455,0.4904852005932368,561.1455868971792,0.19555614175624214,1.7773474920300656,0.02911447012993339,0.0006462632977355282,0.0,0.0006462632977355282,45.050477463208765,0.02219732300987635
2,0.00045,7,0.8435224514563107,0.8062637473700142,0.4507134173703528,561.3155339805825,0.18305035759112798,1.7392191127398384,0.03247222768593225,0.0006462632977355282,0.0,0.0006462632977355282,50.24612692646045,0.019902031483214348
2,0.00045,8,0.8173362811618511,0.7569748633843812,0.5861014984787858,564.1775558435618,0.16212679925956763,1.64360698214424,0.02713044511957396,0.0006462632977355282,0.0,0.0006462632977355282,41.98048259066789,0.0238205932444973
2,0.00045,9,0.8444748650087459,0.8047551418920627,0.4629074534630678,562.8069815195072,0.17276442417642102,1.6811483887321128,0.030209017919246565,0.0006462632977355282,0.0,0.0006462632977355282,46.744133583165464,0.02139305883637433
2,0.00045,10,0.836682471588771,0.7902016873167478,0.49079729839067565,556.9720027094152,0.17961098661180586,1.7152913419427631,0.029637692410737486,0.0006462632977355282,0.0,0.0006462632977355282,45.860089091530284,0.021805452623612238
2,0.00045,11,0.8318185232479531,0.7901706810448539,0.4942186452153917,555.8862014572222,0.1464833396312315,1.580716136382056,0.02948237332951889,0.0006462632977355282,0.0,0.0006462632977355282,45.61975503300828,0.021920328140220123
2,0.00045,12,0.837762553639991,0.7896728335596183,0.4898833809004271,557.1394263344124,0.16995510275592096,1.6750936023140761,0.031494874627917585,0.0006462632977355282,0.0,0.0006462632977355282,48.733812887524216,0.020519633920456047
2,0.00045,13,0.8304589082183563,0.7817831886490437,0.5215142233146269,554.9292141571685,0.18232671954319812,1.7258754901539377,0.030550337166465883,0.0006462632977355282,0.0,0.0006462632977355282,47.27227628972993,0.021154047963991392
2,0.00045,14,0.8056325368886226,0.7517113276110707,0.5856585705078675,554.3068683993708,0.18687468179268762,1.7411079564301004,0.028908002947105237,0.0006462632977355282,0.0,0.0006462632977355282,44.73099903459987,0.022355861071345403
2,0.00045,15,0.8266850068775791,0.7795028141791492,0.5219031349961066,565.5116918844567,0.2407815428741742,1.9451110592500687,0.030182445864890994,0.0006462632977355282,0.0,0.0006462632977355282,46.70301713039973,0.021411892880665397
2,0.00045,16,0.835992099665755,0.7922924696642641,0.4910206223809777,562.1668185961714,0.19932779570808634,1.7955404428722477,0.031921206994392964,0.0006462632977355282,0.0,0.0006462632977355282,49.39350123431604,0.02024557836578817
2,0.00045,17,0.8542388194549013,0.8131514594262823,0.4373421523356167,557.1812979972896,0.1570622110448312,1.621404957898882,0.03148351057743494,0.0006462632977355282,0.0,0.0006462632977355282,48.71622864512261,0.020527040532726425
2,0.00045,18,0.8433762301286903,0.799385815099452,0.47445467840302136,560.2127176381529,0.15600214005098678,1.6272907420823832,0.031188565094558692,0.0006462632977355282,0.0,0.0006462632977355282,48.25984270473311,0.020721161610871237
2,0.00045,19,0.8400060204695966,0.7976937566471202,0.47786332220958283,556.9301625526791,0.17024360797950067,1.6847551432090193,0.03126533025832659,0.0006462632977355282,0.0,0.0006462632977355282,48.37862581377996,0.02067028534148988
2,0.00045,20,0.8468223380941585,0.8073862649329446,0.45266762343607686,559.2407617320335,0.24536939774407074,1.980317919799814,0.03127799244287911,0.0006462632977355282,0.0,0.0006462632977355282,48.39821873294602,0.02066191744613262
2,0.00045,21,0.8461655624095652,0.8031926146834386,0.4636949007839455,563.5771076079507,0.14799236122053117,1.58783395445053,0.027594622530376187,0.0006462632977355282,0.0,0.0006462632977355282,42.69873072951266,0.023419899910720684
2,0.00045,22,0.8373024873365087,0.7918517428749772,0.4967891810057845,559.4939895667952,0.1835765953292139,1.7275626650650435,0.031006694371463993,0.0006462632977355282,0.0,0.0006462632977355282,47.978423778837175,0.020842702224017007
2,0.00045,23,0.8485950162841779,0.8024535849072909,0.4705861828696079,560.5092024539878,0.1557285078743007,1.61708405530023,0.030589018660468245,0.0006462632977355282,0.0,0.0006462632977355282,47.33213036799478,0.021127297508590145
2,0.00045,24,0.8585240577082861,0.8152614630807501,0.43771248369765564,558.9877634262407,0.1977468813129235,1.7990462667057314,0.030667140075726237,0.0006462632977355282,0.0,0.0006462632977355282,47.45301208219969,0.021073477870440904
2,0.00045,25,0.830704761904762,0.7667365838546825,0.5654989169740282,563.8342857142857,0.17048283794429153,1.6881278874488195,0.029665554368534384,0.0006462632977355282,0.0,0.0006462632977355282,45.90320148534025,0.021784972891691713
2,0.00045,26,0.8419026047565119,0.8086604033105042,0.4489083049234773,558.7349943374859,0.2243667043512687,1.898440971968797,0.033966952215039765,0.0006462632977355282,0.0,0.0006462632977355282,52.558999302696186,0.019026237433495078
2,0.00045,27,0.8355123137731834,0.7973419471563219,0.46995664944567284,562.508057160231,0.160142247506883,1.639204166530353,0.030393031585459893,0.0006462632977355282,0.0,0.0006462632977355282,47.02886840697196,0.021263535225775315
2,0.00045,28,0.8389939974166096,0.7962646529212211,0.4804463484876961,562.2947344426715,0.16408673595287837,1.6555183589674771,0.029871171801325962,0.0006462632977355282,0.0,0.0006462632977355282,46.22136504733123,0.021635016598406127
2,0.00045,29,0.8507259528130672,0.8112620970070444,0.4417719012838306,559.6206896551724,0.16253054834669456,1.6424583875539676,0.035242464979233806,0.0006462632977355282,0.0,0.0006462632977355282,54.5326728327626,0.018337630415929503
2,0.00045,30,0.8433469883174025,0.8023305569611934,0.4693291053774099,561.4005461993628,0.16672606518841349,1.659858675507616,0.03155961442521443,0.0006462632977355282,0.0,0.0006462632977355282,48.83398846228406,0.020477540980956936
2,0.00045,31,0.8240500534106516,0.7802201880860793,0.5185487532101553,564.6502365328857,0.19156418862985447,1.7691480186935271,0.028446769187492227,0.0006462632977355282,0.0,0.0006462632977355282,44.01730577485705,0.02271833730839578
2,0.00045,32,0.8466968464666615,0.8039440187222104,0.45835035736920515,567.8073352259648,0.248227813601261,1.985599084909086,0.031181371217266298,0.0006462632977355282,0.0,0.0006462632977355282,48.24871120876606,0.020725942205443097
2,0.00045,33,0.8385026737967914,0.7950244504742803,0.47833490301949144,565.3391902215432,0.19939215018530376,1.7953286537372355,0.03043864750338867,0.0006462632977355282,0.0,0.0006462632977355282,47.09945251423693,0.021231669300141573
2,0.00045,34,0.8467926253237849,0.8046527668458071,0.46612888290137544,563.7914063690386,0.24342155168415047,1.972698078484216,0.03181346890239473,0.0006462632977355282,0.0,0.0006462632977355282,49.226791949763225,0.02031414114940736
2,0.00045,35,0.800732765066547,0.754333814885211,0.5829875514078534,553.3553162853298,0.27564685279503465,2.117756613193204,0.02946010102258723,0.0006462632977355282,0.0,0.0006462632977355282,45.58529182426704,0.02193690025842187
2,0.00045,36,0.8222559817698443,0.77765143655884,0.5207352226695064,562.1241929358147,0.14605371790821664,1.5853860284584833,0.03205287969380035,0.0006462632977355282,0.0,0.0006462632977355282,49.59724589979334,0.02016240986486241
2,0.00045,37,0.8322934676388785,0.7912979897498298,0.49379872266907854,556.3033150417199,0.15713504853192717,1.636224904475569,0.030853243512905033,0.0006462632977355282,0.0,0.0006462632977355282,47.740980527616436,0.02094636492481624
2,0.00045,38,0.8349125645173715,0.7916875893116685,0.4886927780273627,570.0778830598567,0.18996879609767348,1.7550772003212578,0.03339706188116002,0.0006462632977355282,0.0,0.0006462632977355282,51.677175538486445,0.019350902784058942
2,0.00045,39,0.8374132540227256,0.7962302002306554,0.4766420941848425,564.3493479752917,0.18593872064957395,1.7342585011092042,0.030463944785649916,0.0006462632977355282,0.0,0.0006462632977355282,47.13859643955326,0.021214038506265655
2,0.00045,40,0.8454586877278251,0.8072068803349869,0.44672839800271663,561.9963547995139,0.17417858447879553,1.6985996763630258,0.03057900767639301,0.0006462632977355282,0.0,0.0006462632977355282,47.31663980229143,0.021134214182968514
2,0.00045,41,0.835232051380075,0.7908238751862531,0.4936727920379197,565.8138236868263,0.19392796055763029,1.7689120687247835,0.03152147212385438,0.0006462632977355282,0.0,0.0006462632977355282,48.77496870749727,0.02050231966312443
2,0.00045,42,0.8499124743131137,0.8050132447579018,0.46358674863276655,563.2345688408554,0.16187021011137404,1.6331990046161176,0.03338931295690913,0.0006462632977355282,0.0,0.0006462632977355282,51.66518518675513,0.019355393702457098
2,0.00045,43,0.832206608431447,0.7893421578280938,0.49219305753521253,562.1241929358147,0.23483195962035097,1.9463818964009982,0.030856375434960566,0.0006462632977355282,0.0,0.0006462632977355282,47.74582672895033,0.02094423886881107
2,0.00045,44,0.8528676414879915,0.810168141974049,0.44868707570424604,560.6787635426926,0.18190297356341034,1.7219490091801846,0.030124075784383114,0.0006462632977355282,0.0,0.0006462632977355282,46.61269778113078,0.021453381752231656
2,0.00045,45,0.8347753491196114,0.7915909627288954,0.4905082610551256,561.655737704918,0.24209167083608918,1.9582150200194897,0.031247463303878703,0.0006462632977355282,0.0,0.0006462632977355282,48.350979257785696,0.020682104382383847
2,0.00045,46,0.8383830751794484,0.79960145336989,0.4682561076749869,559.1564034756328,0.15946289905696176,1.6280666906704897,0.029162316129822265,0.0006462632977355282,0.0,0.0006462632977355282,45.12451230327554,0.02216090432798785
2,0.00045,47,0.8494990892531876,0.8047716672028735,0.4603465520684756,561.655737704918,0.21311428243643604,1.8345771525793733,0.033295737133329686,0.0006462632977355282,0.0,0.0006462632977355282,51.52038998655217,0.019409790963558694
2,0.00045,48,0.8440073193046661,0.8029293141413367,0.46388950175810856,564.220494053065,0.18447733600623906,1.7399361595573888,0.03177972699691415,0.0006462632977355282,0.0,0.0006462632977355282,49.17458117808732,0.02033570954836337
2,0.00045,49,0.850773157183606,0.8147400373193796,0.42681348840713546,555.5113346344393,0.17565444760839455,1.7083316129971915,0.03291859988317585,0.0006462632977355282,0.0,0.0006462632977355282,50.93682404450455,0.019632162365016703
2,0.0007,0,0.7674436319317489,0.7155852859255077,0.6874828905665185,563.7056672760511,0.16631491540465504,1.6609641144548013,0.02814187802497392,0.001005298463144155,0.0,0.001005298463144155,27.99355520444928,0.03572250800930996
2,0.0007,1,0.7679080885187756,0.7050737307991445,0.7156315591314866,570.6044413601666,0.19758475580601953,1.7820746817929258,0.028982603778089804,0.001005298463144155,0.0,0.001005298463144155,28.829849881043575,0.03468627149035305
2,0.0007,2,0.7842273210758244,0.7272499987369199,0.6655242048060778,562.2520893481234,0.33888737540110014,2.345718551027918,0.030363711847336262,0.001005298463144155,0.0,0.001005298463144155,30.203678768563137,0.03310854971219032
2,0.0007,3,0.7640158439975625,0.7024293075996026,0.7274842125193473,563.7056672760511,0.2416186814662069,1.9578104021386937,0.030642619700266664,0.001005298463144155,0.0,0.001005298463144155,30.481116627224626,0.03280719706662046
2,0.0007,4,0.7483618287263689,0.6798459486467061,0.7838112039520628,557.3907509226482,0.1981038679368794,1.7893529851599428,0.03077334868864196,0.001005298463144155,0.0,0.001005298463144155,30.611156603577946,0.03266782803898093
2,0.0007,5,0.7640111336793801,0.705688537497266,0.7138747256174728,556.7210561949898,0.20964560704305768,1.8258601589514174,0.03048727660367361,0.001005298463144155,0.0,0.001005298463144155,30.326592272231377,0.032974360951053924
2,0.0007,6,0.7661463116008571,0.7035884486334342,0.7225960548090181,566.2892561983471,0.16704262234270573,1.6669172506088592,0.029285431746807804,0.001005298463144155,0.0,0.001005298463144155,29.131081783627888,0.03432759577648144
2,0.0007,7,0.761196261682243,0.7073753249061832,0.7008221263544917,553.3140186915888,0.15004376706201583,1.5930707493385117,0.031229001458680097,0.001005298463144155,0.0,0.001005298463144155,31.064407838652002,0.03219118179216494
2,0.0007,8,0.7703552222979626,0.7190484107937046,0.6810025424524027,560.5092024539878,0.2131914441997651,1.8312186804173507,0.032325188668440474,0.001005298463144155,0.0,0.001005298463144155,32.15481755273031,0.031099538921659616
2,0.0007,9,0.7958075705021866,0.7445267458295594,0.617327951696921,558.0200573065903,0.17305723603931256,1.6735545958552378,0.032130841992307306,0.001005298463144155,0.0,0.001005298463144155,31.961495188021487,0.031287647655945064
2,0.0007,10,0.7739262637780312,0.7174112526673024,0.6845996188095154,562.5507411630558,0.19539247077773325,1.7751228573338733,0.029979673880170983,0.001005298463144155,0.0,0.001005298463144155,29.82166488786529,0.03353266840601207
2,0.0007,11,0.8758584257791865,0.8478694196862352,0.3665510397856199,558.4824541544034,0.17887570918537676,1.699849614239609,0.032333928393334724,0.001005298463144155,0.0,0.001005298463144155,32.16351121457767,0.031091132847049476
2,0.0007,12,0.7906817141985664,0.74112191037364,0.6286714739776001,564.3063901174318,0.17863852935261093,1.7102104708656918,0.030188726759238463,0.001005298463144155,0.0,0.001005298463144155,30.0296159459159,0.033300459180064954
2,0.0007,13,0.7518837050003806,0.6954465074378734,0.7414332026363747,563.2345688408554,0.1576304563204758,1.6230876441570277,0.029487941801397178,0.001005298463144155,0.0,0.001005298463144155,29.33252450140148,0.034091849133279374
2,0.0007,14,0.7730988739780965,0.7174830292180139,0.6879333297523804,570.7362332253587,0.15984029692481272,1.6333264498289324,0.03164282263931692,0.001005298463144155,0.0,0.001005298463144155,31.476047959281015,0.03177018923384695
2,0.0007,15,0.7371883126816583,0.6913913650639535,0.7336946700622357,566.0298301973382,0.1854658102383837,1.7515525922062645,0.0303534581020953,0.001005298463144155,0.0,0.001005298463144155,30.193479066069916,0.03311973415888186
2,0.0007,16,0.7743675453923877,0.7235262636908854,0.6596047328192165,562.2094507331155,0.18829939112765715,1.735864282185117,0.03334667820087129,0.001005298463144155,0.0,0.001005298463144155,33.17092328638081,0.030146884708831007
2,0.0007,17,0.7845627376425856,0.7279659997047941,0.6548084838145514,562.7642585551331,0.1584714891796466,1.6343025379459895,0.03052446001076681,0.001005298463144155,0.0,0.001005298463144155,30.363579702786982,0.03293419319423042
2,0.0007,18,0.7787334449687928,0.7164688918635714,0.6895313632806993,563.2773633734206,0.17557589802891016,1.697660096621305,0.031146610559251404,0.001005298463144155,0.0,0.001005298463144155,30.98245118353984,0.03227633585464257
2,0.0007,19,0.7623906705539358,0.7055330744550055,0.7164891782033195,567.7638483965014,0.16500942045240663,1.6515089590159306,0.03300584343123484,0.001005298463144155,0.0,0.001005298463144155,32.83188489914359,0.030458196447505356
2,0.0007,20,0.7642514251425142,0.7060748066200389,0.7167253910221881,555.095409540954,0.21276570690679364,1.8540626551584047,0.029451622883107285,0.001005298463144155,0.0,0.001005298463144155,29.296397003328618,0.034133890248906076
2,0.0007,21,0.7733870354890189,0.7158257095107207,0.6953214180155123,562.3800440762976,0.23825752385891974,1.9435422221379326,0.032341799323529256,0.001005298463144155,0.0,0.001005298463144155,32.17134066074027,0.031083566287939388
2,0.0007,22,0.7707688825171659,0.7108335217554329,0.698788208901269,558.398324907568,0.20559075099299662,1.8269211074171252,0.030813492449735264,0.001005298463144155,0.0,0.001005298463144155,30.651088785477192,0.03262526845290437
2,0.0007,23,0.7669071235347159,0.7113813484323102,0.6975407797913644,556.0946798917944,0.16663478504051454,1.6645236252456683,0.03150046457576645,0.001005298463144155,0.0,0.001005298463144155,31.334440199228112,0.03191376624703938
2,0.0007,24,0.7721766608983522,0.714686563386436,0.6911357588916252,556.8046798585509,0.23967562426696531,1.9504785822496016,0.029975111720434232,0.001005298463144155,0.0,0.001005298463144155,29.817126773162038,0.03353777201967312
2,0.0007,25,0.7716030534351145,0.7211146697252543,0.6704685899725896,564.9083969465648,0.21713173147873022,1.866010856328015,0.02924940389242131,0.001005298463144155,0.0,0.001005298463144155,29.095243815395236,0.0343698786765577
2,0.0007,26,0.7562751194358079,0.693824785583919,0.7449633376258248,561.1880640024266,0.1983240703411866,1.7749131720532967,0.03013778489307113,0.001005298463144155,0.0,0.001005298463144155,29.978942570759227,0.03335674691125954
2,0.0007,27,0.7790327471194664,0.7159224732997425,0.6912982825769689,560.9757428744693,0.23816430871374905,1.940056172770493,0.030570841563951102,0.001005298463144155,0.0,0.001005298463144155,30.409716800260732,0.03288422600474287
2,0.0007,28,0.7731467473524962,0.7138723834930891,0.6978204102467787,559.7897125567322,0.1768118383770343,1.7293606982158498,0.03167507297486467,0.001005298463144155,0.0,0.001005298463144155,31.508128318229225,0.03173784205459909
2,0.0007,29,0.7828588507808414,0.7278944186717919,0.6562814699662728,552.9838601210491,0.1573333425913006,1.6298568823657202,0.032141107245034016,0.001005298463144155,0.0,0.001005298463144155,31.971706337349822,0.031277654981829515
2,0.0007,30,0.735798293489123,0.6733873286574118,0.7991942264834583,568.8530248289645,0.1533729782095179,1.619060748965519,0.02815762126491968,0.001005298463144155,0.0,0.001005298463144155,28.00921546906017,0.035702535156853295
2,0.0007,31,0.7776681342037346,0.7235572976790109,0.6711694161796292,561.7408531956885,0.15927851226297207,1.63232659295149,0.030515603666575086,0.001005298463144155,0.0,0.001005298463144155,30.354770036288514,0.032943751469852026
2,0.0007,32,0.7776854509744674,0.7183628566286885,0.6824162990576165,559.0299138842726,0.21429363920469768,1.8497786921714527,0.03145569186681232,0.001005298463144155,0.0,0.001005298463144155,31.289903466510843,0.0319591909598023
2,0.0007,33,0.7530620007607455,0.6989922778523258,0.7350672898261876,562.977938379612,0.16211091820150614,1.643783314083962,0.029886785330759513,0.001005298463144155,0.0,0.001005298463144155,29.729265911027152,0.033636888411330765
2,0.0007,34,0.7899660505469634,0.7223136739841305,0.6744202264012534,558.3142210486609,0.16680839561740868,1.6654233536162673,0.03322257260672507,0.001005298463144155,0.0,0.001005298463144155,33.04747179540959,0.03025950082326429
2,0.0007,35,0.7873961746551855,0.7278395699007918,0.6574208368409091,563.9200640097539,0.15731595022953115,1.620043835345443,0.031532506569335525,0.001005298463144155,0.0,0.001005298463144155,31.36631331427184,0.03188133683358301
2,0.0007,36,0.7528363664052388,0.6940968232305129,0.7425859200913141,563.4914337927358,0.27633993004565127,2.110701915483066,0.030181378317167447,0.001005298463144155,0.0,0.001005298463144155,30.022306234083622,0.033308567043551215
2,0.0007,37,0.7624575951752732,0.7008573660317179,0.732080777431053,557.894082171127,0.19052526156883687,1.752652767793438,0.03083031693217656,0.001005298463144155,0.0,0.001005298463144155,30.667824593854615,0.03260746444338231
2,0.0007,38,0.7857678464307138,0.7263542683118654,0.6653329970296765,554.9292141571685,0.16102029211469926,1.6526409910114965,0.03014503524722192,0.001005298463144155,0.0,0.001005298463144155,29.98615471164733,0.03334872409004067
2,0.0007,39,0.7963697376449055,0.7419713166320588,0.6235056740207658,564.392312385601,0.2046914644597564,1.804283798271397,0.029050706957342003,0.001005298463144155,0.0,0.001005298463144155,28.897594119942738,0.03460495693341759
2,0.0007,40,0.8103852849897812,0.7696222770471379,0.5500247951720922,560.1703883127697,0.20532398024806753,1.8225088907669926,0.03100026974490959,0.001005298463144155,0.0,0.001005298463144155,30.836881663932576,0.03242870050539577
2,0.0007,41,0.7644430983569319,0.7100925494951652,0.7048211435142409,560.3397440751116,0.23592275625560433,1.944457347098762,0.0325238097355868,0.001005298463144155,0.0,0.001005298463144155,32.3523917801146,0.030909615795845117
2,0.0007,42,0.7638668779714739,0.7056197475391234,0.7121377687493883,558.4824541544034,0.21463766964734532,1.846106263180174,0.03119218863855302,0.001005298463144155,0.0,0.001005298463144155,31.027789041870054,0.032229173617577545
2,0.0007,43,0.7725325172149962,0.7202840016973928,0.6744274281824235,566.2027543993879,0.1773781159427017,1.707657204167652,0.03032043315196037,0.001005298463144155,0.0,0.001005298463144155,30.16062817516967,0.033155808101612075
2,0.0007,44,0.7703172205438067,0.7143991222852076,0.6915647715439186,558.9456193353475,0.15537227291497402,1.616944904608292,0.029368334899372614,0.001005298463144155,0.0,0.001005298463144155,29.213547992026857,0.03423069324797269
2,0.0007,45,0.7721138274080358,0.7204515268233096,0.6706215501728793,570.6922958278708,0.16242994004278444,1.6368859695854083,0.030725229732227043,0.001005298463144155,0.0,0.001005298463144155,30.563291259922273,0.032718989309613485
2,0.0007,46,0.7754362111941989,0.7132992630737875,0.7018412484800368,558.9877634262407,0.17492445919197053,1.691534810556974,0.032031411087762106,0.001005298463144155,0.0,0.001005298463144155,31.862588337777012,0.03138476979330575
2,0.0007,47,0.7740982115792664,0.7204503313099144,0.6682847338750119,560.806001818733,0.17752971488516778,1.7056332447212248,0.03187061864739876,0.001005298463144155,0.0,0.001005298463144155,31.7026433599836,0.031543111047397446
2,0.0007,48,0.7813134732566012,0.7197336503855075,0.6842940348254497,556.7210561949898,0.17735669773537666,1.6883670989500232,0.033527505722140145,0.001005298463144155,0.0,0.001005298463144155,33.35079774943659,0.02998429025635207
2,0.0007,49,0.7465395960971182,0.687366953207037,0.7565624026200577,559.7474472430225,0.21929839247604832,1.891573687513885,0.029011053167866938,0.001005298463144155,0.0,0.001005298463144155,28.858149327247993,0.03465225675631928
2,0.001,0,0.6851782363977486,0.6139820549680104,0.9734624791344417,555.3864915572233,0.22772670557606034,1.8985789450541606,0.02975733385265669,0.001436140661634507,0.0,0.001436140661634507,20.72034769824645,0.048261738391804566
2,0.001,1,0.7023171560117745,0.633789562108616,0.9214881944008173,558.5666088006642,0.17242698100744747,1.692518669676811,0.030292768018035807,0.001436140661634507,0.0,0.001436140661634507,21.093176195957618,0.04740869704542856
2,0.001,2,0.7050604229607251,0.6396966321172434,0.9101956052758781,558.9456193353475,0.18680673296330497,1.7435677228480788,0.028863737725152813,0.001436140661634507,0.0,0.001436140661634507,20.098127221258594,0.04975587968924089
2,0.001,3,0.7130561745946361,0.6481480521831411,0.8777456225003835,568.6784753707831,0.18959108035778627,1.7540189404962727,0.032527589819819576,0.001436140661634507,0.0,0.001436140661634507,22.64930635889045,0.044151462484301365
2,0.001,4,0.698271266468662,0.6267448753376562,0.9419110654984985,563.5771076079507,0.15075211122166365,1.6016443020494,0.03204078342546791,0.001436140661634507,0.0,0.001436140661634507,22.310337894758515,0.0448222704970746
2,0.001,5,0.7116335692003348,0.64013547568517,0.8995290981722778,563.0634558320019,0.17275269186939113,1.6796723538009974,0.02930265606888543,0.001436140661634507,0.0,0.001436140661634507,20.403750726990317,0.04901059679567583
2,0.001,6,0.6912056089010822,0.6227619216248746,0.9495411168055141,563.9629629629629,0.1660703651723452,1.6552878802065134,0.032186543799999176,0.001436140661634507,0.0,0.001436140661634507,22.411832392077027,0.044619287816623034
2,0.001,7,0.6899177112973929,0.6239656782279368,0.9464677969327105,569.1150503729908,0.22553456694004126,1.8938533571626102,0.029921980798176262,0.001436140661634507,0.0,0.001436140661634507,20.8349931155917,0.04799617616631983
2,0.001,8,0.6955600937901822,0.6255997834170891,0.9427824836817617,559.7474472430225,0.16557826579082757,1.66676477107726,0.030356864928157635,0.001436140661634507,0.0,0.001436140661634507,21.13780755542966,0.047308596096246054
2,0.001,9,0.708929378105707,0.6405007916248572,0.9015578535288372,557.1812979972896,0.28599738620687276,2.1324801141345064,0.029091071836136025,0.001436140661634507,0.0,0.001436140661634507,20.256422377893514,0.04936705906623137
2,0.001,10,0.7176152169009848,0.6612248021065819,0.8371058705816159,556.3868130215774,0.17033344216179103,1.6775570685633785,0.03232533804306397,0.001436140661634507,0.0,0.001436140661634507,22.508476298048485,0.04442770744489272
2,0.001,11,0.6977260546665646,0.6260848957508256,0.9482315286443926,566.5922211163005,0.1760120620019734,1.7018400005543803,0.029646572252899957,0.001436140661634507,0.0,0.001436140661634507,20.64322321962423,0.0484420475117162
2,0.001,12,0.7034128662035639,0.6363073353114848,0.9133965957266017,558.7771066143159,0.173285980214132,1.7029258987595324,0.03108326951596102,0.001436140661634507,0.0,0.001436140661634507,21.643610787110774,0.0462030115878595
2,0.001,13,0.6837593754783408,0.6129752171118655,0.9797872643346867,566.3757844787999,0.20526740432251245,1.8295890475599328,0.03021939975544534,0.001436140661634507,0.0,0.001436140661634507,21.042089095264455,0.04752379839628429
2,0.001,14,0.6960205779996974,0.6309889909965163,0.9241013908482295,559.8742623694961,0.16330128122353926,1.6441657200497286,0.03045494574006429,0.001436140661634507,0.0,0.001436140661634507,21.206102266753433,0.04715623773859579
2,0.001,15,0.7145243337635715,0.6505262134038502,0.8698488143335166,561.8685748994002,0.26067815453279763,2.0478844151614566,0.0317792127843729,0.001436140661634507,0.0,0.001436140661634507,22.128203478483925,0.045191196880141546
2,0.001,16,0.6996229260935143,0.6349055268115932,0.9128405684057344,558.10407239819,0.16335102726588957,1.652799497968702,0.028645459610220133,0.001436140661634507,0.0,0.001436140661634507,19.946137850882955,0.05013501899345055
2,0.001,17,0.7133435582822086,0.6452647910474496,0.8906404205399503,567.5030674846626,0.2090157287020702,1.8253657804040668,0.031360338443223564,0.001436140661634507,0.0,0.001436140661634507,21.836536824694868,0.04579480748380867
2,0.001,18,0.7064543296837914,0.6349582490418373,0.9264546743107999,566.5922211163005,0.21813942567678168,1.8671694308229063,0.029668318842624854,0.001436140661634507,0.0,0.001436140661634507,20.65836560108159,0.048406539961111154
2,0.001,19,0.7057474778355243,0.6396214948413338,0.9021561299437614,565.5979822684194,0.17455947803682648,1.683903999953063,0.030138330493675626,0.001436140661634507,0.0,0.001436140661634507,20.98563970702873,0.04765163292425484
2,0.001,20,0.6980433632998414,0.6352566621327543,0.9146878663953789,559.0720707108861,0.2418219664832577,1.9545936124840229,0.03006947540438216,0.001436140661634507,0.0,0.001436140661634507,20.937695176849427,0.04776074880991145
2,0.001,21,0.7049080222883749,0.635030386594609,0.9168048239062195,564.865353789787,0.1464712035667617,1.5869981914772344,0.03079836762090179,0.001436140661634507,0.0,0.001436140661634507,21.445230570833786,0.04663041493990896
2,0.001,22,0.7177886079805056,0.6501100714706844,0.876224259631166,563.5342674383186,0.17004164354875684,1.67925913051947,0.03163092230562958,0.001436140661634507,0.0,0.001436140661634507,22.024947242723183,0.04540305994741439
2,0.001,23,0.731580923770184,0.6702632386643699,0.8243964150722555,555.8028539241457,0.2059132438735105,1.8159103288734029,0.03129225483025405,0.001436140661634507,0.0,0.001436140661634507,21.789129481675957,0.04589444478913082
2,0.001,24,0.672361657091019,0.6031948197164051,1.0062167878372374,559.4517689749017,0.19055290205869824,1.769895716165086,0.028795890607508826,0.001436140661634507,0.0,0.001436140661634507,20.050884552447332,0.04987311145222987
2,0.001,25,0.6777351103079587,0.6079821411595523,0.9848937851101845,557.2231759656653,0.16724213032284752,1.675233548090688,0.030886067511464055,0.001436140661634507,0.0,0.001436140661634507,21.506296936340387,0.04649800953460492
2,0.001,26,0.7017045454545454,0.6327043599395514,0.9298872338771172,568.1990171990172,0.1533209077315405,1.6002025497549304,0.030369568906573944,0.001436140661634507,0.0,0.001436140661634507,21.146653470565752,0.04728880630648771
2,0.001,27,0.6897123060701913,0.6191086056269569,0.9655154234933874,557.3488477180298,0.2108079485478811,1.8362207188310764,0.02907434585528559,0.001436140661634507,0.0,0.001436140661634507,20.2447758997335,0.049395459102768526
2,0.001,28,0.6921860885275519,0.6229864358603717,0.9581031855292389,557.0975609756098,0.20528299058787525,1.8232755948923074,0.02968316072256104,0.001436140661634507,0.0,0.001436140661634507,20.668700159758657,0.0483823362025915
2,0.001,29,0.6952946550936501,0.6243304458141189,0.9509992126851939,563.4486066697121,0.1698317152040545,1.6639483306513416,0.029508135658541868,0.001436140661634507,0.0,0.001436140661634507,20.546828348246844,0.04866931202475952
2,0.001,30,0.7111262591835189,0.6418621321090671,0.8909166432524962,560.5092024539878,0.16822018165839836,1.672914663204397,0.029205245381309877,0.001436140661634507,0.0,0.001436140661634507,20.33592263035758,0.04917406592151341
2,0.001,31,0.6841063133043942,0.6143011432794941,0.9774684606925078,563.5771076079507,0.18958737014327198,1.756398880921341,0.03063785600469398,0.001436140661634507,0.0,0.001436140661634507,21.33346462722132,0.04687471151422861
2,0.001,32,0.7190165968667598,0.6513412562545582,0.8876098897994943,573.9176361098185,0.18239961337530985,1.7250633322158997,0.03148271005517655,0.001436140661634507,0.0,0.001436140661634507,21.92174547815205,0.04561680551380517
2,0.001,33,0.7176677903769537,0.6483877298015907,0.8919487740873322,566.9822249463683,0.16469368556863628,1.658687140151934,0.029612612896186958,0.001436140661634507,0.0,0.001436140661634507,20.61957695876678,0.048497600217488085
2,0.001,34,0.7153903903903904,0.6444250816061485,0.8880061132161231,555.5945945945946,0.2670387126854621,2.051527459704503,0.030062008189583954,0.001436140661634507,0.0,0.001436140661634507,20.93249567585507,0.04777261228117517
2,0.001,35,0.7127967133292757,0.6499507997866303,0.8724210997529086,563.0206938527084,0.1892090183100663,1.7436144074415294,0.03213691006371294,0.001436140661634507,0.0,0.001436140661634507,22.377271894200902,0.04468819991677141
2,0.001,36,0.7090977727444319,0.6439482526380698,0.8966676240121707,558.7349943374859,0.17009729001438245,1.6897299201063891,0.034421174730881826,0.001436140661634507,0.0,0.001436140661634507,23.96782964957363,0.04172259293480873
2,0.001,37,0.6952628759470422,0.6262720644730094,0.9467304856089607,566.3325170276269,0.15214048340567388,1.604329620290558,0.03258562043199208,0.001436140661634507,0.0,0.001436140661634507,22.6897136906531,0.044072834661282846
2,0.001,38,0.6810671517356374,0.6115180039410363,0.9720391700794667,560.8908594815825,0.16257012885762379,1.6376074386904056,0.030685319020612747,0.001436140661634507,0.0,0.001436140661634507,21.366513629444228,0.04680220729234671
2,0.001,39,0.7034625402175578,0.6347940830576332,0.917481870095993,566.8955109544967,0.17798080592183396,1.7073161015298668,0.0321529691005265,0.001436140661634507,0.0,0.001436140661634507,22.388453972142546,0.04466588006676467
2,0.001,40,0.7165783497350492,0.6498388729510461,0.8814596464280885,560.2127176381529,0.15487627347465605,1.615265497606115,0.02911575999292573,0.001436140661634507,0.0,0.001436140661634507,20.27361300374879,0.04932519920426074
2,0.001,41,0.697060174552136,0.625830141283188,0.9335304228409329,566.5489205328433,0.18468192836735398,1.73345558718043,0.029359588182948024,0.001436140661634507,0.0,0.001436140661634507,20.443393162848793,0.04891555878391421
2,0.001,42,0.7119536196506218,0.643317489002701,0.8921013630617058,564.5212449462201,0.18057022150605917,1.7265575078460658,0.03084194099505232,0.001436140661634507,0.0,0.001436140661634507,21.475571174170607,0.0465645356712437
2,0.001,43,0.6967244407116133,0.6301212643474141,0.9392589698436743,565.037565854776,0.1807159794261679,1.7299280382470963,0.03025824197321664,0.001436140661634507,0.0,0.001436140661634507,21.06913534415145,0.04746279254775344
2,0.001,44,0.7620247366010078,0.7049059653894516,0.7387092004184,564.9945029775538,0.18978486710693687,1.741832759391397,0.03232907196394787,0.001436140661634507,0.0,0.001436140661634507,22.511076266828457,0.04442257616414216
2,0.001,45,0.7009074963776405,0.6416677605682256,0.890738088946846,564.3493479752917,0.20724020883790217,1.8310032912623353,0.031041119354675982,0.001436140661634507,0.0,0.001436140661634507,21.614261182012157,0.04626574980190491
2,0.001,46,0.7256092931440286,0.6559045681649966,0.8608823122522715,561.8685748994002,0.20266717887716368,1.8061640994707178,0.03285112253541755,0.001436140661634507,0.0,0.001436140661634507,22.874585625915554,0.04371663890894964
2,0.001,47,0.6554312854297534,0.5838704138525781,1.0478727473488836,566.8955109544967,0.20857092618825845,1.8233735409291216,0.03148469829851023,0.001436140661634507,0.0,0.001436140661634507,21.92312991310804,0.04561392483479701
2,0.001,48,0.6841624828845276,0.608222674053271,0.9906720606703912,562.9351894112277,0.1471916235750541,1.5834976273827162,0.030586579389115236,0.001436140661634507,0.0,0.001436140661634507,21.297760175040164,0.046953294232881186
2,0.001,49,0.7172403381642513,0.655340739735187,0.8572401350338396,558.6086956521739,0.18855313034146093,1.754389895784984,0.030046637538321746,0.001436140661634507,0.0,0.001436140661634507,20.921792928086116,0.04779705082816141
2,0.0014,0,0.6327700894563805,0.5556712197395375,1.1657092811626701,565.8138236868263,0.15591017762199044,1.6209093178983778,0.031423847175299696,0.00201059692628831,0.0,0.00201059692628831,15.629113306817853,0.06398315632939792
2,0.0014,1,0.612353485502776,0.5352962416851847,1.2234608782497538,570.6483652066626,0.20497717708349228,1.7997414740167845,0.03035083656228382,0.00201059692628831,0.0,0.00201059692628831,15.095435671591023,0.06624518972194741
2,0.0014,2,0.5945096865883761,0.5140140362218998,1.280224212946676,553.5618969257237,0.17595148665714078,1.693806971684767,0.028191154451570024,0.00201059692628831,0.0,0.00201059692628831,14.021285958898133,0.07132013446779352
2,0.0014,3,0.6133942161339422,0.5357173688801399,1.2197626932072148,563.1917808219179,0.15473212616052479,1.62023557507551,0.028192575629523285,0.00201059692628831,0.0,0.00201059692628831,14.02199280268899,0.07131653924456662
2,0.0014,4,0.6380240443896424,0.5641615486837103,1.1416778004788117,570.2971639950678,0.18890719389310107,1.7464087981619918,0.030402079185198203,0.00201059692628831,0.0,0.00201059692628831,15.120921944968044,0.06613353363237094
2,0.0014,5,0.6291631894393445,0.5571228063229025,1.1502604204469387,561.4430619831576,0.15723071427782997,1.618469364480057,0.031409710612858154,0.00201059692628831,0.0,0.00201059692628831,15.622082279237581,0.06401195321631631
2,0.0014,6,0.6215032277897325,0.5431231956517102,1.2165839312004392,568.7221026744544,0.19378721778048202,1.7705757265656836,0.02980336287194824,0.00201059692628831,0.0,0.00201059692628831,14.823141566702356,0.06746208254843415
2,0.0014,7,0.6335894948892039,0.5591297218755207,1.155851926438334,552.160188017608,0.23647250319481827,1.9544138245591989,0.03171586206647565,0.00201059692628831,0.0,0.00201059692628831,15.774351214703762,0.06339404938999134
2,0.0014,8,0.6165544374668986,0.5389746429114256,1.2091785838196938,559.9165468714534,0.1887562530755531,1.7491450289648078,0.029635703394784524,0.00201059692628831,0.0,0.00201059692628831,14.739753655892592,0.06784373900307517
2,0.0014,9,0.6677673545966228,0.5967320527316979,1.0482607483093853,555.3864915572233,0.21553746462450363,1.8570598464478683,0.03281316072207144,0.00201059692628831,0.0,0.00201059692628831,16.3201088657022,0.06127410106323291
2,0.0014,10,0.6212884311809367,0.5426323929782448,1.1995673384941201,556.3033150417199,0.15683234645985067,1.6248689186268594,0.03135342080760619,0.00201059692628831,0.0,0.00201059692628831,15.594085715373396,0.06412687593567298
2,0.0014,11,0.6066951887712978,0.5290554358185533,1.2400559045247879,555.469714028372,0.167062421067385,1.6643769035757743,0.03252209895494199,0.00201059692628831,0.0,0.00201059692628831,16.17534500810158,0.061822483508026584
2,0.0014,12,0.6541717049576784,0.584160536660185,1.0843466066897316,559.2829504232164,0.19944924680748954,1.7994715376281456,0.03155179155758379,0.00201059692628831,0.0,0.00201059692628831,15.69274833013418,0.06372370084338501
2,0.0014,13,0.6225261710093987,0.5465576622474493,1.1961443011627115,565.4685565828685,0.1723478888743557,1.6749012556282996,0.031102522966479543,0.00201059692628831,0.0,0.00201059692628831,15.469297978037192,0.06464417463673967
2,0.0014,14,0.6455811138014528,0.5687827461236556,1.1191970432604743,559.9588377723971,0.16712305776309222,1.6540957516903227,0.03114119242778385,0.00201059692628831,0.0,0.00201059692628831,15.488530804268402,0.06456390297034599
2,0.0014,15,0.6175325647552029,0.5429989067425894,1.1894675290962093,554.0169187004043,0.15419308101991192,1.615203709480881,0.030538140699132726,0.00201059692628831,0.0,0.00201059692628831,15.18859414328663,0.06583887821125306
2,0.0014,16,0.6133444790637587,0.5372442875744677,1.2102418021577388,562.3800440762976,0.22413119734846987,1.8797664437715624,0.031321204122967905,0.00201059692628831,0.0,0.00201059692628831,15.578062272674835,0.06419283621391601
2,0.0014,17,0.6612768541714112,0.5873310114055014,1.0785421787199287,561.7834206331132,0.18901441947673447,1.7481393676953743,0.030535341216468493,0.00201059692628831,0.0,0.00201059692628831,15.187201779343551,0.06584491432517359
2,0.0014,18,0.6224567844577024,0.5436671440348938,1.1968866509252458,566.0298301973382,0.2317384185444098,1.931863422994879,0.0311151518102783,0.00201059692628831,0.0,0.00201059692628831,15.475579119539814,0.06461793722067419
2,0.0014,19,0.6325866505221734,0.5605013090708317,1.1453318772762224,560.0434387770547,0.16648707032436505,1.6567833814779236,0.030917506180579042,0.00201059692628831,0.0,0.00201059692628831,15.37727715403143,0.06503101881972856
2,0.0014,20,0.6350353737311596,0.5616486490765202,1.1408038719965112,569.0713626576438,0.20758779085008428,1.8322930033138143,0.03236171451021884,0.00201059692628831,0.0,0.00201059692628831,16.09557544184683,0.062128875330552245
2,0.0014,21,0.5855401745410773,0.5178114239141016,1.2406660809192473,556.7628648811315,0.17866646414040588,1.716969638857123,0.028546383724652406,0.00201059692628831,0.0,0.00201059692628831,14.197964470855355,0.07043263152635253
2,0.0014,22,0.6214714714714715,0.5384919524855413,1.2153569992571078,555.5945945945946,0.25125824357382953,1.9922692586304183,0.030170393960313072,0.00201059692628831,0.0,0.00201059692628831,15.00568988534641,0.06664138787624391
2,0.0014,23,0.6468719267720705,0.5657237233103058,1.1334567972902827,559.831984265073,0.2085067335574422,1.844498744155553,0.030500232874614727,0.00201059692628831,0.0,0.00201059692628831,15.169740128330993,0.06592070737799924
2,0.0014,24,0.6023473090881013,0.5231117039451502,1.259325317142867,571.3961084086171,0.1731444966280833,1.6859012739038608,0.02969048717529026,0.00201059692628831,0.0,0.00201059692628831,14.767001176163534,0.06771855626409586
2,0.0014,25,0.621525358110724,0.5478976546420364,1.1672310232087446,572.98606271777,0.17050561914220452,1.6796702274000066,0.03061565872236599,0.00201059692628831,0.0,0.00201059692628831,15.227148874083106,0.0656721759450332
2,0.0014,26,0.660984991326646,0.5870397761705336,1.0834703423732461,558.1460894486763,0.17553036572644487,1.7112241250411127,0.032368591144515145,0.00201059692628831,0.0,0.00201059692628831,16.09899563721587,0.062115676190899194
2,0.0014,27,0.6381520119225037,0.5675227971359398,1.12112676944245,551.461997019374,0.19288984884042293,1.7652316606085328,0.03059891141198876,0.00201059692628831,0.0,0.00201059692628831,15.218819352557302,0.06570811945618925
2,0.0014,28,0.6379752564876282,0.5595837101394006,1.1600009979463226,558.2721786360893,0.16724247662932612,1.6663968791720154,0.029917064332226725,0.00201059692628831,0.0,0.00201059692628831,14.87969266294241,0.06720568916658345
2,0.0014,29,0.6174937684115115,0.5413746863949729,1.205018143759788,558.9877634262407,0.1633108234964311,1.6568404652733886,0.030375117654298067,0.00201059692628831,0.0,0.00201059692628831,15.107512230396408,0.06619223501192961
2,0.0014,30,0.6247030878859857,0.5536220037912819,1.1638331924263239,567.025591908666,0.1862961107690353,1.7451656149180614,0.03281273741798526,0.00201059692628831,0.0,0.00201059692628831,16.319898329179118,0.06127489153606139
2,0.0014,31,0.64659585848552,0.5720490443175746,1.117573279673908,565.4685565828685,0.1792660883802455,1.7146921211244885,0.030268113440811886,0.00201059692628831,0.0,0.00201059692628831,15.054292108507672,0.06642623862963755
2,0.0014,32,0.615123130382233,0.5337317964542115,1.2280572204335092,559.0299138842726,0.23772994839237072,1.9431537067969584,0.028383519653312397,0.00201059692628831,0.0,0.00201059692628831,14.116961625774582,0.0708367725654373
2,0.0014,33,0.6432805582651759,0.5728208846193305,1.1046571878176017,555.3032940646807,0.21117091659107246,1.8325265415425278,0.03289053681223,0.00201059692628831,0.0,0.00201059692628831,16.35859300399311,0.06112995168691472
2,0.0014,34,0.6229445797807551,0.5455665426161276,1.1946892062907044,563.3629719853836,0.19787678582360968,1.799850416703398,0.02978126048849567,0.00201059692628831,0.0,0.00201059692628831,14.812148620695336,0.06751215003357537
2,0.0014,35,0.6479034598640495,0.5709116142386277,1.1168991351748883,565.2098831436646,0.15322810312500224,1.6128953789162401,0.03182650904330868,0.00201059692628831,0.0,0.00201059692628831,15.8293831186057,0.06317365575823419
2,0.0014,36,0.6090867158671587,0.529467749169244,1.241537841102617,568.8966789667896,0.16838533396366984,1.6785438845668375,0.028524187390508337,0.00201059692628831,0.0,0.00201059692628831,14.1869247970879,0.07048743926557406
2,0.0014,37,0.6229631864815932,0.5464190561284459,1.2002649075137977,558.2721786360893,0.200483934400836,1.7900495999270263,0.03066062730753352,0.00201059692628831,0.0,0.00201059692628831,15.249514662361983,0.06557585747093612
2,0.0014,38,0.6240372149775032,0.5444306489351322,1.1876009791223232,564.3493479752917,0.1777755104994867,1.704419370203027,0.030826175582763397,0.00201059692628831,0.0,0.00201059692628831,15.331852535789201,0.06522369020088709
2,0.0014,39,0.6232405140758874,0.5434361057090558,1.1930246370528266,566.1162790697674,0.20657443685922772,1.8208749485972024,0.03025221252678253,0.00201059692628831,0.0,0.00201059692628831,15.046383554674007,0.06646115303164395
2,0.0014,40,0.6206185567010309,0.5484443446205249,1.1797779898643128,565.1237113402062,0.23087040073005483,1.9249945539462165,0.03249247088908902,0.00201059692628831,0.0,0.00201059692628831,16.16060905308962,0.06187885597101416
2,0.0014,41,0.5647916192211342,0.48479129559856277,1.3632071835226478,561.7834206331132,0.1650772725988645,1.6630839227032035,0.029310578713581045,0.00201059692628831,0.0,0.00201059692628831,14.578048106186177,0.06859628893498103
2,0.0014,42,0.6613121152980033,0.5825841365463569,1.0919006611804893,555.5113346344393,0.1561861226509791,1.6230312033814163,0.032432828825578325,0.00201059692628831,0.0,0.00201059692628831,16.130945194197324,0.061992647545521584
2,0.0014,43,0.6246604286145487,0.5485639164753124,1.185159309126804,558.4403863567763,0.17233568581286818,1.6870305531189773,0.030431780396268232,0.00201059692628831,0.0,0.00201059692628831,15.135694279831233,0.06606898775251625
2,0.0014,44,0.6384020815795516,0.5610199764848488,1.14542903380423,566.3325170276269,0.20696840100572444,1.8344316559040754,0.033252817042581685,0.00201059692628831,0.0,0.00201059692628831,16.538778413418,0.06046395779682824
2,0.0014,45,0.560981098109811,0.48400398833717184,1.3694901494071678,555.095409540954,0.21014443386229686,1.8294032332307142,0.03174200155740851,0.00201059692628831,0.0,0.00201059692628831,15.787352075587952,0.06334184448488382
2,0.0014,46,0.6323849502487562,0.5559262663910233,1.158478319282456,575.2537313432836,0.1909592613519635,1.7657823995945603,0.03319370637670692,0.00201059692628831,0.0,0.00201059692628831,16.509378852968116,0.06057163076248725
2,0.0014,47,0.6481864887661989,0.5769057063216166,1.0971061844913281,567.4596273291926,0.17044596615596674,1.6716123886079766,0.031196236088071573,0.00201059692628831,0.0,0.00201059692628831,15.515907579577283,0.06444998430618676
2,0.0014,48,0.6466038747224137,0.5683230502787397,1.1259375125054096,566.6788421778084,0.1942596763256006,1.7902227619415374,0.03194164579296386,0.00201059692628831,0.0,0.00201059692628831,15.886648077160933,0.06294594020985626
2,0.0014,49,0.6231916314266637,0.5466692387618772,1.1847009529900447,549.0525261517917,0.19376640452537686,1.7639344098732588,0.030347974784788744,0.00201059692628831,0.0,0.00201059692628831,15.09401232439614,0.06625143656360481
2,0.0018,0,0.5222613219094248,0.4367083077143547,1.5612578421443397,566.1162790697674,0.22093694901559502,1.8762125314821878,0.031566664858484125,0.0025850531909421127,0.0,0.0025850531909421127,12.211224499786704,0.08189186924026064
2,0.0018,1,0.6180786686838124,0.5477948512170121,1.200697614943532,559.7897125567322,0.21965816753800027,1.8757025499861402,0.03345884485323357,0.0025850531909421127,0.0,0.0025850531909421127,12.94319396230281,0.07726068255737421
2,0.0018,2,0.5616799879354547,0.4761037063577518,1.4205633818776153,558.0200573065903,0.17503088241210207,1.6964706267732934,0.031965252942071906,0.0025850531909421127,0.0,0.0025850531909421127,12.365414009304114,0.08087072533500046
2,0.0018,3,0.5575593627892996,0.4778797435894629,1.4068389068044314,556.0946798917944,0.23951312821009196,1.938208188008088,0.029138140725040444,0.0025850531909421127,0.0,0.0025850531909421127,11.271776080716219,0.08871716336796313
2,0.0018,4,0.556811286407767,0.46374211817390193,1.4609809653657828,561.3155339805825,0.21388584253145382,1.8332040409622172,0.028855643305432443,0.0025850531909421127,0.0,0.0025850531909421127,11.162494994896456,0.08958570646232807
2,0.0018,5,0.5643504071847173,0.4858452715057035,1.3971756699532485,563.2345688408554,0.1885939066996798,1.7530318527055817,0.029645366703334192,0.0025850531909421127,0.0,0.0025850531909421127,11.467990990363356,0.08719923139461026
2,0.0018,6,0.5538881309686221,0.4749742049003752,1.4221790611592715,560.8908594815825,0.24972884642193094,1.9955267380139312,0.029611955200966426,0.0025850531909421127,0.0,0.0025850531909421127,11.455066110331936,0.08729761926891427
2,0.0018,7,0.5760644418872267,0.4974300780476529,1.3552514644939355,567.7203682393556,0.21115450910292566,1.8417659610827197,0.031664852448520624,0.0025850531909421127,0.0,0.0025850531909421127,12.2492073120478,0.08163793578841975
2,0.0018,8,0.5375320948497205,0.459093284470078,1.4787172594048177,558.861350249207,0.1695968467683997,1.681684833718812,0.029155819434377252,0.0025850531909421127,0.0,0.0025850531909421127,11.278614899119939,0.08866336947793378
2,0.0018,9,0.5723275151696756,0.4901832268938949,1.3652993327905656,554.3897670237471,0.15975195326609537,1.6363259608417575,0.030567017897095178,0.0025850531909421127,0.0,0.0025850531909421127,11.824521833515984,0.08457001594479302
2,0.0018,10,0.5693567778779681,0.48887244277155,1.388296358948226,556.0946798917944,0.1619683241005987,1.6478848861971052,0.03105216260916615,0.0025850531909421127,0.0,0.0025850531909421127,12.012194843019577,0.0832487328975613
2,0.0018,11,0.5328433972270626,0.457590068230702,1.4626235090833515,560.6787635426926,0.20085598356672563,1.7941732916135091,0.028883178902490033,0.0025850531909421127,0.0,0.0025850531909421127,11.173146844210068,0.0895003004921752
2,0.0018,12,0.5750493246319623,0.48646064200981054,1.3961133514460808,561.57064804978,0.19943955130293034,1.7993162850366446,0.030489245831616205,0.0025850531909421127,0.0,0.0025850531909421127,11.794436547166178,0.08478573741110741
2,0.0018,13,0.5669037813552976,0.46906605414462643,1.4502211241940224,554.1411456383377,0.17904206580715254,1.7163840158759796,0.030076854242785743,0.0025850531909421127,0.0,0.0025850531909421127,11.634907300234062,0.08594825675833986
2,0.0018,14,0.5679165056049478,0.4856343261055046,1.400228538197855,572.1016621569386,0.2181613100983668,1.8746205910424225,0.029318642486804453,0.0025850531909421127,0.0,0.0025850531909421127,11.341601244235669,0.08817097149383969
2,0.0018,15,0.5621043111245101,0.48035648986154883,1.4063929876385717,557.7681640036177,0.22991426949738525,1.919588903628577,0.03060273868980186,0.0025850531909421127,0.0,0.0025850531909421127,11.83834003765656,0.08447130229568516
2,0.0018,16,0.5891163630889659,0.509623691950529,1.3202719656289543,557.0138491645341,0.18537965591531247,1.7392992338289075,0.029200864210229008,0.0025850531909421127,0.0,0.0025850531909421127,11.296039985771769,0.08852659881335202
2,0.0018,17,0.594563814440817,0.5187944210178526,1.3110784819817838,561.8685748994002,0.16055277254781686,1.6288257527378605,0.03344126602104372,0.0025850531909421127,0.0,0.0025850531909421127,12.93639378029826,0.07730129563023738
2,0.0018,18,0.5735617372849239,0.49104030306841484,1.3870774697959358,560.9332979610399,0.17224606149829924,1.6922278976122427,0.0319112384039572,0.0025850531909421127,0.0,0.0025850531909421127,12.344519066676254,0.08100761111864431
2,0.0018,19,0.554147465437788,0.4798348647172306,1.3901461152243082,568.3732718894009,0.1951069603965152,1.7738447400169295,0.028404709558904728,0.0025850531909421127,0.0,0.0025850531909421127,10.988056129147864,0.09100790788166015
2,0.0018,20,0.5617541992855514,0.47673800053063026,1.4270755676804607,562.4653796458159,0.1918812861549668,1.7573655300447641,0.029739535627859397,0.0025850531909421127,0.0,0.0025850531909421127,11.504419225130505,0.08692311888422652
2,0.0018,21,0.576710775047259,0.4972656059814572,1.3547073019700735,559.578449905482,0.17348650703206658,1.6889961787463537,0.03280311886272813,0.0025850531909421127,0.0,0.0025850531909421127,12.689533421466333,0.07880510392197268
2,0.0018,22,0.589544867411291,0.5095756882332262,1.3197333100979753,562.2947344426715,0.17011971725150943,1.675812248350445,0.030977426214205454,0.0025850531909421127,0.0,0.0025850531909421127,11.983283873132162,0.08344957947980434
2,0.0018,23,0.5797278703562146,0.5011970386850028,1.3598845862061322,565.6842990368445,0.17940392784657888,1.7174814489720545,0.03181189000871948,0.0025850531909421127,0.0,0.0025850531909421127,12.306087209418603,0.0812605975386424
2,0.0018,24,0.5749033871334395,0.4958506573910931,1.3730529264941018,560.7635826324165,0.1474012453109026,1.5712566912526178,0.03130058679814766,0.0025850531909421127,0.0,0.0025850531909421127,12.108295066354236,0.08258801049362736
2,0.0018,25,0.5748019500304692,0.49414368908292655,1.3697272070364903,563.7056672760511,0.17181026804610156,1.6919305625933854,0.031519301959079614,0.0025850531909421127,0.0,0.0025850531909421127,12.192902671992032,0.0820149251496177
2,0.0018,26,0.5812882277429585,0.4917412336612544,1.3648101502949757,558.8192252510761,0.18482667789794505,1.733845918732351,0.030379058433095026,0.0025850531909421127,0.0,0.0025850531909421127,11.75181173816524,0.08509326240756523
2,0.0018,27,0.5535439137134053,0.4689877215147914,1.43694686517464,570.1217257318953,0.20597147976513952,1.8097441455084375,0.030222356113648305,0.0025850531909421127,0.0,0.0025850531909421127,11.691193132716114,0.08553446929224397
2,0.0018,28,0.5801840164246065,0.5017293574339042,1.3425576590591595,562.7215420880541,0.2520135583472438,2.0006947460443034,0.03174754287262495,0.0025850531909421127,0.0,0.0025850531909421127,12.28119521248794,0.08142529963070416
2,0.0018,29,0.5745374582954201,0.4935882247583679,1.3596566035442614,561.1455868971792,0.17446619030670263,1.6943907618631586,0.032626404453533625,0.0025850531909421127,0.0,0.0025850531909421127,12.621173354519277,0.07923193604197894
2,0.0018,30,0.5475535168195719,0.46509575378102597,1.4581650804243333,565.7706422018349,0.2742545301443897,2.0973740667720593,0.030600670463002588,0.0025850531909421127,0.0,0.0025850531909421127,11.837539966382778,0.08447701151082763
2,0.0018,31,0.5801100806755636,0.5023671076403954,1.343018294908248,557.9780592626103,0.16962012686417438,1.6855164100110804,0.029716595462285545,0.0025850531909421127,0.0,0.0025850531909421127,11.495545069018656,0.08699022047202215
2,0.0018,32,0.6185535550808666,0.541091145422996,1.2258136817515508,564.5642355813244,0.20645743393106386,1.8081706134618434,0.03218438811375576,0.0025850531909421127,0.0,0.0025850531909421127,12.45018409158006,0.08032009748966606
2,0.0018,33,0.5788676960339085,0.5033665741501357,1.3285748281980305,560.1280653950954,0.18711829703534022,1.7493460296894772,0.030706090239129503,0.0025850531909421127,0.0,0.0025850531909421127,11.878320471981771,0.08418698606076255
2,0.0018,34,0.578356803976203,0.4936898267489839,1.3630601280847283,557.3069508246103,0.20243885341915302,1.8088632134578648,0.03380338173843349,0.0025850531909421127,0.0,0.0025850531909421127,13.076474347560321,0.07647321238285992
2,0.0018,35,0.5534244506531752,0.47816178510752116,1.4346298715053794,558.8192252510761,0.15336173216928728,1.607716564817546,0.03136997773868187,0.0025850531909421127,0.0,0.0025850531909421127,12.13513820473814,0.08240532436701478
2,0.0018,36,0.5435835351089588,0.45659671643123523,1.4963343719131783,559.9588377723971,0.21965021587675437,1.877576740425292,0.02920366003694527,0.0025850531909421127,0.0,0.0025850531909421127,11.297121521241158,0.08851812367599769
2,0.0018,37,0.5613211178689661,0.4869384840595473,1.384878165846195,569.7273847101394,0.19809649550006725,1.784178512544383,0.03198154163239975,0.0025850531909421127,0.0,0.0025850531909421127,12.371715113817137,0.08082953663256982
2,0.0018,38,0.5775881946045653,0.4952005436575777,1.3676418344989738,568.765736684344,0.19724931375822052,1.7860426171924528,0.0315249581045313,0.0025850531909421127,0.0,0.0025850531909421127,12.195090690974196,0.08200021019442831
2,0.0018,39,0.5955955193172293,0.5202126443740442,1.2974934311575643,563.9200640097539,0.2500441569718532,1.9975471184715758,0.03063708047668696,0.0025850531909421127,0.0,0.0025850531909421127,11.851624788239423,0.08437661652875796
2,0.0018,40,0.5745022970903522,0.49678853016558044,1.369897110754946,566.635528330781,0.205121461476665,1.8113715130859451,0.030653162974701473,0.0025850531909421127,0.0,0.0025850531909421127,11.857846129475597,0.08433234746690242
2,0.0018,41,0.5609479103573591,0.47543639726665615,1.441723750814798,560.2973955178679,0.1700770408497192,1.6612080295899085,0.02952035592532722,0.0025850531909421127,0.0,0.0025850531909421127,11.41963191657524,0.08756849671735313
2,0.0018,42,0.5705953643387366,0.48969670057933123,1.3921100564000994,560.5515830934706,0.21515140929841436,1.861112579654076,0.030912063767828263,0.0025850531909421127,0.0,0.0025850531909421127,11.957999114348002,0.0836260306124403
2,0.0018,43,0.5708841463414634,0.4906016555319819,1.366319645873503,564.0487804878048,0.18059369261027314,1.7201498909547928,0.031632101783345905,0.0025850531909421127,0.0,0.0025850531909421127,12.2365380697709,0.08172246057652503
2,0.0018,44,0.5573946360153257,0.4734883730315602,1.4437844083943994,567.0689655172414,0.24523330357624218,1.9547838538502367,0.030980972782339754,0.0025850531909421127,0.0,0.0025850531909421127,11.98465582483773,0.08344002653188747
2,0.0018,45,0.5777016742770168,0.4937149528000339,1.3561379492087728,563.1917808219179,0.16785789001733065,1.6694750960751272,0.030614199626918057,0.0025850531909421127,0.0,0.0025850531909421127,11.842773577808211,0.0844396790523689
2,0.0018,46,0.5494068178405166,0.47465956246795765,1.4305539938464784,555.6778795614957,0.3346105436212383,2.3294335930761383,0.031234567308936916,0.0025850531909421127,0.0,0.0025850531909421127,12.082756137622683,0.08276257408574604
2,0.0018,47,0.5932705453440681,0.5115781337801176,1.3318386435734535,562.0815737505696,0.18015158257912844,1.705761557626378,0.03277902866956022,0.0025850531909421127,0.0,0.0025850531909421127,12.680214389559245,0.07886301992049831
2,0.0018,48,0.5767778719469913,0.4902520600166749,1.3926482254737769,570.1655751598737,0.19653622328769416,1.775790645462628,0.029511077680960476,0.0025850531909421127,0.0,0.0025850531909421127,11.416042727618025,0.08759602813860977
2,0.0018,49,0.5683763921509205,0.4916859674590562,1.3823877468196621,560.6787635426926,0.16224486683495343,1.646541765738604,0.03206957017220037,0.0025850531909421127,0.0,0.0025850531909421127,12.405768006852012,0.08060766568000266
2,0.0026,0,0.4778500151194436,0.3935805409329363,1.7439144882814492,559.4517689749017,0.1758335956837982,1.7033785084061561,0.02752800723858154,0.0037339657202497185,0.0,0.0037339657202497185,7.3723245741903956,0.13564242728825007
2,0.0026,1,0.49337237977805176,0.40873046491764564,1.7132364385562182,570.2971639950678,0.18351884512230754,1.7234897171259447,0.03171957099837982,0.0037339657202497185,0.0,0.0037339657202497185,8.49487471895122,0.11771803976921513
2,0.0026,2,0.4684885238351117,0.38840849384878673,1.775612918811876,568.0683964074615,0.16245770774548873,1.647090405235561,0.030440550141471796,0.0037339657202497185,0.0,0.0037339657202497185,8.152337868660457,0.1226641996578969
2,0.0026,3,0.5095753538717736,0.43017305706815795,1.6506975085041746,560.1703883127697,0.1687294411531184,1.6756837295307927,0.03045563615238457,0.0037339657202497185,0.0,0.0037339657202497185,8.15637808007187,0.12260343870562565
2,0.0026,4,0.49784791965566716,0.4177213659332949,1.6776093088100736,558.8192252510761,0.2791315294452943,2.113488017977632,0.031909433791901254,0.0037339657202497185,0.0,0.0037339657202497185,8.545722211334931,0.11701761129955915
2,0.0026,5,0.4736762481089259,0.39031567303475373,1.7826191646241396,559.7897125567322,0.3624821841076482,2.4467531257608317,0.03055319658860871,0.0037339657202497185,0.0,0.0037339657202497185,8.18250591399789,0.12221194955561115
2,0.0026,6,0.4529349947455337,0.3734754131628019,1.7917943537664298,555.5113346344393,0.15888457928667776,1.6369241060779594,0.02978502953809092,0.0037339657202497185,0.0,0.0037339657202497185,7.976781730095522,0.12536384143834722
2,0.0026,7,0.4922818279076876,0.4056985662649185,1.7119918938278427,565.5116918844567,0.16498265048721805,1.6422518198063065,0.03112509929844742,0.0037339657202497185,0.0,0.0037339657202497185,8.335668195787788,0.11996638739835204
2,0.0026,8,0.4927215913421233,0.4078700925607438,1.7097258168453429,564.0058684551483,0.17496317831682973,1.7051134749480634,0.029247543450619775,0.0037339657202497185,0.0,0.0037339657202497185,7.832836625148174,0.12766766981828667
2,0.0026,9,0.5055102657004831,0.4266860442702158,1.6370996398459645,558.6086956521739,0.1725927864026744,1.687893656550326,0.03275491029609053,0.0037339657202497185,0.0,0.0037339657202497185,8.772150777511682,0.11399712856778565
2,0.0026,10,0.46484760963745536,0.38105253813970835,1.802207344972124,562.4653796458159,0.17191470926627517,1.6896858486289714,0.028108814878353736,0.0037339657202497185,0.0,0.0037339657202497185,7.52787170110225,0.13283967098610056
2,0.0026,11,0.4875179123614149,0.40433973215574553,1.7001664002874213,558.1460894486763,0.2991139809892047,2.187398112347305,0.0322515112703746,0.0037339657202497185,0.0,0.0037339657202497185,8.637334589193202,0.11577645738665407
2,0.0026,12,0.49313835770528686,0.4134467309207441,1.7032240187826566,554.970753655793,0.1917795303161256,1.7689202397126182,0.028323562606557696,0.0037339657202497185,0.0,0.0037339657202497185,7.585383672098491,0.13183248774591658
2,0.0026,13,0.4575083764849223,0.3803446962311306,1.8031346915169297,563.5342674383186,0.21847659544437192,1.8690467999032048,0.02858279614701316,0.0037339657202497185,0.0,0.0037339657202497185,7.654809467587081,0.13063682436960983
2,0.0026,14,0.46227352648880055,0.3842471065137401,1.793844605106491,565.7274673190124,0.1962450463033747,1.7816271710717935,0.029723401853792197,0.0037339657202497185,0.0,0.0037339657202497185,7.960277110365214,0.12562376738089717
2,0.0026,15,0.4387284097677189,0.357393135921341,1.8697569045652283,550.9702203692674,0.20902285078773275,1.8280768774857128,0.03128080716470028,0.0037339657202497185,0.0,0.0037339657202497185,8.377368596358806,0.11936922537163358
2,0.0026,16,0.4652455272173582,0.3997745447385888,1.6808826142903985,563.4057860677578,0.1716436096758116,1.687473604372062,0.030881565265592287,0.0037339657202497185,0.0,0.0037339657202497185,8.270446913349543,0.1209124501344509
2,0.0026,17,0.48232879835828835,0.4132536844787487,1.6667273185125566,562.4653796458159,0.17575806862441823,1.713289147525546,0.03057824296486515,0.0037339657202497185,0.0,0.0037339657202497185,8.189213628565437,0.12211184679708706
2,0.0026,18,0.49219578724049096,0.4111712995286517,1.6864545717969055,560.7211698742234,0.19423568027559668,1.7786801386085993,0.03143390038142018,0.0037339657202497185,0.0,0.0037339657202497185,8.418368762988525,0.11878785880662698
2,0.0026,19,0.488332560655231,0.4053947293295307,1.7124823206253539,571.7927677329625,0.2580227901635226,2.0219355839187267,0.030272023865613992,0.0037339657202497185,0.0,0.0037339657202497185,8.107204547016964,0.12334707903329623
2,0.0026,20,0.4729810867607325,0.3920166812154839,1.746983076612317,555.4280996697688,0.21666124029434286,1.864457926443728,0.03138134688932518,0.0037339657202497185,0.0,0.0037339657202497185,8.40429431880978,0.11898678961800332
2,0.0026,21,0.5156506185720674,0.4336229517648217,1.638328262333221,551.5440453122671,0.1871867099252995,1.7430952212701625,0.03271546198069716,0.0037339657202497185,0.0,0.0037339657202497185,8.761586054011557,0.11413458634491667
2,0.0026,22,0.49569589395901575,0.41796639351560916,1.672789855668845,563.7485335567914,0.18289971369085833,1.73314345967739,0.029503748922339958,0.0037339657202497185,0.0,0.0037339657202497185,7.901451468163671,0.1265590257725653
2,0.0026,23,0.49026171637248933,0.41106359271931614,1.7128769720406611,563.0206938527084,0.2881046842376236,2.1459801870003843,0.03215145564269594,0.0037339657202497185,0.0,0.0037339657202497185,8.610538513606315,0.11613675479411734
2,0.0026,24,0.49126097066986724,0.407311273178439,1.7244316619670752,555.1369739704448,0.2271425970538985,1.900828546197702,0.031235105180503854,0.0037339657202497185,0.0,0.0037339657202497185,8.365129066695054,0.11954388175328967
2,0.0026,25,0.5170687300864816,0.4322363820031854,1.6199717320683629,561.4005461993628,0.24010089892544784,1.9527167286829936,0.03212251575739632,0.0037339657202497185,0.0,0.0037339657202497185,8.602788071457722,0.1162413849665545
2,0.0026,26,0.4715447154471545,0.3894302559530802,1.7772099122844516,557.0975609756098,0.20614078975631855,1.816072896712844,0.0333231601933221,0.0037339657202497185,0.0,0.0037339657202497185,8.924334793061123,0.11205316958497827
2,0.0026,27,0.4881122028050701,0.4050675461675499,1.6962245560584108,555.0538513462836,0.20527574117295444,1.8228783406585518,0.02863977357984117,0.0037339657202497185,0.0,0.0037339657202497185,7.6700686952010395,0.13037692877844415
2,0.0026,28,0.521410769579337,0.44400381877435513,1.5998790385400972,558.9034816101503,0.1433584664191585,1.5732754397009336,0.030839073160852888,0.0037339657202497185,0.0,0.0037339657202497185,8.259067027211607,0.12107905126635303
2,0.0026,29,0.4991754122938531,0.42923298860046416,1.6379837174498668,554.7631184407796,0.21576667102635838,1.8721826503114634,0.030385989790159326,0.0037339657202497185,0.0,0.0037339657202497185,8.137725963945696,0.12288445253999869
2,0.0026,30,0.5010545344983429,0.419245760341465,1.6668587970900328,557.4326604398915,0.18666771761490963,1.7440663182611553,0.03175030971664348,0.0037339657202497185,0.0,0.0037339657202497185,8.503106909754944,0.11760407232476154
2,0.0026,31,0.5443665192864766,0.461176443753335,1.5444861831846346,564.1346241805153,0.18749450377072208,1.7467815273361704,0.03203026392080618,0.0037339657202497185,0.0,0.0037339657202497185,8.578081943040461,0.11657617712678957
2,0.0026,32,0.48841449517587177,0.4055329924443321,1.7412728828136295,562.2094507331155,0.16241488957894035,1.6505906700809116,0.030536831701868276,0.0037339657202497185,0.0,0.0037339657202497185,8.178123204576728,0.12227744373432396
2,0.0026,33,0.46522399392558844,0.37676133491725966,1.8163056803053803,561.9111617312072,0.1524166761955712,1.6060391656380029,0.030804761234981333,0.0037339657202497185,0.0,0.0037339657202497185,8.249877889323844,0.12121391533492862
2,0.0026,34,0.5080608365019011,0.43020061316464037,1.6331477643538155,562.7642585551331,0.20357368476106785,1.8101668949191858,0.03327759915626602,0.0037339657202497185,0.0,0.0037339657202497185,8.912133010701687,0.1122065838558738
2,0.0026,35,0.4854125512839994,0.3979560043147999,1.7439709158631451,562.2520893481234,0.19821276192669757,1.7858625864812296,0.03177800663406407,0.0037339657202497185,0.0,0.0037339657202497185,8.510524470465368,0.11750157155065657
2,0.0026,36,0.47097645117744114,0.3883667652494639,1.7699894252263035,555.0122993850307,0.15447851401404478,1.6228352178452519,0.030392193107094182,0.0037339657202497185,0.0,0.0037339657202497185,8.139387285285958,0.12285937073024623
2,0.0026,37,0.5275169834363789,0.440514883456475,1.6170204919247384,564.865353789787,0.17356716518406756,1.6876978054769043,0.032924032884181144,0.0037339657202497185,0.0,0.0037339657202497185,8.817443798594718,0.11341155360234619
2,0.0026,38,0.49766444597595527,0.41137892437636864,1.7140371643957355,566.6788421778084,0.2609436309430748,2.038399285916981,0.032522890108644176,0.0037339657202497185,0.0,0.0037339657202497185,8.710013038488507,0.11481039070563034
2,0.0026,39,0.4967193558007754,0.4136252903955056,1.6922945940944714,551.7903370116313,0.18449780927039683,1.7359031462133352,0.03277140129588534,0.0037339657202497185,0.0,0.0037339657202497185,8.776567261494215,0.11393976371460629
2,0.0026,40,0.4534073018966939,0.36924208727891933,1.8455103834823603,554.8046330309619,0.1554297535913065,1.6118379596436085,0.03003291773539853,0.0037339657202497185,0.0,0.0037339657202497185,8.043169109059201,0.12432910292457702
2,0.0026,41,0.47813367339284374,0.39856122195706045,1.70643260223767,555.1369739704448,0.1685785561276134,1.672407491631243,0.03219248471172456,0.0037339657202497185,0.0,0.0037339657202497185,8.621526581548693,0.11598873941189762
2,0.0026,42,0.48236623963828185,0.4033458281298075,1.7130623357120733,557.6842501883949,0.18527259584516287,1.7251764911872232,0.032766002854579174,0.0037339657202497185,0.0,0.0037339657202497185,8.775121495327456,0.11395853613337162
2,0.0026,43,0.5409723283901544,0.4675172844707202,1.5070651890401938,565.6842990368445,0.17789594596251845,1.7025360515974712,0.03715984858054958,0.0037339657202497185,0.0,0.0037339657202497185,9.95184513318575,0.10048387877996284
2,0.0026,44,0.4942203169256679,0.4194214138471207,1.662744796742675,566.5056265788869,0.20108832730329596,1.8154074004984806,0.02997031704897903,0.0037339657202497185,0.0,0.0037339657202497185,8.02640390790055,0.12458879611274984
2,0.0026,45,0.4945897204688909,0.4135961738535128,1.6676606099134004,556.0946798917944,0.2000488993653562,1.780477941671633,0.032796366545260386,0.0037339657202497185,0.0,0.0037339657202497185,8.783253249327378,0.11385303049033454
2,0.0026,46,0.49352896914973665,0.4077747760913189,1.6922236572346403,556.8465011286681,0.2212161431380082,1.8714502912122897,0.03274899174667159,0.0037339657202497185,0.0,0.0037339657202497185,8.770565720266285,0.11401773065667636
2,0.0026,47,0.4665357304728811,0.3839301973994711,1.7875003493594737,559.0299138842726,0.19073346187360585,1.7517416383739794,0.029522695433104276,0.0037339657202497185,0.0,0.0037339657202497185,7.906525566905812,0.1264778051418287
2,0.0026,48,0.5039405539292952,0.4159508884668985,1.6865293988769117,555.469714028372,0.21844421568675898,1.8670390338914982,0.03302472911371197,0.0037339657202497185,0.0,0.0037339657202497185,8.844411434902879,0.11306574862106482
2,0.0026,49,0.47200300638857573,0.3912676574026377,1.7569689871493304,556.2198421645998,0.1778559657977894,1.7016996651678393,0.029484080877197755,0.0037339657202497185,0.0,0.0037339657202497185,7.896184134016616,0.1266434499281771
2,0.0037,0,0.38078478358544254,0.3054057035999582,2.1486550976638465,554.1825670211173,0.16869580646743998,1.6697936988668176,0.03131207841408789,0.005313720448047677,0.0,0.005313720448047677,5.892684555054512,0.1697019398641048
2,0.0037,1,0.40654310797628873,0.3262989391562293,2.077132091148722,555.3032940646807,0.17523465226986445,1.686993262623694,0.030495437901561187,0.005313720448047677,0.0,0.005313720448047677,5.738999294320341,0.174246405813233
2,0.0037,2,0.4004870994748459,0.32303883433838876,2.077426330335083,563.2345688408554,0.17926861692103557,1.702544642275102,0.030822943272641536,0.005313720448047677,0.0,0.005313720448047677,5.800633204926361,0.17239497218178185
2,0.0037,3,0.39882697947214074,0.3149979712137758,2.1287681021807017,556.4703361154974,0.2040692114387639,1.8239963921998217,0.030863354467931113,0.005313720448047677,0.0,0.005313720448047677,5.808238271034877,0.17216924536083572
2,0.0037,4,0.39890668893781794,0.321074211821946,2.1048274409551584,561.8685748994002,0.23030466883210465,1.9126702796588533,0.03292131212627766,0.005313720448047677,0.0,0.005313720448047677,6.195529563165736,0.1614067029790798
2,0.0037,5,0.39887005649717516,0.3066627225103563,2.1799470121559765,557.4745762711865,0.22890264025772922,1.9163683600423014,0.030723562412773242,0.005313720448047677,0.0,0.005313720448047677,5.781930516134215,0.17295261456524688
2,0.0037,6,0.3406177606177606,0.23980845493705127,2.450941334604459,571.4401544401544,0.21688916586572304,1.8714982549824501,0.03118337208762964,0.005313720448047677,0.0,0.005313720448047677,5.868463046279895,0.17040236806703837
2,0.0037,7,0.3861378513669619,0.3118610758096438,2.1196284499112985,569.9025798998845,0.1670416317647323,1.6697759100406344,0.02872197322974398,0.005313720448047677,0.0,0.005313720448047677,5.405247323520146,0.1850054105107542
2,0.0037,8,0.42396139636582975,0.34120529122785725,2.059817412347484,557.9780592626103,0.15309214414446615,1.6147352814497866,0.02895397889348586,0.005313720448047677,0.0,0.005313720448047677,5.448908947425695,0.1835229785721496
2,0.0037,9,0.3723621511232131,0.28439588100466356,2.278263903542242,559.7474472430225,0.2134139975241851,1.8528444920490652,0.030848377390268612,0.005313720448047677,0.0,0.005313720448047677,5.805419703929413,0.17225283459232887
2,0.0037,10,0.35591522157996147,0.2774129430664221,2.2807692641018034,570.3410404624277,0.2591656519798562,2.0274865020603747,0.029311433196695273,0.005313720448047677,0.0,0.005313720448047677,5.516179009278638,0.18128490723704271
2,0.0037,11,0.41106895782191477,0.3378152009530485,2.0494773742881867,550.5201963847355,0.2124159658269491,1.8537910285622883,0.030488832690756026,0.005313720448047677,0.0,0.005313720448047677,5.73775624608893,0.1742841551837685
2,0.0037,12,0.39508692365835224,0.3142187917462719,2.0906077656431825,559.3673469387755,0.2689955067471601,2.069591699149102,0.03156384242319232,0.005313720448047677,0.0,0.005313720448047677,5.940064542685765,0.16834833911549654
2,0.0037,13,0.3840785336298796,0.305831106902346,2.1172860765150596,567.5465143032441,0.1697318954684306,1.6801653645000232,0.02915527873963846,0.005313720448047677,0.0,0.005313720448047677,5.486791980250006,0.18225586164001703
2,0.0037,14,0.4082808419111999,0.3345838454479113,2.067088930700362,568.4604393916117,0.16871765232644975,1.6732079058735203,0.030979544437404888,0.005313720448047677,0.0,0.005313720448047677,5.830104300798724,0.17152351800344293
2,0.0037,15,0.4113790504898267,0.33602350985146373,2.032912535505821,557.6842501883949,0.16545204355497845,1.667820420209412,0.033274417165228,0.005313720448047677,0.0,0.005313720448047677,6.261981128016136,0.15969386996808324
2,0.0037,16,0.3655558968058968,0.2861514751647098,2.2561085076125704,568.1990171990172,0.16584432282252237,1.6750913782307066,0.031129319725513412,0.005313720448047677,0.0,0.005313720448047677,5.858290820878747,0.17069825151664275
2,0.0037,17,0.3882897934386391,0.3108880989546052,2.15569266162643,561.9963547995139,0.19525631997385062,1.7780492058448307,0.030672589405271608,0.005313720448047677,0.0,0.005313720448047677,5.772337800822976,0.17324003454153836
2,0.0037,18,0.3854765506807867,0.3057567558772356,2.160533648572518,559.7897125567322,0.1540390832524281,1.614833175572005,0.029869235046804624,0.005313720448047677,0.0,0.005313720448047677,5.621152888797326,0.17789944870436622
2,0.0037,19,0.41831169828711884,0.33855897811918995,2.03311617164901,568.4168522928028,0.20560350353480317,1.8083765757425252,0.0291149014580334,0.005313720448047677,0.0,0.005313720448047677,5.479193296427658,0.1825086186778596
2,0.0037,20,0.3817618615896041,0.3112673124258525,2.0828262829575435,559.114233907525,0.16965357089065947,1.681956154363411,0.03193924318255916,0.005313720448047677,0.0,0.005313720448047677,6.010711985101514,0.1663696418125932
2,0.0037,21,0.38659872223912384,0.31574088270132944,2.1212336526951807,562.849710982659,0.18816582128056325,1.745507927788538,0.027740264622701304,0.005313720448047677,0.0,0.005313720448047677,5.22049755795742,0.19155262288663183
2,0.0037,22,0.37820416729126066,0.31539222375768394,2.0720208781020437,554.6801079298456,0.1828897654195316,1.7322234635210783,0.030119826285202093,0.005313720448047677,0.0,0.005313720448047677,5.66831217029275,0.17641935905381748
2,0.0037,23,0.39856441254250097,0.3271166334431801,2.063777483031027,559.1564034756328,0.1745270858227741,1.6937422435427196,0.030477702182740762,0.005313720448047677,0.0,0.005313720448047677,5.735661572851208,0.17434780404989939
2,0.0037,24,0.3783905627770682,0.30350513124776174,2.1269571533755087,556.0529716733038,0.15812671530875377,1.627364878288334,0.029584905158975734,0.005313720448047677,0.0,0.005313720448047677,5.567644261347165,0.17960917635172993
2,0.0037,25,0.4107142857142857,0.33034491578973524,2.077538853186066,557.6003616636528,0.2614086626563221,2.0367197388199654,0.032284643572110944,0.005313720448047677,0.0,0.005313720448047677,6.075713596106227,0.16458972006858175
2,0.0037,26,0.3594547254588379,0.2899444114018009,2.1902922551979076,563.5771076079507,0.1989157380303368,1.7967178640497248,0.02971822060827834,0.005313720448047677,0.0,0.005313720448047677,5.592733170446925,0.17880345253805274
2,0.0037,27,0.4110762640556873,0.32991650676715073,2.040958383643755,566.0730513271628,0.1906367477204185,1.7547177442212099,0.0325965307772856,0.005313720448047677,0.0,0.005313720448047677,6.134408291889339,0.16301490745605549
2,0.0037,28,0.33049351446772585,0.2718556522854842,2.2044938943219634,567.9813492977205,0.1846400205977261,1.7473442217395567,0.030517973453893756,0.005313720448047677,0.0,0.005313720448047677,5.743240306348147,0.17411773609658557
2,0.0037,29,0.4260822843107154,0.34940156308270043,1.9979763755016788,568.0248695118207,0.193123303091852,1.7773465486722764,0.03233922954809365,0.005313720448047677,0.0,0.005313720448047677,6.085986243400415,0.16431190607510662
2,0.0037,30,0.3851614380581635,0.3064452659385944,2.1386835757614393,564.865353789787,0.27527625940274447,2.098986845219569,0.0306244863073853,0.005313720448047677,0.0,0.005313720448047677,5.763285179715672,0.1735121495496314
2,0.0037,31,0.41688895663440284,0.323941415347249,2.092015835194728,564.0058684551483,0.181172361044446,1.6988929798359176,0.029242398154161613,0.005313720448047677,0.0,0.005313720448047677,5.503187162378031,0.18171288209792255
2,0.0037,32,0.4000150127608467,0.32678625927416616,2.1001881703367338,555.5113346344393,0.23321960173780099,1.9182881014243107,0.027236474758271786,0.005313720448047677,0.0,0.005313720448047677,5.125688305315117,0.1950957491822207
2,0.0037,33,0.40516453382084094,0.34226738580356814,1.9682257693217415,563.7056672760511,0.4391178301011678,2.77006046234993,0.03287611860495625,0.005313720448047677,0.0,0.005313720448047677,6.187024501267341,0.16162858249472933
2,0.0037,34,0.3937998772252916,0.3145181564816672,2.117257522669096,567.8508287292817,0.18175543498364277,1.730888834879606,0.03118671155130087,0.005313720448047677,0.0,0.005313720448047677,5.869091506829124,0.17038412143283602
2,0.0037,35,0.40859398724567264,0.3249681726068676,2.0665068118529417,561.8259945338597,0.17463904555188492,1.6951777133205634,0.03205645882526768,0.005313720448047677,0.0,0.005313720448047677,6.0327710384248,0.1657613049841698
2,0.0037,36,0.4317398471452121,0.3561426707284922,1.9891309118867888,554.5141615465308,0.18464901205152273,1.7457412233541678,0.030999226942664576,0.005313720448047677,0.0,0.005313720448047677,5.833808392019202,0.1714146116571167
2,0.0037,37,0.39622068756166046,0.322891003434967,2.085226971915132,561.6131896486302,0.2059409580542706,1.8080599232889552,0.032909164184732255,0.005313720448047677,0.0,0.005313720448047677,6.1932434170155615,0.1614662839268614
2,0.0037,38,0.4360873549175321,0.3500639111108346,1.9952243778530043,565.0806353084912,0.17283991249860264,1.6883935096514382,0.030150515368146894,0.005313720448047677,0.0,0.005313720448047677,5.674087612046762,0.17623978838058144
2,0.0037,39,0.38817598533455544,0.3207147588497726,2.0785005359154165,565.2529789184234,0.19954162649810314,1.809390510275957,0.030387224693986532,0.005313720448047677,0.0,0.005313720448047677,5.718634427814348,0.1748669219239108
2,0.0037,40,0.397921029015854,0.3240073314195136,2.0797185014894057,553.4379300029914,0.16938250217936002,1.6717026205019594,0.03167896522978785,0.005313720448047677,0.0,0.005313720448047677,5.961729740868674,0.1677365535617674
2,0.0037,41,0.35037707390648565,0.28031506531680794,2.2917910437478795,558.10407239819,0.19423118742997758,1.776055655297551,0.032185924571282144,0.005313720448047677,0.0,0.005313720448047677,6.0571354639304795,0.16509454113332628
2,0.0037,42,0.4216347246420726,0.34813504130243456,1.9942283338326867,560.5939701537762,0.2000539052824024,1.7920534857307004,0.031295319881962866,0.005313720448047677,0.0,0.005313720448047677,5.889530732363072,0.16979281464735094
2,0.0037,43,0.40439777828501866,0.324804438445696,2.0907808724807695,563.0634558320019,0.1794113341893535,1.705827768702164,0.030618952391178695,0.005313720448047677,0.0,0.005313720448047677,5.762243740622158,0.1735435092671086
2,0.0037,44,0.4148774173899802,0.3352682836141967,2.0339985115648322,563.4486066697121,0.2270176681340672,1.8898872904068682,0.032065826394285506,0.005313720448047677,0.0,0.005313720448047677,6.034533940540072,0.16571288020802866
2,0.0037,45,0.45201658499811537,0.3594526781027354,1.9780243595043605,557.894082171127,0.17718877395964228,1.7003451769336095,0.03029273694085853,0.005313720448047677,0.0,0.005313720448047677,5.700852582861869,0.17541235902262056
2,0.0037,46,0.4029181548749905,0.3166466621077173,2.1316580429846943,562.3800440762976,0.23852083255769685,1.9521765796725625,0.030834319574586714,0.005313720448047677,0.0,0.005313720448047677,5.80277413463021,0.17233136717007966
2,0.0037,47,0.3975553857906799,0.31985709586252514,2.0872036143412154,565.3391902215432,0.18196862484910525,1.7160497148087623,0.029963845520430507,0.005313720448047677,0.0,0.005313720448047677,5.638957828773166,0.17733773338353975
2,0.0037,48,0.37508478408320145,0.29105823711109235,2.2447518596966485,557.7262039339814,0.1922795074642636,1.7556561168163656,0.031323598117686646,0.005313720448047677,0.0,0.005313720448047677,5.894852471811027,0.1696395295356354
2,0.0037,49,0.4043159922928709,0.3247084623329791,2.0843952916616013,570.3410404624277,0.1832192575384397,1.7249269496754396,0.03281614576412149,0.005313720448047677,0.0,0.005313720448047677,6.1757380887770505,0.16192396530177738
2,0.0054,0,0.34005653602261443,0.270730082744031,2.417205307779896,565.3823057529223,0.20806980130146258,1.811145101664287,0.029743907812846106,0.007755159572826339,0.0,0.007755159572826339,3.8353701859426796,0.2607310250429488
2,0.0054,1,0.2974272845255363,0.22671099759585697,2.617081523698422,564.9514466753187,0.23652810536441393,1.9461264976394017,0.030310108644366937,0.007755159572826339,0.0,0.007755159572826339,3.908379751536245,0.2558605006606473
2,0.0054,2,0.350828522156407,0.2727422273201639,2.417412046051225,554.8876808877559,0.2644323142885696,2.06202798198926,0.03376942758394209,0.007755159572826339,0.0,0.007755159572826339,4.354446516132091,0.22965031176643466
2,0.0054,3,0.32066777458830636,0.25032585546844716,2.496787407770176,559.0299138842726,0.19932071573566645,1.7921877815603748,0.029738531215882526,0.007755159572826339,0.0,0.007755159572826339,3.834676893056429,0.2607781640770652
2,0.0054,4,0.2904722074366968,0.23305272453372866,2.560461551937636,562.7215420880541,0.2174262177431956,1.8563677419867122,0.030500656072250578,0.007755159572826339,0.0,0.007755159572826339,3.932950158643187,0.25426205765724375
2,0.0054,5,0.3466273887755873,0.26464162074097175,2.4318109535403334,558.9877634262407,0.2953082768362947,2.1747960548195246,0.033226115955513814,0.007755159572826339,0.0,0.007755159572826339,4.284388431146708,0.23340554108730796
2,0.0054,6,0.3270866260254384,0.24959542313567232,2.500600179528635,556.9720027094152,0.2151659596420359,1.8554369988219803,0.030439427411144308,0.007755159572826339,0.0,0.007755159572826339,3.9250549424930496,0.25477350372192165
2,0.0054,7,0.30587522713506965,0.23849727835235332,2.5627080894086633,560.2973955178679,0.16984753106953576,1.6735425759843365,0.03198612558757463,0.007755159572826339,0.0,0.007755159572826339,4.124496122510785,0.24245385867674193
2,0.0054,8,0.31522986307657,0.24906839551531654,2.483550569936152,566.0730513271628,0.19287931654253043,1.772565173088564,0.02979403483635814,0.007755159572826339,0.0,0.007755159572826339,3.8418338857597245,0.26029235769579595
2,0.0054,9,0.34608030592734224,0.27112170434529725,2.4317988822772385,565.9866156787763,0.19271480821771547,1.769111011803478,0.030963002459100192,0.007755159572826339,0.0,0.007755159572826339,3.99256806624494,0.25046536049177803
2,0.0054,10,0.32239733292923173,0.24019665859331757,2.5455777621877944,560.7211698742234,0.16306675123632886,1.6498302109075076,0.029677132284180105,0.007755159572826339,0.0,0.007755159572826339,3.8267597211238797,0.2613176872537768
2,0.0054,11,0.2995761429003936,0.23481783652165122,2.5886761885818195,560.1280653950954,0.20012483431492,1.797483063522421,0.02906893514024833,0.007755159572826339,0.0,0.007755159572826339,3.7483348817352917,0.266785127677026
2,0.0054,12,0.31074011386367134,0.24797792733327662,2.4604827072584308,569.3335897830435,0.19844794529490173,1.7814833656282012,0.03148939379927889,0.007755159572826339,0.0,0.007755159572826339,4.060444340773596,0.2462784651320894
2,0.0054,13,0.3121469990210106,0.23410170819888854,2.6098956005468708,557.3069508246103,0.2051152943749912,1.8194198074350356,0.03210842124451637,0.007755159572826339,0.0,0.007755159572826339,4.140265708654474,0.24153039209770558
2,0.0054,14,0.3364943177541958,0.26244340718695597,2.470663536926804,556.9720027094152,0.30949305975809693,2.2227855535173946,0.030122506047520994,0.007755159572826339,0.0,0.007755159572826339,3.8841890698250277,0.2574539967090344
2,0.0054,15,0.3250544008403992,0.2532792810808382,2.4929164931865655,555.3032940646807,0.40039014237117954,2.5882873574081255,0.02990195359168569,0.007755159572826339,0.0,0.007755159572826339,3.8557496220271887,0.2593529399023173
2,0.0054,16,0.3423409973126306,0.2734672965658524,2.397718390235667,552.4481934905942,0.1876317326677963,1.7427905357858462,0.0313526656377795,0.007755159572826339,0.0,0.007755159572826339,4.042813734953636,0.24735247912960506
2,0.0054,17,0.30901024934985466,0.23941491434279172,2.5589521791080347,566.0298301973382,0.2747022039548028,2.0937190731938973,0.02811700381216353,0.007755159572826339,0.0,0.007755159572826339,3.625586752680628,0.2758174243825875
2,0.0054,18,0.3581589958158996,0.28155397123888637,2.3743821980737367,562.977938379612,0.2454059878946282,1.992538054964601,0.029635201227175684,0.007755159572826339,0.0,0.007755159572826339,3.82135286177938,0.26168742750816226
2,0.0054,19,0.3427757678392733,0.2799423827420499,2.328399962563649,569.6398275729351,0.17983129166532308,1.7095940004504233,0.032358763205798856,0.007755159572826339,0.0,0.007755159572826339,4.172546406289591,0.23966180423844427
2,0.0054,20,0.30744433615713324,0.26090728501327753,2.3873707298083264,554.8046330309619,0.1591957824130077,1.6358297649817448,0.030626877833196415,0.007755159572826339,0.0,0.007755159572826339,3.9492260018106324,0.25321417400308877
2,0.0054,21,0.33788085493406095,0.26631844896604523,2.4372433134791143,560.8908594815825,0.18466564724803902,1.7272198942709538,0.03328520993548272,0.007755159572826339,0.0,0.007755159572826339,4.292008387823805,0.23299115696906506
2,0.0054,22,0.31855997579791256,0.245742152492537,2.4798607391301757,559.7051883224929,0.17254387136199512,1.6903624315932082,0.030086450010668914,0.007755159572826339,0.0,0.007755159572826339,3.879539773248537,0.25776253330240995
2,0.0054,23,0.28333586741675537,0.22189881998565228,2.6114116603656874,562.5934316557701,0.18691842729458585,1.7491362611668642,0.028618387244581073,0.007755159572826339,0.0,0.007755159572826339,3.6902383472363818,0.2709852063482294
2,0.0054,24,0.3038354898336414,0.23526780461727248,2.5817322654593102,569.9463955637708,0.2452856583695393,1.9575295234176144,0.02805802729777682,0.007755159572826339,0.0,0.007755159572826339,3.6179819427688678,0.27639717826637156
2,0.0054,25,0.3294279807029635,0.25926326772288466,2.455489884002005,566.6788421778084,0.30197064543608576,2.210068728184457,0.031414310320762986,0.007755159572826339,0.0,0.007755159572826339,4.050762595632079,0.24686709635323875
2,0.0054,26,0.3301103920822231,0.26131456432060407,2.454412082548165,563.4057860677578,0.17532074442715384,1.691029784651214,0.031187150406178483,0.007755159572826339,0.0,0.007755159572826339,4.021471139737289,0.2486652185859842
2,0.0054,27,0.32647853497448215,0.25213651865928394,2.4404923337592948,555.4280996697688,0.28812944793025963,2.144266003963458,0.03164453123597862,0.007755159572826339,0.0,0.007755159572826339,4.08044875657483,0.2450710840048412
2,0.0054,28,0.3363329583802025,0.2649635681921339,2.4494269210112973,554.970753655793,0.16726749774534255,1.6672893625067635,0.032846632265546113,0.007755159572826339,0.0,0.007755159572826339,4.235455370981526,0.23610212182881757
2,0.0054,29,0.34146341463414637,0.27259497105855873,2.3970190064095993,574.8076743824763,0.17649768127012067,1.6921149026015427,0.030094939477843474,0.007755159572826339,0.0,0.007755159572826339,3.880634459578952,0.2576898211918934
2,0.0054,30,0.3477559176145097,0.274100415658284,2.3861734819501286,568.7221026744544,0.1904560008260887,1.755480148371888,0.03315485222539647,0.007755159572826339,0.0,0.007755159572826339,4.275199228855237,0.2339072278200631
2,0.0054,31,0.32254849344475967,0.2528638173080997,2.4760962419333383,567.3727670014567,0.17557675251737237,1.70086120333621,0.03126530865573702,0.007755159572826339,0.0,0.007755159572826339,4.031549365571919,0.2480435954820906
2,0.0054,32,0.40175238095238097,0.3489268108537425,2.1649391300892287,563.8342857142857,0.21193668595515192,1.8422742927353994,0.032898670474661024,0.007755159572826339,0.0,0.007755159572826339,4.242165511324383,0.235728662007769
2,0.0054,33,0.30710390790669495,0.23537947112916816,2.571714184728631,560.4668282338686,0.20801613075309433,1.8421025704262188,0.03160103783322762,0.007755159572826339,0.0,0.007755159572826339,4.074840438352288,0.24540838227382528
2,0.0054,34,0.2900606980273141,0.22389262604048818,2.5960888574782626,561.4855842185129,0.21469789554248564,1.8566173170573763,0.03224754767429117,0.007755159572826339,0.0,0.007755159572826339,4.158205562563128,0.24048835127419665
2,0.0054,35,0.3085050184891706,0.23806496224841234,2.5498575660989196,558.4824541544034,0.1686729183420539,1.6824114805552153,0.028808334271240656,0.007755159572826339,0.0,0.007755159572826339,3.7147313347598296,0.26919847221324106
2,0.0054,36,0.3088590401448838,0.24125319648653198,2.5102820493621394,558.4403863567763,0.19669904373586178,1.7797807876849676,0.03144226164045019,0.007755159572826339,0.0,0.007755159572826339,4.054366818011351,0.24664763818546037
2,0.0054,37,0.28365529731361305,0.22824318707513486,2.586857669328159,558.4403863567763,0.2001905566721689,1.7961778361899794,0.029135893604789048,0.007755159572826339,0.0,0.007755159572826339,3.7569689354787297,0.2661720171696271
2,0.0054,38,0.33091588785046727,0.25035577379119295,2.509979876688686,553.3140186915888,0.19422671187203377,1.779557347011227,0.02932853111121851,0.007755159572826339,0.0,0.007755159572826339,3.781808850714575,0.26442372935137887
2,0.0054,39,0.3307552320291174,0.26377291461181984,2.440929334944711,561.1455868971792,0.15941536251921207,1.6312161554051974,0.0333397805285374,0.007755159572826339,0.0,0.007755159572826339,4.299045069989043,0.2326097967618071
2,0.0054,40,0.30687274909963985,0.24280505732906094,2.5491568941794864,555.2617046818727,0.20637686422560364,1.8286124790292346,0.027988327858656986,0.007755159572826339,0.0,0.007755159572826339,3.608994450188566,0.277085491208708
2,0.0054,41,0.30124601124449174,0.23318128810788924,2.591364319140695,562.2520893481234,0.17696288210572675,1.7071867356173216,0.028378464454279113,0.007755159572826339,0.0,0.007755159572826339,3.6593011643133333,0.27327622272589025
2,0.0054,42,0.35690465363043805,0.28817927736136517,2.352791187705949,560.8908594815825,0.17054825215018354,1.6646118294372643,0.03397166602344253,0.007755159572826339,0.0,0.007755159572826339,4.380524437237554,0.22828316890536965
2,0.0054,43,0.3787175781547121,0.31460211479654027,2.353850455673741,562.8924469460713,0.17031647684052587,1.6813705725240222,0.031557810917470876,0.007755159572826339,0.0,0.007755159572826339,4.069266482671452,0.2457445351043968
2,0.0054,44,0.3206605222734255,0.24952823286059408,2.4873813707892385,568.3732718894009,0.17686023050919175,1.7068918554529322,0.02979719394211809,0.007755159572826339,0.0,0.007755159572826339,3.8422412411120273,0.26026476143662924
2,0.0054,45,0.2973013381176646,0.23157171626701775,2.5682654342142603,553.2314420273603,0.23095947387628257,1.9167806425382148,0.03006112250366548,0.007755159572826339,0.0,0.007755159572826339,3.8762738821001226,0.2579797069081741
2,0.0054,46,0.30186130291203844,0.23432499856813735,2.5604185332177547,555.4280996697688,0.21542911417782307,1.8631549669964982,0.02984640141009765,0.007755159572826339,0.0,0.007755159572826339,3.8485863675426915,0.2598356654883898
2,0.0054,47,0.3355499503172055,0.2638543960035648,2.397471007187033,565.641137353818,0.20933774914010428,1.8421945129461852,0.033499884069415974,0.007755159572826339,0.0,0.007755159572826339,4.319689847104857,0.23149810180705918
2,0.0054,48,0.30288425333232927,0.22913266445099398,2.5506836685689223,557.3069508246103,0.2034917498822324,1.8235762103999473,0.031279962097162856,0.007755159572826339,0.0,0.007755159572826339,4.033438874264581,0.2479273967384297
2,0.0054,49,0.26367127496159753,0.2100454654606099,2.579477581622665,568.3732718894009,0.21370095267775469,1.8497745280530598,0.0313476391609272,0.007755159572826339,0.0,0.007755159572826339,4.042165588799441,0.2473921411757426
2,0.008,0,0.22860890363397887,0.16737755770042081,3.0416041482991467,570.9560219118895,0.20055263829999603,1.8014955654019102,0.03208111603270389,0.011489125293076056,0.0,0.011489125293076056,2.792302739707925,0.3581273569586513
2,0.008,1,0.2551924365368868,0.1969498969993947,2.886933915684412,550.9292786421499,0.19772634029504843,1.7951512968464527,0.03125640269201942,0.011489125293076056,0.0,0.011489125293076056,2.7205206571170524,0.36757669800592674
2,0.008,2,0.2712495252563616,0.21158488029171552,2.7893036051003866,562.1241929358147,0.19202041247626767,1.7757671345724009,0.03282076750773548,0.011489125293076056,0.0,0.011489125293076056,2.856681137206762,0.3500565698339687
2,0.008,3,0.25812792983517313,0.19464407218364727,2.874927172477528,559.5362165431725,0.22453605293412693,1.9016608024813944,0.03349579156789472,0.011489125293076056,0.0,0.011489125293076056,2.9154344402598715,0.343002053550161
2,0.008,4,0.24864617496758448,0.1833230825011207,2.942738147040817,564.4352833498589,0.1833822792978026,1.7268559593536161,0.03084076938216593,0.011489125293076056,0.0,0.011489125293076056,2.6843444209588507,0.37253043692612253
2,0.008,5,0.24935104596121546,0.1866572797188925,2.9069539833885267,564.9945029775538,0.24601742436061613,1.970399148714181,0.032705484084217536,0.011489125293076056,0.0,0.011489125293076056,2.8466470031384863,0.3512904827670869
2,0.008,6,0.2625918351889722,0.20044555362565966,2.853363444532589,560.5092024539878,0.206081176555017,1.83169103674446,0.03223910403941164,0.011489125293076056,0.0,0.011489125293076056,2.806053830646324,0.3563723507647991
2,0.008,7,0.2782556209446205,0.2159957002300136,2.785196160610164,558.3562698053418,0.2584605922456831,2.0333554270541865,0.032947576944346475,0.011489125293076056,0.0,0.011489125293076056,2.8677184819459143,0.34870926358205206
2,0.008,8,0.2524515393386545,0.1901000068945636,2.9013989102103417,562.5507411630558,0.18270919169299304,1.7161946258187737,0.031354071736210846,0.011489125293076056,0.0,0.011489125293076056,2.729021656253191,0.36643168357005623
2,0.008,9,0.2407630824913286,0.18088684789112522,2.9541468962442394,558.0200573065903,0.2643144623434637,2.0537499068060194,0.03150331948230627,0.011489125293076056,0.0,0.011489125293076056,2.7420120051516723,0.36469570451230965
2,0.008,10,0.2517042872292077,0.19275591550441937,2.878328172947526,560.5515830934706,0.27071077044820413,2.0659294870903206,0.03217579422439076,0.011489125293076056,0.0,0.011489125293076056,2.800543418547412,0.35707355700226234
2,0.008,11,0.28639708671572717,0.20901387994558904,2.7975403785575903,561.4430619831576,0.207482971920399,1.822269824818028,0.033417793773497295,0.011489125293076056,0.0,0.011489125293076056,2.9086456036506623,0.34380262715570875
2,0.008,12,0.25174665856622114,0.19257089069912545,2.852400679633059,561.9963547995139,0.18981355230789632,1.7538759816154816,0.02948571842865263,0.011489125293076056,0.0,0.011489125293076056,2.5664023741147863,0.38965051236165726
2,0.008,13,0.258582796513831,0.19495246857502438,2.8840014321487177,560.8484274346343,0.2488602881494444,1.9960196863448711,0.029447833094468488,0.011489125293076056,0.0,0.011489125293076056,2.5631048790298494,0.3901518069672225
2,0.008,14,0.34083868530411787,0.29953610445499274,2.334420381896681,559.1564034756328,0.1999360787740443,1.7873545770026056,0.0314387387837094,0.011489125293076056,0.0,0.011489125293076056,2.7363909768358097,0.3654448536284596
2,0.008,15,0.276026670707683,0.19835088679033283,2.8766603796959,560.7211698742234,0.16913168199243955,1.6726491162907258,0.029189370041888044,0.011489125293076056,0.0,0.011489125293076056,2.5406085578576705,0.3936064833392653
2,0.008,16,0.2609348038112387,0.18735758124023577,2.933922678684929,555.2201215395004,0.2402794623048976,1.947848520893059,0.03232756300568191,0.011489125293076056,0.0,0.011489125293076056,2.8137531953946207,0.3553971974644894
2,0.008,17,0.3205050657795252,0.23993488389181292,2.662613793838202,559.5362165431725,0.2368890710058622,1.943253618635035,0.03171062040793795,0.011489125293076056,0.0,0.011489125293076056,2.760055234757377,0.3623115897852331
2,0.008,18,0.3503121668950815,0.28902791805697825,2.563634491911482,563.4486066697121,0.1894938304903917,1.742908518185819,0.0333405319871158,0.011489125293076056,0.0,0.011489125293076056,2.9019208283165416,0.3445993392521734
2,0.008,19,0.24990531020377243,0.18954967742148027,2.890853662837134,560.5939701537762,0.21821055756299756,1.855078959695,0.030459718260452375,0.011489125293076056,0.0,0.011489125293076056,2.6511781779252583,0.37719079325802746
2,0.008,20,0.28797327394209354,0.2198229984410778,2.7915628071756613,549.4187082405346,0.23590460713603534,1.9456857829642593,0.03148166901973847,0.011489125293076056,0.0,0.011489125293076056,2.740127574264593,0.36494651175808274
2,0.008,21,0.2768155801679923,0.20686832723421406,2.8588300722408393,550.1117222924255,0.1911956320691388,1.7670773181870805,0.0290235387452895,0.011489125293076056,0.0,0.011489125293076056,2.526174796159686,0.3958554259666469
2,0.008,22,0.25669693104224506,0.19437354170871995,2.9123911102246582,555.3032940646807,0.21987454083864577,1.8588251940849483,0.02975224486434578,0.011489125293076056,0.0,0.011489125293076056,2.5896005227026317,0.38615994676906845
2,0.008,23,0.24014228411413002,0.18523590219010516,2.9089798716718036,560.0857488836751,0.18498714829911478,1.7475409622694684,0.030656306666491565,0.011489125293076056,0.0,0.011489125293076056,2.6682890023809427,0.3747719977512516
2,0.008,24,0.21495961959393162,0.17272509812406533,2.9511019303695423,558.5666088006642,0.18962388622458093,1.746222256695008,0.029701898747742796,0.011489125293076056,0.0,0.011489125293076056,2.5852184557202715,0.3868145060574343
2,0.008,25,0.24118402174733822,0.18030886925087106,2.948059727784524,558.8192252510761,0.25403981137787923,2.010076812872141,0.030900353555804536,0.011489125293076056,0.0,0.011489125293076056,2.6895305575983834,0.37181209827671563
2,0.008,26,0.2703523693803159,0.19979926991021874,2.8979736598886063,561.9963547995139,0.18840522092068568,1.7499821916605067,0.030603876940546573,0.011489125293076056,0.0,0.011489125293076056,2.663725580483491,0.37541404689986524
2,0.008,27,0.2980319346453769,0.22277562346465865,2.7943067673865793,549.6223542517638,0.21738555090269074,1.8660815324838462,0.031038503629611972,0.011489125293076056,0.0,0.011489125293076056,2.701554978107636,0.3701571902491772
2,0.008,28,0.5536238428539174,0.41154662926264707,2.0328589400597625,556.9720027094152,0.2781589101359714,2.106365787412787,0.033100382326209404,0.011489125293076056,0.0,0.011489125293076056,2.8810184832919714,0.347099473953169
2,0.008,29,0.24155999700576392,0.18966775515333897,2.926432704485835,553.9755221199191,0.17765636648982763,1.7089875853863115,0.031981342959334774,0.011489125293076056,0.0,0.011489125293076056,2.7836186083381294,0.3592446167030828
2,0.008,30,0.24722118612458038,0.1874997945956904,2.9051268484030457,552.0779559865722,0.1855115653888788,1.7331819096917807,0.030323389311699967,0.011489125293076056,0.0,0.011489125293076056,2.6393122660063963,0.3788865807504933
2,0.008,31,0.24464598734852527,0.1821983048484946,2.9218691672486625,564.0058684551483,0.22965347080025822,1.9211657815171599,0.030051229591573116,0.011489125293076056,0.0,0.011489125293076056,2.6156238029437757,0.38231797664271966
2,0.008,32,0.3201401311866428,0.22648916810930125,2.783819470006763,551.6261180679785,0.22128909808816388,1.8773134904615967,0.030516459362332236,0.011489125293076056,0.0,0.011489125293076056,2.656116856931053,0.37648945956219193
2,0.008,33,0.2730401529636711,0.20324327762099914,2.8487779362680614,565.9866156787763,0.31251470898860134,2.251756319500928,0.031993028019243384,0.011489125293076056,0.0,0.011489125293076056,2.784635662257426,0.3591134070262277
2,0.008,34,0.2334704448507008,0.178409962246451,2.947722683402934,563.7056672760511,0.17586623461102135,1.6955723141839696,0.03252334948164451,0.011489125293076056,0.0,0.011489125293076056,2.8307942207963186,0.3532577510062509
2,0.008,35,0.22910847739110743,0.17278955761900702,2.995033842978521,558.6507888578546,0.19883026741445065,1.7966918234324312,0.030490734525910054,0.011489125293076056,0.0,0.011489125293076056,2.6538777973189442,0.3768071012954104
2,0.008,36,0.2560252271191531,0.1871299354287529,2.964216445251317,555.6362339514978,0.18925785133615136,1.7478966406850989,0.030524324292581867,0.011489125293076056,0.0,0.011489125293076056,2.6568014112421086,0.37639245288283696
2,0.008,37,0.2505296610169492,0.20056320015171675,2.831464394126345,559.9588377723971,0.16840086824959144,1.662426086940596,0.03011101524446782,0.011489125293076056,0.0,0.011489125293076056,2.620827476101621,0.3815588813527936
2,0.008,38,0.2948874010955569,0.22053868405539395,2.750297478238407,563.0206938527084,0.21988198687904514,1.873152270736976,0.03096120626490768,0.011489125293076056,0.0,0.011489125293076056,2.694827106077998,0.37108132011310424
2,0.008,39,0.26770010433745717,0.19829556233314105,2.91138650644294,551.5440453122671,0.198985188791994,1.7973728042796915,0.03142742573386202,0.011489125293076056,0.0,0.011489125293076056,2.7354063022362394,0.3655764042008983
2,0.008,40,0.23430834856794638,0.18227883991650423,2.8849967488434323,563.7056672760511,0.17654521635267884,1.703765788719009,0.02797583189365897,0.011489125293076056,0.0,0.011489125293076056,2.434983619729403,0.41068038072105345
2,0.008,41,0.2669787429974676,0.2059096474172599,2.8218436484659177,567.8943289079887,0.2632057673763484,2.0263064276859044,0.0306519700269158,0.011489125293076056,0.0,0.011489125293076056,2.667911546354906,0.3748250204795105
2,0.008,42,0.2789647908516401,0.2181574028744826,2.7944096712459943,556.7628648811315,0.17347989603877068,1.692656610355068,0.0307857661914605,0.011489125293076056,0.0,0.011489125293076056,2.679557007704808,0.3731960160297379
2,0.008,43,0.24534257120862202,0.1822897449353695,2.9451035537701293,569.6836027713625,0.1787472799187526,1.71411292748467,0.03169088067643864,0.011489125293076056,0.0,0.011489125293076056,2.7583371116630793,0.36253726775153733
2,0.008,44,0.3769387909510479,0.31417368610601043,2.416367086616447,559.9165468714534,0.19632382821873762,1.7804019971729885,0.03080083295508055,0.011489125293076056,0.0,0.011489125293076056,2.680868401151716,0.3730134607019107
2,0.008,45,0.6027941064203375,0.500143950374483,1.7512510376328154,564.9514466753187,0.28771123208571225,2.1518382722797167,0.033860011646533655,0.011489125293076056,0.0,0.011489125293076056,2.947135729030604,0.3393125026952621
2,0.008,46,0.26644812075931995,0.19899518004098482,2.9444530130214894,564.1775558435618,0.17926538531901315,1.7215021785506652,0.028471568835797687,0.011489125293076056,0.0,0.011489125293076056,2.4781319821584793,0.40352975838235594
2,0.008,47,0.2047123623011016,0.15881277396469973,3.0631324423081523,566.1162790697674,0.21596792424679734,1.8598665375844472,0.031675097559561174,0.011489125293076056,0.0,0.011489125293076056,2.7569633676682277,0.3627179133851806
2,0.008,48,0.26971454394818106,0.2062896873860163,2.802357501983317,557.3907509226482,0.16322247343487106,1.6565423303622326,0.03259826755523051,0.011489125293076056,0.0,0.011489125293076056,2.837315002115602,0.35244588607693
2,0.008,49,0.28466928466928465,0.208418831137338,2.8452903563608816,569.8149688149688,0.21619650066713803,1.8622605826492922,0.031736873776305824,0.011489125293076056,0.0,0.011489125293076056,2.7623402971705873,0.3620118784873395
2,0.012,0,0.18328389991634345,0.132756438077134,3.3637590596904636,562.8069815195072,0.19372581675997935,1.757108809786578,0.030208720508849138,0.017233687939614085,0.0,0.017233687939614085,1.7528877518670913,0.5704871854657255
2,0.012,1,0.20230867251330484,0.14896055802320374,3.247016624028596,554.7216100742073,0.1879764361656271,1.74643178983129,0.030689742389555436,0.017233687939614085,0.0,0.017233687939614085,1.7807994723526759,0.5615455392508991
2,0.012,2,0.2930563978168587,0.21657089099035173,2.9901130957674438,560.9757428744693,0.20738775914651342,1.8242097997127025,0.030910676422283144,0.017233687939614085,0.0,0.017233687939614085,1.793619365198702,0.5575318929996149
2,0.012,3,0.19250606796116504,0.15178078810351556,3.187085242131841,561.3155339805825,0.2554329005361069,2.042122894127947,0.03127846555832207,0.017233687939614085,0.0,0.017233687939614085,1.8149606554279112,0.5509761310854594
2,0.012,4,0.18291115311909262,0.14094826838003505,3.28356831859533,559.578449905482,0.18176645087078214,1.7268119810981326,0.030639575952057168,0.017233687939614085,0.0,0.017233687939614085,1.7778885204035604,0.562464962523641
2,0.012,5,0.2221627408993576,0.157218345069322,3.2290603011310077,565.9434077699602,0.22947951892274432,1.922883469339578,0.030621321452964746,0.017233687939614085,0.0,0.017233687939614085,1.7768292869326756,0.5628002686326108
2,0.012,6,0.26344743276283616,0.211427191834801,3.005480133088517,565.4254278728606,0.20028417711728252,1.7990570584642942,0.033688081510585416,0.017233687939614085,0.0,0.017233687939614085,1.9547807543357312,0.5115663215846513
2,0.012,7,0.19589030747148145,0.13954188802546338,3.3048299221533077,559.0720707108861,0.20664884004509076,1.8178579207317083,0.030217786564435696,0.017233687939614085,0.0,0.017233687939614085,1.7534138177688485,0.570316025724299
2,0.012,8,0.18587754484220087,0.13698012500653334,3.3230463704164803,560.0857488836751,0.26003207522444427,2.025267653883667,0.030081388343754227,0.017233687939614085,0.0,0.017233687939614085,1.7454991902579293,0.5729020131210899
2,0.012,9,0.19869290865384615,0.1425044634806454,3.28646862817552,555.9278846153846,0.1994896802934818,1.7877661906564448,0.033283651492406405,0.017233687939614085,0.0,0.017233687939614085,1.9313133444814905,0.5177823696281015
2,0.012,10,0.19344512195121952,0.13931235957069515,3.305771490095875,564.0487804878048,0.2385223055316601,1.9385378975832084,0.030037276181211922,0.017233687939614085,0.0,0.017233687939614085,1.7429395429730956,0.5737433659312166
2,0.012,11,0.1967966894014867,0.14833112240497012,3.2346476366726864,567.1123457736225,0.2177609781792853,1.8540732262922917,0.03473075752665163,0.017233687939614085,0.0,0.017233687939614085,2.0152829532684087,0.49620823635618444
2,0.012,12,0.22964525118626194,0.17100511579309996,3.1458813594317703,557.3907509226482,0.19077789376024157,1.752074562681861,0.03178062549654451,0.017233687939614085,0.0,0.017233687939614085,1.8440989304147846,0.5422702564959867
2,0.012,13,0.22045506430256448,0.15748959277940933,3.218389245119907,563.1489993151206,0.1814860999584198,1.7139113128193868,0.032206887241461674,0.017233687939614085,0.0,0.017233687939614085,1.8688331455410399,0.5350932491677812
2,0.012,14,0.17394249586030408,0.12917750258439167,3.3178602939695034,557.0138491645341,0.21082653460325673,1.8369595799949032,0.02992207483392361,0.017233687939614085,0.0,0.017233687939614085,1.7362548828067996,0.57595230395172
2,0.012,15,0.20584449996214702,0.1456716014901734,3.2861458294189267,560.2550533727004,0.24441290384856984,1.9636178300658722,0.030845983913715642,0.017233687939614085,0.0,0.017233687939614085,1.789865525115594,0.5587011906581181
2,0.012,16,0.17633305679161324,0.1290503933336259,3.3760896322618126,558.1460894486763,0.23967432757490315,1.960680216813754,0.02990487010691504,0.017233687939614085,0.0,0.017233687939614085,1.735256563290463,0.5762836580797942
2,0.012,17,0.2265648854961832,0.16616933098654577,3.191727817809578,564.9083969465648,0.19061559293186292,1.7669992098199656,0.030756388626930174,0.017233687939614085,0.0,0.017233687939614085,1.7846666792794963,0.5603287222260007
2,0.012,18,0.1947630546332629,0.14370737264346714,3.284249020570331,558.4403863567763,0.19341208957484923,1.7639401664267154,0.031049264916732492,0.017233687939614085,0.0,0.017233687939614085,1.8016610852840926,0.555043347590713
2,0.012,19,0.20007578628268283,0.14824131394423878,3.2987858330083584,560.8484274346343,0.20703941152896732,1.8325710508904822,0.033634362880078456,0.017233687939614085,0.0,0.017233687939614085,1.9516636832424639,0.5123833622494913
2,0.012,20,0.18504146694057674,0.13646691346015524,3.3060500725995747,563.0634558320019,0.19961724564200267,1.7798422604100135,0.02976590089008495,0.017233687939614085,0.0,0.017233687939614085,1.7271927514518695,0.5789741759623557
2,0.012,21,0.17891130567186905,0.13178063633894235,3.3278413947991616,563.4057860677578,0.2132558620069176,1.844365092480328,0.030870711980019123,0.017233687939614085,0.0,0.017233687939614085,1.7913003930550695,0.5582536596748556
2,0.012,22,0.2199435846611268,0.16255123520840664,3.1868685966221615,564.1775558435618,0.19445046986220405,1.7616372403293143,0.03171581649179816,0.017233687939614085,0.0,0.017233687939614085,1.8403383305377625,0.5433783470171984
2,0.012,23,0.18542947084395142,0.1365136681994385,3.328436191673145,554.6801079298456,0.21186934574507177,1.8466134270080128,0.03089698573512453,0.017233687939614085,0.0,0.017233687939614085,1.792824950955704,0.5577789395818752
2,0.012,24,0.18024486094316808,0.13333165289003546,3.389526865005695,559.2829504232164,0.1984185275505297,1.78976339563242,0.03229429101501197,0.017233687939614085,0.0,0.017233687939614085,1.873904826881479,0.5336450313029948
2,0.012,25,0.20601515267467665,0.1493568930456267,3.2511834719492847,566.3325170276269,0.18660544694284908,1.748251502017711,0.032861932471957234,0.017233687939614085,0.0,0.017233687939614085,1.9068427249642488,0.5244270997854577
2,0.012,26,0.17937693294108772,0.12761068592107758,3.386006845977731,558.2301425661915,0.2170257749967277,1.8527216831053386,0.03105051396817553,0.017233687939614085,0.0,0.017233687939614085,1.8017335625998834,0.555021020176263
2,0.012,27,0.19144385026737967,0.13972634433693495,3.3327273062302334,565.3391902215432,0.2021088242472615,1.81545528803441,0.03322690028242989,0.017233687939614085,0.0,0.017233687939614085,1.9280203052797031,0.5186667366840451
2,0.012,28,0.17585321655089098,0.13115149808292317,3.342909974756945,558.7771066143159,0.19810135493753478,1.7984261902773593,0.031226877398157583,0.017233687939614085,0.0,0.017233687939614085,1.8119672067624109,0.5518863676273597
2,0.012,29,0.17953020134228187,0.13320131298850338,3.357173540832775,564.392312385601,0.3955478522111662,2.5745262860511327,0.028922138888768493,0.017233687939614085,0.0,0.017233687939614085,1.678232714327317,0.5958649187701172
2,0.012,30,0.19551257837878674,0.13916830641034847,3.312380732284473,559.0720707108861,0.19818328914698213,1.7883586285047415,0.02958395460947421,0.017233687939614085,0.0,0.017233687939614085,1.7166351574390109,0.5825349642097891
2,0.012,31,0.193670216783745,0.14265035292423378,3.312319963603917,558.9877634262407,0.21534838547813706,1.853450682767325,0.03126187857141261,0.017233687939614085,0.0,0.017233687939614085,1.8139981808277226,0.5512684690475834
2,0.012,32,0.1917278994015605,0.14925054576460667,3.240241408447551,560.5939701537762,0.22453037556260824,1.8903848635896352,0.031427796368536896,0.017233687939614085,0.0,0.017233687939614085,1.8236257078959652,0.5483581393211244
2,0.012,33,0.20949572843426326,0.14831096166766172,3.2749793888303853,559.4939895667952,0.20369336465955712,1.8248099624870355,0.030187012966069682,0.017233687939614085,0.0,0.017233687939614085,1.7516281524792225,0.5708974239678771
2,0.012,34,0.1688916011900221,0.13210348053227117,3.3392502401248465,564.5212449462201,0.2807701629353687,2.105328138978912,0.029847298344753453,0.017233687939614085,0.0,0.017233687939614085,1.731915910821687,0.577395238274335
2,0.012,35,0.17721518987341772,0.131063091680489,3.367410416935107,560.9332979610399,0.20694181526778266,1.8192774050379024,0.03055546452731265,0.017233687939614085,0.0,0.017233687939614085,1.7730078805173537,0.5640132855518982
2,0.012,36,0.18134715025906736,0.1296077846468889,3.3371233530691575,563.8771715940262,0.19486799009609967,1.7800216178742199,0.030800691659394332,0.017233687939614085,0.0,0.017233687939614085,1.7872374019605262,0.5595227578065683
2,0.012,37,0.2018065313054891,0.1504037902421871,3.2159630755522337,571.3080367482437,0.22502701909979805,1.9024772001032373,0.030848177463007706,0.017233687939614085,0.0,0.017233687939614085,1.7899928077552558,0.5586614625865743
2,0.012,38,0.1886060229742316,0.1447132997368664,3.2346702975648896,574.3623098416641,0.1780847026675474,1.7067326466315709,0.032278919459816965,0.017233687939614085,0.0,0.017233687939614085,1.873012878782566,0.5338991585845299
2,0.012,39,0.19969799924499812,0.14726470035818942,3.2940819445508414,558.7349943374859,0.21753738753614016,1.8708678038355306,0.031073435209055384,0.017233687939614085,0.0,0.017233687939614085,1.803063587894537,0.5546116103246886
2,0.012,40,0.17770719903206292,0.13588797645328884,3.352773665580674,559.6206896551724,0.25074846800998785,1.9847403282434652,0.03164424278825139,0.017233687939614085,0.0,0.017233687939614085,1.8361852030239327,0.544607373130523
2,0.012,41,0.2770032174046269,0.19889378764415597,3.0604680811105784,566.8955109544967,0.2001018785231281,1.7899952110684398,0.03364662532230762,0.017233687939614085,0.0,0.017233687939614085,1.9523752223089788,0.5121966252047333
2,0.012,42,0.2546170148349985,0.1683079157050461,3.170727090983701,560.1280653950954,0.21640036642202176,1.8562184096206236,0.033418760062267315,0.017233687939614085,0.0,0.017233687939614085,1.939153138861795,0.5156890293806088
2,0.012,43,0.18069938466156385,0.13482671129707313,3.330180549199062,555.3448896893291,0.21584797350806184,1.8516696300001323,0.031230532271614916,0.017233687939614085,0.0,0.017233687939614085,1.8121792840305,0.5518217809972324
2,0.012,44,0.20064083002746413,0.1466841723044249,3.266690296636955,564.5642355813244,0.2035468311223667,1.815844904761712,0.03283914616940028,0.017233687939614085,0.0,0.017233687939614085,1.9055205295852449,0.5247909872782425
2,0.012,45,0.17401181281235803,0.12679851398890687,3.398344254156804,560.3820990458883,0.1989962601219304,1.8021241730179665,0.028653507988708384,0.017233687939614085,0.0,0.017233687939614085,1.662645168527406,0.6014512410279901
2,0.012,46,0.1968320696644396,0.14284249998262596,3.279958578601407,555.5529614893777,0.30627142000594176,2.2225406077856045,0.03038651049732616,0.017233687939614085,0.0,0.017233687939614085,1.763204173349248,0.5671492928130247
2,0.012,47,0.1806559622555361,0.13314001930932345,3.3522268752507873,563.1489993151206,0.2578080590174068,2.0362864203938162,0.030519378673804234,0.017233687939614085,0.0,0.017233687939614085,1.7709139669200518,0.5646801700588457
2,0.012,48,0.281294801177092,0.18319473058233293,3.1130290423230216,558.398324907568,0.25558493606513366,2.013004761750219,0.03106825528085383,0.017233687939614085,0.0,0.017233687939614085,1.8027630179747551,0.5547040792546386
2,0.012,49,0.2598669287766521,0.19143633342436367,3.0655239997886903,559.5362165431725,0.24520077180932276,1.9611137638939746,0.032066607822371036,0.017233687939614085,0.0,0.017233687939614085,1.8606933080563315,0.5374340820543896
2,0.019,0,0.1668576667430667,0.10457204415258949,3.7146506673072253,565.3823057529223,0.21685143996728584,1.8537906961512336,0.031045741888271142,0.027286672571055635,0.0,0.027286672571055635,1.137762100066497,0.8789183608256546
2,0.019,1,0.1315749235474006,0.0997982616597765,3.62720084302536,565.7706422018349,0.25028048738022335,1.9862955065856658,0.031167296471354723,0.027286672571055635,0.0,0.027286672571055635,1.1422168236230996,0.8754905192413561
2,0.019,2,0.12466600503855256,0.08974290407294017,3.7440102386678342,564.9514466753187,0.23325687999022193,1.9304646179124092,0.030287394898577468,0.027286672571055635,0.0,0.027286672571055635,1.1099702545155634,0.9009250436503282
2,0.019,3,0.14043304668304668,0.09873886608189117,3.700587228821622,568.1990171990172,0.24950109294150025,1.9953335386640887,0.029424448963554777,0.027286672571055635,0.0,0.027286672571055635,1.0783450743923533,0.9273469353615764
2,0.019,4,0.14278215223097113,0.1058087229092686,3.603819378002959,554.970753655793,0.2000787619908806,1.7933828656404236,0.03311365606937517,0.027286672571055635,0.0,0.027286672571055635,1.213546869195789,0.8240308020922956
2,0.019,5,0.13988543864938197,0.10388482823831023,3.6570630895296588,557.7681640036177,0.20427237142575905,1.8108414979192153,0.03134878040082799,0.027286672571055635,0.0,0.027286672571055635,1.148867833525486,0.8704221415368023
2,0.019,6,0.12746277635734696,0.09540924538103121,3.7028458129345516,556.512107083772,0.19244731729850173,1.7490181155513334,0.029276125595683593,0.027286672571055635,0.0,0.027286672571055635,1.0729093303497281,0.9320452080270731
2,0.019,7,0.16945543048372377,0.11463215161451779,3.5876333421633175,562.849710982659,0.2265115998161491,1.8986235453434372,0.03179446448030941,0.027286672571055635,0.0,0.027286672571055635,1.1652012313892541,0.8582208575318042
2,0.019,8,0.15039757667550172,0.10390703256232832,3.672748795488267,560.4244604316547,0.2419437803910114,1.9463820323787446,0.029860019858422578,0.027286672571055635,0.0,0.027286672571055635,1.0943078449989034,0.9138196391171829
2,0.019,9,0.18799819521732591,0.10982668593406043,3.699522455055986,556.512107083772,0.19984735359321348,1.7942717370647292,0.03166518951178273,0.027286672571055635,0.0,0.027286672571055635,1.1604635717061234,0.8617245938446749
2,0.019,10,0.13508902077151336,0.09886725866069264,3.6541297035600233,549.0118694362018,0.21859618689632043,1.8660315017043405,0.02948079789110262,0.027286672571055635,0.0,0.027286672571055635,1.0804101458077524,0.9255744254903909
2,0.019,11,0.11529321579149099,0.09598255209394667,3.6329763223777136,567.2859333077807,0.2235885119298473,1.8879476465377483,0.03153939561441509,0.027286672571055635,0.0,0.027286672571055635,1.1558534860666938,0.8651615555557524
2,0.019,12,0.14176186460170206,0.10386620754718197,3.6509752943958262,567.3727670014567,0.2458271126379259,1.983006902264263,0.03252120211562898,0.027286672571055635,0.0,0.027286672571055635,1.191834659610563,0.8390425567307752
2,0.019,13,0.15566037735849056,0.10883544653459265,3.6090011187567996,554.0997304582211,0.2286861009488348,1.910656924263928,0.031637938738191186,0.027286672571055635,0.0,0.027286672571055635,1.1594648873293243,0.8624668249362594
2,0.019,14,0.15574144486692015,0.11435292814079574,3.6108615509445383,562.7642585551331,0.21111280110199004,1.8446362223910098,0.03109247571753864,0.027286672571055635,0.0,0.027286672571055635,1.1394747980565434,0.8775972945655071
2,0.019,15,0.1460833271223075,0.10125148967572063,3.6726894823284475,551.5850786315868,0.19956851133611053,1.7877036182728323,0.02837277395897152,0.027286672571055635,0.0,0.027286672571055635,1.0398033649976057,0.9617202960314545
2,0.019,16,0.13137075916628632,0.09955441621414658,3.603834561055206,562.9351894112277,0.259440980036743,2.0306179839554,0.029698004305374635,0.027286672571055635,0.0,0.027286672571055635,1.0883703107456504,0.9188049234041424
2,0.019,17,0.19052687599787121,0.12618064208554547,3.5929099780393594,562.6361286398541,0.2628972031525336,2.0692834259407102,0.029925980913925402,0.027286672571055635,0.0,0.027286672571055635,1.0967251809833867,0.9118054525777759
2,0.019,18,0.10762160091918806,0.08927553206685805,3.7244228836457185,566.852163921869,0.22724351577926427,1.8731256916229975,0.030425769413077123,0.027286672571055635,0.0,0.027286672571055635,1.1150413937004282,0.8968276923615844
2,0.019,19,0.16401067479984752,0.1021993160767085,3.7245119613704825,564.2634388105223,0.2459026328579057,1.9763017248198445,0.025976870733353703,0.027286672571055635,0.0,0.027286672571055635,0.9519984771213437,1.0504218483876189
2,0.019,20,0.15036107943747626,0.11156841064076568,3.602310812274473,562.5507411630558,0.22088780251215212,1.8785694960104249,0.031607752821792734,0.027286672571055635,0.0,0.027286672571055635,1.1583586360515312,0.8632904947371701
2,0.019,21,0.161811320754717,0.11143829361728161,3.6345108397233923,558.5245283018868,0.37915920119849034,2.4861286930390336,0.02979759476267533,0.027286672571055635,0.0,0.027286672571055635,1.0920200946114316,0.9157340647250867
2,0.019,22,0.17597954425810333,0.11099413116811933,3.6340377136211544,556.5538843348123,0.1989209913299419,1.777071367682992,0.031559289769107934,0.027286672571055635,0.0,0.027286672571055635,1.156582565606936,0.8646161802337331
2,0.019,23,0.1672176520335204,0.10728756109081787,3.691852134743115,568.9403398170216,0.3452661209157668,2.3623286152536482,0.03315672745183638,0.027286672571055635,0.0,0.027286672571055635,1.2151253461005505,0.82296036635981
2,0.019,24,0.18158373786407767,0.11066180303050646,3.6675823092937843,561.3155339805825,0.19292241465882398,1.7597669916954572,0.029635868560791465,0.027286672571055635,0.0,0.027286672571055635,1.0860931644786818,0.9207313264695796
2,0.019,25,0.14304026541999698,0.10160116633779077,3.6718504636217357,558.0200573065903,0.21972296020248905,1.882141419200411,0.030898680576682932,0.027286672571055635,0.0,0.027286672571055635,1.132372607771119,0.8831015454959903
2,0.019,26,0.15744712877248437,0.10898813904421253,3.6229800035763353,556.9720027094152,0.22454073693370447,1.9044251736240714,0.03292538413803131,0.027286672571055635,0.0,0.027286672571055635,1.2066470930925064,0.8287427249645195
2,0.019,27,0.13214584760599832,0.0969483555495117,3.6920852410460947,563.3201644211007,0.24755672088940628,1.962932899062766,0.029019470422164597,0.027286672571055635,0.0,0.027286672571055635,1.0635034501402354,0.9402884399370197
2,0.019,28,0.15352038115404976,0.10516701911264452,3.6623106812236075,559.6629357936928,0.1977531344164163,1.7831738756640743,0.030802350002473528,0.027286672571055635,0.0,0.027286672571055635,1.1288422918647527,0.8858633373383663
2,0.019,29,0.12885773070182124,0.0929156128748241,3.7169986155612547,563.9200640097539,0.25949817727087066,2.026559344783675,0.030867621122848656,0.027286672571055635,0.0,0.027286672571055635,1.1312343431566485,0.8839901352442624
2,0.019,30,0.15099671580233712,0.10611955038376525,3.6420118519892597,565.2098831436646,0.23309865020564757,1.9251154627110525,0.02957223264474892,0.027286672571055635,0.0,0.027286672571055635,1.0837610400367284,0.9227126304209186
2,0.019,31,0.17203073879631745,0.1155351496229941,3.6224181977839485,563.0634558320019,0.2362063825421501,1.930205744255856,0.031194634256791358,0.027286672571055635,0.0,0.027286672571055635,1.1432186968036953,0.8747232728050042
2,0.019,32,0.1649954421148587,0.12555644576768377,3.52900313541157,562.1668185961714,0.2101062091824133,1.8223953718014365,0.03198878747988938,0.027286672571055635,0.0,0.027286672571055635,1.1723227666029723,0.8530074041790467
2,0.019,33,0.22273746039106576,0.1348469782416019,3.521839049633174,571.9251101321586,0.24350876614334993,1.9741879580611017,0.03434984593718616,0.027286672571055635,0.0,0.027286672571055635,1.2588506659336247,0.7943753989742314
2,0.019,34,0.14789002067856322,0.10603097301053732,3.656746702469337,566.7654897755993,0.20183428868767805,1.810914780918104,0.029546442057093756,0.027286672571055635,0.0,0.027286672571055635,1.0828158684483637,0.9235180506109169
2,0.019,35,0.13455473794864092,0.09187248711264162,3.7747123679091046,555.6778795614957,0.22159866805304773,1.9020530000477764,0.02870362914629512,0.027286672571055635,0.0,0.027286672571055635,1.0519285219386743,0.9506349330247539
2,0.019,36,0.15381114903299203,0.1040619807992012,3.672603655901859,561.2730375426621,0.2324718127201777,1.9303237403464721,0.029864717153858224,0.027286672571055635,0.0,0.027286672571055635,1.094479991141802,0.9136759082792943
2,0.019,37,0.1300265051117001,0.09567899721527648,3.684768314435493,560.4244604316547,0.20444180181948468,1.824293262062854,0.029818955840190193,0.027286672571055635,0.0,0.027286672571055635,1.0928029338330054,0.9150780703822792
2,0.019,38,0.13685668128317563,0.10548906934010338,3.6163731042511724,569.2898684514194,0.22413737725582905,1.8922316260570833,0.029900164347082727,0.027286672571055635,0.0,0.027286672571055635,1.09577905731164,0.9125927287325402
2,0.019,39,0.14802981895633652,0.10094787252066932,3.7053797282900764,562.9351894112277,0.20353905792580917,1.806718362481111,0.029650866575931353,0.027286672571055635,0.0,0.027286672571055635,1.0866428106512165,0.9202656017212388
2,0.019,40,0.14975443898753305,0.10485398364098882,3.6449838023720993,559.1564034756328,0.21390162312309258,1.8480023975824438,0.033605947437176764,0.027286672571055635,0.0,0.027286672571055635,1.231588327586131,0.8119596277434393
2,0.019,41,0.1451723350833143,0.09990924164554636,3.669767575237575,563.0634558320019,0.20245820606942289,1.8085736028379689,0.030623584314243644,0.027286672571055635,0.0,0.027286672571055635,1.1222908998705705,0.8910345794618187
2,0.019,42,0.1375481531837752,0.10069674174652145,3.6648017534190154,558.9877634262407,0.21396144077880308,1.8399872683674792,0.03155708570362525,0.027286672571055635,0.0,0.027286672571055635,1.1565017911747677,0.8646765682776901
2,0.019,43,0.15061202767429482,0.10564533377392026,3.6392378889187746,562.6361286398541,0.20668274638592266,1.8200276650094018,0.032246398458333984,0.027286672571055635,0.0,0.027286672571055635,1.1817636750821492,0.8461928734867281
2,0.019,44,0.14822673537435588,0.10607264119895236,3.621327273279925,560.806001818733,0.2491226173879113,1.9804654229295615,0.0301428480730053,0.027286672571055635,0.0,0.027286672571055635,1.104672912921576,0.9052453339833028
2,0.019,45,0.16477314917947575,0.11344606655239363,3.640302701616,549.540877701047,0.24283742692205124,1.969737799302844,0.0302044843290006,0.027286672571055635,0.0,0.027286672571055635,1.1069317539669545,0.9033980608255757
2,0.019,46,0.13496932515337423,0.09943395916623743,3.656659002378317,560.5092024539878,0.21053499847766943,1.8402309821802874,0.03154183322727896,0.027286672571055635,0.0,0.027286672571055635,1.1559428195263717,0.8650946942252156
2,0.019,47,0.15034238670462413,0.10438166978496613,3.659566834472963,569.377317842579,0.19599265011493117,1.7831893916557384,0.030303196171299427,0.027286672571055635,0.0,0.027286672571055635,1.1105493384137857,0.9004552660652746
2,0.019,48,0.26976780066342665,0.15302609208516796,3.499155867455797,570.8680860911826,0.20436843286734074,1.819499233163232,0.03205802872851625,0.027286672571055635,0.0,0.027286672571055635,1.1748603148674799,0.8511650171048603
2,0.019,49,0.15351583467525495,0.10224780096568659,3.6572390348538244,567.4596273291926,0.2454111172701232,1.9628042634031933,0.03193034859647392,0.027286672571055635,0.0,0.027286672571055635,1.1701811026363131,0.8545685772459405
2,0.03,0,0.20602446021440435,0.10751433317958196,3.8350261327787005,558.6928884191454,0.24663716743816622,1.987556929356138,0.03242452155562393,0.04308421984903522,0.0,0.04308421984903522,0.7525846277184013,1.3287542200160052
2,0.03,1,0.13652685461074185,0.08984241660070036,3.8900320389646663,565.3823057529223,0.44811845719232224,2.7685240658759698,0.032394581694694606,0.04308421984903522,0.0,0.04308421984903522,0.7518897129437059,1.329982287009784
2,0.03,2,0.12119843420656429,0.08100631001262783,3.9185392532342833,557.0975609756098,0.25031535257585347,1.990754852911646,0.030908769560702484,0.04308421984903522,0.0,0.04308421984903522,0.7174034871469217,1.3939157223460827
2,0.03,3,0.09753303291835332,0.07418444460047038,3.928810701627081,565.2098831436646,0.26822321544750594,2.0531007775040657,0.030485103114605706,0.04308421984903522,0.0,0.04308421984903522,0.7075700389011073,1.4132876535488297
2,0.03,4,0.11621049448056858,0.08009411728535491,3.9120885951490614,559.5362165431725,0.22597168758511543,1.8997857512610292,0.030331492983242215,0.04308421984903522,0.0,0.04308421984903522,0.7040046933546001,1.4204450757777973
2,0.03,5,0.11353211009174312,0.07951924183384473,3.9233107183564218,565.7706422018349,0.24198297917610034,1.9617400357706654,0.03194728438907308,0.04308421984903522,0.0,0.04308421984903522,0.7415077840799866,1.3486035095919233
2,0.03,6,0.13533200429381997,0.08832464441976945,3.8617755700151353,567.4161938353013,0.24459205177845433,1.964889731974134,0.034416157326801554,0.04308421984903522,0.0,0.04308421984903522,0.798811199260284,1.2518602655120772
2,0.03,7,0.11650263218127718,0.07911605864981168,3.935149474894191,564.6072327763791,0.2273376534867566,1.9008257872224918,0.02979349302741508,0.04308421984903522,0.0,0.04308421984903522,0.6915175238593126,1.4460949513167323
2,0.03,8,0.1413486197013124,0.08574933878448379,3.9127874613602645,558.188112837532,0.2780300779850222,2.1240191941187607,0.030715564066390255,0.04308421984903522,0.0,0.04308421984903522,0.7129191192045704,1.4026836608278035
2,0.03,9,0.09941967012828344,0.07679141627837309,3.9195093829552126,565.0806353084912,0.2176018688478507,1.8637791763753935,0.029276020873164454,0.04308421984903522,0.0,0.04308421984903522,0.6795068119080734,1.4716555926672363
2,0.03,10,0.1013908945808315,0.07472613356890483,3.941008836710433,562.4653796458159,0.23235008353367448,1.9039739681437822,0.030768981293043448,0.04308421984903522,0.0,0.04308421984903522,0.714158951951696,1.4002484982749857
2,0.03,11,0.10782241014799154,0.07623546797002952,3.953316722753185,558.7771066143159,0.284395445487462,2.145708978522732,0.030207842567706603,0.04308421984903522,0.0,0.04308421984903522,0.7011347234220151,1.4262594143381155
2,0.03,12,0.08973970944309928,0.07412819530324569,3.9163195152313324,559.9588377723971,0.2346280442434363,1.9477446085807015,0.03223416583579751,0.04308421984903522,0.0,0.04308421984903522,0.7481664040510491,1.336601048356841
2,0.03,13,0.06174259855806105,0.06861779228072076,3.899451935999461,567.5899677864703,0.2289961008937098,1.8888423285371585,0.0322840589345773,0.04308421984903522,0.0,0.04308421984903522,0.7493244405422427,1.334535410691206
2,0.03,14,0.1064540622627183,0.07639183600654076,3.9265097999461624,561.9111617312072,0.24489902763161808,1.9611715659892868,0.030493822529493182,0.04308421984903522,0.0,0.04308421984903522,0.7077724196084295,1.4128835375546895
2,0.03,15,0.1087936435174574,0.07589263886552583,3.943420893712941,565.3823057529223,0.2762730870745145,2.0877349121391937,0.03059088757772351,0.04308421984903522,0.0,0.04308421984903522,0.7100253337512511,1.408400450610313
2,0.03,16,0.1182997226178874,0.08338673509832362,3.877819514791394,554.8046330309619,0.2567910562211182,2.031748998756904,0.03296791342462619,0.04308421984903522,0.0,0.04308421984903522,0.765196945427908,1.3068530996824448
2,0.03,17,0.10133130467858502,0.07463718892446902,3.9436382019072247,562.977938379612,0.22749645117437467,1.888966037706584,0.030478708198754242,0.04308421984903522,0.0,0.04308421984903522,0.7074216106395796,1.4135841836891303
2,0.03,18,0.10142267094997705,0.07743169971936775,3.9360002319364056,566.0298301973382,0.25686830579070374,2.014417734265953,0.030859664988792383,0.04308421984903522,0.0,0.04308421984903522,0.7162637526436125,1.3961337514416488
2,0.03,19,0.1029524246596298,0.07441648513932574,3.973104156790643,566.0298301973382,0.2748445047182031,2.1066800110074944,0.028902459999031023,0.04308421984903522,0.0,0.04308421984903522,0.6708363317312854,1.4906765669939392
2,0.03,20,0.11318464572902442,0.078283816609775,3.9218201542249718,561.4005461993628,0.30038027913542464,2.202741352007786,0.030013868110938792,0.04308421984903522,0.0,0.04308421984903522,0.6966325075887592,1.4354770831198806
2,0.03,21,0.12434044505620555,0.08210567186372209,3.915771610323056,565.9002064693738,0.2516780640289653,1.981885556455293,0.030645154527299504,0.04308421984903522,0.0,0.04308421984903522,0.7112848888683252,1.4059064316564196
2,0.03,22,0.1064545732639951,0.07652660320896218,3.9342109123325386,565.9434077699602,0.3213222337944899,2.2811355630717016,0.029606132894874994,0.04308421984903522,0.0,0.04308421984903522,0.6871688288336957,1.455246451875968
2,0.03,23,0.1348374354299605,0.08597096738675154,3.8580686691627655,562.1668185961714,0.2605932093283627,2.0435502714826095,0.030293677414426127,0.04308421984903522,0.0,0.04308421984903522,0.7031269806108487,1.422218216020156
2,0.03,24,0.09919089002097693,0.07480262470665726,3.9496645964591752,554.431225651783,0.2291162271576468,1.9183997278685192,0.029905117943939824,0.04308421984903522,0.0,0.04308421984903522,0.6941083777012963,1.440697205401462
2,0.03,25,0.15903668356695497,0.08392703253069007,3.9652949606823436,551.7903370116313,0.2587686430779286,2.033151895915726,0.0326971774608784,0.04308421984903522,0.0,0.04308421984903522,0.7589130678342917,1.3176739766172396
2,0.03,26,0.1082704450947174,0.07684312698245221,3.956782035181296,569.8587709841368,0.24001846186001785,1.935078296579309,0.030166903165176652,0.04308421984903522,0.0,0.04308421984903522,0.7001845053915298,1.4281949861784204
2,0.03,27,0.13455797933409874,0.08039636873877065,3.944632576532582,566.4190585533869,0.29788177215959877,2.184959914642149,0.031593824147938245,0.04308421984903522,0.0,0.04308421984903522,0.7333038467132815,1.3636911963329648
2,0.03,28,0.1105750823187074,0.07585703338637387,3.9531400054852357,566.6788421778084,0.2412365963391494,1.9558002391523601,0.028823002658494194,0.04308421984903522,0.0,0.04308421984903522,0.6689920987194021,1.4947859652067934
2,0.03,29,0.10685036356678147,0.0767532916256143,3.948607152532512,566.4190585533869,0.27902025781804696,2.1070560449486413,0.03208547523699632,0.04308421984903522,0.0,0.04308421984903522,0.7447152425974544,1.3427951286617297
2,0.03,30,0.09856043872343667,0.07514609658379935,3.928512286792127,563.6628075253257,0.2115574841736816,1.8419666958138232,0.03157699103540957,0.04308421984903522,0.0,0.04308421984903522,0.7329131442104242,1.3644181550015884
2,0.03,31,0.10845756008518406,0.07862289853478803,3.8972907968390174,562.849710982659,0.25679897074587643,2.0294006953484693,0.03301693828069385,0.04308421984903522,0.0,0.04308421984903522,0.7663348296982845,1.3049126325025737
2,0.03,32,0.10667278849097031,0.07641686585747878,3.9349115788230087,566.2892561983471,0.29755642713280395,2.1662671107764533,0.0299997176877334,0.04308421984903522,0.0,0.04308421984903522,0.6963040712551091,1.4361541764325318
2,0.03,33,0.15908227607688216,0.08442734082781989,3.9454540212527447,562.2094507331155,0.23592265549814329,1.930959586246363,0.030759034874689915,0.04308421984903522,0.0,0.04308421984903522,0.713928092059411,1.4007012906795422
2,0.03,34,0.10042411390487731,0.07775843851709287,3.906961749126381,560.4668282338686,0.29226778374868445,2.167657969026423,0.03379476479655553,0.04308421984903522,0.0,0.04308421984903522,0.7843884585811363,1.2748785235938822
2,0.03,35,0.14895403878454727,0.08433677621019381,3.916880301734357,564.9945029775538,0.24853042591712438,1.9922342449673205,0.030700119431824525,0.04308421984903522,0.0,0.04308421984903522,0.7125606437669311,1.403389323768331
2,0.03,36,0.09575036240177005,0.07392261545927449,3.93758966162225,564.6072327763791,0.254859995940933,2.016391979635702,0.03139051197800062,0.04308421984903522,0.0,0.04308421984903522,0.7285848992506139,1.3725236427883012
2,0.03,37,0.13524155686809025,0.07974050384970291,3.938137746743719,560.3820990458883,0.24258584136259742,1.9634053608029305,0.03148143897718455,0.04308421984903522,0.0,0.04308421984903522,0.730695347101417,1.3685594194172483
2,0.03,38,0.10670220868240671,0.0754255900976676,3.9470737654128767,563.6199543031227,0.25206997597706504,1.9861623429769755,0.0312311313655961,0.04308421984903522,0.0,0.04308421984903522,0.7248856187956588,1.379527989065947
2,0.03,39,0.11728964774650054,0.08273823075647466,3.876342197408863,569.158744808491,0.2798826076614205,2.0942881914256,0.031152162862944817,0.04308421984903522,0.0,0.04308421984903522,0.7230527318842099,1.3830249937568047
2,0.03,40,0.09918051619820786,0.07518064658041158,3.9620199476918674,566.7654897755993,0.2584552707558032,2.0212700453982464,0.029101219618449248,0.04308421984903522,0.0,0.04308421984903522,0.675449612884215,1.4804953336636515
2,0.03,41,0.10026830203142967,0.07484954516639883,3.9441212264726615,567.2859333077807,0.29197871743235737,2.171498027108364,0.029752186784206738,0.04308421984903522,0.0,0.04308421984903522,0.6905587913267733,1.4481026272631994
2,0.03,42,0.13968688250493996,0.08600501023859596,3.89857165824731,562.4227086183311,0.2892185869277455,2.113937825558427,0.031998277688189046,0.04308421984903522,0.0,0.04308421984903522,0.7426913566105939,1.346454339476469
2,0.03,43,0.10707254278358322,0.07448895000819063,3.98780525219064,560.3820990458883,0.3013455468171742,2.1831685243010077,0.02901812105677998,0.04308421984903522,0.0,0.04308421984903522,0.6735208658403915,1.4847349959265796
2,0.03,44,0.10333935018050541,0.07242891209773798,3.975652235674933,556.5956678700361,0.2592775756493211,2.023353580841943,0.028066035602424287,0.04308421984903522,0.0,0.04308421984903522,0.6514226252852242,1.5351017314790867
2,0.03,45,0.1062676540193908,0.07553338478412877,3.950596438735753,564.9514466753187,0.2708521810709499,2.0617972967679417,0.029838873215129215,0.04308421984903522,0.0,0.04308421984903522,0.6925708140865268,1.4438956705372576
2,0.03,46,0.09723278090314733,0.07549334041492575,3.915339245615802,562.5934316557701,0.2576233837462496,2.0127646185486596,0.031075416737129366,0.04308421984903522,0.0,0.04308421984903522,0.7212714271261254,1.386440613604308
2,0.03,47,0.10937617862261446,0.07676371397358361,3.9413037383859586,558.2301425661915,0.2655540076084435,2.0544885550018375,0.03038287357675534,0.04308421984903522,0.0,0.04308421984903522,0.7051972551253171,1.4180429556866256
2,0.03,48,0.11660476632621479,0.07815925728678536,3.9231612137682337,572.5877437325905,0.2345163986319676,1.9183725517884946,0.03134991398938958,0.04308421984903522,0.0,0.04308421984903522,0.7276426055580903,1.374301054338367
2,0.03,49,0.1147713598074609,0.07761790425913614,3.942975721754576,556.5956678700361,0.22503813981893472,1.9021843673816519,0.03125142139296398,0.04308421984903522,0.0,0.04308421984903522,0.7253565575161226,1.3786323286637867
2,0.06,0,0.06591119333950046,0.05822848848182605,4.171206143175546,570.472710453284,0.31796870814287104,2.262341229162394,0.0295121491756781,0.08616843969807043,0.0,0.08616843969807043,0.34249371671446155,2.9197615932723933
2,0.06,1,0.0925183448067176,0.06059271687991622,4.165901872440353,559.831984265073,0.3372285659715999,2.3567017891853403,0.029766041763333508,0.08616843969807043,0.0,0.08616843969807043,0.3454401851493669,2.89485717930473
2,0.06,2,0.05809715093357137,0.057590193891899955,4.168868673420714,550.5201963847355,0.30211413063807413,2.2133591869764473,0.0292595650823002,0.08616843969807043,0.0,0.08616843969807043,0.33956243358733357,2.944966524816726
2,0.06,3,0.0765298336639707,0.059085496504543304,4.163989853370217,564.6502365328857,0.31449893035460263,2.24864405833734,0.029697608601572535,0.08616843969807043,0.0,0.08616843969807043,0.3446460061901011,2.901527892502014
2,0.06,4,0.08729013142900555,0.06176052742750479,4.157920361698078,562.2094507331155,0.3324107764638029,2.3081897124404636,0.032360326253019545,0.08616843969807043,0.0,0.08616843969807043,0.37554731600581814,2.662780313904593
2,0.06,5,0.07848749623380537,0.059838161707804864,4.165761802906235,557.4326604398915,0.3181591014727019,2.26712536746877,0.030908651348602437,0.08616843969807043,0.0,0.08616843969807043,0.35870037170110874,2.7878421069305768
2,0.06,6,0.08464805825242719,0.05917131451966043,4.174014208387183,561.3155339805825,0.35377150858403184,2.4261045327450415,0.03039560414897618,0.08616843969807043,0.0,0.08616843969807043,0.3527463681074038,2.8348980752525317
2,0.06,7,0.09422148461074231,0.06091356528458147,4.172268816921296,558.2721786360893,0.3093040373350959,2.23984808945798,0.0316114211928949,0.08616843969807043,0.0,0.08616843969807043,0.3668561401791609,2.7258641480326093
2,0.06,8,0.12339585389930899,0.0658007044882987,4.166795657718479,561.953755030754,0.33123310015071183,2.304171664374819,0.031175393706263207,0.08616843969807043,0.0,0.08616843969807043,0.36179596399215425,2.7639888211182075
2,0.06,9,0.07737003058103975,0.05893876549957146,4.165197545125007,565.7706422018349,0.3294794489920605,2.320510641239296,0.029504436309840527,0.08616843969807043,0.0,0.08616843969807043,0.34240420754074785,2.9205248591490944
2,0.06,10,0.08686730506155951,0.06097127555111065,4.162253276725701,562.4227086183311,0.312292813352542,2.260845999698276,0.032944807661327485,0.08616843969807043,0.0,0.08616843969807043,0.3823303262396803,2.615539316054952
2,0.06,11,0.10487954580328372,0.06247140139191138,4.167210059549274,567.7638483965014,0.32213691860670224,2.282023442573957,0.03234028479821658,0.08616843969807043,0.0,0.08616843969807043,0.37531473137421534,2.6644304537114722
2,0.06,12,0.08925869894099848,0.06079527600670825,4.172217808643054,559.7897125567322,0.35067906440235674,2.3790754420114255,0.031436425703706854,0.08616843969807043,0.0,0.08616843969807043,0.36482528654178253,2.741038071892181
2,0.06,13,0.09571007036392525,0.060833863941825,4.167336904405612,559.9165468714534,0.28681167811737396,2.1511932952511756,0.030205076901996055,0.08616843969807043,0.0,0.08616843969807043,0.3505352656707376,2.852780013692868
2,0.06,14,0.08904924862371671,0.06037211289105351,4.168971829578958,550.5610772206517,0.3222575824474916,2.2809933905496784,0.030904418825680055,0.08616843969807043,0.0,0.08616843969807043,0.35865125252316826,2.7882239165898404
2,0.06,15,0.08866011063306699,0.06096249780266725,4.153471165920211,568.5476336816226,0.35592730599455535,2.4212434623417893,0.03206181444379862,0.08616843969807043,0.0,0.08616843969807043,0.3720830336041999,2.6875721537567907
2,0.06,16,0.10304467564259485,0.061254978086796676,4.175958679951145,566.1162790697674,0.30365843934123404,2.2423979132553757,0.030370411486984182,0.08616843969807043,0.0,0.08616843969807043,0.3524540028042804,2.837249661072243
2,0.06,17,0.09561542525092445,0.06258879203595306,4.144148011859338,558.4824541544034,0.3260326345334761,2.293251509780548,0.03338743038870503,0.08616843969807043,0.0,0.08616843969807043,0.38746704136332033,2.5808646755642872
2,0.06,18,0.08921114569888391,0.0606423857904463,4.171566162633005,561.8685748994002,0.28310617970419116,2.1395801611351284,0.03036596306585368,0.08616843969807043,0.0,0.08616843969807043,0.35240237808940694,2.8376653001651793
2,0.06,19,0.08209295261239369,0.059069841222643894,4.179572594562396,561.9963547995139,0.30921606431365944,2.228749709399565,0.030124037173181323,0.08616843969807043,0.0,0.08616843969807043,0.34959478526864735,2.860454566653637
2,0.06,20,0.07857035137988237,0.059265269985698844,4.171104266106927,558.0200573065903,0.34070016926852986,2.3608081378190198,0.029833343256104452,0.08616843969807043,0.0,0.08616843969807043,0.3462212308896259,2.8883266269675887
2,0.06,21,0.09405940594059406,0.059907569577221396,4.193999768526832,563.6199543031227,0.30765025701839477,2.238680772990182,0.02884730860913279,0.08616843969807043,0.0,0.08616843969807043,0.33477812422056386,2.987052999141497
2,0.06,22,0.0918808278371617,0.06021031901010505,4.17049230099731,561.018194223334,0.34801693886402063,2.384632300636291,0.029482459111529212,0.08616843969807043,0.0,0.08616843969807043,0.3421491582629807,2.9227019147929214
2,0.06,23,0.0820470552974674,0.06150228939075423,4.158844922863803,554.5141615465308,0.29906301185837947,2.1979230188310037,0.029496854814360568,0.08616843969807043,0.0,0.08616843969807043,0.3423162229432952,2.921275513622532
2,0.06,24,0.06546569566883864,0.057606896076696716,4.184484559912771,567.2859333077807,0.30757487352821045,2.2178173764845255,0.0288896056847008,0.08616843969807043,0.0,0.08616843969807043,0.33526898927180787,2.9826796751228435
2,0.06,25,0.07616318528014479,0.05905405105767454,4.176515291248397,558.0620616846392,0.29077031833003275,2.161159433071613,0.031160929857979833,0.08616843969807043,0.0,0.08616843969807043,0.36162810847180304,2.765271771118346
2,0.06,26,0.08355327652514893,0.060727931261536985,4.161019441395932,558.0620616846392,0.3166840251360554,2.267079137520243,0.03140844832121436,0.08616843969807043,0.0,0.08616843969807043,0.3645006040641779,2.7434796783599547
2,0.06,27,0.07504604051565378,0.059010117793518266,4.176701279254408,567.8508287292817,0.3196462607011199,2.260202440151866,0.02968063130411886,0.08616843969807043,0.0,0.08616843969807043,0.34444898164708787,2.9031875641443183
2,0.06,28,0.0749770009199632,0.059168333073926965,4.166811620632896,567.329346826127,0.32515289477305487,2.3106201037350362,0.030373244364566874,0.08616843969807043,0.0,0.08616843969807043,0.35248687885022734,2.8369850340582543
2,0.06,29,0.09913043478260869,0.06135202995122304,4.164239293343741,559.578449905482,0.36793346429476514,2.4630571863131037,0.03210626618771803,0.08616843969807043,0.0,0.08616843969807043,0.3725989039631756,2.68385115834595
2,0.06,30,0.08390177353342429,0.05962366134320809,4.158850827155781,560.8908594815825,0.29512448771856725,2.189381235202621,0.032176481093153485,0.08616843969807043,0.0,0.08616843969807043,0.3734137603732659,2.677994509362472
2,0.06,31,0.07835595776772247,0.05838897521330046,4.175316418356415,558.10407239819,0.2998217447602656,2.204116096039077,0.030504002843110528,0.08616843969807043,0.0,0.08616843969807043,0.3540043541463082,2.8248240121552435
2,0.06,32,0.07984442919240449,0.05946231204806245,4.176889237013956,564.3493479752917,0.30864083144115284,2.19266611808699,0.03069688290750161,0.08616843969807043,0.0,0.08616843969807043,0.3562427614456271,2.807074580103795
2,0.06,33,0.07552341073467835,0.05908802950254852,4.171782451607789,563.4057860677578,0.33408116025384516,2.357189296107927,0.031378329410740195,0.08616843969807043,0.0,0.08616843969807043,0.36415106877515907,2.7461130441372905
2,0.06,34,0.08147584632940282,0.05904926892328229,4.1684902662517995,562.977938379612,0.38951288754469715,2.5355641682671575,0.031629973506242595,0.08616843969807043,0.0,0.08616843969807043,0.3670714430605024,2.724265313755762
2,0.06,35,0.06873614190687362,0.05862134541209665,4.1625569202204975,565.8138236868263,0.3650104419211857,2.4641077488251417,0.03202631768150823,0.08616843969807043,0.0,0.08616843969807043,0.37167108739263144,2.6905509573404216
2,0.06,36,0.062251556288907224,0.057086153171111764,4.173772876387482,555.0538513462836,0.2957516473252326,2.1621008745382526,0.031349865466275655,0.08616843969807043,0.0,0.08616843969807043,0.3638207396597164,2.7486063629448547
2,0.06,37,0.08167285400409122,0.059465599679828875,4.168346615815061,560.6787635426926,0.33530494177830406,2.3143263580356184,0.029093015626510912,0.08616843969807043,0.0,0.08616843969807043,0.3376295976630338,2.961825642424972
2,0.06,38,0.08504958047292144,0.059601462734907275,4.181966521377436,564.4782608695652,0.3683338570408523,2.4651735962368813,0.030631858355519015,0.08616843969807043,0.0,0.08616843969807043,0.35548814000638046,2.813033368657676
2,0.06,39,0.07265087853323147,0.059485290401943634,4.158443754715785,565.3391902215432,0.350501566688763,2.3744805982750243,0.03062517871728246,0.08616843969807043,0.0,0.08616843969807043,0.35541062162192366,2.813646917575168
2,0.06,40,0.07749943237720427,0.0585888999032851,4.175027657241492,560.0857488836751,0.3256859097164124,2.285254362560953,0.030531341957653956,0.08616843969807043,0.0,0.08616843969807043,0.3543216294113498,2.822294539741602
2,0.06,41,0.11118705855547961,0.06241236215563971,4.146037429454686,562.038961038961,0.3363901531265583,2.343446169235656,0.03055157291116397,0.08616843969807043,0.0,0.08616843969807043,0.3545564132090013,2.8204256438326714
2,0.06,42,0.09045263788968826,0.061556340639786024,4.144643174455384,554.5971223021583,0.31902148030349053,2.270513700126706,0.03260126301172119,0.08616843969807043,0.0,0.08616843969807043,0.3783434297517079,2.643101270864572
2,0.06,43,0.060734570238546004,0.058025293357140816,4.146393598972403,560.4244604316547,0.3104580673389137,2.239131840736787,0.032444601007761587,0.08616843969807043,0.0,0.08616843969807043,0.37652533945660055,2.6558637499489275
2,0.06,44,0.06897604150770639,0.05836315640843883,4.171532049600086,564.6502365328857,0.2887169263558462,2.187819590741137,0.030993085213757966,0.08616843969807043,0.0,0.08616843969807043,0.3596802416564123,2.7802472423694007
2,0.06,45,0.0799206893922062,0.059320581909176856,4.173123176079946,564.3493479752917,0.31604244461050257,2.2591471729039716,0.03034585358172689,0.08616843969807043,0.0,0.08616843969807043,0.35216900396545564,2.8395457542824816
2,0.06,46,0.08282628536659568,0.05881809709237941,4.180453342368872,562.849710982659,0.30517007200978696,2.2073298169773037,0.028632879196055297,0.08616843969807043,0.0,0.08616843969807043,0.33228963291413144,3.0094228075373475
2,0.06,47,0.11615740389718705,0.062213344405333895,4.168317132769209,561.1031162332247,0.30565672763623297,2.1905480200019305,0.0321651308882841,0.08616843969807043,0.0,0.08616843969807043,0.37328203923604725,2.6789395012055315
2,0.06,48,0.25252601990427714,0.0769553558064945,4.156124415538205,562.2094507331155,0.3470722178753931,2.375852578757632,0.03554917248571489,0.08616843969807043,0.0,0.08616843969807043,0.4125544411652024,2.4239225183848214
2,0.06,49,0.09437123924137406,0.0603835966708092,4.166145592482104,563.6628075253257,0.3493662987893913,2.414616760177932,0.031988836887760067,0.08616843969807043,0.0,0.08616843969807043,0.3712361161446955,2.6937034316193342
2,0.12,0,0.0822097233993374,0.05338659999186335,4.273570142129044,570.1655751598737,0.6108421518583782,3.400570010182632,0.031088701856905772,0.17233687939614087,0.0,0.17233687939614087,0.18039494486519023,5.543392586456918
2,0.12,1,0.06370789091742418,0.053177935652570195,4.2699521090745725,565.2960812772134,0.44988577571348287,2.7764003350945874,0.03160289259125605,0.17233687939614087,0.0,0.17233687939614087,0.1833785821235181,5.453199541735093
2,0.12,2,0.08485262838043148,0.05385599574679186,4.267556865967662,562.1668185961714,0.41909151326399297,2.6818015264792847,0.031696749990867454,0.17233687939614087,0.0,0.17233687939614087,0.1839231979941331,5.437052046212782
2,0.12,3,0.08049442267108833,0.05355578655176227,4.269670369618076,557.7681640036177,0.4172066085739061,2.667424631571172,0.03183971539175576,0.17233687939614087,0.0,0.17233687939614087,0.18475276738977986,5.412638815256621
2,0.12,4,0.07277242624924744,0.05304681335667415,4.273478410007989,556.9301625526791,0.43885148159461096,2.7310783616793803,0.029834210518015675,0.17233687939614087,0.0,0.17233687939614087,0.17311564780883315,5.776485330224293
2,0.12,5,0.07182112474591583,0.053388785208044395,4.270756894363443,557.1394263344124,0.45292407102533616,2.8055119319064357,0.03106098142217598,0.17233687939614087,0.0,0.17233687939614087,0.18023409458852907,5.548339798210658
2,0.12,6,0.04590163934426229,0.052442172979503814,4.268899787891667,564.2634388105223,0.4446560720389243,2.7539543550557437,0.031623080232082226,0.17233687939614087,0.0,0.17233687939614087,0.18349572269666128,5.449718311162547
2,0.12,7,0.08301289301063108,0.05401458626096913,4.267185905335829,557.9780592626103,0.4822966762294527,2.9236063402778427,0.03290341232405105,0.17233687939614087,0.0,0.17233687939614087,0.19092496301048756,5.237659781267418
2,0.12,8,0.07673716012084592,0.05366897875702665,4.269788879851776,558.9456193353475,0.5271604172303341,3.082893836877894,0.032715618307563775,0.17233687939614087,0.0,0.17233687939614087,0.1898352716040672,5.267724967811382
2,0.12,9,0.07248373517030234,0.05304967337902463,4.277842220317794,566.4190585533869,0.42259995130007155,2.668817406282841,0.02935151989090477,0.17233687939614087,0.0,0.17233687939614087,0.17031479271152472,5.87148059237448
2,0.12,10,0.07300150829562595,0.052959920828098014,4.2776148987965525,558.10407239819,0.592571991175646,3.3892614290957375,0.029987274669441615,0.17233687939614087,0.0,0.17233687939614087,0.17400381609853566,5.747000395863247
2,0.12,11,0.06294772138393538,0.05263834232435136,4.27285274486523,563.9629629629629,0.45104269476723857,2.792367707968441,0.030327868543091937,0.17233687939614087,0.0,0.17233687939614087,0.17598014220379962,5.682459324540816
2,0.12,12,0.058076776890916004,0.05304890167126891,4.264061745559632,562.5507411630558,0.4370673139637802,2.7341289730993683,0.03341360545767342,0.17233687939614087,0.0,0.17233687939614087,0.19388540383667668,5.157685829936793
2,0.12,13,0.06244764298225573,0.0527850252611243,4.275638507738467,563.5771076079507,0.4291338983748574,2.723441242220959,0.02921154544473316,0.17233687939614087,0.0,0.17233687939614087,0.16950257859541637,5.899615264183607
2,0.12,14,0.06416950435111615,0.05287230691489163,4.269947184751092,560.0011350737798,0.4762773478869349,2.879304197505325,0.03213451545203395,0.17233687939614087,0.0,0.17233687939614087,0.1864633708387407,5.362983601024949
2,0.12,15,0.06505295007564296,0.05295118670407038,4.2705584254612114,559.7897125567322,0.4343267016520258,2.7319304034051894,0.029994582909580157,0.17233687939614087,0.0,0.17233687939614087,0.17404622280895163,5.7456001277182995
2,0.12,16,0.06399517017583578,0.05301712464926326,4.267109126996508,558.4824541544034,0.5414969277335331,3.136724713223158,0.03149166081071998,0.17233687939614087,0.0,0.17233687939614087,0.1827331498694015,5.472460802622267
2,0.12,17,0.06641423703142749,0.05309737611671289,4.269322648212102,560.4244604316547,0.4681631635467056,2.855515798846568,0.0315004627599657,0.17233687939614087,0.0,0.17233687939614087,0.1827842239591527,5.470931671999619
2,0.12,18,0.07068497284248643,0.05307102921230652,4.275026471254438,558.2721786360893,0.4212467969628051,2.68986016013232,0.03001030231167627,0.17233687939614087,0.0,0.17233687939614087,0.17413743603128218,5.742590581271447
2,0.12,19,0.06404468589792639,0.05286849952950888,4.272842244832591,566.2460019894406,0.46424280930659734,2.8622884852563004,0.02977032706130201,0.17233687939614087,0.0,0.17233687939614087,0.17274495839553108,5.788880956573665
2,0.12,20,0.072792272001217,0.0532198400481521,4.2707058514249825,562.8924469460713,0.45186831036699004,2.836083804343601,0.030413733560243076,0.17233687939614087,0.0,0.17233687939614087,0.1764783815676085,5.666416425158014
2,0.12,21,0.06174850671010783,0.05275743192727473,4.271207018767928,574.0509657900861,0.4301913557574153,2.7082949974784505,0.029815991227509216,0.17233687939614087,0.0,0.17233687939614087,0.17300992876268179,5.780015095964249
2,0.12,22,0.05621323803141985,0.052388991524200755,4.279259410410459,551.0111681929864,0.4429975332750473,2.75603792295598,0.02822518415519714,0.17233687939614087,0.0,0.17233687939614087,0.1637791298884874,6.1057840561301795
2,0.12,23,0.05524986809376649,0.052663362892782,4.270688125075031,557.8101303987337,0.4590928352845367,2.846492586335866,0.029363644239840784,0.17233687939614087,0.0,0.17233687939614087,0.17038514531961707,5.869056237996273
2,0.12,24,0.06616199848599545,0.05328105031849881,4.26743524638917,560.2127176381529,0.42919085995526984,2.6975194824294744,0.031013380035912565,0.17233687939614087,0.0,0.17233687939614087,0.1799578833304965,5.556855756985531
2,0.12,25,0.06802567006417516,0.05345109990526038,4.269180964504578,558.7349943374859,0.43821282673161477,2.769968576235663,0.03098391064903007,0.17233687939614087,0.0,0.17233687939614087,0.17978688460413128,5.562140988214338
2,0.12,26,0.054940947824786965,0.05258744857261091,4.272530127690217,553.1901629541037,0.467825151165016,2.8374657757303514,0.029025521355842396,0.17233687939614087,0.0,0.17233687939614087,0.16842315735056976,5.937425801361258
2,0.12,27,0.06799387442572741,0.05387077096501431,4.2559409009495,566.635528330781,0.44316400450770743,2.7613977246387797,0.03418075306529993,0.17233687939614087,0.0,0.17233687939614087,0.19833684574693153,5.041927515959152
2,0.12,28,0.05242542934618861,0.05306064327007865,4.265244549624845,557.4326604398915,0.4379085815162398,2.7425924822924133,0.030822768277146112,0.17233687939614087,0.0,0.17233687939614087,0.17885184172504126,5.591220030808264
2,0.12,29,0.06519589197413465,0.05379631906243037,4.257984863522625,562.977938379612,0.4974617952830158,2.9595299025233044,0.03069542378482021,0.17233687939614087,0.0,0.17233687939614087,0.17811291403427587,5.614416031661584
2,0.12,30,0.04251428571428571,0.05255905303551879,4.264920945617253,563.8342857142857,0.4164852714166045,2.638470786535012,0.02897849675082675,0.17233687939614087,0.0,0.17233687939614087,0.16815029291679087,5.94706070773751
2,0.12,31,0.06809412120753575,0.05281188139684948,4.276711040557442,559.9165468714534,0.4391805096238386,2.7710683318846,0.029610040529452264,0.17233687939614087,0.0,0.17233687939614087,0.17181488160400868,5.820217612492704
2,0.12,32,0.05078331945810944,0.05219377501172593,4.2750938474354605,560.0857488836751,0.4298271593870595,2.708966788886479,0.030373325964999653,0.17233687939614087,0.0,0.17233687939614087,0.1762439129188491,5.673954824530289
2,0.12,33,0.06983621474067334,0.053510605806244976,4.267660888949897,561.1455868971792,0.4873755201115273,2.962620494471776,0.032334340190349246,0.17233687939614087,0.0,0.17233687939614087,0.1876228715736703,5.329840608517437
2,0.12,34,0.0776458208057727,0.05312171805243538,4.275535326887343,556.2615754660253,0.4881715487281326,2.9228439835497406,0.02985959816366055,0.17233687939614087,0.0,0.17233687939614087,0.17326296187030293,5.7715739659844685
2,0.12,35,0.06510317520749258,0.053566344559772015,4.26168460159959,563.4914337927358,0.47408116509905085,2.900483559699852,0.03213480398482972,0.17233687939614087,0.0,0.17233687939614087,0.18646504507583253,5.362935447731316
2,0.12,36,0.0673040152963671,0.05303709779510179,4.265936504895062,565.9866156787763,0.47543422546004876,2.9280308917633633,0.03136962230964458,0.17233687939614087,0.0,0.17233687939614087,0.18202501066261642,5.493750536586981
2,0.12,37,0.07551224004297445,0.05320710495028745,4.276939310377537,567.8943289079887,0.45994552233605646,2.8052839029481653,0.03043062183192166,0.17233687939614087,0.0,0.17233687939614087,0.17657637725917355,5.663271698751809
2,0.12,38,0.05830415588369615,0.052788632129401714,4.278464522673012,563.2773633734206,0.4391783332976047,2.754774079045193,0.029824535880893153,0.17233687939614087,0.0,0.17233687939614087,0.17305950987041613,5.778359136396388
2,0.12,39,0.18537104622871045,0.05661616095040176,4.275503049569597,562.6788321167883,0.4709274982451461,2.8911070548839692,0.03266129150522949,0.17233687939614087,0.0,0.17233687939614087,0.18952003552386987,5.276486980575998
2,0.12,40,0.057786259541984734,0.05271188371034765,4.27045619320983,564.9083969465648,0.4431550404697191,2.755158423139455,0.030851475000757675,0.17233687939614087,0.0,0.17233687939614087,0.1790184150302569,5.586017504573395
2,0.12,41,0.06151655926869474,0.05302077927170465,4.266990268065009,554.5141615465308,0.45021375932265073,2.7780644773354704,0.03170854452153097,0.17233687939614087,0.0,0.17233687939614087,0.18399163680249986,5.435029642534346
2,0.12,42,0.05457463884430177,0.052926083664436414,4.268688341819255,565.641137353818,0.4543395307264291,2.801206021802132,0.030978830853756068,0.17233687939614087,0.0,0.17233687939614087,0.1797574086423302,5.563053047731324
2,0.12,43,0.05911368015414258,0.05272506563788472,4.275255788886893,570.3410404624277,0.46454272337723523,2.8173129008245974,0.029802195877126587,0.17233687939614087,0.0,0.17233687939614087,0.1729298800207586,5.782690648255579
2,0.12,44,0.07062341844950541,0.05338317522442169,4.270305586607133,567.4596273291926,0.4298437904508319,2.7178599358969597,0.03125010235423601,0.17233687939614087,0.0,0.17233687939614087,0.18133148554003464,5.514762077980211
2,0.12,45,0.06971944040975461,0.05293731147622967,4.277220529827673,565.7274673190124,0.4271699891251046,2.6760420051148737,0.029015539966544806,0.17233687939614087,0.0,0.17233687939614087,0.16836523945549955,5.939468284748343
2,0.12,46,0.06831439975437519,0.05312379811651694,4.272047826498029,568.0248695118207,0.44039210767368786,2.7590129952744515,0.03032460524035742,0.17233687939614087,0.0,0.17233687939614087,0.17596120660077635,5.6830708274740145
2,0.12,47,0.053305879661404716,0.052662909443312984,4.2699329638299925,564.3493479752917,0.4753687666961923,2.8774461239694276,0.03054431550027359,0.17233687939614087,0.0,0.17233687939614087,0.17723609483529715,5.642191568987599
2,0.12,48,0.07044282681225357,0.05316953782409898,4.270850323525164,561.1455868971792,0.4962185104377568,2.9448896042475052,0.03007647354067672,0.17233687939614087,0.0,0.17233687939614087,0.17452140044581904,5.729956311635572
2,0.12,49,0.07035290538484941,0.052836777273545944,4.276229815821777,562.849710982659,0.4633464875223581,2.8222236388956494,0.029009717921412655,0.17233687939614087,0.0,0.17233687939614087,0.1683314565231838,5.940660294009118
2,0.25,0,0.0603310197544047,0.050996064997785306,4.308715837670798,564.4352833498589,0.7300671862903982,3.890882521104824,0.03166014543356939,0.3590351654086268,0.0,0.3590351654086268,0.088181182468676,11.340287939042133
2,0.25,1,0.049021095765670056,0.05069706542123757,4.308994615047754,561.57064804978,0.7566108950413764,4.025085642796158,0.030474123472216424,0.3590351654086268,0.0,0.3590351654086268,0.08487782370156714,11.78164043786076
2,0.25,2,0.06012754327361069,0.05088371721470699,4.306153855121501,561.8259945338597,0.737631917669205,3.9424272407357424,0.03372162041500324,0.3590351654086268,0.0,0.3590351654086268,0.09392289018994514,10.647031814903142
2,0.25,3,0.058881256133464184,0.050966935370197086,4.306961989944733,558.6507888578546,0.7185464727517683,3.8607069552659055,0.03133020062984305,0.3590351654086268,0.0,0.3590351654086268,0.08726220618023689,11.45971484991494
2,0.25,4,0.04868370850820298,0.05063006795370007,4.309208250984263,564.6932468523464,0.7115453466540202,3.851372663405815,0.03112349058695516,0.3590351654086268,0.0,0.3590351654086268,0.08668646858458208,11.535825790668538
2,0.25,5,0.0533788914198937,0.050894525940376134,4.308678825692698,561.9111617312072,0.8220810234779492,4.271944459926676,0.030056910096702943,0.3590351654086268,0.0,0.3590351654086268,0.08371578327848313,11.945178804258084
2,0.25,6,0.029726425187222988,0.05045175890554675,4.309295582772494,565.5116918844567,0.7158995163918007,3.828423024691852,0.030568112361774726,0.3590351654086268,0.0,0.3590351654086268,0.08513960555085016,11.745414998460896
2,0.25,7,0.04654700334651658,0.05081080488367023,4.307615688232364,562.849710982659,0.7652952452481259,4.080764998866085,0.030120471007761534,0.3590351654086268,0.0,0.3590351654086268,0.08389281582900295,11.91997181306061
2,0.25,8,0.06126847290640394,0.05116380526854142,4.306955954034689,569.5960591133005,0.7506898209394421,3.9878064545497756,0.03248417900152109,0.3590351654086268,0.0,0.3590351654086268,0.09047631577968149,11.052616271810802
2,0.25,9,0.048750668602429895,0.05077660432397812,4.30686378333225,565.4685565828685,0.7235659528523684,3.851480514237707,0.03268715367356835,0.3590351654086268,0.0,0.3590351654086268,0.09104164946173529,10.983983769102283
2,0.25,10,0.037565347274085135,0.050547355533003976,4.309682541069326,552.6952949962658,0.738519802398514,3.9277797576600655,0.029483158086668602,0.3590351654086268,0.0,0.3590351654086268,0.08211774479837676,12.177635935513017
2,0.25,11,0.05694641656079516,0.05075935693464522,4.310048692206576,553.0663627531575,0.7354147956066299,3.952217153615596,0.02943526988166422,0.3590351654086268,0.0,0.3590351654086268,0.08198436453477534,12.197447716702488
2,0.25,12,0.07242655388565818,0.05105707015857269,4.307526917666302,558.9034816101503,0.7160951653495431,3.8175811308648506,0.03225765016633939,0.3590351654086268,0.0,0.3590351654086268,0.0898453780415246,11.130233093769403
2,0.25,13,0.04841172877214417,0.0506714421242724,4.309343179761281,565.0806353084912,0.7542334798781667,3.9854971076840333,0.030874783407546052,0.3590351654086268,0.0,0.3590351654086268,0.08599375877960784,11.628750902293799
2,0.25,14,0.04566347675382413,0.05073850504144384,4.30823126012736,557.6423027654283,0.7297272572468501,3.8538974469149196,0.03064839181537786,0.3590351654086268,0.0,0.3590351654086268,0.08536320329652436,11.714649420152629
2,0.25,15,0.06957769887436731,0.05091236111236806,4.309729857392747,559.0720707108861,0.7699355235381518,4.059538897324001,0.03027297087059724,0.3590351654086268,0.0,0.3590351654086268,0.08431756492749902,11.859925044797679
2,0.25,16,0.04371667936024372,0.050663026341519236,4.308796525247195,563.6199543031227,0.7747715921141207,4.099473228669803,0.030366706081876423,0.3590351654086268,0.0,0.3590351654086268,0.0845786402212589,11.823316116031023
2,0.25,17,0.07029088461826068,0.05125753526262343,4.309084432414748,553.3966200553353,0.7434616840619128,3.895528620841323,0.03132768618352312,0.3590351654086268,0.0,0.3590351654086268,0.08725520283749451,11.460634638170701
2,0.25,18,0.05149174617598062,0.05079280180210194,4.308775215624624,560.3820990458883,0.7576881614513695,4.012493966608071,0.031103610755818394,0.3590351654086268,0.0,0.3590351654086268,0.08663109843410076,11.543198898265016
2,0.25,19,0.06981691103851706,0.0509206522772474,4.309720227549287,562.2094507331155,0.7343981919402722,3.9351258562194897,0.030181574315454224,0.3590351654086268,0.0,0.3590351654086268,0.08406300335819147,11.8958395495223
2,0.25,20,0.05751563344398981,0.05075491829545575,4.309629112678776,571.3080367482437,0.7275087811576668,3.9391443281413205,0.028094309611036695,0.3590351654086268,0.0,0.3590351654086268,0.07824946500452641,12.779640090090764
2,0.25,21,0.05088360755636807,0.050621015941093465,4.309161356962728,563.7056672760511,0.7357689282216597,3.91010927840633,0.029616977847887863,0.3590351654086268,0.0,0.3590351654086268,0.08249046528403436,12.122613159675621
2,0.25,22,0.054676700967593306,0.05083982660259147,4.306779197654887,568.2861311626478,0.7766066166514065,4.124757451587742,0.03249037010227567,0.3590351654086268,0.0,0.3590351654086268,0.09049355949659577,11.050510175120458
2,0.25,23,0.054391740236420766,0.05082696739362657,4.308388018748866,553.6859194972318,0.7697950902511366,4.084386543267366,0.03078168987172271,0.3590351654086268,0.0,0.3590351654086268,0.08573447070759575,11.663919911637173
2,0.25,24,0.06777709548664415,0.050938878079151824,4.308876514186788,568.0248695118207,0.7061163140460849,3.8541269176975916,0.031097427821763772,0.3590351654086268,0.0,0.3590351654086268,0.08661387746342623,11.545493970319734
2,0.25,25,0.052859750532400364,0.0508130084309611,4.307495816566756,562.849710982659,0.819692933204351,4.284532963770207,0.03156988908525061,0.3590351654086268,0.0,0.3590351654086268,0.08792979665186873,11.372709116560289
2,0.25,26,0.058886509635974305,0.050770281459237496,4.30889508768781,565.9434077699602,0.7402804974408355,3.956046379002283,0.031163496942628818,0.3590351654086268,0.0,0.3590351654086268,0.08679789598648609,11.521016594177512
2,0.25,27,0.07832326283987916,0.05129241423216975,4.3056012997848825,558.9456193353475,0.7655918318778276,3.9928289410151065,0.034293270438743015,0.3590351654086268,0.0,0.3590351654086268,0.09551507412849936,10.46955162966915
2,0.25,28,0.05901911886949293,0.05082687757719498,4.308265972719396,559.2407617320335,0.7315782797813881,3.8716718769814196,0.03235945776282327,0.3590351654086268,0.0,0.3590351654086268,0.09012893688559497,11.095215749292024
2,0.25,29,0.04777094250778461,0.050614746323268664,4.310427403517323,562.038961038961,0.7239641197957098,3.833377632056591,0.02780637241401063,0.3590351654086268,0.0,0.3590351654086268,0.07744749008739439,12.911974279238304
2,0.25,30,0.05286409584425309,0.050820255779481925,4.307048179839906,554.1411456383377,0.7311485034006182,3.9142019752218182,0.031054119284962906,0.3590351654086268,0.0,0.3590351654086268,0.08649325268631959,11.561595487993104
2,0.25,31,0.05689488910318226,0.05080417200546462,4.3081482068733346,548.9712187523181,0.7286201161914505,3.8325346733333134,0.02971478219242268,0.3590351654086268,0.0,0.3590351654086268,0.08276287410065683,12.082712337705823
2,0.25,32,0.04225672093903824,0.050720116580385846,4.306357822569554,560.4244604316547,0.7386704933305737,3.928817969416753,0.031235852719458015,0.3590351654086268,0.0,0.3590351654086268,0.08699942437089057,11.494328924946235
2,0.25,33,0.0469981807155852,0.05081295586221156,4.304878841829743,560.9757428744693,0.8919470179243945,4.50685394663367,0.03405012673801844,0.3590351654086268,0.0,0.3590351654086268,0.09483785996077891,10.544312159864841
2,0.25,34,0.0547673531655225,0.050962026027754515,4.3075102160949825,564.4782608695652,0.7485908465168905,3.9718714472510417,0.03152833941239404,0.3590351654086268,0.0,0.3590351654086268,0.08781407073736316,11.387696659580087
2,0.25,35,0.061140055163959546,0.05084814893375616,4.308948799657328,566.9822249463683,0.78493688988965,4.072947202820903,0.032470745492613175,0.3590351654086268,0.0,0.3590351654086268,0.09043890019981028,11.057188862211504
2,0.25,36,0.05460933323149775,0.05070983592086243,4.3093379045134,565.2098831436646,0.7607362424896564,4.07568241887304,0.02971023068895471,0.3590351654086268,0.0,0.3590351654086268,0.08275019705978037,12.084563366992109
2,0.25,37,0.049668375037684655,0.05075801508976217,4.309067807968391,557.7681640036177,0.7588093428348657,4.04056070814448,0.03134947685229568,0.3590351654086268,0.0,0.3590351654086268,0.08731589513416065,11.452668479931432
2,0.25,38,0.056028686687584046,0.05068889345409041,4.309572528853088,552.8601523980278,0.7268535167968366,3.8635012230650627,0.028870819405438456,0.3590351654086268,0.0,0.3590351654086268,0.08041223308190401,12.43591878590722
2,0.25,39,0.07099115445679292,0.05106714169576533,4.307356611519176,559.4939895667952,0.7203858796565328,3.86724676497441,0.03269527317219692,0.3590351654086268,0.0,0.3590351654086268,0.09106426423435605,10.981256021862498
2,0.25,40,0.05482423335826477,0.05066675794071355,4.309878218622779,553.5205684367988,0.7630498170037754,4.0647859577472705,0.029279204231785042,0.3590351654086268,0.0,0.3590351654086268,0.08154968385467662,12.262463233849227
2,0.25,41,0.12437735849056604,0.051513355869720494,4.307030422625605,558.5245283018868,0.7165675477008335,3.8563909930304705,0.03249248607717578,0.3590351654086268,0.0,0.3590351654086268,0.09049945299980652,11.049790544061498
2,0.25,42,0.0523685019993848,0.05081610062285767,4.307679657236314,569.0713626576438,0.8041893111658283,4.149447032373709,0.03172892505748388,0.3590351654086268,0.0,0.3590351654086268,0.08837275040001277,11.315705299128672
2,0.25,43,0.07118385991625428,0.05091607286589323,4.309876366039945,563.4057860677578,0.7335001538740471,3.9618015533684305,0.02940550241862591,0.3590351654086268,0.0,0.3590351654086268,0.08190145493174403,12.209795306242013
2,0.25,44,0.042609153077327724,0.05062285798627849,4.310490826182234,556.1363943788983,0.7662925799377263,4.109385846559997,0.02952824907259382,0.3590351654086268,0.0,0.3590351654086268,0.08224333412853026,12.159040128859507
2,0.25,45,0.07051185263475766,0.051151811621088374,4.306076569919785,558.6928884191454,0.7837478924775496,4.11274611176925,0.03322608743364365,0.3590351654086268,0.0,0.3590351654086268,0.09254271067244407,10.805821363278527
2,0.25,46,0.0704024069198947,0.0511381175005814,4.308943212422779,556.6374576908612,0.7642113670881372,4.056236144759369,0.03155379591769259,0.3590351654086268,0.0,0.3590351654086268,0.0878849732777023,11.378509461909509
2,0.25,47,0.04407608280498052,0.05057705874108816,4.309627756800243,565.2960812772134,0.7406548018625472,3.919891923457267,0.029506050353658858,0.3590351654086268,0.0,0.3590351654086268,0.08218150531321157,12.168187917570782
2,0.25,48,0.03794472438540235,0.05068015784519972,4.306871644241531,564.9945029775538,0.799408090650104,4.220907609812501,0.030092378399941076,0.3590351654086268,0.0,0.3590351654086268,0.08381457110389785,11.931099650446034
2,0.25,49,0.05264741275571601,0.05080451853517248,4.307341654919576,556.5956678700361,0.7390790626814123,3.9343496407919876,0.0315238751364346,0.3590351654086268,0.0,0.3590351654086268,0.08780163664625024,11.389309336327813
2,0.5,0,0.045131352443679364,0.05016893349519258,4.319505654857432,553.8927475488362,1.3071402995556127,6.208059213984958,0.030377993714663907,0.7180703308172536,0.0,0.7180703308172536,0.04230503950788492,23.637845789356078
2,0.5,1,0.0648900933453779,0.05021329774059467,4.319722495606412,557.0975609756098,1.3157436032197438,6.173863290090208,0.031470837416479464,0.7180703308172536,0.0,0.7180703308172536,0.04382695686738892,22.817007419104822
2,0.5,2,0.05653285220267629,0.05023646909870767,4.31877562928999,556.3450608930988,1.2964898696227465,6.166430791130661,0.03362975615707506,0.7180703308172536,0.0,0.7180703308172536,0.04683351297748258,21.352231263983914
2,0.5,3,0.0480424387328153,0.050183862414602494,4.319898527528593,552.9426180514047,1.3008606085495558,6.215476807326305,0.02993662886747957,0.7180703308172536,0.0,0.7180703308172536,0.041690385443732166,23.986345757096913
2,0.5,4,0.04580498866213152,0.050130773342207544,4.319986944746296,559.3673469387755,1.3032515448285267,6.160262294888862,0.029551652136460972,0.7180703308172536,0.0,0.7180703308172536,0.04115425866826653,24.298821856098357
2,0.5,5,0.06994642722402475,0.050331763662204744,4.318900238627119,558.398324907568,1.292697762750322,6.182416202966739,0.03285033667009449,0.7180703308172536,0.0,0.7180703308172536,0.045748076839084426,21.858842362214006
2,0.5,6,0.07189099668774465,0.05021818384031939,4.319792121302371,557.0975609756098,1.2877179688075557,6.1173563451041515,0.030668571651177614,0.7180703308172536,0.0,0.7180703308172536,0.04270970451637092,23.413882426105133
2,0.5,7,0.04109797941288601,0.05015735096647725,4.3193731313596855,564.2634388105223,1.3224447371030692,6.268765776646534,0.03086331589250004,0.7180703308172536,0.0,0.7180703308172536,0.04298090948469315,23.266143317793947
2,0.5,8,0.05534336853141616,0.0501766838307305,4.319589405895745,554.2239946079533,1.292856126325205,6.102903690409273,0.031951534029170406,0.7180703308172536,0.0,0.7180703308172536,0.04449638518389358,22.47373569487104
2,0.5,9,0.07307048256964531,0.05019868406396812,4.320013660793287,563.2773633734206,1.3541941748408135,6.4062983041440935,0.03134102384189061,0.7180703308172536,0.0,0.7180703308172536,0.04364617572518365,22.911514775004775
2,0.5,10,0.053561985344111204,0.050194533680173035,4.318984410111682,559.0720707108861,1.3146018090192229,6.277424748167075,0.03133871091103959,0.7180703308172536,0.0,0.7180703308172536,0.04364295468853619,22.91320574275125
2,0.5,11,0.0516456848172304,0.050257124659819456,4.318798400032443,561.2305475504322,1.304924847878283,6.117753339575503,0.030424058141831523,0.7180703308172536,0.0,0.7180703308172536,0.042369189807919164,23.60205622372065
2,0.5,12,0.10094902801163325,0.050325219619498686,4.320261122657694,566.3757844787999,1.2812447412288748,6.07491539668981,0.03106250142812387,0.7180703308172536,0.0,0.7180703308172536,0.043258299493826556,23.116951237131065
2,0.5,13,0.058401951814577614,0.05026612371459049,4.3183587365674665,564.220494053065,1.307208083657315,6.168854267369578,0.03394608048538529,0.7180703308172536,0.0,0.7180703308172536,0.04727403295823463,21.15326189503387
2,0.5,14,0.04270353302611367,0.05013453095973363,4.319427798791408,568.3732718894009,1.3245777403353713,6.242225413587951,0.030446148079056518,0.7180703308172536,0.0,0.7180703308172536,0.042399952723857846,23.584931957655563
2,0.5,15,0.06875048117638001,0.05022714536790302,4.319239563696146,569.7273847101394,1.2776551489369012,6.054225596906353,0.02957929805845399,0.7180703308172536,0.0,0.7180703308172536,0.04119275896664475,24.276111265325433
2,0.5,16,0.04933008526187576,0.050158205551289956,4.318669400325809,563.3629719853836,1.4055073863419238,6.636151847857928,0.032886111042391114,0.7180703308172536,0.0,0.7180703308172536,0.04579789699006589,21.83506374139651
2,0.5,17,0.04110942249240122,0.05023024924201725,4.318377266003598,562.3373860182371,1.3672561294515617,6.523574886883098,0.03179694246493794,0.7180703308172536,0.0,0.7180703308172536,0.04428109768683668,22.58299934369665
2,0.5,18,0.04310279524278464,0.050178244296700744,4.318945605880561,560.5939701537762,1.3160284275945742,6.067022690647357,0.030864729655353144,0.7180703308172536,0.0,0.7180703308172536,0.04298287832088151,23.265077609150946
2,0.5,19,0.03221456397962241,0.05013362037369364,4.319099788531393,554.431225651783,1.3111630188359413,6.212108443224835,0.030738707082874784,0.7180703308172536,0.0,0.7180703308172536,0.04280737660876519,23.360459790363354
2,0.5,20,0.0710740072202166,0.05031206556297729,4.3191528940504105,556.5956678700361,1.2884680962888524,6.186600548893103,0.03158283509273076,0.7180703308172536,0.0,0.7180703308172536,0.0439829272110234,22.736094739719164
2,0.5,21,0.07512343334599317,0.050304373349856234,4.319471155975635,562.1241929358147,1.2997233008791227,6.097960236363955,0.03016219636941359,0.7180703308172536,0.0,0.7180703308172536,0.042004515539703816,23.80696425494475
2,0.5,22,0.052190964627799985,0.05015496519829536,4.319734776803547,558.1460894486763,1.3126358540612273,6.182675644243555,0.03081635083026522,0.7180703308172536,0.0,0.7180703308172536,0.04291550494112794,23.301601632599063
2,0.5,23,0.06113769271664009,0.050173943856093355,4.319843273479772,562.038961038961,1.4123746727709658,6.601073510217647,0.03063578273746727,0.7180703308172536,0.0,0.7180703308172536,0.042664041978450674,23.438941872996782
2,0.5,24,0.06170148805050353,0.05021271067702925,4.319933379123797,556.1781151360289,1.2947047647612635,6.075870779257705,0.03103987439957749,0.7180703308172536,0.0,0.7180703308172536,0.04322678861310179,23.133802720124017
2,0.5,25,0.0644846482996772,0.05028325783094659,4.319317945758858,555.5529614893777,1.2864441976416856,6.059385903755927,0.032612750887789,0.7180703308172536,0.0,0.7180703308172536,0.0454172098305073,22.018085297003157
2,0.5,26,0.04222084751005258,0.050114861277260725,4.320215079852264,572.2341478502939,1.313171298650559,6.201761864391434,0.030058971154567956,0.7180703308172536,0.0,0.7180703308172536,0.04186076191221701,23.88871951487704
2,0.5,27,0.045981365048102414,0.05013470194342745,4.319343009723199,560.5939701537762,1.310279301542323,6.220178540590605,0.03068925589715873,0.7180703308172536,0.0,0.7180703308172536,0.04273850983681575,23.398101707761963
2,0.5,28,0.04706416464891041,0.05018048411460624,4.319596015615007,559.9588377723971,1.365373851673212,6.367160300763951,0.031143168996397342,0.7180703308172536,0.0,0.7180703308172536,0.0433706388634001,23.05707331518897
2,0.5,29,0.05890032253110122,0.05023549977788406,4.319051068517064,568.2861311626478,1.3203437277697958,6.2366155716615514,0.032279202579735565,0.7180703308172536,0.0,0.7180703308172536,0.04495270336959586,22.24560315712533
2,0.5,30,0.0430982061416844,0.05021030886338403,4.31963518977431,562.508057160231,1.3032856150821317,6.1732972009632565,0.02902391043713399,0.7180703308172536,0.0,0.7180703308172536,0.04041931436451519,24.740647280200214
2,0.5,31,0.04943958237371411,0.05012408122618256,4.320121920007392,568.1119299861815,1.3177298329246696,6.282876445639647,0.028297668354481036,0.7180703308172536,0.0,0.7180703308172536,0.0394079342092783,25.375600626245397
2,0.5,32,0.02937321717677897,0.05011975291138601,4.318770973140619,570.5166139850436,1.300374710233882,6.163930706188264,0.032022718933245556,0.7180703308172536,0.0,0.7180703308172536,0.044595518793820246,22.423777703390535
2,0.5,33,0.047254725472547256,0.050217005993505315,4.318560066103758,555.095409540954,1.2788892961107194,6.05928267751382,0.03340216662043898,0.7180703308172536,0.0,0.7180703308172536,0.04651656695302137,21.497717168378596
2,0.5,34,0.028553789164994597,0.050151791149592666,4.318432484316672,571.0879765395895,1.3104292564967182,6.183288534017346,0.031022173025261144,0.7180703308172536,0.0,0.7180703308172536,0.04320213730311632,23.14700295922319
2,0.5,35,0.0774755501222494,0.050366300510882735,4.319198048297687,565.4254278728606,1.3125973374408204,6.233239339054257,0.03147679113829879,0.7180703308172536,0.0,0.7180703308172536,0.043835248146897085,22.812691664226058
2,0.5,36,0.04780755176613886,0.050201415998964966,4.3195124985809,563.3629719853836,1.2822303400898818,6.068426493647702,0.0313487582786568,0.7180703308172536,0.0,0.7180703308172536,0.043656946866162824,22.905861994098117
2,0.5,37,0.05372433128741381,0.050194706922650593,4.320194286517288,560.7635826324165,1.2743641372653656,6.060002169723737,0.02876772911640596,0.7180703308172536,0.0,0.7180703308172536,0.040062550814019424,24.96096678022962
2,0.5,38,0.06348488275654075,0.050286098448355014,4.319047124840556,557.9780592626103,1.3013741522445343,6.092710566479061,0.031285182007347985,0.7180703308172536,0.0,0.7180703308172536,0.043568409199892084,22.95241020648688
2,0.5,39,0.035426852200075215,0.05013057032193014,4.320035682965063,556.6374576908612,1.3111781146144494,6.28411728143743,0.02982967045210944,0.7180703308172536,0.0,0.7180703308172536,0.04154143288187322,24.07235212236394
2,0.5,40,0.05221832596432383,0.050240941175981366,4.319379664320388,564.1346241805153,1.3410424746398348,6.29694122564488,0.032938930195103445,0.7180703308172536,0.0,0.7180703308172536,0.045871454064415715,21.800050170542537
2,0.5,41,0.047820079828062634,0.05018269130356642,4.318918137892945,568.0248695118207,1.406894457701128,6.550586932679422,0.03258887890028836,0.7180703308172536,0.0,0.7180703308172536,0.04538396519349038,22.034213972635303
2,0.5,42,0.05116279069767442,0.050179356628757645,4.319809223119204,564.2634388105223,1.3122333716310095,6.13419427615193,0.032411554261877876,0.7180703308172536,0.0,0.7180703308172536,0.04513701913430887,22.154763854130877
2,0.5,43,0.007749535027898326,0.050084028529947304,4.317066982820693,573.4736515809052,1.3735916867735796,6.5587645706593465,0.029936407697277456,0.7180703308172536,0.0,0.7180703308172536,0.04169007743740936,23.986522968237033
2,0.5,44,0.04875130850904741,0.0501327870247918,4.319467706541497,553.3553162853298,1.2852634997107089,6.069300052134892,0.03243837940082643,0.7180703308172536,0.0,0.7180703308172536,0.04517437639277967,22.13644282115275
2,0.5,45,0.04775449101796407,0.05019666680662432,4.3193869466913135,553.934131736527,1.3665898604667746,6.364272672009216,0.03092160437389574,0.7180703308172536,0.0,0.7180703308172536,0.043062083262377794,23.22228569172996
2,0.5,46,0.08000303905181583,0.050425067837566374,4.3149437774396135,562.2520893481234,1.3356324155756738,6.330117355017642,0.03339890219154805,0.7180703308172536,0.0,0.7180703308172536,0.04651202083998643,21.499818368250708
2,0.5,47,0.041857622975863124,0.050150002007321205,4.319823642230481,565.2529789184234,1.2886004570464138,6.083347980365156,0.02972566364183546,0.7180703308172536,0.0,0.7180703308172536,0.04139659078798583,24.156578620725966
2,0.5,48,0.051100507926735414,0.05017757849587466,4.319595262109655,569.5085424041865,1.2874422250315547,6.070860960757867,0.030989220250828006,0.7180703308172536,0.0,0.7180703308172536,0.043156246569271854,23.171616613943918
2,0.5,49,0.057186544342507646,0.05020230710745227,4.319633832815619,565.7706422018349,1.3676400695985649,6.406437233315742,0.03292850059327622,0.7180703308172536,0.0,0.7180703308172536,0.04585692957930664,21.806955004926
2,1.0,0,0.04194908871818045,0.04997229649127695,4.323138974462281,557.3488477180298,2.42370318932808,10.712394514680526,0.028423282116628607,1.4361406616345072,0.0,1.4361406616345072,0.019791433301720854,50.52691155587254
2,1.0,1,0.17116150781489428,0.050240348111349455,4.323366223886178,566.9822249463683,2.4069219281955156,10.530138012907985,0.03339786975354792,1.4361406616345072,0.0,1.4361406616345072,0.02325529152244529,43.00096599669933
2,1.0,2,0.05037440435670524,0.050044050952238885,4.322836718254421,559.7474472430225,2.4203809603641275,10.71473731760132,0.03243911354497942,1.4361406616345072,0.0,1.4361406616345072,0.022587699388762983,44.271883682739464
2,1.0,3,0.04318734793187348,0.04999296440823022,4.323017172680089,562.6788321167883,2.4172321270452812,10.686865719268974,0.03244695967571995,1.4361406616345072,0.0,1.4361406616345072,0.022593162732953514,44.26117811922979
2,1.0,4,0.04272188438149488,0.04998142251467064,4.323022711420371,569.6398275729351,2.4410604939912446,10.764592956296909,0.031018598724652197,1.4361406616345072,0.0,1.4361406616345072,0.021598579828071413,46.29934041775803
2,1.0,5,0.0500304599451721,0.050048118925684094,4.322714731304728,563.5342674383186,2.414557550655445,10.711408756344643,0.03175054884286364,1.4361406616345072,0.0,1.4361406616345072,0.02210824447149039,45.231994846517395
2,1.0,6,0.04624971844733088,0.04996724369497542,4.323353112173202,555.6362339514978,2.4369376187969465,10.697155043477537,0.027999360631266044,1.4361406616345072,0.0,1.4361406616345072,0.019496252267796166,51.29190914562571
2,1.0,7,0.05739314302975381,0.0499744659682016,4.323362234263028,558.861350249207,2.425219814904267,10.686382915368668,0.0301305736276156,1.4361406616345072,0.0,1.4361406616345072,0.020980238518783563,47.66390044158469
2,1.0,8,0.050725187941377474,0.04999787334650328,4.3229339498808,561.953755030754,2.413529190584086,10.78293006447858,0.03180594470131431,1.4361406616345072,0.0,1.4361406616345072,0.02214681719624537,45.15321507099149
2,1.0,9,0.05555555555555555,0.049991093747994854,4.323212662447767,555.5945945945946,2.407374827802414,10.619150801840426,0.027009724102865094,1.4361406616345072,0.0,1.4361406616345072,0.01880715783934748,53.1712451473048
2,1.0,10,0.053037171350861285,0.04999538712490861,4.323181630790736,559.114233907525,2.50144394376548,10.854242000273189,0.02961308023897162,1.4361406616345072,0.0,1.4361406616345072,0.020619902374512705,48.49683484612678
2,1.0,11,0.05174344806988725,0.049977817034000296,4.323419696965489,552.5717165683566,2.407025493623223,10.585966826649083,0.02796791354691543,1.4361406616345072,0.0,1.4361406616345072,0.01947435532887458,51.34958169923614
2,1.0,12,0.04783787855959017,0.05000925328866036,4.322922954839391,557.51649841796,2.448481519910274,10.819348564482425,0.029390359957942935,1.4361406616345072,0.0,1.4361406616345072,0.02046481987669163,48.864344080494355
2,1.0,13,0.07012218849715932,0.05000693742936306,4.323172829560644,575.924118608452,2.4630780771840364,10.745106100630784,0.029533030081700457,1.4361406616345072,0.0,1.4361406616345072,0.02056416259956611,48.62828696078776
2,1.0,14,0.049533490100887506,0.049984920106710025,4.32298860601185,561.3580368656603,2.436179011070635,10.583741893117576,0.030905112870331194,1.4361406616345072,0.0,1.4361406616345072,0.02151955842205409,46.46935501126085
2,1.0,15,0.044755774327906096,0.05000300764283102,4.322925666930604,560.4244604316547,2.4866323865717277,10.842763680211604,0.03255139501264206,1.4361406616345072,0.0,1.4361406616345072,0.022665882167554892,44.11917403468423
2,1.0,16,0.051712354772571946,0.05001523860005398,4.322857609504676,561.953755030754,2.438955904188333,10.7289549416563,0.030631952423624476,1.4361406616345072,0.0,1.4361406616345072,0.021329353901004024,46.88374550121406
2,1.0,17,0.06172284644194757,0.05000540165429114,4.322947338015109,554.3483146067416,2.415847944910638,10.618478701361255,0.03084594559840843,1.4361406616345072,0.0,1.4361406616345072,0.021478359622031658,46.55849038742415
2,1.0,18,0.043588560885608855,0.049986088405069136,4.323011814259507,568.8966789667896,2.430521488568047,10.478575500040671,0.029689386023002338,1.4361406616345072,0.0,1.4361406616345072,0.02067303490259242,48.37219134548063
2,1.0,19,0.060398078242964996,0.05000723856759411,4.323233139794652,564.3493479752917,2.4413569225289393,10.64515721678059,0.03342027354538722,1.4361406616345072,0.0,1.4361406616345072,0.02327089152071691,42.97213964105114
2,1.0,20,0.049061175045427015,0.04999524963265353,4.323135242504611,560.2973955178679,2.4376855275477283,10.825043563318225,0.030768283055424506,1.4361406616345072,0.0,1.4361406616345072,0.021424282368278858,46.67600915681621
2,1.0,21,0.029553679131483716,0.0499603504041153,4.3231946137889645,557.9360675512665,2.4155507974210195,10.498501962038391,0.02973542783231308,1.4361406616345072,0.0,1.4361406616345072,0.020705094303555514,48.297292701935596
2,1.0,22,0.08107270190668113,0.05006105054038914,4.32297925700564,573.5623934273756,2.425136550911702,10.762099809725827,0.03160162615546507,1.4361406616345072,0.0,1.4361406616345072,0.022004548022126525,45.44515065678499
2,1.0,23,0.07870052619537864,0.05006514469323825,4.322899041396505,564.3493479752917,2.487892554519931,11.050346671041874,0.033382179931172304,1.4361406616345072,0.0,1.4361406616345072,0.023244366532439255,43.02117670552239
2,1.0,24,0.05642212105380998,0.04998947513566262,4.322563709676278,552.3247257258005,2.399877282878151,10.476246073765937,0.03355359768980547,1.4361406616345072,0.0,1.4361406616345072,0.023363726538887415,42.80139122222495
2,1.0,25,0.048638132295719845,0.049988101820812904,4.323144417588898,553.7686321460641,2.4162102094851434,10.523973067962904,0.030571007019554734,1.4361406616345072,0.0,1.4361406616345072,0.02128691696867709,46.97721147085146
2,1.0,26,0.05263957462969996,0.05001315055103966,4.322497417830047,562.1241929358147,2.463428901915904,10.722700363887599,0.03226073436917819,1.4361406616345072,0.0,1.4361406616345072,0.022463492073583828,44.516676068186214
2,1.0,27,0.044032796841785606,0.049971587832046444,4.323047335078031,561.8259945338597,2.410732504504267,10.566765577356799,0.030789422770575916,1.4361406616345072,0.0,1.4361406616345072,0.021439002176523374,46.64396186754638
2,1.0,28,0.06060606060606061,0.050026132477103004,4.322645393687894,562.038961038961,2.415563889313489,10.680916696563447,0.031814122710925125,1.4361406616345072,0.0,1.4361406616345072,0.022152511631219108,45.141608168290915
2,1.0,29,0.0502940732921128,0.049991247173252075,4.3230615967123045,558.0200573065903,2.4816237194172572,10.668415766667227,0.030483026652151628,1.4361406616345072,0.0,1.4361406616345072,0.021225655304166476,47.11279749293327
2,1.0,30,0.044551475015051176,0.05002912542631667,4.322525604544928,556.9301625526791,2.4717754702141974,10.872164386755012,0.03212327317899011,1.4361406616345072,0.0,1.4361406616345072,0.022367776386492545,44.707170830082156
2,1.0,31,0.05242937853107345,0.05000409211474301,4.32320096108891,557.4745762711865,2.4242513376520947,10.6182641182652,0.028962021392909973,1.4361406616345072,0.0,1.4361406616345072,0.02016656318326617,49.587031310807625
2,1.0,32,0.05667767452576607,0.05001580744705422,4.32261781059037,568.3296981798633,2.4883089826907963,10.952868776579553,0.031714082078770564,1.4361406616345072,0.0,1.4361406616345072,0.02208285227623594,45.28400532190906
2,1.0,33,0.0448196866686373,0.04998740537404824,4.322995817183204,546.9060005911913,2.4630949381680693,10.923549733184197,0.03191668310336521,1.4361406616345072,0.0,1.4361406616345072,0.022223925522058572,44.996551082185746
2,1.0,34,0.09521982659403054,0.050049093610215464,4.322582469968617,567.8073352259648,2.4086496555246413,10.489155863497182,0.03149174732795359,1.4361406616345072,0.0,1.4361406616345072,0.021928038227197084,45.603714734486
2,1.0,35,0.04559361241698381,0.05000920569382719,4.323148337510638,552.2424445936871,2.4197451073268894,10.741444414998545,0.03335202979272307,1.4361406616345072,0.0,1.4361406616345072,0.023223372670727327,43.06006772480912
2,1.0,36,0.056695992179863146,0.05000231151837458,4.323229215378709,556.4703361154974,2.4124754476652015,10.648544862139474,0.03363956834875295,1.4361406616345072,0.0,1.4361406616345072,0.023423588822049594,42.69200623341964
2,1.0,37,0.0316431272671143,0.04997262536191327,4.322608886883885,571.1319749942116,2.4068241440400016,10.572002403736219,0.0327847097715213,1.4361406616345072,0.0,1.4361406616345072,0.02282834171285716,43.80519674089115
2,1.0,38,0.04585821466850406,0.04997056045200136,4.322867862052853,566.5489205328433,2.3975456678308547,10.528622716036452,0.030915856395449633,1.4361406616345072,0.0,1.4361406616345072,0.02152703925273137,46.45320651204365
2,1.0,39,0.06995230524642289,0.049994722700862186,4.323410861076968,560.2550533727004,2.4451729296997655,10.681405346855707,0.030223507554085028,1.4361406616345072,0.0,1.4361406616345072,0.021044949399097793,47.5173392454377
2,1.0,40,0.05450433471541651,0.050043322968209666,4.322528574496133,557.894082171127,2.427902046154486,10.736228939442338,0.03247565329720004,1.4361406616345072,0.0,1.4361406616345072,0.022613142406426052,44.22207148511242
2,1.0,41,0.045354569586651496,0.050017199719720566,4.322795862600803,561.2730375426621,2.398955581826158,10.53471674334985,0.031155254988352147,1.4361406616345072,0.0,1.4361406616345072,0.021693735036297616,46.09625766733187
2,1.0,42,0.045636569701548925,0.05000894325511835,4.3227181849972895,559.1564034756328,2.435344729019562,10.709248610211844,0.03079163015540697,1.4361406616345072,0.0,1.4361406616345072,0.0214405392020321,46.640618063617616
2,1.0,43,0.05149791429654911,0.049979858074698756,4.323029100299052,561.2730375426621,2.416273859591456,10.675430590812892,0.031641653901170255,1.4361406616345072,0.0,1.4361406616345072,0.022032419766708722,45.38766102809158
2,1.0,44,0.06435106218018298,0.049992704244008354,4.322681950006559,573.7399596836719,2.4306546020379756,10.570483580543424,0.030233566208884316,1.4361406616345072,0.0,1.4361406616345072,0.021051953347295902,47.50153030946407
2,1.0,45,0.06324591410110224,0.05002698099168429,4.322787463947646,562.5507411630558,2.407626138534397,10.741151033890771,0.030767780269904815,1.4361406616345072,0.0,1.4361406616345072,0.021423932273379995,46.67677190347245
2,1.0,46,0.05212369880708153,0.049987360753365156,4.32327934459296,562.2947344426715,2.4787154757941607,10.834358663856863,0.031001665402228405,1.4361406616345072,0.0,1.4361406616345072,0.02158678897577111,46.324629435271476
2,1.0,47,0.053501358285541804,0.050006235067348505,4.3231391102652,558.4403863567763,2.4578955799515825,10.791151830665484,0.03055739458372027,1.4361406616345072,0.0,1.4361406616345072,0.021277438484989447,46.99813846039165
2,1.0,48,0.05059839418269959,0.0500359674801127,4.322562006288752,560.5515830934706,2.453261235554237,10.689867782719723,0.03351723992937643,1.4361406616345072,0.0,1.4361406616345072,0.023338410244042273,42.84781994760229
2,1.0,49,0.04299193425658195,0.04998761741544412,4.322896574924198,563.1062243189773,2.40033211876289,10.475729652790873,0.02932228022301195,1.4361406616345072,0.0,1.4361406616345072,0.020417415233992146,48.97779608924932
3,0.0001,0,0.9486869906429218,0.9331859597234033,0.1509558641156825,558.4403863567763,0.23855050833662972,1.950231565714203,0.031206158725584597,0.00017500000000000003,0.0,0.00017500000000000003,178.32090700334052,0.005607867393705365
3,0.0001,1,0.9352149303962062,0.9207230403260198,0.17382497977701447,566.0298301973382,0.2117500499007292,1.8454454696358513,0.032306448577504476,0.00017500000000000003,0.0,0.00017500000000000003,184.60827758573984,0.005416875196918285
3,0.0001,2,0.9435335580753907,0.926197625573034,0.16406532533860238,566.9822249463683,0.2751398890686687,2.092888300443215,0.030186891138756142,0.00017500000000000003,0.0,0.00017500000000000003,172.49652079289223,0.005797218375207979
3,0.0001,3,0.9492095012602154,0.9360630603427254,0.1480751153663217,565.2098831436646,0.2147436680388637,1.842281002652922,0.02924608273069843,0.00017500000000000003,0.0,0.00017500000000000003,167.12047274684815,0.005983707343353358
3,0.0001,4,0.9508046678361681,0.9368632281292434,0.14011574504387903,564.4352833498589,0.23767357331234962,1.9419963870208903,0.03128015377126113,0.00017500000000000003,0.0,0.00017500000000000003,178.74373583577787,0.0055946016531665055
3,0.0001,5,0.9493225540833895,0.9349454891778362,0.14816385717404235,553.9755221199191,0.22975782089633867,1.9213294457941417,0.031666141521727614,0.00017500000000000003,0.0,0.00017500000000000003,180.94938012415776,0.0055264074367862084
3,0.0001,6,0.9504542331475685,0.9390925321075142,0.13581518635487866,564.9514466753187,0.2649116593238432,2.0624513934263415,0.03268492568491216,0.00017500000000000003,0.0,0.00017500000000000003,186.77100391378374,0.005354150157385323
3,0.0001,7,0.9514459665144597,0.9370201718993668,0.1413159840752344,563.1917808219179,0.3051332428876776,2.1892770472338308,0.03091653242441711,0.00017500000000000003,0.0,0.00017500000000000003,176.66589956809773,0.005660401936337122
3,0.0001,8,0.9519667170953101,0.9417789141474392,0.12965249029336265,559.7897125567322,0.2985542450333014,2.1772346572719004,0.03318842229283799,0.00017500000000000003,0.0,0.00017500000000000003,189.64812738764564,0.005272923143374753
3,0.0001,9,0.9502080968596293,0.9348930638716423,0.14812035805862003,560.0011350737798,0.2440331592806615,1.9703527652492763,0.03288629542161825,0.00017500000000000003,0.0,0.00017500000000000003,187.92168812353282,0.005321365564482566
3,0.0001,10,0.949240879220485,0.9364775087915302,0.14110522987191787,558.9877634262407,0.19905059147276916,1.794308462346825,0.03491203456324084,0.00017500000000000003,0.0,0.00017500000000000003,199.4973403613762,0.005012598153882986
3,0.0001,11,0.9483832245479781,0.9334503077330081,0.15010466627128866,555.2201215395004,0.253913193999324,2.0167284722992935,0.032343604147999944,0.00017500000000000003,0.0,0.00017500000000000003,184.82059513142823,0.005410652418302666
3,0.0001,12,0.9487140810015838,0.9344452884975267,0.14482930127033145,558.1460894486763,0.2832063350942917,2.1060598050267245,0.033650379455424005,0.00017500000000000003,0.0,0.00017500000000000003,192.28788260242285,0.0052005357096141834
3,0.0001,13,0.9489911584674677,0.9356662285342456,0.14218950780197148,559.2407617320335,0.22303420040407218,1.8910887122790285,0.030848188653517107,0.00017500000000000003,0.0,0.00017500000000000003,176.27536373438343,0.005672942485070276
3,0.0001,14,0.9462588163140141,0.9319797345797964,0.15014035963755903,567.329346826127,0.3692118294420652,2.470141079412812,0.032591346151039695,0.00017500000000000003,0.0,0.00017500000000000003,186.2362637202268,0.0053695235290064066
3,0.0001,15,0.9469651442307693,0.9332802731598466,0.14785343761960437,555.9278846153846,0.2793681178591214,2.0998956896261793,0.03217979525745578,0.00017500000000000003,0.0,0.00017500000000000003,183.88454432831873,0.005438194948100362
3,0.0001,16,0.9468639142576798,0.9299523869686229,0.15925700376941582,558.5666088006642,0.2309685883228667,1.9141052080444618,0.029581851024008496,0.00017500000000000003,0.0,0.00017500000000000003,169.03914870861996,0.005915789375653701
3,0.0001,17,0.949433438680336,0.9371209840456468,0.13814493882041115,570.4288136899714,0.25269548248616047,1.9947246541826518,0.02898534535772934,0.00017500000000000003,0.0,0.00017500000000000003,165.6305449013105,0.0060375337205818
3,0.0001,18,0.9403578528827038,0.9235284594794025,0.1690975456611129,565.8570117755008,0.258689309383044,2.0540623816453056,0.029385237145785323,0.00017500000000000003,0.0,0.00017500000000000003,167.91564083305897,0.005955371370045247
3,0.0001,19,0.9457657930616573,0.9295804366184283,0.1596912181195744,560.5515830934706,0.23948150928481482,1.9499009856231524,0.029411967145270498,0.00017500000000000003,0.0,0.00017500000000000003,168.06838368725997,0.005949959046793658
3,0.0001,20,0.9483056578255316,0.9360501196752484,0.14298435031483636,556.0529716733038,0.3009098350594286,2.199994615570408,0.03149774453453081,0.00017500000000000003,0.0,0.00017500000000000003,179.98711162589032,0.00555595337336451
3,0.0001,21,0.9486774872257289,0.9344238660298058,0.14645809183488537,556.0946798917944,0.26394587496179156,2.0492303043497433,0.030108704029118583,0.00017500000000000003,0.0,0.00017500000000000003,172.04973730924902,0.005812272751120569
3,0.0001,22,0.9538450029922202,0.938792666924771,0.13704157031379288,553.6032315978456,0.21191435665241443,1.840303755304689,0.03148300472786344,0.00017500000000000003,0.0,0.00017500000000000003,179.9028841592196,0.005558554576117685
3,0.0001,23,0.9486578449905482,0.932599762945912,0.15140631953009212,559.578449905482,0.19847968124668114,1.7922004938701361,0.030646126253081107,0.00017500000000000003,0.0,0.00017500000000000003,175.12072144617773,0.0057103465069229045
3,0.0001,24,0.9505556815604446,0.9377061022663183,0.13800356326458205,559.4939895667952,0.257380254130112,2.0277014414816428,0.03165827087691086,0.00017500000000000003,0.0,0.00017500000000000003,180.90440501091916,0.0055277813712697665
3,0.0001,25,0.9467299578059072,0.9313733581014826,0.15497849251411153,557.6003616636528,0.30466000791057013,2.2174738323612564,0.02908872021214395,0.00017500000000000003,0.0,0.00017500000000000003,166.22125835510826,0.00601607766597243
3,0.0001,26,0.9512878787878788,0.9373168172340945,0.14036659126787643,560.6363636363636,0.3040896491147578,2.2180746606591697,0.03121476408212205,0.00017500000000000003,0.0,0.00017500000000000003,178.37008046926883,0.005606321404179042
3,0.0001,27,0.9534223449969307,0.9392309415220728,0.1338951805545033,567.8508287292817,0.20103668369119987,1.7977210577873264,0.031119403428072585,0.00017500000000000003,0.0,0.00017500000000000003,177.82516244612904,0.005623501118987834
3,0.0001,28,0.9537779815111926,0.9405054244692588,0.1323977894372748,565.3823057529223,0.24655313268885948,1.9708552856330166,0.032479109818769815,0.00017500000000000003,0.0,0.00017500000000000003,185.5949132501132,0.005388078705866094
3,0.0001,29,0.944359756097561,0.9300365806118206,0.15549448414914877,564.0487804878048,0.20970962577848695,1.8281581668986022,0.030558709288336552,0.00017500000000000003,0.0,0.00017500000000000003,174.62119593335171,0.0057266816588615824
3,0.0001,30,0.9470677837014471,0.932355595194101,0.15099856285868493,563.6199543031227,0.20251504256157205,1.8073678108356708,0.03139499501721843,0.00017500000000000003,0.0,0.00017500000000000003,179.39997152696242,0.005574136893604287
3,0.0001,31,0.9504875651976717,0.9366270864114843,0.14275347937369653,559.4095547660443,0.2765785994124599,2.1017742548854708,0.0320594911647857,0.00017500000000000003,0.0,0.00017500000000000003,183.197092370204,0.0054586019191789565
3,0.0001,32,0.9458478293752837,0.9310708842200748,0.15500361262105083,559.7051883224929,0.21143400977598503,1.859931554284688,0.02972433486818205,0.00017500000000000003,0.0,0.00017500000000000003,169.8533421038974,0.005887431990524573
3,0.0001,33,0.9496435613529501,0.9351803531281389,0.145948268704645,561.2305475504322,0.2478951214288827,1.981627485393953,0.03235899107796345,0.00017500000000000003,0.0,0.00017500000000000003,184.90852044550542,0.005408079614669304
3,0.0001,34,0.9489581771848299,0.9335930344513901,0.14715915879818833,554.6801079298456,0.26245996478246525,2.023291935293306,0.030359827344958866,0.00017500000000000003,0.0,0.00017500000000000003,173.4847276854792,0.005764196153409881
3,0.0001,35,0.9475102957693747,0.9364244194345757,0.14250727113397907,554.1411456383377,0.23877758660819381,1.9602116545617303,0.03264005506902661,0.00017500000000000003,0.0,0.00017500000000000003,186.51460039443776,0.005361510562096575
3,0.0001,36,0.9457986373959122,0.9311976365516351,0.15314830267086765,560.2127176381529,0.23324571919511072,1.914899725527611,0.032238783664841855,0.00017500000000000003,0.0,0.00017500000000000003,184.22162094195343,0.005428244496421465
3,0.0001,37,0.947484756097561,0.9351561230164851,0.14564856376212063,564.0487804878048,0.21856242854846641,1.8660704101346628,0.0297220323787986,0.00017500000000000003,0.0,0.00017500000000000003,169.84018502170625,0.005887888074734469
3,0.0001,38,0.9484575153490488,0.9328963968517204,0.15290321486710445,560.9332979610399,0.2179148732102476,1.8614365460503244,0.03136101551542017,0.00017500000000000003,0.0,0.00017500000000000003,179.20580294525809,0.005580176442754309
3,0.0001,39,0.9530455890161572,0.9377072066429052,0.1390031366027088,561.3580368656603,0.262411415547831,2.0459149371934036,0.030516699343346783,0.00017500000000000003,0.0,0.00017500000000000003,174.38113910483872,0.005734565132062794
3,0.0001,40,0.95220700152207,0.9375257844153927,0.1415864275761399,563.1917808219179,0.20017325578373857,1.7987955039301173,0.03374598109145276,0.00017500000000000003,0.0,0.00017500000000000003,192.83417766544434,0.005185802704201843
3,0.0001,41,0.9513529948312557,0.9384519283323169,0.1381131198337699,562.508057160231,0.22215109429089352,1.88232508277328,0.03232226582927733,0.00017500000000000003,0.0,0.00017500000000000003,184.6986618815847,0.005414224390218522
3,0.0001,42,0.9425208807896736,0.9266179034009236,0.1621145409449282,561.9111617312072,0.2305682467413135,1.9147279214500634,0.03008564524281817,0.00017500000000000003,0.0,0.00017500000000000003,171.9179728161038,0.0058167274986988945
3,0.0001,43,0.9499924800721913,0.9344709165385108,0.14786971619257447,556.512107083772,0.26014780372497626,2.0287526053718423,0.03192048505067594,0.00017500000000000003,0.0,0.00017500000000000003,182.40277171814822,0.005482372831182723
3,0.0001,44,0.9477893466123435,0.9330024925331548,0.15215722061216094,558.3562698053418,0.2592961104819551,2.039447553066701,0.032217783753552234,0.00017500000000000003,0.0,0.00017500000000000003,184.10162144886988,0.005431782686812064
3,0.0001,45,0.9580190476190477,0.9457413737247226,0.12370409899941681,563.8342857142857,0.2446259089920204,1.9639736570700712,0.030685276229494445,0.00017500000000000003,0.0,0.00017500000000000003,175.3444355971111,0.0057030609303034855
3,0.0001,46,0.9481391092129348,0.9323783295048298,0.15300706920744314,564.392312385601,0.21963818083168007,1.872656602821988,0.030422152448500696,0.00017500000000000003,0.0,0.00017500000000000003,173.84087113428967,0.005752387188784356
3,0.0001,47,0.9535746743411088,0.9401821717900863,0.13611832378405692,560.4668282338686,0.2574477851158008,2.032220469095272,0.03100907533110716,0.00017500000000000003,0.0,0.00017500000000000003,177.19471617775517,0.005643509138256906
3,0.0001,48,0.9532431812972725,0.9407227008160962,0.13155061943189827,565.3823057529223,0.2509637252660468,2.0090518024612294,0.030752886317240553,0.00017500000000000003,0.0,0.00017500000000000003,175.73077895566027,0.00569052277547985
3,0.0001,49,0.9534918951673989,0.9383856675548791,0.13753220625290896,560.5515830934706,0.31470660454942845,2.2627499057272447,0.030289773252710366,0.00017500000000000003,0.0,0.00017500000000000003,173.08441858691634,0.005777527568131954
3,0.0002,0,0.9080272741360608,0.8786716159797688,0.2797028956947022,573.3849372384938,0.17536048698821105,1.7059838273069012,0.03011471092384009,0.00035000000000000005,0.0,0.00035000000000000005,86.04203121097167,0.011622226787603832
3,0.0002,1,0.9152031355996081,0.891114089159613,0.2494682349233928,557.8101303987337,0.26383271504892036,2.033911902185621,0.031178779016563213,0.00035000000000000005,0.0,0.00035000000000000005,89.08222576160917,0.011225583908018602
3,0.0002,2,0.8996256970437705,0.8645318670529506,0.3194726123257862,565.2960812772134,0.3226656767365057,2.269944208026475,0.031098915404238744,0.00035000000000000005,0.0,0.00035000000000000005,88.85404401211069,0.01125441178415809
3,0.0002,3,0.9137567730282962,0.8842893144373526,0.27004524264275237,556.9301625526791,0.23130377271445468,1.915335569764787,0.030340211064067472,0.00035000000000000005,0.0,0.00035000000000000005,86.68631732590705,0.011535845919493689
3,0.0002,4,0.9022716877572801,0.8799082803199525,0.272715647025664,564.1346241805153,0.3286569553310983,2.289478637658034,0.030890521688441745,0.00035000000000000005,0.0,0.00035000000000000005,88.25863339554783,0.011330336325493622
3,0.0002,5,0.9070704057279236,0.8822433634002372,0.2680642332176129,551.9546539379475,0.22058829219895415,1.887250897326096,0.031802388788612336,0.00035000000000000005,0.0,0.00035000000000000005,90.86396796746381,0.011005462587304969
3,0.0002,6,0.9053129931614939,0.8801871108929059,0.27386981680132066,556.1363943788983,0.22808065873687156,1.9104661908546796,0.031065485138636176,0.00035000000000000005,0.0,0.00035000000000000005,88.75852896753192,0.011266522909204617
3,0.0002,7,0.920218000151389,0.8957190616348034,0.2385144449787643,560.1703883127697,0.2446817738818936,1.9975227911746742,0.029284264241067087,0.00035000000000000005,0.0,0.00035000000000000005,83.66932640304881,0.011951811290828812
3,0.0002,8,0.8894823954258201,0.861664274109185,0.31208799469711657,556.7628648811315,0.19553568883566186,1.774589154408106,0.02990544452854474,0.00035000000000000005,0.0,0.00035000000000000005,85.44412722441352,0.01170355450379362
3,0.0002,9,0.8864276471036006,0.8585864390805542,0.3189626926517772,563.3201644211007,0.18259556926204823,1.726794214700985,0.029377172517711016,0.00035000000000000005,0.0,0.00035000000000000005,83.93477862203146,0.011914012479893727
3,0.0002,10,0.8971295461376616,0.870841436348339,0.2956825455711333,556.0946798917944,0.27355323752271943,2.0787008365374167,0.030787232297616984,0.00035000000000000005,0.0,0.00035000000000000005,87.96352085033423,0.011368348951168663
3,0.0002,11,0.9085315524874316,0.8837584734829365,0.264173345941517,555.3032940646807,0.29877403227146715,2.202412113660852,0.03225163219132479,0.00035000000000000005,0.0,0.00035000000000000005,92.14752054664226,0.010852163943942807
3,0.0002,12,0.898884081074926,0.8698522182081841,0.29517138254267405,561.7834206331132,0.23116552946157753,1.928231847427246,0.030813223273676527,0.00035000000000000005,0.0,0.00035000000000000005,88.03778078193292,0.011358759740627397
3,0.0002,13,0.9151592166243085,0.8913555341515904,0.24433317077186134,553.1901629541037,0.27681472746189684,2.114981436029062,0.031180145934921744,0.00035000000000000005,0.0,0.00035000000000000005,89.08613124263354,0.011225091785346657
3,0.0002,14,0.9046139859080233,0.8773637125403853,0.2758361467091016,560.6787635426926,0.2543341245618649,2.0026657818080356,0.030720433664952952,0.00035000000000000005,0.0,0.00035000000000000005,87.77266761415127,0.011393068334165264
3,0.0002,15,0.9094216630031077,0.8818744726463675,0.27045050323624104,560.9332979610399,0.2223919713869691,1.8747387600307739,0.031661421639209875,0.00035000000000000005,0.0,0.00035000000000000005,90.46120468345677,0.011054462556619881
3,0.0002,16,0.9066545537133772,0.8767777032575279,0.28241266930367614,560.2550533727004,0.31372549387742765,2.24848604121918,0.030884888651269125,0.00035000000000000005,0.0,0.00035000000000000005,88.24253900362606,0.011332402844379943
3,0.0002,17,0.8993743875782015,0.8698346460688721,0.2978468553534791,557.8101303987337,0.24564345873659477,1.979138426969786,0.030037921114194843,0.00035000000000000005,0.0,0.00035000000000000005,85.82263175484239,0.011651938184051046
3,0.0002,18,0.906359083320686,0.875633609362474,0.2886624366359765,561.57064804978,0.2774838135810569,2.1082441421882274,0.0321348125832397,0.00035000000000000005,0.0,0.00035000000000000005,91.81375023782769,0.01089161478982911
3,0.0002,19,0.8854595336076817,0.8583534837003223,0.3202488296513012,563.9629629629629,0.2657822844921611,2.069384791533455,0.03073552995747633,0.00035000000000000005,0.0,0.00035000000000000005,87.81579987850378,0.011387472429603042
3,0.0002,20,0.89498752551599,0.8655891704409207,0.3059596105571517,559.4939895667952,0.2450694581202697,1.9737431121222637,0.029640376117187266,0.00035000000000000005,0.0,0.00035000000000000005,84.68678890624932,0.011808217230990166
3,0.0002,21,0.8825960508189193,0.8526022243621325,0.3336120926628042,566.3757844787999,0.19405707690748386,1.7714227346505789,0.031589110851156774,0.00035000000000000005,0.0,0.00035000000000000005,90.25460243187648,0.011079767380891104
3,0.0002,22,0.9080538443988136,0.8851738446049956,0.26064640187888355,562.8069815195072,0.250890690687811,2.010811815650893,0.033293266556913205,0.00035000000000000005,0.0,0.00035000000000000005,95.12361873403772,0.01051263622335442
3,0.0002,23,0.8978947368421053,0.8710292307484305,0.29560223896080096,556.4285714285714,0.21510687170666642,1.8594963601414456,0.030521803713354254,0.00035000000000000005,0.0,0.00035000000000000005,87.20515346672643,0.011467212203021408
3,0.0002,24,0.9093863361547763,0.8851748816293626,0.260047215899935,559.2829504232164,0.24168993590865284,1.9499600454442079,0.029651515827178853,0.00035000000000000005,0.0,0.00035000000000000005,84.71861664908242,0.011803781028934339
3,0.0002,25,0.893584560225799,0.8645745226153363,0.30550977189499745,564.5212449462201,0.20441219248459674,1.8039088206046943,0.029762038631976427,0.00035000000000000005,0.0,0.00035000000000000005,85.0343960913612,0.011759947103353294
3,0.0002,26,0.8904820012202562,0.8658031360888105,0.30282654890023586,564.392312385601,0.24690559183363803,1.984369446604021,0.030148625277500115,0.00035000000000000005,0.0,0.00035000000000000005,86.13892936428603,0.011609152881050423
3,0.0002,27,0.9050356403770982,0.8781475390343221,0.27832355897975714,567.1991262359163,0.26155897992430255,2.0480654358372536,0.031908846452080086,0.00035000000000000005,0.0,0.00035000000000000005,91.16813272022881,0.010968745000720141
3,0.0002,28,0.8993777507967825,0.872207601998055,0.2912927407562094,561.57064804978,0.19455530820414424,1.7667972038113104,0.02972497371514889,0.00035000000000000005,0.0,0.00035000000000000005,84.92849632899681,0.011774610916531366
3,0.0002,29,0.8998931786967801,0.8741772879892707,0.2860066367020928,564.6502365328857,0.28099836327601224,2.107660729371414,0.03220923405599917,0.00035000000000000005,0.0,0.00035000000000000005,92.02638301714046,0.010866449024881744
3,0.0002,30,0.9006885196826823,0.8778599178692312,0.2713090852661163,553.8513695554558,0.2217643622716423,1.8847291388725678,0.03394763296648765,0.00035000000000000005,0.0,0.00035000000000000005,96.99323704710757,0.010309997175517723
3,0.0002,31,0.9054465236573863,0.8800331523789064,0.27315298556342926,562.9351894112277,0.23851297932560556,1.9477063793096603,0.029781157751802304,0.00035000000000000005,0.0,0.00035000000000000005,85.08902214800656,0.011752397368729517
3,0.0002,32,0.8988883006881948,0.8709154366565072,0.29185370948446504,559.6629357936928,0.19868637071340345,1.7855838702329594,0.03014060942138947,0.00035000000000000005,0.0,0.00035000000000000005,86.11602691825561,0.011612240320251136
3,0.0002,33,0.9144283876825301,0.8900658974030613,0.24992914898943294,559.9165468714534,0.23415893979836255,1.939654285750922,0.033513055393514284,0.00035000000000000005,0.0,0.00035000000000000005,95.75158683861223,0.010443691149322507
3,0.0002,34,0.8958726326114842,0.8686712895865201,0.30116672197030336,558.398324907568,0.27335657621733844,2.0907128421306913,0.031033909443498018,0.00035000000000000005,0.0,0.00035000000000000005,88.66831269570861,0.011277986121511008
3,0.0002,35,0.8983670295489891,0.862571880650606,0.3259576736811454,575.4323483670296,0.17184164494392462,1.6829851542184149,0.031830734869945664,0.00035000000000000005,0.0,0.00035000000000000005,90.94495677127331,0.010995661942145966
3,0.0002,36,0.9019444022482151,0.8741267288108916,0.2883187844016178,562.0815737505696,0.2297139599104412,1.9115176456466676,0.029736800831322602,0.00035000000000000005,0.0,0.00035000000000000005,84.96228808949314,0.011769927840769452
3,0.0002,37,0.9033445842282909,0.8753705699942377,0.28582562250316246,567.6768947529918,0.27314306353218853,2.068643407356929,0.030977408702689155,0.00035000000000000005,0.0,0.00035000000000000005,88.50688200768329,0.011298556420880242
3,0.0002,38,0.9063601532567049,0.8838715321512678,0.2655327430147492,567.0689655172414,0.23390414615278132,1.9377633830379826,0.03235897093498511,0.00035000000000000005,0.0,0.00035000000000000005,92.45420267138601,0.010816165962236928
3,0.0002,39,0.894063304558534,0.8694953515760911,0.29719399144043745,560.3820990458883,0.2806182607600931,2.12951663921827,0.031073455507602477,0.00035000000000000005,0.0,0.00035000000000000005,88.78130145029277,0.011263633036060908
3,0.0002,40,0.8947129909365559,0.8705798372732074,0.29234750534145465,558.9456193353475,0.2211071647470817,1.8646479815272143,0.030304941933630432,0.00035000000000000005,0.0,0.00035000000000000005,86.58554838180122,0.011549271427957863
3,0.0002,41,0.9019009084662951,0.8752814773135386,0.281033224833595,564.9514466753187,0.19394968962296844,1.7761270134336617,0.030593304691031064,0.00035000000000000005,0.0,0.00035000000000000005,87.40944197437446,0.01144041166963595
3,0.0002,42,0.8989409984871407,0.8712359213014673,0.2924768926082749,559.7897125567322,0.2544828356767539,2.0103494263607082,0.030660414947577125,0.00035000000000000005,0.0,0.00035000000000000005,87.60118556450605,0.01141537062033983
3,0.0002,43,0.9003246998414257,0.8727447544610407,0.29314834608588725,558.8192252510761,0.24279602844035253,1.9713572847228529,0.02970668863098412,0.00035000000000000005,0.0,0.00035000000000000005,84.87625323138319,0.011781858434229842
3,0.0002,44,0.9074779165397502,0.8808864433720586,0.26719861618208035,563.5342674383186,0.23936549681820907,1.9617716850346998,0.028964100733296118,0.00035000000000000005,0.0,0.00035000000000000005,82.75457352370319,0.01208392427656669
3,0.0002,45,0.904809388663036,0.883206919774875,0.26029055445381594,567.6334279358748,0.20827540536993183,1.8185933510198837,0.03248429079154368,0.00035000000000000005,0.0,0.00035000000000000005,92.8122594044105,0.010774438704726538
3,0.0002,46,0.8984601311175484,0.8713811916840666,0.29397458010810695,564.1346241805153,0.1808975395397283,1.7177783732311955,0.030102777299983965,0.00035000000000000005,0.0,0.00035000000000000005,86.00793514281132,0.011626834179190054
3,0.0002,47,0.8978201634877384,0.8708760489463508,0.29559883077988636,560.1280653950954,0.29343941170373,2.16203230608635,0.030674405493335766,0.00035000000000000005,0.0,0.00035000000000000005,87.64115855238789,0.011410164088625614
3,0.0002,48,0.8988520012410798,0.8697242931507769,0.29996063334525014,574.0065156686317,0.3258578823879361,2.2942951913140046,0.02791923157792152,0.00035000000000000005,0.0,0.00035000000000000005,79.76923307977576,0.012536161642671408
3,0.0002,49,0.8989815164089023,0.8737973587379149,0.28735305760652313,558.3142210486609,0.2721088330144994,2.0757563765157934,0.030260948403079666,0.00035000000000000005,0.0,0.00035000000000000005,86.4598525802276,0.011566061821260713
3,0.0003,0,0.8516574171291436,0.8177804759492338,0.4160903894475739,555.0122993850307,0.2547157947847154,2.0129852784923794,0.03110328080489329,0.000525,0.0,0.000525,59.24434439027294,0.016879248311239402
3,0.0003,1,0.8536291839037232,0.8166460291118348,0.4208834586313213,556.6374576908612,0.31123840020154603,2.2479409354212185,0.031565201206543714,0.000525,0.0,0.000525,60.124192774368986,0.01663223993297921
3,0.0003,2,0.8661726901557538,0.8323894907853742,0.3881693751702604,559.5362165431725,0.2367668569786474,1.9383623678237814,0.031548793972241154,0.000525,0.0,0.000525,60.092940899506964,0.016640889679077172
3,0.0003,3,0.8684110443447174,0.8319694437040263,0.38697264221793615,562.8924469460713,0.2491216856869869,1.9738852345216784,0.0306910041024428,0.000525,0.0,0.000525,58.459055433224385,0.01710598969807617
3,0.0003,4,0.8564971751412429,0.8197849436384472,0.4175006088131813,557.4745762711865,0.21634391765110195,1.8518380014781206,0.030823636597531907,0.000525,0.0,0.000525,58.71168875720364,0.01703238351966677
3,0.0003,5,0.8403993855606758,0.7932894804763095,0.480113514001699,568.3732718894009,0.21325709138181992,1.8617263652249738,0.02979999640728721,0.000525,0.0,0.000525,56.761897918642305,0.01761745178840417
3,0.0003,6,0.863762102351314,0.8279163542457558,0.3954879075813625,568.6348547717843,0.2599637736566365,2.02500185919315,0.03220111679609248,0.000525,0.0,0.000525,61.33546056398568,0.016303782360235015
3,0.0003,7,0.8664534795188061,0.8338311623265534,0.3827302649361631,563.4486066697121,0.20240064259269275,1.7978505392885815,0.03364856044022075,0.000525,0.0,0.000525,64.09249607661096,0.015602450539680672
3,0.0003,8,0.8768303843807199,0.8397481048566944,0.3718800847196127,564.392312385601,0.20768572788801976,1.8124048945547964,0.030726714087022995,0.000525,0.0,0.000525,58.52707445147237,0.017086109452286877
3,0.0003,9,0.8555113081373507,0.8189315584045401,0.4215264487339082,556.0529716733038,0.23847138861310668,1.9398788770507127,0.029247824892162037,0.000525,0.0,0.000525,55.710142651737215,0.017950052762408727
3,0.0003,10,0.8527532704593854,0.8111646199004555,0.4376094557804108,562.849710982659,0.23790987776010297,1.9531371444596917,0.03013966408751091,0.000525,0.0,0.000525,57.40888397621126,0.017418906809168664
3,0.0003,11,0.859342520594349,0.8257945172076763,0.40389865159885785,569.7273847101394,0.2815923744637985,2.126047444870906,0.03287181188818571,0.000525,0.0,0.000525,62.612975025115645,0.015971130577949293
3,0.0003,12,0.8359040928527794,0.7972373109385471,0.4725248654143665,565.0806353084912,0.28282256075181067,2.1405069069660803,0.030999993928969984,0.000525,0.0,0.000525,59.04760748375235,0.016935487187608098
3,0.0003,13,0.8583358639538414,0.8192838407205337,0.4216784994310938,561.8259945338597,0.22602110216394067,1.9007895244589608,0.03191581368952695,0.000525,0.0,0.000525,60.792026075289435,0.01644952577763282
3,0.0003,14,0.863111516256457,0.8271873468628566,0.40248540866473653,562.1668185961714,0.2151704120915383,1.8446110201740424,0.03136571240006549,0.000525,0.0,0.000525,59.74421409536284,0.016738022503799525
3,0.0003,15,0.8563881971171987,0.8170850307120908,0.4197394377832334,558.4824541544034,0.24619764075032435,1.9619418252271732,0.032417271651070584,0.000525,0.0,0.000525,61.747184097277305,0.01619507050596165
3,0.0003,16,0.8546792366061163,0.8144968935003092,0.4297623758591479,567.1991262359163,0.2299965426500421,1.9047031847183302,0.030584487815120086,0.000525,0.0,0.000525,58.2561672668954,0.017165564555913705
3,0.0003,17,0.8353083251566156,0.7952403955050251,0.47508543111247026,558.5666088006642,0.2807582971872762,2.120145955911039,0.030519084123174754,0.000525,0.0,0.000525,58.131588806047155,0.017202351088948298
3,0.0003,18,0.8565499547238152,0.8166439687336701,0.4242560182262792,558.4403863567763,0.21296624338719994,1.8432717075092948,0.029190428049957678,0.000525,0.0,0.000525,55.600815333252726,0.017985347768847162
3,0.0003,19,0.8452793254028008,0.8113793708210526,0.4347339337491391,557.1812979972896,0.22193746466655284,1.8807490736785468,0.031824879228574965,0.000525,0.0,0.000525,60.61881757823803,0.016496527645220794
3,0.0003,20,0.8472526641977175,0.8081909498579259,0.4486277158901539,559.3251454916484,0.21655174141051248,1.8554086053078762,0.02975723491359713,0.000525,0.0,0.000525,56.68044745447072,0.017642768272132334
3,0.0003,21,0.8662459596736956,0.8297080123928604,0.396120393750039,569.5085424041865,0.2910134469275363,2.1678050846407153,0.03289924828370718,0.000525,0.0,0.000525,62.66523482610892,0.01595781142087668
3,0.0003,22,0.8477227419107499,0.806128533279231,0.4540933446235582,567.4161938353013,0.22483547683805227,1.8906646713646058,0.030002408049063768,0.000525,0.0,0.000525,57.14744390297861,0.017498595417456256
3,0.0003,23,0.825965389556412,0.7940348544163797,0.4722745192183398,559.2407617320335,0.19168883867678232,1.749837240345911,0.031291686871097034,0.000525,0.0,0.000525,59.60321308780388,0.01677761899390994
3,0.0003,24,0.8648464163822526,0.8264486451400284,0.4047883467593538,561.2730375426621,0.22950824981671758,1.9050123353737296,0.03075547834889882,0.000525,0.0,0.000525,58.58186352171204,0.017070129556895585
3,0.0003,25,0.8626531538345182,0.8221133893772884,0.41147605281777944,559.7051883224929,0.2549460369918961,2.002201677216407,0.032313651682519394,0.000525,0.0,0.000525,61.54981272860837,0.01624700312914518
3,0.0003,26,0.8551277163553184,0.8180114134935826,0.42116226247587657,564.2634388105223,0.20867830503266305,1.8281850640514454,0.030506925908362688,0.000525,0.0,0.000525,58.10843030164322,0.017209206905245238
3,0.0003,27,0.8589120194499317,0.8220680946835228,0.41284389823922374,562.2520893481234,0.3217213534808252,2.277895635292798,0.03006833568502527,0.000525,0.0,0.000525,57.27302035242909,0.017460228111709625
3,0.0003,28,0.8556206712839638,0.817685404923991,0.4252150108894656,563.2345688408554,0.26425768330227584,2.0554229306378753,0.03141520463813787,0.000525,0.0,0.000525,59.83848502502452,0.016711653037034594
3,0.0003,29,0.8661854103343465,0.8292596301468516,0.3955330976433433,562.3373860182371,0.26437335219816305,2.050924049936038,0.031123647575877416,0.000525,0.0,0.000525,59.28313823976651,0.016868202826165676
3,0.0003,30,0.8709529976384551,0.8340943673837502,0.3854219088310665,563.7485335567914,0.26271335885394365,2.0245869330141573,0.030835452655871263,0.000525,0.0,0.000525,58.734195534992885,0.01702585675842306
3,0.0003,31,0.857624004898959,0.82260523856986,0.40769680221403787,566.4623392529088,0.361933525535278,2.4337597345158843,0.031171929303389877,0.000525,0.0,0.000525,59.37510343502834,0.016842075923189887
3,0.0003,32,0.856100184388445,0.8172269873441391,0.4258773804178593,568.5476336816226,0.2992743648646865,2.1934014482910786,0.030054022244991048,0.000525,0.0,0.000525,57.24575665712581,0.017468543668476822
3,0.0003,33,0.8485873159002104,0.8098447013232896,0.442547121554433,556.0946798917944,0.26822092081420124,2.0593509765555025,0.030573210238426504,0.000525,0.0,0.000525,58.23468616843144,0.01717189643827929
3,0.0003,34,0.8607784431137725,0.8265214222772701,0.4005813055292307,553.934131736527,0.22312362954835407,1.9077217776000528,0.03149783131214341,0.000525,0.0,0.000525,59.99586916598746,0.016667814199563504
3,0.0003,35,0.8772626594363401,0.8433858667104102,0.36340767546751795,565.2098831436646,0.22138005084707402,1.8769163514853102,0.03274045934490283,0.000525,0.0,0.000525,62.362779704576816,0.016035205690592552
3,0.0003,36,0.8630570846844129,0.8250602945099361,0.40722677050238326,558.0620616846392,0.235240943467943,1.9264628740763268,0.03171119465669186,0.000525,0.0,0.000525,60.402275536555926,0.01655566766511623
3,0.0003,37,0.8533956433255446,0.820818755276009,0.41218045402275816,557.8101303987337,0.27447997420676984,2.0920393150002488,0.030461223258090035,0.000525,0.0,0.000525,58.02137763445721,0.017235026825804443
3,0.0003,38,0.8485651548421291,0.8074667298967856,0.4520040658674022,560.3397440751116,0.20493005483876914,1.8135506037573652,0.03272148930912374,0.000525,0.0,0.000525,62.32664630309284,0.01604450197973153
3,0.0003,39,0.8684471575734453,0.8329023536393243,0.38795147023610005,564.6932468523464,0.23074637237004936,1.8861932641371952,0.031486108342865755,0.000525,0.0,0.000525,59.97353970069668,0.01667401999265992
3,0.0003,40,0.8500038205853137,0.816483060776817,0.4176605459722954,565.4685565828685,0.22543543565552682,1.8976317698805505,0.030442458386284704,0.000525,0.0,0.000525,57.98563502149468,0.01724565057585918
3,0.0003,41,0.8576482987052093,0.8222424512261391,0.41105943225462493,557.0975609756098,0.3961501647718251,2.5640429206265005,0.03172397510934004,0.000525,0.0,0.000525,60.42661925588579,0.01654899797993574
3,0.0003,42,0.8711908199711225,0.8345163002142545,0.3906439850886022,562.3800440762976,0.18822084041312337,1.7488001101926556,0.03065824076491875,0.000525,0.0,0.000525,58.396649076035715,0.017124270241909666
3,0.0003,43,0.8646402635322303,0.8287269396254585,0.39520345593860035,554.0583214793741,0.2263805870024953,1.9145917279086948,0.029882966976729743,0.000525,0.0,0.000525,56.91993709853285,0.017568536631882112
3,0.0003,44,0.859310757269941,0.819554368408523,0.41832483059021086,553.2314420273603,0.2185136994230561,1.8719934968329652,0.031886723368982205,0.000525,0.0,0.000525,60.73661594091849,0.016464532712404483
3,0.0003,45,0.8685714285714285,0.8276739778626867,0.4010991388681954,556.4285714285714,0.19003674588748254,1.7462312916067262,0.03247459248425483,0.000525,0.0,0.000525,61.856366636675865,0.016166484621925405
3,0.0003,46,0.8561613144137415,0.8184243751452609,0.4178030904325481,552.6952949962658,0.23759835632517934,1.9467376913996413,0.03061811611796431,0.000525,0.0,0.000525,58.32022117707488,0.01714671137758117
3,0.0003,47,0.8646118721461187,0.8299433604356731,0.39185188021833406,563.1917808219179,0.25075912874308415,2.01981708181295,0.030922753983563676,0.000525,0.0,0.000525,58.900483778216525,0.016977789244743607
3,0.0003,48,0.8152533251326209,0.7742643016475886,0.5237521797028948,568.9403398170216,0.24777820348390378,1.9887769601008678,0.031128564129176722,0.000525,0.0,0.000525,59.29250310319376,0.016865538603752006
3,0.0003,49,0.8665491338341254,0.8293896407499589,0.3927869161891883,567.2425264448873,0.1873839792679064,1.7521494466689402,0.03337662748276057,0.000525,0.0,0.000525,63.57452853859156,0.01572957004931576
3,0.00045,0,0.8135788262370541,0.7638950386325108,0.5625909658478888,567.7203682393556,0.3263730751059484,2.278750967457936,0.03238145910877448,0.0007875,0.0,0.0007875,41.119313153999336,0.02431947236703146
3,0.00045,1,0.7875616230565036,0.7399336913088186,0.6166289933126947,561.2730375426621,0.24465249862987548,1.9693333939651332,0.03113659239156806,0.0007875,0.0,0.0007875,39.53853002103881,0.025291784987147754
3,0.00045,2,0.8040437823046519,0.7559337773739696,0.579796421708623,562.508057160231,0.21229695572401397,1.8350927428872978,0.03023655293215569,0.0007875,0.0,0.0007875,38.39562277099135,0.02604463550349077
3,0.00045,3,0.7765350376626341,0.7219423787380851,0.6670203448557817,563.0634558320019,0.20965548363164999,1.8131875082668656,0.028055739446003144,0.0007875,0.0,0.0007875,35.62633580444844,0.028069122951317835
3,0.00045,4,0.80260336906585,0.7566162579559584,0.5757006721274731,566.635528330781,0.2254641036852263,1.8971533979082524,0.03198919029397756,0.0007875,0.0,0.0007875,40.621194024098486,0.024617690937562074
3,0.00045,5,0.7918986955526738,0.7416917822415938,0.612278219706267,564.5212449462201,0.25805206107906997,2.0183863726291067,0.029135597957457855,0.0007875,0.0,0.0007875,36.99758470788299,0.027028791416941665
3,0.00045,6,0.7985018159806295,0.7470128559377902,0.6086930804066668,559.9588377723971,0.23832341405795887,1.9509902504525043,0.03206341278941384,0.0007875,0.0,0.0007875,40.71544481195408,0.02456070428847186
3,0.00045,7,0.8145705291560486,0.7754798542872339,0.5174982893630412,554.6801079298456,0.30797256401274353,2.231549118714501,0.033623042197944625,0.0007875,0.0,0.0007875,42.695926600564604,0.023421438053221128
3,0.00045,8,0.8051212327215046,0.7550359316881861,0.5880937801618346,558.9877634262407,0.2199324294924736,1.8658479993638446,0.030180481757034815,0.0007875,0.0,0.0007875,38.324421278774366,0.026093022846344738
3,0.00045,9,0.7587342935948513,0.703973667850206,0.7111154432903594,566.9822249463683,0.3403816897771321,2.347838421439602,0.030384911443148706,0.0007875,0.0,0.0007875,38.584014530982486,0.025917468986981964
3,0.00045,10,0.8159050628034215,0.7700000654967839,0.5483983198749517,570.2532942898976,0.23218320452724583,1.9354401076272172,0.03131729462234548,0.0007875,0.0,0.0007875,39.76799317123236,0.02514585022417945
3,0.00045,11,0.8078821417888125,0.7596849798221156,0.5735423386214891,553.4379300029914,0.18911820638459176,1.771192603540679,0.030250700244758406,0.0007875,0.0,0.0007875,38.41358761239163,0.026032455236683374
3,0.00045,12,0.8170768763293832,0.770758412862239,0.5405957358390217,562.1668185961714,0.2990962042531464,2.1994799943219823,0.03165578274985888,0.0007875,0.0,0.0007875,40.19781936490016,0.024876971333255397
3,0.00045,13,0.8110749185667753,0.7615474835514372,0.5663635219560701,560.5939701537762,0.21445580455474555,1.871374438502189,0.03278852039905102,0.0007875,0.0,0.0007875,41.63621637974733,0.024017552192528702
3,0.00045,14,0.8084526244035446,0.7552813223534802,0.5801371194118234,560.5092024539878,0.26999097218504176,2.0725430058870833,0.03219296217391178,0.0007875,0.0,0.0007875,40.8799519668721,0.02446186827250605
3,0.00045,15,0.7911838218586685,0.7387654992031022,0.6199228921256473,560.5092024539878,0.20148200503899716,1.7990604884394177,0.029022743481303917,0.0007875,0.0,0.0007875,36.8542774365764,0.02713389244222544
3,0.00045,16,0.8235205767497747,0.7793403292177041,0.5135166442223053,555.7611895464104,0.29812372641754337,2.188621639329031,0.030044416306956,0.0007875,0.0,0.0007875,38.15163975486476,0.02621119318659138
3,0.00045,17,0.809104035261038,0.7625935386870831,0.5533292883051235,562.3800440762976,0.20631359060644172,1.8037980138416758,0.03278349934934567,0.0007875,0.0,0.0007875,41.62984044361355,0.02402123066876684
3,0.00045,18,0.8044747819491846,0.7645348251437027,0.550126850508846,561.2730375426621,0.2006268679688219,1.8095141087979254,0.032502917360318705,0.0007875,0.0,0.0007875,41.273545854372955,0.02422859435262331
3,0.00045,19,0.8109960402071277,0.7644172564715451,0.5557844808723377,563.5342674383186,0.3181908429542091,2.2590770289076634,0.03292566782293696,0.0007875,0.0,0.0007875,41.810371838650106,0.02391751032157972
3,0.00045,20,0.8095813812906151,0.7616757884095852,0.5666446699659856,559.1985794166541,0.2809892591321841,2.111351090768605,0.03219485974347817,0.0007875,0.0,0.0007875,40.88236157901989,0.024460426486545787
3,0.00045,21,0.7691555020322144,0.7185783794645224,0.669550202396447,557.0138491645341,0.20890695246635005,1.8232252903176933,0.03127458271409252,0.0007875,0.0,0.0007875,39.71375582741908,0.025180192081192744
3,0.00045,22,0.7953498905412546,0.7496956245851374,0.5860661227112997,558.6507888578546,0.2675490824622102,2.071997760823537,0.031411271483317585,0.0007875,0.0,0.0007875,39.887328867704866,0.02507061837398841
3,0.00045,23,0.8008595988538681,0.7519671233839539,0.5852474570328965,558.0200573065903,0.24924292860669084,1.9845559560142394,0.030390080352327674,0.0007875,0.0,0.0007875,38.590578225178,0.025913060803726466
3,0.00045,24,0.8091551916635653,0.7558817752940583,0.583121718994512,550.847413472274,0.24197859017294832,1.9434760660002377,0.03180230151514305,0.0007875,0.0,0.0007875,40.38387493986419,0.024762358775355372
3,0.00045,25,0.7991672975018925,0.7533311808693106,0.5786410344951379,560.2127176381529,0.3114699831639882,2.227271613693743,0.03135482615982844,0.0007875,0.0,0.0007875,39.81565226644881,0.025115750793379903
3,0.00045,26,0.8123109497882638,0.7588090430824687,0.5778589069887592,559.6206896551724,0.31620822989498265,2.2465144949515703,0.03028899726831612,0.0007875,0.0,0.0007875,38.4622187534173,0.025999540130823885
3,0.00045,27,0.7829124126813541,0.7295063353556581,0.6454119371116553,568.0683964074615,0.29634597821859643,2.156780954427215,0.030378884895807673,0.0007875,0.0,0.0007875,38.576361772454185,0.02592261048096193
3,0.00045,28,0.7491713558930085,0.6931643190280844,0.7293505250703403,570.4288136899714,0.23559093533549458,1.9204644168033547,0.02844467798882181,0.0007875,0.0,0.0007875,36.1202260175515,0.027685319563451265
3,0.00045,29,0.809458741364913,0.7592704352136873,0.5694753042917435,561.7834206331132,0.2776304777653422,2.1122471296086163,0.030883777168590556,0.0007875,0.0,0.0007875,39.21749481725785,0.02549882404931039
3,0.00045,30,0.7953238498789347,0.7423276373295881,0.6154257034280145,559.9588377723971,0.3377602316904813,2.3296150770672965,0.032116368858511775,0.0007875,0.0,0.0007875,40.782690613983206,0.024520206610819564
3,0.00045,31,0.7862174578866769,0.7281966831372567,0.6543287355458961,566.635528330781,0.22645927118719555,1.9002412080127793,0.02993529219188089,0.0007875,0.0,0.0007875,38.01306945000748,0.02630674171984823
3,0.00045,32,0.8126250962278676,0.7635175031491284,0.551743690820883,569.6836027713625,0.24869170083547942,1.9973508865529417,0.029873415040172394,0.0007875,0.0,0.0007875,37.9344952891078,0.026361231179662794
3,0.00045,33,0.7948640254526173,0.7450283288339175,0.609068973915735,560.5939701537762,0.2426273575401865,1.9680027612595357,0.030794273197137897,0.0007875,0.0,0.0007875,39.10383898049257,0.025572936726208962
3,0.00045,34,0.8001671605501102,0.7534171141557378,0.5861328671096402,562.2947344426715,0.2939400752366055,2.162786642941314,0.030379414304490364,0.0007875,0.0,0.0007875,38.57703403744808,0.02592215873903797
3,0.00045,35,0.801775600795959,0.752298606573323,0.5893246083081166,566.3757844787999,0.3295220529253129,2.32504598762684,0.03177064789461363,0.0007875,0.0,0.0007875,40.34367986617604,0.02478702992183902
3,0.00045,36,0.7831343624059007,0.7355894087789586,0.619121542377615,562.7215420880541,0.2312548527843319,1.9232667842798394,0.031384663639460776,0.0007875,0.0,0.0007875,39.853541129474,0.025091873185151974
3,0.00045,37,0.8038932400577903,0.7559825467056379,0.572952821984846,562.7215420880541,0.21352765543269925,1.8549605604260064,0.032010214180735484,0.0007875,0.0,0.0007875,40.64789102315617,0.024601522362631877
3,0.00045,38,0.8010732370947018,0.7490150434249416,0.5943613106794002,559.3251454916484,0.2715278883697465,2.0770006034378152,0.032105005678439984,0.0007875,0.0,0.0007875,40.76826117897141,0.02452888524261633
3,0.00045,39,0.8067310640907697,0.7594082982915211,0.5752587215356516,567.329346826127,0.26213754099444486,2.047804827447317,0.03158322180277054,0.0007875,0.0,0.0007875,40.10567847970862,0.024934124989456238
3,0.00045,40,0.7874051593323217,0.742751174455097,0.611129190367675,561.4855842185129,0.25570142184733413,2.0055123707855684,0.029669975476904725,0.0007875,0.0,0.0007875,37.67615933575203,0.026541983515051923
3,0.00045,41,0.8090791771046838,0.7619857818619463,0.5631478829479611,561.7834206331132,0.2734200944250915,2.0808354682160406,0.03219063837787248,0.0007875,0.0,0.0007875,40.8770011147587,0.02446363413971062
3,0.00045,42,0.8165060425271531,0.7726203651481627,0.5350427012877957,566.0298301973382,0.28726901367190294,2.1147957578972774,0.02962572215991019,0.0007875,0.0,0.0007875,37.619964647505,0.026581630508425293
3,0.00045,43,0.8005413766434648,0.7489280702969171,0.6019901864329127,572.322505800464,0.271696831448935,2.0748479530571498,0.030049285704541663,0.0007875,0.0,0.0007875,38.157823116878305,0.026206945740509795
3,0.00045,44,0.80570559147965,0.7594837545201037,0.5704394417778175,562.977938379612,0.30333096205140464,2.2014238898847642,0.03080284782666093,0.0007875,0.0,0.0007875,39.11472739893451,0.02556581795396176
3,0.00045,45,0.7981822245399687,0.7491455545532167,0.5910146132202678,551.3389704238992,0.1823225207044743,1.7300780818112433,0.03001048032884164,0.0007875,0.0,0.0007875,38.108546449322716,0.026240832914732504
3,0.00045,46,0.801669195751138,0.7504367603933481,0.600713448859843,561.4855842185129,0.26017912110546604,2.022425675151069,0.03164449127994549,0.0007875,0.0,0.0007875,40.18348099040697,0.024885847999050425
3,0.00045,47,0.8016732651079406,0.7535680168814743,0.5878385794202939,552.8189288115336,0.2809053718519863,2.125625306687395,0.033123863486743926,0.0007875,0.0,0.0007875,42.062048872055776,0.023774400601401922
3,0.00045,48,0.7965519871843771,0.7440382692061809,0.6117533975156423,564.5212449462201,0.21105471093324013,1.8432047051649207,0.030568572574979965,0.0007875,0.0,0.0007875,38.81723501584757,0.02576175246876133
3,0.00045,49,0.7988869406114203,0.7455226843053543,0.6050410207645286,564.1775558435618,0.2680479343107436,2.0626264336426545,0.02967448087596243,0.0007875,0.0,0.0007875,37.68188047741261,0.0265379537149008
3,0.0007,0,0.7124952525636157,0.6513884655766713,0.8574444265753292,562.1241929358147,0.21977065849932842,1.8542510503765,0.03114764240286191,0.001225,0.0,0.001225,25.42664685947911,0.03932881931017175
3,0.0007,1,0.7125563909774436,0.6472115344766483,0.8816860256014444,556.4285714285714,0.22777265417971648,1.9020265418600082,0.031793232452144576,0.001225,0.0,0.001225,25.95365914460782,0.03853021242315891
3,0.0007,2,0.6727772685609532,0.5989203763867793,0.991173388296036,565.2529789184234,0.30246683506993577,2.2165245655315426,0.029586512812928047,0.001225,0.0,0.001225,24.152255357492283,0.041404000794062056
3,0.0007,3,0.742472386140112,0.6872858679587398,0.7622771464194619,559.8742623694961,0.2538308947405312,2.0116635143078003,0.030903541302835957,0.001225,0.0,0.001225,25.227380655376294,0.03963947005282479
3,0.0007,4,0.7096871694121203,0.6472740278033132,0.8691046177689321,559.1985794166541,0.23970665683737025,1.96005275176742,0.02945030687458805,0.001225,0.0,0.001225,24.04106683639841,0.04159549186419591
3,0.0007,5,0.741920626391341,0.680733630064849,0.7806657722552314,568.0683964074615,0.2978844179015141,2.1832564138120842,0.030582094163748987,0.001225,0.0,0.001225,24.964974827550193,0.040056118898884135
3,0.0007,6,0.7288837744533947,0.6703425106751553,0.8131589187455933,567.7203682393556,0.24758289312012494,1.9908294281647487,0.030995672838099057,0.001225,0.0,0.001225,25.3025900719176,0.039521645695468254
3,0.0007,7,0.7492541766109785,0.6914551026511615,0.7540844461585208,551.9546539379475,0.30094298513722606,2.1979790070086604,0.030482603552733634,0.001225,0.0,0.001225,24.883758002231538,0.04018685601709844
3,0.0007,8,0.7177591463414634,0.653347247164366,0.8549162981869951,564.0487804878048,0.21207300649257377,1.841884548965591,0.03028834124636706,0.001225,0.0,0.001225,24.72517652764658,0.04044460507215571
3,0.0007,9,0.7039365364466397,0.6379834561131326,0.8907062865847014,553.8513695554558,0.19850767706520855,1.7969495392707513,0.029818617584839367,0.001225,0.0,0.001225,24.341728640685197,0.04108171669979848
3,0.0007,10,0.7491260069919441,0.6911644413938424,0.7623892987294569,562.4227086183311,0.2682225229800679,2.0729277316360792,0.03244756172273387,0.001225,0.0,0.001225,26.48780548794602,0.037753221966805695
3,0.0007,11,0.7362696284948296,0.6797480113605816,0.7827014902865147,566.852163921869,0.2862938363396097,2.109936071998555,0.03121807748849836,0.001225,0.0,0.001225,25.48414488857009,0.039240084545607436
3,0.0007,12,0.7021146184492798,0.6384962153957368,0.8939007529793942,566.9822249463683,0.2016721613763366,1.806944342819167,0.028862321574275276,0.001225,0.0,0.001225,23.561078836143082,0.04244287822958189
3,0.0007,13,0.7412186927306048,0.6813606283821163,0.7890238386329026,565.0806353084912,0.31268866040045395,2.2346187544459313,0.03240266956633593,0.001225,0.0,0.001225,26.451158829661985,0.03780552702585616
3,0.0007,14,0.7179163260756484,0.659542375883122,0.8380290917161805,549.9485026380322,0.27063778255251236,2.0668860132360303,0.030950053328054936,0.001225,0.0,0.001225,25.26534965555505,0.03957989949211456
3,0.0007,15,0.7266087491350811,0.6626813268210823,0.834061312190798,568.9403398170216,0.27016789169283584,2.074941536518094,0.030534472357321492,0.001225,0.0,0.001225,24.926099883527748,0.04011859074113891
3,0.0007,16,0.7191388655622567,0.6607026374773545,0.8335581121186695,564.9514466753187,0.24570226375362836,1.9780066624845158,0.030972353240995492,0.001225,0.0,0.001225,25.28355366611877,0.039551402196284224
3,0.0007,17,0.735071806500378,0.6720845669901033,0.8066394386766559,559.3673469387755,0.2674409616156481,2.06639831406733,0.03355576759627019,0.001225,0.0,0.001225,27.392463343894036,0.036506391829229434
3,0.0007,18,0.7051291880702293,0.637298906362083,0.901225523603269,567.3727670014567,0.215984010923421,1.861762061572076,0.0313276066020867,0.001225,0.0,0.001225,25.573556409866697,0.039102891438837335
3,0.0007,19,0.7328220858895705,0.6665385360189144,0.8181577391768161,567.5030674846626,0.26614446990424767,2.0612617477123694,0.03116903572511373,0.001225,0.0,0.001225,25.44411079601121,0.039301825401450725
3,0.0007,20,0.7244650174533314,0.6652109033741556,0.816704035496494,561.57064804978,0.23695104120997712,1.9473332003793846,0.03276632325336752,0.001225,0.0,0.001225,26.748018982340835,0.037385946251204796
3,0.0007,21,0.7073057953144266,0.642734757094629,0.885805918758962,570.2971639950678,0.24581462822970934,1.9935213523047004,0.030275003691992167,0.001225,0.0,0.001225,24.714288728156873,0.040462422811331195
3,0.0007,22,0.7225548902195609,0.6561029724257701,0.849290009934602,568.1119299861815,0.24073637896799482,1.951066691541974,0.030116529655445246,0.001225,0.0,0.001225,24.584922167710406,0.04067533723224026
3,0.0007,23,0.7240826912807995,0.6618673482685189,0.8389139917679368,564.5212449462201,0.21294209640473127,1.8318674163066122,0.030578449127039022,0.001225,0.0,0.001225,24.961999287378795,0.04006089370035423
3,0.0007,24,0.7051262433052793,0.6475999220851469,0.8718772120126004,566.2027543993879,0.23590944742318243,1.9475325737328415,0.031017619161751397,0.001225,0.0,0.001225,25.320505438164407,0.03949368240069754
3,0.0007,25,0.707036639583014,0.6443386052644524,0.8789614957322076,567.2425264448873,0.21793586746207438,1.8704204428083813,0.0304224235060995,0.001225,0.0,0.001225,24.834631433550612,0.040266351553300654
3,0.0007,26,0.7356260484977887,0.6786164616601854,0.7831524574564153,564.3063901174318,0.2988518314959947,2.1920754741812516,0.030820537139448805,0.001225,0.0,0.001225,25.159622154652087,0.039746224877828584
3,0.0007,27,0.7239836165048543,0.6615072073539914,0.8399816377587126,561.3155339805825,0.2766221740457695,2.1110506683438786,0.02919171265940218,0.001225,0.0,0.001225,23.82996951787933,0.0419639647146721
3,0.0007,28,0.7399228616804053,0.6786460539476964,0.7963558824307605,559.6629357936928,0.20238682298804633,1.8019906457400903,0.030892525214253452,0.001225,0.0,0.001225,25.21838793000282,0.03965360524929827
3,0.0007,29,0.7493602288122836,0.6918576776445019,0.7538712477076323,557.0138491645341,0.28184621583204716,2.1081308319322636,0.028875889001945265,0.001225,0.0,0.001225,23.572154287302258,0.04242293630916354
3,0.0007,30,0.7114675099766584,0.6542809993288805,0.8616859759112421,557.2231759656653,0.24630902975331992,1.9910390019518762,0.03149679998856524,0.001225,0.0,0.001225,25.71167346005326,0.03889283992166601
3,0.0007,31,0.7153472854109797,0.6531078226567126,0.8567591911400307,561.1455868971792,0.2183081017283257,1.8630576829050467,0.0312653842679169,0.001225,0.0,0.001225,25.522762667687264,0.039180711470002266
3,0.0007,32,0.7352629987908101,0.672702542275966,0.8047595623717824,559.2829504232164,0.21415192980202846,1.8675519107688916,0.031809935685443075,0.001225,0.0,0.001225,25.96729443709639,0.03850998040717784
3,0.0007,33,0.7072292847296676,0.6437757191391247,0.8839554140990405,566.7221626589064,0.2520600462157745,1.9926477387490638,0.0318099542108434,0.001225,0.0,0.001225,25.967309559872163,0.038509957979833274
3,0.0007,34,0.7008199804408335,0.6332712078381076,0.9145661153507171,556.7210561949898,0.20284987502964213,1.8140929666885315,0.030012015180703403,0.001225,0.0,0.001225,24.499604229145636,0.040816985884627593
3,0.0007,35,0.7255556398391868,0.6643381615106162,0.8271279731736082,561.3580368656603,0.3137734982010443,2.2656964499473924,0.03099509782103335,0.001225,0.0,0.001225,25.302120670231307,0.03952237889595276
3,0.0007,36,0.7048384650386774,0.6413552191280814,0.8920032932569978,561.2305475504322,0.27462702174670994,2.1179540468214615,0.029883468121810395,0.001225,0.0,0.001225,24.394667854539097,0.04099256468515232
3,0.0007,37,0.6942981451797573,0.631211420930732,0.9216314600451683,564.865353789787,0.2784401827666443,2.1104464491144195,0.03178683135927154,0.001225,0.0,0.001225,25.948433762670643,0.038537971468574635
3,0.0007,38,0.71252503466338,0.6497327810980141,0.8639693990477433,570.0340471421969,0.24490628790226765,1.9708936432899367,0.031780629814548426,0.001225,0.0,0.001225,25.94337127718239,0.03854549161386423
3,0.0007,39,0.7438897168405365,0.683833006211119,0.7683965007530336,551.461997019374,0.22233984791091643,1.8860140458054335,0.032810419679642,0.001225,0.0,0.001225,26.78401606501388,0.037335700425681545
3,0.0007,40,0.7258887055647217,0.6645898423971884,0.8234528927283286,555.0122993850307,0.24547467118827626,1.9847697857592572,0.03099058334654546,0.001225,0.0,0.001225,25.298435384935072,0.03952813621807966
3,0.0007,41,0.7338004822182037,0.6756722484793752,0.7944783097213716,557.6003616636528,0.316127117985161,2.2613224610699456,0.031012841630302823,0.001225,0.0,0.001225,25.316605412492102,0.03949976640654062
3,0.0007,42,0.7401616436286729,0.6816307619261508,0.7919581065019708,558.9877634262407,0.3076348333270289,2.2153614104588204,0.029805234630256985,0.001225,0.0,0.001225,24.33080377980162,0.04110016294776733
3,0.0007,43,0.7114048846067668,0.6457903825411763,0.8773576247580649,552.7365001120322,0.23351939170970581,1.91882327107367,0.0308296341290473,0.001225,0.0,0.001225,25.167048268610042,0.03973449684392524
3,0.0007,44,0.7309679380033429,0.6664805052426133,0.8236648984442014,562.2520893481234,0.2683688178076409,2.061542288963131,0.033858989213464585,0.001225,0.0,0.001225,27.63999119466497,0.03617946159812882
3,0.0007,45,0.7102083962549078,0.6442229521604217,0.889125645046899,558.7771066143159,0.2505371313600335,1.9953450397500514,0.0305631192391042,0.001225,0.0,0.001225,24.949485093146286,0.04008098749399456
3,0.0007,46,0.7306022995507501,0.6734010577439661,0.7991739211963977,563.4914337927358,0.22220712847774848,1.8988378973496247,0.029004570095474108,0.001225,0.0,0.001225,23.67720007793805,0.042234723561413855
3,0.0007,47,0.7243926585941665,0.6620967472581596,0.8313630774121805,563.5771076079507,0.2662372545164544,2.075031704402281,0.03158578497751542,0.001225,0.0,0.001225,25.78431426735953,0.03878326914692876
3,0.0007,48,0.7203812982296868,0.6503537425044171,0.8634069938740478,559.8742623694961,0.22991744996397756,1.9271761926498119,0.030288298025193946,0.001225,0.0,0.001225,24.72514124505628,0.04044466278630246
3,0.0007,49,0.7164064891337618,0.650285193353723,0.8672374459587061,566.2892561983471,0.34768374016857706,2.3790966666804065,0.031340514144093154,0.001225,0.0,0.001225,25.584093178851553,0.03908678697381484
3,0.001,0,0.6557153671461015,0.5882772450400907,1.0537212941447929,560.2127176381529,0.19258735934272408,1.7608498475960015,0.03142990619079414,0.00175,0.0,0.00175,17.959946394739507,0.05567945349173767
3,0.001,1,0.6793210578161704,0.6120088745493915,0.9951909488001859,560.7635826324165,0.289221829327289,2.1799096635790454,0.032026536107988134,0.00175,0.0,0.00175,18.300877775993218,0.05464218778138517
3,0.001,2,0.6559099437148218,0.5885795559317596,1.0534301533391361,555.3864915572233,0.19991653371835127,1.8077510694444712,0.031531599559444345,0.00175,0.0,0.00175,18.018056891111055,0.0554998802614135
3,0.001,3,0.6292023981179328,0.5579135731572346,1.1463186013009397,561.6131896486302,0.20912870264146477,1.8190158139311712,0.02984936831192491,0.00175,0.0,0.00175,17.05678189252852,0.05862770634582809
3,0.001,4,0.6151647359711148,0.5442702830111886,1.1730263574479662,556.6792537987062,0.2505408271099441,1.9910255564614059,0.02959337486401805,0.00175,0.0,0.00175,16.91049992229603,0.059134857313208555
3,0.001,5,0.640635798203179,0.5665306394638552,1.120804302748486,568.2425708362128,0.2598238069040235,2.020552787501773,0.031097645312665567,0.00175,0.0,0.00175,17.770083035808895,0.056274357187013554
3,0.001,6,0.6434479095530768,0.5639878436531914,1.1321814720342815,561.5281129068974,0.39128506084671244,2.575585244783259,0.029721047985552883,0.00175,0.0,0.00175,16.983455991744503,0.058880830879538916
3,0.001,7,0.6282139841891166,0.5526467877712158,1.1447306573085132,567.9813492977205,0.2782105164369568,2.0923017359706373,0.0313061745106232,0.00175,0.0,0.00175,17.889242577498973,0.05589951590559773
3,0.001,8,0.6463562140913215,0.5710046257081531,1.1053025126024483,559.4517689749017,0.24499065504642203,1.9868703942048407,0.030758103536509495,0.00175,0.0,0.00175,17.576059163719712,0.056895575435031986
3,0.001,9,0.632118799755052,0.5566747485505917,1.1357854853813365,566.4623392529088,0.2726501981378533,2.0840856779325714,0.028297845278007078,0.00175,0.0,0.00175,16.17019730171833,0.06184216440536163
3,0.001,10,0.6312922038060159,0.5586814964915017,1.134112713261006,567.8508287292817,0.24630183726549149,1.9803583980081592,0.029935246685356562,0.00175,0.0,0.00175,17.10585524877518,0.0584595149121002
3,0.001,11,0.7200789793438639,0.6503210024573263,0.8934930774900441,561.9963547995139,0.23641461529769003,1.9302542904347706,0.030393536293804046,0.00175,0.0,0.00175,17.367735025030882,0.05757803182503481
3,0.001,12,0.6676845560729827,0.5907408757100542,1.037863986514088,564.9514466753187,0.21900324846501462,1.8819691268790364,0.03190803324488752,0.00175,0.0,0.00175,18.23316185422144,0.054845122749155796
3,0.001,13,0.6280810524724029,0.5516452743655842,1.150617173704031,559.5362165431725,0.3345804217096884,2.3334764952097373,0.033044500866491154,0.00175,0.0,0.00175,18.882571923709232,0.05295888738251729
3,0.001,14,0.6496606421108824,0.5817085419459321,1.0625361563461273,564.3493479752917,0.4908474746916909,2.9765569421848603,0.030211816564617584,0.00175,0.0,0.00175,17.263895179781475,0.057924355401042106
3,0.001,15,0.6517182924949915,0.5796973603123863,1.0832897516002709,570.2094313453537,0.2541011818102561,2.018381404959581,0.031522984523240705,0.00175,0.0,0.00175,18.013134013280403,0.055515048034547335
3,0.001,16,0.6650045330915685,0.5894119755497994,1.0574738999133038,559.114233907525,0.3026871758629568,2.1984519921283177,0.03342466393238942,0.00175,0.0,0.00175,19.099807961365386,0.05235654735496687
3,0.001,17,0.6359341664126791,0.566084954253174,1.1197486828182255,563.8771715940262,0.2891067487944383,2.1438651257042816,0.03217266809647445,0.00175,0.0,0.00175,18.38438176941397,0.05439399662944861
3,0.001,18,0.6364120916774537,0.5653637509071958,1.1248602018574578,563.4914337927358,0.2124714721867349,1.8336844912569066,0.03207337037889197,0.00175,0.0,0.00175,18.327640216509696,0.054562398005783164
3,0.001,19,0.6516680792048694,0.5908386314648549,1.0168741818371125,570.1655751598737,0.2059596057224553,1.820642593411923,0.030733488739019186,0.00175,0.0,0.00175,17.56199356515382,0.056941143742597726
3,0.001,20,0.673693720825177,0.6050968849265784,0.9973839767191014,557.1812979972896,0.2810367284982931,2.1304713860662616,0.03259564307141317,0.00175,0.0,0.00175,18.62608175509324,0.053688156916124
3,0.001,21,0.6517228029423151,0.5828086295036492,1.061242074228254,572.98606271777,0.2560046686849091,2.0069823581425377,0.029409039152023343,0.00175,0.0,0.00175,16.805165229727624,0.059505514306461116
3,0.001,22,0.6149954696466324,0.5481772387440013,1.1648434559859329,558.7771066143159,0.23109218614990823,1.920602685381903,0.030186351637035428,0.00175,0.0,0.00175,17.249343792591674,0.057973219852542134
3,0.001,23,0.720988213961922,0.6597971733954937,0.8588847630753909,559.114233907525,0.3021446817438118,2.2049504984213644,0.03176013759715967,0.00175,0.0,0.00175,18.14865005551981,0.05510051694979129
3,0.001,24,0.6684402553967771,0.5996845851572811,1.0320587628689555,562.508057160231,0.2531735022494104,2.002981474841083,0.030930298208831152,0.00175,0.0,0.00175,17.674456119332085,0.05657882727753151
3,0.001,25,0.6577926523161177,0.5696902796515115,1.1107685416798414,562.8924469460713,0.2308858337055426,1.9094620657701953,0.029939282309306658,0.00175,0.0,0.00175,17.108161319603806,0.05845163494303304
3,0.001,26,0.6626130576879228,0.5856710694464774,1.0533706062120387,562.4653796458159,0.21324757553520612,1.8310968744988596,0.029223370568137095,0.00175,0.0,0.00175,16.69906889607834,0.059883578313449745
3,0.001,27,0.6533495366854017,0.5795341234537735,1.0832630923844726,562.0815737505696,0.2873361773090437,2.146234837442427,0.030493598716707176,0.00175,0.0,0.00175,17.4249135524041,0.05738909389665413
3,0.001,28,0.6607431340872375,0.5861005688836576,1.0567610687358604,569.2898684514194,0.30257034467649646,2.1561688854835968,0.030716871387552865,0.00175,0.0,0.00175,17.552497935744494,0.05697194801906608
3,0.001,29,0.6573512476007678,0.5839873023687085,1.0600322905656057,568.1554702495201,0.2273716626514215,1.9120919968172494,0.033022786446893354,0.00175,0.0,0.00175,18.870163683939058,0.05299371095816879
3,0.001,30,0.5698468072197785,0.4867764770670243,1.312957806015736,561.2305475504322,0.2400914102618117,1.9457405695718981,0.0297549524364762,0.00175,0.0,0.00175,17.002829963700684,0.058813738779656
3,0.001,31,0.6586025660844025,0.5941197072122797,1.0328009219689973,571.9692379038491,0.23855321353767067,1.9610774219211446,0.0328291163639142,0.00175,0.0,0.00175,18.75949506509383,0.053306338818293685
3,0.001,32,0.6485171102661597,0.5765468198329721,1.0867756552247123,562.7642585551331,0.19637116941157728,1.78381031103699,0.028219499995518753,0.00175,0.0,0.00175,16.125428568867857,0.06201385567702827
3,0.001,33,0.6260750437628434,0.5502447062191953,1.164835343313042,563.2345688408554,0.25029525058926083,1.9880336699819958,0.028301421184872617,0.00175,0.0,0.00175,16.172240677070068,0.061834350599163264
3,0.001,34,0.6517802799756542,0.5771560202435084,1.0787320834109664,563.0206938527084,0.22559416788863018,1.9074266511912874,0.03243099482672911,0.00175,0.0,0.00175,18.53199704384521,0.05396072520592793
3,0.001,35,0.6345020401994862,0.5638478714380127,1.1134701511134033,559.1985794166541,0.31611035304376855,2.272295534677285,0.02857896365808012,0.00175,0.0,0.00175,16.330836376045784,0.06123385091695665
3,0.001,36,0.6309719934102141,0.5582855382478088,1.1396392994996705,554.1825670211173,0.2853334130777512,2.139659531303635,0.031256957062423284,0.00175,0.0,0.00175,17.861118321384733,0.05598753571901047
3,0.001,37,0.646629551609991,0.5710077119664412,1.1093494561086161,556.7628648811315,0.3013371108681895,2.191345705968109,0.029633248432767108,0.00175,0.0,0.00175,16.93328481872406,0.0590552873057592
3,0.001,38,0.6341871247244812,0.5643720151736726,1.119955522184392,562.4653796458159,0.19586699432693422,1.7909304554651106,0.031092050113155335,0.00175,0.0,0.00175,17.766885778945905,0.05628448409259314
3,0.001,39,0.6397902576183601,0.5607790807485122,1.1324588880780366,562.3800440762976,0.24167116620810702,1.9526380473255451,0.030695258294216758,0.00175,0.0,0.00175,17.54014759669529,0.05701206301071311
3,0.001,40,0.6575660109207869,0.5888958146590921,1.0360103547022708,553.5618969257237,0.2402936385187786,1.9527050020620536,0.03155896386803623,0.00175,0.0,0.00175,18.033693638877846,0.05545175713998796
3,0.001,41,0.6596515048653542,0.5918415257722914,1.0591528964336756,558.2301425661915,0.21919452041038312,1.8721998346578324,0.03055597799470216,0.00175,0.0,0.00175,17.46055885411552,0.0572719354721167
3,0.001,42,0.6425455092522943,0.5741572150574878,1.0880286706056923,556.6792537987062,0.199083115439862,1.786245982144484,0.03207968873171513,0.00175,0.0,0.00175,18.331250703837217,0.0545516515024626
3,0.001,43,0.6681236101525957,0.5907933915432448,1.0582367352133006,567.4596273291926,0.3010269673541188,2.2077604795350907,0.031918488980521596,0.00175,0.0,0.00175,18.239136560298054,0.054827156795171146
3,0.001,44,0.671842729289375,0.5976039288316605,1.0321191312328448,566.0730513271628,0.232685242081061,1.9303605617427662,0.03209209502417382,0.00175,0.0,0.00175,18.33834001381361,0.05453056270342551
3,0.001,45,0.6330808660393237,0.5536278603603584,1.1477426225769896,566.1595134266697,0.2865593250025995,2.1293041497452765,0.030393207177158158,0.00175,0.0,0.00175,17.36754695837609,0.057578655315955025
3,0.001,46,0.653555219364599,0.5824060118307401,1.0791457506152535,559.7897125567322,0.2273653482843656,1.8962428284204622,0.031673456069449386,0.00175,0.0,0.00175,18.09911775397108,0.055251311892293355
3,0.001,47,0.6669435843214259,0.5925557070498648,1.040335879008276,558.9034816101503,0.2539925645396579,2.00086118167036,0.03286939395619011,0.00175,0.0,0.00175,18.782510832108635,0.05324101814388434
3,0.001,48,0.6773851857456307,0.6084533477612282,1.0067826162639497,559.9165468714534,0.2042630277283024,1.8150510105374624,0.030405330482999076,0.00175,0.0,0.00175,17.374474561713757,0.057555697379395365
3,0.001,49,0.6319302237390975,0.5567707023615115,1.145497845725281,561.2730375426621,0.2649612489331048,2.0511838280102292,0.03221623672466419,0.00175,0.0,0.00175,18.409278128379537,0.05432043521893513
3,0.0014,0,0.5678882547311505,0.49887545998422944,1.345548769600483,555.7611895464104,0.2030581605504267,1.8141849411073105,0.030517312608252738,0.00245,0.0,0.00245,12.456045962552139,0.08028229849234664
3,0.0014,1,0.5569801644166227,0.4791323213424863,1.4057170170685935,558.1460894486763,0.22377152924309485,1.8840135831192906,0.030881048442930603,0.00245,0.0,0.00245,12.604509568543104,0.07933668458594263
3,0.0014,2,0.5390601390148081,0.4635164562987457,1.4463832303903743,559.114233907525,0.25707000415422954,2.0219069076478124,0.03114828079641382,0.00245,0.0,0.00245,12.713583998536254,0.07865602650795657
3,0.0014,3,0.5743002351513312,0.5023380630316617,1.3220737669724691,561.3580368656603,0.21778583456762135,1.865778145308704,0.03306841699881358,0.00245,0.0,0.00245,13.497313060740236,0.07408882015997018
3,0.0014,4,0.5846073141486811,0.5166926004435989,1.2791820367482734,554.5971223021583,0.2511841418745462,1.9964439660139084,0.03334301757530449,0.00245,0.0,0.00245,13.609394928695709,0.07347865244849923
3,0.0014,5,0.5705133094348257,0.4997488960081113,1.3364364093019088,564.4352833498589,0.22406010233680718,1.883003711583248,0.029850902979101663,0.00245,0.0,0.00245,12.184042032286394,0.08207456912493474
3,0.0014,6,0.5844265439202148,0.4998822521241109,1.3423157153832082,567.7203682393556,0.2206058772862889,1.8808690300041047,0.032171139784084216,0.00245,0.0,0.00245,13.131077462891517,0.0761552129157721
3,0.0014,7,0.5714394632509912,0.49181350416647185,1.36319900936174,564.220494053065,0.22669976690667681,1.8987750546601716,0.030677279248620938,0.00245,0.0,0.00245,12.521338468824872,0.07986366653131852
3,0.0014,8,0.5596726528756536,0.47985025370601464,1.4166294949141367,560.7635826324165,0.30331501449109055,2.1840526170323105,0.030451249293685922,0.00245,0.0,0.00245,12.4290813443616,0.0804564691704786
3,0.0014,9,0.573191038449894,0.4965207817117891,1.3652386211190355,560.1280653950954,0.2795546293782536,2.1009985052067677,0.03152420412449616,0.00245,0.0,0.00245,12.867022091631085,0.07771806039335363
3,0.0014,10,0.5474312839751934,0.4632068975855922,1.4769134918825222,566.5922211163005,0.24465605954173952,1.9657659849946527,0.030416322220079516,0.00245,0.0,0.00245,12.414825395950823,0.08054885736259783
3,0.0014,11,0.5675574798447298,0.4964163415365699,1.347748658795456,552.4481934905942,0.3924519686261192,2.5243143464545827,0.030820973216222507,0.00245,0.0,0.00245,12.579989067845922,0.07949132504065289
3,0.0014,12,0.5630392008475859,0.4897820083337058,1.353184267515813,560.0434387770547,0.21235262000118382,1.8340363185904773,0.031172421100739024,0.00245,0.0,0.00245,12.723437183975111,0.07859511431859607
3,0.0014,13,0.5722918869919927,0.5008031410611041,1.353561005582932,559.0299138842726,0.2760164027567953,2.0939436804281018,0.031496860621806504,0.00245,0.0,0.00245,12.85586147828837,0.07778553010149111
3,0.0014,14,0.5695243865495304,0.48620891769736485,1.4036624135185622,560.4668282338686,0.29965761277708225,2.2015103322549727,0.029110505222215387,0.00245,0.0,0.00245,11.881838866210362,0.08416205700649632
3,0.0014,15,0.5594395058008136,0.47756162183658796,1.418056535679464,557.51649841796,0.2045082863769494,1.8198990033147808,0.030491660932116287,0.00245,0.0,0.00245,12.44557589065971,0.08034983746718308
3,0.0014,16,0.5682566419110329,0.49089198044612364,1.3443142997828212,566.5922211163005,0.28905730979749933,2.152085191731771,0.03177487536645745,0.00245,0.0,0.00245,12.969336884268348,0.07710494444885523
3,0.0014,17,0.5677522204509223,0.4879585539154256,1.3781370715032921,561.7834206331132,0.27679782835184596,2.0885016925696287,0.031864879168332014,0.00245,0.0,0.00245,13.006073129931435,0.07688715802302057
3,0.0014,18,0.6565587991249906,0.5935323328196321,1.0699591709498533,558.2301425661915,0.2241282023896929,1.884244507611577,0.03060183358613427,0.00245,0.0,0.00245,12.490544320871132,0.08006056215893213
3,0.0014,19,0.5656860543453851,0.4847948241144602,1.394197812343299,553.9755221199191,0.2860977950040251,2.1446382227899026,0.030221977428630822,0.00245,0.0,0.00245,12.335500991277888,0.08106683309474613
3,0.0014,20,0.5635451505016722,0.4843170238787791,1.3858045037762778,562.508057160231,0.23295981899718754,1.9256071255744116,0.031149686384045753,0.00245,0.0,0.00245,12.714157707773778,0.07865247726072905
3,0.0014,21,0.5198095823095823,0.4457755330033972,1.5088734374191257,568.1990171990172,0.23569816630333662,1.9251827608237546,0.031478339623105485,0.00245,0.0,0.00245,12.848301886981831,0.07783129699133401
3,0.0014,22,0.5608533900235365,0.48439995126789337,1.3926367062208096,561.8685748994002,0.2562677134992555,2.0295331669940677,0.032387192848906544,0.00245,0.0,0.00245,13.219262387308794,0.07564718595494814
3,0.0014,23,0.603530210454854,0.5309323744148133,1.2499403476067141,558.2301425661915,0.282171023049159,2.133598735054684,0.030649918486226547,0.00245,0.0,0.00245,12.510170810704713,0.07993495973246978
3,0.0014,24,0.5498328775448192,0.472156539968491,1.420825292092907,562.1668185961714,0.19993493158835918,1.7882902432398813,0.02980247860563894,0.00245,0.0,0.00245,12.164276981893444,0.08220792748212676
3,0.0014,25,0.5589943451016354,0.4858404741870725,1.3792604796382657,565.5116918844567,0.33190340001601726,2.3284359647569417,0.02911155623691644,0.00245,0.0,0.00245,11.882267851802629,0.0841590185032138
3,0.0014,26,0.5389739663093415,0.46134224956695313,1.4466434640855177,566.635528330781,0.23836064964416437,1.950975243416833,0.028006499627270715,0.00245,0.0,0.00245,11.431224337661517,0.08747969337854582
3,0.0014,27,0.5564086969743044,0.48019031764468806,1.397588431686701,562.5934316557701,0.22031150493421592,1.8764977115429815,0.030373675009400834,0.00245,0.0,0.00245,12.397418371184013,0.0806619547763552
3,0.0014,28,0.5826304992021882,0.5073684113244211,1.3101410915194558,562.2947344426715,0.23875978187425062,1.954789826842689,0.030307625507312225,0.00245,0.0,0.00245,12.370459390739684,0.08083774162409708
3,0.0014,29,0.5781072698388683,0.5046708994582237,1.3313728695748532,559.831984265073,0.23743699720944278,1.9608075753640237,0.03148014749164955,0.00245,0.0,0.00245,12.84903979251002,0.07782682722976089
3,0.0014,30,0.5720335778567647,0.4904167129569115,1.3747391337854904,559.6629357936928,0.2474028000724502,1.9849852974760065,0.03265619937675928,0.00245,0.0,0.00245,13.329060970105829,0.07502403974614427
3,0.0014,31,0.5531071292413268,0.4748214924750445,1.4341183326350808,564.2634388105223,0.21872144099324942,1.8688376697525988,0.029584559451398016,0.00245,0.0,0.00245,12.075330388325721,0.08281346910116741
3,0.0014,32,0.4969311207092521,0.4149936395822173,1.6035692106022104,560.7635826324165,0.28860386478481814,2.1409243247491165,0.03037968245057433,0.00245,0.0,0.00245,12.399870387989523,0.08064600424925385
3,0.0014,33,0.5487657125548993,0.47554112360852635,1.421311326397025,560.3820990458883,0.2950793662457727,2.1702188305898877,0.02997884159218041,0.00245,0.0,0.00245,12.236261874359352,0.081724305205944
3,0.0014,34,0.5713405713405714,0.4855220865164882,1.3856679838918347,569.8149688149688,0.2541505621338729,2.0087752538481634,0.029031013433085586,0.00245,0.0,0.00245,11.849393237994118,0.08439250684951372
3,0.0014,35,0.5712348376403225,0.49244722685714515,1.3760767059880246,557.5584268816394,0.26997803055564873,2.0809213627921848,0.028880927492377393,0.00245,0.0,0.00245,11.78813367035812,0.08483107063118502
3,0.0014,36,0.5635065329687026,0.49112461962683024,1.3559918539027724,562.1668185961714,0.3588605450640898,2.4275413873382434,0.030517131923720603,0.00245,0.0,0.00245,12.455972213763511,0.08028277382435288
3,0.0014,37,0.5476208430736746,0.46530187063309897,1.4673423726062824,558.0620616846392,0.19110495105269365,1.760835006370727,0.034542962598198605,0.00245,0.0,0.00245,14.099168407428003,0.07092616891313677
3,0.0014,38,0.5549567329588584,0.4741107232329457,1.4075593547552707,561.7408531956885,0.332775149930967,2.338106306202294,0.029646662736065994,0.00245,0.0,0.00245,12.100678667782038,0.08263999296688145
3,0.0014,39,0.5476100865637937,0.47760615970241,1.4175604737381664,557.055701919458,0.20405735363601707,1.8318878497035214,0.031275454146208,0.00245,0.0,0.00245,12.765491488248163,0.07833619261119669
3,0.0014,40,0.5850829985598424,0.5107886202660787,1.3062441998123464,560.9332979610399,0.23982144409092143,1.954781277563968,0.03160773594488267,0.00245,0.0,0.00245,12.901116712197009,0.0775126698183094
3,0.0014,41,0.5663622526636225,0.4903589713097775,1.3861321949326113,563.1917808219179,0.3185020926175639,2.281516503626883,0.03087298757192931,0.00245,0.0,0.00245,12.601219417114004,0.07935739922454466
3,0.0014,42,0.5770825480588013,0.5008807988877886,1.3567061966045029,557.894082171127,0.2902156713826116,2.1547761985356386,0.02858988234300283,0.00245,0.0,0.00245,11.66933973183789,0.08569465136674898
3,0.0014,43,0.5304227729609453,0.4440801818023024,1.5114173701590619,567.8073352259648,0.22905678959796205,1.9018331601167788,0.031406512161125326,0.00245,0.0,0.00245,12.818984555561357,0.07800929907245753
3,0.0014,44,0.5927952576379389,0.5206128384421331,1.2884098538705206,562.4227086183311,0.19971978684770875,1.7989455026457057,0.0305519255032587,0.00245,0.0,0.00245,12.470173674799469,0.0801913450508604
3,0.0014,45,0.5810996040207128,0.5028114507293293,1.3376542485324103,563.5342674383186,0.20486916234949604,1.804284575664917,0.03195417158259754,0.00245,0.0,0.00245,13.04251901330512,0.07667230532536436
3,0.0014,46,0.5531463229719484,0.47702752540763516,1.4133296121408028,561.0606520090978,0.20087166692246683,1.7942401900157714,0.029953032869503016,0.00245,0.0,0.00245,12.225727701837966,0.08179472211291472
3,0.0014,47,0.5908364411294619,0.5119105816371223,1.3225993836256666,563.2345688408554,0.2714066795888357,2.0834497463813895,0.030289341897426207,0.00245,0.0,0.00245,12.362996692827023,0.08088653785535647
3,0.0014,48,0.5572337652380587,0.4769741320348829,1.4211449672849,567.3727670014567,0.250700833305018,2.01052715325533,0.031445026988607044,0.00245,0.0,0.00245,12.834704893308999,0.07791375090527566
3,0.0014,49,0.5608315434182265,0.48289231140249045,1.3938284390108195,567.6768947529918,0.23258972523035482,1.9280791304003604,0.029107615938831006,0.00245,0.0,0.00245,11.880659566869799,0.08417041110988338
3,0.0018,0,0.5157261442388241,0.44117630454119616,1.568001929611112,563.5771076079507,0.2462607814813964,1.9644754510635845,0.03128064805276055,0.00315,0.0,0.00315,9.930364461193824,0.10070123850014065
3,0.0018,1,0.49207188160676535,0.41285363931327634,1.6565898838291127,558.7771066143159,0.2553843638743274,2.013695799465544,0.03010643060818601,0.00315,0.0,0.00315,9.557597018471748,0.10462880973819287
3,0.0018,2,0.5070676691729323,0.4311775020341008,1.5912236662476358,556.4285714285714,0.21777137494063936,1.8701991016118102,0.0320373028008742,0.00315,0.0,0.00315,10.17057231773784,0.09832288378265247
3,0.0018,3,0.4913030439346229,0.4176266644753249,1.6679391854636392,554.8461538461538,0.18556320693460293,1.7438494689790427,0.029592358458819145,0.00315,0.0,0.00315,9.394399510736237,0.10644639913995209
3,0.0018,4,0.4820295983086681,0.40188855050058775,1.7134051358253524,558.7771066143159,0.23373029954382218,1.931476363413779,0.02997168103980737,0.00315,0.0,0.00315,9.514819377716625,0.10509921001148641
3,0.0018,5,0.5032494839054974,0.4209009866861154,1.6273937872808046,565.8138236868263,0.24623396684182808,1.9615899135908506,0.03114350080835935,0.00315,0.0,0.00315,9.886825653447412,0.10114469851618274
3,0.0018,6,0.5312476327550943,0.44868993718795075,1.5500470838396285,560.5939701537762,0.2853753071394749,2.149685602442574,0.03262350741776769,0.00315,0.0,0.00315,10.356669021513552,0.09655614154731935
3,0.0018,7,0.5544599171998494,0.48699896818105415,1.4071538456118828,557.055701919458,0.31453259810223244,2.2507813838984196,0.03181416975877315,0.00315,0.0,0.00315,10.099736431356556,0.0990124848105253
3,0.0018,8,0.5203957382039573,0.44278211823790875,1.5686256607203928,563.1917808219179,0.22897104464937001,1.8980556454389745,0.03181203057478082,0.00315,0.0,0.00315,10.099057325327244,0.0990191428552562
3,0.0018,9,0.4898677066605491,0.41021260744598653,1.6560229642738309,565.9002064693738,0.24278398090973496,1.9840805102806838,0.030471373918189746,0.00315,0.0,0.00315,9.673452037520555,0.10337571283976868
3,0.0018,10,0.5024408848207476,0.42574911844886343,1.6085649687548693,564.4782608695652,0.3583987129095476,2.433159994298059,0.03150961235512359,0.00315,0.0,0.00315,10.003051541309077,0.0999694938959729
3,0.0018,11,0.528021349599695,0.4455394338548531,1.5522746411347117,564.2634388105223,0.21615288077737205,1.8556944946489513,0.03163728954342619,0.00315,0.0,0.00315,10.043583982040062,0.09956605149996259
3,0.0018,12,0.50262408157145,0.42486877480091867,1.6175916594169788,554.8461538461538,0.2104712669388391,1.8275772883176487,0.03134300351324728,0.00315,0.0,0.00315,9.950159845475326,0.10050089802876219
3,0.0018,13,0.5001525553012968,0.43029177927746093,1.5977863883860974,564.4782608695652,0.22744709640392102,1.9005719000013577,0.032191775349648885,0.00315,0.0,0.00315,10.219611222110757,0.09785108046345624
3,0.0018,14,0.5027979431336963,0.42452991631503556,1.6474578587539048,559.6206896551724,0.33774042248842306,2.3367177514247777,0.031662682434875036,0.00315,0.0,0.00315,10.051645217420646,0.09948620135009204
3,0.0018,15,0.5249171936163806,0.44421740598974735,1.5489532854723325,557.0975609756098,0.25911249287310056,2.0475407708226028,0.03155943897456102,0.00315,0.0,0.00315,10.018869515733655,0.09981166023068747
3,0.0018,16,0.5160630398545234,0.4370491019585916,1.5758851752153755,560.7211698742234,0.2655101409472991,2.0607271327752072,0.031076050185976586,0.00315,0.0,0.00315,9.865412757452884,0.10136423326480122
3,0.0018,17,0.531439393939394,0.4425746593364507,1.5540881757261829,560.6363636363636,0.24321029541897587,1.9751560222152822,0.03299643341658967,0.00315,0.0,0.00315,10.475058227488784,0.09546486313324608
3,0.0018,18,0.4704374057315234,0.3986994446836468,1.73330267649749,558.10407239819,0.24727836716920137,2.0033172812676305,0.03080943451680717,0.00315,0.0,0.00315,9.780772862478466,0.10224140914633183
3,0.0018,19,0.4900236984939989,0.41231842890337034,1.6559327355225648,565.7274673190124,0.2925823048572056,2.1607568808046724,0.03346540005596637,0.00315,0.0,0.00315,10.62393652570361,0.09412706839697269
3,0.0018,20,0.5088949193426805,0.4306644320116846,1.595796568446919,557.8521031207598,0.2442872816172894,1.980179629321034,0.02977724000841214,0.00315,0.0,0.00315,9.453092066162585,0.10578549251408517
3,0.0018,21,0.48385381050072185,0.4028856017394847,1.6906970965189907,562.2947344426715,0.1978551006759517,1.7760626271885243,0.03246709648680508,0.00315,0.0,0.00315,10.3070147577159,0.09702130282207982
3,0.0018,22,0.5044268050679286,0.4266568042749047,1.609331549867604,564.8223172034803,0.23056112870108336,1.9043012531528334,0.0298689262578601,0.00315,0.0,0.00315,9.482198812019078,0.10546077126462047
3,0.0018,23,0.516916872059153,0.44014393846758487,1.5767058905717255,552.7365001120322,0.21505698122200556,1.8627487291864067,0.03200959438507733,0.00315,0.0,0.00315,10.161775995262646,0.09840799486882938
3,0.0018,24,0.5040006038647343,0.42835526269612445,1.6166809504544635,558.6086956521739,0.23415878950618207,1.9221600895685336,0.031270190910079085,0.00315,0.0,0.00315,9.92704473335844,0.10073491425294383
3,0.0018,25,0.502023982280608,0.4175873076296814,1.6316336761289474,565.2098831436646,0.2078476491442416,1.8311635503122483,0.031252365042580735,0.00315,0.0,0.00315,9.921385727803408,0.10079237189595688
3,0.0018,26,0.4915903288782099,0.41393873667099695,1.6557637696416772,555.6778795614957,0.23070597444893792,1.9019108278275632,0.03405636837164254,0.00315,0.0,0.00315,10.811545514807156,0.0924937141161207
3,0.0018,27,0.5154231879653548,0.42128968079870105,1.651777066866456,562.2520893481234,0.23624908836791292,1.9549351599966864,0.030208501799303858,0.00315,0.0,0.00315,9.590000571207574,0.10427528054610741
3,0.0018,28,0.4958671418821567,0.41808248288988886,1.6484683974696492,561.1880640024266,0.21782832153257914,1.87436653511153,0.031949963290972286,0.00315,0.0,0.00315,10.142845489197551,0.09859166257289746
3,0.0018,29,0.4865781933343387,0.414210639945618,1.6343333760152687,558.0200573065903,0.2492936765193008,1.9880527420698915,0.031027657306080203,0.00315,0.0,0.00315,9.85004993843816,0.10152232793233551
3,0.0018,30,0.543530291697831,0.4678291889255298,1.4991537929605878,553.5205684367988,0.3035864233097527,2.2096759551331315,0.03252507808185743,0.00315,0.0,0.00315,10.325421613288073,0.09684834551579687
3,0.0018,31,0.4953285342318885,0.41994203328754254,1.6335594287396982,566.7221626589064,0.4726891728641931,2.8925894474553564,0.02835813119100179,0.00315,0.0,0.00315,9.002581330476758,0.11107925197128345
3,0.0018,32,0.4925701288855193,0.4165387605972747,1.6536093077221845,561.0606520090978,0.2341691669425927,1.9347336752229516,0.030925550792595954,0.00315,0.0,0.00315,9.817635172252684,0.10185752296299143
3,0.0018,33,0.4963837076513133,0.42227133403220873,1.6323204264739906,563.4057860677578,0.19304161198670045,1.7698916584702122,0.03133200788316568,0.00315,0.0,0.00315,9.946669169258946,0.10053616773448017
3,0.0018,34,0.5312595071493763,0.4587599732658481,1.521596739361739,562.849710982659,0.2749625050055329,2.0961502919692108,0.03149050556238976,0.00315,0.0,0.00315,9.996985892822147,0.1000301501593597
3,0.0018,35,0.48351394973483974,0.4104480516790778,1.6670947859724068,568.765736684344,0.2495653055375442,1.9994495757184778,0.03190900263633316,0.00315,0.0,0.00315,10.129842106772431,0.09871822181033184
3,0.0018,36,0.5024463680843057,0.42159131297552765,1.58541660812103,557.055701919458,0.20479433474247344,1.8208746272912526,0.03085322906983806,0.00315,0.0,0.00315,9.794675895186685,0.10209628278679661
3,0.0018,37,0.50628433807481,0.43460773843547984,1.580376727225124,556.9720027094152,0.24136538952006958,1.9644762624096839,0.02986573305911067,0.00315,0.0,0.00315,9.481185098130371,0.10547204696986599
3,0.0018,38,0.5377636652302109,0.4661981326721192,1.4948495088487948,559.4939895667952,0.21148825439740904,1.8311369639642467,0.03440273796307388,0.00315,0.0,0.00315,10.921504115261548,0.09156247980556219
3,0.0018,39,0.4933694996986136,0.4193681968983331,1.6425307112377368,557.6003616636528,0.2581510973686818,2.016868122616666,0.03104412670303499,0.00315,0.0,0.00315,9.855278318423807,0.10146846874233523
3,0.0018,40,0.4998862861041619,0.41863869416254107,1.6411396274184302,561.018194223334,0.32109752934775315,2.251700676989687,0.03199250136398223,0.00315,0.0,0.00315,10.156349639359439,0.09846057249985242
3,0.0018,41,0.5264470303763035,0.44782705594838773,1.5492458952653594,559.1985794166541,0.211596361186821,1.8350460270169147,0.030881331760253674,0.00315,0.0,0.00315,9.803597384207515,0.10200337292623693
3,0.0018,42,0.48956780923994037,0.4123131124997233,1.669256040144342,551.461997019374,0.22069239744450897,1.8755375610123184,0.030539744137716884,0.00315,0.0,0.00315,9.69515686911647,0.10314428260417935
3,0.0018,43,0.5189834424335772,0.4337418890405633,1.59949106496745,569.9025798998845,0.24542591959470883,1.9775558796677835,0.031871018679955086,0.00315,0.0,0.00315,10.11778370792225,0.09883587442346663
3,0.0018,44,0.5096330275229358,0.4253392249999536,1.617283391608164,565.7706422018349,0.25772979101748206,2.0058486346361466,0.03106175155411133,0.00315,0.0,0.00315,9.860873509241692,0.10141089418323761
3,0.0018,45,0.5055062710308963,0.4268014306722927,1.6324645737398589,565.9434077699602,0.29913543112343177,2.1760379940365713,0.031165818489994557,0.00315,0.0,0.00315,9.893910631744303,0.10107226932003319
3,0.0018,46,0.5138226160721048,0.4471992732436238,1.5431520710437896,560.5092024539878,0.22145086628734134,1.8675316571962186,0.030390842580078143,0.00315,0.0,0.00315,9.647886533358141,0.10364964352995246
3,0.0018,47,0.4957509212604347,0.4180443740148362,1.662944654031465,556.5538843348123,0.24351488490356132,1.958007456300784,0.03192529907548544,0.00315,0.0,0.00315,10.135015579519187,0.09866783056760142
3,0.0018,48,0.4949913384047601,0.41855553997434286,1.642214094756084,557.3907509226482,0.2816868399095256,2.109565158185069,0.030336689072378447,0.00315,0.0,0.00315,9.630694943612205,0.1038346667457549
3,0.0018,49,0.5076321527934431,0.4294356519041124,1.605126752622329,556.4703361154974,0.2899775901751127,2.1638610980524833,0.030918072130660564,0.00315,0.0,0.00315,9.815260993860496,0.10188216091507968
3,0.0026,0,0.43485796096752316,0.35443642501606915,1.929943556819638,557.6423027654283,0.25759599247248843,2.01313154200549,0.030000544342604105,0.00455,0.0,0.00455,6.593526229143759,0.151663914762323
3,0.0026,1,0.41481760060172995,0.3400672240671253,1.9782853578799995,556.6374576908612,0.21245333016850054,1.851822850712513,0.03166153276833465,0.00455,0.0,0.00455,6.95857863040322,0.1437075088338916
3,0.0026,2,0.4168071089321281,0.3450856261426104,1.9902780986279849,566.8955109544967,0.19964901430648752,1.7972534115191003,0.030390839879573077,0.00455,0.0,0.00455,6.679305468038039,0.14971616506914115
3,0.0026,3,0.41921204072598495,0.3380257494731734,1.9990610635570463,546.0199203187251,0.22250642700237222,1.89105056395015,0.030542324333108023,0.00455,0.0,0.00455,6.712598754529235,0.14897359972920524
3,0.0026,4,0.43772838002436054,0.3632992161604029,1.9217087430760509,563.3629719853836,0.278033791371854,2.112174946813705,0.02920265029184813,0.00455,0.0,0.00455,6.418164899307281,0.15580777616167685
3,0.0026,5,0.436769394261424,0.36119283051189954,1.9224179863998778,561.7408531956885,0.258002734684851,2.027466201630172,0.0316983610113649,0.00455,0.0,0.00455,6.966672749750528,0.1435405445211718
3,0.0026,6,0.46659474454804656,0.39121875450586713,1.8341543739853694,570.2532942898976,0.22521146209328435,1.9043429627510644,0.030463571460147908,0.00455,0.0,0.00455,6.695290430801737,0.1493587186897064
3,0.0026,7,0.4119482496194825,0.33470367954694175,2.055468104631945,563.1917808219179,0.24544644766137935,1.9825761872256593,0.0295758013656249,0.00455,0.0,0.00455,6.500176124313165,0.1538419853363072
3,0.0026,8,0.43641618497109824,0.37135988851287355,1.8480727413659734,562.849710982659,0.26806645080796443,2.052122829317815,0.028389389788478627,0.00455,0.0,0.00455,6.239426327138159,0.16027114474459553
3,0.0026,9,0.4181044311013149,0.34688790890329574,1.9708694163918568,562.4653796458159,0.26926502579590306,2.0788353357605116,0.03247847528700586,0.00455,0.0,0.00455,7.138126436704585,0.14009278329085803
3,0.0026,10,0.4101725842013229,0.33366604579071546,2.004658539034768,562.6361286398541,0.31735787843354046,2.237610867944318,0.02978994877853525,0.00455,0.0,0.00455,6.547241489787967,0.15273608000556355
3,0.0026,11,0.41130213553311235,0.3285482007308472,2.061204794753284,570.5166139850436,0.28266692598117515,2.1264604261952176,0.03209683206830203,0.00455,0.0,0.00455,7.054248806220226,0.14175853836034671
3,0.0026,12,0.436650558743582,0.35351674266073235,1.9337404888489718,558.7771066143159,0.24495473527349532,1.966611414619883,0.029771162478904222,0.00455,0.0,0.00455,6.543112632726202,0.15283246004330936
3,0.0026,13,0.4089977998634398,0.33401184061787,2.0321288615350834,561.4430619831576,0.24445541089517064,1.9738013141903008,0.03275187618400405,0.00455,0.0,0.00455,7.198214545934955,0.1389233390611745
3,0.0026,14,0.4161238409073492,0.34329277821426574,1.9861880106964889,567.1123457736225,0.22860918327933177,1.916088769815057,0.031976873013808395,0.00455,0.0,0.00455,7.027884178858987,0.14229033583224973
3,0.0026,15,0.42206523372914473,0.34422967624921624,1.9916088379145684,556.1781151360289,0.2568312821094878,2.005230683758465,0.03147072074418992,0.00455,0.0,0.00455,6.9166419217999815,0.14457883049405582
3,0.0026,16,0.42857142857142855,0.3589637766870619,1.9168175862634447,552.0779559865722,0.23697891962365247,1.9305760297288472,0.030627442435096436,0.00455,0.0,0.00455,6.731306029691524,0.14855958050176885
3,0.0026,17,0.43631186023243285,0.3579555012012485,1.9447955684973768,569.5522973909028,0.2519564210961107,2.0078155854523647,0.03445974905115283,0.00455,0.0,0.00455,7.573571220033589,0.13203810605950372
3,0.0026,18,0.42752529065378225,0.3508510175183406,1.9456291592923594,558.6928884191454,0.262907569645904,2.052681646413907,0.032353429308843724,0.00455,0.0,0.00455,7.1106438041414775,0.1406342417851906
3,0.0026,19,0.41489684466019416,0.3429489680469631,1.970461347620616,561.3155339805825,0.2673929941665847,2.0623113365414514,0.030238238870918106,0.00455,0.0,0.00455,6.645766784817166,0.1504717261948745
3,0.0026,20,0.42236641221374044,0.3392514541331919,2.012544000116554,564.9083969465648,0.22315919247921556,1.8728196212141968,0.03238162999338317,0.00455,0.0,0.00455,7.116841756787509,0.14051176549573763
3,0.0026,21,0.3956511822397932,0.32411037381508234,2.025517588097228,562.6361286398541,0.3097274028987158,2.214048666413105,0.03024553142131678,0.00455,0.0,0.00455,6.647369543146545,0.15043544570664086
3,0.0026,22,0.460517280842298,0.37024940452891253,1.8637162833545438,564.6072327763791,0.20811187513754703,1.8302727400368377,0.03135294900129659,0.00455,0.0,0.00455,6.890758022262987,0.14512191500110042
3,0.0026,23,0.42364494518879414,0.3520434127268037,1.9080815109813292,563.3629719853836,0.21184677665587515,1.8444636786345847,0.032002383079091146,0.00455,0.0,0.00455,7.033490786613438,0.14217691191168688
3,0.0026,24,0.46454841889739895,0.3868440352255579,1.8304615082652984,561.1880640024266,0.2046605633222498,1.810789284543485,0.033132009695044325,0.00455,0.0,0.00455,7.281760372537214,0.13732942981362703
3,0.0026,25,0.36938435940099834,0.2944104603822868,2.186331384494285,559.7051883224929,0.381197162612807,2.5312312859196853,0.03239627011377236,0.00455,0.0,0.00455,7.120059365664254,0.14044826716226497
3,0.0026,26,0.42793032631018485,0.3489736398574137,1.9380594439551884,562.8924469460713,0.257874498172896,2.0512962227870517,0.03185026431774746,0.00455,0.0,0.00455,7.000058091812629,0.14285595731978493
3,0.0026,27,0.4348057477381586,0.35522548799229087,1.957751067107916,562.6361286398541,0.27683261429774575,2.1030617827211504,0.029539412653761036,0.00455,0.0,0.00455,6.492178605222206,0.1540314986398581
3,0.0026,28,0.41140146095338503,0.3401594469677887,1.9897895611860763,557.3069508246103,0.22640003167907707,1.878860441946515,0.030481359702844893,0.00455,0.0,0.00455,6.699199934691185,0.14927155626772576
3,0.0026,29,0.43655360387643855,0.3601425521183509,1.9173916963701578,560.2973955178679,0.284635746589629,2.127596064412306,0.03406931692139493,0.00455,0.0,0.00455,7.487761960746138,0.13355125406528714
3,0.0026,30,0.46381978155339804,0.3970226553591991,1.7253828314040083,561.3155339805825,0.3417557755310554,2.371980264857936,0.030613775748222792,0.00455,0.0,0.00455,6.728302362246767,0.14862590088268152
3,0.0026,31,0.39552964042759964,0.32337014744763143,2.024937702029812,553.2314420273603,0.2331580680620391,1.930856360647773,0.03263908811418984,0.00455,0.0,0.00455,7.173425959162603,0.13940340441134713
3,0.0026,32,0.4128910667169242,0.3389868849190024,2.0043965201972016,557.894082171127,0.3178255835082382,2.249038460637964,0.03216291674473507,0.00455,0.0,0.00455,7.068772910930785,0.14146726915694968
3,0.0026,33,0.40517044154655685,0.3310489727139829,2.053273236999463,564.3493479752917,0.30025312007637694,2.178702644836587,0.029341000061725957,0.00455,0.0,0.00455,6.448571442137572,0.15507310556654388
3,0.0026,34,0.4418262150220913,0.3645794285064145,1.926195527573289,573.6067746686304,0.39190848922589794,2.5730969929187664,0.03087709388318057,0.00455,0.0,0.00455,6.7861744798199055,0.14735842748719577
3,0.0026,35,0.45227839492178645,0.3732925174234351,1.8971251409782282,559.2407617320335,0.20237358185113408,1.820025736249492,0.03126192827190823,0.00455,0.0,0.00455,6.870753466353458,0.1455444450011294
3,0.0026,36,0.4305672188716696,0.35562883504133924,1.9407274331125588,564.9514466753187,0.27221145521616563,2.0908886500894264,0.031603864647409725,0.00455,0.0,0.00455,6.945904318112027,0.1439697344221135
3,0.0026,37,0.4404888416578108,0.36861269174543226,1.8852609897317119,561.7408531956885,0.3636570007656701,2.444577937023458,0.029840137758915506,0.00455,0.0,0.00455,6.5582720349264845,0.15247918882816053
3,0.0026,38,0.41277921288557967,0.3417789926716933,1.9781638464191598,562.2520893481234,0.2813987344270572,2.1176238083780055,0.030856829973591373,0.00455,0.0,0.00455,6.781720873316785,0.1474551988617784
3,0.0026,39,0.4179566563467492,0.35343301427045454,1.9159250647357768,558.8192252510761,0.23505183978704736,1.940670360184003,0.031249928124086404,0.00455,0.0,0.00455,6.868116071227781,0.14560033488502688
3,0.0026,40,0.46214355948869223,0.3838062145543745,1.8396214640957393,559.7474472430225,0.20237639313563704,1.807521959540169,0.033472551539922624,0.00455,0.0,0.00455,7.356604734048928,0.1359322725837983
3,0.0026,41,0.40967036282718566,0.33308665702032836,2.021771135891237,558.2301425661915,0.28039002808509395,2.09355952252434,0.029255374150306497,0.00455,0.0,0.00455,6.429752560506922,0.1555269803292648
3,0.0026,42,0.4275992438563327,0.36484778560025066,1.8879320459037165,559.578449905482,0.2505136854015291,2.0019148672171765,0.03178560403671637,0.00455,0.0,0.00455,6.985847041036564,0.1431465639207038
3,0.0026,43,0.425421432871764,0.34669494630700737,1.9837976907495245,556.9301625526791,0.27274393718107603,2.08102440021083,0.03250450275980255,0.00455,0.0,0.00455,7.143846760396165,0.13998060618317976
3,0.0026,44,0.39420969083075064,0.3172538724342233,2.102070244494551,559.4095547660443,0.2521360822720453,2.0090589435355133,0.030242809235627645,0.00455,0.0,0.00455,6.646771260577504,0.15044898655247466
3,0.0026,45,0.4023348084846635,0.32259877453078895,2.072542629946687,564.6502365328857,0.2972448422515299,2.184130115027134,0.03170447040978178,0.00455,0.0,0.00455,6.968015474677315,0.14351288449833838
3,0.0026,46,0.4383707651313285,0.36027187446124015,1.9298589813280855,563.4057860677578,0.2925140624574851,2.1830245124560896,0.03224307146029644,0.00455,0.0,0.00455,7.086389331933283,0.14111558837075405
3,0.0026,47,0.4001823154056518,0.33179990742300086,2.026540584887234,562.1668185961714,0.25751773320371285,2.0168159078780996,0.030627098645831817,0.00455,0.0,0.00455,6.731230471611388,0.14856124808345927
3,0.0026,48,0.45137546468401485,0.37929615614089485,1.859426175275022,550.2342007434944,0.20958477992098778,1.8289554675358297,0.030546737206863604,0.00455,0.0,0.00455,6.7135686168931,0.14895207855383166
3,0.0026,49,0.3790193842645382,0.3031705871404668,2.1387166262240718,562.5507411630558,0.26183157099876553,2.041941290462288,0.030402372273042055,0.00455,0.0,0.00455,6.681840060009242,0.1496593739178212
3,0.0037,0,0.3383384146341463,0.2826775329750615,2.2932960975292125,564.0487804878048,0.2989280468900688,2.1968596874323323,0.032956949927650664,0.006475000000000001,0.0,0.006475000000000001,5.089876436702805,0.1964684236318701
3,0.0037,1,0.36154081788941644,0.2837522530981748,2.307195598107226,566.7221626589064,0.25467741989996284,2.0193621193780285,0.030427503563776007,0.006475000000000001,0.0,0.006475000000000001,4.699228349617916,0.21280089529620494
3,0.0037,2,0.2924140072987033,0.21802493777628396,2.608505237246861,574.5849056603773,0.2181389000324998,1.8562155254457586,0.029969883531314436,0.006475000000000001,0.0,0.006475000000000001,4.628553441129642,0.2160502223251722
3,0.0037,3,0.3181680545041635,0.25082519756618216,2.4452380740311392,560.2127176381529,0.24023878207663074,1.9552047452012697,0.029829333901254782,0.006475000000000001,0.0,0.006475000000000001,4.606846934556723,0.21706820613006136
3,0.0037,4,0.34168184578020644,0.2712438504938407,2.343286966015292,561.655737704918,0.2726643001951743,2.0835447308426995,0.02979099453960749,0.006475000000000001,0.0,0.006475000000000001,4.600925797622778,0.21734756090104376
3,0.0037,5,0.36764370003806623,0.28993974123678906,2.276039647837618,563.4057860677578,0.2111045535420999,1.8344050947360366,0.03240725665977486,0.006475000000000001,0.0,0.006475000000000001,5.004981723517353,0.1998009294022416
3,0.0037,6,0.3451695941853422,0.27408149811642646,2.3665109638097324,560.2973955178679,0.24586822366109118,1.9665021344252394,0.030091176491304678,0.006475000000000001,0.0,0.006475000000000001,4.647285944603039,0.21517935670847083
3,0.0037,7,0.3661606529864978,0.29789012204793686,2.2262144841784206,564.5212449462201,0.24819975005812012,1.9897242914786195,0.0312995048818872,0.006475000000000001,0.0,0.006475000000000001,4.833900367859027,0.20687228198766291
3,0.0037,8,0.317171093267449,0.25091311979130293,2.4413547513575566,571.3520691785053,0.2805236233980395,2.1200216050663734,0.028769019703416165,0.006475000000000001,0.0,0.006475000000000001,4.443091846087438,0.22506849613757016
3,0.0037,9,0.3460763085193758,0.27088421551840985,2.370702196259499,552.5717165683566,0.24848299415316433,1.9942063447332306,0.029659305725691077,0.006475000000000001,0.0,0.006475000000000001,4.580587756863486,0.21831259503796527
3,0.0037,10,0.33034825870646767,0.2660220836878107,2.396990280232419,566.4190585533869,0.2883368252078071,2.1404202395360734,0.029499607384583366,0.006475000000000001,0.0,0.006475000000000001,4.555923920398975,0.21949444667469936
3,0.0037,11,0.35377539287083176,0.28585996565546556,2.3167507926325177,567.2859333077807,0.25904629088472575,2.035918029766501,0.03174658700268859,0.006475000000000001,0.0,0.006475000000000001,4.902947799643025,0.2039589326390153
3,0.0037,12,0.34393305439330546,0.27948711155221123,2.372904881423372,562.977938379612,0.2821649734978564,2.115975511505784,0.028616974050546452,0.006475000000000001,0.0,0.006475000000000001,4.419609891976285,0.226264313919534
3,0.0037,13,0.3337642585551331,0.2661952038073743,2.4130834707923294,562.7642585551331,0.25567804789170623,2.0040085122981695,0.02944884684565839,0.006475000000000001,0.0,0.006475000000000001,4.5480844549279364,0.2198727859849834
3,0.0037,14,0.3009752778407802,0.23984304312596738,2.487790617728577,559.4939895667952,0.2716831104189623,2.071330994114863,0.03259283086532849,0.006475000000000001,0.0,0.006475000000000001,5.033641832483164,0.1986633203711052
3,0.0037,15,0.33027171833141983,0.26470560689101946,2.392507490461697,566.4190585533869,0.24105114318081178,1.9784302653273098,0.030989312344808298,0.006475000000000001,0.0,0.006475000000000001,4.785994184526378,0.20894300357344878
3,0.0037,16,0.3206303507841503,0.2594931521132367,2.397814553863425,560.6787635426926,0.2825342346623074,2.1114211820022195,0.02906892620404235,0.006475000000000001,0.0,0.006475000000000001,4.489409452361753,0.22274644596605642
3,0.0037,17,0.3264510208763478,0.25320583690514253,2.431504168427603,565.9002064693738,0.33383012723061256,2.32344298381782,0.029266203425578185,0.006475000000000001,0.0,0.006475000000000001,4.519876976923271,0.22124495978665126
3,0.0037,18,0.32444042505087045,0.25774916179694857,2.4028282008757675,557.7262039339814,0.31702906047576107,2.252624271529669,0.03145469857463,0.006475000000000001,0.0,0.006475000000000001,4.857868505734363,0.20585159907469136
3,0.0037,19,0.35825617283950617,0.2864860525871201,2.3050001387079067,571.0,0.2609447983559221,2.036714244193572,0.03203805635625591,0.006475000000000001,0.0,0.006475000000000001,4.947962371622534,0.20210339628595042
3,0.0037,20,0.35958261391787405,0.2910924041647291,2.2879498490319663,555.5529614893777,0.222685484244721,1.884423351692619,0.03239345807964024,0.006475000000000001,0.0,0.006475000000000001,5.002850668670306,0.1998860382266391
3,0.0037,21,0.3420285407396041,0.2689481368920337,2.381583196419176,567.7638483965014,0.23363968601915985,1.9155893383147962,0.03145533879062778,0.006475000000000001,0.0,0.006475000000000001,4.857967380791934,0.20584740934118467
3,0.0037,22,0.372855508959207,0.3002055116176393,2.276544698308107,564.2634388105223,0.23111736160353757,1.9185256330285254,0.03171909042345702,0.006475000000000001,0.0,0.006475000000000001,4.898701223699925,0.20413574013495622
3,0.0037,23,0.3520206624126405,0.28767760016391,2.2468436831047276,562.1668185961714,0.30378211021889,2.207117640915186,0.0319806483674765,0.006475000000000001,0.0,0.006475000000000001,4.939096272969343,0.20246618910281097
3,0.0037,24,0.3967983914623772,0.32203446595948587,2.1691925175890283,572.2783234088624,0.2501846046652645,2.0135567579058877,0.030207368866477506,0.006475000000000001,0.0,0.006475000000000001,4.665230712969499,0.2143516712303137
3,0.0037,25,0.32772089495638984,0.2597800686379852,2.394785416023072,561.2730375426621,0.24287354623083957,1.970519274716266,0.030172882464244342,0.006475000000000001,0.0,0.006475000000000001,4.659904627682524,0.2145966666483736
3,0.0037,26,0.3079490291262136,0.24110349492786,2.51854301514029,561.3155339805825,0.23638671211665496,1.9479579374067628,0.02973533940300062,0.006475000000000001,0.0,0.006475000000000001,4.592330409729825,0.2177543666895762
3,0.0037,27,0.353524483050196,0.27631431731409534,2.3747736972503737,568.8530248289645,0.21427599116577767,1.8335244707919185,0.02907460128959612,0.006475000000000001,0.0,0.006475000000000001,4.490285913451138,0.22270296797903041
3,0.0037,28,0.38214529719881574,0.31521225377219486,2.162471998178541,561.7834206331132,0.31292327732080594,2.2399632476779328,0.03339607180465207,0.006475000000000001,0.0,0.006475000000000001,5.157694487204952,0.19388507839709562
3,0.0037,29,0.3256323140807852,0.2606235078787411,2.391151284944875,558.7349943374859,0.3009404473414179,2.19333399066009,0.03302800235000187,0.006475000000000001,0.0,0.006475000000000001,5.100849783784072,0.19604576538973253
3,0.0037,30,0.33799480360690815,0.26973419224591744,2.330666453101795,565.5116918844567,0.30284632078837603,2.2121178945559556,0.031211009684555643,0.006475000000000001,0.0,0.006475000000000001,4.820233155915929,0.20745884434504755
3,0.0037,31,0.3384216150206075,0.26910180861355876,2.3578761249049283,564.8223172034803,0.32451938310987316,2.2700687764690994,0.030719566546606066,0.006475000000000001,0.0,0.006475000000000001,4.744334601792442,0.2107777136170356
3,0.0037,32,0.3263173720213486,0.2564241948425452,2.38852966465427,556.3033150417199,0.22532772133126855,1.8963887258517196,0.03112370202439097,0.006475000000000001,0.0,0.006475000000000001,4.806749347396289,0.20804080423741633
3,0.0037,33,0.3441409826060421,0.2785819126024323,2.343393717505779,564.5642355813244,0.36174641794059426,2.4132685016435587,0.030155843765746267,0.006475000000000001,0.0,0.006475000000000001,4.6572731684550215,0.2147179183676131
3,0.0037,34,0.36485975655855446,0.2976842026661615,2.2762850339168197,559.4939895667952,0.3257673970365431,2.288340274688732,0.031306960766724214,0.006475000000000001,0.0,0.006475000000000001,4.835051855864743,0.2068230144806071
3,0.0037,35,0.3461768219832736,0.2681425763801521,2.3758870883925662,552.6129032258065,0.26277958892751485,2.046829824130887,0.03131060717948806,0.006475000000000001,0.0,0.006475000000000001,4.835615008415144,0.20679892800807287
3,0.0037,36,0.33686280441688093,0.26690625077585484,2.3626808000274258,559.7051883224929,0.2703000165638514,2.0915318026233933,0.03181010204334178,0.006475000000000001,0.0,0.006475000000000001,4.912757072330776,0.20355168905707086
3,0.0037,37,0.309422082302676,0.24160179196559503,2.4881572069231064,554.7216100742073,0.24073244971805252,1.9628336105957724,0.03049712993838495,0.006475000000000001,0.0,0.006475000000000001,4.709981457665629,0.21231506089529747
3,0.0037,38,0.32545454545454544,0.2551193398103251,2.437379067902364,560.6363636363636,0.2676511049794499,2.057473441100819,0.02984836667972234,0.006475000000000001,0.0,0.006475000000000001,4.609786359802677,0.21692979282510724
3,0.0037,39,0.3402351156617368,0.27267729401610824,2.3352711912825197,561.2730375426621,0.3006705788720865,2.183368531407729,0.031363247151484315,0.006475000000000001,0.0,0.006475000000000001,4.843744733819971,0.20645183736000886
3,0.0037,40,0.3660842598895696,0.2961366018912446,2.27667739765017,559.7474472430225,0.2418848276429344,1.9618364234854075,0.03338487140472689,0.006475000000000001,0.0,0.006475000000000001,5.155964695710716,0.19395012553749783
3,0.0037,41,0.3552711761121268,0.28688605478474166,2.3014549532081574,563.7056672760511,0.22959289932623506,1.894662063629767,0.030550582788644066,0.006475000000000001,0.0,0.006475000000000001,4.718236724114913,0.2119435836885841
3,0.0037,42,0.3346676737160121,0.26254648381275336,2.4012418740106165,558.9456193353475,0.2398917131649796,1.945741412626254,0.03011042176087945,0.006475000000000001,0.0,0.006475000000000001,4.650258187008409,0.21504182343976844
3,0.0037,43,0.34430737217598095,0.2729215084352308,2.369293930408404,549.9892984542212,0.23233521421207115,1.932306781431083,0.028916351456077283,0.006475000000000001,0.0,0.006475000000000001,4.46584578472236,0.22392174925094724
3,0.0037,44,0.3215325670498084,0.2596990022407974,2.386840672095752,567.0689655172414,0.3199097615724895,2.268930520903844,0.03058876020907565,0.006475000000000001,0.0,0.006475000000000001,4.724132850822493,0.21167905975080598
3,0.0037,45,0.33105646630236796,0.2527770576222073,2.4674013672139132,561.655737704918,0.23221553783514537,1.926866659024722,0.02974469199986604,0.006475000000000001,0.0,0.006475000000000001,4.593774826234137,0.2176858983790843
3,0.0037,46,0.3475943970767357,0.27492636246879404,2.351835191484019,563.3629719853836,0.24725449713878334,1.9945089679204053,0.030324603359161283,0.006475000000000001,0.0,0.006475000000000001,4.683336426125294,0.21352299066572478
3,0.0037,47,0.3352561669829222,0.26558687459842617,2.3960261863824317,561.6982922201139,0.22949230010272004,1.914670703900418,0.029351031400594883,0.006475000000000001,0.0,0.006475000000000001,4.532977822485695,0.2206055355134391
3,0.0037,48,0.36349085365853656,0.30316607054076444,2.295660072849746,564.0487804878048,0.2584304273768794,2.035080452021237,0.03116902689241011,0.006475000000000001,0.0,0.006475000000000001,4.813749327013144,0.20773827884811866
3,0.0037,49,0.35185466707205837,0.2788307652615151,2.3205276834869744,562.508057160231,0.26043146569281816,2.041637824946439,0.03151639138153032,0.006475000000000001,0.0,0.006475000000000001,4.867396352359894,0.20544864802620047
3,0.0054,0,0.2901995963220453,0.2258567656098869,2.6931751312377763,553.2314420273603,0.20880038643372245,1.8374590719336084,0.033066656358191136,0.00945,0.0,0.00945,3.499117074940861,0.28578637941598484
3,0.0054,1,0.28623657551984155,0.22894976774885714,2.6615845811690813,563.6628075253257,0.28112948074704036,2.104442734951049,0.03420923383702547,0.00945,0.0,0.00945,3.62002474465878,0.27624120566453725
3,0.0054,2,0.28610624190229406,0.22957827377606052,2.6831189881214246,564.0058684551483,0.23455472078057937,1.9308960854390254,0.030651211484010094,0.00945,0.0,0.00945,3.243514442752391,0.30830755270243754
3,0.0054,3,0.2847716877858589,0.22005892542728703,2.709102978313081,554.8876808877559,0.24010890861973166,1.9501406942419386,0.029419371756897253,0.00945,0.0,0.00945,3.1131610324758996,0.32121692054095224
3,0.0054,4,0.2752174576529834,0.2107629506251776,2.7564992707204112,564.6502365328857,0.26355798658914864,2.048515747292978,0.03133428188792117,0.00945,0.0,0.00945,3.3157970251768436,0.30158661474360493
3,0.0054,5,0.2659889234504211,0.2113561666084592,2.7402360381592565,561.4430619831576,0.28173548326594755,2.118608394409404,0.034511937630373385,0.00945,0.0,0.00945,3.652056892103004,0.27381829734425606
3,0.0054,6,0.23623486406214303,0.18498409460231038,2.869593254360545,563.5771076079507,0.23853258675080724,1.9352132780662097,0.03164021381016166,0.00945,0.0,0.00945,3.3481707735620803,0.2986705480784397
3,0.0054,7,0.2732881407571026,0.2071860825357818,2.7770436908348866,563.6628075253257,0.20341109044966288,1.8035765815074236,0.030839554239773203,0.00945,0.0,0.00945,3.2634448930976934,0.30642466251384753
3,0.0054,8,0.28255902513328257,0.21534642357856418,2.7233298182065404,563.6199543031227,0.24676776182604954,1.9668640710271443,0.03187680848953729,0.00945,0.0,0.00945,3.373207247570084,0.2964537683595806
3,0.0054,9,0.3182057650334914,0.2549860342856429,2.5931653856911314,556.9720027094152,0.29526031549903564,2.177922651009859,0.03398229889323258,0.00945,0.0,0.00945,3.5960104648923363,0.27808595379878565
3,0.0054,10,0.2884644884184691,0.2211961727335202,2.7275941304685003,567.5899677864703,0.27976069450960495,2.1134217165781743,0.02942068835440666,0.00945,0.0,0.00945,3.113300354963668,0.32120254584677554
3,0.0054,11,0.2665956151035323,0.20620096459470214,2.78420228104882,563.3629719853836,0.24375795072410256,1.9532440822383177,0.030183674455088228,0.00945,0.0,0.00945,3.1940396248770613,0.3130831540759267
3,0.0054,12,0.27770208900999094,0.21470257967666584,2.746411473842562,560.1280653950954,0.2754219697089866,2.119738351352738,0.031444937862352994,0.00945,0.0,0.00945,3.327506652100846,0.30052531957183093
3,0.0054,13,0.24790044281569706,0.19028871116854545,2.841814018802979,564.9945029775538,0.2738063553988468,2.0872108622200383,0.03181412357988184,0.00945,0.0,0.00945,3.3665739237970196,0.29703788558789207
3,0.0054,14,0.24734768111548955,0.19174233127185417,2.8593233013389967,560.806001818733,0.2851886651478708,2.1374535853911016,0.032669223178645714,0.00945,0.0,0.00945,3.4570606538249433,0.2892630763922482
3,0.0054,15,0.31835849902825536,0.25323658185904496,2.6014852262516692,553.1901629541037,0.3008508167404216,2.187048930051409,0.030587675068983324,0.00945,0.0,0.00945,3.236791012590828,0.3089479660905166
3,0.0054,16,0.2530938726230003,0.1960825144122552,2.8240156834301926,558.4403863567763,0.23586959001841024,1.935440961036886,0.030980850866356532,0.00945,0.0,0.00945,3.2783969170747653,0.3050271292019991
3,0.0054,17,0.28043201080027,0.2146064930887246,2.724654019231962,555.0538513462836,0.2330499054514803,1.9326038516469686,0.03182679091771249,0.00945,0.0,0.00945,3.3679143828267186,0.29691966194244274
3,0.0054,18,0.2706692913385827,0.2071031459889215,2.7440513664776804,560.2973955178679,0.23513612168608233,1.9311655098849192,0.030228627947548072,0.00945,0.0,0.00945,3.198796608206145,0.3126175629405805
3,0.0054,19,0.2963666768014594,0.23371499185413994,2.6382131031144116,562.508057160231,0.25284939087578095,2.0077903576730423,0.030897314385303378,0.00945,0.0,0.00945,3.2695570778098815,0.3058518252477953
3,0.0054,20,0.2939975808890233,0.2285258434264181,2.688834140408165,559.4517689749017,0.3082046424970031,2.2302964768694062,0.03152268167477654,0.00945,0.0,0.00945,3.335733510558364,0.29978413948079785
3,0.0054,21,0.2715568862275449,0.21408056047385712,2.745646172845815,553.934131736527,0.2541095811466221,2.017078137760411,0.032373276234808714,0.00945,0.0,0.00945,3.425743516910975,0.29190743412738307
3,0.0054,22,0.2986913599142879,0.22779016089567125,2.6785828811256267,566.3325170276269,0.26021298047271557,2.024900721574886,0.029442341597654065,0.00945,0.0,0.00945,3.1155917034554568,0.320966318818642
3,0.0054,23,0.2716538432238897,0.2114768534061668,2.7302090489154995,563.7485335567914,0.22667274947161786,1.8962611244627485,0.03318058169036229,0.00945,0.0,0.00945,3.511172665646803,0.2848051335623471
3,0.0054,24,0.28604808924398883,0.2037400375280841,2.8051993096211425,557.8101303987337,0.2945727593905758,2.1722658780892123,0.031966722865651116,0.00945,0.0,0.00945,3.3827219963651975,0.2956199182417355
3,0.0054,25,0.24846239347906632,0.1937847240181735,2.856792881988695,548.402741756206,0.2325199823535513,1.9309326930940067,0.029409306523878794,0.00945,0.0,0.00945,3.1120959284527823,0.32132685591641214
3,0.0054,26,0.32997805191856505,0.2657101471636055,2.4021290622564204,560.0857488836751,0.40596118418034166,2.620246816973818,0.030507708211812923,0.00945,0.0,0.00945,3.2283289113029547,0.3097577810299384
3,0.0054,27,0.24990496464684864,0.19292189385438355,2.8369216356016436,562.6361286398541,0.27085436883498915,2.0619817007777805,0.029615108725757722,0.00945,0.0,0.00945,3.1338739392336215,0.3190938816908975
3,0.0054,28,0.26249716403236784,0.20755529643723303,2.7556742706000725,559.6629357936928,0.24075627556885593,1.9524985464537385,0.030851363446538986,0.00945,0.0,0.00945,3.2646945446073,0.3063073700575828
3,0.0054,29,0.2506999621642073,0.19578297232551142,2.7603606345339013,560.0011350737798,0.2059707026637625,1.8098988292562481,0.031996748291710966,0.00945,0.0,0.00945,3.3858992901281444,0.2953425114903974
3,0.0054,30,0.2604409662126571,0.21084683267076598,2.745619760700809,556.8883286929039,0.20669609875767492,1.8200311756202385,0.031684909422459474,0.00945,0.0,0.00945,3.3529004679851298,0.29824923511700113
3,0.0054,31,0.2789493719071184,0.21970531416322656,2.7102273588504198,563.4057860677578,0.30382192428805865,2.2099987079270607,0.03151463816076634,0.00945,0.0,0.00945,3.3348823450546394,0.29986065369979814
3,0.0054,32,0.28434190620272315,0.22536447916140045,2.7330987164973943,559.7897125567322,0.31314960672170855,2.2210077140099242,0.0309402150651319,0.00945,0.0,0.00945,3.2740968322890898,0.3054277412133985
3,0.0054,33,0.2974242424242424,0.23593709784034397,2.6606293966864896,560.6363636363636,0.25510068994481117,2.012364544287343,0.030408867049291223,0.00945,0.0,0.00945,3.2178695290255264,0.3107646195658007
3,0.0054,34,0.2834148176006017,0.21480378427049338,2.7436427403202703,556.6374576908612,0.29843141086166725,2.200344856094934,0.03153587224176328,0.00945,0.0,0.00945,3.3371293377527285,0.2996587482202337
3,0.0054,35,0.2603911980440098,0.20358496792390862,2.7885449122018415,565.4254278728606,0.2574515241140034,2.01581894444074,0.030476028064495952,0.00945,0.0,0.00945,3.2249765147614764,0.3100797774566
3,0.0054,36,0.3045589016157172,0.2312261320985027,2.665501921691453,561.3580368656603,0.23698274538037367,1.9548649188453275,0.03130045887874376,0.00945,0.0,0.00945,3.3122178707665357,0.301912506669911
3,0.0054,37,0.3035741102267608,0.2170111782000136,2.7305016595473495,555.6778795614957,0.32917107752291486,2.312872492485389,0.031329465462272874,0.00945,0.0,0.00945,3.315287350505066,0.30163297906821124
3,0.0054,38,0.2738498607032603,0.2163438349753158,2.743660594707458,557.2231759656653,0.25691855273908004,1.9937979054890156,0.031120301861701408,0.00945,0.0,0.00945,3.293153636158879,0.3036602935921313
3,0.0054,39,0.25818543451652387,0.20481980314123344,2.793979476608726,566.1162790697674,0.24022217796300538,1.9750128542453114,0.031453211075837595,0.00945,0.0,0.00945,3.3283821244272587,0.30044627167683696
3,0.0054,40,0.25138760407030525,0.19238983573167093,2.865978074884746,570.472710453284,0.22319119054009207,1.8793834920769843,0.03121139806800984,0.00945,0.0,0.00945,3.3027934463502473,0.30277400516979047
3,0.0054,41,0.26052749887606774,0.19641792651007886,2.8200876046731325,554.5141615465308,0.2527743371028919,1.9992302074759642,0.029321378623126112,0.00945,0.0,0.00945,3.102791388690594,0.32229043939109586
3,0.0054,42,0.2738608025391068,0.2051538323561908,2.8038152402835705,559.2407617320335,0.230918252869742,1.9231558417535053,0.033026063813736684,0.00945,0.0,0.00945,3.4948215675911833,0.28613764126712
3,0.0054,43,0.29620907088049836,0.22093374319671277,2.698917165019757,562.2094507331155,0.2344523758511059,1.936311083977956,0.030063604357140027,0.00945,0.0,0.00945,3.181333794406352,0.3143335671843902
3,0.0054,44,0.29701446598953524,0.23420581953769173,2.641027418452675,569.421052631579,0.40822369666420855,2.609495433353932,0.030805549230359577,0.00945,0.0,0.00945,3.2598464794031297,0.3067629124004323
3,0.0054,45,0.26450223111247884,0.20421894968613657,2.812398161831929,569.3335897830435,0.2614635419740807,2.0459129512391003,0.02948066531706583,0.00945,0.0,0.00945,3.1196471234990297,0.3205490750756416
3,0.0054,46,0.28276550030693676,0.2140970411441786,2.715148507571928,567.8508287292817,0.2506873171078041,2.002307915636707,0.03186830620137559,0.00945,0.0,0.00945,3.372307534537099,0.2965328605883702
3,0.0054,47,0.27446663123528964,0.20607943486562108,2.822051621668343,561.8685748994002,0.2242334880575072,1.88915732953789,0.03177460478708184,0.00945,0.0,0.00945,3.3623920409610415,0.29740731830729034
3,0.0054,48,0.3012165815560228,0.24905369408233802,2.6093755390449966,555.7611895464104,0.2737116801145021,2.0901425326624605,0.030862306829216517,0.00945,0.0,0.00945,3.2658525745202662,0.30619875734803914
3,0.0054,49,0.26353276353276356,0.20255754071337898,2.796493739855246,554.8461538461538,0.254278133623302,1.997154462813377,0.03002697215683686,0.00945,0.0,0.00945,3.1774573710938476,0.31471704674852885
3,0.008,0,0.20022892025944297,0.1512399714686915,3.1841112374737075,564.6932468523464,0.2807584866241086,2.1149404443301907,0.029185837516932638,0.014,0.0,0.014,2.0847026797809027,0.4796847098143979
3,0.008,1,0.22970387940928916,0.17227766268616387,3.091064618410045,566.2460019894406,0.26903937535826117,2.0697627322460033,0.03147624636244966,0.014,0.0,0.014,2.248303311603547,0.44477984569029283
3,0.008,2,0.22335140018066849,0.16860658802916312,3.1040886905759617,557.0975609756098,0.28368322632741183,2.1288462199625044,0.03276087246660928,0.014,0.0,0.014,2.34006231904352,0.42733904642708026
3,0.008,3,0.20767185719711356,0.1562456377080002,3.1719481275247623,562.1241929358147,0.22744012967450544,1.9075564494170139,0.029438137546008034,0.014,0.0,0.014,2.102724110429145,0.4755735643302772
3,0.008,4,0.2409584425308873,0.18140121209104368,3.0497488941087623,554.1411456383377,0.32582433745847084,2.292813677634848,0.0315572002912896,0.014,0.0,0.014,2.254085735092114,0.44363884852815266
3,0.008,5,0.2269594850435441,0.1721785375583446,3.1108945011612987,560.4244604316547,0.20369962143013254,1.8042099190996028,0.03175754123597461,0.014,0.0,0.014,2.2683958025696147,0.44084017386525337
3,0.008,6,0.21667182183730282,0.16489576914181947,3.0921660412542527,572.2341478502939,0.2486803309584502,1.9761260816420894,0.033010520340274886,0.014,0.0,0.014,2.357894310019635,0.424107219628378
3,0.008,7,0.25216664132583244,0.17915503035914798,3.0674472443686125,562.5934316557701,0.26243189856177196,2.0436628333157083,0.02973035985245587,0.014,0.0,0.014,2.1235971323182765,0.47089911018495567
3,0.008,8,0.22781756502073125,0.1767478501707927,3.10405997016225,557.894082171127,0.2470557782216929,1.9726566513744621,0.030574164636947492,0.014,0.0,0.014,2.1838689026391065,0.45790294407853205
3,0.008,9,0.21957692016074,0.16222759196105963,3.1265753096050513,561.1031162332247,0.25286302660242654,2.011048771621132,0.03250598821787673,0.014,0.0,0.014,2.321856301276909,0.43068987492897304
3,0.008,10,0.20926151968263657,0.15638571921702193,3.1829611439191963,564.5642355813244,0.27155949198640883,2.05855515099642,0.030179497274992303,0.014,0.0,0.014,2.1556783767851644,0.463891093759234
3,0.008,11,0.2526979784161727,0.20725939002243238,2.981232507076556,562.4227086183311,0.24440272853826173,1.9663982711505987,0.032938071823896145,0.014,0.0,0.014,2.3527194159925817,0.4250400592618534
3,0.008,12,0.20095151789759855,0.15605045865509976,3.1811136948680456,558.861350249207,0.3187533248856198,2.2719158071836256,0.030319730931822497,0.014,0.0,0.014,2.1656950665587495,0.46174552246128625
3,0.008,13,0.2324779777862888,0.18381487381266629,3.033757571402483,566.852163921869,0.3040236376109533,2.2032377794800864,0.03328213612389826,0.014,0.0,0.014,2.377295437421304,0.42064607715931107
3,0.008,14,0.22438987646881592,0.16861498176056747,3.0889375151195058,557.4326604398915,0.273520232149167,2.0958866694855374,0.03432309453822041,0.014,0.0,0.014,2.4516496098728866,0.4078886297507449
3,0.008,15,0.18560778944165526,0.14120326682782156,3.2642858842278,562.9351894112277,0.4373131664469838,2.7596778071155685,0.030203977185241045,0.014,0.0,0.014,2.1574269418029317,0.4635151163748395
3,0.008,16,0.2164650384234954,0.1640539604901932,3.1059587419498764,563.0634558320019,0.2591340339567978,2.0396496043941537,0.03169241799901917,0.014,0.0,0.014,2.263744142787084,0.4417460352956747
3,0.008,17,0.2587808746884206,0.2024675793423248,2.9743958018543233,558.9877634262407,0.3037106769916136,2.216459889511614,0.031638881703181666,0.014,0.0,0.014,2.259920121655833,0.4424935157740463
3,0.008,18,0.19985041136873596,0.1480849765034199,3.235080004717714,553.5205684367988,0.35932757254340686,2.418643886221418,0.029097361893669176,0.014,0.0,0.014,2.0783829924049413,0.4811432751587708
3,0.008,19,0.20926517571884984,0.16105446995859596,3.1285073108481187,562.9351894112277,0.39028846015571617,2.5415179693842562,0.029930330890596622,0.014,0.0,0.014,2.137880777899759,0.46775293100412924
3,0.008,20,0.1824662520855453,0.14428447969528943,3.1966024372717845,561.2305475504322,0.255977406661259,2.0226648469032753,0.031331458334946855,0.014,0.0,0.014,2.237961309639061,0.4468352494267563
3,0.008,21,0.2579677540307462,0.2118838710689759,2.9725730995022253,554.970753655793,0.25284937175456434,1.99053332021208,0.03215578418501241,0.014,0.0,0.014,2.2968417275008863,0.43538045657506635
3,0.008,22,0.204911800486618,0.15678791641945938,3.20198956754444,562.6788321167883,0.24552148839575239,1.9801486571828466,0.028944918678150494,0.014,0.0,0.014,2.067494191296464,0.4836772960280628
3,0.008,23,0.22007810705260739,0.16560982956807674,3.111688978522797,566.6788421778084,0.269021641172003,2.0850078441239734,0.02969719645986243,0.014,0.0,0.014,2.1212283185616023,0.47142497167777614
3,0.008,24,0.1983699715866607,0.14597442183833303,3.230516914967648,553.3553162853298,0.27009418109082617,2.0668144267314754,0.02820875978262472,0.014,0.0,0.014,2.0149114130446226,0.4962997348300065
3,0.008,25,0.20520209297034958,0.1578335235125083,3.175158003591723,561.1880640024266,0.26407640427351,2.0442471522382384,0.030185467588559476,0.014,0.0,0.014,2.1561048277542483,0.4637993418165935
3,0.008,26,0.2161244055257794,0.16240934570852847,3.1306140952635917,558.6507888578546,0.2717380755057093,2.0858386541209213,0.03096809604870503,0.014,0.0,0.014,2.2120068606217878,0.45207816386197974
3,0.008,27,0.21145240803943877,0.15997763306102808,3.1543505428339986,561.2730375426621,0.233050127804745,1.9273541555512588,0.030387083296516952,0.014,0.0,0.014,2.170505949751211,0.46072207271056903
3,0.008,28,0.21364805568164624,0.16364625226670437,3.1362070129777724,559.8742623694961,0.3082079339365009,2.220274596181932,0.03082779973403498,0.014,0.0,0.014,2.201985695288213,0.4541355568929399
3,0.008,29,0.2074620129381676,0.15163427086304904,3.201134579013901,556.6792537987062,0.2997954319580458,2.202076824724238,0.029977749260774695,0.014,0.0,0.014,2.14126780434105,0.46701304618351486
3,0.008,30,0.1921910538286581,0.1443913336260219,3.2207705335612355,561.0606520090978,0.25399170731543563,1.9997124966237836,0.030305770852558797,0.014,0.0,0.014,2.164697918039914,0.4619582213602708
3,0.008,31,0.20214829180963748,0.1480049570463141,3.211365906047971,552.0368491720126,0.2863009943102952,2.135290250789989,0.03232709363192736,0.014,0.0,0.014,2.3090781165662397,0.43307326539782454
3,0.008,32,0.1972152476603515,0.14266398605346606,3.2715978942003536,563.0634558320019,0.24548174272058532,1.968844185172464,0.03193214074725815,0.014,0.0,0.014,2.280867196232725,0.43842973481826797
3,0.008,33,0.2002277904328018,0.15189957007161453,3.170453768337736,561.9111617312072,0.29762070227297954,2.1816512597976843,0.031671146987300704,0.014,0.0,0.014,2.2622247848071932,0.44204272126972954
3,0.008,34,0.19649015250210744,0.14474914561315314,3.2395835365866334,567.1123457736225,0.29321739135775715,2.1750011354122494,0.03021591770643381,0.014,0.0,0.014,2.1582798361738433,0.463331947618424
3,0.008,35,0.2166029819435079,0.1600202761749104,3.148682136010187,554.4726904922454,0.28860984768834896,2.1357008422145114,0.03325363075210775,0.014,0.0,0.014,2.3752593394362678,0.4210066595243175
3,0.008,36,0.25031871016122986,0.1782612006695325,3.100393491913357,554.970753655793,0.34204702769056894,2.3709379829971113,0.030414552773051433,0.014,0.0,0.014,2.1724680552179594,0.460305962887759
3,0.008,37,0.2095679012345679,0.1543524519234911,3.212018468823884,571.0,0.26524444605456665,2.049943467663439,0.02995429781825109,0.014,0.0,0.014,2.1395927013036493,0.46737867417041673
3,0.008,38,0.1949887808526552,0.14189017141714,3.2664998710692603,553.5205684367988,0.3114254560205154,2.234092220504395,0.03074638601171213,0.014,0.0,0.014,2.196170429408009,0.45533806785184516
3,0.008,39,0.240747806180847,0.17656996102314032,3.1087336044137563,564.6932468523464,0.2577844419865869,2.024319531005151,0.031335493106663795,0.014,0.0,0.014,2.2382495076188422,0.4467777147257582
3,0.008,40,0.22916980563507608,0.18281119877812227,3.0730915430505106,557.51649841796,0.2053023367188871,1.818216174039177,0.03104983187242392,0.014,0.0,0.014,2.2178451337445657,0.45088810971739035
3,0.008,41,0.20022615906520919,0.15048539153118792,3.2176782736100082,557.894082171127,0.3700279324548319,2.487164564461371,0.030991429983116724,0.014,0.0,0.014,2.213673570222623,0.45173778711168905
3,0.008,42,0.2077581032412965,0.1576536034617578,3.0982731668984402,555.2617046818727,0.28518455909215845,2.126259288580985,0.03297531136967035,0.014,0.0,0.014,2.355379383547882,0.4245600547346691
3,0.008,43,0.23400558954603823,0.17778848132575453,3.0890761351297784,558.9877634262407,0.2799639527220279,2.1153941137233154,0.031285436466088994,0.014,0.0,0.014,2.234674033292071,0.44749255824431033
3,0.008,44,0.2320079371136381,0.16087773451483628,3.135679351699003,564.7792871861406,0.30127989684115164,2.178449920912343,0.03177290229937944,0.014,0.0,0.014,2.2694930213842452,0.44062704338701336
3,0.008,45,0.21977690684353332,0.16940601180892836,3.124004168554707,557.7681640036177,0.3106971768720541,2.229533953788442,0.03244277522460595,0.014,0.0,0.014,2.3173410874718536,0.43152905086189475
3,0.008,46,0.2325939617991374,0.17910210264275256,3.111551808598774,569.9463955637708,0.3379575321741868,2.3284383194885767,0.031558694439909635,0.014,0.0,0.014,2.2541924599935452,0.4436178444154957
3,0.008,47,0.3218989280245023,0.2212637436097425,2.889304189768611,566.635528330781,0.2849009998317342,2.106329843754591,0.031212168709266516,0.014,0.0,0.014,2.2294406220904652,0.44854300674863296
3,0.008,48,0.1794697484704283,0.14537508174336886,3.2326453241656377,558.9877634262407,0.27280883080675267,2.0765083334686025,0.030689807966099828,0.014,0.0,0.014,2.192129140435702,0.45617750412333946
3,0.008,49,0.24029783393501805,0.1748847560185495,3.1229986161972936,556.5956678700361,0.295434271072736,2.171156869643792,0.029838609623530448,0.014,0.0,0.014,2.1313292588236035,0.46919076245964664
3,0.012,0,0.1589996210685866,0.11832594170060276,3.5430951481120987,560.8484274346343,0.34004058621940203,2.3324653561893522,0.030619469630244995,0.021,0.0,0.021,1.4580699823926186,0.6858381367669684
3,0.012,1,0.1536643026004728,0.11422278344655472,3.559480660768473,564.3493479752917,0.2801528670825064,2.1131962269824536,0.030516695457344853,0.021,0.0,0.021,1.4531759741592787,0.6881479034764119
3,0.012,2,0.15704564569156662,0.11598946325562015,3.5343699544272176,565.8138236868263,0.23574123939033598,1.9469833085967863,0.030519583370531754,0.021,0.0,0.021,1.4533134938348453,0.688082787534924
3,0.012,3,0.18488487722787425,0.12880855271741695,3.4481383967595876,566.0730513271628,0.29912515287287533,2.19997870438472,0.03273940582560303,0.021,0.0,0.021,1.5590193250287157,0.6414288674590874
3,0.012,4,0.16627349516779544,0.1252504685015659,3.5025516539571475,563.1489993151206,0.2447657204756979,1.9858088850893352,0.031328632319101914,0.021,0.0,0.021,1.491839634242948,0.6703133346550764
3,0.012,5,0.15747972364073295,0.10979461083877438,3.58018437612812,555.7611895464104,0.2566529549949337,2.0199840696546785,0.029491444996211976,0.021,0.0,0.021,1.4043545236291417,0.7120709074342523
3,0.012,6,0.2082947173308619,0.1422706697898045,3.437814378469198,571.528266913809,0.32686876037041657,2.275233662181831,0.031907970074451265,0.021,0.0,0.021,1.5194271464024411,0.6581427759584969
3,0.012,7,0.15412760118911503,0.1123429349457199,3.555367554211417,564.0916990624286,0.43976938861305825,2.7481841772879045,0.02964893688180093,0.021,0.0,0.021,1.4118541372286157,0.7082884652397163
3,0.012,8,0.16449499133840476,0.11988948884946095,3.5126599031285886,557.3907509226482,0.25901043211342767,2.0443971967217562,0.02972627439564253,0.021,0.0,0.021,1.4155368759829776,0.7064457429309849
3,0.012,9,0.1596454008183058,0.1178548152060584,3.5314182867092168,560.7211698742234,0.23405003509833477,1.9296367194525836,0.03229486207242585,0.021,0.0,0.021,1.5378505748774214,0.6502582346660746
3,0.012,10,0.15058788061501358,0.11725977209483988,3.542311448924471,557.7681640036177,0.2656971045944374,2.0387685583148647,0.03207811030482968,0.021,0.0,0.021,1.5275290621347466,0.654652029076608
3,0.012,11,0.16043372427528213,0.12179753582260912,3.46680629691242,545.8993140075238,0.3508937543083448,2.402624264661412,0.03534532353128199,0.021,0.0,0.021,1.6831106443467612,0.5941380047466303
3,0.012,12,0.1685751118525821,0.11963513654501473,3.501051228027743,561.1880640024266,0.23811071636737324,1.9389635717615086,0.030083598886111326,0.021,0.0,0.021,1.4325523279100632,0.6980547799317672
3,0.012,13,0.15971531338486264,0.11571760359511027,3.5447171768406376,566.3325170276269,0.20966700025019236,1.8307378137706296,0.031544367233305275,0.021,0.0,0.021,1.5021127253954891,0.6657289982925292
3,0.012,14,0.14773946360153256,0.10864396267370091,3.561010765478564,567.0689655172414,0.250599340419285,1.9897148283816675,0.029640491462392636,0.021,0.0,0.021,1.4114519743996492,0.7084902767771059
3,0.012,15,0.15412732257081938,0.11064555617837708,3.5850788907999767,563.5342674383186,0.29210246083675884,2.1474736534746204,0.02934657781150013,0.021,0.0,0.021,1.3974560862619108,0.7155859921687587
3,0.012,16,0.14954128440366973,0.10774114075827879,3.614037792560709,565.7706422018349,0.28089392225956544,2.11850522975097,0.029389195033962198,0.021,0.0,0.021,1.3994854778077237,0.7145483221208464
3,0.012,17,0.15035960443512136,0.11102625355417631,3.583189706579775,554.431225651783,0.2429962210881058,1.9711843049474256,0.02953442195056424,0.021,0.0,0.021,1.4064010452649638,0.711034738893842
3,0.012,18,0.14790220344099003,0.11381059974975115,3.544798581456498,558.4403863567763,0.25138376239920035,2.002390146195699,0.03275459636242647,0.021,0.0,0.021,1.5597426839250699,0.6411313932138566
3,0.012,19,0.17541467848216313,0.12222087677645709,3.5083082099795657,560.5092024539878,0.3027940680331085,2.223198122406207,0.03038255405619368,0.021,0.0,0.021,1.4467882883901753,0.6911861313950008
3,0.012,20,0.16733459357277883,0.13382706035246908,3.4616156280671464,559.578449905482,0.2763078801217489,2.0995597598640083,0.030649770708690554,0.021,0.0,0.021,1.4595128908900263,0.6851601011829292
3,0.012,21,0.15990345451802684,0.12038577330422205,3.5342985905157835,558.188112837532,0.2547676451795269,1.9986681451169983,0.02956135688357027,0.021,0.0,0.021,1.4076836611223937,0.7103868771217151
3,0.012,22,0.1758216501953574,0.1254229633277757,3.4664616095765797,566.938864628821,0.24313577296561562,1.965118034340211,0.03234295312688427,0.021,0.0,0.021,1.540140625089727,0.6492913593145049
3,0.012,23,0.1697730347211784,0.12689701212714044,3.5025960980706508,556.1781151360289,0.3200170823838562,2.270163518567108,0.03159709977825831,0.021,0.0,0.021,1.5046237989646813,0.664617960109425
3,0.012,24,0.15894944587824503,0.11535822520924104,3.551524519939176,561.7408531956885,0.25689305397099815,2.0286104296341496,0.029641386675664357,0.021,0.0,0.021,1.4114946036030644,0.7084688793335383
3,0.012,25,0.20037608123354644,0.1300711958702061,3.465230114398692,556.6374576908612,0.37601947400253266,2.500266350219685,0.03210907612051838,0.021,0.0,0.021,1.5290036247865895,0.6540206862750734
3,0.012,26,0.18400181282574213,0.13085097866815165,3.4617129783808522,558.9877634262407,0.3059432969021145,2.2265982674133546,0.032190922178811254,0.021,0.0,0.021,1.5329010561338692,0.6523578257047462
3,0.012,27,0.17739063104916764,0.12308987595892848,3.5015457164390607,572.98606271777,0.30297994913416915,2.214130972477419,0.03114777420488995,0.021,0.0,0.021,1.4832273430899974,0.6742054781141688
3,0.012,28,0.15488779003423356,0.11826120279563603,3.500088418130978,562.977938379612,0.24337116430979222,1.9900145985941349,0.030753044232590666,0.021,0.0,0.021,1.4644306777424125,0.6828592265914658
3,0.012,29,0.17371647509578544,0.12523355941172004,3.5029959601255576,567.0689655172414,0.24860013774014078,2.016597543942641,0.03142428798230898,0.021,0.0,0.021,1.496394665824237,0.6682728980787864
3,0.012,30,0.15907039711191337,0.11609043006802072,3.5501804107982595,556.5956678700361,0.30310486230882816,2.2122102059106603,0.030706212218427193,0.021,0.0,0.021,1.4622005818298662,0.683900699005709
3,0.012,31,0.159391331079004,0.1122671982669227,3.574807714022973,568.7221026744544,0.3029529345512856,2.2011112033910076,0.029616680582808474,0.021,0.0,0.021,1.4103181229908797,0.7090598806737924
3,0.012,32,0.1868797818347095,0.12389475578456308,3.497983012450341,560.5939701537762,0.3205493053828832,2.287594123288578,0.029476439632662978,0.021,0.0,0.021,1.4036399825077608,0.7124333963566551
3,0.012,33,0.16772321087604064,0.12762847771857214,3.4605320284727203,565.2098831436646,0.40464176892419346,2.595185613719446,0.0332999523412774,0.021,0.0,0.021,1.5857120162513048,0.6306315331859851
3,0.012,34,0.25512287334593575,0.19007193989994026,3.258633033260666,559.578449905482,0.21693096513627097,1.842167131312048,0.03155799356448448,0.021,0.0,0.021,1.5027615983087848,0.6654415451695099
3,0.012,35,0.18776226443884947,0.1393777889099654,3.434057329517889,564.6072327763791,0.345699290279299,2.359919944365406,0.03318437443380265,0.021,0.0,0.021,1.5802083063715546,0.6328279606985371
3,0.012,36,0.16326996197718632,0.12030489864960991,3.5163259707110925,562.7642585551331,0.33945921197300777,2.3714033014907283,0.03280782057286279,0.021,0.0,0.021,1.5622771701363234,0.6400912841302934
3,0.012,37,0.14100498657460683,0.10655777207162832,3.5753440025715246,567.7203682393556,0.277588838012889,2.1305400392703797,0.030213851905646863,0.021,0.0,0.021,1.4387548526498506,0.695045440269573
3,0.012,38,0.16767968393861116,0.12627665111777897,3.4436783514660996,562.2520893481234,0.2440191876667086,1.9682130968763234,0.030866402754577648,0.021,0.0,0.021,1.4698287025989356,0.6803513894046365
3,0.012,39,0.155032897224533,0.11805837779064196,3.4977308163631156,559.6629357936928,0.2984066230128519,2.187468922298895,0.03352056855092841,0.021,0.0,0.021,1.5962175500442097,0.6264810206931402
3,0.012,40,0.16756224929993188,0.12229608495512774,3.4910917905659424,560.0857488836751,0.3083969686704222,2.2269475703956805,0.03248546184018683,0.021,0.0,0.021,1.5469267542946108,0.646443018212581
3,0.012,41,0.17132708585247883,0.12566145259935785,3.4952014808520797,559.2829504232164,0.2890732793312054,2.1315818289131365,0.03362094324181646,0.021,0.0,0.021,1.6009972972293554,0.6246106734412196
3,0.012,42,0.18054711246200608,0.131090133108472,3.4450344853466515,562.3373860182371,0.32226760691264644,2.2685023333494967,0.03329563145803853,0.021,0.0,0.021,1.5855062599065965,0.6307133723072849
3,0.012,43,0.14763295419612665,0.10989251171374967,3.545797892604051,568.7221026744544,0.2600079892727081,2.057526081328872,0.029890110037220214,0.021,0.0,0.021,1.4233385732009625,0.7025735259539047
3,0.012,44,0.1556936771025169,0.11354181862832412,3.550440340747842,567.8508287292817,0.22969318684772588,1.928750984725347,0.03235755017671409,0.021,0.0,0.021,1.5408357227006706,0.6489984527664434
3,0.012,45,0.16949413942011105,0.12157838407572179,3.490073256766121,570.6483652066626,0.3180855810351204,2.2597188731441324,0.03141537077547023,0.021,0.0,0.021,1.4959700369271536,0.668462586359071
3,0.012,46,0.15987508568817121,0.11919288797425825,3.5020436108120805,563.6628075253257,0.3536956715688575,2.398934005197045,0.03258378547289773,0.021,0.0,0.021,1.551608832042749,0.6444923355350226
3,0.012,47,0.20570821314710794,0.14040623048867654,3.4388672751879827,561.7408531956885,0.30414128402480856,2.2169707157177445,0.03413108873521558,0.021,0.0,0.021,1.6252899397721703,0.6152748352950353
3,0.012,48,0.1804482810843556,0.13248390792856415,3.4749767088847916,560.3820990458883,0.23983951099216938,1.950396689756687,0.031218309586069092,0.021,0.0,0.021,1.4865861707651948,0.6726821624374907
3,0.012,49,0.14965319662243667,0.11216300975441595,3.542264212130228,557.9360675512665,0.2680301061482169,2.0748305177227593,0.029814481473214288,0.021,0.0,0.021,1.4197372130102042,0.7043557010664993
3,0.019,0,0.13907133038032687,0.09168714505008171,3.8292082972976247,565.1667939514282,0.3100939359574113,2.231990220197056,0.030024249607829907,0.03325,0.0,0.03325,0.9029849506114257,1.1074381686238335
3,0.019,1,0.1004121393780442,0.07880350115342095,3.8754836673193664,554.555638816036,0.32380521870800294,2.3017693838946807,0.030541588770768836,0.03325,0.0,0.03325,0.9185440231810176,1.0886794478689128
3,0.019,2,0.12340619307832422,0.0853604307454087,3.853451721300286,561.655737704918,0.24627676579984836,1.9736582488762293,0.02937408210323048,0.03325,0.0,0.03325,0.883431040698661,1.1319502642890502
3,0.019,3,0.11729132447364492,0.08594886182256153,3.848973896000093,552.5305360609228,0.2641979433246888,2.067077787692498,0.03128602427827817,0.03325,0.0,0.03325,0.9409330610008471,1.0627748576889464
3,0.019,4,0.1146715495536736,0.08132246251278068,3.876584072028803,564.6072327763791,0.24291917897062376,1.9687987162982161,0.028787385913055307,0.03325,0.0,0.03325,0.8657860424979039,1.1550197749952997
3,0.019,5,0.13883634712869788,0.08904017338835664,3.8534385130291704,559.9165468714534,0.32042717817239463,2.2873529763593745,0.029923843389428776,0.03325,0.0,0.03325,0.8999652147196624,1.111154057561545
3,0.019,6,0.14841421474971342,0.10045035298579723,3.793799233807923,565.5548337791364,0.2573993574769702,2.0257174308520955,0.03189341895396335,0.03325,0.0,0.03325,0.9592005700440106,1.0425348266360157
3,0.019,7,0.1220403502093643,0.0890284853654115,3.8183751085676825,563.4057860677578,0.3085313813353423,2.232337281847694,0.03174983659947239,0.03325,0.0,0.03325,0.9548823037435306,1.0472494841297086
3,0.019,8,0.1351535319921343,0.09131333716595134,3.808762919569855,559.7051883224929,0.3137510227097664,2.234858965424025,0.032463104018329886,0.03325,0.0,0.03325,0.9763339554384928,1.0242397024396006
3,0.019,9,0.12506620261784065,0.08705551529541339,3.816555851785097,559.9165468714534,0.24263983115088195,1.944344121869523,0.03275522792250858,0.03325,0.0,0.03325,0.9851196367671753,1.0151051331000334
3,0.019,10,0.13472557297949336,0.08317413078217363,3.9150860849214366,557.9360675512665,0.33469013482681476,2.3367993692969597,0.028986314477957405,0.03325,0.0,0.03325,0.871768856479922,1.147093054044001
3,0.019,11,0.1244882486732373,0.08765942446374204,3.8027541733660586,561.0606520090978,0.2801110631262418,2.1239928256126666,0.030290203155437824,0.03325,0.0,0.03325,0.9109835535470022,1.0977146580818102
3,0.019,12,0.13768890245764007,0.08959319066889346,3.8322255619693535,564.8223172034803,0.2929051855171565,2.1510105952608622,0.03168164527976936,0.03325,0.0,0.03325,0.9528314369855446,1.049503575536594
3,0.019,13,0.113651748777736,0.0819457674236105,3.866716743023915,556.6374576908612,0.2878642419236712,2.1372432353550597,0.031483461383175655,0.03325,0.0,0.03325,0.9468710190428768,1.0561100507763217
3,0.019,14,0.10243239159993957,0.07664779464199631,3.916780827545808,559.0299138842726,0.3013069184671622,2.197403148011574,0.02827853331645573,0.03325,0.0,0.03325,0.8504822050061873,1.1758035548700574
3,0.019,15,0.13540569020021076,0.0867035024111942,3.8612977186760133,557.0138491645341,0.2581971527833957,2.0128548471206056,0.02944825165919443,0.03325,0.0,0.03325,0.8856617040359227,1.1290992886370073
3,0.019,16,0.13038842345773038,0.09347219212769435,3.8327040807117454,563.6199543031227,0.306337960268138,2.238043028343159,0.03148092537565447,0.03325,0.0,0.03325,0.9467947481399841,1.056195127787242
3,0.019,17,0.13984351027922676,0.09344491977157124,3.812582804855993,567.6768947529918,0.2676230423967354,2.0582715133732,0.03162346349831867,0.03325,0.0,0.03325,0.95108160897199,1.0514344831889717
3,0.019,18,0.12757605495583907,0.09058860855475345,3.8118090586810895,558.6507888578546,0.3834054699691478,2.5405762107247307,0.03345854931188872,0.03325,0.0,0.03325,1.0062721597560518,0.9937669350232523
3,0.019,19,0.13064787869505284,0.08857005555499058,3.831004428028661,566.7221626589064,0.3397377237852197,2.3591502634650885,0.03156486348996491,0.03325,0.0,0.03325,0.9493192027057115,1.0533864659535384
3,0.019,20,0.12923405553860237,0.0857303120193542,3.8575602087194985,564.5642355813244,0.28773976617958397,2.141893468131386,0.02940389475310224,0.03325,0.0,0.03325,0.8843276617474357,1.1308025783384352
3,0.019,21,0.12183093164830083,0.08679693351183967,3.8301139101333086,570.2532942898976,0.2911420668242499,2.1626302950415868,0.030760940647076785,0.03325,0.0,0.03325,0.9251410720925348,1.0809162301465496
3,0.019,22,0.10796661608497723,0.08224325339371123,3.8534071597224973,561.4855842185129,0.38681412072037347,2.5294224205623776,0.030895405673310082,0.03325,0.0,0.03325,0.9291851330318821,1.0762117950994896
3,0.019,23,0.12383141762452107,0.08725665514335136,3.8374717630090376,567.0689655172414,0.2599459560296964,2.0251968504793236,0.0318923136398558,0.03325,0.0,0.03325,0.9591673275144601,1.0425709584909983
3,0.019,24,0.12338593974175036,0.09019405539509662,3.8011234033962005,558.8192252510761,0.3452192982949782,2.3800349724571657,0.032965496676767986,0.03325,0.0,0.03325,0.9914435090757289,1.008630336318655
3,0.019,25,0.09525976488433827,0.07730725842904372,3.8851214567329726,561.2730375426621,0.3390670701628551,2.338004270999661,0.030255141558775962,0.03325,0.0,0.03325,0.909929069436871,1.0989867601645822
3,0.019,26,0.11847162559348859,0.08367206900236832,3.8552608932222774,557.7262039339814,0.3147753547236789,2.236157943247481,0.0290981248500108,0.03325,0.0,0.03325,0.875131574436415,1.142685316369713
3,0.019,27,0.155591078632869,0.09535707158951218,3.8153819207780297,563.3201644211007,0.3316009799891617,2.346984528236847,0.03272339831264158,0.03325,0.0,0.03325,0.9841623552674159,1.0160925122240432
3,0.019,28,0.10276590960197886,0.08024065989268775,3.8498485068655666,554.7216100742073,0.268480688566342,2.070243506748592,0.030383241546814724,0.03325,0.0,0.03325,0.9137817006560819,1.094353278558779
3,0.019,29,0.28157113496232017,0.12620296795423194,3.7518224768718182,563.3201644211007,0.42123950977111235,2.698136053182452,0.033507763193548534,0.03325,0.0,0.03325,1.0077522764977003,0.9923073589824652
3,0.019,30,0.16201749095295537,0.10994721515092866,3.7421188264698735,557.9360675512665,0.2852240281936247,2.116913371998379,0.030981388199926845,0.03325,0.0,0.03325,0.9317710736820103,1.073224988674927
3,0.019,31,0.11625954198473283,0.08674791128501487,3.831352051157899,564.9083969465648,0.3711750365619082,2.4821537257150466,0.03348877100644121,0.03325,0.0,0.03325,1.0071810829004875,0.992870117377694
3,0.019,32,0.11621233859397417,0.0845618347146223,3.859517525313112,558.8192252510761,0.2915936904028058,2.159580260323165,0.03081090491337914,0.03325,0.0,0.03325,0.9266437567933575,1.079163370679247
3,0.019,33,0.11687532798560611,0.0884486774675724,3.825282054378288,554.8046330309619,0.305220402602572,2.2287347209311283,0.031181309700473663,0.03325,0.0,0.03325,0.9377837503901852,1.0663439194632327
3,0.019,34,0.10897338403041826,0.08229296807742578,3.870979680207566,562.7642585551331,0.2913747627462726,2.171271724302569,0.03177931795737875,0.03325,0.0,0.03325,0.9557689611241728,1.046277961175683
3,0.019,35,0.14444016929588302,0.08782560559633693,3.9031543377625777,569.4647941515967,0.29371703282231465,2.175279515030531,0.029952505105388667,0.03325,0.0,0.03325,0.9008272212146967,1.1100907881664326
3,0.019,36,0.1391698113207547,0.09080615177782396,3.823154943738429,558.5245283018868,0.2483961704710964,1.9742156348317956,0.03357011810695834,0.03325,0.0,0.03325,1.0096276122393486,0.9904641947955498
3,0.019,37,0.15757621605265149,0.09909833871379475,3.7349481488919567,559.831984265073,0.3068317050638143,2.2384706281162665,0.0320309838749946,0.03325,0.0,0.03325,0.9633378609020931,1.0380574049727223
3,0.019,38,0.14679869982613955,0.10015637081634349,3.7969769363875385,559.4095547660443,0.28773021991946734,2.1316164123002137,0.03134938446193378,0.03325,0.0,0.03325,0.9428386304340985,1.060626885365933
3,0.019,39,0.18832666871731774,0.10797836774791605,3.744530880597127,569.0713626576438,0.349083141569281,2.378648902956925,0.032949303741271196,0.03325,0.0,0.03325,0.990956503496878,1.0091260277027392
3,0.019,40,0.10811839001749982,0.0888236078633788,3.7467309552841934,563.0634558320019,0.27049660569173284,2.0787966852427617,0.030655555678360105,0.03325,0.0,0.03325,0.921971599349176,1.0846321087394715
3,0.019,41,0.12440776402261959,0.0852603872627465,3.890741413220998,565.5116918844567,0.26567774623981677,2.0608485679371524,0.028945143261965227,0.03325,0.0,0.03325,0.8705306244200067,1.148724665104404
3,0.019,42,0.07820121951219512,0.06818077259707002,3.954680713439445,564.0487804878048,0.2863835347816348,2.1451186626633496,0.03131072307113543,0.03325,0.0,0.03325,0.9416758818386595,1.0619365105193737
3,0.019,43,0.12407098437736994,0.08497460171971948,3.8631477704929664,561.2305475504322,0.27837315361830406,2.129270570633383,0.030520526333675933,0.03325,0.0,0.03325,0.9179105664263438,1.0894307534700804
3,0.019,44,0.12422454229081556,0.08614449279260342,3.8222482641666105,559.8742623694961,0.366078236955218,2.4381132176348586,0.02955219568036259,0.03325,0.0,0.03325,0.8887878400109049,1.1251279045263836
3,0.019,45,0.14202216487019886,0.09560092809727659,3.7679803482601093,561.7408531956885,0.3858666978776455,2.5359307713086134,0.030806041400261924,0.03325,0.0,0.03325,0.9264974857221631,1.0793337439232715
3,0.019,46,0.12817171330011498,0.08459870408657279,3.8664913739879534,567.2859333077807,0.32166158547624946,2.2933347605807475,0.029637079071224617,0.03325,0.0,0.03325,0.891340723946605,1.1219054320465494
3,0.019,47,0.10233130722474418,0.07357870958315943,3.9752497279806245,569.377317842579,0.3168325635197107,2.236606381803454,0.029166550497697598,0.03325,0.0,0.03325,0.8771894886525593,1.1400045405652188
3,0.019,48,0.12510406417921743,0.08575012227260145,3.858921681081683,560.0857488836751,0.35350956351612695,2.406520649155225,0.030912466712504034,0.03325,0.0,0.03325,0.9296982469926025,1.075617818184352
3,0.019,49,0.11643420254699818,0.08621389305604905,3.81453848201576,560.9757428744693,0.28053441777592525,2.094657643799377,0.0312690185744199,0.03325,0.0,0.03325,0.940421611260749,1.063352849430352
3,0.03,0,0.12267433066101951,0.07187254960746377,4.053291116617274,559.7051883224929,0.42734030602150597,2.7174392931526525,0.030968207528623122,0.0525,0.0,0.0525,0.5898706195928214,1.695287011735361
3,0.03,1,0.09353600722401986,0.06955608709056514,4.03718034797497,556.8883286929039,0.3340407982177567,2.318905905313457,0.031091333594071367,0.0525,0.0,0.0525,0.5922158779823118,1.6885734361041023
3,0.03,2,0.09730754645430413,0.06631769179955424,4.0811223585660095,561.2730375426621,0.33777654595905915,2.34798002863808,0.028643170373957902,0.0525,0.0,0.0525,0.5455841975991982,1.8328976616266088
3,0.03,3,0.09751491804516957,0.06761695945899068,4.058860967073758,558.9877634262407,0.3310853383736685,2.3207636932690585,0.029594019922698164,0.0525,0.0,0.0525,0.5636956175752031,1.7740070506519223
3,0.03,4,0.09557907845579078,0.07111636492157843,4.046876168668326,575.9688667496887,0.35654156262171455,2.420280217667724,0.03155615568983332,0.0525,0.0,0.0525,0.6010696321873014,1.6637007535399604
3,0.03,5,0.09766984415191406,0.06891198672309952,4.040918945375649,559.8742623694961,0.3091798326058779,2.2003605581492414,0.03164509891211453,0.0525,0.0,0.0525,0.6027637888021816,1.6590246769587973
3,0.03,6,0.0960084668884185,0.06795168047013601,4.066387677006572,559.4517689749017,0.4014394723053556,2.6266841883093566,0.030410167015282256,0.0525,0.0,0.0525,0.5792412764815668,1.726396305999134
3,0.03,7,0.1273221567739012,0.07204046784265614,4.070796189834498,558.861350249207,0.3061544776719529,2.222499441427636,0.02994390871405081,0.0525,0.0,0.0525,0.5703601659819202,1.7532781208141013
3,0.03,8,0.09250362235949058,0.06671446817983438,4.082020978994802,564.3493479752917,0.3140772457991261,2.24434126921957,0.029543377231071765,0.0525,0.0,0.0525,0.5627309948775574,1.7770480195738751
3,0.03,9,0.07838265190874182,0.0662851866711424,4.055748701268641,557.2231759656653,0.34100460636545904,2.3679649824986093,0.02977140916775332,0.0525,0.0,0.0525,0.5670744603381584,1.7634368499044708
3,0.03,10,0.08634447455585667,0.06617038466511922,4.054148314503142,557.0975609756098,0.40637870007776655,2.614822139323233,0.0318879021070651,0.0525,0.0,0.0525,0.6073886115631448,1.646392410003293
3,0.03,11,0.07257138482737503,0.06724251013797924,4.0235611008929855,566.5056265788869,0.3691669125400949,2.4462193886124926,0.031671971738475864,0.0525,0.0,0.0525,0.6032756521614451,1.6576170386077274
3,0.03,12,0.09077028780822964,0.0673431128140541,4.063257928813691,564.9514466753187,0.3109477241814602,2.2462858028292914,0.030593125831629965,0.0525,0.0,0.0525,0.5827262063167613,1.7160717832148
3,0.03,13,0.08926795685764553,0.06951626973441322,4.048164164299261,566.0730513271628,0.32715324198943563,2.3010666728137843,0.028738568384291143,0.0525,0.0,0.0525,0.5474013025579265,1.8268133366273438
3,0.03,14,0.09241126070991432,0.06795847430694778,4.043310138636946,566.1162790697674,0.3746860981627833,2.4832693471333926,0.03186040453524203,0.0525,0.0,0.0525,0.6068648482903245,1.6478133522105065
3,0.03,15,0.11006549725212678,0.07032471088059646,4.045258792400005,557.1394263344124,0.33764387510018423,2.380801160880825,0.030987833714241863,0.0525,0.0,0.0525,0.5902444516998451,1.6942132994560135
3,0.03,16,0.11207612718072653,0.07212851512480889,4.026891850918934,558.9034816101503,0.32734606915619224,2.2804406215087125,0.03252458510090112,0.0525,0.0,0.0525,0.6195159066838309,1.6141635577249973
3,0.03,17,0.08559927084915692,0.06516954864042068,4.084331350089373,562.0815737505696,0.31357439086423256,2.2519705510918664,0.02911887671167462,0.0525,0.0,0.0525,0.5546452706985642,1.802954163370979
3,0.03,18,0.08543586644508235,0.06536569703219575,4.080628746961302,559.0299138842726,0.3062193055811804,2.203779678785977,0.029887024195632973,0.0525,0.0,0.0525,0.56927665134539,1.756615167048688
3,0.03,19,0.10088088854844887,0.0724816749834346,4.031516078216369,566.852163921869,0.38286474722553976,2.504803869335172,0.0326853580986937,0.0525,0.0,0.0525,0.6225782494989276,1.6062237972573479
3,0.03,20,0.08952639108500866,0.06568592401684215,4.074221692430448,557.2231759656653,0.4160855450318195,2.6578429646429185,0.02925700410632001,0.0525,0.0,0.0525,0.5572762686918098,1.7944421038194784
3,0.03,21,0.09407879579141387,0.06613681137178763,4.075568100535352,568.3296981798633,0.46948993401019834,2.8793235953112237,0.02945272888757366,0.0525,0.0,0.0525,0.5610043597633079,1.7825173416155051
3,0.03,22,0.08557161231746993,0.0688800394116648,4.030602656461203,559.9165468714534,0.28399104785057716,2.1180999712439217,0.032923989020422345,0.0525,0.0,0.0525,0.6271236003889971,1.5945819920980686
3,0.03,23,0.0893239522789844,0.06732988026286099,4.070468126874883,565.9434077699602,0.32559900419437326,2.304767530629126,0.02986872603580926,0.0525,0.0,0.0525,0.5689281149677955,1.7576913035078354
3,0.03,24,0.08568803124282104,0.06701744518342657,4.0379568867050235,566.6788421778084,0.29372762530692853,2.1939968609032032,0.032654412686444596,0.0525,0.0,0.0525,0.6219888130751352,1.6077459577704682
3,0.03,25,0.10333659712284401,0.06802989227114177,4.070953433863527,557.3907509226482,0.39357649511657655,2.5533939902138965,0.029521989365808902,0.0525,0.0,0.0525,0.5623236069677886,1.7783354417437478
3,0.03,26,0.10889126124752173,0.07026527632956849,4.046439157008221,564.3063901174318,0.36214773965184577,2.4519800957978686,0.03179413502906379,0.0525,0.0,0.0525,0.6056025719821674,1.6512479409176717
3,0.03,27,0.08283666540927952,0.06513770126225599,4.072986661711977,558.3142210486609,0.38393370222183876,2.4928772651914355,0.03071725804072532,0.0525,0.0,0.0525,0.585090629347149,1.709136926557535
3,0.03,28,0.09614948180649066,0.06853706645216076,4.065587891356595,559.831984265073,0.31140276190126315,2.2268940745857693,0.03006622418271396,0.0525,0.0,0.0525,0.5726899844326468,1.7461454315299072
3,0.03,29,0.08901314795224421,0.06823032872240344,4.051325949145149,559.1985794166541,0.3594621524680406,2.414382004990573,0.030866860322226807,0.0525,0.0,0.0525,0.587940196613844,1.7008532598372326
3,0.03,30,0.11754929364659666,0.0726189981196768,4.008857969012933,559.0720707108861,0.31574430657201447,2.2741006338676444,0.03253278050635466,0.0525,0.0,0.0525,0.6196720096448506,1.6137569301752466
3,0.03,31,0.11530205458448328,0.07079026081990243,4.039566430001455,567.329346826127,0.3552365981449839,2.4161481537292513,0.03155791264197064,0.0525,0.0,0.0525,0.6011030979422979,1.663608128827168
3,0.03,32,0.10985509445413853,0.07176797679669442,4.025241975785657,561.4430619831576,0.3618671485746745,2.4536014246640754,0.030476153613469795,0.0525,0.0,0.0525,0.5804981640660913,1.7226583336552073
3,0.03,33,0.09919348760081405,0.06759675569295052,4.068516816009265,557.8101303987337,0.3258718934375793,2.3064764291552153,0.030622510589674336,0.0525,0.0,0.0525,0.5832859159937969,1.7144250745300607
3,0.03,34,0.10106179818195707,0.06804133487617986,4.060907436832338,565.2960812772134,0.31344411516329274,2.2438252517825026,0.029028672284917317,0.0525,0.0,0.0525,0.5529270911412822,1.8085567085091208
3,0.03,35,0.10120263217608351,0.07000290975323781,4.055657603016989,559.7474472430225,0.2971931506181136,2.177398044979997,0.03141186160222541,0.0525,0.0,0.0525,0.5983211733757221,1.6713431589893601
3,0.03,36,0.1130295884992774,0.09346282216031387,3.940097838320199,562.8924469460713,0.30671323722344823,2.2096436256934053,0.033995904031280916,0.0525,0.0,0.0525,0.6475410291672555,1.5443036888118276
3,0.03,37,0.09855006796556412,0.06888849285355465,4.062711424066722,558.861350249207,0.4029605262039695,2.597928533108957,0.02929681414203863,0.0525,0.0,0.0525,0.5580345550864501,1.7920037225025987
3,0.03,38,0.08172854721922662,0.0663762740877636,4.061031004209222,570.0340471421969,0.3101664190471638,2.213064106670761,0.031146838479828798,0.0525,0.0,0.0525,0.593273113901501,1.6855643321231417
3,0.03,39,0.09970249446944847,0.06694282777673874,4.072665461077806,564.5212449462201,0.3463787925429642,2.3931027374228595,0.02958831168877212,0.0525,0.0,0.0525,0.5635868893099452,1.7743492954997557
3,0.03,40,0.1058859454920223,0.07138809188855924,4.024636019892735,564.9514466753187,0.3120859144546557,2.2335045106830904,0.031978114260478245,0.0525,0.0,0.0525,0.6091069382948238,1.6417478395492744
3,0.03,41,0.10508039556125916,0.07045754097556581,4.053583577837004,558.6507888578546,0.3239341197768226,2.311782118405457,0.030759452924137235,0.0525,0.0,0.0525,0.5858943414121378,1.7067923844251063
3,0.03,42,0.1125158973591681,0.07378347055003512,4.0395808128690955,553.6445724545523,0.3136599339777604,2.2570495904051997,0.031206517565293128,0.0525,0.0,0.0525,0.5944098583865358,1.6823408728690954
3,0.03,43,0.07756190476190476,0.06351340245830543,4.1004620672434235,563.8342857142857,0.2960022636980284,2.1752588355132576,0.029179458182344672,0.0525,0.0,0.0525,0.5557992034732319,1.799210926807601
3,0.03,44,0.09515370983897065,0.07014506394385198,4.045245791203846,570.1655751598737,0.3000370205263607,2.197971518841335,0.03253683902778634,0.0525,0.0,0.0525,0.619749314814978,1.6135556362793937
3,0.03,45,0.08903333081399743,0.06864318776183435,4.063018382895733,559.3251454916484,0.31681738985935226,2.2533264433322406,0.031050450339620488,0.0525,0.0,0.0525,0.5914371493261046,1.690796733244471
3,0.03,46,0.08846094828909007,0.06813346468910732,4.040595700427804,567.7638483965014,0.3766496190801263,2.5084740220419715,0.03198070427880226,0.0525,0.0,0.0525,0.6091562719771859,1.6416148794696346
3,0.03,47,0.092940193023786,0.06666399062923956,4.061120481729557,562.3800440762976,0.37675429682713,2.4943878055606614,0.030019976989255587,0.0525,0.0,0.0525,0.5718090855096303,1.748835451099453
3,0.03,48,0.09684886499402628,0.06950417099316268,4.05187634857588,552.6129032258065,0.3069032425992191,2.217005519114184,0.03066113403821598,0.0525,0.0,0.0525,0.5840216007279234,1.712265434623654
3,0.03,49,0.09096431283219437,0.06471300966930661,4.101994798880449,561.9111617312072,0.3064948331739288,2.2008807393406205,0.027607301327051723,0.0525,0.0,0.0525,0.5258533586105091,1.9016708434502623
3,0.06,0,0.06800736874424317,0.05679339602895375,4.214265245769798,568.0248695118207,0.5207387335249223,3.0728576090840987,0.03456062920948077,0.105,0.0,0.105,0.32914884961410257,3.038139131193714
3,0.06,1,0.0791117279666898,0.05581939868537093,4.24612323440387,570.6044413601666,0.4727703606185969,2.8753458874553983,0.0303872015171079,0.105,0.0,0.105,0.2894019192105515,3.455402102127941
3,0.06,2,0.06709503885236102,0.05524597657012767,4.228360756660014,552.9426180514047,0.4417177115101367,2.7488461964794513,0.030555975830469873,0.105,0.0,0.105,0.2910092936235226,3.4363163717159337
3,0.06,3,0.16716463648203478,0.08179903310429733,4.17504140381899,566.938864628821,0.4030388205719646,2.635475773769503,0.03468469408455985,0.105,0.0,0.105,0.3303304198529509,3.027271906853621
3,0.06,4,0.0652960652960653,0.05500392819098853,4.232343706969531,569.8149688149688,0.45405101106734946,2.785380973837961,0.030405582949292274,0.105,0.0,0.105,0.28957698046945024,3.4533131686739784
3,0.06,5,0.06818698386241381,0.05507447096983546,4.233585920132959,560.6787635426926,0.4704115355561953,2.8931395103113102,0.030545967867843866,0.105,0.0,0.105,0.2909139796937511,3.43744223310517
3,0.06,6,0.08041720202554607,0.05649233669875247,4.222611313130269,559.3251454916484,0.399448689626297,2.583912809284853,0.031467536722996445,0.105,0.0,0.105,0.2996908259332995,3.336772144712112
3,0.06,7,0.0768584307433723,0.05597928789237619,4.225321210437161,565.3823057529223,0.47595769591862336,2.912720215508653,0.0319024692552569,0.105,0.0,0.105,0.3038330405262562,3.2912812848396698
3,0.06,8,0.07569843092231152,0.05625008181682662,4.22930448248424,566.4190585533869,0.4814372711116448,2.946841762297214,0.032683119048386534,0.105,0.0,0.105,0.31126780046082414,3.2126676724014662
3,0.06,9,0.05237266328615757,0.05383995040148265,4.243225064156544,560.0857488836751,0.41462768547353335,2.6314693502699913,0.029072927219862883,0.105,0.0,0.105,0.2768850211415513,3.6116074314065996
3,0.06,10,0.08658666261582865,0.05789363687195381,4.223394885351527,562.0815737505696,0.44606667433981784,2.769261340192169,0.032259728016192146,0.105,0.0,0.105,0.3072355049161157,3.25483215318174
3,0.06,11,0.0795215167017755,0.05641447008147303,4.227252306768729,556.7628648811315,0.46631740118027665,2.8700195439317326,0.030790274345770852,0.105,0.0,0.105,0.2932407080549605,3.410167730916048
3,0.06,12,0.07161904761904762,0.05592105011705921,4.228446114568395,563.8342857142857,0.45787400426343083,2.812798721230835,0.031493238736677066,0.105,0.0,0.105,0.29993560701597205,3.334048964539073
3,0.06,13,0.06516328531563466,0.05490448113013016,4.240178176220063,558.1460894486763,0.4009725299256388,2.6069798031293745,0.02811089977178203,0.105,0.0,0.105,0.26772285496935266,3.735205946890392
3,0.06,14,0.06785495716034272,0.055442000641771336,4.232253354174541,566.1162790697674,0.5698876699898392,3.2431759366848825,0.030372988742734874,0.105,0.0,0.105,0.2892665594546179,3.4570190273130654
3,0.06,15,0.07004700624181244,0.0557254863422666,4.228553045223384,570.2532942898976,0.40727923120721243,2.6462671792693406,0.030324837397683817,0.105,0.0,0.105,0.28880797521603635,3.4625082609023257
3,0.06,16,0.07366567118462364,0.055640838831934096,4.242455778989925,566.6788421778084,0.41546776064205915,2.6403009370621318,0.028784283411793666,0.105,0.0,0.105,0.274136032493273,3.6478240051297846
3,0.06,17,0.06425640628628938,0.05513411310958132,4.229726539486945,572.8974994193699,0.4140429519175086,2.6302202698444423,0.03106977543056642,0.105,0.0,0.105,0.2959026231482516,3.3794901490244142
3,0.06,18,0.07770504428186369,0.056816301555261135,4.230388269727466,569.9025798998845,0.5256589048367459,3.087760369100181,0.03105980501249325,0.105,0.0,0.105,0.29580766678565,3.3805749893718144
3,0.06,19,0.07094030077472277,0.05556469111503051,4.233204925963559,562.0815737505696,0.3761404580727685,2.503972479599142,0.030016098158334458,0.105,0.0,0.105,0.2858676015079472,3.4981228887954257
3,0.06,20,0.0787121212121212,0.056716778134564064,4.2274748370370245,560.6363636363636,0.47104504209710285,2.90005173603124,0.032140458108934664,0.105,0.0,0.105,0.306099601037473,3.266910497794406
3,0.06,21,0.07853283616163154,0.056289764619183856,4.22667826476507,563.1489993151206,0.47011172978091054,2.8472408476464457,0.03235572923690038,0.105,0.0,0.105,0.3081498022561941,3.2451748879222233
3,0.06,22,0.0688449848024316,0.05550834310211778,4.231445436944444,562.3373860182371,0.4021344067296013,2.5995684004028474,0.03043401981043708,0.105,0.0,0.105,0.2898478077184484,3.4500864707984173
3,0.06,23,0.07414566259471161,0.05554436290741418,4.234588669667946,572.1458172259162,0.43725797862862237,2.738989662587012,0.030134632072386973,0.105,0.0,0.105,0.286996495927495,3.4843630991670147
3,0.06,24,0.07367940325772568,0.05541930439868809,4.2343972825739735,563.2773633734206,0.46730240134638734,2.8554198934767037,0.03068959595552767,0.105,0.0,0.105,0.2922818662431207,3.421354916244437
3,0.06,25,0.07708301247497305,0.05585398016409045,4.236388220464064,569.8587709841368,0.4947735002497211,2.9418812573445456,0.030168368763497495,0.105,0.0,0.105,0.2873177977475952,3.480466604712342
3,0.06,26,0.07995495495495496,0.05640512133038351,4.2287783095562945,555.5945945945946,0.4848890272551216,2.9479429407046975,0.03166089401090655,0.105,0.0,0.105,0.3015323239133957,3.3163940337196287
3,0.06,27,0.06767088032700022,0.055532543689277174,4.230458730336112,560.1703883127697,0.4335433542728424,2.7045015202892744,0.030408697961662033,0.105,0.0,0.105,0.28960664725392415,3.4529594174791516
3,0.06,28,0.07022364704984352,0.05601250861050145,4.224121262267182,564.865353789787,0.38895654876250774,2.529736853530203,0.03166891458445161,0.105,0.0,0.105,0.3016087103281106,3.3155541128508244
3,0.06,29,0.07706866530395942,0.05683482998753653,4.21792497081316,560.2550533727004,0.41635383662651293,2.647849556593512,0.03343585998773488,0.105,0.0,0.105,0.3184367617879512,3.1403409404907383
3,0.06,30,0.0807933833665186,0.05601656067952702,4.230535467411446,566.7221626589064,0.4683367335819639,2.8651285580302495,0.0279222392554806,0.105,0.0,0.105,0.2659260881474343,3.7604433884861335
3,0.06,31,0.08422652983656405,0.05597634726325518,4.232132824696782,562.5507411630558,0.4787387150572613,2.8877185536368635,0.030550823871842808,0.105,0.0,0.105,0.2909602273508839,3.436895857226729
3,0.06,32,0.060086488126849254,0.054501090655490414,4.24094034187583,561.4430619831576,0.42153355391928926,2.6704681864754862,0.031376096305577535,0.105,0.0,0.105,0.29881996481502415,3.346496612497164
3,0.06,33,0.10215053763440861,0.05762502042297467,4.226719070080645,568.3732718894009,0.4443754692329094,2.752538149065746,0.03152599188554996,0.105,0.0,0.105,0.3002475417671425,3.330585136898645
3,0.06,34,0.08178181258655177,0.05657392091026067,4.223981752270479,569.3335897830435,0.47085380091448314,2.8648157595617008,0.03299504576785422,0.105,0.0,0.105,0.3142385311224211,3.182295934327734
3,0.06,35,0.06548026465890942,0.05554409003987995,4.22039078772952,562.8069815195072,0.43176820856751874,2.6732701135328503,0.03168400370552096,0.105,0.0,0.105,0.3017524162430568,3.3139751205654497
3,0.06,36,0.08042546678910316,0.05697831351989382,4.2233625968263215,566.2892561983471,0.4794013333739713,2.897076747900228,0.033187864648422216,0.105,0.0,0.105,0.31607490141354494,3.1638070455066716
3,0.06,37,0.06561033766633335,0.054058846792734844,4.247958248929284,569.2024459656949,0.4260509419837035,2.701169186446727,0.02907897561422095,0.105,0.0,0.105,0.2769426248973424,3.610856221106021
3,0.06,38,0.09713940674767907,0.05805819489999456,4.234063758257839,558.5666088006642,0.4224326111143455,2.675924763224762,0.033397816454653804,0.105,0.0,0.105,0.31807444242527433,3.1439181104119402
3,0.06,39,0.08015909438580389,0.05580763573411546,4.2323647491429774,566.0298301973382,0.536055846081581,3.122529468683817,0.030828348582589444,0.105,0.0,0.105,0.2936033198341852,3.405956038115502
3,0.06,40,0.0671367259350092,0.05551523679921028,4.220293977189127,567.1557326793378,0.6150024929374922,3.4837107184801055,0.032697150702777025,0.105,0.0,0.105,0.3114014352645431,3.211288988281238
3,0.06,41,0.07565690123829659,0.05718229655940692,4.220756102387212,558.7771066143159,0.49278129628510214,2.952941141804274,0.03270476536073545,0.105,0.0,0.105,0.31147395581652815,3.2105413031356114
3,0.06,42,0.05519382192610539,0.054885231965471175,4.228105943753091,560.2973955178679,0.4707672408549115,2.8337782863035463,0.03009204781677506,0.105,0.0,0.105,0.28659093158833393,3.489293937033653
3,0.06,43,0.08550383476345964,0.05607366963825698,4.233833368621041,561.953755030754,0.4198635095672216,2.700960381369704,0.02926423754078447,0.105,0.0,0.105,0.27870702419794735,3.587997119476133
3,0.06,44,0.08725698663426489,0.05731482896332869,4.229554663165528,561.9963547995139,0.3936121058650315,2.5797751224649454,0.030652531236866506,0.105,0.0,0.105,0.29192886892253816,3.4254919826560384
3,0.06,45,0.04529723909866954,0.05422205993306677,4.221238006577405,569.1150503729908,0.5049594115116633,2.987971481474186,0.032277810588900176,0.105,0.0,0.105,0.3074077198942874,3.2530087414326614
3,0.06,46,0.10199118407052743,0.057176623914319144,4.232128132803837,562.4227086183311,0.5696358997665811,3.2493171445179816,0.03353481862928864,0.105,0.0,0.105,0.3193792250408442,3.131074038620119
3,0.06,47,0.09548714883442917,0.057103740763545914,4.232792998439456,552.9426180514047,0.5530576541787013,3.1943166838896406,0.029760046685157453,0.105,0.0,0.105,0.28342901604911863,3.5282202716559503
3,0.06,48,0.08543644362120861,0.05671139792305857,4.226976945985128,571.1319749942116,0.6017906969645992,3.3726179968457197,0.03210769759855745,0.105,0.0,0.105,0.3057875961767376,3.2702438310219253
3,0.06,49,0.07378039571061773,0.05602096899058227,4.226290105902933,558.861350249207,0.4794044677983038,2.9282806180365957,0.03326508332102254,0.105,0.0,0.105,0.31681031734307186,3.1564628588692916
3,0.12,0,0.11790954469823023,0.05358780669635569,4.290972415784147,559.7051883224929,0.6247869297803845,3.472919207375352,0.03410682417728291,0.21,0.0,0.21,0.16241344846325195,6.157125591888792
3,0.12,1,0.055336866010598035,0.051700185028391646,4.294436277128843,560.2127176381529,0.6152554904983845,3.3910333543758457,0.03196516316601092,0.21,0.0,0.21,0.1522150626952901,6.569652058691708
3,0.12,2,0.07844624838783097,0.051999951332008625,4.295470455141038,561.4430619831576,0.6229411352542229,3.4459472689542765,0.03007941587344962,0.21,0.0,0.21,0.14323531368309345,6.981518553535541
3,0.12,3,0.052591636943158535,0.05170108109508332,4.290269103040297,561.6131896486302,0.6236039021459874,3.4911421211911513,0.03181517197612224,0.21,0.0,0.21,0.15150081893391545,6.6006243863024885
3,0.12,4,0.05176844014510278,0.05149739946631651,4.296006800687276,559.2829504232164,0.5806779443810228,3.2785783176295524,0.029754962841676693,0.21,0.0,0.21,0.14169029924607948,7.05764618552508
3,0.12,5,0.06385248399878087,0.05174992480136316,4.295513563076822,563.8771715940262,0.6285532195179258,3.495179171814618,0.030549719547471696,0.21,0.0,0.21,0.14547485498796045,6.874040191225902
3,0.12,6,0.05368516833484986,0.05140332842416578,4.293273868882221,561.1455868971792,0.7314533795579337,3.9352427296393695,0.031139094579984643,0.21,0.0,0.21,0.14828140276183163,6.743934042802331
3,0.12,7,0.05949622542790941,0.051774866075402756,4.293784458101522,553.1488900515734,0.7239592806436121,3.917967568172274,0.03170329517708437,0.21,0.0,0.21,0.15096807227183032,6.623917129970491
3,0.12,8,0.05809002433090024,0.05175083067543592,4.289475342522002,562.6788321167883,0.5899926146666985,3.338884576241467,0.03396160018906096,0.21,0.0,0.21,0.16172190566219508,6.183454219793831
3,0.12,9,0.05556403602503435,0.05163842603517658,4.296698935208954,564.8223172034803,0.5778511656681076,3.311147952407969,0.031054077022369196,0.21,0.0,0.21,0.14787655724937712,6.762397087143521
3,0.12,10,0.04582066869300912,0.05128168763252045,4.297553746692372,562.3373860182371,0.5840055184380617,3.3134402666696756,0.030673249548500536,0.21,0.0,0.21,0.14606309308809778,6.846356453624127
3,0.12,11,0.055991467966786015,0.05159745682024106,4.293381160637499,563.7485335567914,0.683216847042786,3.7257212564331086,0.030875785845380425,0.21,0.0,0.21,0.14702755164466869,6.801446319508651
3,0.12,12,0.05675221509318668,0.05151746469181694,4.292531510987141,565.2529789184234,0.6830501741205808,3.721273972696124,0.03290921552038949,0.21,0.0,0.21,0.1567105500970928,6.381191307033459
3,0.12,13,0.0743368291178285,0.051799821781614616,4.295904450780747,570.6483652066626,0.6024205323774368,3.4030254280778767,0.03063443610834762,0.21,0.0,0.21,0.1458782671826077,6.85503070000289
3,0.12,14,0.06680870491553798,0.0519790726005083,4.288857340860442,563.1062243189773,0.6314524858898949,3.5380784254829694,0.03246529901280434,0.21,0.0,0.21,0.15459666196573493,6.468444966953049
3,0.12,15,0.07593059469079044,0.05223677009057706,4.294612022175753,548.7680557615305,0.6466844440146815,3.5544464170059715,0.031236022688582707,0.21,0.0,0.21,0.14874296518372718,6.723007026011623
3,0.12,16,0.04726330233267266,0.05140378953565036,4.2937922737137715,564.1346241805153,0.6316636870033108,3.519712588845906,0.031128195389486978,0.21,0.0,0.21,0.1482295018546999,6.746295356104194
3,0.12,17,0.05776091081593928,0.051440924491230854,4.297198146242553,561.6982922201139,0.761110812658444,4.0693329306177315,0.029403404817452024,0.21,0.0,0.21,0.14001621341643822,7.1420300235215315
3,0.12,18,0.061948920644572816,0.05191018730509212,4.291851556758096,562.508057160231,0.6716575124009978,3.645524432558873,0.033117480262146295,0.21,0.0,0.21,0.1577022869626014,6.341062132073879
3,0.12,19,0.06049495875343722,0.05170158058892686,4.293117281656998,565.2529789184234,0.6441604427236598,3.614138746123728,0.030803189993729663,0.21,0.0,0.21,0.1466818571129984,6.817475723869763
3,0.12,20,0.06532587327990322,0.051908086436817706,4.292622736522972,559.5362165431725,0.6235036679718178,3.4786699287307394,0.03246086296420629,0.21,0.0,0.21,0.15457553792479187,6.469328934093997
3,0.12,21,0.060240048617441505,0.051351920072459624,4.296144176154728,562.1668185961714,0.6328404797823168,3.5083429968091857,0.030878362105810644,0.21,0.0,0.21,0.14703981955147927,6.800878857511762
3,0.12,22,0.059139372555035666,0.05190956578364231,4.291644328539575,567.6334279358748,0.6341778611531481,3.4762720609538342,0.03158408603573012,0.21,0.0,0.21,0.15040040969395294,6.6489180583675385
3,0.12,23,0.05144281613536788,0.05142299425536113,4.297443099103673,559.0299138842726,0.6417008221906144,3.5558459936961997,0.03005434937486546,0.21,0.0,0.21,0.14311594940412123,6.987341412076071
3,0.12,24,0.05996672716273442,0.051648681992629335,4.294070700065414,559.6206896551724,0.6068576417746954,3.3994391763825784,0.02960598327962886,0.21,0.0,0.21,0.14098087276013743,7.093160798496288
3,0.12,25,0.05785758133824432,0.051457907706400276,4.294846039089677,567.8508287292817,0.5663838905165903,3.2343534162260843,0.02897991113975435,0.21,0.0,0.21,0.1379995768559731,7.246399030945409
3,0.12,26,0.05896066781980898,0.051891280172573113,4.292603658489762,556.5538843348123,0.7044455744617153,3.7873269088230996,0.03185930245600387,0.21,0.0,0.21,0.15171096407620893,6.591481413944943
3,0.12,27,0.06772664730163584,0.05182428886263582,4.292872787818376,565.6842990368445,0.6392216115491465,3.5246711051158632,0.033387674640235725,0.21,0.0,0.21,0.15898892685826535,6.289746209127349
3,0.12,28,0.06500189178963299,0.05166720051616408,4.295777790262592,560.0011350737798,0.6411806188989431,3.5425549406940267,0.02997723087610496,0.21,0.0,0.21,0.14274871845764267,7.0053168308948885
3,0.12,29,0.10248330707479932,0.052372813325919594,4.294411710416708,555.2201215395004,0.6036348060879391,3.4173713982166696,0.03188535281823135,0.21,0.0,0.21,0.1518350134201493,6.586096167639913
3,0.12,30,0.057085141403561274,0.051829078849347315,4.2928586843180705,553.6859194972318,0.6686217700771522,3.67452236236886,0.03035881002460467,0.21,0.0,0.21,0.144565762021927,6.917267173179809
3,0.12,31,0.0586819139331929,0.051633792857233095,4.295175450498371,556.7628648811315,0.6079844483465422,3.3995794926533343,0.030075624113093943,0.21,0.0,0.21,0.14321725768139973,6.982398742926597
3,0.12,32,0.05850298948005752,0.05169820001599343,4.293693137571049,560.0857488836751,0.5966328745125793,3.389977858052681,0.031249205064389666,0.21,0.0,0.21,0.14880573840185557,6.7201709473021936
3,0.12,33,0.0498220640569395,0.05144778599063716,4.292389634322081,560.3397440751116,0.668397627887316,3.6845168330315934,0.03144289842164479,0.21,0.0,0.21,0.14972808772211807,6.6787736036268
3,0.12,34,0.07012590614269362,0.05163336595407295,4.296200417192039,564.6932468523464,0.5703040630905889,3.2697341325193947,0.030370799089598412,0.21,0.0,0.21,0.1446228528076115,6.914536538221088
3,0.12,35,0.06037908896361969,0.05160869540063637,4.292606933806468,565.5979822684194,0.6819795097107999,3.6807392201876623,0.03154213939879558,0.21,0.0,0.21,0.15020066380378846,6.657760190103616
3,0.12,36,0.057319556527641605,0.051625816153295125,4.293248908054937,558.1460894486763,0.6202365881763399,3.5012038591509747,0.032392947130155066,0.21,0.0,0.21,0.15425212919121462,6.482892685133547
3,0.12,37,0.05986968187044845,0.05173924718175947,4.293242143777863,567.2859333077807,0.593015925202053,3.385531814619477,0.030660227943141927,0.21,0.0,0.21,0.146001085443533,6.8492641473323665
3,0.12,38,0.033228455222162535,0.05085497203625762,4.295398047438136,567.8943289079887,0.7319149319373537,3.946270532752738,0.03047306694737398,0.21,0.0,0.21,0.14510984260654278,6.891331297983998
3,0.12,39,0.05945821854912764,0.05171181236903271,4.293768374882485,566.2892561983471,0.6992904049693607,3.8104256887643357,0.03146922026994249,0.21,0.0,0.21,0.149853429856869,6.673187266752185
3,0.12,40,0.06136586100444243,0.051799366796179004,4.294850704565171,557.2231759656653,0.6601556054956745,3.5981690705807825,0.03032713441691374,0.21,0.0,0.21,0.14441492579482734,6.924492011447048
3,0.12,41,0.06414038272445352,0.051999082109785634,4.290882877831355,559.7474472430225,0.6011734196217731,3.4009942050180206,0.032266183805974444,0.21,0.0,0.21,0.15364849431416402,6.508361858433229
3,0.12,42,0.05185353650216056,0.05139577282225764,4.2977979687985135,561.018194223334,0.6318960797507316,3.496801643153487,0.029222005792825842,0.21,0.0,0.21,0.13915240853726593,7.186365011656938
3,0.12,43,0.06243960454917119,0.051645325090923774,4.294932930766727,550.1117222924255,0.6627849919896107,3.688518657079917,0.030523151984618385,0.21,0.0,0.21,0.14534834278389708,6.8800234034095125
3,0.12,44,0.061016949152542375,0.05174461473935417,4.292723735190515,557.4745762711865,0.732257033494534,3.9805892498441433,0.031162298156430263,0.21,0.0,0.21,0.14839189598300126,6.738912481545172
3,0.12,45,0.05884586180713743,0.05154861748618738,4.294680643173271,561.9111617312072,0.6332613692502491,3.559886826832775,0.030637072779575662,0.21,0.0,0.21,0.1458908227598841,6.854440746049257
3,0.12,46,0.06354515050167224,0.051785105308090364,4.291228880924615,562.508057160231,0.6197370695008431,3.486563433713384,0.03188049206372695,0.21,0.0,0.21,0.15181186697012833,6.587100336476118
3,0.12,47,0.0609597924773022,0.051643407864702846,4.293117579912092,564.6072327763791,0.6389692905650008,3.5467715683041687,0.03194808414492889,0.21,0.0,0.21,0.1521337340234709,6.5731641073486164
3,0.12,48,0.0695423855963991,0.05164211851278374,4.296309630481251,555.178544636159,0.6477812286175322,3.551968932247588,0.029975763975484442,0.21,0.0,0.21,0.1427417332165926,7.00565964462983
3,0.12,49,0.05322064869803563,0.051456480363824095,4.297892355458299,563.4486066697121,0.6676297873200383,3.6499332384597327,0.029053429122186357,0.21,0.0,0.21,0.13834966248660172,7.2280624471840955
3,0.25,0,0.06269066503965832,0.050478998331488126,4.315968351961456,564.392312385601,1.1405498363019433,5.496032942486579,0.03156832167605333,0.4375,0.0,0.4375,0.07215616383097903,13.858829889327719
3,0.25,1,0.056509190338751326,0.05044718160405117,4.315906238823093,562.0815737505696,1.0348745230876375,5.115208313037241,0.03140206392389536,0.4375,0.0,0.4375,0.07177614611176082,13.932205254415937
3,0.25,2,0.050418864412038474,0.05043678511182851,4.315380482780413,574.0065156686317,1.107379817723995,5.396221292087259,0.033131085887096345,0.4375,0.0,0.4375,0.07572819631336307,13.205121060351189
3,0.25,3,0.04788775354582889,0.05043106347185518,4.31487817438879,564.3063901174318,1.1071755654120352,5.469698749315551,0.034123550832577225,0.4375,0.0,0.4375,0.07799668761731937,12.821057285232039
3,0.25,4,0.05362872421695951,0.05047784257993085,4.316396105720767,565.3391902215432,1.049538499006303,5.168798147532653,0.03039107702495454,0.4375,0.0,0.4375,0.06946531891418181,14.39567277068735
3,0.25,5,0.05451396732173782,0.05035385627074205,4.317102586487405,557.2231759656653,1.0126086053205654,5.017107398483814,0.029069115606105773,0.4375,0.0,0.4375,0.06644369281395605,15.050337475974194
3,0.25,6,0.05227912639829541,0.05035103909248266,4.316512944571329,563.1489993151206,1.2179598300426733,5.858478714874216,0.030949526668787287,0.4375,0.0,0.4375,0.07074177524294237,14.135918932848185
3,0.25,7,0.0437298068975881,0.05025627670519994,4.316397202239885,556.0529716733038,1.0437268500681967,5.115039842395104,0.030681454818198395,0.4375,0.0,0.4375,0.07012903958445348,14.25942813313081
3,0.25,8,0.04809817821480296,0.05039218563694607,4.31553559700047,564.0916990624286,1.1301257760205772,5.469234380996788,0.03117956029135096,0.4375,0.0,0.4375,0.07126756638023077,14.031628281857461
3,0.25,9,0.0518019741372714,0.050415855761461216,4.316236920367204,566.2460019894406,1.0486313613655511,5.247405467911302,0.031476962368811805,0.4375,0.0,0.4375,0.07194734255728412,13.899054008892751
3,0.25,10,0.06982203710715638,0.0504782536200112,4.316906124420123,560.4244604316547,1.0341457493195776,5.1787066398031145,0.02966977904141326,0.4375,0.0,0.4375,0.06781663780894459,14.745644023480418
3,0.25,11,0.10476845483723063,0.05075977721005237,4.315587943047688,565.5116918844567,1.125433938083006,5.491123566446595,0.03325664257005505,0.4375,0.0,0.4375,0.07601518301726869,13.155266623153771
3,0.25,12,0.05294652325405241,0.05040932250928281,4.315463935462344,560.5515830934706,1.0178498707537074,5.073287154197059,0.031517783258747864,0.4375,0.0,0.4375,0.07204064744856654,13.881052369968641
3,0.25,13,0.053424861960901356,0.05037655945329743,4.315564025427382,552.2013132368303,1.0275840919057373,5.08498490006632,0.031796414401576885,0.4375,0.0,0.4375,0.07267751863217574,13.759413073264732
3,0.25,14,0.04397763336859604,0.050318296895724486,4.31681711560141,559.1985794166541,1.0708990622370038,5.290105658488633,0.02965884458510894,0.4375,0.0,0.4375,0.06779164476596329,14.751080364730702
3,0.25,15,0.057944771389769126,0.05046406204402595,4.315117317948457,558.3562698053418,1.028447262593545,5.064045722472504,0.033326874466486286,0.4375,0.0,0.4375,0.07617571306625437,13.12754367169813
3,0.25,16,0.05165210786175465,0.05041143912949975,4.316433248567544,562.1241929358147,1.05533057206776,5.172087320201836,0.030278733663356816,0.4375,0.0,0.4375,0.06920853408767272,14.44908511908675
3,0.25,17,0.22958091159375957,0.052029746410183805,4.3175326364530795,565.9434077699602,1.0763673339679372,5.245762171126124,0.034574621081882806,0.4375,0.0,0.4375,0.07902770533001784,12.65379015908438
3,0.25,18,0.048162519972608994,0.050317991924475676,4.317629222182596,563.0634558320019,1.0573502513288986,5.2010110192183125,0.02825110117070289,0.4375,0.0,0.4375,0.06457394553303518,15.486122022517785
3,0.25,19,0.05588438773157045,0.05043833957634667,4.315830170599294,568.8530248289645,1.0252658959943801,5.055060613143645,0.030759840820466147,0.4375,0.0,0.4375,0.0703082075896369,14.223090507962192
3,0.25,20,0.053737616331432,0.05036436369642315,4.317003418013656,555.4280996697688,1.0164201326260809,5.0371292977471,0.029944389136453038,0.4375,0.0,0.4375,0.06844431802617837,14.610416596123041
3,0.25,21,0.048582089552238805,0.05037897863700055,4.316045807968876,552.2835820895523,1.030771234916756,5.0551773573769525,0.031716172480685,0.4375,0.0,0.4375,0.07249410852728,13.794224390299158
3,0.25,22,0.05876569354106792,0.05040730033733698,4.316747203191494,559.7051883224929,1.0597453977679834,5.211728302102469,0.030722010012316746,0.4375,0.0,0.4375,0.0702217371710097,14.240604694308807
3,0.25,23,0.03935694244331538,0.050342243494246874,4.31633413030291,561.1880640024266,1.123961320205126,5.527745558908309,0.029368543523220353,0.4375,0.0,0.4375,0.06712809948164652,14.896891282813835
3,0.25,24,0.08548035754525651,0.050540183657593496,4.316746785920619,555.8862014572222,1.0495933092897758,5.193090681783321,0.03205305809215608,0.4375,0.0,0.4375,0.07326413278207103,13.649243661623151
3,0.25,25,0.07204588910133843,0.05048604236872869,4.3162451867598115,565.9866156787763,1.0049092264962383,4.952161871661135,0.0312906604997482,0.4375,0.0,0.4375,0.07152150971371017,13.98180776668235
3,0.25,26,0.04720346057524474,0.050401634879681086,4.315250603242639,561.6131896486302,1.169473631074652,5.570250292787911,0.033111769286411,0.4375,0.0,0.4375,0.07568404408322514,13.212824606734292
3,0.25,27,0.011445463503373,0.05013983852197829,4.314906274879397,560.9332979610399,1.066203653725097,5.310372804586699,0.029554765673037255,0.4375,0.0,0.4375,0.06755375010979944,14.80302719500599
3,0.25,28,0.05458680818802123,0.050375245757044565,4.317145279094082,561.0606520090978,1.073919808579376,5.277651050222804,0.029232730306796878,0.4375,0.0,0.4375,0.06681766927267858,14.966101195764026
3,0.25,29,0.062363813960477875,0.05042574276109385,4.3162692772660565,556.0529716733038,1.037278616684489,5.111050225195294,0.031099998307669074,0.4375,0.0,0.4375,0.07108571041752931,14.067524881251043
3,0.25,30,0.05052807537421169,0.05035091912861171,4.31604937067745,562.2947344426715,1.0123735943052452,4.988308992066016,0.030686166871132313,0.4375,0.0,0.4375,0.07013980999115957,14.257238508716235
3,0.25,31,0.03718378543127095,0.05036879662645248,4.316116280189499,563.8771715940262,1.0737766651145648,5.267723578201221,0.029813271406951558,0.4375,0.0,0.4375,0.06814462035874642,14.674672699554472
3,0.25,32,0.04794155695913553,0.05042915048009901,4.316149656832894,563.1489993151206,1.0219242891762406,5.059365775046326,0.030547277130037558,0.4375,0.0,0.4375,0.06982234772580014,14.32206209861501
3,0.25,33,0.05275560623337134,0.05036878421274015,4.315496550221357,562.5507411630558,0.9842683606839273,4.923974184252918,0.032101553450653075,0.4375,0.0,0.4375,0.07337497931577845,13.628623944088272
3,0.25,34,0.05961552846136585,0.050414821805845646,4.316648026523196,553.5618969257237,1.1409227529948112,5.505617051809625,0.031126955628695874,0.4375,0.0,0.4375,0.07114732715130485,14.055341782177685
3,0.25,35,0.045454545454545456,0.05033015005665256,4.31606108039903,560.6363636363636,1.0243400513136294,5.074539403498356,0.03156256203024477,0.4375,0.0,0.4375,0.07214299892627375,13.861358896681658
3,0.25,36,0.07312614259597806,0.05044444332641634,4.317279305269313,563.7056672760511,1.0565193912480026,5.237413000170332,0.03009659388776937,0.4375,0.0,0.4375,0.0687922146006157,14.53652867269445
3,0.25,37,0.058985330073349634,0.050484970941077505,4.3167214555247915,565.4254278728606,1.0612337363418192,5.136228260233548,0.029452135944905054,0.4375,0.0,0.4375,0.06731916787406869,14.854610233309188
3,0.25,38,0.044930176077717064,0.050281915777987955,4.317066582042985,561.655737704918,1.0908604615542572,5.263915324044532,0.030010102785777475,0.4375,0.0,0.4375,0.06859452065320566,14.578423910208732
3,0.25,39,0.05799055967633176,0.050444600575436135,4.315893076476187,554.4726904922454,1.0805621473118663,5.298718208097883,0.03204892240320065,0.4375,0.0,0.4375,0.07325467977874434,13.6510050009141
3,0.25,40,0.07203834057211322,0.05051867663330004,4.315715084765319,554.1825670211173,1.0540880652552005,5.21272597581529,0.032587320559239435,0.4375,0.0,0.4375,0.07448530413540443,13.425467098612263
3,0.25,41,0.03952150211992732,0.05030602655004488,4.31577558863417,560.2973955178679,1.0758498581126332,5.394615052815974,0.03174659181422917,0.4375,0.0,0.4375,0.07256363843252381,13.781006873434135
3,0.25,42,0.04814983318168031,0.05035772446321935,4.3153981895494935,561.1455868971792,1.042048155941302,5.07497570263081,0.032867968070545955,0.4375,0.0,0.4375,0.07512678416124789,13.31083196445167
3,0.25,43,0.04732448949172753,0.05039036287166157,4.315767812614027,551.5440453122671,1.2262389083043672,5.906694279064386,0.031062094462992754,0.4375,0.0,0.4375,0.07099907305826915,14.084690925180066
3,0.25,44,0.0779387354760827,0.050871718111908146,4.316424404307981,558.3562698053418,1.0951430417771917,5.379126567990333,0.032173287902070836,0.4375,0.0,0.4375,0.07353894377616191,13.598237187683894
3,0.25,45,0.05089545384968621,0.05047725813012384,4.3154385815099605,566.3757844787999,1.0076617659069598,5.0015392477214125,0.03305282279779897,0.4375,0.0,0.4375,0.07554930925211192,13.236388391890502
3,0.25,46,0.06340485559432772,0.05047014194956123,4.316434413002253,549.4594253470933,1.126122051558923,5.471463012256358,0.031741219238615066,0.4375,0.0,0.4375,0.07255135825969158,13.783339471338122
3,0.25,47,0.04310086800359174,0.05031712238532826,4.316777878038667,553.7686321460641,1.0169177440402564,4.994059304570655,0.02939010354457475,0.4375,0.0,0.4375,0.06717737953045658,14.885963206507997
3,0.25,48,0.043680794196258116,0.05033883749218942,4.3168419934382,565.1237113402062,1.1445272086712066,5.568941094164176,0.031188150684095986,0.4375,0.0,0.4375,0.07128720156364797,14.027763442322271
3,0.25,49,0.06298442320716383,0.05045127657812297,4.31578688509819,556.8883286929039,1.0508606164657976,5.162811561762778,0.032105584546886404,0.4375,0.0,0.4375,0.07338419325002607,13.626912768433886
3,0.5,0,0.05184567573713333,0.05003878938199642,4.322285782288005,560.9332979610399,1.939223233202938,8.7819538325118,0.03118536045757435,0.875,0.0,0.875,0.03564041195151354,28.05803707769806
3,0.5,1,0.05194509744445287,0.05004067705346422,4.322493205537678,561.1880640024266,1.9251550006738398,8.657310885318234,0.02970623433607719,0.875,0.0,0.875,0.03394998209837393,29.45509653296389
3,0.5,2,0.048156956004756245,0.05004965972019902,4.3223740234827375,549.9892984542212,1.893918664281955,8.446316263436008,0.031811549014644024,0.875,0.0,0.875,0.03635605601673603,27.505733832615487
3,0.5,3,0.054998869886235216,0.050056430194234086,4.321563196141698,557.5584268816394,1.8915463508164976,8.45087482150437,0.034048534094510856,0.875,0.0,0.875,0.03891261039372669,25.698610036226594
3,0.5,4,0.044751086376458034,0.05000935154284901,4.322702312469335,564.1775558435618,1.9379027555405628,8.673135118714654,0.02915134342931433,0.875,0.0,0.875,0.03331582106207352,30.015769328836758
3,0.5,5,0.056365030674846626,0.05007507042232092,4.322123083134167,567.5030674846626,1.8995461857994087,8.618447305258995,0.028829380109168617,0.875,0.0,0.875,0.03294786298190699,30.350982112228056
3,0.5,6,0.0512646281615704,0.05006952642478983,4.322069888006501,558.7349943374859,1.9291291146364529,8.636229075090206,0.030351328065938973,0.875,0.0,0.875,0.03468723207535883,28.82905150308553
3,0.5,7,0.06313722528509931,0.050136095806966,4.322145709301219,558.9034816101503,1.816809625044698,8.270957190028732,0.033328008110868994,0.875,0.0,0.875,0.03808915212670742,26.25419428275533
3,0.5,8,0.04933078393881453,0.050057539810687474,4.322105363625007,565.9866156787763,1.8859605505131185,8.428459317444903,0.03284357828451335,0.875,0.0,0.875,0.03753551803944383,26.64143329390472
3,0.5,9,0.016347323600973237,0.04999419410978557,4.321546654388546,562.6788321167883,1.9505440139910206,8.807143125490427,0.026922573907438737,0.875,0.0,0.875,0.0307686558942157,32.50060722307968
3,0.5,10,0.051904982261298784,0.05000681931168523,4.322208637908535,570.7362332253587,1.9055224521143828,8.612720871934561,0.031098767788832724,0.875,0.0,0.875,0.035541448901523116,28.136163012677443
3,0.5,11,0.05214654978646887,0.05007697623232787,4.3219128024335545,554.4726904922454,1.8400865707080811,8.286229139804988,0.03159077388562087,0.875,0.0,0.875,0.03610374158356671,27.697960270554578
3,0.5,12,0.026117103235747303,0.04998682268733673,4.322032473489693,570.1217257318953,1.8427761216880754,8.370332458704954,0.03069963048745893,0.875,0.0,0.875,0.03508529198566735,28.50197172104222
3,0.5,13,0.038476219558744945,0.050021513324734646,4.322491361357476,564.9514466753187,1.8655856780824251,8.476578030568229,0.029794413597695375,0.875,0.0,0.875,0.03405075839736614,29.36792151088626
3,0.5,14,0.04826431181485993,0.05003046854785158,4.322809717644838,563.3629719853836,1.8581612419511657,8.378999744566249,0.029427140343741446,0.875,0.0,0.875,0.03363101753570451,29.734455668441964
3,0.5,15,0.032545697726259475,0.050022349818910496,4.321702714961757,549.9077128845297,1.9750896896002814,8.817230334786256,0.030780217146045626,0.875,0.0,0.875,0.035177391024052145,28.42734980875248
3,0.5,16,0.04035635422218838,0.050014706579266446,4.322161225425405,563.4914337927358,1.9174483105889522,8.789564267879001,0.0323098243399991,0.875,0.0,0.875,0.03692551353142754,27.081546182124008
3,0.5,17,0.04370376020135764,0.050006498293234856,4.322050538539133,564.4352833498589,1.8392724742589053,8.238538906190355,0.03119356172502596,0.875,0.0,0.875,0.0356497848286011,28.050660187932476
3,0.5,18,0.044395370088333844,0.05004539322399538,4.322268905926018,563.5342674383186,1.8639994734840002,8.48139540045151,0.03001810287418972,0.875,0.0,0.875,0.03430640328478825,29.149077264051417
3,0.5,19,0.07142311511725613,0.050071962770455926,4.322172305997699,565.2960812772134,1.8692111230629962,8.496359057160532,0.02851188237803054,0.875,0.0,0.875,0.0325850084320349,30.68895937485418
3,0.5,20,0.04879513550033781,0.05002666539621168,4.322225449856626,555.5529614893777,1.8946658138302155,8.461781421929292,0.030334060484585652,0.875,0.0,0.875,0.03466749769666932,28.845462362173173
3,0.5,21,0.033368484483278095,0.050007964407147006,4.322440134813218,557.4326604398915,1.8328700962592848,8.382758097744063,0.029637028817691966,0.875,0.0,0.875,0.03387089007736225,29.52387722070387
3,0.5,22,0.03537299630086313,0.05003367514640036,4.322261228129259,570.2971639950678,1.8382922585587949,8.309837176052746,0.02931036524151201,0.875,0.0,0.875,0.03349756027601373,29.85292038465441
3,0.5,23,0.040300337113086115,0.050047524010799135,4.322099542102024,566.9822249463683,1.8525038927327842,8.32610928809749,0.031083350804116474,0.875,0.0,0.875,0.03552382949041883,28.15011822612512
3,0.5,24,0.04663965134949155,0.050039803614466104,4.321717117131418,565.8138236868263,1.8708758770662826,8.535394647265878,0.03237852864298075,0.875,0.0,0.875,0.03700403273483514,27.024081595804347
3,0.5,25,0.05935415403274712,0.050067861135523355,4.322255902959558,560.9757428744693,1.9225197846535593,8.637201987001294,0.031172648883923272,0.875,0.0,0.875,0.035625884438769455,28.0694785758571
3,0.5,26,0.060191204588910134,0.05007233974577416,4.321867756616108,565.9866156787763,1.8405367646482773,8.327339106175266,0.031435601231303796,0.875,0.0,0.875,0.035926401407204336,27.83468315308278
3,0.5,27,0.06581352833638025,0.05017687038109986,4.321956900700166,563.7056672760511,1.8929690526565537,8.567630641809309,0.03286765287687765,0.875,0.0,0.875,0.03756303185928874,26.621919224891208
3,0.5,28,0.0536134071433988,0.05001892758641631,4.322248311517968,561.1880640024266,1.8423011079721618,8.263391529727038,0.03191558293315256,0.875,0.0,0.875,0.03647495192360293,27.416074518604105
3,0.5,29,0.02278095238095238,0.050033769284239124,4.321938196011242,563.8342857142857,1.8491949571180157,8.37606232336391,0.029109753267252642,0.875,0.0,0.875,0.03326828944828873,30.05865394896155
3,0.5,30,0.04294901240238861,0.050038226030397655,4.322188647138692,566.5489205328433,1.8696975451603066,8.451503160969313,0.02922353893300421,0.875,0.0,0.875,0.03339833020914767,29.941616653820137
3,0.5,31,0.051045510455104554,0.050004296078799956,4.322454720590676,568.8966789667896,1.8833308383182157,8.462473412175825,0.029091497456659902,0.875,0.0,0.875,0.03324742566475417,30.07751668003899
3,0.5,32,0.05076373584618892,0.05003133343893462,4.322459786353004,562.3800440762976,1.9305315242381766,8.584006538875041,0.029124246513243038,0.875,0.0,0.875,0.033284853157992046,30.043695709076292
3,0.5,33,0.047855904740372296,0.05007970855362624,4.321925259965405,557.7262039339814,1.9044176229508594,8.61534009879486,0.030969430001119583,0.875,0.0,0.875,0.03539363428699381,28.253668213085216
3,0.5,34,0.053474745976414745,0.05006319585815006,4.321845851373611,548.889935474301,1.8221986275457311,8.182327848813557,0.031998146530141644,0.875,0.0,0.875,0.03656931032016188,27.3453338672528
3,0.5,35,0.04844056049419919,0.05008696323079495,4.321757600226988,557.51649841796,1.8632500856474508,8.569398338676974,0.032641007285040005,0.875,0.0,0.875,0.03730400832576001,26.806770770246086
3,0.5,36,0.04379341588643914,0.050024709031238894,4.321725430898611,558.7771066143159,1.9044053866236936,8.639935360808943,0.03262577834480832,0.875,0.0,0.875,0.037286603822638084,26.81928353562903
3,0.5,37,0.04156275976724855,0.050014234694255436,4.321885934120916,559.2407617320335,1.80579428357305,8.280972643911177,0.032383729346951586,0.875,0.0,0.875,0.0370099763965161,27.019741630911554
3,0.5,38,0.04535423483753139,0.050032363639864706,4.3223902297806625,563.1489993151206,1.9572943294479046,8.806105783967528,0.029998194410773556,0.875,0.0,0.875,0.03428365075516978,29.168422206296267
3,0.5,39,0.03271135683022345,0.05001243106822126,4.322093114712403,568.2425708362128,1.8568084675935097,8.294409008061484,0.030387014616957198,0.875,0.0,0.875,0.03472801670509394,28.795194626053004
3,0.5,40,0.04749043439117713,0.050019322251099736,4.322058058195449,555.2201215395004,1.8637001598253846,8.29898558782697,0.029788176604834755,0.875,0.0,0.875,0.03404363040552543,29.37407051151911
3,0.5,41,0.057320024198427105,0.05007941856623787,4.322156661596931,559.6206896551724,1.8595246414770372,8.385435669555774,0.029464062518525944,0.875,0.0,0.875,0.033673214306886794,29.69719465704471
3,0.5,42,0.045364741641337386,0.050004420395756234,4.322311043366723,562.3373860182371,1.8632273568364326,8.494891602709515,0.02954804079087408,0.875,0.0,0.875,0.033769189475284664,29.612792475575706
3,0.5,43,0.056063375990249846,0.050048436856213775,4.322473067978349,563.7056672760511,1.9356825207651127,8.74080820603948,0.029603043061165846,0.875,0.0,0.875,0.033832049212760965,29.55777209093247
3,0.5,44,0.042325651453532155,0.04999933062383755,4.322655631326134,557.3488477180298,1.975163294468075,8.814429318211628,0.028865301910815943,0.875,0.0,0.875,0.032988916469503936,30.313211436466357
3,0.5,45,0.050503543453935096,0.05006261268082733,4.32255632802972,552.0779559865722,1.884477033134317,8.624818531560457,0.03043784866400879,0.875,0.0,0.875,0.034786112758867185,28.74710396450072
3,0.5,46,0.05940668987437566,0.050056133703781765,4.321791497053062,560.0434387770547,2.0275093146192376,9.099582993140784,0.032995019532349706,0.875,0.0,0.875,0.037708593751256805,26.519153872362864
3,0.5,47,0.04140053866871874,0.05005262722042158,4.321844089695755,569.4647941515967,1.8622317536792252,8.386932541573522,0.031012244884871643,0.875,0.0,0.875,0.03544256558271045,28.214661764999846
3,0.5,48,0.04877860235003092,0.050022239738232714,4.322117366643875,572.0575139146567,1.8597148010740057,8.327364048744549,0.02795047301475783,0.875,0.0,0.875,0.031943397731151804,31.305373599151636
3,0.5,49,0.05003785011355034,0.050068541654828984,4.322104946633959,560.2127176381529,1.8559793222812004,8.430526042562676,0.0310376563830618,0.875,0.0,0.875,0.03547160729492777,28.19156154062954
3,1.0,0,0.0470499243570348,0.04995481219813514,4.323475888618589,559.7897125567322,3.483089239860419,14.98867734667071,0.032004958070154015,1.75,0.0,1.75,0.018288547468659436,54.679028048218235
3,1.0,1,0.04807245703669299,0.04995201925834761,4.32377170878256,572.8532280538783,3.4838499978359323,15.044288952589817,0.030332612425769435,1.75,0.0,1.75,0.017332921386153964,57.69367885086174
3,1.0,2,0.06144345812427634,0.0499614729296099,4.323474838211476,571.2199922809726,3.504800173221156,15.043609121966918,0.030963808701342507,1.75,0.0,1.75,0.017693604972195718,56.51759500516888
3,1.0,3,0.003891353412716943,0.050000166253543275,4.321581272706095,575.924118608452,3.574844946997473,15.10415649415661,0.031207582262212156,1.75,0.0,1.75,0.01783290414983552,56.076115903377605
3,1.0,4,0.044591813400411615,0.04995483876298089,4.324018776278879,564.0916990624286,3.500890498398803,14.93250123228145,0.03179245469380915,1.75,0.0,1.75,0.01816711696789094,55.044507159139634
3,1.0,5,0.049237014207321655,0.04995034543976069,4.3235704866880695,556.3033150417199,3.4554964227136225,14.748547977590885,0.03203318288996825,1.75,0.0,1.75,0.018304675937124714,54.630849703918834
3,1.0,6,0.040996052232007286,0.04995700998964411,4.3237172603828915,561.8259945338597,3.5380893843830563,15.068679588117067,0.028471735035908715,1.75,0.0,1.75,0.01626956287766212,61.46446634856955
3,1.0,7,0.08478877444394686,0.04998983144303278,4.3238206404631345,552.3658755038066,3.5209956761973444,15.008110550913173,0.03105996798022304,1.75,0.0,1.75,0.017748553131556023,56.34262086536231
3,1.0,8,0.03737819732034105,0.04997396652688003,4.323341940855328,563.3629719853836,3.4978237339819316,14.849950011439823,0.032122179060147485,1.75,0.0,1.75,0.018355530891512848,54.47949208935034
3,1.0,9,0.04170206193528458,0.04994006681279099,4.323546576311886,571.4842072746931,3.5120327119075228,14.93688465244301,0.0311527045799294,1.75,0.0,1.75,0.01780154547424537,56.17489792932662
3,1.0,10,0.061246200607902736,0.04995230420088444,4.323693453489915,562.3373860182371,3.5582896746345796,15.239630427644602,0.03007159226651738,1.75,0.0,1.75,0.0171837670094385,58.19445756281097
3,1.0,11,0.04936281283586673,0.04992664847374547,4.323636120072445,568.1119299861815,3.476667672774056,14.531736740477214,0.03138729632821385,1.75,0.0,1.75,0.017935597901836485,55.75504120203357
3,1.0,12,0.05350454788657036,0.04995394504298638,4.323628084567025,565.641137353818,3.48203856946202,14.951606139010929,0.03182318826205464,1.75,0.0,1.75,0.018184679006888364,54.991347365614736
3,1.0,13,0.04982960999621355,0.049962660895729254,4.323714217193912,560.4244604316547,3.6400489916850347,15.389125510631484,0.0315234763890278,1.75,0.0,1.75,0.018013415079444456,55.51418182447393
3,1.0,14,0.06585384210130202,0.04994621553719262,4.323992988552433,556.9720027094152,3.5597622415225487,14.990485630613039,0.030252085961499742,1.75,0.0,1.75,0.01728690626371414,57.84725067313157
3,1.0,15,0.053246461469332734,0.04996194124876209,4.32381766018355,554.2239946079533,3.5323890161234885,14.99762851692564,0.03025084246309974,1.75,0.0,1.75,0.017286195693199852,57.84962855611927
3,1.0,16,0.026772015955814667,0.049936832778143425,4.323333604989516,567.6768947529918,3.4869438066671137,15.00060092537972,0.03212395656371722,1.75,0.0,1.75,0.018356546607838413,54.476477594810284
3,1.0,17,0.051093245172439704,0.04993465740052231,4.323821514610522,556.0529716733038,3.4501989873242564,14.381525735902072,0.03346326518091851,1.75,0.0,1.75,0.01912186581766772,52.29615193074131
3,1.0,18,0.03306159420289855,0.04994144024658258,4.323728547031243,558.6086956521739,3.456548329879297,14.794697301761762,0.02988761411999631,1.75,0.0,1.75,0.017078636639997893,58.55268316078674
3,1.0,19,0.05059930207859202,0.04995407964308358,4.323675938021038,561.4005461993628,3.4488406599266455,14.811406006912808,0.03229587588693149,1.75,0.0,1.75,0.01845478622110371,54.18648517621214
3,1.0,20,0.05170835875533862,0.04997930933665181,4.323602672942403,564.392312385601,3.5774206113419496,15.253045614899618,0.03173497389442036,1.75,0.0,1.75,0.01813427079681163,55.14420795876832
3,1.0,21,0.040487361888905705,0.049946597611380844,4.323892603870697,560.0434387770547,3.493718658806756,14.898093858737415,0.028662269926994718,1.75,0.0,1.75,0.016378439958282694,61.05587605089902
3,1.0,22,0.11192063246008371,0.05005625092307663,4.323626580157217,573.5623934273756,3.4734159389627166,14.997545603171709,0.035069671242404385,1.75,0.0,1.75,0.020039812138516792,49.90066738589761
3,1.0,23,0.0335860500379075,0.049968382554278865,4.323211782387584,561.0606520090978,3.4565467346983496,14.539611362006216,0.03194535163262316,1.75,0.0,1.75,0.018254486647213235,54.78105297212847
3,1.0,24,0.0527700518679997,0.0499571907819868,4.323886156695232,556.3033150417199,3.4436070266528986,14.566227599539953,0.030243491055203835,1.75,0.0,1.75,0.017281994888687906,57.86369029969796
3,1.0,25,0.03685764020283055,0.04995905111574332,4.323556254303644,560.0857488836751,3.4605492584814783,14.860363486671563,0.030629602269904316,1.75,0.0,1.75,0.017502629868516754,57.13427110738212
3,1.0,26,0.058503401360544216,0.04996337541285071,4.323532439082446,559.3673469387755,3.5196440651488956,15.151455290098097,0.031345673199796295,1.75,0.0,1.75,0.017911813257026454,55.82907691423812
3,1.0,27,0.10672536814938516,0.04998639431751317,4.323490729860182,561.7408531956885,3.4882132384518627,15.02771284698351,0.032071238677793594,1.75,0.0,1.75,0.01832642210159634,54.566024642251044
3,1.0,28,0.05153383573114105,0.0499651600763641,4.323775753230621,563.3201644211007,3.502308603201527,14.925086443810603,0.03323403631857283,1.75,0.0,1.75,0.01899087789632733,52.65686007034942
3,1.0,29,0.045784773724837295,0.049964173084300165,4.323733522380631,560.0434387770547,3.487273550737882,14.84184959245233,0.030961220500408747,1.75,0.0,1.75,0.01769212600023357,56.52231958933585
3,1.0,30,0.04596756110322146,0.04995719883904259,4.323908858561546,553.1488900515734,3.511320709338179,14.907206989515537,0.030291038107800046,1.75,0.0,1.75,0.017309164633028597,57.772863173988384
3,1.0,31,0.04856376867100728,0.04993659570413893,4.323699911708993,566.852163921869,3.4914013615925796,14.864880699617864,0.03149610803971507,1.75,0.0,1.75,0.01799777602269433,55.562420531239425
3,1.0,32,0.05576688983566647,0.049942214858314495,4.32402615921301,563.0206938527084,3.4615976490313187,14.773114281414253,0.029639418754436382,1.75,0.0,1.75,0.01693681071682079,59.04299320100745
3,1.0,33,0.054508596741497106,0.049954530493184005,4.32385532037387,555.6362339514978,3.507687417586567,14.944833346397228,0.030661079396656823,1.75,0.0,1.75,0.017520616798089615,57.075616202566366
3,1.0,34,0.04711326909946135,0.049964125406692414,4.323781875879386,561.4430619831576,3.4569331612146925,14.815304819320385,0.031905910168173186,1.75,0.0,1.75,0.018231948667527535,54.848772242381024
3,1.0,35,0.06052352852171282,0.04995202097437786,4.323692136392665,559.8742623694961,3.491490768850781,14.96780415276426,0.0306788798076288,1.75,0.0,1.75,0.017530788461502172,57.04249995349681
3,1.0,36,0.04851115680450842,0.04997648576717116,4.323752661047168,563.5771076079507,3.5374927606317215,15.27139129916062,0.030552999057547332,1.75,0.0,1.75,0.01745885660431276,57.27751952284067
3,1.0,37,0.04212357256295848,0.049950987923515544,4.323769769946775,559.6629357936928,3.4606095319322776,14.734303479104016,0.03309909747821572,1.75,0.0,1.75,0.01891376998755184,52.87153225708853
3,1.0,38,0.054746739460115254,0.04995101395137421,4.323537787989828,561.1455868971792,3.418095729255583,14.516758136749129,0.02949244784122592,1.75,0.0,1.75,0.016852827337843383,59.33722454715232
3,1.0,39,0.05870414912808178,0.049945722671310214,4.323964730328184,556.2615754660253,3.4392627575434744,14.60104277205887,0.030592322877050503,1.75,0.0,1.75,0.017481327358314574,57.20389416106747
3,1.0,40,0.0452020394186135,0.04995651365244009,4.32359831613919,563.1489993151206,3.5206263643340208,14.995902755415448,0.030507461735764466,1.75,0.0,1.75,0.017432835277579696,57.36301548641926
3,1.0,41,0.040379506641366227,0.04993846066757298,4.323984259992973,561.6982922201139,3.6870184793660883,15.734663145618862,0.029394059726879494,1.75,0.0,1.75,0.016796605558216854,59.53583874634734
3,1.0,42,0.03888718106363357,0.0499475841790373,4.3238542498675745,568.7221026744544,3.453727054526098,14.923834078372447,0.032417614091752124,1.75,0.0,1.75,0.01852435090957264,53.982998102418804
3,1.0,43,0.0435804153403062,0.04993804781888623,4.323575313608117,560.8908594815825,3.5335671418579295,15.221485100693428,0.03134144419660562,1.75,0.0,1.75,0.01790939668377464,55.83661011350367
3,1.0,44,0.04923780487804878,0.04995653714632856,4.323542856744367,564.0487804878048,3.5627880146203097,15.129331840099036,0.031127495279832346,1.75,0.0,1.75,0.017787140159904197,56.220392430155904
3,1.0,45,0.054819277108433734,0.04994005654059872,4.323688735102809,557.2650602409639,3.503647031262517,14.826084105418323,0.030889209810341232,1.75,0.0,1.75,0.017650977034480705,56.65408764888919
3,1.0,46,0.08196597353497165,0.04996276595201641,4.323845883479363,559.578449905482,3.507479918305762,14.984351517971525,0.030413837963891598,1.75,0.0,1.75,0.01737933597936663,57.539597668589636
3,1.0,47,0.03778356836296751,0.04995419610542384,4.32336680744342,567.1557326793378,3.4946212594222743,14.86533867151533,0.03327636489749717,1.75,0.0,1.75,0.01901506565571267,52.589878894242545
3,1.0,48,0.05681731283933624,0.049979833690648894,4.323594709673026,565.9002064693738,3.4902554836589843,14.855261482933798,0.03330338370107024,1.75,0.0,1.75,0.01903050497204014,52.547213091256005
3,1.0,49,0.04650106028476219,0.04998752024197075,4.323587834862848,560.4668282338686,3.482050255028298,14.803062243522316,0.03149368092736681,1.75,0.0,1.75,0.017996389101352463,55.566702540613996
4,0.0001,0,0.9368292868559251,0.9196250453568275,0.17829211073637158,563.2345688408554,0.3253905587771442,2.2989294507093403,0.03202925425815705,0.00020155644370746374,0.0,0.00020155644370746374,158.9096020400314,0.006292885937428042
4,0.0001,1,0.9346638336621642,0.9199909965596291,0.1746171877384605,561.57064804978,0.38252960779936984,2.524440568643719,0.030108406946587268,0.00020155644370746374,0.0,0.00020155644370746374,149.3795305809533,0.006694357627921918
4,0.0001,2,0.945382625893808,0.9284482232055871,0.16242953408913052,562.9351894112277,0.25436061789514497,2.00721293032329,0.029890892228377874,0.00020155644370746374,0.0,0.00020155644370746374,148.30035536725933,0.006743072176216596
4,0.0001,3,0.9496631594883052,0.9365327252077393,0.14090603812925237,560.1703883127697,0.4244950172724202,2.6932119464059845,0.03254618165181426,0.00020155644370746374,0.0,0.00020155644370746374,161.47428012299792,0.0061929367279933475
4,0.0001,4,0.9388467374810319,0.9229088750308964,0.17234696338918168,561.4855842185129,0.3808439030253794,2.517861416444426,0.0321956595381964,0.00020155644370746374,0.0,0.00020155644370746374,159.73520342978833,0.006260360762864339
4,0.0001,5,0.934331534544349,0.9178850672320761,0.18248027532439515,562.4653796458159,0.29573783720843494,2.159926766510565,0.03149169815837563,0.00020155644370746374,0.0,0.00020155644370746374,156.24257691350346,0.0064003040640683
4,0.0001,6,0.9496745875586499,0.933139014358529,0.15108274972830085,560.0434387770547,0.3024790407216642,2.1957841678378434,0.03242927858167174,0.00020155644370746374,0.0,0.00020155644370746374,160.89427847188625,0.006215261409526966
4,0.0001,7,0.9386767485822306,0.9219264427846265,0.17409605165672676,559.578449905482,0.35349469681386836,2.431497908100239,0.03187119906683623,0.00020155644370746374,0.0,0.00020155644370746374,158.12542869179438,0.006324093526722518
4,0.0001,8,0.9329053950787101,0.9171835435299248,0.1844291553227451,565.5116918844567,0.3319305662298575,2.3039905270328944,0.03098921251267099,0.00020155644370746374,0.0,0.00020155644370746374,153.74954996550898,0.0065040840784531245
4,0.0001,9,0.9491051876463037,0.931355547302549,0.15545293586243467,558.8192252510761,0.2780484542599879,2.1136969760771227,0.030607087335801586,0.00020155644370746374,0.0,0.00020155644370746374,151.85367816979493,0.006585286652601537
4,0.0001,10,0.9404779912267434,0.9205008712202704,0.18083864417516937,559.7051883224929,0.2582085444009863,2.0335113147794512,0.032097256710719106,0.00020155644370746374,0.0,0.00020155644370746374,159.24698868622937,0.0062795535931316065
4,0.0001,11,0.9362878787878788,0.9191286382096093,0.18409502599158906,560.6363636363636,0.2954054190777242,2.181270689447741,0.03276575679820339,0.00020155644370746374,0.0,0.00020155644370746374,162.56367792318844,0.006151435626797897
4,0.0001,12,0.9437414239975606,0.9277083269369027,0.16337735637947048,564.1346241805153,0.2671614212158602,2.0638990337577026,0.03270778496813585,0.00020155644370746374,0.0,0.00020155644370746374,162.2760571009453,0.006162338535116988
4,0.0001,13,0.9369610012974128,0.9190977120901602,0.17910435358448434,564.7792871861406,0.3287865972670261,2.3093659442562,0.031510073313083434,0.00020155644370746374,0.0,0.00020155644370746374,156.33374321099217,0.006396571715489301
4,0.0001,14,0.9480292192969106,0.9337236763127604,0.14556285454479623,563.1062243189773,0.2750229529920034,2.097353117685003,0.03076444176789109,0.00020155644370746374,0.0,0.00020155644370746374,152.63437477862124,0.006551604128823446
4,0.0001,15,0.935481436764262,0.9204663430358769,0.1760222574835723,558.4403863567763,0.37091988904285245,2.455981884287719,0.031286656754197936,0.00020155644370746374,0.0,0.00020155644370746374,155.2252866676243,0.006442249336226044
4,0.0001,16,0.9387801895444818,0.9211653935881908,0.17643516440997578,565.5979822684194,0.32391927411663346,2.275325954688406,0.030793760781575533,0.00020155644370746374,0.0,0.00020155644370746374,152.7798378218519,0.006545366288227407
4,0.0001,17,0.9451972297500753,0.931511230029531,0.15238328171312485,557.0975609756098,0.2406950545264408,1.9487618843301937,0.03269943885257968,0.00020155644370746374,0.0,0.00020155644370746374,162.23464877183088,0.006163911393591478
4,0.0001,18,0.9404428992517573,0.9226168179177211,0.17208262080301837,559.3251454916484,0.30175165220862255,2.173604880955172,0.032682229263417614,0.00020155644370746374,0.0,0.00020155644370746374,162.14926529886662,0.006167157144726142
4,0.0001,19,0.9329804681675861,0.9151929322642489,0.18824425759793526,551.7082152974505,0.32428309600800276,2.287369712612569,0.028710784725408285,0.00020155644370746374,0.0,0.00020155644370746374,142.44538253055669,0.007020234578579513
4,0.0001,20,0.9382614545182749,0.9199497967708747,0.17930913115236013,553.1488900515734,0.4045649377221707,2.6175028310272523,0.03133271998201437,0.00020155644370746374,0.0,0.00020155644370746374,155.45382427708563,0.006432778380656429
4,0.0001,21,0.9344832920792079,0.9174395610197075,0.18567411870943007,572.4108910891089,0.2681604106910527,2.0840586063432074,0.030599224260859023,0.00020155644370746374,0.0,0.00020155644370746374,151.8146663932527,0.006586978872052143
4,0.0001,22,0.9380706025562995,0.9242086726998973,0.16806200009939826,563.0206938527084,0.21002727522864006,1.8408556350427498,0.030111511063137218,0.00020155644370746374,0.0,0.00020155644370746374,149.39493131184958,0.006693667524185159
4,0.0001,23,0.942204916781188,0.9261691815200962,0.1651588348851036,564.9945029775538,0.2743145145359449,2.101804971209619,0.029299578977732568,0.00020155644370746374,0.0,0.00020155644370746374,145.36662008314443,0.006879158361307681
4,0.0001,24,0.9353038757351833,0.9207193622535567,0.17641793143531714,558.0200573065903,0.2926475616695825,2.165170183081723,0.03151097844631632,0.00020155644370746374,0.0,0.00020155644370746374,156.3382339294045,0.006396387977950142
4,0.0001,25,0.9425365779698279,0.9277646521656587,0.16073903645991547,561.018194223334,0.23081205968628637,1.9147770238104145,0.030626154464493863,0.00020155644370746374,0.0,0.00020155644370746374,151.9482776196639,0.006581186806888742
4,0.0001,26,0.937984496124031,0.919316304166836,0.17950229051246452,562.4227086183311,0.3942636172869243,2.5756941786835137,0.029199397932127006,0.00020155644370746374,0.0,0.00020155644370746374,144.86958290704223,0.0069027602615634315
4,0.0001,27,0.9427306047648136,0.9245622830504999,0.1727208688100895,565.0806353084912,0.2768171166826505,2.109086596427774,0.032985264060088774,0.00020155644370746374,0.0,0.00020155644370746374,163.65273892192272,0.006110499626144915
4,0.0001,28,0.9428023032629559,0.9268788358873389,0.16351100718030062,568.1554702495201,0.40564290920156054,2.5865034331030916,0.02926886790418259,0.00020155644370746374,0.0,0.00020155644370746374,145.2142504888756,0.0068863764860089055
4,0.0001,29,0.9419482798077656,0.9219025065135205,0.1789097297185996,564.5212449462201,0.32810891498229466,2.270167398716545,0.03159514618519794,0.00020155644370746374,0.0,0.00020155644370746374,156.75582285553074,0.006379348350725189
4,0.0001,30,0.9392138939670932,0.9242080981068673,0.16785582723386727,563.7056672760511,0.23410905976197682,1.9342323685784275,0.03082072641811175,0.00020155644370746374,0.0,0.00020155644370746374,152.91362484468385,0.006539639623452205
4,0.0001,31,0.9550750019036016,0.9420662781459883,0.1291938640120914,563.4914337927358,0.2922445890144445,2.166779205912114,0.030811695692790998,0.00020155644370746374,0.0,0.00020155644370746374,152.86881989995155,0.006541556353051411
4,0.0001,32,0.9307263423203238,0.9144491397917538,0.19005026330154193,565.2098831436646,0.2761197184736375,2.1190522828477354,0.03223347589786687,0.00020155644370746374,0.0,0.00020155644370746374,159.9228251151826,0.006253016098732382
4,0.0001,33,0.9388940520446096,0.9214985769886619,0.17621931301220822,573.1189591078067,0.32745326089207083,2.291187420020911,0.03374542747010559,0.00020155644370746374,0.0,0.00020155644370746374,167.42420559415723,0.005972851992644593
4,0.0001,34,0.9357832219747587,0.9139160476890946,0.19445752343841335,549.4187082405346,0.2515589479589835,2.004221873038179,0.028879676985689703,0.00020155644370746374,0.0,0.00020155644370746374,143.28332279768378,0.0069791792964768225
4,0.0001,35,0.93758117503247,0.9221865623328097,0.17317667450804877,565.3823057529223,0.2967562973499298,2.1783263413406697,0.02968448727974985,0.00020155644370746374,0.0,0.00020155644370746374,147.2763000464203,0.006789958735280613
4,0.0001,36,0.9372234935163997,0.9169050797487761,0.19179685639126395,564.4782608695652,0.4157372018089518,2.653082358852646,0.031158080906067653,0.00020155644370746374,0.0,0.00020155644370746374,154.5873718197274,0.00646883369727091
4,0.0001,37,0.938398831038991,0.9215158181348646,0.17370574429044228,569.1150503729908,0.26772158028325066,2.055101390707486,0.03232423375552655,0.00020155644370746374,0.0,0.00020155644370746374,160.37311018665076,0.006235459291374638
4,0.0001,38,0.9497618681825165,0.9318367180653254,0.15885677257982936,568.4604393916117,0.35423061944311485,2.4081124787317294,0.03132373837996276,0.00020155644370746374,0.0,0.00020155644370746374,155.40926305201933,0.0064346228812968195
4,0.0001,39,0.9407323518308796,0.9232914169374172,0.17118092622822495,558.7349943374859,0.43300255679059774,2.7282792025517835,0.02899211376471925,0.00020155644370746374,0.0,0.00020155644370746374,143.84116543948358,0.006952112748424004
4,0.0001,40,0.939540507859734,0.9258182026306865,0.16320171611224757,559.2829504232164,0.2718181347590871,2.090755454593687,0.03143512611786271,0.00020155644370746374,0.0,0.00020155644370746374,155.96190099229585,0.006411822333772384
4,0.0001,41,0.9484716822928577,0.9309376603894978,0.15619330726709282,564.0916990624286,0.23010920788510703,1.898691034105613,0.030457127131992563,0.00020155644370746374,0.0,0.00020155644370746374,151.1096672066591,0.006617710292700136
4,0.0001,42,0.9371277798718431,0.9213111793717927,0.17725984232378844,557.894082171127,0.23690492627792992,1.9541362483084963,0.0308809227533538,0.00020155644370746374,0.0,0.00020155644370746374,153.2122823032835,0.006526891871635339
4,0.0001,43,0.9420766699824011,0.9231815314534204,0.17250351194505711,566.2460019894406,0.3002478472189978,2.1971438142358535,0.02880265843609983,0.00020155644370746374,0.0,0.00020155644370746374,142.90120378341075,0.006997841680295831
4,0.0001,44,0.9348214285714286,0.9186521657703893,0.176902377083783,550.6428571428571,0.26202460896456614,2.032960598274001,0.030094035482398633,0.00020155644370746374,0.0,0.00020155644370746374,149.30822815110145,0.0066975545312076825
4,0.0001,45,0.9363504540944821,0.9207807352051309,0.1765982030979687,564.7792871861406,0.38365711097139865,2.525227584527491,0.028350803417945974,0.00020155644370746374,0.0,0.00020155644370746374,140.65937509343013,0.007109373259590912
4,0.0001,46,0.9423076923076923,0.9276442287516313,0.16291770443963555,562.508057160231,0.25398607988609,2.01044193805175,0.03282350634157193,0.00020155644370746374,0.0,0.00020155644370746374,162.85019589456303,0.0061406128160106585
4,0.0001,47,0.9308414043583535,0.9140735504966134,0.1918169278805203,559.9588377723971,0.28301896728225984,2.1078231058386776,0.031441744586581284,0.00020155644370746374,0.0,0.00020155644370746374,155.99473779273166,0.006410472648947223
4,0.0001,48,0.9276305828917487,0.9094020243082329,0.1991614082968013,560.2127176381529,0.3285333741805516,2.3399048573083645,0.03047056663215018,0.00020155644370746374,0.0,0.00020155644370746374,151.17634580006157,0.0066147914523780795
4,0.0001,49,0.9364043408970175,0.9204085667164346,0.18054819157294827,561.6131896486302,0.2764250637846999,2.098778954671426,0.030544220545786108,0.00020155644370746374,0.0,0.00020155644370746374,151.5417715452331,0.006598840635181
4,0.0002,0,0.8636120656739213,0.828174672280484,0.3910341289505688,565.1237113402062,0.31456912073190324,2.240844672822477,0.03148579906764399,0.00040311288741492747,0.0,0.00040311288741492747,78.10665461368738,0.01280300641406245
4,0.0002,1,0.88671456963767,0.856728520736303,0.3279608030606352,565.6842990368445,0.2428669256332796,1.970046556257173,0.03237399424202678,0.00040311288741492747,0.0,0.00040311288741492747,80.30999566804708,0.012451750142452936
4,0.0002,2,0.8759174311926605,0.8461872362279219,0.3519571796439096,565.7706422018349,0.28433025811682455,2.13462104387142,0.03118965467064829,0.00040311288741492747,0.0,0.00040311288741492747,77.37201078005853,0.012924570395910337
4,0.0002,3,0.8791723304636762,0.8475233878540136,0.35019602854963755,558.861350249207,0.3197262756875716,2.2658024105989294,0.02770497744011123,0.00040311288741492747,0.0,0.00040311288741492747,68.7275904716841,0.014550197280843159
4,0.0002,4,0.8768230937806998,0.8447399823983424,0.35609079641405933,559.2407617320335,0.30574013318982907,2.235470076410462,0.029723608282710312,0.00040311288741492747,0.0,0.00040311288741492747,73.73519728759143,0.013562044136122295
4,0.0002,5,0.9044168128766497,0.8781442185076596,0.27802244210867355,564.5212449462201,0.3807405815459788,2.517892942145862,0.03775492237156112,0.00040311288741492747,0.0,0.00040311288741492747,93.65843551585505,0.010677094855280966
4,0.0002,6,0.8781912106011829,0.8469675012957611,0.34974106178283504,554.0583214793741,0.34264703624648973,2.3334538856788667,0.02896311952558332,0.00040311288741492747,0.0,0.00040311288741492747,71.84865686462497,0.013918144661829508
4,0.0002,7,0.8741569589209074,0.8405881463278393,0.365154450074264,567.1557326793378,0.28485396690666676,2.134582135646793,0.030724587445520504,0.00040311288741492747,0.0,0.00040311288741492747,76.21832098336124,0.013120205051726395
4,0.0002,8,0.9077191386108584,0.8803454563134286,0.2720335517615872,561.1455868971792,0.34460881535778753,2.382254078433556,0.03178344423426615,0.00040311288741492747,0.0,0.00040311288741492747,78.8450213985622,0.012683108993591267
4,0.0002,9,0.9098553139913643,0.8829009921717609,0.26563964210441265,560.5939701537762,0.4023641364474315,2.587075639941144,0.030643378148356833,0.00040311288741492747,0.0,0.00040311288741492747,76.0168655109638,0.013154975455489827
4,0.0002,10,0.8938979963570127,0.8663232762906489,0.3041685595890311,561.655737704918,0.27673530488391407,2.098080044060839,0.03273812074507917,0.00040311288741492747,0.0,0.00040311288741492747,81.21328235130709,0.012313256785685199
4,0.0002,11,0.8926683521029648,0.8655784650358277,0.30577014975309885,566.938864628821,0.35884584550512955,2.4076217853727684,0.03139283570827245,0.00040311288741492747,0.0,0.00040311288741492747,77.87604090156398,0.01284091985703291
4,0.0002,12,0.8815668202764977,0.8528850973721777,0.3342460133865681,568.3732718894009,0.3367047919309698,2.349964222378267,0.030940752064371854,0.00040311288741492747,0.0,0.00040311288741492747,76.75455940589733,0.013028541988128022
4,0.0002,13,0.8813314037626628,0.8501062306973947,0.34170572304043617,563.6628075253257,0.2448461425374262,1.9819910318689113,0.03164083221282155,0.00040311288741492747,0.0,0.00040311288741492747,78.49124451397998,0.012740274487836555
4,0.0002,14,0.8892554547499437,0.8616367517752762,0.3154938818721026,554.8876808877559,0.3480520696612075,2.3912889956530745,0.03449552243044154,0.00040311288741492747,0.0,0.00040311288741492747,85.57285938351806,0.011685948175673642
4,0.0002,15,0.8879824760178261,0.8609099736138334,0.3192551666225798,558.9877634262407,0.2901159947796259,2.149448497076283,0.028984444078267176,0.00040311288741492747,0.0,0.00040311288741492747,71.90155656927249,0.013907904748022596
4,0.0002,16,0.8884498480243161,0.8564829494351116,0.3301152079822356,562.3373860182371,0.34907745927921496,2.3788491713507227,0.03288503287857397,0.00040311288741492747,0.0,0.00040311288741492747,81.57772650102633,0.012258247966587043
4,0.0002,17,0.8917768657850738,0.8627152541938926,0.31026473201952237,562.4227086183311,0.4106893518473953,2.6077378768219663,0.030956706585296867,0.00040311288741492747,0.0,0.00040311288741492747,76.79413770126597,0.013021827315648271
4,0.0002,18,0.8842807859607019,0.8508747988889072,0.34790678112848794,555.0122993850307,0.29106226985459216,2.1504442563393473,0.030460940160135595,0.00040311288741492747,0.0,0.00040311288741492747,75.56429256200359,0.013233763806886158
4,0.0002,19,0.8843402830619388,0.8511671829546613,0.3439597247096097,563.1062243189773,0.33950010428088717,2.3691668316928016,0.029384980967387377,0.00040311288741492747,0.0,0.00040311288741492747,72.89516630397671,0.013718330730325067
4,0.0002,20,0.878605118688626,0.8482726587863761,0.3471477090516932,572.1899791231733,0.2109108055010438,1.848703813645949,0.029997635086840033,0.00040311288741492747,0.0,0.00040311288741492747,74.41497412600262,0.013438155582863702
4,0.0002,21,0.8826334410090755,0.8502601659223155,0.3427634931003102,569.158744808491,0.24202581282588653,1.951498566179996,0.02945037680459903,0.00040311288741492747,0.0,0.00040311288741492747,73.05739341021244,0.013687868582787591
4,0.0002,22,0.8924079754601227,0.8661491986449303,0.3035714737745616,567.5030674846626,0.2385598262771964,1.959533622835431,0.033830428928644976,0.00040311288741492747,0.0,0.00040311288741492747,83.9229654640712,0.011915689519195036
4,0.0002,23,0.8822077630693291,0.8506633844217532,0.3432394928482006,553.4792461296836,0.26035695493919775,2.0331213277024807,0.031006204202504384,0.00040311288741492747,0.0,0.00040311288741492747,76.91692617752862,0.01300103955912049
4,0.0002,24,0.8762708035243618,0.8437959918231137,0.35490339465188725,557.3069508246103,0.3381180982105434,2.340000047438963,0.029006233037025594,0.00040311288741492747,0.0,0.00040311288741492747,71.955608323604,0.01389745738098311
4,0.0002,25,0.8823395366502089,0.8504456374340151,0.34228189364357703,562.1241929358147,0.27869627278414555,2.121978115076951,0.0319792404046529,0.00040311288741492747,0.0,0.00040311288741492747,79.33073191911228,0.01260545536148118
4,0.0002,26,0.889348889725254,0.8545852018843386,0.33255310114849745,557.055701919458,0.27661495679058135,2.091389018409788,0.031878965424106405,0.00040311288741492747,0.0,0.00040311288741492747,79.08198030715182,0.012645105700641698
4,0.0002,27,0.8889144610663599,0.8577234323272274,0.3277150417965386,567.7203682393556,0.32272947710589506,2.2952128596285832,0.03167292467934805,0.00040311288741492747,0.0,0.00040311288741492747,78.57085612533851,0.012727365454752981
4,0.0002,28,0.8862821279139271,0.857833891502558,0.32637920555409927,552.9426180514047,0.35630231982213445,2.4074938941315813,0.03151824850051214,0.00040311288741492747,0.0,0.00040311288741492747,78.18715174955481,0.012789825151875978
4,0.0002,29,0.8880510887127798,0.8535079699632443,0.33986326543907563,569.377317842579,0.3467337269685231,2.3616596472199776,0.029884398783950605,0.00040311288741492747,0.0,0.00040311288741492747,74.13406943050755,0.01348907469510208
4,0.0002,30,0.8860855114065569,0.8579884893788379,0.3258002813929048,559.0299138842726,0.29472173895919695,2.1706594401645876,0.030253420649894565,0.00040311288741492747,0.0,0.00040311288741492747,75.04950001450702,0.013324539134926957
4,0.0002,31,0.8957371091088059,0.8656246092579117,0.3062021479153901,560.3397440751116,0.38136912311892956,2.4881460360474317,0.03144994668921465,0.00040311288741492747,0.0,0.00040311288741492747,78.01771580882989,0.012817601613079039
4,0.0002,32,0.8893292454946534,0.8607525027865665,0.3200692037482089,553.3966200553353,0.37629145770915784,2.4966071008985824,0.03267085051180101,0.00040311288741492747,0.0,0.00040311288741492747,81.04640544069888,0.01233861014023248
4,0.0002,33,0.8880732556379597,0.8583592482292615,0.3262910938082707,560.0434387770547,0.28228749794652686,2.106323173755035,0.03268795877284999,0.00040311288741492747,0.0,0.00040311288741492747,81.08884581306873,0.012332152344420647
4,0.0002,34,0.8798184196353005,0.8501584997004207,0.3362324301502356,569.377317842579,0.26520382476155646,2.0452743069401995,0.03186842349089167,0.00040311288741492747,0.0,0.00040311288741492747,79.05582898938488,0.012649288645550396
4,0.0002,35,0.8896113715409043,0.859224729795663,0.32133464254638244,559.5362165431725,0.3163652933726553,2.261077699493291,0.031039610746900287,0.00040311288741492747,0.0,0.00040311288741492747,76.9997976148824,0.012987047121883885
4,0.0002,36,0.88904193449648,0.8579026220038222,0.3244540542265536,566.2892561983471,0.2619777884101495,2.0335082865422796,0.029513990846414238,0.00040311288741492747,0.0,0.00040311288741492747,73.21520042606636,0.013658365942872924
4,0.0002,37,0.8939759036144578,0.8645858375570388,0.30821481900880837,557.2650602409639,0.40649580396711826,2.6196947963470842,0.031620016804312645,0.00040311288741492747,0.0,0.00040311288741492747,78.43960784058461,0.01274866139096887
4,0.0002,38,0.8945501207729468,0.8631276493007624,0.3171766516038925,558.6086956521739,0.31764681066852063,2.301834261120698,0.030135647962927867,0.00040311288741492747,0.0,0.00040311288741492747,74.75734193511157,0.01337661257228738
4,0.0002,39,0.888981826477074,0.8589120503747459,0.3232324366628481,562.7215420880541,0.25911442007054575,2.0367812143589,0.03165482202802534,0.00040311288741492747,0.0,0.00040311288741492747,78.52594897429505,0.0127346439369659
4,0.0002,40,0.887286728068851,0.8574492006077127,0.3266528298887537,558.6928884191454,0.34630638468661346,2.357268945504093,0.029014587368330298,0.00040311288741492747,0.0,0.00040311288741492747,71.97633286892498,0.013893455808884915
4,0.0002,41,0.8993942182347979,0.8717356239648026,0.2961365238112724,567.4596273291926,0.3008724098908715,2.194179955543248,0.03292146013010262,0.00040311288741492747,0.0,0.00040311288741492747,81.66809139052974,0.012244684343339023
4,0.0002,42,0.8852989908118692,0.8581562005822511,0.32172299715596875,557.3488477180298,0.4451530162477866,2.7721574760493226,0.030211886079260446,0.00040311288741492747,0.0,0.00040311288741492747,74.94646542560942,0.013342857389219814
4,0.0002,43,0.8872303903276364,0.8602959336322445,0.31547164777792,552.3247257258005,0.3588796035910491,2.42280683881011,0.02990405554314163,0.00040311288741492747,0.0,0.00040311288741492747,74.18283184869041,0.01348020795484978
4,0.0002,44,0.8847001596108536,0.8519372620529926,0.3411019665956597,562.4653796458159,0.3542674062482547,2.4051640191014885,0.031899565586418877,0.00040311288741492747,0.0,0.00040311288741492747,79.13308302045027,0.012636939720161935
4,0.0002,45,0.8867066049897626,0.8576786743331464,0.32471997859783686,561.1880640024266,0.3794301687157713,2.5131987492347747,0.03246978922336364,0.00040311288741492747,0.0,0.00040311288741492747,80.547633769749,0.01241501398859921
4,0.0002,46,0.8728532690569448,0.8378985053390282,0.37269872393603715,557.4326604398915,0.26336021249881014,2.036224737842937,0.030138793098733314,0.00040311288741492747,0.0,0.00040311288741492747,74.76514405680908,0.013375216654971817
4,0.0002,47,0.8940443752432853,0.8621266496097203,0.32012276946099305,576.1031529778123,0.27566480965469964,2.0812048277494055,0.030409121742144163,0.00040311288741492747,0.0,0.00040311288741492747,75.4357468875556,0.01325631469508214
4,0.0002,48,0.8925198620896417,0.8635024070529045,0.3111366107471322,554.6801079298456,0.27700171945616603,2.110660217697829,0.03132473991802791,0.00040311288741492747,0.0,0.00040311288741492747,77.7071160361715,0.01286883429742155
4,0.0002,49,0.8885191347753744,0.8588211996304186,0.31935650421290124,559.7051883224929,0.346473473822698,2.3839242611073166,0.03126473750672865,0.00040311288741492747,0.0,0.00040311288741492747,77.55826837296719,0.012893531804902292
4,0.0003,0,0.8273141122913505,0.7885063598217641,0.4898816381221533,561.4855842185129,0.24946655248641036,1.9766312915277064,0.0313224678218552,0.0006046693311223912,0.0,0.0006046693311223912,51.800986439504435,0.019304651682026285
4,0.0003,1,0.8274053807569539,0.7858374196710987,0.4977180282915692,562.4227086183311,0.2506333718483802,2.0002945626956645,0.031147429567447742,0.0006046693311223912,0.0,0.0006046693311223912,51.5115087937926,0.019413137440860696
4,0.0003,2,0.8381226779892335,0.7941339252916982,0.48214702158564227,561.1031162332247,0.2833775323233567,2.1021640983520253,0.030659062858010677,0.0006046693311223912,0.0,0.0006046693311223912,50.70384965796285,0.019722368355574237
4,0.0003,3,0.8406228532173117,0.8036433953760589,0.4559515813662176,564.865353789787,0.40357240702724084,2.584046819816433,0.03192427107473107,0.0006046693311223912,0.0,0.0006046693311223912,52.79624652944285,0.018940740407413822
4,0.0003,4,0.8419933151017928,0.8057468730168706,0.4443704093058818,562.1668185961714,0.26899892039364204,2.056778279357407,0.030531027842647777,0.0006046693311223912,0.0,0.0006046693311223912,50.492105802647345,0.0198050761421713
4,0.0003,5,0.8252234359483615,0.7816978924715795,0.5069077369694439,565.2960812772134,0.3289579130068887,2.302989557951092,0.028541678040596635,0.0006046693311223912,0.0,0.0006046693311223912,47.20212613994724,0.0211854863705747
4,0.0003,6,0.8305952471918698,0.7887012177145092,0.48512933830904026,565.4685565828685,0.30507296306313947,2.1951246253628804,0.03081694120739185,0.0006046693311223912,0.0,0.0006046693311223912,50.964948313467865,0.01962132864040878
4,0.0003,7,0.8513851992409868,0.8101989187570228,0.44420554687120156,561.6982922201139,0.2765881999512203,2.112301833201348,0.03167001904137808,0.0006046693311223912,0.0,0.0006046693311223912,52.37576541643345,0.019092799733791372
4,0.0003,8,0.8320714718352513,0.7873855000632399,0.4976437940082569,560.2973955178679,0.3928262635599822,2.570217171670283,0.029214700543991234,0.0006046693311223912,0.0,0.0006046693311223912,48.31516837436209,0.020697433821438134
4,0.0003,9,0.8174916489523231,0.7750099212912994,0.5277276001738787,561.8259945338597,0.3254338222614024,2.2867418347620525,0.029999619504315747,0.0006046693311223912,0.0,0.0006046693311223912,49.61326457326727,0.020155900011845265
4,0.0003,10,0.8291920731707317,0.7882261738159525,0.49257796621805067,564.0487804878048,0.2755699911213014,2.0752736595138197,0.028831006763213526,0.0006046693311223912,0.0,0.0006046693311223912,47.68061695753152,0.02097288298284157
4,0.0003,11,0.8302344995067162,0.7886384077720183,0.4924663018968647,561.6131896486302,0.28827208824804984,2.143040624404838,0.031319962237945434,0.0006046693311223912,0.0,0.0006046693311223912,51.796842713701245,0.019306196046105357
4,0.0003,12,0.831593281888334,0.7932309271893259,0.4831512135297335,559.8742623694961,0.2708604939398356,2.0782228715061972,0.03024870387971411,0.0006046693311223912,0.0,0.0006046693311223912,50.025199431838665,0.019989925304796437
4,0.0003,13,0.8316423830955831,0.797051309650194,0.46691784776078593,564.5212449462201,0.30282716240617447,2.206793805984336,0.03290232740329826,0.0006046693311223912,0.0,0.0006046693311223912,54.4137526244712,0.018377706954000365
4,0.0003,14,0.845952399291381,0.8055413766027837,0.45315831148913893,569.990217977355,0.34579515719087794,2.4102677130605596,0.0322160520389536,0.0006046693311223912,0.0,0.0006046693311223912,53.27879285551651,0.018769194015184218
4,0.0003,15,0.8285323401991336,0.7862307447686924,0.5016174896633716,562.4653796458159,0.3848430434882175,2.5563447802269534,0.030417741991393177,0.0006046693311223912,0.0,0.0006046693311223912,50.304754062739654,0.01987883687400218
4,0.0003,16,0.8330569791980705,0.7962588422294876,0.4692375659507551,557.7681640036177,0.2581109404563904,2.0228259603339493,0.03326403939717156,0.0006046693311223912,0.0,0.0006046693311223912,55.01195063990865,0.018177868415277496
4,0.0003,17,0.8283468172798046,0.7903615692716157,0.4843466094479018,564.8223172034803,0.26957171797403134,2.0884923741823678,0.02916195108801041,0.0006046693311223912,0.0,0.0006046693311223912,48.22793151073134,0.020734872275778346
4,0.0003,18,0.8469603258410017,0.8093400899236354,0.4410325226450178,558.188112837532,0.3376630097918678,2.349727632124809,0.030942829371467022,0.0006046693311223912,0.0,0.0006046693311223912,51.173141713721016,0.01954150100055066
4,0.0003,19,0.8521647307286166,0.8149974303885414,0.4259160510446539,558.188112837532,0.2916461846034508,2.165432778431848,0.03306763444674825,0.0006046693311223912,0.0,0.0006046693311223912,54.68713682793848,0.0182858357193994
4,0.0003,20,0.8485101854667072,0.809893499011619,0.44120787340951545,562.508057160231,0.29723949439357966,2.1836379872468905,0.03289790539958745,0.0006046693311223912,0.0,0.0006046693311223912,54.406439530382904,0.018380177211220684
4,0.0003,21,0.8245281588721292,0.7845511843951366,0.49841244346698116,560.9332979610399,0.4337326690729242,2.7287519019407513,0.02897262707484803,0.0006046693311223912,0.0,0.0006046693311223912,47.91482812774521,0.020870366003065077
4,0.0003,22,0.854657428791378,0.8165539137800086,0.42679211419011426,569.6836027713625,0.24439647304825485,1.9728289768817784,0.03333171170741057,0.0006046693311223912,0.0,0.0006046693311223912,55.12386686710243,0.01814096246932186
4,0.0003,23,0.8351698113207547,0.7973497891174192,0.4645603749088181,558.5245283018868,0.35407381967525,2.393117941522343,0.033294625685211986,0.0006046693311223912,0.0,0.0006046693311223912,55.06253413483082,0.018161169218098728
4,0.0003,24,0.8366008086047754,0.7918477912818872,0.4863288908332969,564.5212449462201,0.2505698069871869,1.9872932554436833,0.029770298802963377,0.0006046693311223912,0.0,0.0006046693311223912,49.23401480889324,0.020311160970349466
4,0.0003,25,0.8022277790406911,0.7615672240041933,0.5527367918397449,560.7635826324165,0.2805299022293184,2.1207443151201932,0.03145114040269479,0.0006046693311223912,0.0,0.0006046693311223912,52.013784698349056,0.019225672690411633
4,0.0003,26,0.823954802259887,0.7846619681633342,0.496041768468404,557.4745762711865,0.3023124431492761,2.2115421152253916,0.02968800857982251,0.0006046693311223912,0.0,0.0006046693311223912,49.09792352907239,0.0203674601311371
4,0.0003,27,0.8335624809043691,0.793643612012731,0.48761438345360525,565.2529789184234,0.3595718005672097,2.4400476216041573,0.029898031047480327,0.0006046693311223912,0.0,0.0006046693311223912,49.44525794285516,0.02022438635380807
4,0.0003,28,0.836179295624333,0.7901414191304925,0.49189772357534434,564.1346241805153,0.3271316950849723,2.289873604049543,0.03171072078451338,0.0006046693311223912,0.0,0.0006046693311223912,52.443077815194854,0.019068293503366047
4,0.0003,29,0.8414147613932791,0.7954868377242629,0.4821442934582544,567.7638483965014,0.3164249312831089,2.2389308075630154,0.03046231511329419,0.0006046693311223912,0.0,0.0006046693311223912,50.37846893400371,0.01984974972760704
4,0.0003,30,0.831272945231138,0.792105200695784,0.4817186582205372,554.4726904922454,0.2879736923787277,2.1435691755497066,0.03086712875321326,0.0006046693311223912,0.0,0.0006046693311223912,51.047948299143094,0.019589425889165193
4,0.0003,31,0.8287875315150126,0.7879205991282663,0.4940263782432544,565.3823057529223,0.2957370842632372,2.1585506706690887,0.029110792052195283,0.0006046693311223912,0.0,0.0006046693311223912,48.14332487834241,0.020771311547903838
4,0.0003,32,0.8393712574850299,0.7970601744249458,0.468690263598286,553.934131736527,0.2700338607246522,2.0580529627301285,0.03146990924924446,0.0006046693311223912,0.0,0.0006046693311223912,52.04482455035352,0.01921420638151056
4,0.0003,33,0.8390942490815025,0.7977216969567806,0.4700171683450991,554.8876808877559,0.33718900743406266,2.3458433715986713,0.030673382417761377,0.0006046693311223912,0.0,0.0006046693311223912,50.727531295204344,0.019713161166479583
4,0.0003,34,0.847420166145873,0.8115824372595636,0.434438577571185,564.0058684551483,0.25225207934272476,1.9932621272096924,0.03175717937695353,0.0006046693311223912,0.0,0.0006046693311223912,52.5199108709642,0.019040397887515326
4,0.0003,35,0.8381857186638063,0.7974877768778311,0.4706213368523919,566.9822249463683,0.258592858503107,2.04002388403413,0.03246658783950391,0.0006046693311223912,0.0,0.0006046693311223912,53.693128075867875,0.018624357265738172
4,0.0003,36,0.8339119031088482,0.7923552832276001,0.4853674926590904,570.8680860911826,0.27543651740415953,2.115245410274281,0.030665190291676362,0.0006046693311223912,0.0,0.0006046693311223912,50.71398318607533,0.019718427486377615
4,0.0003,37,0.8145782019704434,0.7716399551795283,0.537275526410176,569.5960591133005,0.36070507668773644,2.431818580016198,0.032027058644620576,0.0006046693311223912,0.0,0.0006046693311223912,52.96623624878037,0.018879952037804584
4,0.0003,38,0.83992277992278,0.7998550636701554,0.4677437889402926,571.4401544401544,0.2308454941085074,1.917819649598939,0.02986665976901633,0.0006046693311223912,0.0,0.0006046693311223912,49.39337623354841,0.02024562960166289
4,0.0003,39,0.8347793285552622,0.7913710938457647,0.4899657042958327,558.3142210486609,0.3006495285953861,2.1912119871018265,0.03229813014406323,0.0006046693311223912,0.0,0.0006046693311223912,53.41453333528794,0.018721496520860866
4,0.0003,40,0.8293221629855293,0.7863659910977504,0.49864200851055956,563.6199543031227,0.27680108405184,2.0870352350124146,0.028911524165708382,0.0006046693311223912,0.0,0.0006046693311223912,47.81377635284168,0.020914474368652704
4,0.0003,41,0.8333586165048543,0.7918822701077085,0.483789209860393,561.3155339805825,0.31389339914312586,2.2296609110897387,0.03112151862300022,0.0006046693311223912,0.0,0.0006046693311223912,51.46865736555922,0.019429300300131014
4,0.0003,42,0.8335986657569555,0.7924820161386088,0.4841938134985234,561.018194223334,0.3447272940829862,2.3941861639785453,0.0306463123755268,0.0006046693311223912,0.0,0.0006046693311223912,50.68276295515255,0.019730573901128198
4,0.0003,43,0.8299158377964805,0.7873167786349464,0.49538383799571595,566.2027543993879,0.26506351135321893,2.0592019505997756,0.030466962734142674,0.0006046693311223912,0.0,0.0006046693311223912,50.38615515291589,0.019846721722765328
4,0.0003,44,0.8316748955563995,0.7936237437947506,0.48046881783526674,562.1241929358147,0.31404811874381267,2.245474022336409,0.028896660726889813,0.0006046693311223912,0.0,0.0006046693311223912,47.78919525032242,0.020925232047996314
4,0.0003,45,0.8346826057350382,0.7940496577075268,0.4796956491299554,559.9165468714534,0.32286064405343495,2.3051710536485386,0.0320166249471316,0.0006046693311223912,0.0,0.0006046693311223912,52.948981036795985,0.018886104707191008
4,0.0003,46,0.8487782736969514,0.8028527655588231,0.46038569634216225,559.831984265073,0.3611616851412691,2.4523211203073823,0.03212411326818633,0.0006046693311223912,0.0,0.0006046693311223912,53.12674484177549,0.018822911190554698
4,0.0003,47,0.8383238095238095,0.7959091700682976,0.47411812606423775,563.8342857142857,0.26729571644682437,2.0613599189225607,0.0313971080624517,0.0006046693311223912,0.0,0.0006046693311223912,51.92442620526525,0.019258758797773636
4,0.0003,48,0.8120210368144253,0.7749403787043231,0.519470624540262,556.0112697220135,0.3428349685273133,2.3433248623460807,0.02866135624266075,0.0006046693311223912,0.0,0.0006046693311223912,47.400049527002395,0.021097024369781087
4,0.0003,49,0.8435409934620877,0.801944611388918,0.4647083607241732,556.1363943788983,0.30022784214816056,2.2004014226609847,0.029327119949570584,0.0006046693311223912,0.0,0.0006046693311223912,48.50108718947824,0.020618094520094356
4,0.00045,0,0.7702180299984537,0.7162363528808594,0.680935126966383,572.1458172259162,0.3166557618533261,2.236074280650482,0.03086140323739213,0.0009070039966835869,0.0,0.0009070039966835869,34.02565297422641,0.029389590282293047
4,0.00045,1,0.7734937912003679,0.7239529672095208,0.66277785770254,567.2425264448873,0.290820140595315,2.167649078296443,0.03166180885383294,0.0009070039966835869,0.0,0.0009070039966835869,34.90812495821706,0.02864662599887391
4,0.00045,2,0.7696650357546104,0.7212694988282675,0.6601366925792466,557.055701919458,0.3052853785047773,2.2038477788762787,0.03213090010049995,0.0009070039966835869,0.0,0.0009070039966835869,35.42531258735896,0.02822840299669893
4,0.00045,3,0.7778031166856708,0.7310284844298991,0.6362849179193404,562.5507411630558,0.3546744822524488,2.3840737790089244,0.0314893200295817,0.0009070039966835869,0.0,0.0009070039966835869,34.717950686789436,0.028803543418261465
4,0.00045,4,0.7784776504515444,0.7270015135938255,0.6572040218477772,561.6131896486302,0.3287791991897393,2.330370153805392,0.03234383550649978,0.0009070039966835869,0.0,0.0009070039966835869,35.660080467961926,0.028042561510718676
4,0.00045,5,0.7899019086001065,0.7366433621293474,0.636224224430345,562.7215420880541,0.25470924386172555,2.0111627589279437,0.031136237780955183,0.0009070039966835869,0.0,0.0009070039966835869,34.32866657126454,0.029130173114182912
4,0.00045,6,0.7704283110571082,0.7198774732076263,0.6673012653448612,561.9963547995139,0.3243433501338586,2.275482767666341,0.030285032836703907,0.0009070039966835869,0.0,0.0009070039966835869,33.39018675489806,0.029948919044404818
4,0.00045,7,0.7970289525541913,0.7492590498704708,0.5953698262899644,560.8908594815825,0.27660748481866904,2.110719567682901,0.03201270521880032,0.0009070039966835869,0.0,0.0009070039966835869,35.29499906930192,0.028332625764814292
4,0.00045,8,0.8006919374247894,0.7528554273780511,0.5871056220992185,556.5956678700361,0.35980141145410016,2.4155707617050677,0.03187023131266609,0.0009070039966835869,0.0,0.0009070039966835869,35.13791717478417,0.0284592850232348
4,0.00045,9,0.7618384401114207,0.7049881019289315,0.7113857809551571,572.5877437325905,0.49006286484654993,2.917825802927852,0.03210353683541644,0.0009070039966835869,0.0,0.0009070039966835869,35.395143740051154,0.02825246331373013
4,0.00045,10,0.7586943258084198,0.7107068336045048,0.6891133378786932,564.392312385601,0.26906026716460474,2.0702659402387686,0.03214066473236389,0.0009070039966835869,0.0,0.0009070039966835869,35.43607839643989,0.028219826946213826
4,0.00045,11,0.7598226570860724,0.7084932066252294,0.6995723899792874,565.6842990368445,0.25066666991915554,2.004686534885548,0.030159115286676277,0.0009070039966835869,0.0,0.0009070039966835869,33.2513587558065,0.03007395900251371
4,0.00045,12,0.7686394507052765,0.7164913195554116,0.6836663918786553,552.3247257258005,0.3365344000631012,2.3509894024209954,0.02971309896883016,0.0009070039966835869,0.0,0.0009070039966835869,32.7596119504154,0.0305253921051809
4,0.00045,13,0.7705216797023312,0.7175003730110605,0.6805238323596366,561.953755030754,0.3048365725262556,2.2172568589471973,0.03267922819832392,0.0009070039966835869,0.0,0.0009070039966835869,36.029861299193634,0.027754755748182147
4,0.00045,14,0.782506803749622,0.7267631728676032,0.6621015871004347,559.4517689749017,0.28860677703050897,2.1458762560589153,0.031686094777104164,0.0009070039966835869,0.0,0.0009070039966835869,34.93490094085884,0.02862466968756821
4,0.00045,15,0.7635206786850477,0.7016351966897262,0.7209302737342586,560.5515830934706,0.3021798333793413,2.204113335198545,0.031767093758544106,0.0009070039966835869,0.0,0.0009070039966835869,35.02420482676905,0.028551683184415894
4,0.00045,16,0.7875549492193421,0.7353903187720896,0.6340444815155234,560.8908594815825,0.2543031481327489,2.0151676176472875,0.03143221175515669,0.0009070039966835869,0.0,0.0009070039966835869,34.65498704535696,0.028855875741381327
4,0.00045,17,0.7293595531410207,0.6714398296050977,0.7902891332388963,566.2460019894406,0.26719804070307873,2.082188356354055,0.0291418856705588,0.0009070039966835869,0.0,0.0009070039966835869,32.129831596238375,0.031123723664865884
4,0.00045,18,0.7606844106463878,0.7073698990089632,0.705260244265457,562.7642585551331,0.3489891946082935,2.390944535453034,0.03061461409130415,0.0009070039966835869,0.0,0.0009070039966835869,33.75356029658624,0.029626504321712634
4,0.00045,19,0.7696343156920228,0.7188802685541593,0.6674870185527736,570.9120506094738,0.3344316670263652,2.332528349700967,0.032203880432260926,0.0009070039966835869,0.0,0.0009070039966835869,35.505775663627446,0.028164431879301607
4,0.00045,20,0.763021231098213,0.7096344507022236,0.6883225416468078,565.1667939514282,0.33578069583745673,2.3475691923469744,0.03145790136659631,0.0009070039966835869,0.0,0.0009070039966835869,34.68331063768241,0.02883231103415857
4,0.00045,21,0.7831747240197945,0.7313219001676735,0.6459174766645763,563.4057860677578,0.3345395216892939,2.3424298895298055,0.03032302044944421,0.0009070039966835869,0.0,0.0009070039966835869,33.43206927457736,0.029911400092737506
4,0.00045,22,0.7801871718785666,0.727218671753512,0.6466026652250896,563.0634558320019,0.27084009660757147,2.0662312299487766,0.030914378068003883,0.0009070039966835869,0.0,0.0009070039966835869,34.08405936582496,0.029339228325680866
4,0.00045,23,0.7812881562881563,0.7289075771193612,0.6474514172682225,564.7362637362637,0.4250302380823996,2.698740511625272,0.029915778475920588,0.0009070039966835869,0.0,0.0009070039966835869,32.98307238480324,0.030318582463553154
4,0.00045,24,0.7826513664502491,0.7365634059907964,0.6264258121310994,558.6928884191454,0.27058985602343455,2.0755339567607622,0.031161041559486614,0.0009070039966835869,0.0,0.0009070039966835869,34.35601350537081,0.029106985880177044
4,0.00045,25,0.7866998416647817,0.7373822986198558,0.6271037677643181,557.9780592626103,0.3336913257371634,2.3053261573092527,0.03244327758949185,0.0009070039966835869,0.0,0.0009070039966835869,35.76971844459232,0.027956608088738823
4,0.00045,26,0.773663172184931,0.7267640348950566,0.6505045700471765,558.1460894486763,0.3666681891481858,2.4521221985291537,0.028852644907600766,0.0009070039966835869,0.0,0.0009070039966835869,31.810934696097224,0.031435731441198
4,0.00045,27,0.7757386536704234,0.7247973776390334,0.6594832029980339,563.5342674383186,0.3315018361026887,2.3152770363818354,0.031052317383950725,0.0009070039966835869,0.0,0.0009070039966835869,34.23614173420615,0.029208898822873957
4,0.00045,28,0.7606889258196102,0.7122601843750709,0.6881607759511191,559.0299138842726,0.28398780888528563,2.1331019354977667,0.029062996968764555,0.0009070039966835869,0.0,0.0009070039966835869,32.04285435900161,0.031208206010494687
4,0.00045,29,0.767338649014593,0.7191600795282784,0.6687322176833957,556.6792537987062,0.31043117929948494,2.2400103594337324,0.029701224695893428,0.0009070039966835869,0.0,0.0009070039966835869,32.74652019670742,0.03053759587256992
4,0.00045,30,0.7545392902885557,0.7035767534493901,0.7108357041767319,557.5584268816394,0.30299997387919575,2.174126326152683,0.032677632880905555,0.0009070039966835869,0.0,0.0009070039966835869,36.02810241232633,0.027756110731434726
4,0.00045,31,0.7641602676195545,0.703413031002586,0.7162466151636216,562.6361286398541,0.3237832330050878,2.2892030232356224,0.028429543227223422,0.0009070039966835869,0.0,0.0009070039966835869,31.34445198827632,0.03190357261227688
4,0.00045,32,0.7532448045614825,0.6977316482315786,0.7231057339020699,555.2201215395004,0.2887086561822798,2.149509445978417,0.028951637804742813,0.0009070039966835869,0.0,0.0009070039966835869,31.920077431414832,0.03132824480606768
4,0.00045,33,0.7654095238095238,0.7105233149954244,0.6974690245791193,563.8342857142857,0.29217107334989123,2.1580314827819875,0.031921218068497674,0.0009070039966835869,0.0,0.0009070039966835869,35.194131652358706,0.02841382790397615
4,0.00045,34,0.7643903912977791,0.7135293475747033,0.6862125753988332,559.0299138842726,0.28670446496107616,2.1264780444359075,0.031305070919657715,0.0009070039966835869,0.0,0.0009070039966835869,34.51481033614304,0.02897306953916027
4,0.00045,35,0.8247033033487036,0.7815459055729026,0.5231018548164587,559.4095547660443,0.2968816783395596,2.1713306297756354,0.030836659010538982,0.0009070039966835869,0.0,0.0009070039966835869,33.99837169769001,0.029413173339355666
4,0.00045,36,0.7713211023259384,0.7186974107266749,0.672329038360711,568.0683964074615,0.2605036815511994,2.0389286065701473,0.028678974884246877,0.0009070039966835869,0.0,0.0009070039966835869,31.619458116072323,0.03162609543557279
4,0.00045,37,0.7731935088793631,0.7229355839069986,0.6650591925567857,566.4623392529088,0.39057160617085174,2.55127662016859,0.03026704656718869,0.0009070039966835869,0.0,0.0009070039966835869,33.37035633564855,0.02996671626582932
4,0.00045,38,0.7596000908884345,0.7088588208290215,0.7041437060930259,560.5092024539878,0.2879643827036489,2.1438676177784624,0.030463829447715404,0.0009070039966835869,0.0,0.0009070039966835869,33.587315556607045,0.029773144516852805
4,0.00045,39,0.7769784172661871,0.7276339656078278,0.645595102571181,560.4244604316547,0.2989388608839363,2.169140991277613,0.032751532907841024,0.0009070039966835869,0.0,0.0009070039966835869,36.10957948101145,0.027693482293967425
4,0.00045,40,0.7831582153190193,0.7326142184057298,0.6379088418637874,563.4486066697121,0.24257923438563012,1.9495507133888492,0.029955248784289006,0.0009070039966835869,0.0,0.0009070039966835869,33.02658962233774,0.03027863341129366
4,0.00045,41,0.7686206375585436,0.7144775442349698,0.6866062125926229,559.0299138842726,0.32612869967124425,2.2931174259226195,0.02829316757318362,0.0009070039966835869,0.0,0.0009070039966835869,31.194093605580704,0.03205735074863972
4,0.00045,42,0.7765456478809054,0.7240016412238167,0.6605592582112726,562.0815737505696,0.2636904906539712,2.0461928021541684,0.029550095341822433,0.0009070039966835869,0.0,0.0009070039966835869,32.57989540274445,0.03069377564409745
4,0.00045,43,0.7481079428178273,0.6877504170049001,0.7569391968771048,565.7274673190124,0.26309501062496565,2.046114621021143,0.03143557930020174,0.0009070039966835869,0.0,0.0009070039966835869,34.65869986807589,0.028852784547786788
4,0.00045,44,0.7616772823779193,0.7036176252214604,0.7064400290376639,561.1455868971792,0.2374868055630941,1.946408743147626,0.030473657479571294,0.0009070039966835869,0.0,0.0009070039966835869,33.598151266142864,0.029763542406802252
4,0.00045,45,0.7722832260507384,0.716827391837872,0.6766646385965679,560.4244604316547,0.2548222426848952,2.0173059267002156,0.030582843491085584,0.0009070039966835869,0.0,0.0009070039966835869,33.71853222577868,0.029657281441078695
4,0.00045,46,0.7658295281582953,0.7165781983275905,0.673095567475905,563.1917808219179,0.24938127389759757,1.9900027111407443,0.030003189787776444,0.0009070039966835869,0.0,0.0009070039966835869,33.07944606361334,0.030230252286478822
4,0.00045,47,0.8009290990785165,0.7491632236311767,0.6021547963428432,563.5771076079507,0.24896379228448495,1.9904471476725032,0.03274110714469987,0.0009070039966835869,0.0,0.0009070039966835869,36.09808475421942,0.02770230074001675
4,0.00045,48,0.7550022911257064,0.7043664883152561,0.7083804170940203,565.1667939514282,0.289781422005035,2.1550809790612475,0.033025493673051874,0.0009070039966835869,0.0,0.0009070039966835869,36.411629710351754,0.027463752871124635
4,0.00045,49,0.7569365691388826,0.7028606441578421,0.714472888853001,559.4939895667952,0.3179313001455739,2.264208355903928,0.030026538593596955,0.0009070039966835869,0.0,0.0009070039966835869,33.10518884523931,0.03020674507174137
4,0.0007,0,0.6551698170042924,0.5828453140632396,1.0613026085338682,557.3069508246103,0.3486981643072795,2.3610187032041243,0.03061256932320527,0.001410895105952246,0.0,0.001410895105952246,21.69726806341435,0.04608875168418954
4,0.0007,1,0.6728110599078341,0.6023787901843587,0.9996472669838472,559.0720707108861,0.2930375810537953,2.1488803329302355,0.030992579041523825,0.001410895105952246,0.0,0.001410895105952246,21.9666075180027,0.04552364306506826
4,0.0007,2,0.684068684068684,0.6092222479912611,0.9886493690041567,569.8149688149688,0.23130598323768936,1.9078020049175417,0.03123113216814605,0.001410895105952246,0.0,0.001410895105952246,22.13568679655135,0.04517591928323615
4,0.0007,3,0.6642932094138809,0.5956085095580699,1.017858514910469,554.6801079298456,0.28043834675918333,2.110014573872867,0.031201557647909953,0.001410895105952246,0.0,0.001410895105952246,22.114725266447994,0.04521873945760382
4,0.0007,4,0.6953220858895706,0.6293000281159192,0.9224935564895762,567.5030674846626,0.3567927430267446,2.4237982510722764,0.0303096119295924,0.001410895105952246,0.0,0.001410895105952246,21.482540978222286,0.04654942825496016
4,0.0007,5,0.694279317532618,0.6217277768182677,0.9557080297278039,571.3080367482437,0.28416496349382214,2.1306416207377286,0.031713565086844336,0.001410895105952246,0.0,0.001410895105952246,22.47762073385329,0.04448869441479237
4,0.0007,6,0.6791995148574894,0.612782290129946,0.9696161760169035,560.9757428744693,0.3119687548605725,2.266716817881434,0.03144483855479011,0.001410895105952246,0.0,0.001410895105952246,22.287155453393723,0.044868893300052226
4,0.0007,7,0.6697941888619855,0.602453440164841,0.9981555302335228,559.9588377723971,0.2948392194521148,2.1798109719210674,0.03014245547416242,0.001410895105952246,0.0,0.001410895105952246,21.364065512027256,0.04680757037732511
4,0.0007,8,0.7346519589197413,0.676673502209768,0.8040497149777398,562.977938379612,0.30273353966185823,2.2118547394853074,0.03250565248227054,0.001410895105952246,0.0,0.001410895105952246,23.039028447356984,0.04340460806691348
4,0.0007,9,0.6899833811754041,0.6253000276402315,0.9292198694699523,559.0299138842726,0.42244336078874767,2.634630416926032,0.03257249078276346,0.001410895105952246,0.0,0.001410895105952246,23.086401423711457,0.04331554241160016
4,0.0007,10,0.6618228849665246,0.6008425869117331,1.0009448291075904,563.0206938527084,0.43478451092960313,2.7320851190276243,0.029371978772056707,0.001410895105952246,0.0,0.001410895105952246,20.81797480772525,0.04803541214916421
4,0.0007,11,0.6893910379165071,0.6288732591515759,0.9253828455935718,566.852163921869,0.3043419698078651,2.189716581752634,0.031651743742081635,0.001410895105952246,0.0,0.001410895105952246,22.43380362476992,0.04457558855047952
4,0.0007,12,0.6810095788353353,0.6162896272027861,0.955333033699562,562.5934316557701,0.3248645308194682,2.298710723044963,0.03201142739731923,0.001410895105952246,0.0,0.001410895105952246,22.688736577418325,0.04407473270218498
4,0.0007,13,0.6862789813759027,0.6212263264883467,0.9468029503680486,562.5507411630558,0.35149554372765124,2.37867152578475,0.030395056054412905,0.001410895105952246,0.0,0.001410895105952246,21.543101203046962,0.04641857226472873
4,0.0007,14,0.7193699833409056,0.6533800431270287,0.8613840981025861,560.3820990458883,0.230722065345617,1.91314057667594,0.0306860545248875,0.001410895105952246,0.0,0.001410895105952246,21.74935216333943,0.045978380987622865
4,0.0007,15,0.690379403794038,0.6184338830024527,0.9539641083623587,557.0975609756098,0.3070994110603351,2.2081954718043453,0.033127791748877984,0.001410895105952246,0.0,0.001410895105952246,23.47998204056372,0.04258947039535263
4,0.0007,16,0.6819859865893166,0.6081169574641182,0.9893702732598526,557.5584268816394,0.30089906975626945,2.18255583843803,0.030383132857039294,0.001410895105952246,0.0,0.001410895105952246,21.534650399494446,0.04643678822032218
4,0.0007,17,0.6870257966616085,0.6200127682558803,0.9529059204767186,561.4855842185129,0.26543839112855494,2.059950376567264,0.030443053185741833,0.001410895105952246,0.0,0.001410895105952246,21.577120125592263,0.04634538780798262
4,0.0007,18,0.6950754688214666,0.6354328557446456,0.9019258351506828,564.1346241805153,0.28248930934933014,2.107158636699504,0.03179550978476818,0.001410895105952246,0.0,0.001410895105952246,22.535700670184585,0.04437403631842831
4,0.0007,19,0.6777180406212664,0.6160076929507513,0.9610537379999908,552.6129032258065,0.3814114953565877,2.4964085843950086,0.03204722637335986,0.001410895105952246,0.0,0.001410895105952246,22.714109814514128,0.04402549816682705
4,0.0007,20,0.6891385767790262,0.6326788048817761,0.9099682369150852,554.3483146067416,0.3485437803901732,2.3861464814150297,0.03307518510681358,0.001410895105952246,0.0,0.001410895105952246,23.44269603550036,0.042657209669299714
4,0.0007,21,0.6923367308418271,0.6282171153342531,0.9324349826802734,558.7349943374859,0.21648723824182525,1.8484405488670905,0.03439451638184273,0.001410895105952246,0.0,0.001410895105952246,24.37779834712026,0.04102093165924188
4,0.0007,22,0.6661940298507463,0.596661938872671,1.017143390539078,552.2835820895523,0.2801598327641841,2.1098795980962994,0.029381527792212193,0.001410895105952246,0.0,0.001410895105952246,20.824742865899953,0.048019800601594824
4,0.0007,23,0.6807265541875664,0.618321763876263,0.955536521562075,562.4227086183311,0.26912595334579237,2.0753964108378637,0.031714615415601735,0.001410895105952246,0.0,0.001410895105952246,22.478365175274174,0.044487221032425577
4,0.0007,24,0.6735463996919523,0.6018853729780688,1.005586885466886,569.9025798998845,0.39479019315331243,2.5648192939674566,0.030415160323732163,0.001410895105952246,0.0,0.001410895105952246,21.55735050424196,0.04638788981991198
4,0.0007,25,0.7080433969322858,0.6458815513373178,0.8790872576108637,553.7272727272727,0.3147598150826525,2.2434986557582284,0.03201570802167745,0.001410895105952246,0.0,0.001410895105952246,22.691770555167743,0.04406883973944746
4,0.0007,26,0.7083810833524333,0.6403212225559533,0.8967874372313406,565.3823057529223,0.3064825925102923,2.2110443806022246,0.03339695090699905,0.001410895105952246,0.0,0.001410895105952246,23.67075395336258,0.04224622510842937
4,0.0007,27,0.6750094804702313,0.5950243521564464,1.016989984507152,561.2730375426621,0.270372808969114,2.091963505595802,0.03174862922285357,0.001410895105952246,0.0,0.001410895105952246,22.502473138444746,0.04443955976961183
4,0.0007,28,0.6806645131518227,0.614368016077091,0.9675602215103095,569.158744808491,0.2615049374871887,2.047159005001869,0.03044851875915272,0.001410895105952246,0.0,0.001410895105952246,21.580993959577388,0.04633706871301041
4,0.0007,29,0.689008245706937,0.6222711904366396,0.9468715443608716,559.831984265073,0.33496246236609295,2.323142589218987,0.031144234155241552,0.001410895105952246,0.0,0.001410895105952246,22.074096099597412,0.045301968220489805
4,0.0007,30,0.676364727054589,0.6107081920085339,0.972667464997598,554.9292141571685,0.3225514478981495,2.27763647910148,0.03351392608684565,0.001410895105952246,0.0,0.001410895105952246,23.753662441281428,0.04209877118831589
4,0.0007,31,0.6977951689367146,0.6320545517024667,0.9200460314268067,556.8883286929039,0.3398863583279308,2.358678406917117,0.030159595101531694,0.001410895105952246,0.0,0.001410895105952246,21.37621356420843,0.04678096974453718
4,0.0007,32,0.6962676962676962,0.6352754213142816,0.9064800077260765,560.2550533727004,0.3087440315284766,2.2130917985310345,0.030682541502065484,0.001410895105952246,0.0,0.001410895105952246,21.746862238463233,0.045983645320165786
4,0.0007,33,0.6667170610023433,0.5934255057774193,1.0263920987697497,559.4095547660443,0.47260649310192093,2.8673341104719565,0.029304757903333815,0.001410895105952246,0.0,0.001410895105952246,20.770330678520107,0.04814559842488027
4,0.0007,34,0.6994972577696527,0.632206457627306,0.9193997881761071,563.7056672760511,0.3482645214535296,2.3688081260964458,0.03051450048030567,0.001410895105952246,0.0,0.001410895105952246,21.627759818268505,0.04623687374016987
4,0.0007,35,0.7024966362685006,0.6384404448196631,0.898435505705397,553.1901629541037,0.2864963151223492,2.124650602432602,0.031711954273486664,0.001410895105952246,0.0,0.001410895105952246,22.47647903781162,0.04449095422453512
4,0.0007,36,0.6865284974093264,0.6236699085473677,0.934414216162721,563.8771715940262,0.28662059784983285,2.1430845879588194,0.031405143953810465,0.001410895105952246,0.0,0.001410895105952246,22.25902111455295,0.04492560543671886
4,0.0007,37,0.6712422266039739,0.6053171459121613,0.9866176338819294,561.2305475504322,0.31048268056474626,2.234716807826822,0.03159166527621701,0.001410895105952246,0.0,0.001410895105952246,22.39122181580966,0.044660358788189705
4,0.0007,38,0.6739328573598663,0.6072597742187432,0.9706356068382133,562.0815737505696,0.23289249491062947,1.9285987003405585,0.03126256552936485,0.001410895105952246,0.0,0.001410895105952246,22.157965817214325,0.04513049655592072
4,0.0007,39,0.70864935263924,0.6472883081322532,0.8728154321734902,566.938864628821,0.35106492560589686,2.4122750186273154,0.03167247440898974,0.001410895105952246,0.0,0.001410895105952246,22.4484968977288,0.04454641237477124
4,0.0007,40,0.6750150875075438,0.6016911492300083,1.0037877520411134,558.2721786360893,0.36331275693373755,2.41978212434062,0.030880066309057447,0.001410895105952246,0.0,0.001410895105952246,21.886861878520566,0.04568951024364917
4,0.0007,41,0.6801842621960429,0.6138887502622784,0.9670254092799621,558.861350249207,0.2869874592288397,2.1468875170884116,0.029028133276169883,0.001410895105952246,0.0,0.001410895105952246,20.574267465885153,0.04860440361525054
4,0.0007,42,0.6483382766750323,0.580224917433233,1.057245441845591,562.8069815195072,0.414536573109217,2.635103064058532,0.02909985672263791,0.001410895105952246,0.0,0.001410895105952246,20.625102886722214,0.048484606621951365
4,0.0007,43,0.6719519704433498,0.6060807617669779,0.9850504606550549,569.5960591133005,0.3334874996508006,2.3169735417585526,0.031101588164744454,0.001410895105952246,0.0,0.001410895105952246,22.043869904668263,0.04536408554054425
4,0.0007,44,0.6755794576579306,0.6129379051778114,0.9830219981464476,560.5515830934706,0.2550853780703619,2.02176155125514,0.03259856996603191,0.001410895105952246,0.0,0.001410895105952246,23.10488556414006,0.04328088954277489
4,0.0007,45,0.6981088912612475,0.6243823671752669,0.9582389407081485,564.3063901174318,0.2978973289136775,2.194871393708463,0.03182930784578889,0.001410895105952246,0.0,0.001410895105952246,22.55965571891792,0.04432691759393415
4,0.0007,46,0.6826937661155771,0.6192731425188293,0.9422343627951939,561.2305475504322,0.2796870974416379,2.1185032883903334,0.03069690306779936,0.001410895105952246,0.0,0.001410895105952246,21.75704128414373,0.0459621318422918
4,0.0007,47,0.6730593607305936,0.608471998624094,0.9835243379876515,563.1917808219179,0.29716929074493237,2.1832881690507824,0.02947271714007397,0.001410895105952246,0.0,0.001410895105952246,20.889375131953656,0.047871226098589195
4,0.0007,48,0.7166929963138494,0.65204837003895,0.875074366732617,556.7210561949898,0.2992956823145505,2.178765612429819,0.032096324358058335,0.001410895105952246,0.0,0.001410895105952246,22.748908988805216,0.04395815203674611
4,0.0007,49,0.6966008268259072,0.6251257182895147,0.9396337662186016,566.5489205328433,0.2824116177507676,2.131668722040646,0.03271446846826583,0.001410895105952246,0.0,0.001410895105952246,23.187030935362184,0.04312755707221296
4,0.001,0,0.6028211971025543,0.5290236374495094,1.2417092396471165,564.2634388105223,0.27515494302497245,2.1068418624398797,0.031315506843406705,0.0020155644370746374,0.0,0.0020155644370746374,15.536842319393967,0.06436314274437498
4,0.001,1,0.6217856330122127,0.5503663438960995,1.1618993026395534,561.3580368656603,0.36975767769035883,2.4726700050523363,0.03163827275620171,0.0020155644370746374,0.0,0.0020155644370746374,15.696979056705853,0.06370652571985139
4,0.001,2,0.5957383177570094,0.5248902018859991,1.248441667464145,553.3140186915888,0.3093221679737326,2.228263742345623,0.03190587015291987,0.0020155644370746374,0.0,0.0020155644370746374,15.829744545020654,0.0631722133705914
4,0.001,3,0.6067939275514805,0.5344247315951319,1.2156241716023617,556.1781151360289,0.35955099991406314,2.4654179581329174,0.030941797763476612,0.0020155644370746374,0.0,0.0020155644370746374,15.351430693223142,0.06514050839844185
4,0.001,4,0.6190833959429001,0.5456961386550656,1.1898432850669827,556.0112697220135,0.32251627050573006,2.28642798728372,0.031285592989805704,0.0020155644370746374,0.0,0.0020155644370746374,15.522000891826204,0.06442468383870498
4,0.001,5,0.6069806178073894,0.528857413413302,1.2565557653602164,560.2973955178679,0.25060773792210966,1.990601287095991,0.03029933606065082,0.0020155644370746374,0.0,0.0020155644370746374,15.03268042604823,0.06652173608821128
4,0.001,6,0.6154429036902326,0.5387326752210053,1.205703729240882,560.7635826324165,0.3751106517156586,2.509692285928837,0.029760947486533136,0.0020155644370746374,0.0,0.0020155644370746374,14.765564890462032,0.06772514342786576
4,0.001,7,0.5994996588583125,0.5259029206792762,1.2420913101410067,561.018194223334,0.37201891891891137,2.4875520229013146,0.031288535359868634,0.0020155644370746374,0.0,0.0020155644370746374,15.523460716185479,0.06441862534926594
4,0.001,8,0.6040033488088896,0.5272641584981822,1.2333759727712343,563.2345688408554,0.3428283811954316,2.3650137807632245,0.03234135158148241,0.0020155644370746374,0.0,0.0020155644370746374,16.04580383866179,0.06232158949809269
4,0.001,9,0.6072788183340947,0.5370686919805682,1.211657011680234,563.4486066697121,0.2860835513274651,2.1339742675716327,0.032939392567236395,0.0020155644370746374,0.0,0.0020155644370746374,16.34251525842765,0.061190091255035634
4,0.001,10,0.6031853864734299,0.5296141248818156,1.2346855205585394,558.6086956521739,0.29132307317922823,2.1481439822330337,0.030706436378635515,0.0020155644370746374,0.0,0.0020155644370746374,15.234658745617885,0.0656398030764976
4,0.001,11,0.6085336172801947,0.5368203843449684,1.1979585491922975,562.849710982659,0.35005087387980893,2.4151822061580943,0.031381496590765036,0.0020155644370746374,0.0,0.0020155644370746374,15.569582402590765,0.06422779841761207
4,0.001,12,0.6036790548119345,0.5307714651195639,1.2317524621224998,553.3966200553353,0.34778488788288087,2.384243515032022,0.03069280230797557,0.0020155644370746374,0.0,0.0020155644370746374,15.227894352275179,0.06566896097821899
4,0.001,13,0.6606202017160921,0.594727204915546,1.0480542759448799,557.0138491645341,0.29970132833113894,2.1918152204964807,0.033700365337004094,0.0020155644370746374,0.0,0.0020155644370746374,16.720063480538652,0.059808385366715365
4,0.001,14,0.6028736929210863,0.5248483823087096,1.260479495009468,556.7210561949898,0.3745785860228352,2.4910653839075994,0.03183066601936162,0.0020155644370746374,0.0,0.0020155644370746374,15.792432846037018,0.06332146603054524
4,0.001,15,0.6065783531536956,0.5324159659223149,1.2224010405361483,557.0138491645341,0.29991911246906966,2.198228245446563,0.03222127356768624,0.0020155644370746374,0.0,0.0020155644370746374,15.986228460376962,0.06255384141910478
4,0.001,16,0.6141279337321676,0.5366164544803405,1.209288501402516,567.5899677864703,0.29820184226264246,2.1740047214591507,0.03048046616406723,0.0020155644370746374,0.0,0.0020155644370746374,15.12254612326171,0.06612643081721445
4,0.001,17,0.5956100906943068,0.5231101838942736,1.2505995163553945,564.0058684551483,0.3015307250607293,2.211066133650011,0.029817124330516715,0.0020155644370746374,0.0,0.0020155644370746374,14.793436410196282,0.06759754611922057
4,0.001,18,0.586899300594119,0.5110104030917237,1.2932718543751545,556.5538843348123,0.2995774494484067,2.2063367163132463,0.033688276355628294,0.0020155644370746374,0.0,0.0020155644370746374,16.714065666153047,0.05982984750532948
4,0.001,19,0.6017046763418568,0.5320224297946253,1.22622259624707,568.2425708362128,0.3589317946752999,2.4234777738849314,0.02998100949468674,0.0020155644370746374,0.0,0.0020155644370746374,14.874746221560034,0.06722803771606949
4,0.001,20,0.5892364305427783,0.5130429354774865,1.2984584964858465,567.329346826127,0.4059976769494824,2.612548808537909,0.030379512771355685,0.0020155644370746374,0.0,0.0020155644370746374,15.072459214178284,0.06634617389173793
4,0.001,21,0.6232682740145427,0.5428513852451381,1.1899196747033245,566.4190585533869,0.3812720187997911,2.491869307444937,0.03260402517115856,0.0020155644370746374,0.0,0.0020155644370746374,16.176126434578094,0.0618194970250974
4,0.001,22,0.6014928783608805,0.5301753965161784,1.2296671396578174,563.6628075253257,0.27603061293484643,2.100528134565094,0.032185836632195416,0.0020155644370746374,0.0,0.0020155644370746374,15.968646816823926,0.06262271383862282
4,0.001,23,0.6271731638201731,0.5567991579189263,1.1648281924716122,566.7654897755993,0.3482115686638281,2.3671163223341267,0.0320501752300114,0.0020155644370746374,0.0,0.0020155644370746374,15.901339912768348,0.06288778212941834
4,0.001,24,0.6093037397385224,0.5341425478725181,1.2240491324327707,562.508057160231,0.2887526063423138,2.1513974587879687,0.03189766406986485,0.0020155644370746374,0.0,0.0020155644370746374,15.82567318768567,0.06318846523243786
4,0.001,25,0.6248197343453511,0.5518003127437079,1.1592177902509306,561.6982922201139,0.34712056920398027,2.3736920311277796,0.03269640459573286,0.0020155644370746374,0.0,0.0020155644370746374,16.221959464212404,0.061644834103187135
4,0.001,26,0.6157088122605364,0.5399698627935126,1.1932801537043092,567.0689655172414,0.39432112290523946,2.5622232735875383,0.03259918841536814,0.0020155644370746374,0.0,0.0020155644370746374,16.173726731695144,0.06182866921080912
4,0.001,27,0.6012765302983697,0.5332225842595265,1.2307725309035542,569.0713626576438,0.35756627831142396,2.4135811931124076,0.031009729135066392,0.0020155644370746374,0.0,0.0020155644370746374,15.385134091804819,0.06499780853601198
4,0.001,28,0.606703146374829,0.5306198252408202,1.2177664324991369,562.4227086183311,0.30543912400025874,2.2269680624531,0.03245120303244443,0.0020155644370746374,0.0,0.0020155644370746374,16.100305420919046,0.06211062298859903
4,0.001,29,0.6259449652252798,0.5508048418529237,1.1738883081138454,559.4517689749017,0.25632747504278086,2.0186998335489594,0.031748758051077984,0.0020155644370746374,0.0,0.0020155644370746374,15.75179511360981,0.06348482777915156
4,0.001,30,0.5924571428571429,0.5172220780444856,1.2696008966565675,563.8342857142857,0.33841844720882364,2.3379297720146353,0.031188020326773064,0.0020155644370746374,0.0,0.0020155644370746374,15.473591294376542,0.06462623840681529
4,0.001,31,0.6163904515736658,0.5379650590415733,1.2051003855609015,562.5934316557701,0.3053071068134159,2.2413272622618123,0.02881796327631255,0.0020155644370746374,0.0,0.0020155644370746374,14.297713705515934,0.0699412521887474
4,0.001,32,0.605149890508193,0.5336165932189092,1.2083288258913891,558.8192252510761,0.24624101165682077,1.9886116629405186,0.032641660099410864,0.0020155644370746374,0.0,0.0020155644370746374,16.19479858792633,0.06174822086058716
4,0.001,33,0.6351300414624953,0.5672582499862512,1.1241312653820739,557.894082171127,0.32039523706771433,2.257420329914508,0.03453513877691046,0.0020155644370746374,0.0,0.0020155644370746374,17.13422708878228,0.058362714280511464
4,0.001,34,0.6204855842185129,0.5520751107057594,1.1836240875436137,561.4855842185129,0.2632703013077844,2.0478865765915453,0.030123615088828343,0.0020155644370746374,0.0,0.0020155644370746374,14.945498409641194,0.06690977929213185
4,0.001,35,0.5975316074653823,0.5208104583582959,1.265155465314978,556.9301625526791,0.3881809315062128,2.544522624549832,0.030844760014166053,0.0020155644370746374,0.0,0.0020155644370746374,15.303286487299664,0.06534544072150182
4,0.001,36,0.6125777575481718,0.5417093684314427,1.190423230227427,561.4005461993628,0.2723822003172245,2.0878587487104094,0.029823348296849215,0.0020155644370746374,0.0,0.0020155644370746374,14.796524362244858,0.06758343888863674
4,0.001,37,0.5997252118158919,0.5245722797606492,1.2512987008106642,564.865353789787,0.2857379241613671,2.133412756921518,0.029874015066364303,0.0020155644370746374,0.0,0.0020155644370746374,14.821662119482044,0.0674688163809624
4,0.001,38,0.6384011090573013,0.5589036460976615,1.1663553596180218,569.9463955637708,0.32341566390823573,2.2619280165573006,0.03209619414413612,0.0020155644370746374,0.0,0.0020155644370746374,15.924171687966522,0.062797614820724
4,0.001,39,0.6150681800868439,0.5414594217997134,1.2052767402347946,563.7485335567914,0.26590083620976657,2.063752540410772,0.030884345050273616,0.0020155644370746374,0.0,0.0020155644370746374,15.322926165088887,0.06526168626188111
4,0.001,40,0.6058006225799104,0.5312268859502833,1.2282979200431643,561.8685748994002,0.37248094339156523,2.4870827764984833,0.030904828740509774,0.0020155644370746374,0.0,0.0020155644370746374,15.333088921416286,0.06521843088011206
4,0.001,41,0.6106052490626673,0.5335010115641108,1.217576541769831,566.2460019894406,0.33044432755559683,2.3162501721304913,0.032796382886443425,0.0020155644370746374,0.0,0.0020155644370746374,16.271562587224274,0.061456912612999855
4,0.001,42,0.602589641434263,0.5308790437236884,1.2202642376193293,566.9822249463683,0.3188044836279005,2.2734469285881715,0.03207094670399052,0.0020155644370746374,0.0,0.0020155644370746374,15.911645449816456,0.0628470514349938
4,0.001,43,0.7156728872705204,0.6593209617913829,0.9024274759158288,561.4005461993628,0.4752545449300669,2.88195559225463,0.041420484432757684,0.0020155644370746374,0.0,0.0020155644370746374,20.55031517269416,0.048661054178318924
4,0.001,44,0.6132697114292206,0.5354612203880059,1.2089246050340392,560.5092024539878,0.25372652761870995,2.0154585719847207,0.031875374935334044,0.0020155644370746374,0.0,0.0020155644370746374,15.814614680142663,0.06323265031905154
4,0.001,45,0.5981132075471698,0.5279719975457232,1.227469949946157,558.5245283018868,0.3807313619181514,2.50436926249194,0.030856119799571976,0.0020155644370746374,0.0,0.0020155644370746374,15.30892251917092,0.06532138357534496
4,0.001,46,0.6031385035251308,0.5226182694076444,1.2527148055301942,561.018194223334,0.22588547097984701,1.889480374907595,0.02966959466834062,0.0020155644370746374,0.0,0.0020155644370746374,14.720241200228092,0.06793366945539621
4,0.001,47,0.6188238860260685,0.5325024243141612,1.2254378527996383,560.806001818733,0.26705438271164894,2.0536206268608823,0.03183864723493028,0.0020155644370746374,0.0,0.0020155644370746374,15.796392637856053,0.06330559279740237
4,0.001,48,0.6140539709387253,0.5376855284178891,1.2103622236883314,568.9403398170216,0.2602607646549586,2.0547382589539533,0.0304688323833216,0.0020155644370746374,0.0,0.0020155644370746374,15.116774151633498,0.0661516795825081
4,0.001,49,0.6016999701759618,0.5273180739364683,1.2456532117262304,551.7903370116313,0.2650503642798867,2.051423516919791,0.030704303759499712,0.0020155644370746374,0.0,0.0020155644370746374,15.233600670223929,0.06564436219958367
4,0.0014,0,0.5194903113925959,0.4419694122756152,1.530609937394889,557.9780592626103,0.27762781124329194,2.099427580541832,0.030447901050524962,0.002821790211904492,0.0,0.002821790211904492,10.790278073143844,0.09267601754295114
4,0.0014,1,0.5304413428894756,0.4630439260055559,1.463447832386941,558.3142210486609,0.352339480567025,2.4156602037043093,0.029414429227981143,0.002821790211904492,0.0,0.002821790211904492,10.424031206816279,0.09593217634902125
4,0.0014,2,0.5839472068753837,0.4995714792555602,1.3761399713516114,567.8508287292817,0.37337598035810515,2.486832214063483,0.03143428077616108,0.002821790211904492,0.0,0.002821790211904492,11.13983620878228,0.08976792667845807
4,0.0014,3,0.49631318890155834,0.41848152725777676,1.6238248983172445,562.5507411630558,0.32368646090617403,2.2925155338470393,0.030807071717036495,0.002821790211904492,0.0,0.002821790211904492,10.91756275398095,0.09159553487662461
4,0.0014,4,0.5201786814540974,0.4428724628894935,1.5318709046273116,569.9463955637708,0.3030053120746743,2.216085967544946,0.031199781193697398,0.002821790211904492,0.0,0.002821790211904492,11.056733084576098,0.09044262824748643
4,0.0014,5,0.5641711229946524,0.4847444889548437,1.4102863327472552,565.3391902215432,0.23784783369046636,1.9410184508864337,0.030524638463749053,0.002821790211904492,0.0,0.002821790211904492,10.817472657950452,0.09244303467363388
4,0.0014,6,0.5473778978167905,0.4730327250406411,1.445893561722849,555.2201215395004,0.35671640461077914,2.392040039034902,0.031579998884664506,0.002821790211904492,0.0,0.002821790211904492,11.191476514248176,0.0893537147423642
4,0.0014,7,0.5143547899667573,0.43143744362452086,1.5559638590995784,559.114233907525,0.2900623243767768,2.148211349417323,0.03009677286549754,0.002821790211904492,0.0,0.002821790211904492,10.665843526753367,0.093757235186479
4,0.0014,8,0.5355971003433804,0.45794341465543925,1.4827682339363348,564.6932468523464,0.3697757756744977,2.4668565498889783,0.033205755393040104,0.002821790211904492,0.0,0.002821790211904492,11.767620162885448,0.08497894953764361
4,0.0014,9,0.5176131187367142,0.44986299442676075,1.498782761279049,561.8259945338597,0.26753321135765873,2.0459389482003467,0.03045585089848342,0.002821790211904492,0.0,0.002821790211904492,10.793095379662564,0.0926518264523355
4,0.0014,10,0.5011940298507462,0.4286816716762358,1.5829751163584715,552.2835820895523,0.3109199687605724,2.2480915172151015,0.030359959623745117,0.002821790211904492,0.0,0.002821790211904492,10.759112954486604,0.09294446523892985
4,0.0014,11,0.5067340067340067,0.4330653019091955,1.5711413340318718,566.2892561983471,0.2765216903935652,2.10209502675999,0.02886304646910339,0.002821790211904492,0.0,0.002821790211904492,10.228629452089228,0.09776480853901175
4,0.0014,12,0.5803124526012438,0.5116595279429416,1.3616895647955756,561.2305475504322,0.25312464527087286,2.005142802110468,0.03213913397686659,0.002821790211904492,0.0,0.002821790211904492,11.389625579279027,0.0877991987567427
4,0.0014,13,0.5173768062245276,0.4457128126301999,1.5444446810788202,548.402741756206,0.2655770816199947,2.0445430542599805,0.03260759646311895,0.002821790211904492,0.0,0.002821790211904492,11.555641636842775,0.08653781688865347
4,0.0014,14,0.5406898611318501,0.46277793328463057,1.473477578657175,552.5305360609228,0.233526856492972,1.9333586724757224,0.03193608933022991,0.002821790211904492,0.0,0.002821790211904492,11.31766961112091,0.08835741229072326
4,0.0014,15,0.519894099848714,0.44806165163488904,1.5308216851194396,559.7897125567322,0.4472964031738229,2.7566848505021655,0.031132320154470147,0.002821790211904492,0.0,0.002821790211904492,11.032825907159916,0.0906386095833376
4,0.0014,16,0.5465168878166465,0.4677654588112082,1.4496343305812924,557.9360675512665,0.36755355403875,2.4479112158073155,0.03189035796642056,0.002821790211904492,0.0,0.002821790211904492,11.301463103770928,0.08848411845598406
4,0.0014,17,0.5482967448902347,0.46983509298896287,1.4430195286274052,560.2127176381529,0.27654070951393805,2.0924067390003724,0.03316566920693607,0.002821790211904492,0.0,0.002821790211904492,11.753414221587999,0.08508166062617424
4,0.0014,18,0.5200578518687676,0.4391852021176737,1.5557541160280857,563.3201644211007,0.2729128384962678,2.075085060666799,0.032160263304269875,0.002821790211904492,0.0,0.002821790211904492,11.397113495040498,0.08774151458921192
4,0.0014,19,0.5206867861735118,0.4422829296677255,1.5381274297399317,559.7474472430225,0.28247366813593544,2.123212282759325,0.031070139388180665,0.002821790211904492,0.0,0.002821790211904492,11.010789979036288,0.09082000491371867
4,0.0014,20,0.5106768278880254,0.43582714977288944,1.555156792175931,558.398324907568,0.2795699152338784,2.1346164393662246,0.03027380107735576,0.002821790211904492,0.0,0.002821790211904492,10.728579661818044,0.0932089830640771
4,0.0014,21,0.5347750734684651,0.4600286682880339,1.4901484590982814,557.6423027654283,0.3533790995425079,2.4348226681121323,0.03058387866014117,0.002821790211904492,0.0,0.002821790211904492,10.838466492340476,0.09226397486274447
4,0.0014,22,0.5474157645982619,0.47660166588299985,1.4591245881188881,564.1346241805153,0.3653504382527899,2.4442427593399882,0.03051614868340837,0.002821790211904492,0.0,0.002821790211904492,10.81446400751823,0.09246875289471568
4,0.0014,23,0.5221245701184563,0.44742336837711544,1.5247832604344937,565.5548337791364,0.330415405187523,2.324012149757575,0.031503832730690545,0.002821790211904492,0.0,0.002821790211904492,11.164484375125774,0.08956974333969046
4,0.0014,24,0.5309821767159651,0.4499519067466158,1.507668358485685,561.2730375426621,0.3235706384293735,2.2674826531626193,0.029779761610530697,0.002821790211904492,0.0,0.002821790211904492,10.553499507120213,0.09475529887743134
4,0.0014,25,0.551837712403623,0.46583292815313726,1.4649976174444765,553.9755221199191,0.49272651827777736,2.934643884894165,0.028441059900617235,0.002821790211904492,0.0,0.002821790211904492,10.079083760596681,0.0992153675624182
4,0.0014,26,0.4898763934177599,0.4118795219296507,1.639747427248818,561.1880640024266,0.36977851545088924,2.509388024069315,0.031349304080234994,0.002821790211904492,0.0,0.002821790211904492,11.109721746138108,0.09001125526367154
4,0.0014,27,0.5070898041863605,0.4234648086373051,1.591929916310522,555.2201215395004,0.2594941724091768,2.012079126501051,0.029706805458025072,0.002821790211904492,0.0,0.002821790211904492,10.527644944226827,0.09498800589284521
4,0.0014,28,0.5290848180295417,0.4497385374404538,1.5074683788868724,563.4486066697121,0.357562800811138,2.4324286609120302,0.03002929490270678,0.002821790211904492,0.0,0.002821790211904492,10.641930351880875,0.09396791436651887
4,0.0014,29,0.5107919136646907,0.42852407317238556,1.5929100685771003,562.4227086183311,0.33398836135165766,2.338974103866903,0.02946438503472632,0.002821790211904492,0.0,0.002821790211904492,10.441734793190072,0.09576952678899521
4,0.0014,30,0.5013717421124828,0.41871868873129975,1.604817152352449,563.9629629629629,0.31291663460433483,2.254448428069551,0.031764830432129215,0.002821790211904492,0.0,0.002821790211904492,11.25697803405817,0.0888337879823949
4,0.0014,31,0.43852892312339525,0.366497110616385,1.8180357211885214,558.861350249207,0.34244375288835727,2.3631005230153663,0.03262609903580326,0.002821790211904492,0.0,0.002821790211904492,11.562198670248822,0.086488740465353
4,0.0014,32,0.5159530125047367,0.4384264323574119,1.5514178224749455,560.8484274346343,0.37188815974514,2.4773097939557145,0.031971454767796836,0.002821790211904492,0.0,0.002821790211904492,11.330202590155897,0.08825967515080774
4,0.0014,33,0.522969552879822,0.44172451223314796,1.5480852752933985,567.5465143032441,0.3536531161807943,2.3910406394536134,0.03225865277471224,0.002821790211904492,0.0,0.002821790211904492,11.431981243191045,0.08747390139356691
4,0.0014,34,0.5410132689987938,0.4686151462055305,1.4771891396820391,557.9360675512665,0.4033013249281794,2.572861776172575,0.03157988341209673,0.002821790211904492,0.0,0.002821790211904492,11.191435592507329,0.08935404146627092
4,0.0014,35,0.5238776739981922,0.4469811629775806,1.528161947021661,557.4326604398915,0.26485451494227163,2.076367994070005,0.03143960684816366,0.002821790211904492,0.0,0.002821790211904492,11.141723688574402,0.08975271941319803
4,0.0014,36,0.5062628102937827,0.42495163916376544,1.6023782829710724,561.7834206331132,0.3296241723001003,2.311863326418806,0.029545287052297718,0.002821790211904492,0.0,0.002821790211904492,10.470405251124928,0.09550728706442008
4,0.0014,37,0.49665450121654503,0.4215344492887589,1.61433013741072,562.6788321167883,0.2584765598294325,2.0338334440396295,0.030088066855945287,0.002821790211904492,0.0,0.002821790211904492,10.662758247941525,0.09378436392788449
4,0.0014,38,0.5303905181583346,0.4526154059802329,1.5183263951056594,562.2520893481234,0.3072426669532433,2.236449532192415,0.032470589632966285,0.002821790211904492,0.0,0.002821790211904492,11.50708847737165,0.08690295568392219
4,0.0014,39,0.5354294478527607,0.4565483013187378,1.4903884090728827,567.5030674846626,0.30399273737566546,2.1986380326735295,0.031424358648987516,0.002821790211904492,0.0,0.002821790211904492,11.136319956180754,0.08979627057545085
4,0.0014,40,0.5162660195647228,0.4379390194775328,1.5583521479392832,561.1880640024266,0.3486036228132434,2.3738402949538004,0.03044635408545515,0.002821790211904492,0.0,0.002821790211904492,10.789729851995693,0.09268072636823597
4,0.0014,41,0.5315246465418418,0.45310710059413106,1.5216362182538141,565.5548337791364,0.2596663713629823,2.043627488838931,0.030966649831487104,0.002821790211904492,0.0,0.002821790211904492,10.974114837044173,0.09112352247530749
4,0.0014,42,0.5232584872404016,0.4471397146330996,1.5345715091628773,567.1123457736225,0.47793229614035226,2.91000210211126,0.03063055878730286,0.002821790211904492,0.0,0.002821790211904492,10.855009227149308,0.09212336710860773
4,0.0014,43,0.5074671669793621,0.4324464490008946,1.587695002619636,555.3864915572233,0.2758071269490756,2.091734961824566,0.030895599830408023,0.002821790211904492,0.0,0.002821790211904492,10.948935785540153,0.09133307744124888
4,0.0014,44,0.5121149583428877,0.43660458679868935,1.5759626597240233,565.641137353818,0.30790584222995676,2.236426129490491,0.03045355655322001,0.002821790211904492,0.0,0.002821790211904492,10.792282298217414,0.09265880676278941
4,0.0014,45,0.5329210347688362,0.4585232428525113,1.4847738203894347,558.1460894486763,0.32826868529082276,2.311008425385455,0.03138840280609286,0.002821790211904492,0.0,0.002821790211904492,11.123577746379699,0.08989913342633506
4,0.0014,46,0.5901142986904852,0.513669114751483,1.3274325285569857,560.1703883127697,0.3403010811889544,2.3708656173653093,0.03040129306454281,0.002821790211904492,0.0,0.002821790211904492,10.773760904083748,0.09281809842475289
4,0.0014,47,0.5165737532017478,0.43700445600418086,1.5608536629753715,557.51649841796,0.4114971609960776,2.630420403578887,0.02986212944312911,0.002821790211904492,0.0,0.002821790211904492,10.582689427848877,0.09449393812582745
4,0.0014,48,0.5357665357665358,0.4511550101484786,1.5231303592910728,569.8149688149688,0.32141545866033994,2.2676186259251034,0.030236831729550395,0.002821790211904492,0.0,0.002821790211904492,10.715478281123831,0.0933229459072844
4,0.0014,49,0.527190332326284,0.45042942861340646,1.5336756448672595,558.9456193353475,0.2128685576026328,1.8447997586138785,0.030090742702375283,0.002821790211904492,0.0,0.002821790211904492,10.6637065276608,0.09377602406874946
4,0.0018,0,0.46749632836051636,0.3842136410939544,1.7894424454663638,572.0133724974878,0.33501748761045747,2.309503187406876,0.029922038263069467,0.0036280159867343475,0.0,0.0036280159867343475,8.24749349850658,0.1212489588723017
4,0.0018,1,0.47110875813038877,0.3988312720361612,1.7203181218008137,559.7051883224929,0.29118663468398154,2.147306097897003,0.03180037599788001,0.0036280159867343475,0.0,0.0036280159867343475,8.765224881631292,0.11408720409394567
4,0.0018,2,0.45010229597635826,0.37170356667211624,1.8363528403427243,560.7635826324165,0.30675646458985284,2.224971434658307,0.0306686073491004,0.0036280159867343475,0.0,0.0036280159867343475,8.453272383925146,0.11829738290482786
4,0.0018,3,0.46600406595888866,0.3878552507084332,1.7706210725910645,557.2231759656653,0.32176131100277416,2.285092151965186,0.031910737098515045,0.0036280159867343475,0.0,0.0036280159867343475,8.795644014578492,0.11369264130546129
4,0.0018,4,0.47634021013881434,0.39138744627254457,1.7619281790686812,567.5465143032441,0.28716896413243376,2.134608436646702,0.029727599756780743,0.0036280159867343475,0.0,0.0036280159867343475,8.193899879570038,0.12204200865247494
4,0.0018,5,0.4266180492251595,0.3506693999592255,1.8999894690288994,562.1668185961714,0.25756359167280607,2.037284190656793,0.02919370517376911,0.0036280159867343475,0.0,0.0036280159867343475,8.046741050897896,0.12427391333643263
4,0.0018,6,0.4542626472113177,0.38400362897799006,1.8140846256775862,548.1594696689134,0.3235326903813984,2.2989084342529633,0.030925967842037883,0.0036280159867343475,0.0,0.0036280159867343475,8.524209362670144,0.11731293278403919
4,0.0018,7,0.496416305808571,0.42628174035733707,1.6724788581552834,552.5305360609228,0.2691570768074598,2.055997279359234,0.032327830108383006,0.0036280159867343475,0.0,0.0036280159867343475,8.91060850519624,0.11222578114803808
4,0.0018,8,0.44908656440299083,0.3724924205152053,1.8525844579708388,570.4288136899714,0.43046892422717065,2.699291079008657,0.03128055279686865,0.0036280159867343475,0.0,0.0036280159867343475,8.621944586585167,0.11598311610073372
4,0.0018,9,0.4751920122887865,0.39707717312935353,1.7308980077973515,568.3732718894009,0.21792595513397828,1.8627645820159224,0.030225376422098965,0.0036280159867343475,0.0,0.0036280159867343475,8.331103427497698,0.1200321192387785
4,0.0018,10,0.4342999546896239,0.3522589698169974,1.9042270574139848,558.861350249207,0.5048715236771386,2.9956180485268806,0.02981071353945841,0.0036280159867343475,0.0,0.0036280159867343475,8.216808759514771,0.12170174933693519
4,0.0018,11,0.4424001832200931,0.3650312343080448,1.8661963197098008,564.9514466753187,0.27777603003778495,2.0999492489309164,0.03152110346685442,0.0036280159867343475,0.0,0.0036280159867343475,8.688248227711702,0.11509800063152414
4,0.0018,12,0.46801011416749677,0.386794919024848,1.787260094487533,567.025591908666,0.3813246364297811,2.489410614157137,0.032610975699973295,0.0036280159867343475,0.0,0.0036280159867343475,8.988652701425142,0.11125137806708796
4,0.0018,13,0.4835148100205589,0.40626178486007947,1.7079352380001245,563.4914337927358,0.30264469332178123,2.204534989040706,0.03200390859545393,0.0036280159867343475,0.0,0.0036280159867343475,8.8213251298987,0.11336165318412696
4,0.0018,14,0.4297053884903068,0.3515188600001833,1.8808865164665995,564.8223172034803,0.689463501854334,3.7382110698924116,0.03238089165114053,0.0036280159867343475,0.0,0.0036280159867343475,8.925234003802515,0.11204188031080856
4,0.0018,15,0.45159323067540785,0.37578263715009225,1.820724197916764,564.1346241805153,0.28922140985378064,2.1472029309628278,0.031045230623736625,0.0036280159867343475,0.0,0.0036280159867343475,8.557082090390974,0.11686226559903316
4,0.0018,16,0.4453030303030303,0.3708295126203451,1.8300693811311877,560.6363636363636,0.27511384279932827,2.081370494673436,0.02853445423350326,0.0036280159867343475,0.0,0.0036280159867343475,7.865029905556649,0.1271450982396773
4,0.0018,17,0.47826755904300333,0.4091701124134435,1.719067213923735,569.2898684514194,0.3060427105810959,2.2139596034626083,0.029988258488953506,0.0036280159867343475,0.0,0.0036280159867343475,8.26574596104428,0.12098121630073203
4,0.0018,18,0.5019619912287451,0.4302358231344371,1.6500402564104828,569.377317842579,0.32774947155849077,2.3158737686102695,0.03210343871785325,0.0036280159867343475,0.0,0.0036280159867343475,8.848758890599658,0.11301019864631351
4,0.0018,19,0.40790088826554466,0.33733333712669833,1.873972152609808,576.5960729312764,0.35225150088081136,2.396366909290969,0.02977146099291092,0.0036280159867343475,0.0,0.0036280159867343475,8.205989472419285,0.12186220849551987
4,0.0018,20,0.4646772228989038,0.3914175054688118,1.753914738216544,563.3629719853836,0.30317228083731607,2.1841819967575304,0.031821255617869935,0.0036280159867343475,0.0,0.0036280159867343475,8.770979988573012,0.11401234540528168
4,0.0018,21,0.4578674870563518,0.383977157345822,1.7642452881353048,555.3032940646807,0.3431913807289675,2.357257535045072,0.03027034043640763,0.0036280159867343475,0.0,0.0036280159867343475,8.343496982121788,0.11985382174198325
4,0.0018,22,0.4526132667725588,0.3857691688404945,1.749221281182658,559.7474472430225,0.3346771814976819,2.322159941054231,0.030607169601801966,0.0036280159867343475,0.0,0.0036280159867343475,8.43633812908088,0.11853484114783197
4,0.0018,23,0.4483333333333333,0.3654009110645152,1.8731487799806275,560.6363636363636,0.371104862424545,2.4866620057835096,0.029409666537209077,0.0036280159867343475,0.0,0.0036280159867343475,8.106267073999673,0.1233613438678125
4,0.0018,24,0.45940335229893897,0.38203063701409923,1.8087720526398925,568.9840073812087,0.23540195624809712,1.9201791140482078,0.03143206019125802,0.0036280159867343475,0.0,0.0036280159867343475,8.66370498536603,0.11542405953216463
4,0.0018,25,0.4570888468809074,0.38165497061846715,1.7931612115255393,559.578449905482,0.39761707923025824,2.563814945746925,0.03160779527769829,0.0036280159867343475,0.0,0.0036280159867343475,8.71214332937632,0.11478231730051067
4,0.0018,26,0.4648673100120627,0.38746573951801844,1.7727486353488824,557.9360675512665,0.3553266699309461,2.397328448320928,0.031522619449872266,0.0036280159867343475,0.0,0.0036280159867343475,8.688666082270059,0.11509246534868944
4,0.0018,27,0.4802456965192993,0.3975427558596926,1.7193398999776055,561.1880640024266,0.3215600738185458,2.2705302559721385,0.030221407421220974,0.0036280159867343475,0.0,0.0036280159867343475,8.330009440896617,0.12004788315010156
4,0.0018,28,0.47131736074370795,0.3873457135453625,1.7718173801826813,559.3251454916484,0.30637884594034404,2.2047536196401376,0.02919562107002723,0.0036280159867343475,0.0,0.0036280159867343475,8.047269134639842,0.12426575814339968
4,0.0018,29,0.45954788816180847,0.385501705021345,1.8000857077766532,550.3158834027365,0.32005589542677626,2.286932258982021,0.029511074587109748,0.0036280159867343475,0.0,0.0036280159867343475,8.134218453009982,0.12293744085886463
4,0.0018,30,0.48337730870712403,0.4041653356416129,1.722811426362212,557.894082171127,0.37225891777779907,2.4765362661998536,0.030334058813344972,0.0036280159867343475,0.0,0.0036280159867343475,8.361059853170406,0.11960206212622827
4,0.0018,31,0.44544696337857304,0.37348021652360536,1.8151272257524855,561.1031162332247,0.36795670026913285,2.481826856526369,0.0315234075675889,0.0036280159867343475,0.0,0.0036280159867343475,8.688883313318522,0.11508958791829749
4,0.0018,32,0.48281380992302414,0.4131236883296386,1.69086795217051,564.0058684551483,0.34847514421562664,2.3923710674223835,0.03224212412015941,0.0036280159867343475,0.0,0.0036280159867343475,8.886985128525085,0.11252409962859514
4,0.0018,33,0.4736365009820215,0.3983050385486913,1.7231530510531312,559.0299138842726,0.26771325775189325,2.067065104685223,0.030183704963373564,0.0036280159867343475,0.0,0.0036280159867343475,8.319617409002253,0.12019783492903757
4,0.0018,34,0.48715407486467943,0.4137103887516974,1.6906363086873133,564.1775558435618,0.2983565393660683,2.188782152178879,0.03051429738697735,0.0036280159867343475,0.0,0.0036280159867343475,8.410739505710916,0.11889560951459703
4,0.0018,35,0.49315801544224447,0.4207947758051704,1.664762285839275,565.7274673190124,0.3837504303082824,2.525411613725625,0.033133983252173795,0.0036280159867343475,0.0,0.0036280159867343475,9.132810707925898,0.10949531660961188
4,0.0018,36,0.46605422361640153,0.39524523284121876,1.7532057253285924,552.7365001120322,0.2499317833862733,1.9917180111413457,0.03236777288984568,0.0036280159867343475,0.0,0.0036280159867343475,8.921618043635078,0.11208729124123698
4,0.0018,37,0.46350419664268583,0.38562679816009093,1.7752098869152666,554.5971223021583,0.32600073944195174,2.293006138085439,0.031899244156429814,0.0036280159867343475,0.0,0.0036280159867343475,8.79247618342029,0.11373360349677945
4,0.0018,38,0.48747239357246214,0.40863600556967444,1.6953791167827823,563.5771076079507,0.303664316306822,2.1965644714389034,0.029363812433646476,0.0036280159867343475,0.0,0.0036280159867343475,8.093628181632532,0.12355398315299111
4,0.0018,39,0.47760970495731614,0.4049045876374952,1.7039125469360694,554.1825670211173,0.307955669995863,2.235530585936389,0.03168266715011276,0.0036280159867343475,0.0,0.0036280159867343475,8.732780468983266,0.1145110659258823
4,0.0018,40,0.4579524680073126,0.38121289958310456,1.7823555308414303,563.7056672760511,0.3867278313555289,2.525610484286293,0.029150097913117054,0.0036280159867343475,0.0,0.0036280159867343475,8.034721462006473,0.12445982162899705
4,0.0018,41,0.4385646150352033,0.37116989721333893,1.816141587737945,560.2550533727004,0.28649217390920967,2.137265116421445,0.030777789889488594,0.0036280159867343475,0.0,0.0036280159867343475,8.48336666707809,0.11787772935487509
4,0.0018,42,0.49028903502064536,0.4138246573102332,1.6813057071015385,565.8570117755008,0.30401573635754175,2.2089489374999576,0.03352442692425303,0.0036280159867343475,0.0,0.0036280159867343475,9.240429768455641,0.10822007472138719
4,0.0018,43,0.43840330350997936,0.36229323249638934,1.8724463090105907,565.9002064693738,0.23435142743983306,1.9434974128463907,0.030223618615507836,0.0036280159867343475,0.0,0.0036280159867343475,8.330618918444387,0.12003910031053663
4,0.0018,44,0.4319080949482654,0.35803139622987834,1.8753785521067554,563.0206938527084,0.41124381942790933,2.6379615228629105,0.02857092288327895,0.0036280159867343475,0.0,0.0036280159867343475,7.8750818595472145,0.12698280701522713
4,0.0018,45,0.45731383986061663,0.3840649342598707,1.7603590154303417,560.5939701537762,0.30006155418232083,2.1994443745990835,0.031094578036059133,0.0036280159867343475,0.0,0.0036280159867343475,8.57068385303561,0.11667680399222922
4,0.0018,46,0.44574086784107375,0.36874564879224503,1.8396617987369608,564.3493479752917,0.34840384728158824,2.4136872999605674,0.03288863691403668,0.0036280159867343475,0.0,0.0036280159867343475,9.06518522362974,0.11031214203912268
4,0.0018,47,0.44837622549019607,0.37662667518349635,1.8081811677040915,566.8088235294117,0.28294010658282787,2.1302580711235803,0.03254943053842101,0.0036280159867343475,0.0,0.0036280159867343475,8.971688839695393,0.11146173455943797
4,0.0018,48,0.4468358254040175,0.3737891986694136,1.812105955744584,558.861350249207,0.3195423792931251,2.279372180471919,0.031152166804824983,0.0036280159867343475,0.0,0.0036280159867343475,8.586557203367148,0.11646111198186139
4,0.0018,49,0.5437175175787221,0.4660663830599728,1.5347426065153713,565.5979822684194,0.29160393978236243,2.1453373317566173,0.029605413073406885,0.0036280159867343475,0.0,0.0036280159867343475,8.160221228808679,0.12254569722566105
4,0.0026,0,0.3320886992303589,0.2716848213591099,2.2929211062514376,563.9200640097539,0.27955600529094227,2.1124281631404145,0.02944801008713459,0.005240467536394057,0.0,0.005240467536394057,5.6193478697508805,0.17795659268276132
4,0.0026,1,0.3999239832763208,0.3186199763176953,2.081798552839238,562.5507411630558,0.35832114130607806,2.423871355277152,0.031157231171105134,0.005240467536394057,0.0,0.005240467536394057,5.945505998219443,0.16819426307861424
4,0.0026,2,0.39413880174458643,0.3306647955462211,2.052793988788147,566.2460019894406,0.34153530941694044,2.357180737565191,0.032202525176582696,0.005240467536394057,0.0,0.005240467536394057,6.144971789814981,0.16273467709932465
4,0.0026,3,0.3349547257352391,0.265074390913891,2.3107349701256754,553.8099977549952,0.2899393958505243,2.1540278167913143,0.03018774521730941,0.005240467536394057,0.0,0.005240467536394057,5.760506101347107,0.17359585814276768
4,0.0026,4,0.3930416286842905,0.3186271930495281,2.1279575218470184,562.1668185961714,0.3445092892216053,2.3627645328378657,0.029777649348717145,0.005240467536394057,0.0,0.005240467536394057,5.682250513320996,0.17598660911828565
4,0.0026,5,0.44686211635364176,0.37032554157443504,1.9181253198786894,564.9945029775538,0.3438824928889517,2.3841802058790904,0.03238081167017788,0.005240467536394057,0.0,0.005240467536394057,6.178992894297934,0.16183867130237595
4,0.0026,6,0.4637382749942805,0.39033263079671887,1.8781146939193318,564.3493479752917,0.30555894793360494,2.2154188397009498,0.03210509011297799,0.005240467536394057,0.0,0.005240467536394057,6.12637897096284,0.1632285571525519
4,0.0026,7,0.3628935532233883,0.2938792830842379,2.215266528254113,554.7631184407796,0.29287627374287695,2.160993285754151,0.0316066520309381,0.005240467536394057,0.0,0.005240467536394057,6.031265686016728,0.1658026775902882
4,0.0026,8,0.3680168649299804,0.30175350515499333,2.1672862266455173,557.1812979972896,0.3202641930547543,2.271305478320299,0.030842706471350307,0.005240467536394057,0.0,0.005240467536394057,5.885487555671996,0.16990945788956333
4,0.0026,9,0.3848187311178248,0.31589532791367153,2.1320793464460785,558.9456193353475,0.2508692776027601,1.9905327650643228,0.030122254774073043,0.005240467536394057,0.0,0.005240467536394057,5.748009040201026,0.17397328240197527
4,0.0026,10,0.366787221217601,0.298156795324655,2.16610766526531,557.6003616636528,0.30742408736841753,2.1866042425271246,0.03171354356732984,0.005240467536394057,0.0,0.005240467536394057,6.051663014241624,0.1652438342397221
4,0.0026,11,0.34787925105082157,0.2784439870553818,2.2993080889487816,565.5548337791364,0.35333530412754044,2.419935837983771,0.031180857581515405,0.005240467536394057,0.0,0.005240467536394057,5.950014452903341,0.16806681864647316
4,0.0026,12,0.39158328878026427,0.31816046160671657,2.113428104552042,565.2098831436646,0.314204637077637,2.247906998231958,0.030338330419555935,0.005240467536394057,0.0,0.005240467536394057,5.789241171491277,0.17273420995560382
4,0.0026,13,0.42974702834501677,0.36269104563716503,1.9723065010171736,563.8771715940262,0.34928022456006147,2.388702063456168,0.03192639907968781,0.005240467536394057,0.0,0.005240467536394057,6.092280671135734,0.16414214215997014
4,0.0026,14,0.3851315690266154,0.3086767325378293,2.16492124517429,557.9780592626103,0.2787375954212621,2.114562589648868,0.03259873369238915,0.005240467536394057,0.0,0.005240467536394057,6.220577356122732,0.1607567823291723
4,0.0026,15,0.38859749144811856,0.3169538688062861,2.1136169753581897,562.5507411630558,0.423192257178016,2.6567018047828013,0.03143347441214582,0.005240467536394057,0.0,0.005240467536394057,5.998219470657204,0.16671614049667868
4,0.0026,16,0.3602146474189404,0.2892219788012484,2.2038900214824713,559.3251454916484,0.3062843573570717,2.200631214969998,0.030230086876820075,0.005240467536394057,0.0,0.005240467536394057,5.768585849807833,0.1733527117453427
4,0.0026,17,0.3583307668617185,0.29277168907127854,2.2339391368371695,569.7711733908222,0.3163619569677394,2.2647738363889847,0.031416387710770176,0.005240467536394057,0.0,0.005240467536394057,5.994958940703152,0.16680681383994755
4,0.0026,18,0.36551099025606165,0.3019678074112577,2.180023945868776,558.9877634262407,0.31716403557220474,2.2576052902270094,0.030286470164609103,0.005240467536394057,0.0,0.005240467536394057,5.779345059248109,0.1730299869186388
4,0.0026,19,0.38628465518572863,0.3193311194721826,2.1217695219914843,571.4842072746931,0.3521183702396229,2.4017069299409264,0.03306510159024577,0.005240467536394057,0.0,0.005240467536394057,6.309570922940536,0.1584893825924309
4,0.0026,20,0.3520967132602947,0.29143456741140583,2.2523774377584864,559.1564034756328,0.2739074084383901,2.0924654538288645,0.02907782309520493,0.005240467536394057,0.0,0.005240467536394057,5.548707800070307,0.18022214108793566
4,0.0026,21,0.3625922263634289,0.29817808244740857,2.1892561292577124,562.8924469460713,0.3179983801092021,2.267039585850929,0.029685128945572126,0.005240467536394057,0.0,0.005240467536394057,5.664595523093028,0.17653511109897782
4,0.0026,22,0.36985984906822733,0.2954193922447193,2.2290559185340877,569.8587709841368,0.278888831846416,2.1205995520338417,0.030795535860686,0.005240467536394057,0.0,0.005240467536394057,5.876486333865599,0.17016971421121166
4,0.0026,23,0.3604415408875873,0.2934651582024836,2.2408532751716974,555.7195314259968,0.3596149712393526,2.4243729593045344,0.02930492938103778,0.005240467536394057,0.0,0.005240467536394057,5.59204482758849,0.17882546203250654
4,0.0026,24,0.3873030372231103,0.3161981589594548,2.1119905006672974,563.3201644211007,0.234285576880211,1.9469941057571387,0.03186931179889158,0.005240467536394057,0.0,0.005240467536394057,6.081387123871149,0.16443616885935772
4,0.0026,25,0.3981610261165199,0.3289509800584409,2.0828716157291662,571.7927677329625,0.2905939507181756,2.122562633769081,0.033230923002368414,0.005240467536394057,0.0,0.005240467536394057,6.341213407312598,0.15769852483545407
4,0.0026,26,0.36356117001278293,0.29231725089004007,2.233182795176851,556.4703361154974,0.29469164126203395,2.1557111957330046,0.02940091968125967,0.005240467536394057,0.0,0.005240467536394057,5.610361952836429,0.17824161941894504
4,0.0026,27,0.3726811539335201,0.3039645470384191,2.181501423964107,560.3397440751116,0.35598734189989045,2.435248017038904,0.031363097054226914,0.005240467536394057,0.0,0.005240467536394057,5.984789875410186,0.16709024390458854
4,0.0026,28,0.3993763310009127,0.32654138923563597,2.089310920555369,562.849710982659,0.2951368148205802,2.156194099118148,0.031479418949504866,0.005240467536394057,0.0,0.005240467536394057,6.006986729883593,0.16647281656628174
4,0.0026,29,0.3797314723507548,0.30976128005040837,2.175391117613336,561.3580368656603,0.359461836196715,2.438330394616638,0.03051599786276575,0.005240467536394057,0.0,0.005240467536394057,5.823144147127696,0.17172853268508845
4,0.0026,30,0.42041788293132587,0.345765189303831,2.0069828273999564,568.4604393916117,0.42665682930964977,2.6761952273125282,0.033915318725171284,0.005240467536394057,0.0,0.005240467536394057,6.471811625515434,0.15451624025295346
4,0.0026,31,0.348745247148289,0.2806614200520514,2.267083238187498,562.7642585551331,0.43593709185370244,2.753537553521638,0.029543056357156212,0.005240467536394057,0.0,0.005240467536394057,5.637484852636767,0.17738406862987482
4,0.0026,32,0.37490511613784727,0.3051523887894395,2.1660245983033715,561.7408531956885,0.2819051342958119,2.1052131615654943,0.03053835805560719,0.005240467536394057,0.0,0.005240467536394057,5.827410978796083,0.17160279301368161
4,0.0026,33,0.3763820985332832,0.29685250312546346,2.197269836770363,556.6374576908612,0.32074198278132826,2.268847047623308,0.031527246099579985,0.005240467536394057,0.0,0.005240467536394057,6.016113234292401,0.16622027562578237
4,0.0026,34,0.2776630725701614,0.2160164487394017,2.6071871611841884,565.9002064693738,0.3032081485725939,2.204988803946029,0.0282235124177505,0.005240467536394057,0.0,0.005240467536394057,5.385685956786019,0.18567736923835854
4,0.0026,35,0.3731796116504854,0.30126395801444383,2.190271167223198,561.3155339805825,0.3627810684556607,2.4400669412072875,0.027290092082626317,0.005240467536394057,0.0,0.005240467536394057,5.207568197513253,0.1920282101111082
4,0.0026,36,0.37518026565464896,0.30973892703530426,2.1304923141859295,561.6982922201139,0.28114013059530407,2.121846505418268,0.029243929973947123,0.005240467536394057,0.0,0.005240467536394057,5.580404757944507,0.1791984709668876
4,0.0026,37,0.37507436049970255,0.30513882738235854,2.1817905245512446,550.3158834027365,0.4178080190322362,2.6313828791370892,0.0313841655726472,0.005240467536394057,0.0,0.005240467536394057,5.988810226318567,0.16697807447719354
4,0.0026,38,0.37322515212981744,0.3020517052896392,2.1712706794255765,555.9695740365112,0.29987986155902036,2.189355947697222,0.030805032482610514,0.005240467536394057,0.0,0.005240467536394057,5.878298504603908,0.17011725403478503
4,0.0026,39,0.36263821232505994,0.2900095898801926,2.2318367621285997,572.1899791231733,0.4028081518190447,2.602487932940857,0.030717246922883034,0.005240467536394057,0.0,0.005240467536394057,5.8615470298322725,0.17060342515559665
4,0.0026,40,0.3738896767933119,0.30385890137621985,2.1746096341077266,552.4070314249459,0.29508078531944193,2.1759201099300003,0.030911770795129353,0.005240467536394057,0.0,0.005240467536394057,5.898666594240484,0.16952983933291124
4,0.0026,41,0.3760230372840255,0.30515459921254956,2.168800903706407,560.806001818733,0.2860247129574418,2.127038943616221,0.029881040738578234,0.005240467536394057,0.0,0.005240467536394057,5.7019799342444255,0.17537767784735475
4,0.0026,42,0.36941158396066986,0.30017746362427367,2.182309001061126,568.4604393916117,0.3095526863762643,2.2292950880176514,0.02986681681516165,0.005240467536394057,0.0,0.005240467536394057,5.699265687220128,0.1754612005968368
4,0.0026,43,0.2977730159944899,0.23549394259784395,2.4893358986265843,566.3325170276269,0.3024612242006697,2.2070136765685144,0.03042932357424669,0.005240467536394057,0.0,0.005240467536394057,5.806604728093588,0.17221768086981837
4,0.0026,44,0.34690305889514533,0.27744052360523946,2.3006824262977204,563.1062243189773,0.31862945973989554,2.2770840850099523,0.031210500328633824,0.005240467536394057,0.0,0.005240467536394057,5.955670961013077,0.16790719409218288
4,0.0026,45,0.383692495797035,0.30447784511634246,2.148744843053254,565.5116918844567,0.37445213057799265,2.4965880623718153,0.030888304400981288,0.005240467536394057,0.0,0.005240467536394057,5.8941886742867595,0.16965863416664506
4,0.0026,46,0.36639201753722883,0.2945349048454285,2.2245331039800296,559.4095547660443,0.358477282570675,2.448325193891598,0.030055231950490792,0.005240467536394057,0.0,0.005240467536394057,5.735219566148036,0.17436124083242957
4,0.0026,47,0.3562876534736521,0.2811557955179663,2.265598519037766,564.3493479752917,0.4305744458688423,2.706290964407149,0.028564160673253052,0.005240467536394057,0.0,0.005240467536394057,5.450689365954536,0.18346303244614967
4,0.0026,48,0.3821471113758189,0.30981358275493165,2.1529691097494017,550.9702203692674,0.2384051728004124,1.9500769163821818,0.031888927165961735,0.005240467536394057,0.0,0.005240467536394057,6.085130180561021,0.16433502165565908
4,0.0026,49,0.3896044508802683,0.31024178120565254,2.138224533911918,564.0058684551483,0.2833354025206063,2.1342602616455713,0.028939290954753276,0.005240467536394057,0.0,0.005240467536394057,5.522272727342621,0.18108486294939133
4,0.0037,0,0.2968809288912499,0.23597069849742394,2.5552163059485085,561.6131896486302,0.362711916299304,2.4359116874023363,0.030287787562972766,0.0074575884171761584,0.0,0.0074575884171761584,4.0613380450461145,0.24622427114132173
4,0.0037,1,0.29349148418491483,0.22712283878891018,2.591683179761609,562.6788321167883,0.3796030676458031,2.49341026984479,0.031074959307321088,0.0074575884171761584,0.0,0.0074575884171761584,4.166891167625972,0.2399870694414455
4,0.0037,2,0.3185997990881694,0.2599955192969578,2.4196993522947468,571.8368750482961,0.351423560641706,2.3995155421899597,0.03188083734570821,0.0074575884171761584,0.0,0.0074575884171761584,4.27495264719637,0.23392071971974404
4,0.0037,3,0.3110058810051172,0.242940489253368,2.526544171142812,565.2098831436646,0.3597436492855195,2.429490446720407,0.03040636029390162,0.0074575884171761584,0.0,0.0074575884171761584,4.077237652841009,0.24526409425832768
4,0.0037,4,0.3393215111796453,0.2642763682366486,2.4359942648662503,570.5605242868157,0.3614181063021533,2.459198024899071,0.035186049857583286,0.0074575884171761584,0.0,0.0074575884171761584,4.718153897651891,0.21194730432546413
4,0.0037,5,0.3194934765924789,0.2578771285564666,2.4808438751324937,567.9378357636224,0.2586407289199997,2.0310802843456326,0.03099199400812641,0.0074575884171761584,0.0,0.0074575884171761584,4.1557662175008625,0.24062951274515296
4,0.0037,6,0.32370030581039755,0.26127055035369606,2.4533851285595274,565.7706422018349,0.30594447755720466,2.2277382186920796,0.03166720995364766,0.0074575884171761584,0.0,0.0074575884171761584,4.246307007331273,0.23549875180327146
4,0.0037,7,0.3541061324361523,0.28000902148804097,2.378433342504595,565.8570117755008,0.39590457556187175,2.555498014446731,0.03165467738670529,0.0074575884171761584,0.0,0.0074575884171761584,4.2446264953156865,0.23559198933135503
4,0.0037,8,0.31004873520538406,0.24820641859067116,2.52215727318613,572.4550939893247,0.3112697440665215,2.2470165082114084,0.030371046869552023,0.0074575884171761584,0.0,0.0074575884171761584,4.072502419093293,0.24554927096216222
4,0.0037,9,0.33739591218773657,0.2715418393028026,2.4146808419033885,560.2127176381529,0.28471743350382894,2.1215344753333554,0.03198314619821714,0.0074575884171761584,0.0,0.0074575884171761584,4.288671405431042,0.23317244560486272
4,0.0037,10,0.3252087060226595,0.2648815092673865,2.438250113652837,551.6261180679785,0.2991861597110983,2.197605044376001,0.032686004586796,0.0074575884171761584,0.0,0.0074575884171761584,4.382918814816099,0.22815845838156565
4,0.0037,11,0.2918435415403275,0.2253131367335942,2.642952636075897,560.9757428744693,0.30584015932981856,2.197111045019171,0.02964434063466135,0.0074575884171761584,0.0,0.0074575884171761584,3.975057213721414,0.251568706117769
4,0.0037,12,0.32450682852807283,0.2546514587059003,2.473051187783725,561.4855842185129,0.2720123645849526,2.0801641630596635,0.03193462390761829,0.0074575884171761584,0.0,0.0074575884171761584,4.282164973608244,0.23352673382814082
4,0.0037,13,0.3082290481607888,0.2541392942500894,2.4819980638162167,561.2730375426621,0.3390000761428382,2.3545960425253156,0.03216273106013097,0.0074575884171761584,0.0,0.0074575884171761584,4.312752227791822,0.2318704964212635
4,0.0037,14,0.2989550204452522,0.23086972152601096,2.576034692547966,560.3820990458883,0.37102248179144226,2.473577624231427,0.03198206353556504,0.0074575884171761584,0.0,0.0074575884171761584,4.288526229458391,0.23318033900104945
4,0.0037,15,0.2870519610100545,0.22503189171927657,2.59534838513987,567.9813492977205,0.2850795021513477,2.1599033478914746,0.02973109788058604,0.0074575884171761584,0.0,0.0074575884171761584,3.9866906320694784,0.2508346125369912
4,0.0037,16,0.3144879013848729,0.24711404553100141,2.506738815326976,563.1062243189773,0.4131043422676157,2.6118804873748505,0.031963606594349984,0.0074575884171761584,0.0,0.0074575884171761584,4.2860513085881875,0.233314985753028
4,0.0037,17,0.30591377336894315,0.24600525331495893,2.464394781872335,564.6932468523464,0.33163951319875196,2.3053912941770314,0.02949630384823088,0.0074575884171761584,0.0,0.0074575884171761584,3.955206723435638,0.25283128542301914
4,0.0037,18,0.32300448089921774,0.2768820518166726,2.3149587919550165,562.038961038961,0.3492948676284868,2.3789164435596266,0.030912199035591698,0.0074575884171761584,0.0,0.0074575884171761584,4.14506638156584,0.24125065992845213
4,0.0037,19,0.3040667518604826,0.24148881463130287,2.5085982369372237,556.3033150417199,0.31492502946639434,2.2641131011824265,0.03154467099456856,0.0074575884171761584,0.0,0.0074575884171761584,4.229875561638069,0.2364135742122726
4,0.0037,20,0.29379341588643915,0.23216839060920905,2.5793327208500902,558.7771066143159,0.46048273995984346,2.8437493270409497,0.029447670496803573,0.0074575884171761584,0.0,0.0074575884171761584,3.9486853992881032,0.25324884078642657
4,0.0037,21,0.3473355187924068,0.28912074579956176,2.3299847293628138,564.1775558435618,0.4141815303009935,2.6601389086930802,0.03292945661937986,0.0074575884171761584,0.0,0.0074575884171761584,4.415563688596362,0.2264716513052684
4,0.0037,22,0.357202457710688,0.2769050320942777,2.3455716190226434,561.3580368656603,0.3257106961682439,2.2926580206407454,0.032079841809668,0.0074575884171761584,0.0,0.0074575884171761584,4.3016374751632025,0.23246961320515747
4,0.0037,23,0.3042500562176748,0.236297994944583,2.583923769097863,554.7216100742073,0.31772046026890166,2.271827901210531,0.03133132294455458,0.0074575884171761584,0.0,0.0074575884171761584,4.201267379196329,0.2380234128757814
4,0.0037,24,0.3266388783630163,0.24956402299513267,2.5230633039802166,560.8484274346343,0.3128546399238985,2.2453346985279614,0.032550996633441014,0.0074575884171761584,0.0,0.0074575884171761584,4.364815381668188,0.22910476447638667
4,0.0037,25,0.2729564553093965,0.21834357907097568,2.6448005087537827,565.3391902215432,0.33821188352885656,2.346135029532109,0.030769576578035668,0.0074575884171761584,0.0,0.0074575884171761584,4.125941907328626,0.24236889962599062
4,0.0037,26,0.2662922212818343,0.20535740731567032,2.708886072861996,569.377317842579,0.34714928045286797,2.3833654463500835,0.03149042310768743,0.0074575884171761584,0.0,0.0074575884171761584,4.222601375420419,0.23682083888404834
4,0.0037,27,0.3002619010938222,0.2471384523300249,2.5241273530617154,570.0340471421969,0.3958872596267611,2.5922103774325906,0.03215029805552294,0.0074575884171761584,0.0,0.0074575884171761584,4.311085066249441,0.23196016423539986
4,0.0037,28,0.29921803127874885,0.2376418553819892,2.5485441947816714,567.329346826127,0.33597152621950954,2.3380708425018657,0.030794381475414162,0.0074575884171761584,0.0,0.0074575884171761584,4.129268035829009,0.24217367129553166
4,0.0037,29,0.30450354339708907,0.24314522048158949,2.5178975884746824,563.9200640097539,0.3499321640993003,2.3613719335342243,0.033807788922742166,0.0074575884171761584,0.0,0.0074575884171761584,4.533340676843574,0.22058787796558657
4,0.0037,30,0.32830042586140146,0.26290622403695424,2.456293531173145,572.98606271777,0.33983627118868753,2.332756946215941,0.03572113897938668,0.0074575884171761584,0.0,0.0074575884171761584,4.7899048567918445,0.2087724140453542
4,0.0037,31,0.2971047104710471,0.2352197373613338,2.5653174655475532,555.095409540954,0.3363235798315145,2.3269337863113964,0.03161109912194846,0.0074575884171761584,0.0,0.0074575884171761584,4.238783015853014,0.23591677051172663
4,0.0037,32,0.32321710972211765,0.25267220917987465,2.5086032862840177,557.3069508246103,0.3069685505470261,2.1947165719255812,0.0302660251745003,0.0074575884171761584,0.0,0.0074575884171761584,4.05841989144805,0.24640131547433317
4,0.0037,33,0.48637203572528487,0.41157393111740004,1.9100920672877402,569.7711733908222,0.6013931895431597,3.366153401180854,0.03335521557912599,0.0074575884171761584,0.0,0.0074575884171761584,4.472654390835377,0.22358087896284465
4,0.0037,34,0.29860479223536546,0.23042186943812976,2.573810242802909,561.1455868971792,0.3120089851436205,2.2620612914070506,0.031169977515833114,0.0074575884171761584,0.0,0.0074575884171761584,4.179632311705897,0.23925549556100895
4,0.0037,35,0.3091214924688432,0.24718440824214463,2.53496515398341,565.8138236868263,0.34840633647399954,2.408585636638147,0.030986592912133803,0.0074575884171761584,0.0,0.0074575884171761584,4.155041975870664,0.24067145550086916
4,0.0037,36,0.3397630619684083,0.26258506330689635,2.450398097634831,561.9963547995139,0.2780191141355317,2.0747503356763928,0.03050508045891578,0.0074575884171761584,0.0,0.0074575884171761584,4.090475198209804,0.24447037362251947
4,0.0037,37,0.3473548582689101,0.2820559945612933,2.3626905938928737,560.8908594815825,0.2760273298190441,2.075101280426491,0.031966211870569375,0.0074575884171761584,0.0,0.0074575884171761584,4.286400654257813,0.23329597036307592
4,0.0037,38,0.28993640104751217,0.22640083987739576,2.61658800243508,553.7272727272727,0.5686699237558059,3.224890094939853,0.031639411476572024,0.0074575884171761584,0.0,0.0074575884171761584,4.242579464924721,0.23570566167762838
4,0.0037,39,0.2941580756013746,0.23629959623160499,2.562914023190155,565.1237113402062,0.3665492921427358,2.479656660413588,0.03250014147633664,0.0074575884171761584,0.0,0.0074575884171761584,4.357996132031503,0.22946326010937615
4,0.0037,40,0.2910680349676929,0.23237864063407004,2.569179201031983,562.5507411630558,0.39753703080350533,2.569720227045618,0.029068196887410747,0.0074575884171761584,0.0,0.0074575884171761584,3.8978011739641594,0.2565549024613217
4,0.0037,41,0.30417555623285586,0.24696181505276474,2.529854826442877,563.8771715940262,0.3509898874035571,2.376824523228276,0.03329735725926434,0.0074575884171761584,0.0,0.0074575884171761584,4.464896075864763,0.22396937868398642
4,0.0037,42,0.29877956908241676,0.23393641688397893,2.5666989022313254,557.51649841796,0.32149891709559597,2.2802238360554763,0.031376082524233594,0.0074575884171761584,0.0,0.0074575884171761584,4.207269263072882,0.23768386035497657
4,0.0037,43,0.3340985613712886,0.26494299678450695,2.447774042881085,566.2892561983471,0.259295362746343,2.049279595930115,0.032236205414960147,0.0074575884171761584,0.0,0.0074575884171761584,4.322604521954363,0.23134200570999117
4,0.0037,44,0.2892474739858242,0.2290551781189983,2.558660074486761,558.0200573065903,0.30224217180511914,2.2106538416213803,0.02813799705136024,0.0074575884171761584,0.0,0.0074575884171761584,3.773069185013403,0.2650362214326711
4,0.0037,45,0.2794038564953522,0.22640071345880858,2.5970616097954258,568.5040331873704,0.3148146721359808,2.2460432002495256,0.031275634111842775,0.0074575884171761584,0.0,0.0074575884171761584,4.193799974239582,0.23844723309230303
4,0.0037,46,0.29710813720966006,0.2376583127520455,2.545405881061639,569.158744808491,0.3049472407728899,2.219671706583397,0.030595158744067503,0.0074575884171761584,0.0,0.0074575884171761584,4.10255394003796,0.24375060379845906
4,0.0037,47,0.3120189009983995,0.24367721017552305,2.5498530508981965,564.0058684551483,0.43177493099938147,2.6883696493655935,0.030748133210776848,0.0074575884171761584,0.0,0.0074575884171761584,4.123066531797116,0.24253792469464014
4,0.0037,48,0.2238874445633889,0.17995761184749362,2.827753674582845,565.8570117755008,0.3195480811118614,2.2914958940363634,0.02909419605735665,0.0074575884171761584,0.0,0.0074575884171761584,3.901287444389867,0.25632563974182954
4,0.0037,49,0.2502263126131563,0.19886621767070092,2.7210291055187095,558.2721786360893,0.29028700228082016,2.15590243033744,0.029625874829832942,0.0074575884171761584,0.0,0.0074575884171761584,3.9725811043150703,0.2517255088672165
4,0.0054,0,0.30056200824278756,0.2285516659001547,2.7602182385300456,554.555638816036,0.30074886459624395,2.204235080545425,0.030963883579518705,0.010884047960203043,0.0,0.010884047960203043,2.844886727138335,0.35150784404196567
4,0.0054,1,0.23002680965147454,0.17650366774815768,2.9792559278137962,566.852163921869,0.31336329196346924,2.233705922832895,0.030302533455313252,0.010884047960203043,0.0,0.010884047960203043,2.7841234774151027,0.35917947178421916
4,0.0054,2,0.23168183853156246,0.1801408819797891,2.974016734245253,552.2013132368303,0.3601612127677072,2.4243349968898897,0.028538895311378952,0.010884047960203043,0.0,0.010884047960203043,2.622084670678588,0.3813759376966278
4,0.0054,3,0.22809151022269514,0.17191540324931007,3.009049178470302,562.4653796458159,0.3443341600650456,2.3731834515823804,0.029515902406412716,0.010884047960203043,0.0,0.010884047960203043,2.7118497193632445,0.3687519971552129
4,0.0054,4,0.3620835577440948,0.26952922152587044,2.5396326204968984,569.377317842579,0.3126536720665172,2.24214212867831,0.03145031280449104,0.010884047960203043,0.0,0.010884047960203043,2.889578667742689,0.34607121486718007
4,0.0054,5,0.2500190041809198,0.1951824486349506,2.901128870108071,562.5507411630558,0.3021237693319563,2.196010246966991,0.030294168950661542,0.010884047960203043,0.0,0.010884047960203043,2.7833549669599584,0.3592786446107598
4,0.0054,6,0.2218858450860223,0.16678248990524885,3.0711336866160908,546.4626006054789,0.3014884888252709,2.1916818898705284,0.02905364545032876,0.010884047960203043,0.0,0.010884047960203043,2.6693786683559195,0.3746190122272551
4,0.0054,7,0.2568137328715555,0.19226533125353645,2.920863637631251,557.1812979972896,0.3506045514077414,2.3937042079149045,0.030206413911836504,0.010884047960203043,0.0,0.010884047960203043,2.7752922462566034,0.3603224133778451
4,0.0054,8,0.24429672155914792,0.18899139116499397,2.945960588061226,559.0299138842726,0.31359927853918634,2.2575715203983377,0.030946784175977925,0.010884047960203043,0.0,0.010884047960203043,2.8433156753014353,0.35170206695181133
4,0.0054,9,0.24666314757559762,0.18717502501303404,2.9142865916745633,558.0620616846392,0.35136788358795457,2.3997015253958356,0.031008856725032775,0.010884047960203043,0.0,0.010884047960203043,2.8490187509660974,0.3509980408731609
4,0.0054,10,0.20990744955241997,0.16415521181061676,3.0116675893131073,561.4005461993628,0.3040536099579185,2.2050954848099855,0.029185988674843587,0.010884047960203043,0.0,0.010884047960203043,2.6815380437095317,0.37292031054560026
4,0.0054,11,0.23667556233320625,0.17776240556352293,2.9878189533591444,564.2634388105223,0.3141301720752381,2.254177381010787,0.029749369897713783,0.010884047960203043,0.0,0.010884047960203043,2.7333001477474936,0.3658581004446576
4,0.0054,12,0.2413424050149071,0.191477694511317,2.88475012427991,565.7274673190124,0.3101809337094892,2.223646432985415,0.03264341069020728,0.010884047960203043,0.0,0.010884047960203043,2.9991976155899183,0.3334225110082678
4,0.0054,13,0.26791373579655253,0.20074777339879166,2.8412672117978826,572.0133724974878,0.27212007620255463,2.0824061099095683,0.031108309193083293,0.010884047960203043,0.0,0.010884047960203043,2.858156203172681,0.34987590912279576
4,0.0054,14,0.22171671216257202,0.17156383639071732,2.977679772604176,561.1455868971792,0.40787722301320173,2.629426144088555,0.030471601871481825,0.010884047960203043,0.0,0.010884047960203043,2.79965707454613,0.35718660299212407
4,0.0054,15,0.31197535618020794,0.2534104910940153,2.6689031518149857,569.9025798998845,0.37596843965002336,2.4704012636798183,0.03240507092082481,0.010884047960203043,0.0,0.010884047960203043,2.9772995340807276,0.3358748384410575
4,0.0054,16,0.23655995741768687,0.1809161990877802,2.9522583277050285,562.7215420880541,0.3541488531336654,2.4018344483921346,0.0314493265408652,0.010884047960203043,0.0,0.010884047960203043,2.8894880522263438,0.34608206780073114
4,0.0054,17,0.18797797491587642,0.13804839738599778,3.2116926718231746,565.9434077699602,0.29185572575079277,2.1527595341897987,0.028957959560174808,0.010884047960203043,0.0,0.010884047960203043,2.660587280215788,0.3758568671796757
4,0.0054,18,0.24044045553963345,0.1875363633253081,2.9336523262946397,558.1460894486763,0.2871894041309133,2.1433745483295796,0.03072479262638018,0.010884047960203043,0.0,0.010884047960203043,2.822919628682618,0.3542431707369131
4,0.0054,19,0.24012204424103736,0.18063394502921948,2.9748897328860804,564.4782608695652,0.33187506833928637,2.3044173392330167,0.03267968276256237,0.010884047960203043,0.0,0.010884047960203043,3.002530205862188,0.3330524362577882
4,0.0054,20,0.3144811858608894,0.2650159421156151,2.6570534025066888,562.5507411630558,0.2675190700974781,2.0668758567663317,0.030835801891200987,0.010884047960203043,0.0,0.010884047960203043,2.833118891422612,0.35296789097963466
4,0.0054,21,0.244543498309253,0.19512053335000884,2.874467735968577,568.7221026744544,0.3371457727625966,2.357313368704173,0.031188067453796795,0.010884047960203043,0.0,0.010884047960203043,2.8654841992459374,0.34898116006472957
4,0.0054,22,0.23190062490474014,0.1823071457615231,3.018165698620186,563.9629629629629,0.2961960134853143,2.1682296189772146,0.031163277353904426,0.010884047960203043,0.0,0.010884047960203043,2.863206544830686,0.3492587713608815
4,0.0054,23,0.22417213490004578,0.15271156299790256,3.1528111763669835,564.6502365328857,0.37329130800208077,2.4888734275570537,0.030105257750929437,0.010884047960203043,0.0,0.010884047960203043,2.765998262871291,0.36153312654720654
4,0.0054,24,0.2246749319625038,0.1685380280314189,3.039352999384558,559.4517689749017,0.3460596759687178,2.360973196523797,0.031107947600258933,0.010884047960203043,0.0,0.010884047960203043,2.858122980898608,0.34987997601334675
4,0.0054,25,0.23038576577958433,0.17603131394395857,2.9984166464085167,567.5465143032441,0.2969305096194148,2.1728038172333006,0.03220544592526194,0.010884047960203043,0.0,0.010884047960203043,2.9589584723459033,0.3379567538192539
4,0.0054,26,0.2289531617702877,0.17424545278706863,3.0186400161756852,561.7834206331132,0.3164560422010254,2.2619275714102667,0.02880207322834885,0.010884047960203043,0.0,0.010884047960203043,2.646264821109034,0.37789112866674696
4,0.0054,27,0.22550213024954352,0.1780332707894171,2.9831384644122805,563.0206938527084,0.2802702875051182,2.114681781397932,0.029174961326037238,0.010884047960203043,0.0,0.010884047960203043,2.680524877574407,0.3730612643688257
4,0.0054,28,0.29509303721488594,0.22325412096739888,2.755635224037868,555.2617046818727,0.3191105354926549,2.2749280727572874,0.02956272808032436,0.010884047960203043,0.0,0.010884047960203043,2.7161519490192383,0.36816791503917334
4,0.0054,29,0.2418067067143183,0.18646476221317093,2.942760363588816,562.7215420880541,0.3611560743593145,2.4582006506094367,0.03005430760807086,0.010884047960203043,0.0,0.010884047960203043,2.7613170869848127,0.3621460225315659
4,0.0054,30,0.21961262772609424,0.16541837439063053,3.0646836647724265,564.3063901174318,0.32919481312274,2.2942479340666315,0.02978781705021223,0.010884047960203043,0.0,0.010884047960203043,2.7368325791222015,0.3653858871852275
4,0.0054,31,0.23955643323712594,0.1871782485243585,2.914628080763654,562.0815737505696,0.2959644853544887,2.1689015838886627,0.031144204991245497,0.010884047960203043,0.0,0.010884047960203043,2.861454222282249,0.3494726535245482
4,0.0054,32,0.24401445565426894,0.1850980722330802,2.957198377540264,557.1812979972896,0.3013627037871629,2.204458302625966,0.029112049065370824,0.010884047960203043,0.0,0.010884047960203043,2.674744651237988,0.373867464147337
4,0.0054,33,0.2332849392526935,0.1791102944860266,2.958339226425405,565.4685565828685,0.3918679818161763,2.5393601003510162,0.031296139803810366,0.010884047960203043,0.0,0.010884047960203043,2.8754136253573193,0.3477760525238288
4,0.0054,34,0.1994756727581155,0.1618189244530484,2.9911426687452582,570.6044413601666,0.3805178637849167,2.526437367851324,0.03034285713377359,0.010884047960203043,0.0,0.010884047960203043,2.7878283194562057,0.358702145688462
4,0.0054,35,0.2389334132274736,0.18363938218412487,2.9567241016263894,554.3068683993708,0.432020541629754,2.705830429554436,0.030950544012728683,0.010884047960203043,0.0,0.010884047960203043,2.843661120007716,0.35165934258625253
4,0.0054,36,0.23396197833825647,0.18023248478852408,2.9399917979513113,560.5092024539878,0.30342796962941065,2.191837787066336,0.030099355423804666,0.010884047960203043,0.0,0.010884047960203043,2.765455971331751,0.36160402131386443
4,0.0054,37,0.23824810823205686,0.18617652769878418,2.9371139075173445,565.641137353818,0.36023515815031715,2.450102928436434,0.03268113071941051,0.010884047960203043,0.0,0.010884047960203043,3.0026632406350444,0.333037680172388
4,0.0054,38,0.2486808901124111,0.1885043683078766,2.9291298852702297,565.9002064693738,0.44216383833554573,2.7798559592680787,0.029480284924919727,0.010884047960203043,0.0,0.010884047960203043,2.708577271316045,0.3691975158287138
4,0.0054,39,0.22456680785521757,0.15686812767175068,3.077127317175517,569.9025798998845,0.5019947238906752,3.00831577567407,0.03133221724140219,0.010884047960203043,0.0,0.010884047960203043,2.8787283330583273,0.34737560627598774
4,0.0054,40,0.23317636336017014,0.17675601684724107,2.953178717181798,562.0815737505696,0.25830836762906983,2.016772433855717,0.030796584228166026,0.010884047960203043,0.0,0.010884047960203043,2.8295156674035375,0.3534173751077459
4,0.0054,41,0.23036328871892925,0.17797276033883214,3.0031236905633105,565.9866156787763,0.2485069785034284,1.9870461859698931,0.03364054309683686,0.010884047960203043,0.0,0.010884047960203043,3.090811729224436,0.32353960305790797
4,0.0054,42,0.21632498101746395,0.1667079674480561,3.0490491828270945,561.9111617312072,0.32727413621614687,2.3024704766248645,0.031665461516839334,0.010884047960203043,0.0,0.010884047960203043,2.9093460110266376,0.34371985876204675
4,0.0054,43,0.2578320564363195,0.1990895827101476,2.8725741241919187,561.3580368656603,0.3482329417602159,2.3888090197498326,0.03146579341580822,0.010884047960203043,0.0,0.010884047960203043,2.8910009888656556,0.3459009539780098
4,0.0054,44,0.23235249275804237,0.1741809493300473,2.9787976164522467,564.1346241805153,0.401538224570686,2.585775362715905,0.03035806740880879,0.010884047960203043,0.0,0.010884047960203043,2.7892258027354795,0.3585224254770873
4,0.0054,45,0.24186584425597532,0.1816038379984089,2.983456500092564,570.5605242868157,0.29320638423087075,2.192404275844801,0.031849793206203875,0.010884047960203043,0.0,0.010884047960203043,2.926281960779757,0.34173056916686634
4,0.0054,46,0.30128009753124046,0.226464882184515,2.758847409606009,563.8771715940262,0.2646057173842564,2.0587367501218026,0.03205563078603552,0.010884047960203043,0.0,0.010884047960203043,2.945193819730056,0.3395362279049111
4,0.0054,47,0.2582198480174554,0.20245187765605777,2.8419842596540192,556.8046798585509,0.2711226782994345,2.061910720361636,0.03063978663536043,0.010884047960203043,0.0,0.010884047960203043,2.815109483842153,0.3552259710464857
4,0.0054,48,0.22958752592365006,0.18163864894395082,2.9858966255122517,568.4168522928028,0.31825156227569096,2.27031814625737,0.030812480661745578,0.010884047960203043,0.0,0.010884047960203043,2.8309761932701707,0.353235043931917
4,0.0054,49,0.2517349195454892,0.1921009864249541,2.892439707533862,564.3493479752917,0.351647208124632,2.387232748439702,0.030121017344201084,0.010884047960203043,0.0,0.010884047960203043,2.7674462161814266,0.361343969090687
4,0.008,0,0.17877052310042002,0.136784728844292,3.3323081914464328,565.1237113402062,0.37244744814233854,2.4740370414115667,0.033633560753426245,0.0161245154965971,0.0,0.0161245154965971,2.085864890670621,0.47941743708936607
4,0.008,1,0.20211310428701734,0.1460509433531969,3.3168605960784294,562.508057160231,0.2790342976222746,2.1048905890061924,0.030249805761082726,0.0161245154965971,0.0,0.0161245154965971,1.8760133144755025,0.5330452573464709
4,0.008,2,0.18696384803921567,0.1326844255031105,3.3768470706025355,566.8088235294117,0.341609393741237,2.360597356534581,0.02749380883557957,0.0161245154965971,0.0,0.0161245154965971,1.7050936408837731,0.586478053769344
4,0.008,3,0.17672970304549251,0.13179143770717194,3.397010522865853,562.038961038961,0.32171668257797137,2.2759161798668788,0.02935465420230494,0.0161245154965971,0.0,0.0161245154965971,1.820498371470443,0.549300134332054
4,0.008,4,0.1853885457179898,0.13770710266747313,3.3326873024562356,564.3493479752917,0.3500840220658574,2.409507764031617,0.031741817838828346,0.0161245154965971,0.0,0.0161245154965971,1.9685439755090381,0.5079896677143897
4,0.008,5,0.19130434782608696,0.1499213101409904,3.274513066680291,559.578449905482,0.3350583533756435,2.345277061346029,0.029378467327540993,0.0161245154965971,0.0,0.0161245154965971,1.8219751988046395,0.5488548914694774
4,0.008,6,0.1947184701775687,0.14612769038687362,3.300718903164044,561.57064804978,0.37016092357225716,2.461502985559763,0.03239445893350046,0.0161245154965971,0.0,0.0161245154965971,2.009019057988871,0.4977553577819467
4,0.008,7,0.18828705810954333,0.14416914767791242,3.298700740767856,561.4005461993628,0.39763869205489755,2.5855497669903382,0.03041368849213838,0.0161245154965971,0.0,0.0161245154965971,1.8861768900006237,0.5301729680293502
4,0.008,8,0.1861448968799577,0.14109902772562,3.3171568776748646,559.0720707108861,0.36988034963724203,2.5071835213836273,0.029849070006772935,0.0161245154965971,0.0,0.0161245154965971,1.8511607380123918,0.5402016040345092
4,0.008,9,0.19011263134023737,0.14362125175243992,3.2630515639430513,559.4095547660443,0.3309522150957491,2.3370294319098726,0.033205892254992334,0.0161245154965971,0.0,0.0161245154965971,2.0593420163229132,0.48559199592574903
4,0.008,10,0.1766206482593037,0.1335637157569441,3.3364769866181367,555.2617046818727,0.2737185377336573,2.088805462294175,0.032343266349383615,0.0161245154965971,0.0,0.0161245154965971,2.0058442286969367,0.4985431997626422
4,0.008,11,0.1946527304400515,0.1275763679408506,3.41718367245669,560.5092024539878,0.30157789020449854,2.2132892885419926,0.030612298623405705,0.0161245154965971,0.0,0.0161245154965971,1.898494167459859,0.5267332484555255
4,0.008,12,0.15949807241666036,0.11892337066067009,3.4344313753364317,559.4095547660443,0.3030928414664231,2.223817551104001,0.030517197392566007,0.0161245154965971,0.0,0.0161245154965971,1.8925962394967044,0.5283747157111168
4,0.008,13,0.1908713692946058,0.14043287598091125,3.30986641078949,558.3142210486609,0.36544309777673334,2.44677928822027,0.030313167473979673,0.0161245154965971,0.0,0.0161245154965971,1.8799428410966477,0.5319310662746848
4,0.008,14,0.1880374113742646,0.14769221314187553,3.2422724036813566,558.188112837532,0.3889842611097265,2.545629215800754,0.0330684507561303,0.0161245154965971,0.0,0.0161245154965971,2.050818256406466,0.48761024867812713
4,0.008,15,0.18892508143322476,0.13927850313333331,3.3421148543802333,560.5939701537762,0.2796212108223699,2.114080510017539,0.030566545422069265,0.0161245154965971,0.0,0.0161245154965971,1.895656674367673,0.5275216833942603
4,0.008,16,0.2030178326474623,0.1524501627905416,3.246291961728469,563.9629629629629,0.36457865178817883,2.4366306369560053,0.032994462777591244,0.0161245154965971,0.0,0.0161245154965971,2.0462297167660237,0.48870368356318084
4,0.008,17,0.1911831198191409,0.14113883495925553,3.2917808492981937,557.6842501883949,0.3740651742555201,2.493866343399877,0.029640118649892792,0.0161245154965971,0.0,0.0161245154965971,1.83820212496605,0.5440098161231693
4,0.008,18,0.19592333434742926,0.13966868310031383,3.3509072981317733,562.849710982659,0.41095083043910563,2.639523356892777,0.029705867146070562,0.0161245154965971,0.0,0.0161245154965971,1.8422796736025748,0.5428057500327851
4,0.008,19,0.1741891064871481,0.13015541664071587,3.3825041615871054,566.1162790697674,0.33604936447227374,2.325144858805234,0.03045419996053355,0.0161245154965971,0.0,0.0161245154965971,1.8886893046157307,0.5294677094618578
4,0.008,20,0.17974081742197684,0.14295786280488176,3.358512477018925,567.4596273291926,0.3432699551049154,2.369219008479435,0.03182804784661684,0.0161245154965971,0.0,0.0161245154965971,1.9738917335738735,0.5066133987953978
4,0.008,21,0.19659691883191538,0.1437840771372833,3.3042626927730536,567.1991262359163,0.3190624958660919,2.268176937011571,0.032083129798611526,0.0161245154965971,0.0,0.0161245154965971,1.9897112446809528,0.5025854895645164
4,0.008,22,0.18526299992496437,0.1394058364113451,3.3106670747924007,555.3032940646807,0.3932525965210516,2.55716951845846,0.031173053889668817,0.0161245154965971,0.0,0.0161245154965971,1.933270732770082,0.5172581279224936
4,0.008,23,0.16329599278249757,0.12184397023326062,3.456850462387171,556.3868130215774,0.4688160639780108,2.854757675854659,0.029449947260533255,0.0161245154965971,0.0,0.0161245154965971,1.8264081960632146,0.5475227291223723
4,0.008,24,0.17852215238387245,0.13567367915180817,3.353103071630751,567.2425264448873,0.3086206090520136,2.233986552638415,0.030456856983860928,0.0161245154965971,0.0,0.0161245154965971,1.888854086207335,0.529421519270405
4,0.008,25,0.20603853739948413,0.15036080077656025,3.2630560900621455,561.4005461993628,0.5211373272177298,3.0851671561839367,0.03254261459751788,0.0161245154965971,0.0,0.0161245154965971,2.0182072822210153,0.495489243750776
4,0.008,26,0.17025664527956003,0.13374457379744534,3.3313322777251164,565.2529789184234,0.2864081126463134,2.1415502245867355,0.03503937372871952,0.0161245154965971,0.0,0.0161245154965971,2.1730497103069046,0.4601827538767016
4,0.008,27,0.19104114381321774,0.14198041848988516,3.2972594931928856,562.8069815195072,0.34472948251641355,2.380796805121907,0.03396403688520809,0.0161245154965971,0.0,0.0161245154965971,2.106360150317436,0.4747526199872783
4,0.008,28,0.15594097063745627,0.11706195763559551,3.452965626716633,562.9351894112277,0.39089729986153543,2.5450722150892315,0.0320809466295612,0.0161245154965971,0.0,0.0161245154965971,1.9895758502840926,0.5026196914569553
4,0.008,29,0.1869869261173609,0.1346000093849434,3.3783213497596454,562.508057160231,0.3464837888022885,2.3894062914049448,0.030094913650970345,0.0161245154965971,0.0,0.0161245154965971,1.8664073135916266,0.5357887277432744
4,0.008,30,0.19669172932330828,0.14701665024578345,3.2544270170063556,556.4285714285714,0.3625161513045896,2.463785961048434,0.0315618564192032,0.0161245154965971,0.0,0.0161245154965971,1.957383242049287,0.5108861558215078
4,0.008,31,0.18775353999234595,0.13966012393862864,3.316629893253957,566.4190585533869,0.32661692809779197,2.292486433640158,0.02943707876133751,0.0161245154965971,0.0,0.0161245154965971,1.8256101256220616,0.5477620801753925
4,0.008,32,0.16685524628498152,0.12293969181816919,3.451944524738616,558.2301425661915,0.4050982734770514,2.6216726649504434,0.03134506934191138,0.0161245154965971,0.0,0.0161245154965971,1.9439386782521564,0.5144195190864379
4,0.008,33,0.20205557670346402,0.1517477975978585,3.27450823330296,563.4057860677578,0.39593381082522683,2.571836902858606,0.03275121094070649,0.0161245154965971,0.0,0.0161245154965971,2.0311438782528546,0.4923334140465608
4,0.008,34,0.1665262996707756,0.12695678031374547,3.3960368309175544,566.5922211163005,0.3119764635921456,2.2484731098367927,0.0314140612563823,0.0161245154965971,0.0,0.0161245154965971,1.9482173751522573,0.5132897451557981
4,0.008,35,0.1795594847953662,0.13360644454606888,3.3320742598392386,564.0058684551483,0.3089191776816733,2.250586245379342,0.03136187383858824,0.0161245154965971,0.0,0.0161245154965971,1.9449808488947662,0.5141438799092799
4,0.008,36,0.17427069845380455,0.13490287069791085,3.3343115391199443,563.6628075253257,0.3339619696489535,2.3336079153968976,0.030659287921916786,0.0161245154965971,0.0,0.0161245154965971,1.9014083200445366,0.5259259620661474
4,0.008,37,0.17617617617617617,0.13852363733202902,3.3351625249125902,569.8149688149688,0.453544992080424,2.769365409767305,0.03207795428812126,0.0161245154965971,0.0,0.0161245154965971,1.989390273145941,0.502666577543199
4,0.008,38,0.19388909845341382,0.14697361021734967,3.2854936824947205,558.3142210486609,0.3043459820037242,2.216692679472507,0.03142911768916262,0.0161245154965971,0.0,0.0161245154965971,1.9491511354741413,0.513043848576034
4,0.008,39,0.19030451791056224,0.14964955002105498,3.2915742750328185,567.6334279358748,0.3890228691743687,2.5718548724956882,0.02975767038294698,0.0161245154965971,0.0,0.0161245154965971,1.845492373970989,0.5418608140050326
4,0.008,40,0.1912951648185864,0.14096204263335815,3.3402767757905605,558.2301425661915,0.31907302266336046,2.290741567536696,0.028843988397918807,0.0161245154965971,0.0,0.0161245154965971,1.7888282227150336,0.5590251692709923
4,0.008,41,0.18890892696122633,0.13705441676665425,3.345600161521813,556.0946798917944,0.37458414238062687,2.480061150355769,0.031972698935618375,0.0161245154965971,0.0,0.0161245154965971,1.9828626132900464,0.5043213752165912
4,0.008,42,0.19048330469858818,0.13352736051163872,3.370547170292462,552.8189288115336,0.37505100973066874,2.5065890299649656,0.029181536016252785,0.0161245154965971,0.0,0.0161245154965971,1.8097620373406709,0.552558833353271
4,0.008,43,0.15404422902150863,0.13118924378749,3.3058522749991486,560.4668282338686,0.2960754342493601,2.1788468168362796,0.03275520608679201,0.0161245154965971,0.0,0.0161245154965971,2.0313916466950364,0.4922733642362592
4,0.008,44,0.23137731833384007,0.17855725431401295,3.181179870899258,562.508057160231,0.3112935161043424,2.2057110163952434,0.030250802973475183,0.0161245154965971,0.0,0.0161245154965971,1.876075158962716,0.5330276856034387
4,0.008,45,0.16530488727492812,0.12524730238948278,3.4193038318683144,559.8742623694961,0.2946103637223132,2.167833578682564,0.030912575982746913,0.0161245154965971,0.0,0.0161245154965971,1.9171165787443765,0.5216166878359344
4,0.008,46,0.21703422053231938,0.15541288206367057,3.2403791500758885,562.7642585551331,0.5043583173537627,2.979010539190141,0.03204753210050353,0.0161245154965971,0.0,0.0161245154965971,1.987503569162547,0.5031437505399596
4,0.008,47,0.16305508927208912,0.12245138077392814,3.417319919247627,564.6502365328857,0.3918634223227855,2.5624683278473634,0.02846286634136497,0.0161245154965971,0.0,0.0161245154965971,1.7651920361496594,0.5665106002751172
4,0.008,48,0.1852408506800932,0.1369889318807173,3.3425040579894003,556.1363943788983,0.39725436133448966,2.5731943672004363,0.029537557517639597,0.0161245154965971,0.0,0.0161245154965971,1.8318415535569532,0.5458987422019463
4,0.008,49,0.2281601715029477,0.1711841913510663,3.181595747660854,566.5922211163005,0.36285063382820226,2.4411283092762917,0.03083552042930022,0.0161245154965971,0.0,0.0161245154965971,1.9123377961841839,0.5229201671354126
4,0.012,0,0.1296352583586626,0.0999575339299253,3.7035304088715657,562.3373860182371,0.43068648120970465,2.694921600765569,0.03017687059125133,0.02418677324489565,0.0,0.02418677324489565,1.247660044839583,0.8015003799601312
4,0.012,1,0.14520443255636226,0.09480482884034812,3.7711334830114795,565.5548337791364,0.3375717219605576,2.3568323777403917,0.02901869292906399,0.02418677324489565,0.0,0.02418677324489565,1.1997752918607307,0.833489409878662
4,0.012,2,0.13220083050207626,0.09919447900804648,3.6814872995820607,558.7349943374859,0.4086441060353536,2.6382891197735834,0.029479898036752068,0.02418677324489565,0.0,0.02418677324489565,1.2188437762351567,0.8204496913368706
4,0.012,3,0.23009997710447988,0.1352500301810197,3.5575260749805704,564.7792871861406,0.34437771103694104,2.366126335589552,0.030821769898109138,0.02418677324489565,0.0,0.02418677324489565,1.274323349627207,0.7847301866457534
4,0.012,4,0.1472026903087741,0.10478052677191996,3.6725457857458306,565.5979822684194,0.40238751101423986,2.6124573717884614,0.02884506819267405,0.02418677324489565,0.0,0.02418677324489565,1.1925967924953147,0.8385063638379093
4,0.012,5,0.17377723602011275,0.11935463094304785,3.5927392619205167,563.7914063690386,0.32049511320656165,2.2778385274684805,0.03051576747980746,0.02418677324489565,0.0,0.02418677324489565,1.2616717067146388,0.792599211568257
4,0.012,6,0.17430779620319653,0.11239442570152298,3.6477366463199283,555.3032940646807,0.44138982001459226,2.738520096797054,0.0296335313623799,0.02418677324489565,0.0,0.02418677324489565,1.2251957324912586,0.8161961174698548
4,0.012,7,0.17274604267033725,0.10829482956783673,3.669111538780407,565.9002064693738,0.3910486640234012,2.5599354616059085,0.02877626971614287,0.02418677324489565,0.0,0.02418677324489565,1.1897523255697526,0.8405110698322162
4,0.012,8,0.15554881746513038,0.10414224465735816,3.6752739560040744,560.9757428744693,0.31737639260245487,2.262436633122011,0.030716246358099244,0.02418677324489565,0.0,0.02418677324489565,1.2699604882011934,0.7874260729295816
4,0.012,9,0.14620586025544705,0.1090246969693762,3.6260080976388247,556.0112697220135,0.39273976464755833,2.5820981792483644,0.03138276023683636,0.02418677324489565,0.0,0.02418677324489565,1.2975174455509206,0.7707025469514238
4,0.012,10,0.13905280677863519,0.10282855910558887,3.64739999660165,559.8742623694961,0.41452649686834775,2.656954622269276,0.030469076278370193,0.02418677324489565,0.0,0.02418677324489565,1.259741263121998,0.7938138007178672
4,0.012,11,0.1340535605599513,0.10243410864679452,3.6519823832355134,563.0206938527084,0.38273112088791095,2.5131315048993073,0.031273881065414316,0.02418677324489565,0.0,0.02418677324489565,1.2930158458410455,0.7733857270322526
4,0.012,12,0.14418533760097546,0.10789887053579199,3.629346139671575,563.9629629629629,0.26706965363700874,2.0486852095881893,0.03149001418124453,0.02418677324489565,0.0,0.02418677324489565,1.3019518503936918,0.7680775596252766
4,0.012,13,0.15870215540385058,0.11272149891580613,3.624965586930943,567.6334279358748,0.44996321090729907,2.780318343980799,0.03223624860958842,0.02418677324489565,0.0,0.02418677324489565,1.332804846814013,0.7502973915426836
4,0.012,14,0.14564369310793238,0.10353855915659381,3.6576756776624255,566.0730513271628,0.34215460275299847,2.3378411863511297,0.030229319911576014,0.02418677324489565,0.0,0.02418677324489565,1.2498285573482018,0.8001097383482176
4,0.012,15,0.1608646188850967,0.11315096156359623,3.6164280153825694,561.2730375426621,0.31189713306957856,2.2361644975325756,0.03041554015702086,0.02418677324489565,0.0,0.02418677324489565,1.2575278169211646,0.7952110375167079
4,0.012,16,0.14850064204245034,0.10396142030297276,3.67266876747418,558.9877634262407,0.33374038510373794,2.315639606005138,0.028999042927004715,0.02418677324489565,0.0,0.02418677324489565,1.1989628642640309,0.8340541895047252
4,0.012,17,0.15710665745219995,0.11129176686379277,3.613626710292917,568.2425708362128,0.2963596865301952,2.179774243336266,0.032746870144131884,0.02418677324489565,0.0,0.02418677324489565,1.3539164489848907,0.738598013747272
4,0.012,18,0.12511305396442568,0.10003454635801372,3.6958105745683443,557.7681640036177,0.3429847549996339,2.3694326041781864,0.030403018497513312,0.02418677324489565,0.0,0.02418677324489565,1.2570101100166196,0.7955385497947813
4,0.012,19,0.1409893722761679,0.10279438351731497,3.634692107961178,565.8138236868263,0.3377558151842095,2.34148763491737,0.031872009315764095,0.02418677324489565,0.0,0.02418677324489565,1.317745405435193,0.758871930704812
4,0.012,20,0.1708554125662377,0.1142073721942082,3.6209368789303715,560.2127176381529,0.32738888589665294,2.3112704422339494,0.032942669718618575,0.02418677324489565,0.0,0.02418677324489565,1.362011765069603,0.7342080484516937
4,0.012,21,0.213625341012428,0.13852899204425972,3.474081501285924,560.806001818733,0.3466664929292165,2.3657054641669317,0.033963603171619505,0.02418677324489565,0.0,0.02418677324489565,1.4042221683616745,0.712138023833304
4,0.012,22,0.14447806354009077,0.10941482345692263,3.615503904448619,559.7897125567322,0.5052638645283878,2.9925992703299924,0.033626993970643705,0.02418677324489565,0.0,0.02418677324489565,1.390305090727235,0.719266588800969
4,0.012,23,0.14868322046651616,0.10996405403126225,3.6306248023223406,556.8465011286681,0.42970428106491454,2.695737905146717,0.03299164257494412,0.02418677324489565,0.0,0.02418677324489565,1.3640365434817412,0.7331181886428586
4,0.012,24,0.12620100655787708,0.09286124508428503,3.737374064040633,564.3063901174318,0.4013041704893112,2.5949385540110823,0.029416245735933128,0.02418677324489565,0.0,0.02418677324489565,1.2162120774891334,0.8222250202156333
4,0.012,25,0.14617117117117118,0.10137487149749536,3.6683838985561947,555.5945945945946,0.3436416714685038,2.354504938678116,0.02930285360765767,0.02418677324489565,0.0,0.02418677324489565,1.2115238899774161,0.82540675282816
4,0.012,26,0.13872699386503068,0.10839368095563426,3.6237030546397673,567.5030674846626,0.3639288501290139,2.4431546517362963,0.03354374433659998,0.02418677324489565,0.0,0.02418677324489565,1.3868631419728141,0.7210516811179357
4,0.012,27,0.15477349307375515,0.11431209910737133,3.5967582907987508,554.1411456383377,0.33123508212156594,2.3218487316100616,0.033419650874938804,0.02418677324489565,0.0,0.02418677324489565,1.3817325087790142,0.7237290818927485
4,0.012,28,0.15907710989678203,0.1018060919801077,3.704331418855933,561.655737704918,0.4315481733356137,2.724337220567577,0.03165146322463122,0.02418677324489565,0.0,0.02418677324489565,1.308626946809075,0.7641597190386277
4,0.012,29,0.13857142857142857,0.10426562119005718,3.6279602502175057,556.4285714285714,0.4249588333477732,2.6826431653198677,0.032739916455995006,0.02418677324489565,0.0,0.02418677324489565,1.3536289493640663,0.738754885871641
4,0.012,30,0.13592901399831714,0.09950457589896797,3.666549667333923,566.0730513271628,0.3528880091907922,2.377512841492363,0.03029898519432455,0.02418677324489565,0.0,0.02418677324489565,1.252708862300134,0.7982700770264145
4,0.012,31,0.26732898528742605,0.15790162699944413,3.457538675509441,561.2305475504322,0.44200981012545526,2.770179210034295,0.03095762322148493,0.02418677324489565,0.0,0.02418677324489565,1.2799401932632,0.7812865048409067
4,0.012,32,0.14806980433633,0.10928730141967855,3.6229994969072785,559.0720707108861,0.28139105430454947,2.1106088795930154,0.03345237451829032,0.02418677324489565,0.0,0.02418677324489565,1.3830854649183133,0.7230211186255661
4,0.012,33,0.1537769109594179,0.10893628670129568,3.644728233247489,555.1369739704448,0.40904937585582957,2.621394228143402,0.032681048867934555,0.02418677324489565,0.0,0.02418677324489565,1.351195074143738,0.7400855872966435
4,0.012,34,0.15525838621940163,0.10828569755381114,3.6351989135620073,559.114233907525,0.32702772234915756,2.3231975972680265,0.03177119943354448,0.02418677324489565,0.0,0.02418677324489565,1.3135774297734997,0.7612798281502371
4,0.012,35,0.12950721153846154,0.09758861871557974,3.705076535295226,555.9278846153846,0.3764830560248811,2.489791652684005,0.02994516398042172,0.02418677324489565,0.0,0.02418677324489565,1.2380801555139775,0.8077021471884098
4,0.012,36,0.15299793246037216,0.1093888223068634,3.6167851401732127,566.6788421778084,0.35943341100937687,2.426263596085583,0.032564043989295736,0.02418677324489565,0.0,0.02418677324489565,1.3463575177878684,0.7427447663701162
4,0.012,37,0.16098153916280483,0.10692758889655521,3.6607641381056175,562.2094507331155,0.431025256839348,2.731092692304902,0.029925192033664297,0.02418677324489565,0.0,0.02418677324489565,1.2372544171422153,0.80824120418966
4,0.012,38,0.19158487407745567,0.13598072673101574,3.5478154156691804,563.0634558320019,0.3540247458149679,2.4123322230390474,0.030634193114862908,0.02418677324489565,0.0,0.02418677324489565,1.2665680041188592,0.7895351822784215
4,0.012,39,0.15388719512195123,0.11212675135539023,3.617742467398749,564.0487804878048,0.32513477190514095,2.3079320087698827,0.030777908587094564,0.02418677324489565,0.0,0.02418677324489565,1.2725099076037312,0.7858484983296549
4,0.012,40,0.15157525364253566,0.1102436766368838,3.629775171569621,564.5212449462201,0.30899298668373376,2.225251985104464,0.030807515220251065,0.02418677324489565,0.0,0.02418677324489565,1.27373399123228,0.7850932823364046
4,0.012,41,0.12697214463652148,0.09603640443831357,3.7072169047445467,558.6507888578546,0.3866649689152837,2.5458494829977703,0.02860805526997437,0.02418677324489565,0.0,0.02418677324489565,1.1827975141748923,0.8454532479277233
4,0.012,42,0.13881669469500077,0.10293650493260562,3.655102175396913,565.6842990368445,0.37597266904776916,2.5199612064695005,0.03163286852954577,0.02418677324489565,0.0,0.02418677324489565,1.3078581507858447,0.7646089137412464
4,0.012,43,0.12055231014338821,0.09102678291770983,3.7296742363909186,561.4430619831576,0.4392972962814383,2.7597546088953013,0.030419077081853044,0.02418677324489565,0.0,0.02418677324489565,1.2576740507654387,0.7951185757481325
4,0.012,44,0.13908629441624365,0.1003951490079866,3.6870459508754405,577.8996485747755,0.3401221831445582,2.3649809510628907,0.029613062079173837,0.02418677324489565,0.0,0.02418677324489565,1.2243494317880268,0.8167602924759892
4,0.012,45,0.14023196264497664,0.10027480611037962,3.682655142785985,557.3488477180298,0.269154424109729,2.064593723384644,0.029763588916890994,0.02418677324489565,0.0,0.02418677324489565,1.2305729505762935,0.8126295962638272
4,0.012,46,0.1446274746864138,0.10383130544107992,3.6677993189446494,559.1985794166541,0.342810403148178,2.354312717113614,0.030007035787164127,0.02418677324489565,0.0,0.02418677324489565,1.2406382398899274,0.8060367380653385
4,0.012,47,0.1722359100708346,0.11555444542507246,3.6259626507078657,569.7711733908222,0.3334832198743243,2.339493331712905,0.029569937282941966,0.02418677324489565,0.0,0.02418677324489565,1.222566440903082,0.8179514556782065
4,0.012,48,0.15919452887537994,0.11070820493918489,3.6340885470951707,562.3373860182371,0.2890606968430802,2.15602791365919,0.03224415967065111,0.02418677324489565,0.0,0.02418677324489565,1.3331319289337564,0.7501133070901718
4,0.012,49,0.1742007434944238,0.1321434364485182,3.5851520034193105,550.2342007434944,0.351601742382627,2.3717628238742727,0.03022661846635554,0.02418677324489565,0.0,0.02418677324489565,1.2497168663345588,0.8001812465994936
4,0.019,0,0.11469991737399535,0.0796242641898129,3.9244618417161385,555.8862014572222,0.3386584739491809,2.3457580640112754,0.0313219212573299,0.03829572430441811,0.0,0.03829572430441811,0.817896039995158,1.2226492746020876
4,0.019,1,0.10808767951625095,0.07756683307139114,3.959138904643651,559.3673469387755,0.3904265684832353,2.5657098571230557,0.032063765182972735,0.03829572430441811,0.0,0.03829572430441811,0.8372674956633107,1.1943614259237034
4,0.019,2,0.1095890410958904,0.08257379522599594,3.906700644815181,560.0857488836751,0.48858869541436434,2.941785945947199,0.031857186107534866,0.03829572430441811,0.0,0.03829572430441811,0.8318731839172854,1.2021063057845025
4,0.019,3,0.10901051989632565,0.0797296891831254,3.9470688057183683,564.1346241805153,0.33699343662010506,2.3503712542383806,0.031873000164934336,0.03829572430441811,0.0,0.03829572430441811,0.8322861296883005,1.2015098706192664
4,0.019,4,0.09088155104513784,0.0701426437341227,3.990433084695936,560.4668282338686,0.4778815697936807,2.906061778634772,0.03038952306104002,0.03829572430441811,0.0,0.03829572430441811,0.793548721509206,1.260162070576027
4,0.019,5,0.1191435392420173,0.08255539881565992,3.904281643246565,552.1190689346464,0.39509241800988093,2.5876285859946098,0.030636286756702893,0.03829572430441811,0.0,0.03829572430441811,0.7999923571929527,1.2500119420000995
4,0.019,6,0.12492396593673966,0.08223497730618386,3.940908492449268,562.6788321167883,0.5961117006663699,3.3505083110496563,0.030100877262828847,0.03829572430441811,0.0,0.03829572430441811,0.7860114362520664,1.2722461199397987
4,0.019,7,0.1392671732751486,0.09694341513333637,3.8492098908302608,556.8046798585509,0.4367526868591085,2.730982386058913,0.03285475502729642,0.03829572430441811,0.0,0.03829572430441811,0.8579222778535103,1.1656067522829259
4,0.019,8,0.11461831206626372,0.08198600994168495,3.91034002700918,552.2424445936871,0.35803806432522833,2.435321937498396,0.03266515348755986,0.03829572430441811,0.0,0.03829572430441811,0.8529712932937357,1.172372397362302
4,0.019,9,0.10825172701738404,0.07779626606993013,3.949351214352762,561.7834206331132,0.3354141384770628,2.3442571208072307,0.0305661844304844,0.03829572430441811,0.0,0.03829572430441811,0.7981618048926166,1.2528787945879452
4,0.019,10,0.11998480243161094,0.08118170819963533,3.933372123259178,562.3373860182371,0.38299168695812114,2.519515386683986,0.03169895177196784,0.03829572430441811,0.0,0.03829572430441811,0.827741277850979,1.2081069613880406
4,0.019,11,0.10816311147961107,0.0793320983258341,3.928361362113062,557.8101303987337,0.33417929528513923,2.308446602264987,0.032319735008971257,0.03829572430441811,0.0,0.03829572430441811,0.8439515271223786,1.1849021749029827
4,0.019,12,0.14751089699472356,0.08743424764975131,3.88139402324371,565.9002064693738,0.34415286500006914,2.392202490382144,0.03141958186853586,0.03829572430441811,0.0,0.03829572430441811,0.8204462100984741,1.2188489479157627
4,0.019,13,0.1108985152303689,0.07642402064239594,3.9689156790362525,566.3757844787999,0.3950331920932513,2.5853775912905066,0.030319924687946732,0.03829572430441811,0.0,0.03829572430441811,0.7917313287230024,1.2630547304638275
4,0.019,14,0.1506250479331237,0.08681354323704911,3.905468286973847,567.5465143032441,0.5360352028510533,3.1299804032005967,0.028676238942976957,0.03829572430441811,0.0,0.03829572430441811,0.7488104602755516,1.335451430034797
4,0.019,15,0.11642303102625298,0.08053217570789786,3.9224061815714903,551.9546539379475,0.4229257745319046,2.666204021935696,0.0320565925183473,0.03829572430441811,0.0,0.03829572430441811,0.8370801989152868,1.1946286643691124
4,0.019,16,0.12486716259298619,0.08924378868906382,3.881002810439906,561.7408531956885,0.4002976283954922,2.593675041773237,0.03338167466375411,0.03829572430441811,0.0,0.03829572430441811,0.8716815067499042,1.147208002299528
4,0.019,17,0.12445887445887446,0.08358572552221387,3.929670360790154,572.0575139146567,0.3640569655399304,2.448327983639418,0.03172081692676979,0.03829572430441811,0.0,0.03829572430441811,0.8283122333610026,1.20727421342354
4,0.019,18,0.10689287888009738,0.07754294414506438,3.942654859978114,563.0206938527084,0.3433512037154287,2.3570540242327853,0.029452882359023033,0.03829572430441811,0.0,0.03829572430441811,0.7690906202712846,1.3002368949022753
4,0.019,19,0.10078404506356094,0.07615302878377846,3.969297662181557,563.3201644211007,0.36864607126335613,2.495193362967685,0.029400494961839125,0.03829572430441811,0.0,0.03829572430441811,0.7677226503964371,1.302553727552026
4,0.019,20,0.10616128057988523,0.07826624356865106,3.93812507572397,558.7771066143159,0.33937516901642084,2.3746427959797503,0.03135068838568916,0.03829572430441811,0.0,0.03829572430441811,0.8186472238121969,1.2215273818963157
4,0.019,21,0.11057580231564224,0.07773007509913762,3.941769629172717,575.0306162094956,0.35044152318732813,2.3875183479421738,0.03180989185585203,0.03829572430441811,0.0,0.03829572430441811,0.8306382091899011,1.2038935711556935
4,0.019,22,0.1043278437380314,0.07623184733975284,3.9493324797330547,566.852163921869,0.5453476485272404,3.198304743346826,0.03001929162388363,0.03829572430441811,0.0,0.03829572430441811,0.7838810250788325,1.2757037968860556
4,0.019,23,0.11770951839211224,0.07863144773679019,3.9324988701753236,561.2730375426621,0.4392455061606597,2.7812079315526175,0.031149771399409866,0.03829572430441811,0.0,0.03829572430441811,0.8134007637979619,1.2294062711851435
4,0.019,24,0.11609438814097715,0.0810040118562096,3.925535982680551,559.7051883224929,0.32787433665362187,2.277952397794771,0.031455653279367134,0.03829572430441811,0.0,0.03829572430441811,0.8213881275445194,1.2174512468172969
4,0.019,25,0.11827067669172932,0.08465029762342659,3.9341246811662844,556.4285714285714,0.3907766268821433,2.531984687015397,0.030795854247147723,0.03829572430441811,0.0,0.03829572430441811,0.8041590753669297,1.243535054981143
4,0.019,26,0.12949748366258546,0.0862257541311633,3.906804258302725,555.8862014572222,0.510014715109719,3.0397183798413496,0.03157533974919617,0.03829572430441811,0.0,0.03829572430441811,0.8245134495485539,1.212836492294371
4,0.019,27,0.12640534791856578,0.08161613779383049,3.9405468734915656,562.1668185961714,0.4012856425251812,2.609704561337076,0.03002745974526436,0.03829572430441811,0.0,0.03829572430441811,0.784094315766738,1.2753567777393404
4,0.019,28,0.10774105930285197,0.07775064225796985,3.9369970869842286,558.3562698053418,0.4040767051046714,2.584526117986724,0.030807065738074402,0.03829572430441811,0.0,0.03829572430441811,0.804451836272496,1.2430825002943557
4,0.019,29,0.10673047705864479,0.0769400895341324,3.949192824713576,562.1668185961714,0.571546232473338,3.284448064881604,0.03151463599785416,0.03829572430441811,0.0,0.03829572430441811,0.8229283182461801,1.2151726679319945
4,0.019,30,0.11450091296409008,0.08108725946601456,3.9324708906174672,563.0206938527084,0.38327451536315493,2.5426937674230885,0.031185369452812525,0.03829572430441811,0.0,0.03829572430441811,0.8143303206623179,1.2280029057332307
4,0.019,31,0.12039981826442527,0.08548350057322976,3.903663153293675,560.3820990458883,0.37199418907403015,2.4750581289882483,0.03214339526429017,0.03829572430441811,0.0,0.03829572430441811,0.8393468421899476,1.1914025879824492
4,0.019,32,0.09508172251660571,0.07332408002927215,3.9929149428457174,552.3247257258005,0.3311974053794984,2.3122504715204584,0.028265608381625396,0.03829572430441811,0.0,0.03829572430441811,0.7380878386562972,1.354852292134387
4,0.019,33,0.13693599160545644,0.0889576903379926,3.8753189909666204,554.6801079298456,0.3329760358610656,2.331282065435251,0.034633554260301194,0.03829572430441811,0.0,0.03829572430441811,0.9043713074857702,1.105740520207442
4,0.019,34,0.1260122606523878,0.08106040329071784,3.9290781127306653,560.0857488836751,0.3674255309451837,2.4868190776432444,0.03152247557289833,0.03829572430441811,0.0,0.03829572430441811,0.8231330297430002,1.2148704569809592
4,0.019,35,0.08465528907600932,0.07051400843822214,3.961878515111214,556.3868130215774,0.41978561430005357,2.6912853798094343,0.03142874068578906,0.03829572430441811,0.0,0.03829572430441811,0.8206853704073481,1.2184937566313006
4,0.019,36,0.11279549718574108,0.08195522992063524,3.9085150590145274,555.3864915572233,0.3934485873032827,2.536293931006773,0.033417590516142286,0.03829572430441811,0.0,0.03829572430441811,0.872619362164328,1.1459750303038592
4,0.019,37,0.1560615199034982,0.08689475955267374,3.9346005350234283,557.9360675512665,0.41606568210409023,2.6495561533450083,0.03073073132278257,0.03829572430441811,0.0,0.03829572430441811,0.8024585480744444,1.2461702880473642
4,0.019,38,0.10428754426945973,0.07830880177581936,3.94012935679772,557.6423027654283,0.3514876451517921,2.3691627126730275,0.03181725292355575,0.03829572430441811,0.0,0.03829572430441811,0.8308304256275693,1.2036150448446181
4,0.019,39,0.10884095397235304,0.07733538885371954,3.9496697678012205,562.0815737505696,0.4942607750708703,2.9525951576875302,0.03145269586560654,0.03829572430441811,0.0,0.03829572430441811,0.8213109018538108,1.2175657205363566
4,0.019,40,0.10896456933414783,0.07580828665950248,3.958888904015884,565.0806353084912,0.3545475189166609,2.4257679161025547,0.029879253944051838,0.03829572430441811,0.0,0.03829572430441811,0.7802242805629536,1.2816827480406943
4,0.019,41,0.11706682979048784,0.08301336325450992,3.91240660257956,565.8570117755008,0.4286330560280476,2.686161012953199,0.031764557150417976,0.03829572430441811,0.0,0.03829572430441811,0.8294544032622815,1.205611780547496
4,0.019,42,0.08944884287454324,0.06972063439795503,3.995788537998334,563.3629719853836,0.34799776459112763,2.3684121467013926,0.02907047850070923,0.03829572430441811,0.0,0.03829572430441811,0.7591050705719494,1.3173406933595473
4,0.019,43,0.10962707285960831,0.07888460211667804,3.9521762182954623,555.3032940646807,0.45789504548883997,2.84666874396391,0.02949251719079835,0.03829572430441811,0.0,0.03829572430441811,0.7701255878164928,1.298489513684724
4,0.019,44,0.17612302098325885,0.09479270758990584,3.870353702546406,560.5939701537762,0.46222272017621435,2.835002880272162,0.03139170371255669,0.03829572430441811,0.0,0.03829572430441811,0.8197182396400081,1.2199313759800752
4,0.019,45,0.11839307411907656,0.07548388810720184,3.9847174825627825,561.9963547995139,0.4415323260182049,2.7394948214291563,0.02850021299454657,0.03829572430441811,0.0,0.03829572430441811,0.7442139693714723,1.3436995825871856
4,0.019,46,0.07034191896369935,0.06911454542038246,3.9602472426674424,557.3488477180298,0.38874830154236406,2.551612508197282,0.03063697310660255,0.03829572430441811,0.0,0.03829572430441811,0.8000102795566663,1.2499839383990916
4,0.019,47,0.11572135515797488,0.08321518492906632,3.909048403230282,563.4057860677578,0.38719379843678325,2.5494757801489443,0.03146363948884596,0.03829572430441811,0.0,0.03829572430441811,0.8215966680441151,1.2171422291433949
4,0.019,48,0.1107511489489942,0.08161985081608146,3.90757176570926,557.5584268816394,0.3977479880559258,2.5931498733814626,0.0327473005358762,0.03829572430441811,0.0,0.03829572430441811,0.8551163643116733,1.1694314852750491
4,0.019,49,0.09210725647629148,0.07227104461800272,4.004947222005971,560.5515830934706,0.41547891960362904,2.6603664112982583,0.030729483152684332,0.03829572430441811,0.0,0.03829572430441811,0.802425955138264,1.246220904990159
4,0.03,0,0.12418843424430016,0.06736005475812969,4.130296650509542,558.6928884191454,0.40270966370007955,2.623596532564867,0.02908570449572359,0.06046693311223912,0.0,0.06046693311223912,0.4810183516622964,2.078922761562452
4,0.03,1,0.09394351306449177,0.06427666891331144,4.127397171496997,558.861350249207,0.4083595477277413,2.5935322661675935,0.02998659432162898,0.06046693311223912,0.0,0.06046693311223912,0.4959172357223354,2.016465506675596
4,0.03,2,0.08679872977468622,0.063985748884349,4.116938819950308,559.5362165431725,0.3629284840717446,2.4389450308139065,0.030483894024570513,0.06046693311223912,0.0,0.06046693311223912,0.5041415606110882,1.9835698504758543
4,0.03,3,0.0794449527294907,0.06187676955822725,4.1402969242918015,564.220494053065,0.4656872753985226,2.8302445297885797,0.02933775711165555,0.06046693311223912,0.0,0.06046693311223912,0.4851867889049145,2.061061889704456
4,0.03,4,0.09720433366164104,0.06423318639082165,4.131489115311387,560.6787635426926,0.5011257272853982,2.971921007350637,0.03065744257957595,0.06046693311223912,0.0,0.06046693311223912,0.5070117004722134,1.9723410703710267
4,0.03,5,0.10079595897749885,0.06599724650309381,4.121877679327534,566.3757844787999,0.43553036579396576,2.7387397359889176,0.030374145810281094,0.06046693311223912,0.0,0.06046693311223912,0.5023265485269511,1.9907369079584838
4,0.03,6,0.0667738724251474,0.06247712604798575,4.117555124667592,566.6788421778084,0.3510372261807788,2.3800872226116594,0.031374117565628114,0.06046693311223912,0.0,0.06046693311223912,0.5188640460297741,1.927287133598416
4,0.03,7,0.09075706901793858,0.06500407400638297,4.107882640788207,562.508057160231,0.39055858860956505,2.559312295184867,0.03230936184250872,0.06046693311223912,0.0,0.06046693311223912,0.5343310827843024,1.8714988369929395
4,0.03,8,0.17124654590113603,0.0836059317539736,4.07625815304865,568.0248695118207,0.3527681446284987,2.414402798506221,0.03191672292537369,0.06046693311223912,0.0,0.06046693311223912,0.5278376342674708,1.8945219800171937
4,0.03,9,0.08093497791990255,0.0620889950139125,4.126919642961896,563.4486066697121,0.3992487254436128,2.604170496128414,0.030253992749393426,0.06046693311223912,0.0,0.06046693311223912,0.5003394614579801,1.9986430754152755
4,0.03,10,0.08492680011951001,0.06314163679702023,4.134834879756817,552.7777113833283,0.5814630673849024,3.323247861956906,0.029708095771267092,0.06046693311223912,0.0,0.06046693311223912,0.49131143655198667,2.035368863012795
4,0.03,11,0.08773127085228996,0.0635764287818891,4.113773975754578,561.1455868971792,0.4429972258512862,2.775172167132013,0.03255255081660932,0.06046693311223912,0.0,0.06046693311223912,0.5383529334319811,1.8575175092388463
4,0.03,12,0.0821501784222914,0.06181793942710856,4.137550663347264,561.8685748994002,0.3947516653861385,2.581031166179283,0.02882117097327905,0.06046693311223912,0.0,0.06046693311223912,0.4766435056294488,2.0980040390551715
4,0.03,13,0.2693817845869582,0.08622296678418752,4.104162791086183,569.7273847101394,0.3987108196306508,2.5848436663356527,0.03286635347774386,0.06046693311223912,0.0,0.06046693311223912,0.5435425907369424,1.8397822305777114
4,0.03,14,0.09767025089605735,0.064289476587044,4.123654726423414,552.6129032258065,0.43480885910685174,2.7502769508671348,0.030534181469693347,0.06046693311223912,0.0,0.06046693311223912,0.5049732125989522,1.980303063707651
4,0.03,15,0.08395061728395062,0.06286361702599864,4.123679040401097,571.0,0.49290333900717087,2.961097942298861,0.02990623659265296,0.06046693311223912,0.0,0.06046693311223912,0.49458828244423786,2.0218837273257573
4,0.03,16,0.09864177858714622,0.06532157064341651,4.128317517273584,561.5281129068974,0.4464634952018969,2.831949777425853,0.029818062481063036,0.06046693311223912,0.0,0.06046693311223912,0.49313006210707844,2.0278625799594017
4,0.03,17,0.09230182926829268,0.06398179023982578,4.122977639859252,564.0487804878048,0.5146667442750186,3.0490293349061135,0.030305615427562688,0.06046693311223912,0.0,0.06046693311223912,0.5011931954827146,1.9952385806771964
4,0.03,18,0.08827753004308064,0.06444026690544356,4.126201155133433,559.3251454916484,0.40401190344709903,2.5948910633726596,0.030492553495542172,0.06046693311223912,0.0,0.06046693311223912,0.5042847706355752,1.9830065435837974
4,0.03,19,0.10258926549407413,0.06523685595512964,4.112163086958887,558.6507888578546,0.4753380307229236,2.8648080411899963,0.031687748119888684,0.06046693311223912,0.0,0.06046693311223912,0.5240508570373443,1.9082117442825577
4,0.03,20,0.10817233977307575,0.06488468576937531,4.124733966099343,567.329346826127,0.4225965954537969,2.6941052346237697,0.030994143118457464,0.06046693311223912,0.0,0.06046693311223912,0.5125800420690417,1.9509148190075363
4,0.03,21,0.10582729468599034,0.06534034873783427,4.099376485149858,558.6086956521739,0.4422231583739631,2.7766198633448678,0.03137277658013126,0.06046693311223912,0.0,0.06046693311223912,0.5188418688590821,1.927369512793889
4,0.03,22,0.09285551590615747,0.06458514645826732,4.123245928692127,561.8685748994002,0.4827246479981113,2.8834724982987456,0.030474326659914626,0.06046693311223912,0.0,0.06046693311223912,0.50398333587298,1.9841925889629655
4,0.03,23,0.10765748774047529,0.06675362019668221,4.114865992330527,558.3142210486609,0.43397779524093494,2.706039541943457,0.03154132765429028,0.06046693311223912,0.0,0.06046693311223912,0.5216293605588208,1.9170700033615848
4,0.03,24,0.08505018489170629,0.06659593170167326,4.099987235709888,558.4824541544034,0.47994847418158315,2.9257100528163864,0.0325683669409784,0.06046693311223912,0.0,0.06046693311223912,0.5386144999370942,1.856615445957715
4,0.03,25,0.09214152700186219,0.06563285193633453,4.099237060287379,551.2569832402235,0.5085888457542751,3.0087432140544426,0.033923161224890315,0.06046693311223912,0.0,0.06046693311223912,0.5610200398608264,1.7824675215667385
4,0.03,26,0.10561056105610561,0.06618576678571055,4.109421394958405,567.9813492977205,0.37762597267283127,2.520506408716599,0.032115494386788394,0.06046693311223912,0.0,0.06046693311223912,0.5311249096622017,1.8827962722290796
4,0.03,27,0.0982619817921902,0.07059501620007935,4.076065763004087,556.8046798585509,0.5032005831017159,3.003415892372243,0.03380865588812362,0.06046693311223912,0.0,0.06046693311223912,0.5591263546535058,1.7885044975562034
4,0.03,28,0.15881725346745923,0.08346812397420168,4.06460193696721,563.9629629629629,0.3995660127256997,2.5768417502649985,0.03168159927293737,0.06046693311223912,0.0,0.06046693311223912,0.5239491676240595,1.9085820949667263
4,0.03,29,0.0933533608711979,0.06555588418078535,4.090922832585601,555.8028539241457,0.3687475257902406,2.445242463684289,0.032016969648991374,0.06046693311223912,0.0,0.06046693311223912,0.5294955110351184,1.8885901375161531
4,0.03,30,0.09738171796049609,0.06586855352679238,4.103928620335834,566.5489205328433,0.3678077554795891,2.4512858438043335,0.03168798918173261,0.06046693311223912,0.0,0.06046693311223912,0.5240548437095884,1.9081972278347314
4,0.03,31,0.07962763502077243,0.06217002444540893,4.117104341191708,569.3335897830435,0.3965090147103183,2.589500024232999,0.031601134682953926,0.06046693311223912,0.0,0.06046693311223912,0.5226184470824027,1.9134418342533692
4,0.03,32,0.0948256211534078,0.06413899947737797,4.123376095346615,562.2947344426715,0.3935877432813868,2.587249157133014,0.03026514438062724,0.06046693311223912,0.0,0.06046693311223912,0.5005238867406898,1.9979066463976325
4,0.03,33,0.07966598961859625,0.06211338136210144,4.114225036557488,556.7210561949898,0.5103335735329892,3.050878738189693,0.03188467806693872,0.06046693311223912,0.0,0.06046693311223912,0.52730767753268,1.8964260195851685
4,0.03,34,0.0864704540269222,0.06492286626873338,4.102541184481035,562.8069815195072,0.5545788997260388,3.180035374144093,0.03237841754417573,0.06046693311223912,0.0,0.06046693311223912,0.535473123534721,1.8675073613384785
4,0.03,35,0.08203688244668741,0.06266520343116659,4.123292960253335,561.6131896486302,0.5559456427581608,3.1727967161916593,0.033353587241736274,0.06046693311223912,0.0,0.06046693311223912,0.5516004454835691,1.8129064401377242
4,0.03,36,0.07938655841226883,0.06169426387299122,4.139372863578213,556.3450608930988,0.43574502313276753,2.730908557593768,0.02994375773068775,0.06046693311223912,0.0,0.06046693311223912,0.4952088056972552,2.01935019833098
4,0.03,37,0.09301623254058135,0.06426440118942224,4.104676058603264,558.7349943374859,0.41665046563139185,2.6312015813960334,0.03357676794762478,0.06046693311223912,0.0,0.06046693311223912,0.5552914000996108,1.8008562708167555
4,0.03,38,0.06981002517738613,0.06282991732330769,4.09189032150023,564.6072327763791,0.3963318497990258,2.5753832218439063,0.03335979309558587,0.06046693311223912,0.0,0.06046693311223912,0.5517030776749203,1.812569188873058
4,0.03,39,0.0784164446136277,0.06187025107663258,4.130395150277629,563.4057860677578,0.3826466807513498,2.4958189110217197,0.03076966787969306,0.06046693311223912,0.0,0.06046693311223912,0.5088676785141095,1.9651474090867667
4,0.03,40,0.1500499654085633,0.06995474741352095,4.129947001021255,568.8530248289645,0.6038295902544633,3.394100210058502,0.030257513860584267,0.06046693311223912,0.0,0.06046693311223912,0.5003976934702488,1.9984104903941873
4,0.03,41,0.08454124611064734,0.06309816592561691,4.114698286119466,561.6131896486302,0.45438212499720976,2.798401824480563,0.0316665397829482,0.06046693311223912,0.0,0.06046693311223912,0.5237001143115454,1.909489749328386
4,0.03,42,0.0947885486223041,0.06731529204080884,4.1006120958359,567.9813492977205,0.42354018258629367,2.68923357262937,0.03208660788879063,0.06046693311223912,0.0,0.06046693311223912,0.530647185780553,1.8844912906285456
4,0.03,43,0.12695357610285626,0.07356447061386079,4.110225361508926,569.7273847101394,0.397040960699087,2.578956498113154,0.03158231351553196,0.06046693311223912,0.0,0.06046693311223912,0.5223071832816236,1.914582130992459
4,0.03,44,0.08112383247966255,0.06151755561730618,4.138967776625813,557.4326604398915,0.4037048334721476,2.607370537955406,0.03128549862027239,0.06046693311223912,0.0,0.06046693311223912,0.5173984690475378,1.9327463450768763
4,0.03,45,0.09370246425311834,0.06365384759272107,4.118736447835949,562.849710982659,0.5861351535713766,3.362172909970564,0.03165264581656299,0.06046693311223912,0.0,0.06046693311223912,0.523470336387148,1.9103279221163363
4,0.03,46,0.09505903587275326,0.06498228287002249,4.102985586106897,556.5538843348123,0.4709951890690718,2.9014544185547324,0.034108863393649214,0.06046693311223912,0.0,0.06046693311223912,0.5640911757561131,1.7727630620344141
4,0.03,47,0.08775911635648358,0.06177276992509246,4.1332177991051084,559.8742623694961,0.5199180216004606,3.0875759393269155,0.02916956964339071,0.06046693311223912,0.0,0.06046693311223912,0.4824053105065865,2.0729456708299367
4,0.03,48,0.08344099095675964,0.06271691079766505,4.129763848658543,562.3800440762976,0.41356475959764794,2.6430709359703792,0.030893690671821832,0.06046693311223912,0.0,0.06046693311223912,0.5109187630614035,1.9572583203013383
4,0.03,49,0.050779476313001365,0.0589088527633797,4.119103940424095,560.0434387770547,0.39097650785697624,2.565450760421956,0.03152481737159838,0.06046693311223912,0.0,0.06046693311223912,0.5213563140879298,1.9180740176695052
4,0.06,0,0.08030694423339918,0.054987974745883565,4.248716068070849,562.2520893481234,0.58055524455267,3.313359510190135,0.032342052681956675,0.12093386622447824,0.0,0.12093386622447824,0.26743586136511294,3.7392143106595737
4,0.06,1,0.08561617703166731,0.05461546218653429,4.261898069690985,564.6932468523464,0.5406197560951114,3.157148881902854,0.029630654747047822,0.12093386622447824,0.0,0.12093386622447824,0.24501535981696976,4.081376778774259
4,0.06,2,0.0750113310167699,0.054041031226710216,4.261407001266409,559.0299138842726,0.5536056581768207,3.193404464189029,0.030031986218151716,0.12093386622447824,0.0,0.12093386622447824,0.24833396265034763,4.026835432928651
4,0.06,3,0.08484241350080912,0.05454519056432678,4.2639201832308,570.2532942898976,0.6015217356034555,3.4024448292951974,0.030139710623750048,0.12093386622447824,0.0,0.12093386622447824,0.24922473385415891,4.012442844397535
4,0.06,4,0.08943640747438215,0.05501187512033175,4.259319772286583,557.6003616636528,0.6072701793455053,3.4075647700468217,0.03008491465059564,0.12093386622447824,0.0,0.12093386622447824,0.24877162692170796,4.019751015716573
4,0.06,5,0.059080125507002375,0.05364743619206657,4.259036937356141,566.3325170276269,0.5387753944669385,3.141557940277964,0.03139454585249056,0.12093386622447824,0.0,0.12093386622447824,0.25960094415749346,3.8520661134164627
4,0.06,6,0.05610611373685013,0.05330347480154686,4.259307025030076,564.1346241805153,0.5485839378088713,3.1742864958182833,0.029937339966823028,0.12093386622447824,0.0,0.12093386622447824,0.24755133447278646,4.03956618585682
4,0.06,7,0.09910331384015594,0.056372972103190894,4.25146175770126,577.0,0.5109470407187473,3.0575637790923005,0.03190186228268013,0.12093386622447824,0.0,0.12093386622447824,0.26379593474224733,3.7908089864125127
4,0.06,8,0.08131604586674661,0.05508031918790739,4.2484542096624995,554.6386120062955,0.5496092475950718,3.1416065809048552,0.03335211845629711,0.12093386622447824,0.0,0.12093386622447824,0.2757880773809769,3.6259725565242196
4,0.06,9,0.0632231717461998,0.05405511272738835,4.253963767727352,559.6629357936928,0.6387300434580538,3.57454507517062,0.030297619761549276,0.12093386622447824,0.0,0.12093386622447824,0.25053048172056813,3.9915302646300774
4,0.06,10,0.06230152729472252,0.053959660744046775,4.254724174227276,559.5362165431725,0.601518891955493,3.4215956107590215,0.03177059555331723,0.12093386622447824,0.0,0.12093386622447824,0.26271049247978595,3.806471490958604
4,0.06,11,0.06240917782026768,0.05351100990049777,4.261333354719244,565.9866156787763,0.7028633450099733,3.8229861888154004,0.030852138025739453,0.12093386622447824,0.0,0.12093386622447824,0.25511578343548125,3.919788836792608
4,0.06,12,0.06459889819636254,0.0537214754479704,4.258077470140263,558.4824541544034,0.6918269777379464,3.719445581714784,0.030554009282093095,0.12093386622447824,0.0,0.12093386622447824,0.25265056212937526,3.958035919539843
4,0.06,13,0.06461586025660844,0.05421085899541168,4.249341467748886,571.9692379038491,0.5441208619449753,3.1889316818575706,0.03304648579066974,0.12093386622447824,0.0,0.12093386622447824,0.2732608062767846,3.6595076096902988
4,0.06,14,0.07302431610942249,0.054316815224123204,4.254691076225916,562.3373860182371,0.5817413676995784,3.3388915885256516,0.030132155291981145,0.12093386622447824,0.0,0.12093386622447824,0.2491622589494463,4.013448923670638
4,0.06,15,0.08374459038797358,0.054825429420044335,4.255343329562975,561.8685748994002,0.6010013416525908,3.4026501529904647,0.032483920463416145,0.12093386622447824,0.0,0.12093386622447824,0.26860896353978525,3.722883953021486
4,0.06,16,0.24743357487922704,0.060193698237257,4.271316057103575,558.6086956521739,0.5179888559505343,3.029959704268617,0.031389213349391,0.12093386622447824,0.0,0.12093386622447824,0.2595568497837168,3.852720515113659
4,0.06,17,0.06699657403882756,0.054035043595377405,4.256450464514091,563.4057860677578,0.7469863843580242,3.905336147219411,0.030820205207953033,0.12093386622447824,0.0,0.12093386622447824,0.25485173153022633,3.923850130409636
4,0.06,18,0.07652942544777855,0.05821058841917068,4.249700805845722,573.7843684577808,0.5347800355229992,3.095466737370607,0.03002836351775681,0.12093386622447824,0.0,0.12093386622447824,0.2483040066048824,4.027321240898321
4,0.06,19,0.07463823305407463,0.05445001873152447,4.255680864614622,563.6199543031227,0.49282957494142465,2.963311688363914,0.03149405995214729,0.12093386622447824,0.0,0.12093386622447824,0.2604238244867472,3.8398944565491906
4,0.06,20,0.07798933739527798,0.05523490657659545,4.252890313858424,563.6199543031227,0.5196915460983291,3.1072245093010444,0.03086318144823362,0.12093386622447824,0.0,0.12093386622447824,0.25520710130068264,3.9183862631698845
4,0.06,21,0.07668075297733384,0.05457425047590277,4.2582058422747915,568.5912408759124,0.5875037096266169,3.3802693960852253,0.030463498923256265,0.12093386622447824,0.0,0.12093386622447824,0.25190213357364855,3.969795673475827
4,0.06,22,0.08052378085490668,0.05465242745479239,4.246076156228691,556.9301625526791,0.6399078120011836,3.5512249786124825,0.03302355173651682,0.12093386622447824,0.0,0.12093386622447824,0.2730711649887905,3.6620490487930124
4,0.06,23,0.07056313342985598,0.0537034106109926,4.265018947837938,563.9200640097539,0.5818414062669035,3.3165793222279656,0.02916941019906994,0.12093386622447824,0.0,0.12093386622447824,0.241201336811026,4.145914003716612
4,0.06,24,0.07127101239826576,0.0541945000790352,4.253565715338598,562.8924469460713,0.5159594284777995,3.0434890778560026,0.03223264783802631,0.12093386622447824,0.0,0.12093386622447824,0.26653119464646785,3.7519060435924563
4,0.06,25,0.06928867721616223,0.0546047900997498,4.252570851607508,568.4604393916117,0.5291499753366224,3.0747486675023348,0.03227594557179757,0.12093386622447824,0.0,0.12093386622447824,0.26688922284090993,3.7468729136211323
4,0.06,26,0.02175417018986855,0.051182896473419934,4.258968350307607,568.8530248289645,0.5647598847863264,3.2610517617173103,0.029789494993119774,0.12093386622447824,0.0,0.12093386622447824,0.24632880700121101,4.059614513519256
4,0.06,27,0.07325177465639632,0.053615221287063475,4.267832038535248,558.861350249207,0.5331493046251126,3.1266021027240787,0.028967143780646614,0.12093386622447824,0.0,0.12093386622447824,0.23952879937599622,4.174863325851131
4,0.06,28,0.07060780163289991,0.05417464728235217,4.254913215341485,559.4517689749017,0.572098372183973,3.2702214978676882,0.03153891104075348,0.12093386622447824,0.0,0.12093386622447824,0.2607946973448343,3.8344337909514925
4,0.06,29,0.0811280810524724,0.05476132335638513,4.263491770448642,559.5362165431725,0.5498244600894395,3.1792217854779983,0.029048899757685175,0.12093386622447824,0.0,0.12093386622447824,0.2402048381035335,4.163113482206292
4,0.06,30,0.0671933784800602,0.053715491402944585,4.264102869181664,556.8465011286681,0.6594751555239782,3.620179319585246,0.029727466568297216,0.12093386622447824,0.0,0.12093386622447824,0.2458158950538875,4.068085181313361
4,0.06,31,0.08438431552396239,0.05510578797004997,4.262080185658258,565.641137353818,0.5677866330079269,3.2428659988942914,0.031025496574427637,0.12093386622447824,0.0,0.12093386622447824,0.25654928220716855,3.8978865635355024
4,0.06,32,0.07310365900236804,0.054349913226178215,4.2575058694534365,565.2960812772134,0.5659966056118719,3.2253864132222065,0.030995946226459358,0.12093386622447824,0.0,0.12093386622447824,0.25630493090268425,3.901602659293696
4,0.06,33,0.0625094711319897,0.05437007144341122,4.254374815334313,560.7211698742234,0.6620128618669696,3.6329402397521227,0.031785066749526567,0.12093386622447824,0.0,0.12093386622447824,0.2628301545451868,3.8047384697180013
4,0.06,34,0.07780913875963079,0.05487461074298337,4.248725207865149,564.5212449462201,0.6927442234591581,3.7665303277092246,0.03166401644677806,0.12093386622447824,0.0,0.12093386622447824,0.2618291917336299,3.8192838368356687
4,0.06,35,0.09354643235873353,0.054387076069926536,4.263629052465927,560.5515830934706,0.5354894584161229,3.1495558760904925,0.029492728615512217,0.12093386622447824,0.0,0.12093386622447824,0.24387485107577409,4.1004638058775935
4,0.06,36,0.06615678776290632,0.05381111816929818,4.253926302537783,565.9866156787763,0.5890141431300435,3.3234368900166316,0.03110284791316646,0.12093386622447824,0.0,0.12093386622447824,0.2571888990585412,3.888192700620335
4,0.06,37,0.06630756391776041,0.05325781322984856,4.267161977755631,561.4430619831576,0.5216289217933081,3.06963166460015,0.02867046854676492,0.12093386622447824,0.0,0.12093386622447824,0.23707559711641574,4.218063825054719
4,0.06,38,0.0894530069507404,0.05598199097360838,4.252444471263304,559.114233907525,0.5759054459922481,3.3187861005031825,0.031952486340877446,0.12093386622447824,0.0,0.12093386622447824,0.2642145441837362,3.784803002005048
4,0.06,39,0.06782085058336469,0.0536881671622757,4.259986475486363,557.055701919458,0.5532223188492935,3.168836619954813,0.0299910469678845,0.12093386622447824,0.0,0.12093386622447824,0.24799543671426927,4.032332260823659
4,0.06,40,0.061123389985519395,0.05352374174116044,4.257514498285942,564.0058684551483,0.5454345555626787,3.15560286226841,0.030834249324791382,0.12093386622447824,0.0,0.12093386622447824,0.2549678620838653,3.922062929135261
4,0.06,41,0.0733625775223113,0.05472876532960534,4.260618038025788,559.7051883224929,0.5324293331359513,3.104622685283676,0.029865821827645484,0.12093386622447824,0.0,0.12093386622447824,0.2469599522453731,4.049239526117278
4,0.06,42,0.06127659574468085,0.05373385430266147,4.256119113790813,572.5435203094778,0.6055197552486788,3.446057012639855,0.03156618187248338,0.12093386622447824,0.0,0.12093386622447824,0.2610201993698773,3.831121125545365
4,0.06,43,0.07371745493760591,0.05395303849858572,4.255592362591389,570.0340471421969,0.5277931467280723,3.124052746762781,0.02947816427053125,0.12093386622447824,0.0,0.12093386622447824,0.24375441876482876,4.1024897315391335
4,0.06,44,0.06210703879773041,0.05367413768573934,4.25549915730018,567.4161938353013,0.5397906631405931,3.158835184841513,0.032782313343644266,0.12093386622447824,0.0,0.12093386622447824,0.27107636898661225,3.6889973247700816
4,0.06,45,0.08519979165116452,0.05445178694182573,4.2585650085283016,550.6837562318625,0.5485001475317404,3.204105535092743,0.03107517423903935,0.12093386622447824,0.0,0.12093386622447824,0.2569600659368436,3.8916552903040698
4,0.06,46,0.06446407990779869,0.05388355817723841,4.254594460708371,568.5912408759124,0.5849211846361868,3.3549298778783667,0.03120053675390038,0.12093386622447824,0.0,0.12093386622447824,0.2579966863540585,3.8760187742398466
4,0.06,47,0.06804485467999084,0.05391141969764012,4.262249882783604,564.5212449462201,0.48191453312756494,2.908188547268847,0.0301394217386982,0.12093386622447824,0.0,0.12093386622447824,0.24922234506877672,4.0124813034883955
4,0.06,48,0.06104959805854694,0.05401083276983009,4.2561650533922455,561.2305475504322,0.7016493911214639,3.7855771537325626,0.030971784319914396,0.12093386622447824,0.0,0.12093386622447824,0.256105136524986,3.9046464025232015
4,0.06,49,0.0777871169863223,0.053924731377645904,4.256387997460932,565.4685565828685,0.5935973893501796,3.38056152384017,0.029848376621879575,0.12093386622447824,0.0,0.12093386622447824,0.24681569814757118,4.051606147847613
4,0.12,0,0.05057244673591629,0.05113640491160389,4.303830426603306,561.1031162332247,0.8027221856464166,4.184921071673543,0.030014787028502698,0.24186773244895649,0.0,0.24186773244895649,0.12409587142773164,8.058285811565932
4,0.12,1,0.05539402072616119,0.051295427102863084,4.305190053295228,551.7492730932677,0.8271679340978153,4.276324881662549,0.03000680120984698,0.24186773244895649,0.0,0.24186773244895649,0.12406285413115031,8.060430392346705
4,0.12,2,0.07298720842738901,0.05129996185927815,4.304992165799569,556.8465011286681,0.8642148665676359,4.407137291537094,0.031100444588623096,0.24186773244895649,0.0,0.24186773244895649,0.12858451300520835,7.776986330846039
4,0.12,3,0.054668491484184914,0.05098082290650061,4.305049219292231,562.6788321167883,0.7947356645308901,4.101865167722167,0.030440523387439567,0.24186773244895649,0.0,0.24186773244895649,0.12585607463725532,7.945583897179523
4,0.12,4,0.05073821479427415,0.05112257354911853,4.303232461110022,554.6386120062955,0.7211515169765335,3.8860035090234253,0.032128229724420726,0.24186773244895649,0.0,0.24186773244895649,0.13283388155632142,7.5281997957426325
4,0.12,5,0.06440500262113383,0.050980420939332007,4.3066178499946615,554.2239946079533,0.7899475503654685,4.18028842496353,0.02899378666435812,0.24186773244895649,0.0,0.24186773244895649,0.11987455445499304,8.342053945864304
4,0.12,6,0.05001894657067071,0.05093462590688376,4.304625122786394,560.8484274346343,0.8584291149745695,4.413853193683038,0.030436214528079174,0.24186773244895649,0.0,0.24186773244895649,0.12583825969635037,7.9467087546586805
4,0.12,7,0.06926539018994583,0.051052557801149055,4.3068787353958005,564.5212449462201,0.832488546235254,4.320399650532652,0.029498198508509054,0.24186773244895649,0.0,0.24186773244895649,0.12196004076209017,8.199406902058351
4,0.12,8,0.045475319926873856,0.050755516048699476,4.305613779908116,563.7056672760511,0.7636228017217945,3.997837692111386,0.030033193000164136,0.24186773244895649,0.0,0.24186773244895649,0.12417197075472773,8.053347256405093
4,0.12,9,0.07540219515862276,0.051106893686795676,4.30778022202639,556.3450608930988,0.8661772232444491,4.373574534462334,0.028503086558487555,0.24186773244895649,0.0,0.24186773244895649,0.11784575920850797,8.485668103089484
4,0.12,10,0.08990213185646005,0.05165858721385018,4.304225674128335,561.4430619831576,0.8002432538196445,4.151216072282255,0.031463542947749855,0.24186773244895649,0.0,0.24186773244895649,0.13008573995867717,7.687237665847605
4,0.12,11,0.05316358024691358,0.05101608706431217,4.304958482495643,571.0,0.7624213701928966,3.9534894868374773,0.030028380115346025,0.24186773244895649,0.0,0.24186773244895649,0.12415207192502697,8.054638029753386
4,0.12,12,0.06338508140855736,0.05137692156378804,4.3039283718552666,560.4244604316547,0.781002254690975,4.151519844285942,0.0317709380559845,0.24186773244895649,0.0,0.24186773244895649,0.13135666231414067,7.6128609115272035
4,0.12,13,0.06579849211788896,0.05114735236417864,4.30384349984646,563.5771076079507,0.8115886971936561,4.243482911633316,0.03147437517593264,0.24186773244895649,0.0,0.24186773244895649,0.1301305257102659,7.684592024368582
4,0.12,14,0.08913585847130868,0.05129494909641401,4.3027112109170895,559.4939895667952,0.8119050162495114,4.313809243858975,0.03014949869813071,0.24186773244895649,0.0,0.24186773244895649,0.12465283563401094,8.022280399108343
4,0.12,15,0.04407984273400877,0.05089933940845697,4.303682506523056,559.5362165431725,0.7961045075498987,4.200196189370962,0.03150805849276108,0.24186773244895649,0.0,0.24186773244895649,0.13026978908569586,7.6763769022621675
4,0.12,16,0.12119826206265721,0.05202324119516962,4.3044409361673965,564.0916990624286,0.8140258432831615,4.232033669639988,0.031201929931450326,0.24186773244895649,0.0,0.24186773244895649,0.129004103257284,7.751691417176194
4,0.12,17,0.04923896499238965,0.05102732246370693,4.303320146120767,563.1917808219179,0.8245169045985676,4.297558379612241,0.032271190509560996,0.24186773244895649,0.0,0.24186773244895649,0.13342495165770604,7.494850008006313
4,0.12,18,0.06547038065920865,0.0510650467603491,4.30626515792106,555.6362339514978,0.8124312841682695,4.205704868467199,0.029911780380277544,0.24186773244895649,0.0,0.24186773244895649,0.12366999135194727,8.086035982279174
4,0.12,19,0.06338822467854725,0.05107187592310095,4.306445842755309,556.4703361154974,0.7780029776040465,4.079893710403272,0.02981703376278695,0.24186773244895649,0.0,0.24186773244895649,0.12327826230015823,8.111730173201154
4,0.12,20,0.05211726384364821,0.050964219987135954,4.305646675651481,560.5939701537762,0.7645419972832315,4.039023027153637,0.030044644311869886,0.24186773244895649,0.0,0.24186773244895649,0.1242193161016651,8.05027777790668
4,0.12,21,0.04735937850153134,0.051054508556775985,4.30361149465344,552.8189288115336,0.8170524209563155,4.229309389801397,0.03109155981921445,0.24186773244895649,0.0,0.24186773244895649,0.12854777900469208,7.779208693784583
4,0.12,22,0.026176808266360506,0.050522018194315683,4.305246527246858,566.4190585533869,0.8031281340226997,4.163290189414363,0.02955052410360744,0.24186773244895649,0.0,0.24186773244895649,0.12217638047209853,8.184888078497057
4,0.12,23,0.08096112641567187,0.05158134070965519,4.304489582220558,566.2892561983471,0.7524608956591692,3.9745491801683928,0.03190871868493575,0.24186773244895649,0.0,0.24186773244895649,0.13192631510559075,7.579988868783482
4,0.12,24,0.06056710775047259,0.050930011249533794,4.305800167149887,559.578449905482,0.7663560684886761,4.065712487991051,0.029757399858673265,0.24186773244895649,0.0,0.24186773244895649,0.12303170645118293,8.127986100857543
4,0.12,25,0.10862595419847328,0.052331608895995294,4.304687524831593,564.9083969465648,0.7657741450238973,4.023495942841925,0.031405855490614906,0.24186773244895649,0.0,0.24186773244895649,0.12984723167751516,7.701357873255019
4,0.12,26,0.03554466064041673,0.05072924429429,4.306051472906742,566.8955109544967,0.8676754786574747,4.4441907041774,0.02789669224421252,0.24186773244895649,0.0,0.24186773244895649,0.11533862728092432,8.670122261506995
4,0.12,27,0.05088462120066536,0.051087109679353586,4.303382712487594,559.5362165431725,0.8154646385810338,4.234381174070393,0.03208172494739991,0.24186773244895649,0.0,0.24186773244895649,0.13264160796715785,7.539112464978566
4,0.12,28,0.051482889733840305,0.05082148894907746,4.306219217982039,562.7642585551331,0.7984090108657256,4.203839822732907,0.029641515131630113,0.24186773244895649,0.0,0.24186773244895649,0.12255258207245825,8.159762798051515
4,0.12,29,0.04878598812297978,0.050848865783399984,4.307318658672867,556.3033150417199,0.8070861825835891,4.179881725063659,0.028170032302827486,0.24186773244895649,0.0,0.24186773244895649,0.1164687493350212,8.585994146150826
4,0.12,30,0.05622581379467334,0.0512912747275545,4.30510663187827,561.5281129068974,0.8781455354182981,4.498656255510122,0.029995198485660235,0.24186773244895649,0.0,0.24186773244895649,0.12401488277064983,8.06354832306197
4,0.12,31,0.054058158074557744,0.050912077058097194,4.306977253020463,561.8685748994002,0.8420635443762876,4.338010013793699,0.02897779657980903,0.24186773244895649,0.0,0.24186773244895649,0.11980844359188952,8.346657130497064
4,0.12,32,0.1823488747215608,0.05372335318261138,4.302874286849323,568.4168522928028,0.9495968713308685,4.723782230115251,0.035137895188395614,0.24186773244895649,0.0,0.24186773244895649,0.14527731679053582,6.883387042739941
4,0.12,33,0.0751180862410483,0.051425601976855195,4.3048036170266215,563.7914063690386,0.7453614811238367,3.9471352153051997,0.031050488190841993,0.24186773244895649,0.0,0.24186773244895649,0.12837796872054794,7.789498540647512
4,0.12,34,0.08068459657701711,0.051386668528260626,4.305199101927527,565.4254278728606,0.8163055033946875,4.257128141284449,0.030793484832815292,0.24186773244895649,0.0,0.24186773244895649,0.12731539061050204,7.854509931633605
4,0.12,35,0.053660377358490566,0.05091952849057924,4.305913806595609,558.5245283018868,0.8064609456632752,4.164121917417026,0.030821418209323066,0.24186773244895649,0.0,0.24186773244895649,0.1274308809085461,7.847391408348456
4,0.12,36,0.05278010830600259,0.050971887735792316,4.304700622407984,564.4352833498589,0.8483643552754074,4.321980196723658,0.030308174544839937,0.24186773244895649,0.0,0.24186773244895649,0.12530887951842085,7.980280438570169
4,0.12,37,0.03412033511043412,0.05066134500894834,4.304462928467441,563.6199543031227,0.7738014166825451,4.108871527548583,0.029987787215427733,0.24186773244895649,0.0,0.24186773244895649,0.12398424093944124,8.065541172191708
4,0.12,38,0.06644290182317492,0.051195937840286754,4.3056298234366395,564.5212449462201,0.84313586333883,4.378660989885339,0.029549656832588443,0.24186773244895649,0.0,0.24186773244895649,0.12217279474774326,8.185128301802
4,0.12,39,0.04504298866316671,0.05068258892709923,4.306590464447324,563.0634558320019,0.7762622261943761,4.093820582372532,0.02939487555033177,0.24186773244895649,0.0,0.24186773244895649,0.12153285290560714,8.228227809123233
4,0.12,40,0.04981188863807374,0.05100704653383732,4.3041986046547,556.8465011286681,0.7760540988529101,4.145524475290077,0.031837648478595645,0.24186773244895649,0.0,0.24186773244895649,0.1316324759662376,7.596909445481296
4,0.12,41,0.04776186548699108,0.05103545761784496,4.304676988067791,554.8876808877559,0.7255336187081411,3.8911501027740907,0.031433154124397074,0.24186773244895649,0.0,0.24186773244895649,0.12996009763737582,7.694669503790873
4,0.12,42,0.059961904761904765,0.05097655252002315,4.305427488420992,563.8342857142857,0.8456320625846274,4.3188017597517465,0.030173304879915683,0.24186773244895649,0.0,0.24186773244895649,0.124751262081987,8.015950967636673
4,0.12,43,0.07175364077669903,0.051167628384928665,4.3069041321446395,561.3155339805825,0.8129768427170347,4.267749528094928,0.029498185359769113,0.24186773244895649,0.0,0.24186773244895649,0.12195998639874123,8.199410556922802
4,0.12,44,0.04716981132075472,0.0507276230369943,4.308026594957439,558.5245283018868,0.8652733265189454,4.410100252115762,0.028074688899884376,0.24186773244895649,0.0,0.24186773244895649,0.11607455287905852,8.615152720354903
4,0.12,45,0.04769811320754717,0.05090655750878562,4.304524949505696,558.5245283018868,0.8286513422208373,4.3222428606171714,0.0317053314784882,0.24186773244895649,0.0,0.24186773244895649,0.13108541249990532,7.628613900884831
4,0.12,46,0.07584830339321358,0.0517568213570731,4.303055857254357,568.1119299861815,0.8267059348290786,4.289697234052048,0.032485039789535174,0.24186773244895649,0.0,0.24186773244895649,0.13430910961382905,7.445511349715892
4,0.12,47,0.061564931178934766,0.05101045052658733,4.305355510644972,553.6032315978456,0.8033978401799686,4.19713809594912,0.030168511123656396,0.24186773244895649,0.0,0.24186773244895649,0.12473144233914348,8.017224696889262
4,0.12,48,0.05768509489160603,0.051266951104877584,4.302952603028729,555.1369739704448,0.8158076685213018,4.250980553960081,0.03231147648286384,0.24186773244895649,0.0,0.24186773244895649,0.13359151365791558,7.485505423351029
4,0.12,49,0.06245274459398155,0.05126675307644803,4.303475856253508,559.5362165431725,0.8307725180638954,4.262923299064561,0.03232185542615466,0.24186773244895649,0.0,0.24186773244895649,0.13363442530712866,7.483101735961561
4,0.25,0,0.05570902394106814,0.05018546575245596,4.31913299878955,567.8508287292817,1.3396758564631455,6.393353967700528,0.03057713845171506,0.5038911092686593,0.0,0.5038911092686593,0.060682036037695335,16.479341586014115
4,0.25,1,0.052773008882585654,0.050220208854915356,4.319070077508497,552.4070314249459,1.4490927061706316,6.846424541828977,0.030755680693805205,0.5038911092686593,0.0,0.5038911092686593,0.06103636307146514,16.383676052734963
4,0.25,2,0.05558516713622173,0.050166129007622524,4.3203274390367845,563.4914337927358,1.3723187348805368,6.465750063318824,0.028206279644823706,0.5038911092686593,0.0,0.5038911092686593,0.05597693455191522,17.86450094141115
4,0.25,3,0.025341729381047458,0.05009257536985679,4.31860479910596,568.2861311626478,1.4099455200484954,6.61926938219811,0.030884864765477773,0.5038911092686593,0.0,0.5038911092686593,0.061292736064154106,16.3151470176387
4,0.25,4,0.056411038268028665,0.050184446067629444,4.319019906001325,564.1346241805153,1.4528313293703832,6.757058857176852,0.03129077034543348,0.5038911092686593,0.0,0.5038911092686593,0.06209827831820347,16.103506040470375
4,0.25,5,0.053840903920527795,0.05028566319467778,4.319743703910951,561.1880640024266,1.3793902760662604,6.476561772558478,0.02881776533120972,0.5038911092686593,0.0,0.5038911092686593,0.057190461988971056,17.485433151297954
4,0.25,6,0.05710611905302171,0.050210516508834596,4.320126289785723,559.7474472430225,1.3614058199746069,6.321730228488522,0.029496943374700466,0.5038911092686593,0.0,0.5038911092686593,0.05853832868278214,17.08282457838824
4,0.25,7,0.05962391071701575,0.050399195018413785,4.3178931390613675,565.6842990368445,1.3239138506178278,6.391260334370017,0.03428576944560145,0.5038911092686593,0.0,0.5038911092686593,0.0680420210139515,14.696800375681926
4,0.25,8,0.04845345116562547,0.05011764695922306,4.319352340076552,563.7914063690386,1.4169163797341753,6.604629478249489,0.030371819204240275,0.5038911092686593,0.0,0.5038911092686593,0.06027456854382988,16.590745054820754
4,0.25,9,0.05573080967402734,0.05025734454206496,4.3175916943963175,555.8445245606129,1.4879349918919615,6.931747082004676,0.03507986819458697,0.5038911092686593,0.0,0.5038911092686593,0.06961795425504017,14.364110676630554
4,0.25,10,0.0538391640163562,0.050198729559090306,4.319244478573826,560.3820990458883,1.32503765806905,6.2012268789538965,0.02947860958924725,0.5038911092686593,0.0,0.5038911092686593,0.058501944263378854,17.093448988600226
4,0.25,11,0.06074802242531296,0.05021396383279309,4.320325950730116,568.3296981798633,1.353406885114964,6.406879351727926,0.028339322522881686,0.5038911092686593,0.0,0.5038911092686593,0.05624096556101772,17.78063356531577
4,0.25,12,0.04985917637207886,0.05022105127582135,4.319189528728736,563.3201644211007,1.3353674708341714,6.2533065163257415,0.030492951666853868,0.5038911092686593,0.0,0.5038911092686593,0.060514962669436505,16.524838748765468
4,0.25,13,0.038679887972144424,0.05013866051263519,4.3187703219570315,560.1703883127697,1.3318096932198387,6.336987001897979,0.03283523307196699,0.5038911092686593,0.0,0.5038911092686593,0.06516335070809962,15.346049414793258
4,0.25,14,0.06966309225036124,0.05038050586395683,4.31816886572761,562.8069815195072,1.359645754651865,6.353677576232713,0.034167309766358026,0.5038911092686593,0.0,0.5038911092686593,0.0678069311759598,14.747754877816073
4,0.25,15,0.0556351300414625,0.050206251120545664,4.319273325774837,557.894082171127,1.4270127653435338,6.667569326305811,0.030516552171896052,0.5038911092686593,0.0,0.5038911092686593,0.06056179918750176,16.51205897803597
4,0.25,16,0.05206123067596241,0.05017425910538888,4.319865514867973,560.806001818733,1.478837719623698,6.811142349538363,0.03029275025484896,0.5038911092686593,0.0,0.5038911092686593,0.06011765180539789,16.63404956728884
4,0.25,17,0.0600228223659186,0.050234873913652875,4.319279473538682,562.977938379612,1.3730338907625992,6.437307160331374,0.030319136081848604,0.5038911092686593,0.0,0.5038911092686593,0.06017001595017897,16.619573457118648
4,0.25,18,0.04254509475606972,0.050149496920335955,4.319682629641384,563.2345688408554,1.5040024584741332,6.944943459315737,0.028570963189036715,0.5038911092686593,0.0,0.5038911092686593,0.05670066937776342,17.636476094093076
4,0.25,19,0.25958478557357173,0.051248115092633835,4.318621146092694,560.7211698742234,1.349565882323077,6.2838651235908705,0.03527343057186185,0.5038911092686593,0.0,0.5038911092686593,0.0700020895845081,14.285287852625848
4,0.25,20,0.0488402357804486,0.05020003275672515,4.319742028399691,566.5056265788869,1.3461076274397783,6.376769055682758,0.03043158341425843,0.5038911092686593,0.0,0.5038911092686593,0.060393173950670447,16.558162695949825
4,0.25,21,0.04207436399217221,0.0501418051613222,4.319443593654092,557.0138491645341,1.3140998662856873,6.204418147518727,0.03016434132426633,0.5038911092686593,0.0,0.5038911092686593,0.05986281712341868,16.704860346587235
4,0.25,22,0.05057399937946013,0.05013568499581026,4.319031172033552,574.0065156686317,1.4997683712863363,6.979974030565029,0.03141299700428743,0.5038911092686593,0.0,0.5038911092686593,0.06234084393725427,16.04084797129944
4,0.25,23,0.061098104372781514,0.050241926839870645,4.319476418370223,558.9034816101503,1.3931273867201526,6.463337073025951,0.030233410341159443,0.5038911092686593,0.0,0.5038911092686593,0.05999988843827747,16.666697656091657
4,0.25,24,0.04494813676527084,0.050218382993659674,4.318588995438449,568.5912408759124,1.361241995851742,6.443490945752506,0.032656025273400204,0.5038911092686593,0.0,0.5038911092686593,0.06480770284039485,15.43026455455071
4,0.25,25,0.07139588100686499,0.05028832849456838,4.3196085177802725,564.4782608695652,1.3866237373149488,6.481462394083777,0.030169244412917056,0.5038911092686593,0.0,0.5038911092686593,0.059872547576210036,16.702145482069707
4,0.25,26,0.03611514087195541,0.05012476617244655,4.31944435602046,565.037565854776,1.3980505139916204,6.582882116570757,0.029945841520342666,0.5038911092686593,0.0,0.5038911092686593,0.059429192080419226,16.82674734407976
4,0.25,27,0.05196063813925749,0.05021928473325387,4.3191748101156975,551.7082152974505,1.5472306160372682,7.186273848619031,0.030400260265134784,0.5038911092686593,0.0,0.5038911092686593,0.06033101141486165,16.575223530127406
4,0.25,28,0.07499426649338736,0.05037403682589308,4.319120444466443,565.7274673190124,1.3351431674091145,6.293173599192235,0.031915566779542,0.5038911092686593,0.0,0.5038911092686593,0.06333822167623442,15.788255077821631
4,0.25,29,0.06033443808376017,0.05022964186307698,4.319382047068463,557.4326604398915,1.3243684456101619,6.341103604067278,0.029548205651272315,0.5038911092686593,0.0,0.5038911092686593,0.05864006152868658,17.05318810947704
4,0.25,30,0.26278040592095225,0.0525648854873762,4.3187615459003,564.6502365328857,1.263256945181638,5.948489420718149,0.037295978762237995,0.5038911092686593,0.0,0.5038911092686593,0.07401594923230313,13.510601571310596
4,0.25,31,0.05238711642427473,0.05022979169427066,4.319853804929305,563.4914337927358,1.4724754436465446,6.958688818644942,0.030095991418701593,0.5038911092686593,0.0,0.5038911092686593,0.05972717292508396,16.742798144059222
4,0.25,32,0.05104921785578024,0.05025010565770669,4.318468135873228,564.6932468523464,1.3442846495308913,6.361794656915295,0.03098906152556109,0.5038911092686593,0.0,0.5038911092686593,0.06149952034386594,16.260289420285563
4,0.25,33,0.06089289707088023,0.05033251859756358,4.318997988624713,551.5850786315868,1.4287256558600347,6.677308716222744,0.03139061918862282,0.5038911092686593,0.0,0.5038911092686593,0.062296433914427934,16.052283207312108
4,0.25,34,0.08627361711814249,0.05082039889945834,4.318030144431917,561.5281129068974,1.4278579938109033,6.53149255338912,0.03517576920573056,0.5038911092686593,0.0,0.5038911092686593,0.06980827515846467,14.324949266114963
4,0.25,35,0.05332516089488201,0.050279377081445496,4.318403108096452,566.9822249463683,1.377410476532532,6.459296515703768,0.03085506760708902,0.5038911092686593,0.0,0.5038911092686593,0.061233601942037925,16.330902776984654
4,0.25,36,0.05153775883069427,0.05022238944515903,4.319451782443133,563.3629719853836,1.4182227911660448,6.668342994377884,0.03151018824206688,0.5038911092686593,0.0,0.5038911092686593,0.0625337253673722,15.991370962232216
4,0.25,37,0.05606770439776334,0.05030494568499805,4.318823400122289,559.1985794166541,1.3882785169407725,6.57165532440789,0.03332496741711379,0.5038911092686593,0.0,0.5038911092686593,0.06613525582041166,15.120528190220817
4,0.25,38,0.055825242718446605,0.05030707349314465,4.318769516216471,561.3155339805825,1.3489797699439805,6.3463852592252445,0.03343324902050995,0.5038911092686593,0.0,0.5038911092686593,0.06635014669942185,15.07155672963589
4,0.25,39,0.05699560406245263,0.05021126814786599,4.318982787105092,560.8908594815825,1.3419126634835266,6.4005059291547415,0.03237490990710319,0.5038911092686593,0.0,0.5038911092686593,0.06424981372283328,15.564247459360605
4,0.25,40,0.061145628125473556,0.05027286513846793,4.31900470617293,560.7211698742234,1.5311006570700556,7.061535285193673,0.030659765974844357,0.5038911092686593,0.0,0.5038911092686593,0.06084601496411302,16.434930054002713
4,0.25,41,0.058569152568090435,0.05031091536670095,4.319157743321765,561.4430619831576,1.3793862095335498,6.4851139532581294,0.03189810195606776,0.5038911092686593,0.0,0.5038911092686593,0.063303561760326,15.796899450715047
4,0.25,42,0.04314491882140709,0.050244260087897154,4.319897633559764,556.2615754660253,1.3421376777696423,6.3633731939296805,0.02907422252483179,0.5038911092686593,0.0,0.5038911092686593,0.05769941558808156,17.33119806860853
4,0.25,43,0.03476607074933435,0.05018036277454746,4.318915703148462,562.977938379612,1.4093789809849113,6.573779966769251,0.03137734154651167,0.5038911092686593,0.0,0.5038911092686593,0.062270083693384305,16.059075894677846
4,0.25,44,0.04220169707892168,0.050118726982430674,4.319152789275982,555.7195314259968,1.3130003100377508,6.2440659429749,0.03176012411114517,0.5038911092686593,0.0,0.5038911092686593,0.06302973703433938,15.865527083750763
4,0.25,45,0.041986490635554194,0.0501661857147235,4.318977213553417,568.0248695118207,1.2784639383899048,6.070884588208374,0.03136012849442168,0.5038911092686593,0.0,0.5038911092686593,0.06223592343182506,16.067890453902038
4,0.25,46,0.08391190742814483,0.0504549404902921,4.319446458517546,552.4893617021277,1.286580715328455,6.118725434208145,0.03121154033950775,0.5038911092686593,0.0,0.5038911092686593,0.061941041954099475,16.144384538139278
4,0.25,47,0.022085698732405318,0.05006984122827903,4.319471382963934,575.477019986002,1.3398713053320535,6.236178096132505,0.027265780389444157,0.5038911092686593,0.0,0.5038911092686593,0.05411046134355762,18.480714730018835
4,0.25,48,0.04749300461317402,0.05018948884288373,4.319694527098151,559.6629357936928,1.445391320885392,6.821509638511646,0.03047495270564313,0.5038911092686593,0.0,0.5038911092686593,0.06047924272741002,16.534598564786368
4,0.25,49,0.07670798065296251,0.0503590968996869,4.319471912337881,559.2829504232164,1.3909686284314375,6.548180560233339,0.031380086080904694,0.5038911092686593,0.0,0.5038911092686593,0.06227553037490446,16.057671351490825
4,0.5,0,0.0525560673563392,0.04998227443697724,4.32327503053167,558.8192252510761,2.3985195718123578,10.427832454130007,0.029895224424896,1.0077822185373186,0.0,1.0077822185373186,0.02966436981621438,33.71047509842618
4,0.5,1,0.058926933659431364,0.050010650793108825,4.322824721543929,565.5979822684194,2.4841764045122545,10.807889470431784,0.03226844817142627,1.0077822185373186,0.0,1.0077822185373186,0.03201926723638789,31.231195661578496
4,0.5,2,0.07055331455970774,0.05002602145727912,4.323144722474286,563.2345688408554,2.3613416201260407,10.31310073192523,0.031426314999602176,1.0077822185373186,0.0,1.0077822185373186,0.031183637120740133,32.068100206787726
4,0.5,3,0.04608708663773754,0.05000653537238961,4.322850315696267,553.6859194972318,2.38823990515084,10.38635211724975,0.03137162216603803,1.0077822185373186,0.0,1.0077822185373186,0.03112936663197965,32.12400727012176
4,0.5,4,0.06230314204501805,0.05006986706842811,4.3228272993391865,568.5040331873704,2.425011447019642,10.585762743733378,0.032871433096814354,1.0077822185373186,0.0,1.0077822185373186,0.03261759583784233,30.658298820412096
4,0.5,5,0.06691620197081964,0.05004658058040195,4.32298739437094,565.2960812772134,2.3957485647697467,10.516191411268876,0.031882907011501545,1.0077822185373186,0.0,1.0077822185373186,0.031636703272832065,31.608856061141726
4,0.5,6,0.042963514519731946,0.0500059243174073,4.3231915844437125,551.0521221146687,2.399795628443826,10.476603265363458,0.02956332363213326,1.0077822185373186,0.0,1.0077822185373186,0.029335032002292188,34.0889350290077
4,0.5,7,0.04254999248233348,0.04998683391098591,4.322820073623454,556.3450608930988,2.5043196325714234,10.939822036870545,0.03239078636605972,1.0077822185373186,0.0,1.0077822185373186,0.032140660720399755,31.11323717639997
4,0.5,8,0.033740942028985504,0.04997158047240727,4.322875603099293,558.6086956521739,2.5157669591426384,10.941203440019558,0.03077250630849155,1.0077822185373186,0.0,1.0077822185373186,0.03053487722094794,32.7494357604283
4,0.5,9,0.06111649400014906,0.04997183045809727,4.323468807944594,551.5850786315868,2.396681765530957,10.411689757916431,0.0289435739595514,1.0077822185373186,0.0,1.0077822185373186,0.02872006811308867,34.81885892687934
4,0.5,10,0.05747822794396062,0.05001683775019022,4.322918294518772,560.4244604316547,2.5986581115284935,11.412700163994248,0.032309668024473846,1.0077822185373186,0.0,1.0077822185373186,0.03206016878464839,31.191351696153184
4,0.5,11,0.04051607062019013,0.04997624958837456,4.322870586809226,558.3562698053418,2.41467571380781,10.53544483954211,0.032080707401937,1.0077822185373186,0.0,1.0077822185373186,0.031832976224266486,31.41396497000156
4,0.5,12,0.04840315539557326,0.049998482040437116,4.322821816291026,566.7654897755993,2.4490172424993943,10.725729280845671,0.03095957113236484,1.0077822185373186,0.0,1.0077822185373186,0.030720497507188745,32.551556164283966
4,0.5,13,0.06787942569345261,0.05002179180456083,4.3231008412181495,556.3033150417199,2.4098613672540523,10.603371724820317,0.030275598508924136,1.0077822185373186,0.0,1.0077822185373186,0.030041806604670727,33.28694619332666
4,0.5,14,0.03721757969668833,0.049982756763203365,4.322704729995147,572.5877437325905,2.370683406596072,10.278978763478444,0.031258507516905495,1.0077822185373186,0.0,1.0077822185373186,0.031017125468113207,32.24025388903425
4,0.5,15,0.064453717754173,0.05004755201158352,4.323018062521222,561.4855842185129,2.4964884044020437,10.852576044646383,0.03102382321422014,1.0077822185373186,0.0,1.0077822185373186,0.030784253426546556,32.484140061608834
4,0.5,16,0.03966420209488601,0.049986024007571066,4.323187707362642,569.9463955637708,2.4197122750629205,10.415014921697658,0.02850604121246137,1.0077822185373186,0.0,1.0077822185373186,0.028285914047813474,35.353285678151906
4,0.5,17,0.04105818487651961,0.05000480962678297,4.322926460712487,565.8138236868263,2.4129189849772956,10.593704064084662,0.03175300377045945,1.0077822185373186,0.0,1.0077822185373186,0.031507803160632585,31.738169586175708
4,0.5,18,0.05660661792417276,0.05000733103301457,4.323245991023949,557.8101303987337,2.4532903838844504,10.753521310951752,0.029959744395935416,1.0077822185373186,0.0,1.0077822185373186,0.029728391556083,33.63787772081402
4,0.5,19,0.05920752998330044,0.04999386916774724,4.323073643955144,561.7408531956885,2.428749592945678,10.581129990329417,0.030800343962371805,1.0077822185373186,0.0,1.0077822185373186,0.03056249990903293,32.71983649820622
4,0.5,20,0.04676890211337453,0.04999921249273913,4.323189039093995,564.6072327763791,2.5253708818054292,10.896756827873073,0.030233588100147864,1.0077822185373186,0.0,1.0077822185373186,0.030000120605450334,33.33319932781613
4,0.5,21,0.06530925854782943,0.049987551248988196,4.322861024965726,568.5912408759124,2.386051919631427,10.53652972972645,0.030891072685535655,1.0077822185373186,0.0,1.0077822185373186,0.030652528013810895,32.62373659847687
4,0.5,22,0.04155687721147331,0.049995233918938564,4.3229839778813535,557.1394263344124,2.3688621913606767,10.373626960115784,0.03171423187158779,1.0077822185373186,0.0,1.0077822185373186,0.031469330663144064,31.77697074984725
4,0.5,23,0.05804549920640919,0.049998006691325196,4.323039006260063,559.3251454916484,2.3476720258186106,10.318332408861142,0.031052332292861095,1.0077822185373186,0.0,1.0077822185373186,0.030812542354567464,32.45431644337411
4,0.5,24,0.04627013819958769,0.05001503486345742,4.322845213592023,565.037565854776,2.4110138156393077,10.643762171163885,0.032161134057834814,1.0077822185373186,0.0,1.0077822185373186,0.031912781815611954,31.33540679022827
4,0.5,25,0.06889959470826643,0.0500221135884549,4.3228797916257315,565.9002064693738,2.369547239417443,10.358945089638317,0.031549719100522705,1.0077822185373186,0.0,1.0077822185373186,0.03130608827997931,31.94266850130599
4,0.5,26,0.05723118684964561,0.05004655727945533,4.322719916238783,558.0200573065903,2.364415537653258,10.515491379621514,0.03218423519535589,1.0077822185373186,0.0,1.0077822185373186,0.03193570456330104,31.312914923103076
4,0.5,27,0.05250416099258587,0.05001157181974883,4.322682577977416,559.8742623694961,2.4598222754721064,10.691645062025557,0.032323762247645285,1.0077822185373186,0.0,1.0077822185373186,0.03207415417049087,31.17775124121677
4,0.5,28,0.0491346877351392,0.04998523777549043,4.322854381102982,556.8465011286681,2.3929823814250994,10.465225155180992,0.03101228048822554,1.0077822185373186,0.0,1.0077822185373186,0.030772799834905145,32.49623061161027
4,0.5,29,0.05010564443102928,0.05000552573200483,4.3226251684583605,558.4403863567763,2.3963379762426484,10.586423419631986,0.03513660899358033,1.0077822185373186,0.0,1.0077822185373186,0.03486527976706825,28.68182922038511
4,0.5,30,0.06203646477132262,0.05001372440278425,4.322913275670771,571.7045735475896,2.346295330353314,10.407378356381528,0.03064782516859488,1.0077822185373186,0.0,1.0077822185373186,0.030411158884185035,32.882666649051586
4,0.5,31,0.05459226167941243,0.05001361505060224,4.322603774114246,560.3397440751116,2.4096475541009568,10.524525084038359,0.03214128691223542,1.0077822185373186,0.0,1.0077822185373186,0.03189308793211776,31.354756307336284
4,0.5,32,0.05332128332580208,0.0499961926125026,4.322689939811888,557.3488477180298,2.457229280815227,10.886502215441995,0.02918493789323679,1.0077822185373186,0.0,1.0077822185373186,0.028959568204721266,34.530901598075985
4,0.5,33,0.04074690051406108,0.0499899210103823,4.323027456464021,559.4517689749017,2.3959138092468493,10.545211230130937,0.03171256792864445,1.0077822185373186,0.0,1.0077822185373186,0.03146767956937327,31.77863807197515
4,0.5,34,0.051278161268300086,0.04999971764433942,4.323285484354686,561.3580368656603,2.4124318641552236,10.582657957770124,0.0315188835027729,1.0077822185373186,0.0,1.0077822185373186,0.03127549079851694,31.97391869698234
4,0.5,35,0.05329733898958735,0.05001833052266333,4.323164514499514,570.7801774006941,2.4613413532206323,10.733418264385664,0.03209949978366615,1.0077822185373186,0.0,1.0077822185373186,0.031851623488907084,31.395573928853846
4,0.5,36,0.049032838506522715,0.05001368767747419,4.322797848212042,554.8461538461538,2.4536078227392863,10.866618440670631,0.03037626566013334,1.0077822185373186,0.0,1.0077822185373186,0.03014169639172741,33.176633027013594
4,0.5,37,0.06934528330548383,0.050027545632903875,4.323042433062978,562.0815737505696,2.549921990284929,11.117774637434398,0.030864118573759928,1.0077822185373186,0.0,1.0077822185373186,0.030625782045009375,32.65222741186963
4,0.5,38,0.04748687171792948,0.05000456596134235,4.323011387175641,555.178544636159,2.422073660622118,10.755271371024989,0.03185444003886665,1.0077822185373186,0.0,1.0077822185373186,0.03160845612566944,31.637103565709847
4,0.5,39,0.0515015015015015,0.05001971916805764,4.322829315979032,555.5945945945946,2.4008983111125417,10.35957481305122,0.03130961403734875,1.0077822185373186,0.0,1.0077822185373186,0.03106783733770486,32.18762828999268
4,0.5,40,0.052655435521643874,0.0499906167266468,4.322851380796193,559.0720707108861,2.373959934076993,10.344381545685456,0.03047611208581773,1.0077822185373186,0.0,1.0077822185373186,0.030240771791002964,33.06793910258314
4,0.5,41,0.0638946005635519,0.04999255976324911,4.323463434774004,563.5771076079507,2.4273171508975793,10.682231001198454,0.02949453931671165,1.0077822185373186,0.0,1.0077822185373186,0.029266778847834428,34.16843395029085
4,0.5,42,0.047637108397178184,0.05002141547857683,4.322824312312949,561.3580368656603,2.4854356008872855,10.817725454556845,0.02920149886014668,1.0077822185373186,0.0,1.0077822185373186,0.028976001285802935,34.51131818143449
4,0.5,43,0.011194029850746268,0.04997847220157491,4.321514802834436,563.5342674383186,2.4243380372645333,10.600823893230498,0.030921993332656002,1.0077822185373186,0.0,1.0077822185373186,0.030683209887882087,32.59111428217738
4,0.5,44,0.06436567164179105,0.050053018143224555,4.322693160143741,575.2537313432836,2.433417727879714,10.746683558100187,0.032352296514830924,1.0077822185373186,0.0,1.0077822185373186,0.03210246809254742,31.150252906322482
4,0.5,45,0.05048847788798568,0.05002502660779186,4.322801343925715,551.9135655156985,2.3765303666586988,10.419823272427529,0.03345924402124008,1.0077822185373186,0.0,1.0077822185373186,0.033200867613840584,30.119694811322514
4,0.5,46,0.04800901577761082,0.05002802723012691,4.322694456346728,556.0112697220135,2.397246518783504,10.515762997494674,0.033942207079852495,1.0077822185373186,0.0,1.0077822185373186,0.033680101172171656,29.691122211540588
4,0.5,47,0.04690332326283988,0.05000962136545097,4.322756434133562,558.9456193353475,2.595127637439873,11.416011321530293,0.03074770619886115,1.0077822185373186,0.0,1.0077822185373186,0.03051026862082162,32.775850400659984
4,0.5,48,0.07434290953545232,0.0500329486552775,4.323034897265782,565.4254278728606,2.3750364229199477,10.458131563717513,0.03047952852553588,1.0077822185373186,0.0,1.0077822185373186,0.03024416184855241,33.0642325288265
4,0.5,49,0.04462520906188232,0.049994711921558965,4.322716642575716,562.5934316557701,2.4417294927989133,10.877689418675724,0.03314591989515885,1.0077822185373186,0.0,1.0077822185373186,0.03288996301528954,30.404412420139558
4,1.0,0,0.05326912948611843,0.049935521196948274,4.324229616271843,556.8046798585509,4.56343277610722,19.27602719244976,0.03065968051752681,2.0155644370746373,0.0,2.0155644370746373,0.015211461342325455,65.73990345145398
4,1.0,1,0.05035428916025931,0.04995048366629928,4.323925905473663,557.8521031207598,4.64049187861383,19.93186236573852,0.03130878655562089,2.0155644370746373,0.0,2.0155644370746373,0.01553350812294646,64.37695799848179
4,1.0,2,0.03510516252390057,0.04994083849875042,4.323792709977056,565.9866156787763,4.530829791212454,19.162650479003286,0.02965125746200552,2.0155644370746373,0.0,2.0155644370746373,0.014711143398144567,67.97568162690361
4,1.0,3,0.04293005103572501,0.04993925397970507,4.324009260345981,555.4280996697688,4.666436176805291,19.514494153542007,0.03307676878335439,2.0155644370746373,0.0,2.0155644370746373,0.016410672948447908,60.935953275126245
4,1.0,4,0.04882988298829883,0.049940409417039394,4.32385355863931,555.095409540954,4.532943141792202,18.880822326538834,0.0310791195534125,2.0155644370746373,0.0,2.0155644370746373,0.015419561380295193,64.85268778643145
4,1.0,5,0.05560191155275734,0.049946941169780976,4.323860239078704,561.3580368656603,4.642010050127283,19.58186710724427,0.031990456258421326,2.0155644370746373,0.0,2.0155644370746373,0.01587171100560389,63.00517944454294
4,1.0,6,0.051494637559899595,0.049938862117064595,4.324001117949035,562.8924469460713,4.574512013961794,19.02596832252497,0.0303508800558604,2.0155644370746373,0.0,2.0155644370746373,0.01505825340911018,66.4087642060137
4,1.0,7,0.055387865982493206,0.049940811092605016,4.323940854489874,558.4403863567763,4.771353073854698,19.953954782285393,0.03124648916896079,2.0155644370746373,0.0,2.0155644370746373,0.015502599963666513,64.50530893809443
4,1.0,8,0.11240517967971803,0.04994168250696356,4.323621148504224,567.025591908666,4.544861512520583,18.988754981221327,0.031835267227540466,2.0155644370746373,0.0,2.0155644370746373,0.015794715684578034,63.312314065672005
4,1.0,9,0.06010558069381599,0.0499375275162254,4.324309943361452,558.10407239819,4.480103480978869,19.0221776656673,0.030435192637665885,2.0155644370746373,0.0,2.0155644370746373,0.015100084163937278,66.22479644108518
4,1.0,10,0.04525427525950265,0.04993613410667634,4.323961118232493,552.6540960346501,4.613618716102792,19.38402790970841,0.029733085454908523,2.0155644370746373,0.0,2.0155644370746373,0.014751741451671333,67.78860674016916
4,1.0,11,0.03276429610349843,0.049941733824772704,4.3237707006928074,566.5056265788869,4.548540445131948,19.01456684939761,0.03250111770277238,2.0155644370746373,0.0,2.0155644370746373,0.016125070032463988,62.015234537694305
4,1.0,12,0.05102196461256864,0.04994274258857805,4.323758420605097,564.392312385601,4.529498679970857,19.016986529625903,0.030929531505808495,2.0155644370746373,0.0,2.0155644370746373,0.015345344925166073,65.16634229316143
4,1.0,13,0.04376086463608193,0.04994067517232636,4.324110147468723,559.3251454916484,4.634744239068823,19.12165455666256,0.03274854475056284,2.0155644370746373,0.0,2.0155644370746373,0.016247828225275512,61.54668711011949
4,1.0,14,0.058725970599321525,0.04993448732812295,4.323955321354807,557.894082171127,4.558562681399053,18.778112685501394,0.0310799559918907,2.0155644370746373,0.0,2.0155644370746373,0.01541997636999377,64.8509424402188
4,1.0,15,0.06413793103448276,0.04995658230928529,4.323710324160576,567.0689655172414,4.5280377242015675,18.72894388828089,0.03419948205263902,2.0155644370746373,0.0,2.0155644370746373,0.016967694717949917,58.9355252214735
4,1.0,16,0.04747751867093431,0.049938561717367096,4.3239758112654325,563.9629629629629,4.572570252115838,19.17256205296381,0.030195833581240387,2.0155644370746373,0.0,2.0155644370746373,0.014981328815796238,66.74975312908191
4,1.0,17,0.04604079184163167,0.049946285473153836,4.323730633432585,554.9292141571685,4.574686443549581,18.672084945984828,0.030722439654018368,2.0155644370746373,0.0,2.0155644370746373,0.015242598593676568,65.60561139587135
4,1.0,18,0.04822586798931706,0.049936170340456616,4.324051082066882,564.6932468523464,4.712294866592856,19.8030833339042,0.030046301536384427,2.0155644370746373,0.0,2.0155644370746373,0.014907140145811076,67.08194799396189
4,1.0,19,0.0769815335511817,0.04995973540835736,4.323908780949482,562.3800440762976,4.632087735430105,19.718701616842154,0.030689975664614667,2.0155644370746373,0.0,2.0155644370746373,0.015226491944438987,65.67500929622989
4,1.0,20,0.0481217963430495,0.04994002001767563,4.323889594472554,566.1595134266697,4.544803339376813,19.017420645605107,0.031519034293803906,2.0155644370746373,0.0,2.0155644370746373,0.015637820212560508,63.947531459454076
4,1.0,21,0.07731419171526843,0.04997209672165335,4.323993361194125,553.3553162853298,4.502488824131433,18.78011133408883,0.031844925635052035,2.0155644370746373,0.0,2.0155644370746373,0.01579950759662704,63.29311175580467
4,1.0,22,0.034218512898330805,0.04994057552508011,4.323659782086582,561.4855842185129,4.614283021801384,19.411548184198004,0.03057864347670143,2.0155644370746373,0.0,2.0155644370746373,0.01517125571092277,65.91412201166942
4,1.0,23,0.044821783692825454,0.049941067923848295,4.323911188616696,566.0298301973382,4.585267189249862,19.39127491468143,0.03124958827774272,2.0155644370746373,0.0,2.0155644370746373,0.015504137552207434,64.49891176678983
4,1.0,24,0.040519993918199784,0.049922240232438415,4.324077945129941,562.5934316557701,4.586844441684661,18.99028229173322,0.02997453567093908,2.0155644370746373,0.0,2.0155644370746373,0.014871534305518762,67.24255745615329
4,1.0,25,0.05149134182622626,0.04992635820680797,4.324177462790636,564.5212449462201,4.50060225915513,18.827180599014152,0.03127131042030659,2.0155644370746373,0.0,2.0155644370746373,0.015514914752957909,64.45410857377419
4,1.0,26,0.04606598031111445,0.049946443876292226,4.323858800663235,556.1363943788983,4.5995505088649224,19.527402787600337,0.030812267609623453,2.0155644370746373,0.0,2.0155644370746373,0.01528716574020524,65.41434933030133
4,1.0,27,0.04664391353811149,0.04994591710760454,4.323864971914876,561.2730375426621,4.559869706659811,19.233708988049486,0.030064031055539734,2.0155644370746373,0.0,2.0155644370746373,0.014915936450622367,67.04238807334654
4,1.0,28,0.041375645308229576,0.04994452864594673,4.323750444558613,561.8259945338597,4.511147564888233,19.048116660256017,0.03237272254711346,2.0155644370746373,0.0,2.0155644370746373,0.01606136819624521,62.261196417486886
4,1.0,29,0.04349139232860163,0.049943129990131216,4.323709251541555,558.7771066143159,4.516102282359498,18.82348148858506,0.03144520190574833,2.0155644370746373,0.0,2.0155644370746373,0.015601189089934265,64.09767833947927
4,1.0,30,0.05622641509433962,0.049934349113742636,4.324023194652596,558.5245283018868,4.485898106824607,18.85310960687845,0.0316609829457987,2.0155644370746373,0.0,2.0155644370746373,0.01570824646606239,63.660829498728354
4,1.0,31,0.03812451960030746,0.04994108259415343,4.323850060889703,568.8093774019985,4.580557448032778,19.48604991399581,0.031276518808663056,2.0155644370746373,0.0,2.0155644370746373,0.015517498837227636,64.44337521720482
4,1.0,32,0.03958064271062828,0.04993130643687501,4.32421312962147,562.2094507331155,4.507281426136615,18.993451155172252,0.03245902643371908,2.0155644370746373,0.0,2.0155644370746373,0.016104186914921794,62.09565284375962
4,1.0,33,0.044454559247458655,0.04995134005615006,4.324074123810462,561.4005461993628,4.580507131002378,19.22204588082055,0.032337688322330256,2.0155644370746373,0.0,2.0155644370746373,0.016043986353155116,62.32864937605397
4,1.0,34,0.04767292750999472,0.049937195982055836,4.324053789423007,558.2301425661915,4.517432116990676,18.902379914479372,0.029985746266796374,2.0155644370746373,0.0,2.0155644370746373,0.014877096318645746,67.21741787385493
4,1.0,35,0.04775133268263383,0.049930443993498365,4.32423596865878,555.6362339514978,4.484630946943071,19.456643533883994,0.033102373515879295,2.0155644370746373,0.0,2.0155644370746373,0.01642337645325973,60.888819229466
4,1.0,36,0.03982368141054871,0.04995706679848161,4.323537704277371,562.4227086183311,4.578900557797169,19.391744246315106,0.02902212549325491,2.0155644370746373,0.0,2.0155644370746373,0.014399006531082293,69.44923580952329
4,1.0,37,0.052306519252764014,0.04995812723236765,4.323689049105179,564.2634388105223,4.550813027686672,19.316139876350007,0.030207866105685918,2.0155644370746373,0.0,2.0155644370746373,0.014987298619700396,66.72316508630362
4,1.0,38,0.03993646471522578,0.04993254901172703,4.32399281114662,559.7474472430225,4.525672039366327,18.725830597006343,0.029558828770527942,2.0155644370746373,0.0,2.0155644370746373,0.01466528592528117,68.18823752192391
4,1.0,39,0.04222357229647631,0.04994397404796855,4.324019010107016,561.9963547995139,4.590028859267477,19.187144255029303,0.030173527565414488,2.0155644370746373,0.0,2.0155644370746373,0.014970261932785407,66.79909840521657
4,1.0,40,0.1344159804818542,0.050032694135529326,4.323542646412524,564.220494053065,4.661564873502357,19.555369323901033,0.0345123695778879,2.0155644370746373,0.0,2.0155644370746373,0.017122930402551993,58.4012185116959
4,1.0,41,0.04606842737094838,0.04993229021975973,4.324070572747876,555.2617046818727,4.566243244713405,19.004684818895203,0.031795422909738885,2.0155644370746373,0.0,2.0155644370746373,0.015774947367044403,63.39165366022772
4,1.0,42,0.03699715406507192,0.04992724854862529,4.3238126813782785,569.2024459656949,4.5682256174332,19.051935480678203,0.033873229029567985,2.0155644370746373,0.0,2.0155644370746373,0.016805827889447747,59.50316798304787
4,1.0,43,0.04037056563982828,0.0499526475929495,4.323873529500525,557.3907509226482,4.576820983143989,18.86254056895177,0.03114338399545883,2.0155644370746373,0.0,2.0155644370746373,0.015451445472346155,64.71886412114164
4,1.0,44,0.04682837248450532,0.04993847809615017,4.32390383555156,566.2460019894406,4.560729897959391,18.9193050656122,0.030899155146503654,2.0155644370746373,0.0,2.0155644370746373,0.015330274030509423,65.23040605861696
4,1.0,45,0.05111362778406946,0.0499406743914346,4.32409335155607,558.7349943374859,4.49217198631959,19.016958103160995,0.029322457439182128,2.0155644370746373,0.0,2.0155644370746373,0.014548012903889266,68.73790988545659
4,1.0,46,0.04485112127803195,0.04994232944162854,4.324005352199239,555.0538513462836,4.536952964990633,18.94405792420605,0.031117250962769908,2.0155644370746373,0.0,2.0155644370746373,0.015438479857251828,64.77321661499437
4,1.0,47,0.04800060473202812,0.04993076731563433,4.323892957085268,559.4095547660443,4.504045311827213,18.83985643011234,0.03009747927642865,2.0155644370746373,0.0,2.0155644370746373,0.01493253141542412,66.96788188016664
4,1.0,48,0.13940092165898618,0.04995973457723809,4.323744190210613,568.3732718894009,4.541395163658308,18.72306583839276,0.030690521658951135,2.0155644370746373,0.0,2.0155644370746373,0.015226762833489432,65.6738409165092
4,1.0,49,0.03805774278215223,0.049981070570092254,4.323074824597483,571.2640111162575,4.472566458658548,18.788984947515406,0.031996026609352114,2.0155644370746373,0.0,2.0155644370746373,0.015874474673600963,62.99421055255368
