p_s,mix_scale,rep,deanon_top1,mean_true_posterior,posterior_entropy,bandwidth_overhead,latency,latency_overhead,sigma_d,sigma_Z,sigma_eps,sigma_noise,eta,inv_eta
0.01,0.0001,0,0.9754845629357236,0.9683925869842536,0.07080907112218304,298.6948594192906,0.324613964301534,2.291876607863255,0.028122689283097184,0.00017500000000000003,0.0,0.00017500000000000003,160.70108161769818,0.0062227334746816606
0.01,0.0001,1,0.9760866295683561,0.968131341889798,0.07045074620021514,293.33004963152354,0.22725655348040164,1.9186461487914772,0.029069663370199225,0.00017500000000000003,0.0,0.00017500000000000003,166.1123621154241,0.006020021552069342
0.01,0.0001,2,0.9706419227258899,0.9643725419433172,0.077552553115806,296.98562519014297,0.2326627230795566,1.9164372969686445,0.02749701227731532,0.00017500000000000003,0.0,0.00017500000000000003,157.1257844418018,0.006364327812602853
0.01,0.0001,3,0.9672044232371431,0.9600665949332481,0.08700614289793361,295.38938120124214,0.3046334335231222,2.2025192300715615,0.02909269322239223,0.00017500000000000003,0.0,0.00017500000000000003,166.24396127081272,0.006015256087233101
0.01,0.0001,4,0.9690981229971005,0.9636067092032553,0.07897666783075025,297.5962154738288,0.24024602372082882,1.9408639816656972,0.0290733325089518,0.00017500000000000003,0.0,0.00017500000000000003,166.1333286225817,0.006019261807916818
0.01,0.0001,5,0.9700740514543095,0.9601764056001874,0.08877124639107586,297.6263836934117,0.2751679933280684,2.08371666409385,0.029542587026107032,0.00017500000000000003,0.0,0.00017500000000000003,168.81478300632588,0.005923651840150325
0.01,0.0001,6,0.9792323667410199,0.9721488628194334,0.06273972066872693,300.0853780478425,0.2162130473589059,1.869489221309697,0.030375396240100036,0.00017500000000000003,0.0,0.00017500000000000003,173.57369280057162,0.00576124171736644
0.01,0.0001,7,0.9749885268471776,0.9675264448010251,0.07186498186165127,298.05667737494264,0.2988348239741754,2.20610427544558,0.029219150670837964,0.00017500000000000003,0.0,0.00017500000000000003,166.9665752619312,0.005989222683828998
0.01,0.0001,8,0.9743706399757355,0.9662530333625293,0.07382399188974059,295.84614801334544,0.2332777694973629,1.9250836217552039,0.029204917412935297,0.00017500000000000003,0.0,0.00017500000000000003,166.88524235963024,0.00599214158100957
0.01,0.0001,9,0.9753304641869044,0.9676057250051542,0.07256990911754634,299.5371195819244,0.22420142442570068,1.8952246150168885,0.02957008869096884,0.00017500000000000003,0.0,0.00017500000000000003,168.97193537696478,0.005918142546980176
0.01,0.0001,10,0.9732827324478178,0.9655254426670528,0.07529210940567246,296.10322580645163,0.3167804576805793,2.2640229833291845,0.028818471489476527,0.00017500000000000003,0.0,0.00017500000000000003,164.67697993986584,0.006072494166246942
0.01,0.0001,11,0.9710520301668317,0.9639120707399788,0.0794500512274637,297.0450217109774,0.2499951243516989,1.9930521437896411,0.028725897920021178,0.00017500000000000003,0.0,0.00017500000000000003,164.1479881144067,0.006092063701097738
0.01,0.0001,12,0.9743141576107607,0.965695643719602,0.07665611185189505,296.4234364313398,0.1956153652863577,1.7660035367967053,0.029406453040140643,0.00017500000000000003,0.0,0.00017500000000000003,168.03687451508938,0.005951074744074712
0.01,0.0001,13,0.9753869384673461,0.9669184265719736,0.07373442754513344,294.30796526991315,0.18912830302724615,1.759814197229164,0.02734402711125191,0.00017500000000000003,0.0,0.00017500000000000003,156.25158349286804,0.006399935140789431
0.01,0.0001,14,0.975552528004844,0.9661808500806619,0.0765325260258866,295.322812594611,0.21242108545266092,1.8490922058378876,0.028548737979880077,0.00017500000000000003,0.0,0.00017500000000000003,163.1356455993147,0.006129868161714626
0.01,0.0001,15,0.9720295709168508,0.9637857941679426,0.08083575077502413,297.2290983918909,0.26196477745543234,2.0244474858878516,0.028234976775999336,0.00017500000000000003,0.0,0.00017500000000000003,161.3427244342819,0.0061979863269714395
0.01,0.0001,16,0.9762641100974176,0.969325899901413,0.06811468291242274,301.43946188340806,0.22777285348274745,1.9032477071919702,0.03095433901097934,0.00017500000000000003,0.0,0.00017500000000000003,176.8819372055962,0.0056534885121574865
0.01,0.0001,17,0.9733611304146398,0.9653722508805351,0.0791824403709927,301.40529688827115,0.2374906613258645,1.9467999035417405,0.02919142451935952,0.00017500000000000003,0.0,0.00017500000000000003,166.8081401106258,0.005994911275533725
0.01,0.0001,18,0.9713061443109648,0.9630311916257877,0.0818307471634978,298.63118830821026,0.24735112217604183,1.9960474482243695,0.028292285282433032,0.00017500000000000003,0.0,0.00017500000000000003,161.670201613903,0.006185431761804668
0.01,0.0001,19,0.9705323915850231,0.9620977765641782,0.08494658151140948,296.1490848332954,0.30140411359025165,2.19046168082381,0.03103026066269557,0.00017500000000000003,0.0,0.00017500000000000003,177.31577521540322,0.0056396561376741575
0.01,0.0001,20,0.9719346675868415,0.9616092310481946,0.08774651523262442,298.75116938885054,0.18483618382015266,1.7329215521031225,0.02908015452117122,0.00017500000000000003,0.0,0.00017500000000000003,166.17231154954982,0.006017849728844968
0.01,0.0001,21,0.9725137808653629,0.9646611382082961,0.07921165558529421,294.67937778448993,0.24965311484993435,1.983619358421862,0.031325107890287744,0.00017500000000000003,0.0,0.00017500000000000003,179.00061651592995,0.0055865729373675435
0.01,0.0001,22,0.9724069403042116,0.9686987536188959,0.07310328677497098,298.35557593824046,0.22728721887688152,1.8808903740497311,0.028432805035828224,0.00017500000000000003,0.0,0.00017500000000000003,162.4731716333041,0.006154862307094999
0.01,0.0001,23,0.9732183732641538,0.9653675074345648,0.07745628909603465,297.6461925835495,0.27734700543805957,2.099820120666946,0.02954793500627631,0.00017500000000000003,0.0,0.00017500000000000003,168.84534289300746,0.0059225796984739565
0.01,0.0001,24,0.9712495103799451,0.9622280281723355,0.08395071097969418,305.64543674108893,0.2182893252465874,1.8754428880579226,0.029024991148100206,0.00017500000000000003,0.0,0.00017500000000000003,165.8570922748583,0.006029286937834413
0.01,0.0001,25,0.9698442840865933,0.9621745085937567,0.08388591818384185,296.25529813900494,0.23578092380193993,1.9324188528300619,0.028139415409770812,0.00017500000000000003,0.0,0.00017500000000000003,160.7966594844046,0.006219034669044155
0.01,0.0001,26,0.9719092684392369,0.964792887057678,0.07934666779446373,292.7387712182665,0.25759789274889044,2.0319426049596045,0.028720532422113882,0.00017500000000000003,0.0,0.00017500000000000003,164.117328126365,0.0060932018051746036
0.01,0.0001,27,0.9712867506681939,0.9629805455735898,0.08052793410183157,297.7686903398244,0.2752796788699925,2.0830713394678098,0.026539393204145192,0.00017500000000000003,0.0,0.00017500000000000003,151.65367545225823,0.006593971408987103
0.01,0.0001,28,0.9733929654335961,0.9640307618950597,0.0795781007416207,295.8840206185567,0.23875398316886276,1.9392985704724004,0.03135740434098833,0.00017500000000000003,0.0,0.00017500000000000003,179.18516766279046,0.0055808190657940255
0.01,0.0001,29,0.9720417107450506,0.9625994483455942,0.08434690234686831,294.9494483905093,0.23274604303878732,1.9261282799691264,0.028210274001324878,0.00017500000000000003,0.0,0.00017500000000000003,161.2015657218564,0.006203413692181127
0.01,0.001,0,0.7883512955744095,0.7420768960085303,0.606665178610219,298.1459909806619,0.20962488756049424,1.833545860723409,0.030068270001809776,0.00175,0.0,0.00175,17.18186857246273,0.058200887510145065
0.01,0.001,1,0.7767932167137728,0.7231876305830798,0.6681372852928797,298.1232144221221,0.2700041513016913,2.0859893357378994,0.03186847128098276,0.00175,0.0,0.00175,18.210555017704433,0.05491320824806233
0.01,0.001,2,0.8320773388140367,0.7969948419622691,0.47485477687987837,296.9299687904392,0.2590161465050187,2.028553658749426,0.028421505107611253,0.00175,0.0,0.00175,16.240860061492143,0.06157309380252883
0.01,0.001,3,0.7787456445993032,0.7291673808796761,0.649855304166016,295.39077412513257,0.22949104168219492,1.9288041057459588,0.030343748122276387,0.00175,0.0,0.00175,17.339284641300793,0.0576725061435395
0.01,0.001,4,0.7726618705035971,0.7237088327233787,0.657309023775047,295.367285119273,0.2331487788760569,1.9209142417040779,0.02871420257162309,0.00175,0.0,0.00175,16.408115755213196,0.06094545010034315
0.01,0.001,5,0.7971478685274156,0.7470620735551641,0.6046851275290356,297.5622664531381,0.1868934640660882,1.734764050192286,0.03102093000616403,0.00175,0.0,0.00175,17.726245717808016,0.056413524663904834
0.01,0.001,6,0.7891908490710886,0.7378965412321413,0.625734093517884,299.3815446031015,0.24429611294181086,1.9694237025154586,0.02982050427552543,0.00175,0.0,0.00175,17.040288157443104,0.058684453617247404
0.01,0.001,7,0.764345830145371,0.7163946276323118,0.6831952188603795,298.49364957918897,0.20843864328344353,1.8241628146060185,0.028066526326141948,0.00175,0.0,0.00175,16.038015043509684,0.06235185571824758
0.01,0.001,8,0.7875997544505832,0.7375257829656386,0.6245539454585344,299.5267034990792,0.19305211055325344,1.7565140937136356,0.029427578054747126,0.00175,0.0,0.00175,16.815758888426927,0.05946802678576866
0.01,0.001,9,0.7742939568782266,0.7195434865713158,0.6813736008581068,296.1697540236866,0.2361554569506552,1.9435339757943675,0.029667312198802746,0.00175,0.0,0.00175,16.952749827887285,0.05898748050625978
0.01,0.001,10,0.7777944824475682,0.7288724386828738,0.643972900520348,293.3987822295723,0.2742799090920016,2.0906078277503193,0.030867705857904663,0.00175,0.0,0.00175,17.638689061659807,0.05669355565508787
0.01,0.001,11,0.7765965525096818,0.7249976418734739,0.6609776769620237,296.1839927101526,0.2494457506982144,1.9876781318215093,0.028974564536858455,0.00175,0.0,0.00175,16.556894021061975,0.060397801588142265
0.01,0.001,12,0.7727101678332204,0.719698280562297,0.6716396987879076,293.64875442161514,0.20098749635508284,1.7971544362608904,0.029332303789595365,0.00175,0.0,0.00175,16.761316451197352,0.059661184902249406
0.01,0.001,13,0.7675958724780533,0.7131042331993434,0.6916759803430846,300.5261820421993,0.24875942917424254,1.98268277577671,0.028894197154389557,0.00175,0.0,0.00175,16.510969802508317,0.06056579425444057
0.01,0.001,14,0.7778621894704855,0.7273510360953958,0.6556244745488732,296.3856263769657,0.2521166803780943,1.99302287656911,0.030552588613381913,0.00175,0.0,0.00175,17.458622064789665,0.05727828899033147
0.01,0.001,15,0.778211307474562,0.7246156865594883,0.6664811669010281,298.3703618697881,0.23335518073872663,1.9304349473367055,0.03034866814700927,0.00175,0.0,0.00175,17.3420960840053,0.05766315646943653
0.01,0.001,16,0.7654946364719905,0.7115762533277771,0.6907142093184262,290.7348033373063,0.22132267747656442,1.8994969741825902,0.027684058949576814,0.00175,0.0,0.00175,15.819462256901037,0.06321327386231242
0.01,0.001,17,0.7734088127294981,0.7224264496087552,0.6656955178213433,298.4418604651163,0.29042601175024174,2.1591668234420425,0.02872989675277393,0.00175,0.0,0.00175,16.41708385872796,0.060912157640491134
0.01,0.001,18,0.7796007863299561,0.7268929590433987,0.6594099835587723,295.22448208075,0.26780954413698055,2.0659175389351043,0.02649176449894357,0.00175,0.0,0.00175,15.138151142253468,0.06605826501552156
0.01,0.001,19,0.7753541713514729,0.7182330212327804,0.6829752744961679,292.5854133873023,0.3598648014594801,2.41480306141711,0.02879962805996135,0.00175,0.0,0.00175,16.456930319977914,0.060764673639411876
0.01,0.001,20,0.7882300157032828,0.7355048340821811,0.6379800161154183,291.4494877738727,0.22744213018449955,1.9036385168010073,0.0324828632193981,0.00175,0.0,0.00175,18.56163612537034,0.05387456112412332
0.01,0.001,21,0.7781001832620648,0.723237371871085,0.6692545198646219,297.9325748320098,0.23579692453495227,1.9287431745576242,0.029975605608021656,0.00175,0.0,0.00175,17.12891749029809,0.05838080547509236
0.01,0.001,22,0.8004012036108324,0.7538872391341138,0.5948996016718605,301.0408147519482,0.2539591762179043,2.0070356102802265,0.03133394227910759,0.00175,0.0,0.00175,17.905109873775764,0.05584997841675482
0.01,0.001,23,0.7748726913430113,0.7199063697240825,0.6749553429660949,296.7280535076385,0.23967890057247132,1.957469286590786,0.030290730260768197,0.00175,0.0,0.00175,17.30898872043897,0.05777345032406025
0.01,0.001,24,0.8065202522988069,0.7613194728046051,0.569132499994214,296.3196291511513,0.23363274647272192,1.941731432979691,0.029713575933492626,0.00175,0.0,0.00175,16.97918624771007,0.05889563760070461
0.01,0.001,25,0.7750806575510831,0.7160737926040921,0.6898076191050438,299.55861115378707,0.24723859271034598,1.9964522436842564,0.03033382071766288,0.00175,0.0,0.00175,17.333611838664503,0.05769138072939833
0.01,0.001,26,0.7666083250894148,0.715253512910834,0.6978780425848515,296.9293813256221,0.23521127479034476,1.9329471092596036,0.028263275043444742,0.00175,0.0,0.00175,16.150442881968424,0.061917806669962945
0.01,0.001,27,0.7873229626189924,0.7325881268080382,0.6434286006970887,301.9085210123055,0.23073328027385287,1.910663679782381,0.03228035538713822,0.00175,0.0,0.00175,18.445917364078984,0.054212538214411035
0.01,0.001,28,0.7864606996819627,0.7337040867610107,0.6388412349817194,295.7557928214448,0.3163182343414519,2.2666098685216225,0.030942009708856636,0.00175,0.0,0.00175,17.681148405060934,0.056557412284021474
0.01,0.001,29,0.7650919636724415,0.7152392180975157,0.6840338770754312,297.8378233992216,0.2547250614443328,2.019423760823532,0.028119583613595046,0.00175,0.0,0.00175,16.068333493482882,0.062234207449427634
0.01,1.0,0,0.09049056603773585,0.09947055048121645,3.4012127448215232,294.38701886792455,3.477803220972419,14.905800205257936,0.0297250249295686,1.75,0.0,1.75,0.016985728531182055,58.87295314794536
0.01,1.0,1,0.14817925032445226,0.10022777040895499,3.3921091219438466,297.6601267272311,3.4812724397634156,15.058431343529993,0.027912301809786606,1.75,0.0,1.75,0.01594988674844949,62.696369934865615
0.01,1.0,2,0.09950626661602735,0.0991229626541334,3.4059638720669114,296.2384352449677,3.521704660175601,15.031146826640398,0.028095696518545498,1.75,0.0,1.75,0.016054683724883143,62.28711926913271
0.01,1.0,3,0.10151975683890578,0.0995966050146015,3.4006084116446673,296.5758358662614,3.446825868653832,14.819355124124321,0.028170173266316528,1.75,0.0,1.75,0.016097241866466588,62.12244360216626
0.01,1.0,4,0.0918719951923077,0.09989992487419476,3.396752773049876,293.13784555288464,3.5979921059915796,15.492659667690365,0.029862935104761287,1.75,0.0,1.75,0.017064534345577878,58.601071658257176
0.01,1.0,5,0.09862558525902432,0.09878630324838283,3.4093812365844176,295.0151789759855,3.464734541310463,14.795736858629745,0.030876388882228652,1.75,0.0,1.75,0.017643650789844943,56.67761235535019
0.01,1.0,6,0.12278027589360567,0.09986708615474459,3.3983514841284084,297.20981632497524,3.475551136449212,14.596271799611175,0.028098584450813462,1.75,0.0,1.75,0.01605633397189341,62.280717488219835
0.01,1.0,7,0.1089131423374261,0.0995619594917655,3.400831093317982,295.85470668485675,3.4863782627508044,14.738985551038876,0.03067677253605874,1.75,0.0,1.75,0.01752958430631928,57.04641835913403
0.01,1.0,8,0.11597977631377356,0.10003875844789249,3.394416861356641,298.70614371074,3.5166146921983454,15.059872360399126,0.028548071940338263,1.75,0.0,1.75,0.016313183965907578,61.300111743352446
0.01,1.0,9,0.10985509445413853,0.10007553835552833,3.3925236451813854,295.94567938699646,3.53627850668272,15.100834418543007,0.0280376923456321,1.75,0.0,1.75,0.016021538483218342,62.41597840603408
0.01,1.0,10,0.11014184935143746,0.09930286495106042,3.402665153681404,295.7287415611014,3.507479644351406,14.9940714475109,0.029661053712086074,1.75,0.0,1.75,0.016949173549763472,58.999926873364
0.01,1.0,11,0.13867888507063764,0.09975768825345022,3.3982456620126262,297.77380679648724,3.5843440373719204,15.313062589162927,0.027493435394332712,1.75,0.0,1.75,0.015710534511047265,63.651558086507144
0.01,1.0,12,0.09424083769633508,0.0994081280554069,3.4024594268444854,300.5309516476748,3.4961471591959707,14.921771821627717,0.028982389920667113,1.75,0.0,1.75,0.016561365668952634,60.38149389302394
0.01,1.0,13,0.09762269938650307,0.09952721065970134,3.4031782560284367,299.0092791411043,3.487313567980891,14.978533998201826,0.028916892374768317,1.75,0.0,1.75,0.01652393849986761,60.51825961516451
0.01,1.0,14,0.10435047155460907,0.10006255122555259,3.394117462307247,296.63599026467904,3.4730569844250567,14.871335237558162,0.030858643198083815,1.75,0.0,1.75,0.017633510398905036,56.710205590266106
0.01,1.0,15,0.1067459092312442,0.09997692736478804,3.396337079752864,300.7584902747762,3.4831158991146367,14.869725074253806,0.029021271969140387,1.75,0.0,1.75,0.016583583982365934,60.30059612345224
0.01,1.0,16,0.1128283212790255,0.09938923763779503,3.4039599085129595,296.92744575561477,3.473468839598354,14.534282405323482,0.029714445928453976,1.75,0.0,1.75,0.016979683387687985,58.893913223676634
0.01,1.0,17,0.09572441124914259,0.09953020652858717,3.401328663141977,297.29929121256004,3.459231942309998,14.645425507057412,0.02997654052797938,1.75,0.0,1.75,0.017129451730273932,58.37898467191677
0.01,1.0,18,0.10253097210610322,0.1001514450984732,3.394355903796843,296.41574827088243,3.4801428063074127,14.82089446212475,0.028411126573842493,1.75,0.0,1.75,0.01623492947076714,61.59558634366815
0.01,1.0,19,0.022435651171724934,0.09934776566722651,3.4010225609170575,299.79469842489436,3.482320700684795,14.904575278557246,0.02721737185068349,1.75,0.0,1.75,0.01555278391467628,64.29717055712172
0.01,1.0,20,0.1046018654127804,0.09943710822270803,3.4005322118274246,300.4336699298543,3.4792634922487196,14.923564432991657,0.029594884657698797,1.75,0.0,1.75,0.01691136266154217,59.1318405272026
0.01,1.0,21,0.12370124981177534,0.0998185369237819,3.397824636535976,293.6164734226773,3.485166250145994,15.072646161176005,0.030529990410983945,1.75,0.0,1.75,0.01744570880627654,57.32068619878743
0.01,1.0,22,0.10930476475876535,0.09927947783055473,3.4023003848765674,292.14189391669163,3.527309347380651,14.935027375519084,0.02796792198129157,1.75,0.0,1.75,0.015981669703595183,62.571684845610555
0.01,1.0,23,0.08402077604644058,0.09958760998768502,3.400064502745062,297.7898716773602,3.4586508225183934,14.757498123042682,0.028669457799272845,1.75,0.0,1.75,0.016382547313870198,61.0405684074146
0.01,1.0,24,0.08950687637717498,0.0989217270851885,3.4081227020372657,296.64835498822276,3.491621477965964,14.81662570235988,0.028800521838869414,1.75,0.0,1.75,0.016457441050782524,60.76278790331452
0.01,1.0,25,0.10598174549294712,0.10009097067365441,3.395141742127747,294.1476955570642,3.46754479163792,14.908481856274275,0.028077192676678592,1.75,0.0,1.75,0.016044110100959196,62.328168636801806
0.01,1.0,26,0.10031347962382445,0.10015294351828673,3.393923534036999,298.24787827815584,3.4569476101896726,14.85357346640919,0.029206130956376777,1.75,0.0,1.75,0.016689217689358157,59.918926016385285
0.01,1.0,27,0.09855050806933652,0.10003022379953844,3.3936804006938965,291.488045427376,3.563132614159258,14.87063187195888,0.03001893490674575,1.75,0.0,1.75,0.017153677089569,58.2965386825482
0.01,1.0,28,0.13020285499624343,0.1001279444224184,3.393180440823743,293.0951915852742,3.467547248787014,14.863816635798594,0.02967901099049536,1.75,0.0,1.75,0.016959434851711634,58.96422898190353
0.01,1.0,29,0.10683106141828765,0.09975460439907705,3.3988543587476703,298.5179966304181,3.493614394683391,15.104795229711492,0.029407045668893936,1.75,0.0,1.75,0.01680402609651082,59.509548143801055
0.025,0.0001,0,0.9281667799682756,0.9114517299351557,0.19742543407926838,734.8426618324647,0.19418326768209226,1.7678148640786553,0.03041404330450384,0.00017500000000000003,0.0,0.00017500000000000003,173.79453316859335,0.005753920918961974
0.025,0.0001,1,0.933414596983087,0.9167093379178956,0.1875252766873867,741.5054091116867,0.22415597704821266,1.8810608882909872,0.02954892468921913,0.00017500000000000003,0.0,0.00017500000000000003,168.8509982241093,0.005922381333350125
0.025,0.0001,2,0.9338855652707471,0.9150291177342901,0.19021000298712826,746.3949992330112,0.2859685314761009,2.111185974510577,0.03480263306887942,0.00017500000000000003,0.0,0.00017500000000000003,198.87218896502523,0.005028355172255209
0.025,0.0001,3,0.9312327506899724,0.912862174747716,0.19697012068947906,745.8688285801901,0.24519887249334715,1.962594592689669,0.028653819862458102,0.00017500000000000003,0.0,0.00017500000000000003,163.73611349976056,0.006107388154180552
0.025,0.0001,4,0.9376302470973504,0.9196159936085101,0.1826130064397508,724.4565346829413,0.22340719561907463,1.893335359953041,0.030494336377150346,0.00017500000000000003,0.0,0.00017500000000000003,174.2533507265734,0.005738770564986912
0.025,0.0001,5,0.9311805187930122,0.9098423564165595,0.2037711212188735,736.1445965363382,0.28534057829529047,2.1311227991531037,0.03089921581214501,0.00017500000000000003,0.0,0.00017500000000000003,176.56694749797148,0.0056635741522998734
0.025,0.0001,6,0.9331673832692162,0.9155512705858919,0.19052099687694563,734.0328882854341,0.2737048444978427,2.0814384031073656,0.03337806776084967,0.00017500000000000003,0.0,0.00017500000000000003,190.7318157762838,0.005242963770517111
0.025,0.0001,7,0.9309556470050298,0.9145484258552325,0.1898988474434458,741.4891022709953,0.26585272402735427,2.0424316144860137,0.031689178263656935,0.00017500000000000003,0.0,0.00017500000000000003,181.08101864946818,0.005522389963664681
0.025,0.0001,8,0.9375385089340728,0.9187562290722648,0.18258132503545657,749.6672057917436,0.21569796447874978,1.8397919315737958,0.03210060694964542,0.00017500000000000003,0.0,0.00017500000000000003,183.43203971225952,0.005451610316107529
0.025,0.0001,9,0.9251797483523068,0.9089171889125619,0.20256308808607892,728.9241312162972,0.17804873225395568,1.706782075732932,0.03265727013486612,0.00017500000000000003,0.0,0.00017500000000000003,186.61297219923495,0.005358684276955639
0.025,0.0001,10,0.9321366356131182,0.9138534904218928,0.19302301638315866,737.2263879421344,0.20711278828093782,1.8229718591174542,0.03246986170428305,0.00017500000000000003,0.0,0.00017500000000000003,185.54206688161742,0.005389613346487276
0.025,0.0001,11,0.947455961291298,0.931065970009204,0.15866148853046463,735.5515990020413,0.21098482696106657,1.8317063379459468,0.032791329862014766,0.00017500000000000003,0.0,0.00017500000000000003,187.3790277829415,0.005336776542348126
0.025,0.0001,12,0.9224137931034483,0.9044164178929699,0.21343392435856734,729.1656671664168,0.26984649876249023,2.067690798272147,0.03029179069173566,0.00017500000000000003,0.0,0.00017500000000000003,173.09594680991805,0.0057771427836963195
0.025,0.0001,13,0.9314620416856838,0.9119324601573822,0.2000557765740355,740.6524418073939,0.28523193349246867,2.110012715282,0.031015263044028695,0.00017500000000000003,0.0,0.00017500000000000003,177.2300745373068,0.005642383227624839
0.025,0.0001,14,0.9300953245574217,0.9102381125404548,0.20013901018076508,736.4083825087002,0.273805643315427,2.094761265063585,0.029773396520363607,0.00017500000000000003,0.0,0.00017500000000000003,170.13369440207774,0.00587773047258173
0.025,0.0001,15,0.9271693823417961,0.9089992655732482,0.20270298774282422,737.7227737779461,0.32979642422287725,2.3149213506749544,0.030941420051584977,0.00017500000000000003,0.0,0.00017500000000000003,176.80811458048555,0.005655849011074579
0.025,0.0001,16,0.9294457538204212,0.9096676553989511,0.2029455485787665,739.6923895689197,0.31228837321395986,2.2524833064584646,0.03073669801419797,0.00017500000000000003,0.0,0.00017500000000000003,175.6382743668455,0.005693519841303825
0.025,0.0001,17,0.9457434052757794,0.9293280093442073,0.15787354637272225,729.5415167865707,0.30454554143943824,2.208540417150549,0.031160671318057297,0.00017500000000000003,0.0,0.00017500000000000003,178.0609789603274,0.005616053589275186
0.025,0.0001,18,0.930479242979243,0.9097036033275754,0.20432172218087893,742.307615995116,0.2373455288761761,1.9440288551523615,0.029540769617412657,0.00017500000000000003,0.0,0.00017500000000000003,168.80439781378658,0.005924016275352798
0.025,0.0001,19,0.9314653540325635,0.9142312883961345,0.19067957688912318,737.2757288905717,0.2501215489464812,2.004785612081289,0.03248180848884934,0.00017500000000000003,0.0,0.00017500000000000003,185.6103342219962,0.0053876310507795675
0.025,0.0001,20,0.9310371220818981,0.911618772833354,0.19661875562450415,745.1795637198622,0.4969802718842402,2.9918966723155127,0.03118457764179866,0.00017500000000000003,0.0,0.00017500000000000003,178.19758652456375,0.005611748281799285
0.025,0.0001,21,0.9351497410493133,0.9161124667068034,0.18824874834533828,730.4833746153269,0.23405763693153858,1.9335625993419234,0.03073880654318041,0.00017500000000000003,0.0,0.00017500000000000003,175.65032310388804,0.005693129294208881
0.025,0.0001,22,0.9355378183200304,0.9175911856795058,0.18361309033331566,740.0481946028126,0.24333305269828998,1.9663182153707903,0.03067709831296662,0.00017500000000000003,0.0,0.00017500000000000003,175.29770464552354,0.005704581255197493
0.025,0.0001,23,0.9357441948991245,0.9165369623316442,0.19010242797008803,741.3434335744195,0.2636319415469188,2.0416342482777714,0.02894018390973413,0.00017500000000000003,0.0,0.00017500000000000003,165.372479484195,0.006046955352662364
0.025,0.0001,24,0.93422674060382,0.9144720232543235,0.19162272798598826,749.7426833025262,0.25102662030258216,1.9959697846134365,0.029642361175527984,0.00017500000000000003,0.0,0.00017500000000000003,169.384921003017,0.0059037132353840895
0.025,0.0001,25,0.92670077116897,0.9069068036293237,0.21261679300720152,742.9647247461251,0.3248780501598958,2.2871160373410833,0.032244002961900296,0.00017500000000000003,0.0,0.00017500000000000003,184.2514454965731,0.005427365833168452
0.025,0.0001,26,0.9242261722341404,0.9056543416331877,0.20898042941676692,745.3581826539994,0.20748821896268055,1.8233413432176047,0.03225568030327407,0.00017500000000000003,0.0,0.00017500000000000003,184.31817316156608,0.005425400994634638
0.025,0.0001,27,0.9334749298338769,0.91472318171878,0.19038431098643002,738.2060987635591,0.22182574606267735,1.8743955867073998,0.03380362053451493,0.00017500000000000003,0.0,0.00017500000000000003,193.16354591151386,0.005176960255524037
0.025,0.0001,28,0.9505086820163696,0.9340831869176811,0.15029350635174385,744.398760804712,0.28709980082930997,2.1353242461437176,0.03197977376066687,0.00017500000000000003,0.0,0.00017500000000000003,182.74156434666781,0.005472208818914132
0.025,0.0001,29,0.9352269311692215,0.917975237214352,0.1885169026869616,731.3981064021641,0.2608703628939111,2.035753530247442,0.029696519093011294,0.00017500000000000003,0.0,0.00017500000000000003,169.69439481720738,0.005892946558884206
0.025,0.001,0,0.572842677950733,0.5010590448908493,1.3501427773548773,735.2946199183921,0.21602727787103504,1.8557134176526326,0.03223463020412738,0.00175,0.0,0.00175,18.41978868807279,0.054289439305431425
0.025,0.001,1,0.5680954552363581,0.4899758205679269,1.3804949714420305,739.7526979784162,0.2180595101963263,1.8594316969838298,0.0316869629448196,0.00175,0.0,0.00175,18.106835968468342,0.05522776048457185
0.025,0.001,2,0.5879450390951187,0.5113510020224484,1.3123935194952603,738.6426782054202,0.2794254128530156,2.1153884652064,0.03158573396746795,0.00175,0.0,0.00175,18.048990838553113,0.05540475968683933
0.025,0.001,3,0.5822283188538333,0.5103176321429191,1.3124903462967539,742.0328456028044,0.2806830867775716,2.1377267376399884,0.03086217173333378,0.00175,0.0,0.00175,17.63552670476216,0.056703721796410415
0.025,0.001,4,0.5703130865680607,0.4969653225557316,1.3491942345694186,731.1130715519183,0.3576371575181838,2.451973637204226,0.03175847467802913,0.00175,0.0,0.00175,18.147699816016644,0.055103402091620915
0.025,0.001,5,0.6472721777240441,0.5834576157487622,1.1102291786662613,735.5054405319631,0.24740441321046092,2.014027483584142,0.031118493773575624,0.00175,0.0,0.00175,17.781996442043212,0.05623665504935263
0.025,0.001,6,0.5827435627164583,0.5025941247790561,1.3246087063192005,733.0082065953923,0.21316326275700703,1.8487165114000332,0.03132588368688457,0.00175,0.0,0.00175,17.90050496393404,0.05586434583911467
0.025,0.001,7,0.5375077017868145,0.46125219767086817,1.4613398994864977,749.1577325939618,0.25855889706872404,2.035156560624723,0.03143779682357332,0.00175,0.0,0.00175,17.96445532775618,0.05566547839916632
0.025,0.001,8,0.6031697884279973,0.5292052104355549,1.2535009411771347,738.2686736937893,0.21833104774123058,1.8654480105163076,0.03297100945023248,0.00175,0.0,0.00175,18.840576828704272,0.05307693119440299
0.025,0.001,9,0.573006867721708,0.500742075064461,1.3407239905637576,726.261570618095,0.22120099008316174,1.8734316300203289,0.028117138303142795,0.00175,0.0,0.00175,16.066936173224455,0.06223961987640803
0.025,0.001,10,0.5837919336600076,0.5077448736161292,1.3178237947155866,733.4618921975123,0.22758572691236623,1.8993240444868495,0.02968570737994218,0.00175,0.0,0.00175,16.96326135996696,0.05895092805443562
0.025,0.001,11,0.5870635461637507,0.5083367716257191,1.3316564415187366,736.8687419525866,0.23849236822570674,1.9517774148178848,0.03095823570471651,0.00175,0.0,0.00175,17.69042040269515,0.05652776911099576
0.025,0.001,12,0.5859838685131639,0.5040834140111157,1.331398754023807,740.1212144270279,0.3056254405528307,2.206652971818974,0.03135893750671179,0.00175,0.0,0.00175,17.919392860978164,0.05580546214696992
0.025,0.001,13,0.6258954829952492,0.5615938038732838,1.1497101135151468,733.5009426136792,0.2615632120287046,2.0388675433138386,0.031447364969987374,0.00175,0.0,0.00175,17.969922839992783,0.05564854167177946
0.025,0.001,14,0.5870987372584817,0.509114151776048,1.3272897708117641,740.4650844363305,0.2707570484490134,2.082916204777782,0.03213150140403041,0.00175,0.0,0.00175,18.360857945160237,0.05446368590110417
0.025,0.001,15,0.6091718001368925,0.536861024291921,1.2314953026961364,740.2426040003043,0.21494097585673444,1.8631927894713836,0.031308477216776404,0.00175,0.0,0.00175,17.890558409586514,0.055895404553954996
0.025,0.001,16,0.5555726719556343,0.48022422682487587,1.4061374911915234,749.8423322806748,0.30428271990967914,2.2063530470843133,0.031232473348525264,0.00175,0.0,0.00175,17.84712762772872,0.05603142538445908
0.025,0.001,17,0.669683964104565,0.6105512249388998,0.9886393676200584,759.3736246586031,0.23524359581642784,1.9389499693495835,0.03125329962592313,0.00175,0.0,0.00175,17.85902835767036,0.055994087694614426
0.025,0.001,18,0.5773745997865528,0.497042542883387,1.365769946514965,741.832215276719,0.20372993030468933,1.8054868199207723,0.03074425207292399,0.00175,0.0,0.00175,17.568144041670852,0.05692120907183165
0.025,0.001,19,0.5577099236641221,0.48348596278103273,1.3866311755559195,742.6235114503817,0.20664712580037303,1.829472074726775,0.029447527381224182,0.00175,0.0,0.00175,16.827158503556674,0.059427739970990046
0.025,0.001,20,0.8444461456020822,0.7921605177259924,0.5266567289696577,745.157084896272,0.2759687577781733,2.0879754062922022,0.032492113590420806,0.00175,0.0,0.00175,18.56692205166903,0.053859223258284065
0.025,0.001,21,0.6057736020609183,0.5266889811967007,1.2614997909544579,737.4251401727535,0.23969425042741932,1.9511417692808695,0.0317298339779809,0.00175,0.0,0.00175,18.13133370170337,0.055153140770116314
0.025,0.001,22,0.5704595686304398,0.49261735642721083,1.3668239793857495,741.7673195640576,0.18629446884733625,1.7368620904580179,0.028806063260707098,0.00175,0.0,0.00175,16.460607577546913,0.060751098966969466
0.025,0.001,23,0.5882219534321137,0.5123646350247044,1.2918600539325997,735.5597218022377,0.2844351361563895,2.111336258199064,0.03219307802237734,0.00175,0.0,0.00175,18.396044584215623,0.054359511656001905
0.025,0.001,24,0.5786759687571092,0.5046356698994103,1.3357354446873249,737.6565556987943,0.20668929439852946,1.8179970690203977,0.030875465565894662,0.00175,0.0,0.00175,17.643123180511235,0.05667930727279678
0.025,0.001,25,0.5981498194945848,0.517048445361747,1.30334256224204,731.7100631768953,0.21232022906769998,1.8519310706746432,0.03289924650965196,0.00175,0.0,0.00175,18.799569434086834,0.053192707604612956
0.025,0.001,26,0.5847528200469377,0.5077247148343471,1.3125630723652282,737.2120523885229,0.2053084306535311,1.81317798458675,0.03210899571168758,0.00175,0.0,0.00175,18.34799754953576,0.05450186034199149
0.025,0.001,27,0.6128492045368045,0.539688459555807,1.2325581840838749,740.7334246783893,0.25649408050230704,2.0176888546569653,0.030025808940368697,0.00175,0.0,0.00175,17.15760510878211,0.05828319241874558
0.025,0.001,28,0.5749091190347281,0.49068810738351776,1.3849016441052362,752.737179982984,0.23385545518249273,1.9093499955207036,0.031098870980246933,0.00175,0.0,0.00175,17.770783417283962,0.056272139304077866
0.025,0.001,29,0.5917132572566439,0.5121494272268636,1.317279596946939,745.5191085241632,0.22193145094206557,1.8889104044142022,0.030841964594561216,0.00175,0.0,0.00175,17.623979768320694,0.05674087312546236
0.025,1.0,0,0.036047044447838704,0.03994049205369718,4.674255408333565,743.1360928669619,3.502815328363795,14.91035059909167,0.029127601854706163,1.75,0.0,1.75,0.01664434391697495,60.080469677157836
0.025,1.0,1,0.0341788642807878,0.03984705592048722,4.6791574728398855,746.3522875316116,3.490382219752064,14.977832184525436,0.03128328042123773,1.75,0.0,1.75,0.017876160240707272,55.94042493101051
0.025,1.0,2,0.05601628468033776,0.03998082939836747,4.675085434073881,734.2092882991556,3.4578094255411997,14.747524705304135,0.031663035378832416,1.75,0.0,1.75,0.018093163073618523,55.26949577202954
0.025,1.0,3,0.04533312981759902,0.03993730819111648,4.674650112167303,742.8077539494773,3.5504566954332404,15.116849378012562,0.03296012070208822,1.75,0.0,1.75,0.018834354686907556,53.094465758104064
0.025,1.0,4,0.21059402194475974,0.04008018136725838,4.672249379395562,736.0855088914112,3.4461332504288293,14.743166753691906,0.032066938816854816,1.75,0.0,1.75,0.01832396503820275,54.57334140919545
0.025,1.0,5,0.03742751713231418,0.04008551499589217,4.670021645706477,732.8924617817606,3.4757475641090423,14.970565562960813,0.030462001973770143,1.75,0.0,1.75,0.017406858270725797,57.448620793435346
0.025,1.0,6,0.03815063836216665,0.04012224284483237,4.667955791945997,735.0239480244768,3.5121036266791634,14.762652270323182,0.031293363974901116,1.75,0.0,1.75,0.017881922271372065,55.9223994391779
0.025,1.0,7,0.05717531238167361,0.040044635379752044,4.6712058403503685,737.4472548277167,3.471073307504412,14.855190250703114,0.030672910841312045,1.75,0.0,1.75,0.01752737762360688,57.05360045721513
0.025,1.0,8,0.04073272530530221,0.03998689674363867,4.672556488022458,752.0987014994589,3.502743319462752,14.755650989862172,0.030269315406758673,1.75,0.0,1.75,0.017296751661004955,57.81432372960942
0.025,1.0,9,0.038345638089498264,0.039884745570538095,4.6765123710219925,733.214479433479,3.459919507295126,15.083395636806515,0.030159791747316544,1.75,0.0,1.75,0.01723416671275231,58.02427333258048
0.025,1.0,10,0.0319447606039912,0.0399219771916933,4.675679842261377,737.9332271037256,3.4733699078205973,14.793933310939982,0.03324699852080556,1.75,0.0,1.75,0.018998284869031747,52.636330431598864
0.025,1.0,11,0.03224097479754787,0.04007197918188042,4.66951444917289,736.5208506773632,3.4750133540073875,15.039840051206292,0.03095457094991093,1.75,0.0,1.75,0.01768832625709196,56.534461512380794
0.025,1.0,12,0.0445522048795272,0.040065681782230744,4.670301001883551,737.272010910744,3.4789489704126026,15.068757313657517,0.03003897150351542,1.75,0.0,1.75,0.017165126573437384,58.25765372143982
0.025,1.0,13,0.03697249791650883,0.04000667701847899,4.672374820648209,736.9143874535949,3.4753432399011217,14.697845383960798,0.0342441389685698,1.75,0.0,1.75,0.019568079410611314,51.10363562086339
0.025,1.0,14,0.040286144578313254,0.03983137120260675,4.6782352016422095,732.7835843373495,3.493662225169828,14.831105924649135,0.03134859247422802,1.75,0.0,1.75,0.017913481413844582,55.82387794407969
0.025,1.0,15,0.040433323161428135,0.0399868197352325,4.6724153873002425,742.2933323161428,3.5250239770975895,15.01513125771582,0.03204123125843158,1.75,0.0,1.75,0.018309275004818045,54.617127097432984
0.025,1.0,16,0.038137842141178255,0.040013450000348595,4.671608310525903,738.2855409811207,3.5055151898704935,14.73603346313097,0.03213749432838231,1.75,0.0,1.75,0.01836428247336132,54.45352964106113
0.025,1.0,17,0.03583211846850303,0.039990553726944225,4.672942281631673,746.7805570474948,3.716812244965695,15.454259165025594,0.03269122335401325,1.75,0.0,1.75,0.018680699059436142,53.53118728685221
0.025,1.0,18,0.03433835845896147,0.03989951405667572,4.6754123556037435,740.8693467336683,3.4730329708836507,14.800931008329568,0.031348180524264864,1.75,0.0,1.75,0.017913246013865635,55.8246115319332
0.025,1.0,19,0.028663615217228183,0.03989558817285204,4.6753955441453225,730.3602461169055,3.445280379266478,14.87484042904693,0.030340102473727346,1.75,0.0,1.75,0.017337201413558483,57.679436037349966
0.025,1.0,20,0.03442673680953118,0.040087609043331515,4.670007894417273,752.6359275878075,3.5576029136718716,15.129741219704629,0.029996597176849778,1.75,0.0,1.75,0.017140912672485586,58.3399506844924
0.025,1.0,21,0.02368064952638701,0.039866345097627195,4.676377588559239,731.9127198917456,3.4722317078558262,14.600267841796294,0.03319068423225751,1.75,0.0,1.75,0.01896610527557572,52.7256379456981
0.025,1.0,22,0.03807280188464169,0.04001688714184354,4.671865460039883,739.9793297363021,3.427899702481227,14.425290356372807,0.03099817822000208,1.75,0.0,1.75,0.017713244697144047,56.45493059559171
0.025,1.0,23,0.04363524621648613,0.03997214173608452,4.674206186404515,747.9373895674887,3.531711536285002,15.265332754800573,0.03043659019645957,1.75,0.0,1.75,0.017392337255119756,57.49658515307548
0.025,1.0,24,0.04082726924549981,0.03998972159921994,4.672885415959083,745.5286863270777,3.48851697894861,14.594330175245362,0.0319843671600534,1.75,0.0,1.75,0.01827678123431623,54.71422933718843
0.025,1.0,25,0.05903097209444955,0.04010919508824744,4.669748616165388,746.0797301441276,3.5564581652579363,15.181237841379243,0.03100431491393116,1.75,0.0,1.75,0.017716751379389235,56.44375645319203
0.025,1.0,26,0.0315821439416945,0.03997620790590259,4.672941114741609,738.8839204372912,3.450913773092907,14.774207185058238,0.030073213113413745,1.75,0.0,1.75,0.017184693207664997,58.191321073684556
0.025,1.0,27,0.03324498296099962,0.039957766051442245,4.674731100377363,737.1202574782279,3.4907135493995156,14.820327651395527,0.03219208319281446,1.75,0.0,1.75,0.018395476110179693,54.36119152396495
0.025,1.0,28,0.03282012767555389,0.03993754655735803,4.675054217101077,730.9285767930905,3.5083909722452518,15.071899601548573,0.030240010982069222,1.75,0.0,1.75,0.017280006275468128,57.87034935396222
0.025,1.0,29,0.03884009691096305,0.0400317068069423,4.671805315728743,736.9646426408237,3.4487272551632486,14.588121406458932,0.03104437296671949,1.75,0.0,1.75,0.01773964169526828,56.37092434999583
0.05,0.0001,0,0.8807213265072209,0.8454178592344439,0.36005701691369163,1486.5411477038283,0.2491517445887439,1.9971235662269289,0.032840081471158744,0.00017500000000000003,0.0,0.00017500000000000003,187.65760840662136,0.005328854014984429
0.05,0.0001,1,0.8730910201588271,0.8413146958916554,0.36455276668338576,1485.3593463653024,0.2452055240282789,1.9804405967461411,0.0317705526955846,0.00017500000000000003,0.0,0.00017500000000000003,181.54601540334053,0.005508245376679303
0.05,0.0001,2,0.8805402468369169,0.8478287204686874,0.35698122607142874,1509.7900333773189,0.19264899971312843,1.755005988051149,0.03231497500369101,0.00017500000000000003,0.0,0.00017500000000000003,184.65700002109145,0.005415445934276959
0.05,0.0001,3,0.8807367613200306,0.847689922364854,0.35416865848906304,1493.1839600920953,0.23625763374730013,1.9338974358241439,0.03115079961627121,0.00017500000000000003,0.0,0.00017500000000000003,178.00456923583548,0.005617833319071241
0.05,0.0001,4,0.880827067669173,0.8533692544628259,0.33759010603646367,1462.887969924812,0.25655460183043033,2.017436107778572,0.03413165159227112,0.00017500000000000003,0.0,0.00017500000000000003,195.03800909869207,0.005127205741184455
0.05,0.0001,5,0.8925254985538134,0.8631763884156987,0.319171377118618,1480.477393819455,0.3199454547429923,2.2728089861178997,0.033176174022716734,0.00017500000000000003,0.0,0.00017500000000000003,189.57813727266702,0.005274869847263648
0.05,0.0001,6,0.8780229746070133,0.8451251773057432,0.35287166935109326,1470.131952841596,0.5337031777598895,3.1237428969299024,0.03363884872292164,0.00017500000000000003,0.0,0.00017500000000000003,192.22199270240932,0.0052023183504717975
0.05,0.0001,7,0.8870660053414727,0.857402516856969,0.3326898962734398,1483.9378099961846,0.29875899621401913,2.1876898161274907,0.0337754009956694,0.00017500000000000003,0.0,0.00017500000000000003,193.0022914038251,0.00518128563514133
0.05,0.0001,8,0.8596571081778183,0.8217034541016962,0.4152880221044053,1475.5868608708845,0.32284919248195365,2.275203699162821,0.03032347365339082,0.00017500000000000003,0.0,0.00017500000000000003,173.27699230509037,0.005771106635088004
0.05,0.0001,9,0.9351936566026228,0.9181973392716312,0.1821333101017084,1483.0569533394328,0.19563861069036648,1.7882668754253364,0.035022753122146796,0.00017500000000000003,0.0,0.00017500000000000003,200.1300178408388,0.004996751665686099
0.05,0.0001,10,0.8834766725017125,0.8556839722362329,0.32741402166484074,1480.616256944973,0.22353575981105678,1.8974970840940482,0.03143098726147873,0.00017500000000000003,0.0,0.00017500000000000003,179.60564149416413,0.0055677538393608455
0.05,0.0001,11,0.8759736822203736,0.8436958575195626,0.3598688616540515,1471.302125085079,0.27789798387675546,2.1012388219317817,0.03171438326478384,0.00017500000000000003,0.0,0.00017500000000000003,181.2250472273362,0.005518001045106964
0.05,0.0001,12,0.8757040931280511,0.8439959346065183,0.3569828923112794,1461.0338715734135,0.2148816518310923,1.8538776815169284,0.031711835192029185,0.00017500000000000003,0.0,0.00017500000000000003,181.2104868115953,0.005518444421153732
0.05,0.0001,13,0.8711480362537765,0.8340458965923736,0.3866268166983024,1469.4779456193353,0.3409764484676998,2.3339721105201003,0.03361120842380065,0.00017500000000000003,0.0,0.00017500000000000003,192.0640481360037,0.005206596495830827
0.05,0.0001,14,0.8603143857557923,0.818784087690277,0.4260334133211126,1448.5121060865679,0.20783835474867374,1.8330686610484777,0.03216312330689172,0.00017500000000000003,0.0,0.00017500000000000003,183.78927603938124,0.0054410138695237375
0.05,0.0001,15,0.8766036855609983,0.8493531865541541,0.32696436034083576,1512.2687971386363,0.2029901361092925,1.8023949756684603,0.03366371986718525,0.00017500000000000003,0.0,0.00017500000000000003,192.36411352677283,0.005198474817709812
0.05,0.0001,16,0.8788246906081543,0.8448440299029378,0.3599664173045881,1476.5367853617797,0.2330132905044593,1.9120506210506196,0.03104238653513708,0.00017500000000000003,0.0,0.00017500000000000003,177.385065915069,0.00563745315785938
0.05,0.0001,17,0.879653548092995,0.849211626853588,0.3457905645176735,1477.955857772375,0.24580250622238964,1.9708367462475533,0.03176299543394034,0.00017500000000000003,0.0,0.00017500000000000003,181.5028310510876,0.005509555934797127
0.05,0.0001,18,0.8918175567270227,0.8613814246476013,0.3210374926657027,1485.99862479945,0.23178991093300283,1.9149369295668475,0.03397891884692646,0.00017500000000000003,0.0,0.00017500000000000003,194.1652505538655,0.0051502521545305
0.05,0.0001,19,0.8759433235792392,0.8463221914613083,0.3499353817905734,1497.9908362852302,0.27632037753937766,2.1061298060150992,0.03506519134033712,0.00017500000000000003,0.0,0.00017500000000000003,200.37252194478353,0.0049907042657055
0.05,0.0001,20,0.8658239415169052,0.8372070646157697,0.37282530708779577,1481.3650624428876,0.19567877182271332,1.7748315771828607,0.029966238585834606,0.00017500000000000003,0.0,0.00017500000000000003,171.235649061912,0.005839905448884885
0.05,0.0001,21,0.8785400575495986,0.8454464269438221,0.35814269761847084,1472.5942753293957,0.22653338412055746,1.8991396357182087,0.03180694585825099,0.00017500000000000003,0.0,0.00017500000000000003,181.75397633286275,0.005501942902028224
0.05,0.0001,22,0.8804323350596712,0.8477177386983434,0.34870642493502435,1459.949410793365,0.25860626294161193,2.024628311689708,0.03428299176784381,0.00017500000000000003,0.0,0.00017500000000000003,195.90281010196458,0.005104572004247996
0.05,0.0001,23,0.8799727210729711,0.8502187982571213,0.34592116025557573,1473.9356671970902,0.3472750342625659,2.363496265642774,0.034861118686390004,0.00017500000000000003,0.0,0.00017500000000000003,199.20639249365715,0.0050199192279024914
0.05,0.0001,24,0.8636640292148509,0.8272653339528776,0.39481190350205075,1479.9003347534997,0.31783395519596525,2.2699425803021556,0.030999490878149835,0.00017500000000000003,0.0,0.00017500000000000003,177.1399478751419,0.005645254003940747
0.05,0.0001,25,0.8709751609935602,0.8383060356811491,0.37372227291938137,1491.141137687826,0.29034096898976713,2.150343741059741,0.03272162850780481,0.00017500000000000003,0.0,0.00017500000000000003,186.98073433031317,0.005348144575330619
0.05,0.0001,26,0.8789327575570636,0.8462068222210513,0.35343915570784007,1499.9593615052436,0.22245141005259939,1.8843121566358456,0.03392924035573692,0.00017500000000000003,0.0,0.00017500000000000003,193.8813734613538,0.00515779304709397
0.05,0.0001,27,0.8779700115340254,0.8444015311779839,0.3604741717533656,1495.7870049980777,0.21322203119052574,1.8390488029404721,0.03317698229328566,0.00017500000000000003,0.0,0.00017500000000000003,189.58275596163233,0.005274741338829253
0.05,0.0001,28,0.8757995735607675,0.8434460923779195,0.36298255859914064,1481.4286475784343,0.33506270064390264,2.3257988926023137,0.03321657325098266,0.00017500000000000003,0.0,0.00017500000000000003,189.80899000561516,0.005268454354930274
0.05,0.0001,29,0.8773878276321635,0.8414155390439372,0.3670586648122783,1440.1133570265067,0.22445406529004686,1.9022725304585288,0.034178058266673125,0.00017500000000000003,0.0,0.00017500000000000003,195.30319009527497,0.005120244065200209
0.05,0.001,0,0.42569115625477316,0.35149547075255094,1.9304348091406696,1484.950664426455,0.25080967726535164,2.00301434084721,0.0325063239730344,0.00175,0.0,0.00175,18.57504227030537,0.05383567829606668
0.05,0.001,1,0.403937185363288,0.33187460527771184,2.0609082298176093,1461.361484709595,0.2857507411390543,2.1443326990375877,0.03161475005155694,0.00175,0.0,0.00175,18.06557145803254,0.05535390908187228
0.05,0.001,2,0.44120125641614955,0.367024994684553,1.9300309848781383,1490.4589749482877,0.26434211918967776,2.039387365844772,0.035872396472607676,0.00175,0.0,0.00175,20.49851227006153,0.04878402816874273
0.05,0.001,3,0.430316742081448,0.3506410290728143,1.989277526230926,1466.3858974358975,0.22726334544131532,1.9040677764553702,0.03469948174304731,0.00175,0.0,0.00175,19.82827528174132,0.05043302989246072
0.05,0.001,4,0.452345045996079,0.3882955127400225,1.853287727899414,1466.566053385613,0.23337151476880535,1.9362402800840002,0.031879624142974974,0.00175,0.0,0.00175,18.216928081699987,0.05489399724888638
0.05,0.001,5,0.3922189549875594,0.3223056578418005,2.081099005483911,1466.8308075096131,0.4456261345767416,2.7686207357614947,0.031208901848129748,0.00175,0.0,0.00175,17.833658198931285,0.05607374487304724
0.05,0.001,6,0.43826687116564417,0.36504997147730717,1.9016413606696614,1492.0697852760736,0.2840228323475458,2.106851379155939,0.03336813728612937,0.00175,0.0,0.00175,19.067507020645355,0.05244524094928873
0.05,0.001,7,0.40073778513889935,0.3331571011737041,2.0694182773008656,1464.5215689226832,0.21876512223389,1.8610825893215237,0.03222296427883051,0.00175,0.0,0.00175,18.413122445046003,0.05430909412482873
0.05,0.001,8,0.41348686686234665,0.3411558271048169,2.0268911922762953,1464.189508542184,0.19921609450830147,1.790319089298341,0.03164472683680917,0.00175,0.0,0.00175,18.082701049605237,0.0553014727864359
0.05,0.001,9,0.43094743094743093,0.3582371004755372,1.9560184696327643,1444.1337243837245,0.20298379610176198,1.811184382370263,0.033306999862733534,0.00175,0.0,0.00175,19.03257135013345,0.05254150800769169
0.05,0.001,10,0.4375558201845787,0.3628395712976126,1.954955922645205,1447.7099583209288,0.2691115834459197,2.06173819906888,0.032523880409328514,0.00175,0.0,0.00175,18.585074519616292,0.05380661772136096
0.05,0.001,11,0.42578927348801826,0.35458371853663617,1.981749946118369,1479.6374286801065,0.43158996899728663,2.7130710506078994,0.031737080090358014,0.00175,0.0,0.00175,18.135474337347436,0.055140548374885454
0.05,0.001,12,0.46072427610191274,0.3876143086344254,1.8279452835564227,1470.9649202389053,0.2688694238313474,2.079997218621801,0.031899285178324514,0.00175,0.0,0.00175,18.228162959042578,0.05486016348695866
0.05,0.001,13,0.41828528072837634,0.34325088648889734,2.0092827003968297,1475.8141122913505,0.3495740571524948,2.403163517193549,0.03036991428109158,0.00175,0.0,0.00175,17.354236732052332,0.05762281657441347
0.05,0.001,14,0.44585166085241923,0.36498563696190955,1.9306694420017256,1474.8959502502655,0.24411317662452348,1.990186715549779,0.03308223955343351,0.00175,0.0,0.00175,18.904136887676287,0.05289847433616001
0.05,0.001,15,0.42839768926725447,0.35373663610461675,1.9724053395737962,1478.632715110976,0.23344405691022985,1.9428927214758431,0.029470087588918368,0.00175,0.0,0.00175,16.840050050810497,0.05938224631059638
0.05,0.001,16,0.41872366044551473,0.3422401286465388,2.007784580584466,1463.6994280553884,0.27642550799646415,2.071777502690531,0.030444450774481838,0.00175,0.0,0.00175,17.39682901398962,0.05748173987316035
0.05,0.001,17,0.42188459177409454,0.34408203848918834,1.990692854288632,1492.6477900552486,0.2472099372826051,1.999006718042828,0.035009400920079384,0.00175,0.0,0.00175,20.005371954331075,0.04998657372044034
0.05,0.001,18,0.43792840822543794,0.36458662846769513,1.9275419761208081,1481.7020563594822,0.2626553247391712,2.059903042147617,0.03347117552366248,0.00175,0.0,0.00175,19.126386013521415,0.05228379262517493
0.05,0.001,19,0.40223880597014927,0.3331506602393906,2.0462923331023575,1451.2819402985074,0.2621721607283689,2.0490269427786174,0.03340640506610698,0.00175,0.0,0.00175,19.089374323489704,0.05238516375937414
0.05,0.001,20,0.40621473177338047,0.3330530535248771,2.06242745320765,1463.8590023324055,0.3228411778109148,2.2451706169055514,0.032499861622451456,0.00175,0.0,0.00175,18.57134949854369,0.053846383111707474
0.05,0.001,21,0.4177798249654537,0.34596168212545275,2.0111652542830565,1493.657838169814,0.26644189123180695,2.051502881668242,0.03326026323431294,0.00175,0.0,0.00175,19.00586470532168,0.05261533823925401
0.05,0.001,22,0.4221206722949423,0.34653265509997067,1.9959344712268128,1506.8749128649988,0.21894279669504613,1.868309557713913,0.03423225187778903,0.00175,0.0,0.00175,19.561286787308013,0.051121381270726615
0.05,0.001,23,0.4389321636542388,0.3670426587640934,1.9445647280852552,1471.3723058307494,0.24834225568338297,2.008934701876033,0.03182921906124078,0.00175,0.0,0.00175,18.188125177851877,0.05498092795280101
0.05,0.001,24,0.3972175764026152,0.32461459427879125,2.087007113245151,1479.384141705945,0.20960942053352483,1.838322614728314,0.031407909810404366,0.00175,0.0,0.00175,17.94737703451678,0.05571844833240972
0.05,0.001,25,0.4117920148560817,0.34786821678514346,1.9980455266803894,1504.7717424945838,0.233781471994007,1.9442740595784425,0.031061740385496927,0.00175,0.0,0.00175,17.749565934569674,0.05633940591484354
0.05,0.001,26,0.42293661650706793,0.34393579941102387,2.010491155261801,1478.2679738562092,0.25476692558731884,2.0048594245783216,0.03222738771510178,0.00175,0.0,0.00175,18.415650122915302,0.05430163981860524
0.05,0.001,27,0.44649136217703717,0.3771491136678439,1.8611573133297692,1486.965983794527,0.2128635093686171,1.8364842610551726,0.03315655766893389,0.00175,0.0,0.00175,18.946604382247937,0.05277990608897456
0.05,0.001,28,0.39111111111111113,0.32247684826698025,2.0913279112928715,1490.0307279693486,0.2057044634129852,1.8249434810526033,0.03220623105733192,0.00175,0.0,0.00175,18.403560604189668,0.05433731121424105
0.05,0.001,29,0.40062419121565046,0.3267562166570825,2.050698465774376,1480.6202329298926,0.21439697837922722,1.8503085527017333,0.030807874231465502,0.00175,0.0,0.00175,17.60449956083743,0.05680365957261162
0.05,1.0,0,0.02624692118226601,0.020035090228679702,5.656044593321791,1496.6377001231526,3.5273568002157845,14.982393365627741,0.03331331000143254,1.75,0.0,1.75,0.019036177143675736,52.53155570325334
0.05,1.0,1,0.04080403523300459,0.02001344006635339,5.657187025688778,1464.6192125272905,3.4734145562688354,14.969698715162114,0.03178379291872949,1.75,0.0,1.75,0.018162167382131136,55.059507984925354
0.05,1.0,2,0.014271764440772177,0.01997644620384474,5.659493087517368,1461.3528130398859,3.517970626591705,14.943049596544,0.031013034984206326,1.75,0.0,1.75,0.01772173427668933,56.42788591607379
0.05,1.0,3,0.0366535051776801,0.02004835067286231,5.655545370978405,1449.1047455859346,3.462088931846665,14.83940064686504,0.03169500111411737,1.75,0.0,1.75,0.01811142920806707,55.2137541721217
0.05,1.0,4,0.024178171001449165,0.019979803139235707,5.658879113024449,1483.7378537106247,3.4726858978392556,15.00272990921808,0.03264129759640269,1.75,0.0,1.75,0.018652170055087253,53.61306470220911
0.05,1.0,5,0.015336724622276213,0.02002012505601417,5.656507645682799,1476.612937514236,3.5300643199589103,14.899040061540513,0.033094781164343126,1.75,0.0,1.75,0.018911303522481788,52.87842791012256
0.05,1.0,6,0.032024950555301995,0.020015880487774113,5.656797736911735,1479.7031036056594,3.450238653458655,14.746380273600506,0.03329120307605533,1.75,0.0,1.75,0.019023544614888758,52.56643912813971
0.05,1.0,7,0.015347395478944583,0.019970671558340727,5.6602335476074455,1470.126332501701,3.521577609673841,14.95847012964303,0.02926387919591863,1.75,0.0,1.75,0.016722216683382075,59.800684259387886
0.05,1.0,8,0.02959654833093634,0.020031093019342156,5.656385166478731,1472.2449473923245,3.4904802558012307,15.144787960531524,0.03301421689132569,1.75,0.0,1.75,0.018865266795043252,53.0074666244712
0.05,1.0,9,0.014163447701280012,0.019971718371987527,5.659900333147322,1473.7680830114368,3.4680311660049483,14.855342276753143,0.03069184061681314,1.75,0.0,1.75,0.017538194638178937,57.01841156575476
0.05,1.0,10,0.01364566750056857,0.019978915047788117,5.659434316092859,1474.8589947691607,3.5092636141052935,15.053636083825,0.0323639097211967,1.75,0.0,1.75,0.018493662697826686,54.07257698700845
0.05,1.0,11,0.2027908387683907,0.020073048458931222,5.656211734884363,1475.456165630214,3.4800099667336326,14.731930534582178,0.033148379623967196,1.75,0.0,1.75,0.01894193121369554,52.792927432709305
0.05,1.0,12,0.021240441801189464,0.020016092088544525,5.657043962057773,1502.3835637599443,3.533417532336898,15.008802324769652,0.03328728741972683,1.75,0.0,1.75,0.01902130709698676,52.57262263319507
0.05,1.0,13,0.018937679191187565,0.019999211891623063,5.657954620281624,1467.5362909310397,3.7937380679068156,15.881411999237264,0.032080499807581084,1.75,0.0,1.75,0.01833171417576062,54.55027229926293
0.05,1.0,14,0.020758661887694145,0.020028705256109548,5.655797592208829,1451.955719832736,3.5346056179259904,14.82735293411662,0.03250187229299792,1.75,0.0,1.75,0.018572498453141666,53.843052000946216
0.05,1.0,15,0.014730321800876266,0.020031533929507968,5.655810719220838,1469.2331923251247,3.6326989702065475,15.36831865052717,0.03272877113065952,1.75,0.0,1.75,0.01870215493180544,53.469774132785645
0.05,1.0,16,0.01489298009280048,0.02000638684012458,5.657416836761206,1455.5981888938782,3.449152293993393,14.822419939412047,0.0334999928963973,1.75,0.0,1.75,0.0191428530836556,52.238817047277664
0.05,1.0,17,0.016637276700145674,0.020048131427457764,5.654870737667074,1490.8659050831864,3.478461535007227,14.902991193800538,0.032788252138771574,1.75,0.0,1.75,0.018736144079298044,53.37277487660446
0.05,1.0,18,0.020200474405080725,0.02001369274554543,5.657125811830201,1488.7977657051038,3.776851717324462,16.073382031154928,0.03312670094945043,1.75,0.0,1.75,0.01892954339968596,52.82747601913049
0.05,1.0,19,0.012470534560109497,0.01999265553958841,5.658371662485039,1478.9593947228348,3.448489051719662,14.499452186570997,0.031087478202022702,1.75,0.0,1.75,0.01776427325829869,56.29276162664544
0.05,1.0,20,0.02515579875360997,0.019972284527017267,5.659778588182441,1478.455312357501,3.5222828557889443,15.052613762108207,0.03061318661554878,1.75,0.0,1.75,0.0174932494945993,57.164908115483655
0.05,1.0,21,0.016475095785440614,0.019981901768720566,5.659476414057515,1490.9509578544062,3.4856932747352403,14.64753124307037,0.03230364455197013,1.75,0.0,1.75,0.018459225458268644,54.17345393287122
0.05,1.0,22,0.018452696059895635,0.019999263495782724,5.658095577317066,1471.006806322317,3.481704370904481,15.028851650062128,0.030498892642160113,1.75,0.0,1.75,0.01742793865266292,57.37913243384087
0.05,1.0,23,0.021838649155722326,0.020010781530602803,5.657246313436949,1459.4713696060037,3.47423896973487,14.742975590539405,0.034334563015446955,1.75,0.0,1.75,0.019619750294541115,50.969048279795594
0.05,1.0,24,0.02039101878723079,0.020016863181938654,5.657076677423786,1485.463341988697,3.4455085540539585,14.793239459578635,0.031202491501730833,1.75,0.0,1.75,0.01782999514384619,56.08526485466476
0.05,1.0,25,0.014636735932049142,0.0199837655956484,5.658976322115625,1475.2024874867284,3.4605127712420654,14.540377132062144,0.031498680401103575,1.75,0.0,1.75,0.017999245943487757,55.55788298797075
0.05,1.0,26,0.021000381825124093,0.02002892765343986,5.655896044659912,1485.9515082092403,3.5848983303585555,15.56666733911292,0.03004943971024564,1.75,0.0,1.75,0.017171108405854653,58.237358728632834
0.05,1.0,27,0.02875807178254993,0.02004965798013402,5.656059297100713,1460.7435050307854,3.5392444506287575,15.14834736581669,0.03267940946824442,1.75,0.0,1.75,0.01867394826756824,53.550539268481224
0.05,1.0,28,0.021344717182497332,0.020016572427879416,5.656396959637654,1482.7623875590791,3.498711300024297,14.77852491380569,0.033150450401901475,1.75,0.0,1.75,0.018943114515372273,52.78962966667933
0.05,1.0,29,0.012781954887218045,0.02004548626903588,5.65472820221743,1462.3103759398496,3.513087591563817,14.819557727808233,0.03218574945781472,1.75,0.0,1.75,0.018391856833036985,54.371889096250285
0.075,0.0001,0,0.8135153687743116,0.7686784053797356,0.5429084691910665,2225.2565021737473,0.20139445218956098,1.7994872621094569,0.03414645251521992,0.00017500000000000003,0.0,0.00017500000000000003,195.12258580125666,0.0051249833323680745
0.075,0.0001,1,0.818916241140157,0.7744281575608947,0.5303513814390575,2223.023550034296,0.22958807676332071,1.910717647597913,0.03331300783453977,0.00017500000000000003,0.0,0.00017500000000000003,190.36004476879864,0.00525320321927087
0.075,0.0001,2,0.8192955589586524,0.7731583872849429,0.5348899242844456,2233.6566615620213,0.2792087747948244,2.1267465248981225,0.033091738973856935,0.00017500000000000003,0.0,0.00017500000000000003,189.09565127918245,0.005288328913093783
0.075,0.0001,3,0.8288757759215265,0.7849694452900905,0.5051972757497833,2235.2608629013716,0.22623462855699472,1.900062862100719,0.038035032074270704,0.00017500000000000003,0.0,0.00017500000000000003,217.343040424404,0.004601021491405053
0.075,0.0001,4,0.8333714634332342,0.7907294070127172,0.4931870830733389,2224.464577137192,0.3022883915982675,2.2014899285334613,0.03465989182666016,0.00017500000000000003,0.0,0.00017500000000000003,198.05652472377233,0.00504906365187762
0.075,0.0001,5,0.8220121028744327,0.7720174489038564,0.5426191800874637,2206.3320726172465,0.2366934063611552,1.9581494810599598,0.032175700556927256,0.00017500000000000003,0.0,0.00017500000000000003,183.8611460395843,0.005438887016317768
0.075,0.0001,6,0.8288810868569684,0.7869339508689613,0.4986077140715682,2226.1868417035566,0.26967227808199823,2.07743160389564,0.031091640562798332,0.00017500000000000003,0.0,0.00017500000000000003,177.66651750170473,0.0056285225492214925
0.075,0.0001,7,0.834499192866477,0.7907028200928422,0.4953867809436723,2242.344069490353,0.27723951535881497,2.106116408830302,0.03648443762181516,0.00017500000000000003,0.0,0.00017500000000000003,208.48250069608662,0.00479656564297327
0.075,0.0001,8,0.8353490508266993,0.7902193387911142,0.49249479669303425,2232.6971830985917,0.23505335181835108,1.9275448281092213,0.033197131290433175,0.00017500000000000003,0.0,0.00017500000000000003,189.69789308818955,0.005271539834842052
0.075,0.0001,9,0.7904038504925923,0.7428785420705909,0.6128462956953548,2193.5723847484396,0.3106639772304334,2.2489936013891247,0.03414435381002412,0.00017500000000000003,0.0,0.00017500000000000003,195.1105932001378,0.005125298342844122
0.075,0.0001,10,0.8292097765781976,0.7876630786683568,0.5016933627263951,2188.3178887389413,0.27107434897334315,2.076041675684508,0.03192365848631226,0.00017500000000000003,0.0,0.00017500000000000003,182.42090563607005,0.005481827844857877
0.075,0.0001,11,0.8391799544419134,0.797686777111201,0.4692570949344727,2215.642293090357,0.21749648425611667,1.8558852969623554,0.03201955520541614,0.00017500000000000003,0.0,0.00017500000000000003,182.96888688809221,0.0054654100869708086
0.075,0.0001,12,0.8205243445692884,0.7764236745976759,0.5311473448517502,2184.8043445692883,0.3375204240437597,2.3389806481740583,0.03236509348526013,0.00017500000000000003,0.0,0.00017500000000000003,184.94339134434355,0.005407059926451298
0.075,0.0001,13,0.8223847952334263,0.7765793388216073,0.5295360821426498,2200.234859340825,0.38225326850079,2.5272562767097986,0.030123347284664374,0.00017500000000000003,0.0,0.00017500000000000003,172.13341305522496,0.005809447348140209
0.075,0.0001,14,0.8139517345399698,0.7693426838838252,0.5485495851152414,2199.884464555053,0.2303967586485669,1.921352365892771,0.03126060201533121,0.00017500000000000003,0.0,0.00017500000000000003,178.6320115161783,0.005598100763196255
0.075,0.0001,15,0.8020220310849555,0.7523483817573738,0.5771430263177956,2201.14456013279,0.2410665009811055,1.9554049580350492,0.03345101750372656,0.00017500000000000003,0.0,0.00017500000000000003,191.14867144986604,0.005231529952130886
0.075,0.0001,16,0.8227733252684107,0.7693520045336399,0.5482060870790563,2204.7472402842886,0.31189601885853335,2.2197931836593368,0.03149455675276475,0.00017500000000000003,0.0,0.00017500000000000003,179.96889573008428,0.005556515729805838
0.075,0.0001,17,0.8409246445137252,0.7990202668540834,0.4779932995672055,2218.335944034674,0.2406077190535143,1.9514110728282343,0.03330309810766915,0.00017500000000000003,0.0,0.00017500000000000003,190.3034177581094,0.0052547663714115666
0.075,0.0001,18,0.8104026845637584,0.7620512597467347,0.5583725461668062,2225.3293929225138,0.30004755401751027,2.1779575419270425,0.033173738558413046,0.00017500000000000003,0.0,0.00017500000000000003,189.5642203337888,0.005275257104105291
0.075,0.0001,19,0.814625200580729,0.7722292622016491,0.5344101177184869,2229.2683579124323,0.19917334875208326,1.7964893977775054,0.03149131513451105,0.00017500000000000003,0.0,0.00017500000000000003,179.95037219720595,0.005557087700291663
0.075,0.0001,20,0.8080877313228239,0.7654344643581698,0.5454275416743627,2221.8201203259464,0.251607339392649,1.9954572292692547,0.03351804293390537,0.00017500000000000003,0.0,0.00017500000000000003,191.53167390803065,0.005221068555377312
0.075,0.0001,21,0.8249296524450529,0.7780115274798478,0.5273087918984048,2218.391436611149,0.2436919954197947,1.9623811425320983,0.03523599926130656,0.00017500000000000003,0.0,0.00017500000000000003,201.348567207466,0.004966511626425519
0.075,0.0001,22,0.8166502238749336,0.7760997059099966,0.5236574014580357,2214.4047203460577,0.2478400015970692,1.9796033599957523,0.03341225059888842,0.00017500000000000003,0.0,0.00017500000000000003,190.92714627936238,0.005237599888162638
0.075,0.0001,23,0.8151644336175395,0.7663788366949018,0.5540056032491684,2220.843331303289,0.2293766605143901,1.9127097552190162,0.03212865095487104,0.00017500000000000003,0.0,0.00017500000000000003,183.59229117069162,0.005446851791125958
0.075,0.0001,24,0.8111845604437353,0.7730817545192809,0.530231123953301,2216.693564318821,0.1942480196885299,1.784322627128447,0.03148064791154625,0.00017500000000000003,0.0,0.00017500000000000003,179.88941663740712,0.005558970720415661
0.075,0.0001,25,0.8032282282282283,0.7607356726725343,0.5699171889325236,2190.078003003003,0.22115818699239753,1.8859124387418806,0.03418907435043646,0.00017500000000000003,0.0,0.00017500000000000003,195.36613914535116,0.00511859426804768
0.075,0.0001,26,0.8091878211519288,0.7635106260284098,0.5566560796736183,2237.6330240049083,0.20562522520776838,1.8161758008050022,0.031615031300387765,0.00017500000000000003,0.0,0.00017500000000000003,180.65732171650149,0.0055353416650849125
0.075,0.0001,27,0.8143495684340321,0.7680582334522941,0.5527240126802148,2248.478190505549,0.35579051403328776,2.41281648581929,0.0344682492321485,0.00017500000000000003,0.0,0.00017500000000000003,196.9614241837057,0.005077136318161982
0.075,0.0001,28,0.8306947433138642,0.7920848632727627,0.48839612655827846,2242.130494927759,0.2878907105186954,2.1390069406724184,0.032089396705803755,0.00017500000000000003,0.0,0.00017500000000000003,183.36798117602143,0.005453514804419778
0.075,0.0001,29,0.8259720649301623,0.7760556665026982,0.5316483631101779,2202.943374858437,0.2200257443182636,1.8795235938687558,0.03321347332862071,0.00017500000000000003,0.0,0.00017500000000000003,189.79127616354688,0.00526894607704877
0.075,0.001,0,0.3621580547112462,0.2859395190728769,2.348828585075512,2216.443465045593,0.22628355093183927,1.8946116539376487,0.031110973846993944,0.00175,0.0,0.00175,17.777699341139396,0.056250248179521116
0.075,0.001,1,0.30311550151975686,0.24096604277750902,2.583679806247718,2216.262310030395,0.22090322824078612,1.894374434352454,0.03192265303453539,0.00175,0.0,0.00175,18.241516019734508,0.054820005032375274
0.075,0.001,2,0.3298568818514007,0.2627383400076155,2.4679891346558267,2221.2712393422657,0.2993331068137195,2.171529709842268,0.035995573499819536,0.00175,0.0,0.00175,20.56889914275402,0.04861708898758826
0.075,0.001,3,0.32584184062166693,0.2513426300296621,2.5128910472293415,2222.7269541368278,0.2937736051972024,2.165551813109281,0.03122146189135838,0.00175,0.0,0.00175,17.840835366490502,0.05605118703568372
0.075,0.001,4,0.3495605655330531,0.27838493267888964,2.411614790251634,2229.493312953764,0.3235103467886802,2.2920785505573895,0.03047282505662667,0.00175,0.0,0.00175,17.413042889500954,0.05742821667331569
0.075,0.001,5,0.31880335423434314,0.2500237566347834,2.511016931232615,2203.3255269320844,0.25472855134285055,1.9960687959753647,0.034563242866106306,0.00175,0.0,0.00175,19.750424494917887,0.050631823141690784
0.075,0.001,6,0.3894744711071242,0.3280766205235453,2.1137047908292486,2180.6633774388874,0.2353166637767572,1.9352936879698504,0.03337543517465258,0.00175,0.0,0.00175,19.071677242658616,0.05243377324796834
0.075,0.001,7,0.3045704389729689,0.2420620687860322,2.571262388480892,2196.629922445599,0.23319872590946034,1.9256798452797765,0.029104792281446,0.00175,0.0,0.00175,16.631309875112,0.06012755504582683
0.075,0.001,8,0.3201635928698202,0.23234073819483028,2.6099981997200525,2251.3217069218304,0.20023458695504814,1.80012932141419,0.032855280845015794,0.00175,0.0,0.00175,18.77444619715188,0.0532638880262525
0.075,0.001,9,0.3210981572019556,0.2541568497561441,2.515421550780993,2194.9962391876647,0.2152707816567272,1.8533559110004483,0.031696558506796126,0.00175,0.0,0.00175,18.112319146740642,0.05521104127518383
0.075,0.001,10,0.35616959732054504,0.27880342069509034,2.375797098668198,2220.4918931262846,0.2148805930337403,1.8504453357928417,0.033027781048781055,0.00175,0.0,0.00175,18.873017742160602,0.0529856970232212
0.075,0.001,11,0.32051951929536465,0.2546939628557407,2.5347427678534213,2178.0912890945733,0.1904412304284051,1.750703814657539,0.03209361327694926,0.00175,0.0,0.00175,18.33920758682815,0.05452798302573523
0.075,0.001,12,0.5147275977306287,0.436751583075575,1.6558556547018723,2267.472759773063,0.293743889516918,2.1914643936675766,0.03154804504726543,0.00175,0.0,0.00175,18.027454312723105,0.05547094906762501
0.075,0.001,13,0.3098708556755532,0.23780439102530024,2.5896349089242228,2204.063816932256,0.2371994469431229,1.9310622399053692,0.031084857371879385,0.00175,0.0,0.00175,17.762775641073933,0.05629750778857105
0.075,0.001,14,0.30970724191063176,0.24587845166889963,2.5478456454926333,2247.5956086286596,0.21279703025356866,1.8459865024927051,0.031228186172158053,0.00175,0.0,0.00175,17.844677812661743,0.056039117685299254
0.075,0.001,15,0.3620507399577167,0.2989650374541258,2.316558829521048,2203.5031712473574,0.2336903208924923,1.9297623285922054,0.030876009810867328,0.00175,0.0,0.00175,17.643434177638472,0.05667830819849197
0.075,0.001,16,0.2745970836531082,0.21543506205524957,2.6922588514714723,2238.7283192632385,0.3248242396512069,2.301418529011584,0.031710591511507305,0.00175,0.0,0.00175,18.1203380065756,0.05518660852999071
0.075,0.001,17,0.32993428506684797,0.2624960086411914,2.4751204024482045,2203.5530629201603,0.20738818432437256,1.8217077486401694,0.033622480112757716,0.00175,0.0,0.00175,19.212845778718695,0.05204851022682232
0.075,0.001,18,0.3170842479751722,0.2513090505601289,2.538866614110459,2208.5090454923925,0.2541612616623752,2.0081906819530095,0.033595024267201234,0.00175,0.0,0.00175,19.19715672411499,0.052091047355144256
0.075,0.001,19,0.3188559322033898,0.2550705916158566,2.517670720235371,2207.0845944309926,0.24042878521140665,1.9458354783131515,0.03319626170364526,0.00175,0.0,0.00175,18.969292402083003,0.05271677924529176
0.075,0.001,20,0.30186382655001903,0.2374805630875908,2.5669510201328727,2219.236667934576,0.22974748120759614,1.9025375291510374,0.03456768108282681,0.00175,0.0,0.00175,19.752960618758177,0.05062532241624383
0.075,0.001,21,0.31885837041583553,0.25084348298015324,2.4916032933630547,2237.723032069971,0.21460214597755112,1.8445561758205953,0.03182335814210506,0.00175,0.0,0.00175,18.18477608120289,0.05499105380976744
0.075,0.001,22,0.322654288105928,0.262185062589032,2.447914327002776,2219.9780838596757,0.18686105747474357,1.7453380497440167,0.03195175787424664,0.00175,0.0,0.00175,18.258147356712364,0.05477006951816299
0.075,0.001,23,0.32682740145426714,0.2583619108997669,2.458419869650694,2232.3527745885954,0.28209408302791417,2.130285912817228,0.03234169593619811,0.00175,0.0,0.00175,18.48096910639892,0.05410971655451533
0.075,0.001,24,0.34097638751803205,0.27297835378119123,2.420733842096426,2214.78285627515,0.29832423184416257,2.1840657886413406,0.03372677726359496,0.00175,0.0,0.00175,19.272444150625688,0.05188755469645683
0.075,0.001,25,0.3302968192514993,0.2606998448169686,2.473484290480324,2215.170044788583,0.2640209053934086,2.0559136845710304,0.03106727657576378,0.00175,0.0,0.00175,17.752729471865017,0.05632936622984233
0.075,0.001,26,0.33045933160384555,0.2625766818031059,2.484492098041795,2225.478025331909,0.3206253788957838,2.289891516979881,0.03468044163416467,0.00175,0.0,0.00175,19.81739521952267,0.05046071842049515
0.075,0.001,27,0.34777284555334453,0.2795039577316116,2.4126221643838877,2232.915505893158,0.2449419133772608,1.9699472138315803,0.03282931895515579,0.00175,0.0,0.00175,18.759610831517595,0.05330600986241798
0.075,0.001,28,0.3377458106970694,0.2673631968530791,2.4258966475512778,2231.8752773739384,0.30317714833654463,2.176603092730467,0.03332845047293225,0.00175,0.0,0.00175,19.04482884167557,0.05250769163184664
0.075,0.001,29,0.35001126887536627,0.29374168829281366,2.3767981741177167,2191.9438058748406,0.3026562340965029,2.20698381158849,0.03465181967065745,0.00175,0.0,0.00175,19.801039811804255,0.05050239833384188
0.075,1.0,0,0.008783886112373164,0.013335485553326762,6.238041313863178,2209.438891412994,3.463160144718131,14.590693567714668,0.03399966670014468,1.75,0.0,1.75,0.01942838097151125,51.47109280317012
0.075,1.0,1,0.010151896801770857,0.013333464862911763,6.237991227782857,2227.0738874895046,3.481061969680013,14.813464398161637,0.03168320037341098,1.75,0.0,1.75,0.018104685927663417,55.23431911470113
0.075,1.0,2,0.015058179329226557,0.01332663985416512,6.238985385640842,2219.6071944634573,3.533040297596017,15.051800136432833,0.03349060409502882,1.75,0.0,1.75,0.019137488054302182,52.25346174808956
0.075,1.0,3,0.012069870305120323,0.01332366862679177,6.239308786065623,2187.094759727116,3.461475555668585,14.711479227207152,0.03173106984797765,1.75,0.0,1.75,0.018132039913130085,55.15099265118332
0.075,1.0,4,0.009093711467324291,0.013336825292339404,6.237901145708863,2247.9519112207154,3.558761854743352,14.980422663384664,0.03369454568466902,1.75,0.0,1.75,0.019254026105525155,51.937189371164244
0.075,1.0,5,0.009738516984893796,0.013315377073941356,6.2401075704866,2236.639674871559,3.495638721244177,14.896057946400926,0.03346157997772824,1.75,0.0,1.75,0.019120902844416136,52.29878568689184
0.075,1.0,6,0.019735349716446124,0.013322281625115995,6.238920208030243,2206.6306238185257,3.500421811331762,14.688763231754063,0.03255297264384335,1.75,0.0,1.75,0.018601698653624772,53.75853133741297
0.075,1.0,7,0.06703229737964655,0.013358773985882337,6.237575521142844,2222.330971968312,3.494223183777649,14.785053021205538,0.03338461212653966,1.75,0.0,1.75,0.01907692121516552,52.41935995442667
0.075,1.0,8,0.01282820705176294,0.013349608776392347,6.237147490771048,2188.070592648162,3.527941038599238,15.20995415504116,0.03228190749367748,1.75,0.0,1.75,0.018446804282101416,54.20993168829145
0.075,1.0,9,0.0076289749981116395,0.013331959990404022,6.2379928235004725,2204.2105899237104,3.4341405179875437,14.887578714629656,0.031704617774423204,1.75,0.0,1.75,0.018116924442527545,55.19700670896473
0.075,1.0,10,0.018937959245511702,0.013358925000292876,6.235373679235199,2209.5156427543366,3.4357364411698654,14.32073105901155,0.03142353295883877,1.75,0.0,1.75,0.017956304547907868,55.690746240796656
0.075,1.0,11,0.01822079314040729,0.013353459049007732,6.237502776439852,2233.7097687949777,3.6075281909725163,15.564437239239695,0.03481862709027362,1.75,0.0,1.75,0.019896358337299212,50.260453850256845
0.075,1.0,12,0.011568998109640832,0.013327198554503065,6.238649324221325,2206.283629489603,3.459570597158745,14.712264715867217,0.03172227279458438,1.75,0.0,1.75,0.018127013025476788,55.16628683360795
0.075,1.0,13,0.012022360058197411,0.013333074161199419,6.23809592071859,2233.622635730148,3.601513110101223,15.436492257233004,0.03262147602451335,1.75,0.0,1.75,0.018640843442579057,53.64564125439834
0.075,1.0,14,0.012958637836208846,0.013339900117455578,6.2376923681443435,2197.974233406163,3.53612442521262,14.98672583072729,0.03149370522409739,1.75,0.0,1.75,0.017996402985198508,55.566659672072774
0.075,1.0,15,0.007893139040680024,0.013313366195525618,6.239753083060825,2213.825288403157,3.452742999099428,14.510613843529569,0.032852881779072196,1.75,0.0,1.75,0.01877307530232697,53.267777596143105
0.075,1.0,16,0.016185145968839812,0.013346529866366775,6.23740753207352,2206.4345031008925,3.4360590077994857,14.662887572377967,0.03249372031440319,1.75,0.0,1.75,0.018567840179658963,53.85656006967888
0.075,1.0,17,0.010637495284798189,0.013357064514309284,6.235469423862952,2200.5074311580534,3.424763996474212,14.714227746857322,0.03248996750193138,1.75,0.0,1.75,0.01856569571538936,53.86278086907814
0.075,1.0,18,0.010935510448655532,0.013317261533433659,6.239748919596308,2185.0644895513446,3.4808289556531236,14.819583100909027,0.029603342621913126,1.75,0.0,1.75,0.016916195783950358,59.11494598264071
0.075,1.0,19,0.022457269870468307,0.013316193013487626,6.240035666568185,2236.304207863877,3.4560383860371076,14.74455797841994,0.03413807744078888,1.75,0.0,1.75,0.01950747282330793,51.26240641510362
0.075,1.0,20,0.010673732021196064,0.013322064557425134,6.239450367711821,2209.0303557910674,3.4708738662011456,14.831470125661712,0.034744698500093915,1.75,0.0,1.75,0.019854113428625093,50.36739633804189
0.075,1.0,21,0.08796296296296297,0.01335254027091529,6.2362416364399165,2250.2719135802467,3.48474367390736,14.752571439354302,0.03145233601115221,1.75,0.0,1.75,0.017972763434944118,55.639746420726716
0.075,1.0,22,0.0070241691842900305,0.013341343040834232,6.237099535738787,2203.094561933535,3.508679571765242,14.821979900281372,0.033162704313383154,1.75,0.0,1.75,0.018950116750504658,52.77012343332233
0.075,1.0,23,0.010601503759398495,0.013342988446781624,6.236650308184538,2194.5613533834585,3.453890987118939,14.639214457434964,0.03369395090653586,1.75,0.0,1.75,0.019253686232306205,51.938106185717146
0.075,1.0,24,0.010662431941923775,0.013331442673481174,6.238280899339255,2205.853297035693,3.5039684793155175,15.199813387765415,0.035322613623211326,1.75,0.0,1.75,0.020184350641835044,49.543332740531795
0.075,1.0,25,0.008118977160634342,0.013329668272044959,6.237863902895699,2213.6614310645723,3.432916365622077,14.459649302096008,0.03167450231182085,1.75,0.0,1.75,0.01809971560675477,55.249486882921104
0.075,1.0,26,0.011928876884987621,0.013328879048033229,6.238948947812137,2188.553980043514,3.5207605847972445,14.926151495376097,0.03170349588911251,1.75,0.0,1.75,0.01811628336520715,55.1989599544755
0.075,1.0,27,0.006771150334753499,0.013345842372839761,6.236673149462849,2218.678864881315,3.4892853547644336,14.751150758085737,0.030884247400271823,1.75,0.0,1.75,0.017648141371583898,56.66319069781178
0.075,1.0,28,0.01110260336906585,0.013311276189056729,6.240356283599416,2233.7229709035223,3.467172719538212,14.816028450970434,0.031657354256249784,1.75,0.0,1.75,0.018089916717857018,55.27941425030854
0.075,1.0,29,0.009226077011056042,0.013352577308516717,6.2364938498919456,2224.787495234464,3.5368909474054817,15.080719491474289,0.031449987596361965,1.75,0.0,1.75,0.017971421483635407,55.64390111881743
0.1,0.0001,0,0.771847200418629,0.7176062770570457,0.6786966074060756,2907.1145249308515,0.33389517120667733,2.3261593034950714,0.03200451743725444,0.00017500000000000003,0.0,0.00017500000000000003,182.88295678431103,0.005467978086002746
0.1,0.0001,1,0.7706850363566782,0.7203945466824937,0.6777620651460837,2975.9210868733257,0.2626609228318557,2.0403410169751703,0.032280595995884225,0.00017500000000000003,0.0,0.00017500000000000003,184.46054854790984,0.005421213413231668
0.1,0.0001,2,0.7662535168428256,0.7243175101410074,0.6595034646880948,2956.8678427496006,0.18730301276082173,1.7588067532057112,0.03146142170872392,0.00017500000000000003,0.0,0.00017500000000000003,179.77955262127952,0.005562367830042288
0.1,0.0001,3,0.7613454351308062,0.6983077831727222,0.7302790133009124,2966.53024178171,0.23015017114812508,1.9183382466384913,0.03307847724574273,0.00017500000000000003,0.0,0.00017500000000000003,189.0198699756727,0.005290449094736455
0.1,0.0001,4,0.7982603387761331,0.7444987502071827,0.6094116016344406,2967.3757057836106,0.22605688517796807,1.903211887893756,0.0325979609250896,0.00017500000000000003,0.0,0.00017500000000000003,186.2740624290834,0.005368433945980596
0.1,0.0001,5,0.7613949219944938,0.7171709765270234,0.6742320899348331,2974.951055368614,0.2052846915612463,1.8414359221598118,0.03160097928669481,0.00017500000000000003,0.0,0.00017500000000000003,180.5770244953989,0.005537803066555015
0.1,0.0001,6,0.7661741061174488,0.7167547026463202,0.6814176462085375,2977.8874511905674,0.2896255999512505,2.1345482728508416,0.03235623465784732,0.00017500000000000003,0.0,0.00017500000000000003,184.89276947341324,0.005408540327715711
0.1,0.0001,7,0.78017604286261,0.727794653304403,0.6500622721602106,2976.657481821661,0.22144772674073465,1.8960119329351408,0.034282415816621045,0.00017500000000000003,0.0,0.00017500000000000003,195.89951895212022,0.0051046577620459084
0.1,0.0001,8,0.7935983169283943,0.7545171516556191,0.574386407867837,2922.738673078368,0.2503461071755737,1.9876221585215936,0.031363048136133276,0.00017500000000000003,0.0,0.00017500000000000003,179.21741792076156,0.00557981479479933
0.1,0.0001,9,0.7571612123044366,0.7009952599171676,0.7320552446682248,2939.6942785881643,0.2619551839889027,2.038803747198444,0.030354140271800625,0.00017500000000000003,0.0,0.00017500000000000003,173.45223012457498,0.005765276118282197
0.1,0.0001,10,0.7563157894736842,0.7058590135233747,0.701303873226376,2924.0125563909774,0.2473790762887802,1.9839839165854325,0.03345877639373832,0.00017500000000000003,0.0,0.00017500000000000003,191.19300796421896,0.0052303167916430615
0.1,0.0001,11,0.7945913096323306,0.7400202219422862,0.6288603772759315,2954.285095715588,0.25731157764676027,2.0182300689712545,0.03168066847913963,0.00017500000000000003,0.0,0.00017500000000000003,181.0323913093693,0.005523873339832777
0.1,0.0001,12,0.7509668613027982,0.7009013829711029,0.7206838522790451,2949.243497383787,0.2282439005211927,1.9147408426036538,0.03292424904614064,0.00017500000000000003,0.0,0.00017500000000000003,188.1385659779465,0.005315231328579487
0.1,0.0001,13,0.769435772481535,0.7203286229818167,0.6744351712283317,2961.6909312419098,0.35345599430729635,2.3996967820412025,0.03238341475366874,0.00017500000000000003,0.0,0.00017500000000000003,185.04808430667848,0.005404000823605984
0.1,0.0001,14,0.7816225421891934,0.7279389259885491,0.655760789386819,3010.860272488001,0.22402574188890867,1.9115575636569369,0.03381314920115708,0.00017500000000000003,0.0,0.00017500000000000003,193.21799543518327,0.005175501369568131
0.1,0.0001,15,0.7829631291601227,0.7371612953889326,0.6337980638347446,2908.659486949368,0.2747927404125221,2.1011119900911277,0.03232322046855909,0.00017500000000000003,0.0,0.00017500000000000003,184.70411696319476,0.005414064485629554
0.1,0.0001,16,0.7869898928490007,0.7335290519420047,0.6331318543139749,2955.553841477316,0.23245737023535185,1.9319182547016465,0.033140791427766506,0.00017500000000000003,0.0,0.00017500000000000003,189.37595101580857,0.005280501534835977
0.1,0.0001,17,0.7723113844307785,0.7204181795912435,0.6710968753693975,2916.8520323983803,0.2876207673107274,2.1339416666531283,0.031833040128244415,0.00017500000000000003,0.0,0.00017500000000000003,181.90308644711092,0.005497432833778519
0.1,0.0001,18,0.7719245054195407,0.7218345813284668,0.6683908127627131,2948.401728189191,0.2678931710834149,2.0822462473874497,0.03173709808805653,0.00017500000000000003,0.0,0.00017500000000000003,181.35484621746588,0.005514051710539248
0.1,0.0001,19,0.7806393651268998,0.7319756531790931,0.6364475655801534,2911.960245564124,0.2867230926640332,2.145868106881296,0.034145063281452157,0.00017500000000000003,0.0,0.00017500000000000003,195.11464732258372,0.005125191848599129
0.1,0.0001,20,0.7719627571707464,0.7187946149682563,0.677048445168494,2920.558942784202,0.20716570256627165,1.8137889351361194,0.03435055828768941,0.00017500000000000003,0.0,0.00017500000000000003,196.28890450108233,0.00509453146392432
0.1,0.0001,21,0.7653255973738453,0.7230853049494795,0.653119285043656,2968.5101152759753,0.3015939432079904,2.2059243250766696,0.03432153393262384,0.00017500000000000003,0.0,0.00017500000000000003,196.12305104356477,0.0050988397063936675
0.1,0.0001,22,0.7847958493119783,0.7326177643097487,0.644253722508207,2924.9331528686366,0.23549155754153617,1.9392780042489672,0.03363783543521277,0.00017500000000000003,0.0,0.00017500000000000003,192.21620248693011,0.005202475062257021
0.1,0.0001,23,0.7759061513009475,0.7218500904963215,0.6669372878345756,2923.9862385321103,0.5059220550756436,3.0206932865903644,0.03256801735126814,0.00017500000000000003,0.0,0.00017500000000000003,186.10295629296076,0.005373369772943389
0.1,0.0001,24,0.786480846623938,0.7322512118513059,0.6520255018489759,2898.809211506931,0.28542235371423885,2.1424227659658874,0.03462065642973198,0.00017500000000000003,0.0,0.00017500000000000003,197.8323224556113,0.005054785727566715
0.1,0.0001,25,0.7813749615502922,0.7262208083762695,0.6666348455306561,2990.5359120270687,0.2599634958023671,2.00924329536762,0.03251943951562766,0.00017500000000000003,0.0,0.00017500000000000003,185.82536866072948,0.005381396561767351
0.1,0.0001,26,0.7950377562028047,0.7478126442064044,0.6076621437033491,2996.670981661273,0.2681929072132334,2.0765250375408923,0.03133953530519622,0.00017500000000000003,0.0,0.00017500000000000003,179.0830588868355,0.0055840011121985065
0.1,0.0001,27,0.7717358604091457,0.7155929622238643,0.6893825740526403,2924.3418321299637,0.33952238780329935,2.3452767388191162,0.03380431455313272,0.00017500000000000003,0.0,0.00017500000000000003,193.16751173218697,0.005176853970073544
0.1,0.0001,28,0.7983315475279351,0.7429758668261455,0.6269251643002071,2976.172049594367,0.19879630379728042,1.7902540376421439,0.030347933902332237,0.00017500000000000003,0.0,0.00017500000000000003,173.4167651561842,0.00576645515846966
0.1,0.0001,29,0.783410138248848,0.7347881616082841,0.6432667550378997,2938.183500793231,0.22652935126097873,1.8976191036936876,0.03157228492970391,0.00017500000000000003,0.0,0.00017500000000000003,180.41305674116518,0.005542836078846993
0.1,0.001,0,0.2990711131414649,0.23973533785500933,2.6875134066684834,2961.0665448454392,0.3069004698190838,2.2205610790412145,0.033216320850808355,0.00175,0.0,0.00175,18.98075477189049,0.052684943882260575
0.1,0.001,1,0.2714976575487381,0.21386845398512982,2.784762079986473,2939.083345927157,0.22154518403112888,1.8756160413015457,0.03436279243832462,0.00175,0.0,0.00175,19.635881393328354,0.05092717662980833
0.1,0.001,2,0.25059029629065427,0.19691003537739044,2.945378014468725,2961.93350597913,0.24322457538801245,1.9657516168342086,0.03181073323302959,0.00175,0.0,0.00175,18.177561847445478,0.05501287842629629
0.1,0.001,3,0.2633622658748287,0.2076769056208521,2.8407894008133243,2960.686614892645,0.4018396676692646,2.6079176989025905,0.03359444450247407,0.00175,0.0,0.00175,19.196825429985182,0.052091946329730826
0.1,0.001,4,0.2731915542343166,0.21460653366179205,2.8012108571381154,2963.3773153441575,0.19022547808708623,1.7633019944640975,0.030327471863652082,0.00175,0.0,0.00175,17.329983922086903,0.05770345803526738
0.1,0.001,5,0.2974640680261871,0.23050295765397988,2.7485907542957095,2926.592821130258,0.28088380297413096,2.114005640262493,0.03582066651252076,0.00175,0.0,0.00175,20.468952292869005,0.04885447900273728
0.1,0.001,6,0.29550934297769743,0.23670109827847943,2.6929597457729866,2929.9167420132612,0.20458879219950177,1.8143940625986539,0.03169541047603613,0.00175,0.0,0.00175,18.1116631291635,0.055213041059150134
0.1,0.001,7,0.27032350935676946,0.21406174456252064,2.844379288406831,2946.4563224486706,0.24579217989230528,1.9750328905755796,0.03090755381792982,0.00175,0.0,0.00175,17.661459324531325,0.05662046276159213
0.1,0.001,8,0.2713879748728687,0.20807577940653865,2.885177040189586,2907.97075979659,0.23050029718433507,1.9024374090974134,0.0309390070907155,0.00175,0.0,0.00175,17.679432623266,0.05656290115803873
0.1,0.001,9,0.26189387008234216,0.20656952092833195,2.8559747049600417,2965.2300243976824,0.2137974470097106,1.8445122130708147,0.029965195669927485,0.00175,0.0,0.00175,17.12296895424428,0.058401087023645486
0.1,0.001,10,0.3483222490931076,0.27317448058457544,2.448705780108918,2938.9009220072553,0.20371753786457703,1.8097881577757995,0.03529339912542503,0.00175,0.0,0.00175,20.167656643100017,0.049584342776984515
0.1,0.001,11,0.32351584127960625,0.25929195975637515,2.5779428127793587,2990.864195632113,0.24696286793914624,1.9787788268331552,0.030929403581116403,0.00175,0.0,0.00175,17.673944903495087,0.056580463810444855
0.1,0.001,12,0.30842667067578744,0.24857060697432187,2.6274297045648614,2923.032924904157,0.2641990253760014,2.035360670591216,0.03262059109080885,0.00175,0.0,0.00175,18.640337766176486,0.05364709655715216
0.1,0.001,13,0.27745362058647516,0.21384178494516468,2.780404048383243,2909.7005535607423,0.3012651633762289,2.1898160523739314,0.034626893132659105,0.00175,0.0,0.00175,19.786796075805203,0.050538753023425295
0.1,0.001,14,0.25319596931869454,0.19716319499876225,2.9032871063272645,2925.518123026019,0.20976970938500017,1.8370304025973425,0.03465853127000209,0.00175,0.0,0.00175,19.804875011429765,0.050492618581176665
0.1,0.001,15,0.2949085964647228,0.2280801811252633,2.756850770293739,2938.08732436924,0.25586038012988865,2.0152551314665317,0.03383742911040602,0.00175,0.0,0.00175,19.33567377737487,0.0517178770966918
0.1,0.001,16,0.2876712328767123,0.22456245243515727,2.725625585284433,2944.476197684099,0.26683020874042995,2.05700539571333,0.03487394315861174,0.00175,0.0,0.00175,19.927967519206707,0.0501807321311716
0.1,0.001,17,0.24477319042946638,0.18241798919682714,2.982974408312716,2935.2373764057666,0.21389085426926613,1.839487299202975,0.030092174202053904,0.00175,0.0,0.00175,17.195528115459375,0.05815465470356595
0.1,0.001,18,0.2862346334800425,0.22597683215495856,2.7143254013309677,2951.803460312642,0.21646657676319592,1.8586296745640865,0.03512553234391249,0.00175,0.0,0.00175,20.071732767949992,0.049821308980197924
0.1,0.001,19,0.31440748915442573,0.25384131995868886,2.5979985966983254,2959.7245604688333,0.2248070331697818,1.8891269813613603,0.029721607071207166,0.00175,0.0,0.00175,16.983775469261236,0.05887972328708006
0.1,0.001,20,0.27699169486311903,0.22301204597145283,2.8038586404700725,2991.0657490003077,0.30118603535811417,2.183864540943792,0.0316342344407062,0.00175,0.0,0.00175,18.076705394689256,0.05531981509715755
0.1,0.001,21,0.23670537897310515,0.17911694754005017,3.0052413698683016,2972.4363539119804,0.23587359048542567,1.94934216309494,0.032736238667850165,0.00175,0.0,0.00175,18.70642209591438,0.053457577022086304
0.1,0.001,22,0.2857469338005637,0.22462137642643457,2.778197419114177,2963.302277748153,0.2159219988679979,1.8685227565073146,0.035865226603884026,0.00175,0.0,0.00175,20.494415202219443,0.048793780653556044
0.1,0.001,23,0.27480682426746234,0.21355750680060634,2.774597566504862,2974.721979955627,0.2015225975192152,1.8038673327506118,0.03386234571207803,0.00175,0.0,0.00175,19.34991183547316,0.05167982203240603
0.1,0.001,24,0.24238530723301338,0.1843684641647282,2.9904298646023144,2939.550525281536,0.20062982308445498,1.8015519119812542,0.028324758347849383,0.00175,0.0,0.00175,16.185576198771077,0.06178340441633009
0.1,0.001,25,0.26345375505921154,0.2129649134736938,2.847856029990529,2914.5635586868534,0.2076382311352063,1.8250421941149653,0.037348756980676204,0.00175,0.0,0.00175,21.342146846100686,0.04685564236864506
0.1,0.001,26,0.278170603279675,0.21709374558544944,2.8452312231988275,2925.4961636828643,0.2077243919193279,1.8233800346044262,0.030935425956792845,0.00175,0.0,0.00175,17.677386261024484,0.05656944896909469
0.1,0.001,27,0.28197917458387173,0.21710974888278192,2.7667159971111883,2955.6845785513415,0.23290781819378026,1.9423140227229738,0.03305394499596329,0.00175,0.0,0.00175,18.88796856912188,0.052943756039217665
0.1,0.001,28,0.2810928469563912,0.2206273384568179,2.7597766139115008,2919.258650454102,0.23561926279217005,1.938736801457964,0.033652911069512265,0.00175,0.0,0.00175,19.23023489686415,0.052001444879025825
0.1,0.001,29,0.27529626253418416,0.22151309516464246,2.7219654909271553,2954.738225463385,0.25772518379380926,2.0224881896956743,0.033506585443234954,0.00175,0.0,0.00175,19.146620253277117,0.0522285388633454
0.1,1.0,0,0.013081285444234404,0.009996707926380861,6.651046644197313,2941.3786011342154,3.6616445043182466,15.589562070946645,0.031966625955738986,1.75,0.0,1.75,0.01826664340327942,54.74459526704668
0.1,1.0,1,0.011954022988505748,0.010023647985514627,6.6480967625288985,2979.788122605364,3.4994152188883163,14.800899225798616,0.03311853566322607,1.75,0.0,1.75,0.018924877521843467,52.840500491788134
0.1,1.0,2,0.011016373651248773,0.00997983722969421,6.653469973038348,2934.656530596846,3.4577366270823404,14.710273330813925,0.03311020432200754,1.75,0.0,1.75,0.01892011675543288,52.85379646047119
0.1,1.0,3,0.010851419031719533,0.009985525208013669,6.65278453609925,2951.810213993019,3.4562455500126816,14.673033361848992,0.03326298065662227,1.75,0.0,1.75,0.019007417518069867,52.611039824285726
0.1,1.0,4,0.005445620493940788,0.010005667135445697,6.6498806791375475,2983.043795060592,3.4683424628456123,14.889421737863128,0.0350222757079361,1.75,0.0,1.75,0.020012728975963484,49.9681978005629
0.1,1.0,5,0.008173149689723021,0.01001111287163997,6.649995227741123,2942.8349477826546,3.512174442235846,14.97955170906985,0.033231485289563815,1.75,0.0,1.75,0.018989420165465037,52.66090229646097
0.1,1.0,6,0.009735530854733615,0.010009637517850702,6.6497642931517476,2981.597700268302,3.5205124153289944,15.118193467714368,0.032903184273413676,1.75,0.0,1.75,0.018801819584807814,53.18634164578501
0.1,1.0,7,0.010142294883439297,0.010001082765204247,6.650485838240327,2942.6220102936722,3.5553617693076376,15.01528787979865,0.033042740007217276,1.75,0.0,1.75,0.018881565718409873,52.96170958031207
0.1,1.0,8,0.008290864836084278,0.009988910028274631,6.651811350408632,2958.346999315433,3.4633892677666154,14.60136044233427,0.03254381929285071,1.75,0.0,1.75,0.018596468167343262,53.77365158810488
0.1,1.0,9,0.011546298392574145,0.010007272451594136,6.650277702514695,2935.068296732322,3.4214906298730057,14.55417052988184,0.03463606674388286,1.75,0.0,1.75,0.019792038139361635,50.52536747143989
0.1,1.0,10,0.012595796342666363,0.010003970275457434,6.650296548038754,2951.744517793459,3.446073090104619,14.624636859565861,0.032989792945459756,1.75,0.0,1.75,0.01885131025454843,53.046710626319495
0.1,1.0,11,0.01052390757263784,0.01001472909433576,6.648701608571326,2964.6514146267064,3.5945402928919066,15.218451204307161,0.034514791454749574,1.75,0.0,1.75,0.019722737974142614,50.70289943064925
0.1,1.0,12,0.011475286882172054,0.010004589556842906,6.649953159260719,2917.9468236705916,3.6207145870430395,15.14753381345972,0.034700274764363194,1.75,0.0,1.75,0.019828728436778967,50.431877323266356
0.1,1.0,13,0.014534662506658549,0.010012121537915806,6.649544539767672,2959.3185450117953,3.720205337071093,15.691412740225656,0.03521925373736738,1.75,0.0,1.75,0.020125287849924216,49.68873029081994
0.1,1.0,14,0.011335970785149117,0.01000304942374926,6.650341554220712,2958.9792300669505,3.5057607449998613,14.786326176578733,0.032475452144221366,1.75,0.0,1.75,0.018557401225269353,53.8868555925985
0.1,1.0,15,0.009670296200411177,0.010000612979064386,6.650312088838334,2960.706693063276,3.4599474665883463,14.699627579653606,0.0336113756271619,1.75,0.0,1.75,0.019206500358378228,52.065705950630495
0.1,1.0,16,0.00916590284142988,0.010003862479018993,6.650291966895689,2971.80316223648,3.532677573035471,14.912006034302182,0.03566926628352456,1.75,0.0,1.75,0.02038243787629975,49.06184461686882
0.1,1.0,17,0.010681009014468602,0.010007377909320216,6.649720706578952,2946.4837512309673,3.5101808623294346,15.054361715736407,0.03246256060939639,1.75,0.0,1.75,0.018550034633940792,53.90825514526593
0.1,1.0,18,0.009739263803680981,0.0100120905698188,6.6489354099722915,2982.105981595092,3.4810971771075856,15.0116791929184,0.030492240629959286,1.75,0.0,1.75,0.017424137502833878,57.39164993603609
0.1,1.0,19,0.00964727163099186,0.010003953400020032,6.65014568132316,2931.361621947543,3.485271563840797,14.871291091259984,0.03390093834831047,1.75,0.0,1.75,0.019371964770463126,51.62099001567062
0.1,1.0,20,0.0936936936936937,0.010042056501231744,6.649670980269805,2919.7517267267267,3.4968600629654247,14.799364952104114,0.033272074588323895,1.75,0.0,1.75,0.0190126140504708,52.59666016179599
0.1,1.0,21,0.003225311012133313,0.009990501758546962,6.651646988605205,2987.458070956842,3.465347763733007,14.8845135636119,0.03349318103516416,1.75,0.0,1.75,0.019138960591522376,52.249441406078816
0.1,1.0,22,0.025156035926320597,0.009990367859053126,6.653276074281071,2960.4902572689907,3.5155924160208087,14.879980238245121,0.03234899715206837,1.75,0.0,1.75,0.018485141229753355,54.09750391251639
0.1,1.0,23,0.009583684735106955,0.009993862524021948,6.651853108084776,2982.076976155792,3.5112703865161166,15.047678745817478,0.031218424914373457,1.75,0.0,1.75,0.017839099951070546,56.05663978243413
0.1,1.0,24,0.007315233785822021,0.01000182361460786,6.650586157215097,2933.8187028657617,3.5020534228824545,14.993273530360428,0.0321371067040309,1.75,0.0,1.75,0.018364060973731944,54.454186436780276
0.1,1.0,25,0.007585044437634079,0.010016838950087424,6.648700746652928,2980.365307998774,3.477233332087053,14.602418961110763,0.030759678741132883,1.75,0.0,1.75,0.017576959280647363,56.892661809885574
0.1,1.0,26,0.020108157513900524,0.009994419758507345,6.652470214883465,2962.7970904105414,3.5422450346231926,14.961289716218108,0.031328630060234085,1.75,0.0,1.75,0.017902074320133764,55.85944858218688
0.1,1.0,27,0.006619996956323239,0.009994163385033823,6.651694448061779,2958.8592299497795,3.4564599455334246,14.824981386924733,0.03365464534593656,1.75,0.0,1.75,0.01923122591196375,51.99876516337421
0.1,1.0,28,0.009821223049182844,0.010016265362082541,6.648227123862843,2984.3416711424843,3.4763710821571294,14.984417208911632,0.033838027514559006,1.75,0.0,1.75,0.019336015722605147,51.71696249868739
0.1,1.0,29,0.00801587907473853,0.010024332711541321,6.647194410492086,2968.6911214596535,3.5747349507000763,15.178087512307355,0.030840499238965945,1.75,0.0,1.75,0.017623142422266255,56.743569111518575
0.125,0.0001,0,0.7101633937940339,0.6420730520381066,0.8750453641796803,3643.4591515514917,0.3921687857946381,2.556655349687543,0.03291431504431172,0.00017500000000000003,0.0,0.00017500000000000003,188.0818002532098,0.005316835539928505
0.125,0.0001,1,0.7498855835240275,0.6930598300924014,0.7479382039575706,3707.730434782609,0.32261087009101175,2.26045667106112,0.03542272637381752,0.00017500000000000003,0.0,0.00017500000000000003,202.41557927895724,0.004940331191710589
0.125,0.0001,2,0.7336195210122006,0.6697171993440536,0.8082768628056536,3661.1915198071997,0.17446053365711123,1.6929319650564336,0.030992520661905738,0.00017500000000000003,0.0,0.00017500000000000003,177.10011806803277,0.005646523621265184
0.125,0.0001,3,0.765831883180752,0.7095534539896312,0.7177418234553579,3678.596731482182,0.3429403541376814,2.3570761141861203,0.03108726401446932,0.00017500000000000003,0.0,0.00017500000000000003,177.6415086541104,0.005629314947708092
0.125,0.0001,4,0.7313522890112376,0.6800400908742927,0.771971263827702,3666.4901576287803,0.27531431752140634,2.0974069984079566,0.034444960488442165,0.00017500000000000003,0.0,0.00017500000000000003,196.8283456482409,0.005080569044598568
0.125,0.0001,5,0.7420194442317998,0.6804792786943958,0.7904538914906598,3721.740718058639,0.23146059163264,1.9106699586185638,0.032843198469448845,0.00017500000000000003,0.0,0.00017500000000000003,187.67541982542195,0.005328348277735106
0.125,0.0001,6,0.756993006993007,0.6938956427615337,0.7626268596643117,3694.622909698997,0.22882809865404852,1.9076839817807971,0.03609558215770243,0.00017500000000000003,0.0,0.00017500000000000003,206.26046947258527,0.004848238746653842
0.125,0.0001,7,0.7899070786431971,0.7407775240209515,0.636485296672398,3672.4569011105236,0.2524124776246026,2.009474928024201,0.03400837970084507,0.00017500000000000003,0.0,0.00017500000000000003,194.33359829054322,0.005145790582773677
0.125,0.0001,8,0.7175017054498598,0.6626088525639342,0.8174888765005384,3684.80921700902,0.25230297303642146,1.9864125896921463,0.03295572453935487,0.00017500000000000003,0.0,0.00017500000000000003,188.31842593917068,0.0053101548348912665
0.125,0.0001,9,0.7374620060790273,0.681631947174228,0.7757661375775892,3693.9563069908813,0.27923960163025185,2.091416812616134,0.03325806290661282,0.00017500000000000003,0.0,0.00017500000000000003,190.04607375207323,0.00526188192293076
0.125,0.0001,10,0.7432732847834419,0.678909190510434,0.7938900331584906,3726.695208892296,0.1967890958476346,1.7751750557943178,0.03403794452560019,0.00017500000000000003,0.0,0.00017500000000000003,194.50254014628678,0.0051413210297813735
0.125,0.0001,11,0.7301286903860712,0.6675090896884297,0.8153888054904614,3679.8155185465557,0.3470879996602889,2.3711373340888784,0.03100486876299692,0.00017500000000000003,0.0,0.00017500000000000003,177.17067864569665,0.0056442748181813164
0.125,0.0001,12,0.7546454304133485,0.7028496976065892,0.7267376526072888,3687.574137277209,0.20922522954060696,1.8412123637190598,0.03693898046875729,0.00017500000000000003,0.0,0.00017500000000000003,211.0798883928988,0.004737542774035512
0.125,0.0001,13,0.7443039890999924,0.6948891951512963,0.7489075818128652,3679.8067519491333,0.21114200819283724,1.8588710163429942,0.031099875646410115,0.00017500000000000003,0.0,0.00017500000000000003,177.71357512234349,0.005627032146033691
0.125,0.0001,14,0.7340631516234734,0.6753388157500532,0.8049318611245716,3620.280160857909,0.20055180540657602,1.7934611483829048,0.033462842373246,0.00017500000000000003,0.0,0.00017500000000000003,191.21624213283428,0.00522968126999023
0.125,0.0001,15,0.7195140704290327,0.6565040130908356,0.8518506280664276,3737.326695371367,0.20089767349418253,1.8042202366799809,0.030805983748429282,0.00017500000000000003,0.0,0.00017500000000000003,176.0341928481673,0.0056807145465342535
0.125,0.0001,16,0.7404545106741143,0.671326868208992,0.8162288865933944,3718.957073991889,0.2447633192059584,1.9830624252722755,0.03320457083724587,0.00017500000000000003,0.0,0.00017500000000000003,189.7404047842621,0.0052703587363852
0.125,0.0001,17,0.7719168454538728,0.7225016365679244,0.6756780613628467,3596.5655840793074,0.2276165045623202,1.8956374081904248,0.03255968599072139,0.00017500000000000003,0.0,0.00017500000000000003,186.05534851840792,0.005374744708836264
0.125,0.0001,18,0.715972326665664,0.657550932972976,0.8342425389670955,3655.5547450744475,0.21522648763493635,1.8646118959427564,0.03007251845112026,0.00017500000000000003,0.0,0.00017500000000000003,171.84296257783004,0.005819266526827285
0.125,0.0001,19,0.7630638168403439,0.7087401585796318,0.7097984787161415,3697.572602114551,0.2187775557686109,1.8501956074932604,0.03316018511954694,0.00017500000000000003,0.0,0.00017500000000000003,189.48677211169675,0.00527741324027901
0.125,0.0001,20,0.7358115343429708,0.6724596895722746,0.8105314990484093,3718.2089643567388,0.19680650238296948,1.7777300750083864,0.03265920650834978,0.00017500000000000003,0.0,0.00017500000000000003,186.62403719057016,0.005358366559066854
0.125,0.0001,21,0.7516475095785441,0.697133714835078,0.7450755935131487,3724.8725670498084,0.2652036144572776,2.0613467647540857,0.03396595988381346,0.00017500000000000003,0.0,0.00017500000000000003,194.09119933607687,0.005152217119687426
0.125,0.0001,22,0.7307366638441999,0.6678846918904568,0.8335235612784834,3742.5861750442614,0.2296832713764161,1.9142713004166891,0.03450222515157659,0.00017500000000000003,0.0,0.00017500000000000003,197.15557229472333,0.00507213662977338
0.125,0.0001,23,0.7365941216064618,0.6818181434836729,0.7673685778937054,3634.203500112183,0.23069836336071603,1.8961246464174772,0.037163078640890475,0.00017500000000000003,0.0,0.00017500000000000003,212.36044937651698,0.004708974778194178
0.125,0.0001,24,0.722073348135671,0.6530993316572498,0.8620434417209387,3721.6133527295,0.22770485063665546,1.918927512349162,0.03441698584500382,0.00017500000000000003,0.0,0.00017500000000000003,196.66849054287894,0.00508469860748727
0.125,0.0001,25,0.7555335063349107,0.6999852101529607,0.7280441866224768,3710.8065180888416,0.2508379531209357,2.0060825343513766,0.03122239991740528,0.00017500000000000003,0.0,0.00017500000000000003,178.41371381374444,0.005604950306925135
0.125,0.0001,26,0.7137852246763138,0.6572398992656735,0.8487672811153198,3702.1836252856056,0.22749262384604663,1.894748693167839,0.029982572247147506,0.00017500000000000003,0.0,0.00017500000000000003,171.3289842694143,0.005836724032797061
0.125,0.0001,27,0.7848970251716247,0.7299913966468289,0.6637017955749152,3707.7045003813882,0.2625896396639291,2.047417724602936,0.03168956093084034,0.00017500000000000003,0.0,0.00017500000000000003,181.08320531908763,0.005522323278063777
0.125,0.0001,28,0.7461210830544569,0.6893527307469626,0.7703675039640846,3697.2248250684515,0.2103266546910163,1.8326005775736338,0.03152305368861331,0.00017500000000000003,0.0,0.00017500000000000003,180.1317353635046,0.005551492622785246
0.125,0.0001,29,0.7298436541998774,0.678051336644343,0.7910638678515743,3725.298589822195,0.28881262749200687,2.158331183307787,0.032259563931254384,0.00017500000000000003,0.0,0.00017500000000000003,184.3403653214536,0.00542474784758181
0.125,0.001,0,0.24607329842931938,0.1932036917682816,3.0757194134348538,3688.3290082707335,0.2094333483837545,1.828033665023777,0.03105524944125567,0.00175,0.0,0.00175,17.74585682357467,0.056351181571099994
0.125,0.001,1,0.2465858523860672,0.19455412778858008,3.029055772011693,3729.3980359060915,0.24744568153982982,1.9914027964136771,0.034683681764768555,0.00175,0.0,0.00175,19.819246722724888,0.05045600440774537
0.125,0.001,2,0.24630841832851272,0.1902042712381827,3.057373040917881,3700.1018419850816,0.25000215784530155,2.010178533240869,0.03311579039108488,0.00175,0.0,0.00175,18.923308794905644,0.05284488092638485
0.125,0.001,3,0.22904403546680574,0.177862650381303,3.0963158827933874,3621.6040533492287,0.2434286845382303,1.9675066564157917,0.032576399419494376,0.00175,0.0,0.00175,18.615085382568214,0.053719871784011976
0.125,0.001,4,0.20268446310737853,0.15616925678944504,3.3072852971267315,3645.0773845230956,0.1852308755624108,1.729065442721799,0.03068790382131686,0.00175,0.0,0.00175,17.53594504075249,0.05702572616851043
0.125,0.001,5,0.2659136009769501,0.20657208941921668,2.972541295134849,3710.9884750419783,0.2306838067888748,1.9195784004413787,0.03689963787589091,0.00175,0.0,0.00175,21.085507357651945,0.047425939676860526
0.125,0.001,6,0.21690734055354993,0.17044450788256058,3.1883502241771113,3656.201263537906,0.2378309291379992,1.9233506078238678,0.03192932882159065,0.00175,0.0,0.00175,18.245330755194658,0.0548085432605977
0.125,0.001,7,0.24428242517267842,0.1942891566863486,3.003359434043292,3729.682655410591,0.2474718379380647,1.9830645808313614,0.034310863347950325,0.00175,0.0,0.00175,19.606207627400185,0.05100425431598888
0.125,0.001,8,0.23380216739681808,0.18001222304781392,3.104233352866815,3736.243332564753,0.21020725523703732,1.8404389883911554,0.035226405734346045,0.00175,0.0,0.00175,20.129374705340595,0.04967864201637055
0.125,0.001,9,0.24531921424186617,0.1933764514706896,3.053115389310063,3731.2363413136895,0.2638529021060094,2.0547786252846434,0.03104163071589197,0.00175,0.0,0.00175,17.73807469479541,0.056375904217689045
0.125,0.001,10,0.2324395332663627,0.184693147828616,3.0816549220733815,3757.670968240476,0.36747834339621477,2.4534928972494665,0.031552649454956595,0.00175,0.0,0.00175,18.03008540283234,0.05546285431587087
0.125,0.001,11,0.2421438947931799,0.18915424685540275,3.0773527046684586,3717.5297805642635,0.33808336171205156,2.3547264901752234,0.03397414393943271,0.00175,0.0,0.00175,19.41379653681869,0.051509759984528426
0.125,0.001,12,0.25656702898550726,0.17884373541611256,3.1149550942406536,3669.4469353864733,0.32556521095102653,2.291231503432244,0.032960225901786204,0.00175,0.0,0.00175,18.83441480102069,0.05309429629561983
0.125,0.001,13,0.3433666942584092,0.30074651740594194,2.6366764245770575,3658.426819173753,0.23578684285166673,1.932546481172416,0.032590938826468976,0.00175,0.0,0.00175,18.623393615125128,0.053695906378085814
0.125,0.001,14,0.2421875,0.1851053208096756,3.0561003853434983,3616.7049107142857,0.294616505067097,2.160228879223124,0.033934483566755234,0.00175,0.0,0.00175,19.391133466717278,0.05156996117407932
0.125,0.001,15,0.24921208394188638,0.19262643022925652,3.067804865115825,3737.4430778691676,0.37344562870566733,2.4921183929920634,0.032752626550291625,0.00175,0.0,0.00175,18.71578660016664,0.05343082935082708
0.125,0.001,16,0.23358882902026257,0.18189363702096742,3.087715878591311,3688.6994763603248,0.21671116474317387,1.855015975186651,0.03523985679903432,0.00175,0.0,0.00175,20.13706102801961,0.049659679662715187
0.125,0.001,17,0.2492657579637021,0.1975547434068297,3.007802783469842,3661.0280141576927,0.19662283157231286,1.7720216704044023,0.03362666200334967,0.00175,0.0,0.00175,19.215235430485524,0.05204203735195829
0.125,0.001,18,0.2537061218219525,0.1991286317361654,3.006693236881094,3734.6399108994547,0.21267336458549835,1.8411492897962938,0.034868718197792824,0.00175,0.0,0.00175,19.924981827310184,0.05018825154607416
0.125,0.001,19,0.24675520676124357,0.18875511387257327,3.009366046426426,3668.30335043767,0.19142666712286882,1.7722778924862448,0.0316625739313805,0.00175,0.0,0.00175,18.092899389360284,0.05527030126459777
0.125,0.001,20,0.2289841708928846,0.17529656216469208,3.1234678476369746,3735.5448747502687,0.2265353180700913,1.9170045382368244,0.03144662342426335,0.00175,0.0,0.00175,17.969499099579053,0.05564985392516732
0.125,0.001,21,0.24452280912364946,0.2008704550377131,2.9623860452715056,3647.0066026410564,0.2750139849667903,2.084953393711838,0.03282133342187951,0.00175,0.0,0.00175,18.755047669645435,0.053318979381666645
0.125,0.001,22,0.22516606856532032,0.17583825929788358,3.1121871428742085,3711.638543177827,0.29421866714255884,2.166635773825805,0.032669335334842994,0.00175,0.0,0.00175,18.66819161991028,0.053567052468727866
0.125,0.001,23,0.22004871365504644,0.17379839829992613,3.16448567283755,3699.832775156036,0.28087382146622986,2.115111350533181,0.031763248759230665,0.00175,0.0,0.00175,18.150427862417523,0.05509511993767437
0.125,0.001,24,0.25846715884009436,0.21000138950585054,2.9690250081025105,3699.602328944364,0.24060668601305224,1.9653758527179188,0.03290663685812189,0.00175,0.0,0.00175,18.803792490355363,0.053180761301897424
0.125,0.001,25,0.25640262060750446,0.19950558221573716,3.0090017079879434,3618.707564026206,0.20721256808610633,1.82162777778426,0.033607633667062396,0.00175,0.0,0.00175,19.204362095464226,0.05207150307982292
0.125,0.001,26,0.2533846153846154,0.19604276968050874,3.0172791353223505,3740.4771538461537,0.3758874247141648,2.5020367513385047,0.03233820042036482,0.00175,0.0,0.00175,18.478971668779895,0.054115565407218714
0.125,0.001,27,0.22426103646833012,0.17079503513480696,3.1729276339174817,3732.445681381958,0.2647362915740814,2.034385057979188,0.031153067142769806,0.00175,0.0,0.00175,17.801752653011317,0.05617424415965253
0.125,0.001,28,0.2389893901228914,0.1864913713965616,3.073546663684978,3711.0415998778717,0.21923614482511766,1.8697475574525346,0.03199311034162252,0.00175,0.0,0.00175,18.28177733807001,0.05469927685409437
0.125,0.001,29,0.270339046478557,0.2175612068479873,2.940988763490546,3637.937729211885,0.24100554262986407,1.9507539394992792,0.03099465351580734,0.00175,0.0,0.00175,17.711230580461336,0.0564613506360862
0.125,1.0,0,0.015765092647937837,0.008015232626598227,6.969617076096943,3631.5894351464435,3.4971329295949545,15.019804063139908,0.0344653873048301,1.75,0.0,1.75,0.019694507031331486,50.775579120062545
0.125,1.0,1,0.005133706229407708,0.007998301087710264,6.9710283155978745,3724.575664700023,3.4962984002486337,14.914860523416658,0.03543362066765481,1.75,0.0,1.75,0.020247783238659892,49.388122552135016
0.125,1.0,2,0.004209398438695852,0.008000198942134,6.971070758404685,3720.60569416807,3.5052403694135137,15.028373890098301,0.03496249399903777,1.75,0.0,1.75,0.019978567999450157,50.0536374792989
0.125,1.0,3,0.0072810011376564275,0.008010399432206246,6.969639892921721,3687.1006446719757,3.5247627084318083,14.775470723363146,0.03559264110207778,1.75,0.0,1.75,0.02033865205833016,49.167466808127394
0.125,1.0,4,0.011225024320886028,0.008007455210449484,6.970543520109951,3638.2696999176833,3.482917720131809,14.757435872161956,0.03482684277007953,1.75,0.0,1.75,0.019901053011474018,50.24859736936767
0.125,1.0,5,0.005023776652860868,0.007998957294612244,6.971775568655924,3727.906580763921,3.4577842702856287,14.797234509357807,0.03589002889311096,1.75,0.0,1.75,0.020508587938920547,48.76006105238634
0.125,1.0,6,0.005829015544041451,0.008009157615434605,6.969508173996175,3704.013334349284,3.533426577138016,14.946192878118337,0.034226572693138696,1.75,0.0,1.75,0.019558041538936397,51.12986379588096
0.125,1.0,7,0.0038125140165956493,0.008010306630401517,6.969596593356775,3634.1291021903266,3.476472349080723,14.805294813360568,0.034447691883894495,1.75,0.0,1.75,0.019684395362225427,50.80166200680013
0.125,1.0,8,0.010247782196390333,0.008005999037580307,6.970542007600189,3716.823416947079,3.456113341351738,14.72491680492069,0.03163241953475081,1.75,0.0,1.75,0.01807566830557189,55.322989064351574
0.125,1.0,9,0.006312941530136781,0.008017868346332247,6.968169657020548,3653.126634600932,3.5130183305300307,14.696575893975385,0.03658514118745869,1.75,0.0,1.75,0.02090579496426211,47.833627073712
0.125,1.0,10,0.014366729678638942,0.008017900543082296,6.969393019077337,3676.468884688091,3.4881509348051623,14.935066009485803,0.032366931996899315,1.75,0.0,1.75,0.018495389712513893,54.06752793770032
0.125,1.0,11,0.007082476582133882,0.007995669003765962,6.9720848180530375,3702.2530652654023,3.469986906507984,14.918994543562427,0.03385595626481381,1.75,0.0,1.75,0.01934626072275075,51.689575279217834
0.125,1.0,12,0.0055223541871548525,0.007997260480204986,6.9713538633733965,3678.95862016794,3.5447570609103423,14.871231065883629,0.030518460156390308,1.75,0.0,1.75,0.01743912008936589,57.342342668411625
0.125,1.0,13,0.006999322646195529,0.008001084348081913,6.971405991128366,3658.8405208098143,3.591476291825529,15.13567188293801,0.032913723621823716,1.75,0.0,1.75,0.018807842069613553,53.1693107746596
0.125,1.0,14,0.008523155830441997,0.008004375470433044,6.970613576482913,3665.1927892593153,3.483045156142907,14.993563444076106,0.03195417456403752,1.75,0.0,1.75,0.018259528322307154,54.765927265400826
0.125,1.0,15,0.03825220390954388,0.00802716803416399,6.969201118705121,3726.3703334610964,3.5139159556420054,14.94564819451075,0.03312431010905431,1.75,0.0,1.75,0.018928177205173893,52.83128899103167
0.125,1.0,16,0.009574142156862746,0.008002569446722382,6.970864655679744,3722.869638480392,3.542707781220088,15.075638351477805,0.03511448092122578,1.75,0.0,1.75,0.020065417669271873,49.83698901674981
0.125,1.0,17,0.010711843804603815,0.00800059231344677,6.971489390894483,3693.827850793892,3.4784429353603628,14.895347622459711,0.03244545378651024,1.75,0.0,1.75,0.018540259306577277,53.936678201973336
0.125,1.0,18,0.007779726946838533,0.008014141543859387,6.969306514849249,3708.030051102128,3.5840337607369293,15.137754537313956,0.033341365894273604,1.75,0.0,1.75,0.01905220908244206,52.48735176445076
0.125,1.0,19,0.0050041701417848205,0.008003609063847153,6.9707812812584855,3686.0892410341953,3.4369164314412046,14.644353172538041,0.030480840286448114,1.75,0.0,1.75,0.017417623020827493,57.413115371955676
0.125,1.0,20,0.007784476837365489,0.008004645053544387,6.970768481415871,3709.455010302984,3.585329357912997,15.44983155576005,0.032286234216250556,1.75,0.0,1.75,0.01844927669500032,54.20266694092111
0.125,1.0,21,0.009310707313410422,0.008011920970249164,6.969568296587572,3648.8485508334584,3.490940302523086,14.803195693987263,0.03748925857204822,1.75,0.0,1.75,0.02142243346974184,46.68003760695311
0.125,1.0,22,0.005052051439069198,0.00800378968950706,6.970539407987869,3721.4227648499696,3.5514457508688793,15.29338758482673,0.03334417492895238,1.75,0.0,1.75,0.019053814245115645,52.48293003886848
0.125,1.0,23,0.007336645013374093,0.008004105015241424,6.970458036513523,3715.1901413832634,3.536589600611478,14.895944553184096,0.032473695826743275,1.75,0.0,1.75,0.018556397615281873,53.889770026077876
0.125,1.0,24,0.006140084899939357,0.008006130846436718,6.970206964918436,3685.228547604609,3.4629765027784742,15.030713001024102,0.03359381147638688,1.75,0.0,1.75,0.019196463700792504,52.092927926028175
0.125,1.0,25,0.004261147466139096,0.008003533571493835,6.970349202119986,3699.2934104398114,3.487118097487837,14.886773355544989,0.034015658945771785,1.75,0.0,1.75,0.019437519397583876,51.446893996376
0.125,1.0,26,0.01483836777954425,0.008002568014636486,6.971285976769385,3680.0711636005753,3.5044352180848364,15.049424951727936,0.03392755011738103,1.75,0.0,1.75,0.019387171495646303,51.58050003449786
0.125,1.0,27,0.006484693108128488,0.007996550208383286,6.971486993076349,3665.072764288946,3.5172820994921494,15.013159035698372,0.03281243015953453,1.75,0.0,1.75,0.018749960091162587,53.33344685204582
0.125,1.0,28,0.006159695817490494,0.008008113908602347,6.969733296588465,3695.8473764258556,3.5078898522478994,15.217943115281665,0.03184697491681007,1.75,0.0,1.75,0.018198271381034328,54.950274070655354
0.125,1.0,29,0.005215123859191656,0.008001062781908007,6.970997634128283,3727.988802822302,3.4803001363179646,14.970308129847487,0.03336297362383872,1.75,0.0,1.75,0.01906455635647927,52.45335801691187
0.15,0.0001,0,0.7152490421455938,0.6506071915741205,0.8706511164975379,4468.817318007663,0.32318048892193474,2.2933229440413574,0.033717395503815244,0.00017500000000000003,0.0,0.00017500000000000003,192.6708314503728,0.005190199224616805
0.15,0.0001,1,0.6871592973955178,0.6242195790727951,0.9505166152079316,4416.441399152029,0.238824870204553,1.9511962246756105,0.035720237408104594,0.00017500000000000003,0.0,0.00017500000000000003,204.11564233202623,0.004899183563665065
0.15,0.0001,2,0.7059091946155601,0.6467345684460618,0.8719094986383267,4436.732146931326,0.22154115766170435,1.8750131978220388,0.03521330817589599,0.00017500000000000003,0.0,0.00017500000000000003,201.21890386226278,0.004969711994279197
0.15,0.0001,3,0.6905087319665907,0.6206567601260551,0.9563522843617466,4430.64502657555,0.19955310301156715,1.7895059126405295,0.034994935131946826,0.00017500000000000003,0.0,0.00017500000000000003,199.97105789683897,0.005000723657299847
0.15,0.0001,4,0.69387600996753,0.6318503842462936,0.9186697466261482,4404.527977044477,0.22697698301635683,1.9122620490273126,0.0327365051531581,0.00017500000000000003,0.0,0.00017500000000000003,187.06574373233198,0.005345714186082496
0.15,0.0001,5,0.706101248158772,0.638476049734102,0.905674486799493,4521.542445150787,0.2344505570072215,1.926559874039297,0.03418184495452811,0.00017500000000000003,0.0,0.00017500000000000003,195.3248283115892,0.005119676841106775
0.15,0.0001,6,0.7062718830872279,0.635966731894891,0.9128916776297823,4440.0266402801035,0.20917575317434967,1.8396940156671235,0.03166828784399755,0.00017500000000000003,0.0,0.00017500000000000003,180.9616448228431,0.0055260328838134445
0.15,0.0001,7,0.7041742286751361,0.6445877025519378,0.8835458824156203,4410.892619479734,0.23132687446195632,1.914750975564688,0.032888460534462205,0.00017500000000000003,0.0,0.00017500000000000003,187.93406019692685,0.005321015248391639
0.15,0.0001,8,0.6918763261594423,0.6256587028572713,0.9425074831634789,4420.428766292816,0.28378746332600713,2.140803386467629,0.03350232939539769,0.00017500000000000003,0.0,0.00017500000000000003,191.44188225941534,0.005223517383959584
0.15,0.0001,9,0.7146426408237432,0.6468231437283334,0.8896886874352131,4417.318519079346,0.23688488791231066,1.93349357747107,0.03342831578083031,0.00017500000000000003,0.0,0.00017500000000000003,191.0189473190303,0.005235082770767498
0.15,0.0001,10,0.6717448405253283,0.6003984636705011,1.0098962421894166,4377.503114446529,0.19601552007952705,1.7896349332655686,0.03227024869033103,0.00017500000000000003,0.0,0.00017500000000000003,184.40142108760585,0.005422951700165682
0.15,0.0001,11,0.7071773220747889,0.6436177615350046,0.8849239817341473,4396.969390832328,0.18182990248897113,1.7152285358567654,0.0328143225765264,0.00017500000000000003,0.0,0.00017500000000000003,187.51041472300798,0.005333037108777177
0.15,0.0001,12,0.6977082854296007,0.6361910318349081,0.9123884337810211,4470.944814899977,0.26885509633575566,2.0703781895230797,0.03432892923330305,0.00017500000000000003,0.0,0.00017500000000000003,196.16530990458884,0.005097741290171954
0.15,0.0001,13,0.6946107784431138,0.6248227091178781,0.9522208911461267,4420.593951337831,0.2689956502581481,2.074463723761026,0.03377243041592673,0.00017500000000000003,0.0,0.00017500000000000003,192.98531666243844,0.005181741374392523
0.15,0.0001,14,0.6874335207415286,0.6349097455311957,0.9000343403411869,4431.699741680595,0.29691802919842303,2.166720407250283,0.03219956557550298,0.00017500000000000003,0.0,0.00017500000000000003,183.9975175743027,0.0054348559327501555
0.15,0.0001,15,0.675361216730038,0.6184107275832224,0.9487461443067751,4436.74958174905,0.26579340334865265,2.064304709086878,0.033217641708363166,0.00017500000000000003,0.0,0.00017500000000000003,189.8150954763609,0.005268284893203014
0.15,0.0001,16,0.6879670581058411,0.6220932403260669,0.9603286250692551,4447.746759188653,0.35099487644038163,2.3936575648014347,0.03557769331180849,0.00017500000000000003,0.0,0.00017500000000000003,203.30110463890563,0.004918812427390179
0.15,0.0001,17,0.7263870918639166,0.6646974429272576,0.8350202452310489,4439.281223837431,0.21402387067792006,1.8574180762257027,0.032379031242208436,0.00017500000000000003,0.0,0.00017500000000000003,185.02303566976246,0.0054047324236147845
0.15,0.0001,18,0.7398546335554209,0.6839930231528538,0.777643442787217,4415.722895215021,0.2312314288574271,1.9135429431282325,0.0338834157784166,0.00017500000000000003,0.0,0.00017500000000000003,193.61951873380912,0.005164768544718956
0.15,0.0001,19,0.7024952015355086,0.6326874225258509,0.9282807498786323,4479.116391554702,0.21178205666365102,1.8328009243576577,0.03503698142115888,0.00017500000000000003,0.0,0.00017500000000000003,200.21132240662214,0.004994722516087453
0.15,0.0001,20,0.6893285463295393,0.6258434763007474,0.9441769085354893,4456.085784126499,0.29065244100638665,2.1512162899968414,0.03243597256063647,0.00017500000000000003,0.0,0.00017500000000000003,185.34841463220837,0.0053952444210776
0.15,0.0001,21,0.7007082476582134,0.6317287151482714,0.9230465065709946,4442.13944101744,0.27543608169071376,2.0791809682457725,0.03216819254252501,0.00017500000000000003,0.0,0.00017500000000000003,183.8182431001429,0.005440156445490598
0.15,0.0001,22,0.6889374858607948,0.6249716367167123,0.9484589127907148,4398.922479451022,0.21478766424115747,1.8584259241781678,0.03194705275927085,0.00017500000000000003,0.0,0.00017500000000000003,182.55458719583342,0.00547781359735026
0.15,0.0001,23,0.6875047244689697,0.6257128292842511,0.9415564779554275,4409.706931740872,0.20102783967740834,1.8039292097575028,0.030934507077674683,0.00017500000000000003,0.0,0.00017500000000000003,176.76861187242673,0.005657112930895766
0.15,0.0001,24,0.6970713849908481,0.6304653994941859,0.9215936886501904,4448.461180597926,0.2584276231355034,2.028869303611797,0.03336901175819846,0.00017500000000000003,0.0,0.00017500000000000003,190.68006718970545,0.005244386656341542
0.15,0.0001,25,0.7116619381812752,0.6473573363895867,0.884047704595227,4355.583694191429,0.21138876903569326,1.8373849140218155,0.03150134726409281,0.00017500000000000003,0.0,0.00017500000000000003,180.0076986519589,0.005555317953003105
0.15,0.0001,26,0.7075550811923458,0.6465578670723386,0.8773505326769431,4447.980330868339,0.20502343439147808,1.8044195705201902,0.030833638936434943,0.00017500000000000003,0.0,0.00017500000000000003,176.19222249391393,0.005675619422046522
0.15,0.0001,27,0.7117980975759436,0.6535989987523477,0.8624515413114657,4474.461414544338,0.25743561817216687,2.024198282736174,0.032354560295192916,0.00017500000000000003,0.0,0.00017500000000000003,184.88320168681665,0.005408820222044578
0.15,0.0001,28,0.7188894772675694,0.6545735323394527,0.8668804079141287,4411.871624177321,0.22090659447712824,1.8944297023004597,0.03284826984100238,0.00017500000000000003,0.0,0.00017500000000000003,187.70439909144213,0.005327525645857877
0.15,0.0001,29,0.7344692400482509,0.6711677507821701,0.8334482187205917,4397.352533172497,0.35588214799645357,2.4323996157902057,0.03472284138384748,0.00017500000000000003,0.0,0.00017500000000000003,198.41623647912843,0.005039910129054337
0.15,0.001,0,0.23615249446099779,0.18114016391522111,3.2208722873416655,4456.184658873864,0.23856539526605047,1.9446654734782927,0.03181069963765403,0.00175,0.0,0.00175,18.177542650088018,0.05501293652556265
0.15,0.001,1,0.21689549103458625,0.16886359945474283,3.3141641923626994,4376.453897516693,0.2725397713657003,2.0840207060288662,0.03208961236438295,0.00175,0.0,0.00175,18.336921351075972,0.05453478154015871
0.15,0.001,2,0.2502852795739825,0.2001830756457209,3.1606615891586953,4436.842449600608,0.20669871056452394,1.813828728432108,0.03328491637171707,0.00175,0.0,0.00175,19.019952212409756,0.05257636763921732
0.15,0.001,3,0.17223864756273216,0.13121834433199409,3.5813739592072125,4422.06640891517,0.2719542753184214,2.0860320497325806,0.031035243003599555,0.00175,0.0,0.00175,17.73442457348546,0.05638750757637148
0.15,0.001,4,0.20419773967863458,0.15499230209494236,3.355552590497529,4484.18367033136,0.2350147259712685,1.923736517468094,0.030967488766598553,0.00175,0.0,0.00175,17.695707866627746,0.056510878656959265
0.15,0.001,5,0.19090771786739164,0.14988935211706503,3.397588589349451,4405.680184262196,0.23337638113298453,1.9393480204010478,0.031598447611057,0.00175,0.0,0.00175,18.056255777746856,0.05538246756741417
0.15,0.001,6,0.29422930903568717,0.2611715409055947,3.0206051161735545,4428.624069855733,0.36424952509696595,2.4565333313133912,0.03559718197989406,0.00175,0.0,0.00175,20.34124684565375,0.04916119486616755
0.15,0.001,7,0.17058324986516682,0.13395438057173062,3.5624602380292014,4493.731874566608,0.2464358850265853,1.9750612438962318,0.035413206759039514,0.00175,0.0,0.00175,20.23611814802258,0.049416592287375896
0.15,0.001,8,0.14521452145214522,0.10427184092809064,3.8329525296095466,4476.930462813723,0.23503565014107153,1.925230673370548,0.034248883537564966,0.00175,0.0,0.00175,19.570790592894266,0.05109655612804311
0.15,0.001,9,0.18804067385035667,0.1502541710946826,3.2873635776096,4424.754439216877,0.23518372725811787,1.938001821077716,0.03217317625485313,0.00175,0.0,0.00175,18.384672145630358,0.05439313750491213
0.15,0.001,10,0.23730212319003677,0.18297127360020302,3.188314486454712,4375.873208792857,0.243213642941555,1.9679928838393324,0.03699879648554301,0.00175,0.0,0.00175,21.14216942031029,0.047298835806288964
0.15,0.001,11,0.21188907614524283,0.16009832081321387,3.3051942995982992,4469.49961697564,0.24611552149872296,1.9868477180475552,0.028493467589063487,0.00175,0.0,0.00175,16.28198147946485,0.061417586137241305
0.15,0.001,12,0.22402597402597402,0.18012216975103792,3.2108708197658813,4404.547342192691,0.31143456051358953,2.2466798880975163,0.03387197789410713,0.00175,0.0,0.00175,19.35541593948979,0.05166512582970408
0.15,0.001,13,0.17704868460840642,0.14015781279899595,3.332703392100509,4410.725960084669,0.24668464469141327,1.974662214571044,0.033654851861325295,0.00175,0.0,0.00175,19.23134392075731,0.05199844608470925
0.15,0.001,14,0.206645117642637,0.16675587636371114,3.335048731871297,4384.310531459069,0.22183437732746825,1.8744707462889039,0.03419755308996035,0.00175,0.0,0.00175,19.541458908548773,0.05117325193988109
0.15,0.001,15,0.22666666666666666,0.18540178044374164,3.1142684679702075,4444.65500952381,0.28445016097975895,2.1480031396802834,0.033337855388379474,0.00175,0.0,0.00175,19.050203079073984,0.05249287872938566
0.15,0.001,16,0.20878033934413756,0.1635137311447459,3.325094018046841,4438.619265007989,0.2587815467559267,2.0232470548815353,0.033093956855040324,0.00175,0.0,0.00175,18.91083248859447,0.05287974501403476
0.15,0.001,17,0.2666160273452336,0.20715303293259776,3.0553956098572645,4429.86502088872,0.217832750902744,1.8562802075340454,0.035665123784794174,0.00175,0.0,0.00175,20.3800707341681,0.049067543142696526
0.15,0.001,18,0.21089939024390245,0.16517396428206263,3.28178252282194,4445.909832317073,0.2843578746833373,2.1339815387199828,0.034109544196668576,0.00175,0.0,0.00175,19.49116811238204,0.05130528833542489
0.15,0.001,19,0.19971469329529243,0.1426026570102951,3.445481047525058,4379.949020196712,0.19530020785168745,1.7874692881955028,0.03264428700554132,0.00175,0.0,0.00175,18.653878288880755,0.05360815507175697
0.15,0.001,20,0.22322314680509964,0.18420970494185077,3.2222249697808687,4452.662951370334,0.28692739803227596,2.13476288390011,0.035126161785561064,0.00175,0.0,0.00175,20.072092448892036,0.04982041620953172
0.15,0.001,21,0.1982043156782858,0.15558987674287006,3.3640642047358864,4401.024747246114,0.20031187491258606,1.812128532392188,0.03135627087828481,0.00175,0.0,0.00175,17.917869073305607,0.05581020800569526
0.15,0.001,22,0.19684027515307279,0.15348018560007126,3.387964170921209,4407.880111875425,0.29388617124641314,2.167657049185458,0.03224598300761384,0.00175,0.0,0.00175,18.426276004350765,0.05427032568946013
0.15,0.001,23,0.21706541490006057,0.16870828042417094,3.300087428089141,4416.041792852817,0.2277824349293951,1.9132084638561366,0.03308050148936856,0.00175,0.0,0.00175,18.903143708210603,0.05290125364521504
0.15,0.001,24,0.2098982635967261,0.15943459608728608,3.3320335776692733,4461.969479079018,0.22317866917001083,1.8904367826481392,0.034173531325236456,0.00175,0.0,0.00175,19.527732185849402,0.051209223399972734
0.15,0.001,25,0.21982093238653905,0.16720734911015,3.2356864410129007,4502.050787280024,0.23908197903074324,1.9435913608685742,0.03203758138421922,0.00175,0.0,0.00175,18.307189362410984,0.05462334934128327
0.15,0.001,26,0.22204448507007923,0.1701901655961568,3.2577421989873123,4443.267367458867,0.3527139309444465,2.404295655033132,0.03607035383304643,0.00175,0.0,0.00175,20.611630761740816,0.048516297014993784
0.15,0.001,27,0.23414559151356754,0.1860926267407166,3.1992699353442298,4483.798985317857,0.2699209157144651,2.084437976326844,0.035668978842507346,0.00175,0.0,0.00175,20.382273624289912,0.049062239985252803
0.15,0.001,28,0.2170020659576096,0.17084819028787693,3.3081096366371936,4464.021271711684,0.29683845705585554,2.185348886523871,0.03130878174537863,0.00175,0.0,0.00175,17.890732425930644,0.05589486088063171
0.15,0.001,29,0.1991869918699187,0.15652583222261646,3.3471061016728356,4474.3282712072405,0.19204741274006665,1.762722753409169,0.03106462128716981,0.00175,0.0,0.00175,17.751212164097034,0.05633418105511488
0.15,1.0,0,0.012250210550493837,0.006671540137941063,7.233143919363274,4466.214914631345,3.4549924515595194,14.635137386982311,0.031183462642955802,1.75,0.0,1.75,0.01781912151026046,56.119489360021944
0.15,1.0,1,0.005864661654135338,0.006669101012743461,7.232860874554503,4384.807593984962,3.462840474152472,14.8616569552071,0.03200193696088158,1.75,0.0,1.75,0.018286821120503758,54.68418996447494
0.15,1.0,2,0.004324807993438222,0.006665005984146677,7.233327902340925,4348.983595555887,3.4797913248767145,15.009954968659159,0.03252232059694273,1.75,0.0,1.75,0.01858418319825299,53.80919835605179
0.15,1.0,3,0.0092445252708949,0.006665495499347906,7.2335936874536495,4419.556868985375,3.584108557086438,15.161390796113405,0.032349721642810386,1.75,0.0,1.75,0.018485555224463077,54.096292367601606
0.15,1.0,4,0.002077305438088879,0.006678927665168353,7.230988301097319,4327.462274649455,3.453460404969519,14.866455181195198,0.03534173243544021,1.75,0.0,1.75,0.020195275677394407,49.5165312905013
0.15,1.0,5,0.005768938818885684,0.006666740213882177,7.233128025698307,4428.783664794292,3.430175623652758,14.478421365829435,0.030410091796841142,1.75,0.0,1.75,0.017377195312480654,57.54668587293715
0.15,1.0,6,0.012664947671773093,0.006675767496035583,7.231901475555303,4423.931214924921,3.4437673202482983,14.67043795001483,0.03437306988910313,1.75,0.0,1.75,0.019641754222344647,50.91194954788664
0.15,1.0,7,0.004681578360704466,0.006674819125498911,7.231392048472647,4335.000891729212,3.561911090335343,15.09909158282556,0.03370331309156572,1.75,0.0,1.75,0.019259036052323267,51.92367869727142
0.15,1.0,8,0.007011660696593248,0.006671507374130402,7.232497611587277,4446.414754972944,3.603995280165691,15.421575621247028,0.030562150865716134,1.75,0.0,1.75,0.01746408620898065,57.26036782192273
0.15,1.0,9,0.007518231711901361,0.006670411905463248,7.2331707430247025,4386.235170287949,3.511703761847457,14.769355391483321,0.03466400518332859,1.75,0.0,1.75,0.019808002961902053,50.48464511659057
0.15,1.0,10,0.005719078847033704,0.006670584157919632,7.232843718407867,4447.705048040262,3.559550827660132,14.930655353090518,0.03770631067815172,1.75,0.0,1.75,0.021546463244658125,46.41132925831452
0.15,1.0,11,0.005390221682356514,0.006671034884491346,7.232337176530818,4428.468190100212,3.4818168867204804,14.851516028447243,0.032384691230200005,1.75,0.0,1.75,0.018505537845828573,54.03787819252251
0.15,1.0,12,0.0038893044128646224,0.006672620469488204,7.233097863325326,4363.094390426328,3.516366880008718,15.006180597694895,0.03416978520030086,1.75,0.0,1.75,0.019525591543029065,51.21483760408864
0.15,1.0,13,0.016599371915657246,0.006680090499113137,7.231707544749254,4361.9336025123375,3.5022261600242928,14.943709537704777,0.03429953664091974,1.75,0.0,1.75,0.019599735223382708,51.021097407835825
0.15,1.0,14,0.014351537125160511,0.00667006540921023,7.232965276121975,4405.689100385225,3.502922237094026,14.783823830163616,0.03470530568163132,1.75,0.0,1.75,0.019831603246646467,50.42456666578888
0.15,1.0,15,0.00576675013278701,0.006668654129459681,7.233380143650289,4426.699370210183,3.45277610651101,14.907225893711784,0.03303792920661816,1.75,0.0,1.75,0.018878816689496092,52.96942157165952
0.15,1.0,16,0.003856624319419238,0.006671084472233019,7.231911827732896,4411.601935874168,3.5247463296400383,15.041543282507744,0.03142091500176883,1.75,0.0,1.75,0.01795480857243933,55.69538633427717
0.15,1.0,17,0.006926146201912219,0.006668269711843965,7.233001617377467,4390.665135887977,3.4700274545757566,14.764389855344984,0.0302558879341791,1.75,0.0,1.75,0.017289078819530915,57.8399815535766
0.15,1.0,18,0.006472245488464174,0.006667764975513169,7.233628428059975,4441.946775298866,3.442183576145908,14.636209952569782,0.03372099943768396,1.75,0.0,1.75,0.019269142535819406,51.89644521758559
0.15,1.0,19,0.007994518044769302,0.006675092826040065,7.2317622848330645,4440.932465357088,3.528700492955977,14.975116487233219,0.03393555513741766,1.75,0.0,1.75,0.01939174579281009,51.56833276820139
0.15,1.0,20,0.0706794682422452,0.006686549100934993,7.23115262264954,4308.495568685376,3.5062175146886148,14.750122477049674,0.031251720075125625,1.75,0.0,1.75,0.017858125757214644,55.99691779502685
0.15,1.0,21,0.005016980549552331,0.006671892279921173,7.23253671921727,4501.41787588762,3.569614007952623,15.02869055125605,0.03364196267851414,1.75,0.0,1.75,0.01922397867343665,52.01836815298709
0.15,1.0,22,0.00496258970835242,0.006671197423951414,7.2321959014251505,4453.340968086731,3.532552134623984,14.966061917680905,0.03446416802605093,1.75,0.0,1.75,0.01969381030060053,50.77737546651938
0.15,1.0,23,0.0032164190534538215,0.006676066363275099,7.231268828238116,4467.292617552458,3.4366380809806287,14.690366049695994,0.03378087163466939,1.75,0.0,1.75,0.01930335521981108,51.80446552492064
0.15,1.0,24,0.0044106463878327,0.006672485604331107,7.232128929099639,4435.853003802282,3.4992485865950584,14.909643619922479,0.03241780999370303,1.75,0.0,1.75,0.018524462853544588,53.98267188128771
0.15,1.0,25,0.008224185196466647,0.00667778192397877,7.230844175357182,4442.285942735303,3.449742187774973,14.903153930329703,0.035786443431143115,1.75,0.0,1.75,0.020449396246367494,48.90119923113299
0.15,1.0,26,0.002524479804161567,0.00666019896226569,7.234812136726279,4463.020042839657,3.4960689455620013,15.044221318273287,0.03053750986208855,1.75,0.0,1.75,0.01745000563547917,57.30657175071682
0.15,1.0,27,0.004373513389089235,0.0066724649703986975,7.232079376045675,4475.208854446405,3.4938551874656696,14.91622764376148,0.03063783655088822,1.75,0.0,1.75,0.017507335171936124,57.118915596188394
0.15,1.0,28,0.010093401626996084,0.006673393337559205,7.232496716305634,4393.165260620669,3.459854752756655,14.903141030514588,0.03139854547455248,1.75,0.0,1.75,0.01794202598545856,55.73506586215336
0.15,1.0,29,0.02107728337236534,0.006674918949285171,7.232513029593299,4406.953690413236,3.485319864907069,14.889473477730906,0.030578599290318014,1.75,0.0,1.75,0.017473485308753152,57.2295671029672
0.175,0.0001,0,0.7180683014893937,0.659767469078947,0.8570682675764173,5119.414247028735,0.2153977887937799,1.8625762865067892,0.033660829988159176,0.00017500000000000003,0.0,0.00017500000000000003,192.3475999323381,0.005198921121718019
0.175,0.0001,1,0.649137536254007,0.5787198408685768,1.0915252120798524,5193.287360708288,0.2516804661427159,2.0020817033770353,0.03297903214430786,0.00017500000000000003,0.0,0.00017500000000000003,188.45161225318776,0.005306401935455367
0.175,0.0001,2,0.6972539526439216,0.6228014292764545,0.9641168404962991,5147.48838792647,0.26283861821866594,2.025235960430513,0.034166760506421805,0.00017500000000000003,0.0,0.00017500000000000003,195.23863146526742,0.005121937151961128
0.175,0.0001,3,0.7005469462169553,0.6328022156544302,0.9276008350359212,5170.233971437253,0.2462947989697568,1.9695813031592602,0.03376792385177847,0.00017500000000000003,0.0,0.00017500000000000003,192.95956486730552,0.005182432913795594
0.175,0.0001,4,0.6753346080305928,0.6038145336831771,1.0179208669694768,5205.596099426386,0.2468936818477232,1.9708742329744942,0.03330153610894914,0.00017500000000000003,0.0,0.00017500000000000003,190.29449205113792,0.005255012844676921
0.175,0.0001,5,0.7048051456678017,0.6370751061731016,0.9130676542579325,5149.081952326901,0.42469010746572167,2.7001631761023033,0.034706969318223195,0.00017500000000000003,0.0,0.00017500000000000003,198.32553896127538,0.0050422149625180546
0.175,0.0001,6,0.5844126334923881,0.5176551898289445,1.2476388905710427,5154.6693933197,0.2226857671921607,1.8900817780314605,0.03209307114033552,0.00017500000000000003,0.0,0.00017500000000000003,183.38897794477438,0.005452890414718049
0.175,0.0001,7,0.7055261745995248,0.6397530155747261,0.8991710793659898,5215.561814976623,0.2627033381431829,2.037735000205908,0.03595347283272329,0.00017500000000000003,0.0,0.00017500000000000003,205.44841618699022,0.004867401844995697
0.175,0.0001,8,0.6575311092449805,0.5863826280875571,1.0600821470047836,5193.913886556225,0.22453571631922387,1.8953483991825655,0.030895319694364886,0.00017500000000000003,0.0,0.00017500000000000003,176.54468396779933,0.005664288368957028
0.175,0.0001,9,0.6710206561360875,0.6064459945126263,0.9907996325268003,5168.403781895504,0.3427208010980394,2.3745828243904974,0.03345595911985275,0.00017500000000000003,0.0,0.00017500000000000003,191.17690925630143,0.005230757228423174
0.175,0.0001,10,0.6535681328821901,0.5842946960111534,1.0571175295304074,5233.706782528453,0.25666626496240497,2.0122512696394006,0.03408979679735513,0.00017500000000000003,0.0,0.00017500000000000003,194.79883884202928,0.005133500825489739
0.175,0.0001,11,0.6717409782860675,0.6053377775418487,1.0066589143376476,5258.932539989181,0.2268552192253992,1.8877721095314746,0.0315383946073771,0.00017500000000000003,0.0,0.00017500000000000003,180.21939775644054,0.00554879226348021
0.175,0.0001,12,0.6587017730766304,0.5927652081917011,1.0433323669655934,5177.292367399741,0.20549632699112408,1.8199616401734926,0.03593393682674923,0.00017500000000000003,0.0,0.00017500000000000003,205.33678186713843,0.004870048078609911
0.175,0.0001,13,0.6865064127179172,0.6225501477078342,0.958681561569885,5226.108747408033,0.199810308549786,1.794054937516115,0.03203646524095249,0.00017500000000000003,0.0,0.00017500000000000003,183.06551566258563,0.00546252524065283
0.175,0.0001,14,0.6665388450034512,0.5947156246576034,1.0376192956009642,5219.450648055832,0.202795496879844,1.8156039748034867,0.03275975657060788,0.00017500000000000003,0.0,0.00017500000000000003,187.19860897490216,0.005341920036030133
0.175,0.0001,15,0.6574003938797152,0.5941543301243988,1.024455249029325,5155.194061505832,0.2857425840047654,2.135883468956691,0.03143368781763262,0.00017500000000000003,0.0,0.00017500000000000003,179.62107324361497,0.005567275498035403
0.175,0.0001,16,0.6151239796704143,0.559240056238847,1.1056185428645544,5240.19559525643,0.20164444998954423,1.8101431090138234,0.031878175800722316,0.00017500000000000003,0.0,0.00017500000000000003,182.16100457555606,0.005489649128418281
0.175,0.0001,17,0.6684500037676135,0.5965106601336064,1.04354484196933,5127.815914399819,0.2597006871656049,2.0284055733156947,0.032833214296335886,0.00017500000000000003,0.0,0.00017500000000000003,187.6183674076336,0.005329968562338706
0.175,0.0001,18,0.6828986845141934,0.6150302382152093,0.9821785497887615,5234.9111470113085,0.18356107629369944,1.736584736526031,0.03446213603781093,0.00017500000000000003,0.0,0.00017500000000000003,196.92649164463387,0.005078036944894963
0.175,0.0001,19,0.6902953586497891,0.6135724202499956,0.9859762535923672,5219.239892596855,0.3449682947539259,2.369960530445292,0.034268995269820336,0.00017500000000000003,0.0,0.00017500000000000003,195.82283011325904,0.005106656866421678
0.175,0.0001,20,0.6702843167227147,0.6019135295654956,1.0218447958734758,5200.966447569551,0.21402939097606577,1.850493170375766,0.03159985195491826,0.00017500000000000003,0.0,0.00017500000000000003,180.57058259953288,0.005538000628916323
0.175,0.0001,21,0.6580370060153811,0.588022974516514,1.0621981297460736,5181.569253026727,0.20333736544125713,1.803681723883378,0.033987132757491406,0.00017500000000000003,0.0,0.00017500000000000003,194.21218718566516,0.00514900745669482
0.175,0.0001,22,0.7252630782042547,0.6652104556765319,0.8421306650416366,5151.662881368764,0.330831235536607,2.3125206048726605,0.03294758283244467,0.00017500000000000003,0.0,0.00017500000000000003,188.2719018996838,0.0053114670320419145
0.175,0.0001,23,0.658264368688786,0.5905824773309594,1.0515650860273502,5166.799939260496,0.225145602831617,1.9003071100074838,0.03164914393260561,0.00017500000000000003,0.0,0.00017500000000000003,180.8522510434606,0.0055293754666050025
0.175,0.0001,24,0.6676187612748046,0.6036899282895973,1.0009446325385996,5115.413710162357,0.2443291091476567,1.9731068290515976,0.03244099652142483,0.00017500000000000003,0.0,0.00017500000000000003,185.3771229795704,0.0053944088889016015
0.175,0.0001,25,0.6447688564476886,0.5677743695621442,1.1107310962307817,5173.946319951338,0.2082794043526519,1.8376492381880165,0.03133512719125975,0.00017500000000000003,0.0,0.00017500000000000003,179.05786966434138,0.005584786649559618
0.175,0.0001,26,0.667684971313613,0.601604739026304,1.016762597438089,5070.100588629759,0.2777778013260104,2.125813755046482,0.03316702979224572,0.00017500000000000003,0.0,0.00017500000000000003,189.52588452711836,0.005276324141660527
0.175,0.0001,27,0.6790289952798382,0.6062466517831148,1.0089976629414714,5099.2163032891285,0.2259835347358603,1.911786143533613,0.03354722064551483,0.00017500000000000003,0.0,0.00017500000000000003,191.69840368865616,0.005216527528440632
0.175,0.0001,28,0.6461827754795035,0.5911012868836363,1.0447255877760455,5118.609101165852,0.2632210906012915,2.0352697871238146,0.03356239030946672,0.00017500000000000003,0.0,0.00017500000000000003,191.78508748266694,0.005214169741379801
0.175,0.0001,29,0.6736874236874237,0.6003299954448631,1.0291060813689554,5192.708791208791,0.28696230283821933,2.12534646255965,0.032112609380382545,0.00017500000000000003,0.0,0.00017500000000000003,183.50062503075736,0.005449572718525539
0.175,0.001,0,0.18727370772667745,0.13977674944079513,3.5524881865560745,5241.569293582929,0.22083573241252452,1.8860377018235324,0.033279814471261666,0.00175,0.0,0.00175,19.01703684072095,0.052584427762095515
0.175,0.001,1,0.1723046786709862,0.1332910285509285,3.557435772681927,5126.625329616515,0.21646677219541743,1.8716793620951602,0.03157935209939189,0.00175,0.0,0.00175,18.045344056795365,0.05541595642912823
0.175,0.001,2,0.1910998774509804,0.14129204857900313,3.5371972586230656,5212.49609375,0.23265945428283885,1.9265498509506103,0.03132764069997304,0.00175,0.0,0.00175,17.901508971413165,0.05586121268307019
0.175,0.001,3,0.2105546580506193,0.16326894560053345,3.4280915626321535,5235.230479267636,0.25306724416441284,2.0052732489090896,0.03435860729297654,0.00175,0.0,0.00175,19.63348988170088,0.0509333799556459
0.175,0.001,4,0.17728197783975277,0.1344348599289732,3.5601824906977138,5130.123388859576,0.2059923124324996,1.8234024932569846,0.031500460127716935,0.00175,0.0,0.00175,18.000262930123963,0.055554744054681054
0.175,0.001,5,0.17720167746854745,0.1299166864429344,3.6179115824229933,5189.057033930614,0.29469417489599437,2.1571352287629795,0.032470824705174914,0.00175,0.0,0.00175,18.554756974385665,0.05389453504459653
0.175,0.001,6,0.18518518518518517,0.14266087887781123,3.449053771554608,5154.735893357571,0.2871465228672605,2.1380895478984225,0.03298152690346697,0.00175,0.0,0.00175,18.846586801981125,0.053060005533462504
0.175,0.001,7,0.1926528749619714,0.14249877146396464,3.5636829309925373,5175.156753878917,0.20431471162009984,1.8200081783866278,0.03334180630124531,0.00175,0.0,0.00175,19.052460743568748,0.05248665846681012
0.175,0.001,8,0.1766412213740458,0.13326482779198734,3.581561957747973,5194.97465648855,0.23028365059872158,1.926636624004236,0.03387611616545806,0.00175,0.0,0.00175,19.357780665976033,0.05165881447131167
0.175,0.001,9,0.18828515211139701,0.14204670539524336,3.478101362825267,5149.169895565309,0.20103600170114078,1.8041753506327973,0.03249882989105131,0.00175,0.0,0.00175,18.570759937743606,0.05384809255799914
0.175,0.001,10,0.1762397162049966,0.13389377033443026,3.5645298332068607,5135.638538757642,0.2490313021990005,1.9908263039674112,0.030311266992446063,0.00175,0.0,0.00175,17.320723995683466,0.05773430719461913
0.175,0.001,11,0.2257546809323653,0.176399677223278,3.336765213593061,5200.3495605655335,0.20112399704521522,1.794661378210298,0.034747154972701,0.00175,0.0,0.00175,19.855517127257713,0.050363835582363
0.175,0.001,12,0.17748655404893568,0.13646071914214203,3.6529959424800924,5155.242102870995,0.2731654699018691,2.1090445089119543,0.03117132859116205,0.00175,0.0,0.00175,17.812187766378315,0.05614133497332463
0.175,0.001,13,0.19021739130434784,0.15045999565421384,3.502940762522527,5208.987369871403,0.22098168430966325,1.893115831461881,0.03447337429360854,0.00175,0.0,0.00175,19.699071024919167,0.05076381514311046
0.175,0.001,14,0.2471395881006865,0.21202468216258077,3.250591571351972,5191.078337147216,0.20417676158831455,1.8135992863020722,0.03698827177509701,0.00175,0.0,0.00175,21.136155300055435,0.04731229430346669
0.175,0.001,15,0.16144962771615257,0.12583354172116815,3.6780238665484224,5170.302461631971,0.2993685498367995,2.172178052589696,0.033150752736553546,0.00175,0.0,0.00175,18.943287278030596,0.05278914822559578
0.175,0.001,16,0.18091093269302919,0.13873323503043067,3.5462293032971095,5106.779020034516,0.25842802025726996,2.0042344889837294,0.03469078415058809,0.00175,0.0,0.00175,19.823305228907483,0.05044567434404141
0.175,0.001,17,0.19055675176868656,0.14391147625454753,3.5413582548680087,5233.673792679176,0.2128150279459078,1.8604865355835742,0.03235348361251659,0.00175,0.0,0.00175,18.48770492143805,0.054090002206840494
0.175,0.001,18,0.16420523751522534,0.12222554543389366,3.706788030630122,5180.20181181486,0.18609186910907738,1.7370729497007364,0.03359268264283908,0.00175,0.0,0.00175,19.195818653050903,0.052094678433579816
0.175,0.001,19,0.17191011235955056,0.12450907193289112,3.6472431339165183,5097.429288389513,0.2294595882995054,1.8956232780769349,0.03298666338708253,0.00175,0.0,0.00175,18.84952193547573,0.05305174335047461
0.175,0.001,20,0.1971872907210358,0.1450197591929395,3.477914361957643,5064.971649676315,0.1945958720461931,1.771324024954159,0.03264806021723052,0.00175,0.0,0.00175,18.65603440984601,0.05360195945351787
0.175,0.001,21,0.20159650576097599,0.15833541761341016,3.4220348531788076,5124.584908502146,0.2255445822083857,1.89014743377719,0.034521314275835366,0.00175,0.0,0.00175,19.72646530047735,0.050693319090257975
0.175,0.001,22,0.16692925200690226,0.12883461742639074,3.6248222099752256,5105.681521494485,0.2538787894300185,2.0067664829844265,0.033264693062021435,0.00175,0.0,0.00175,19.008396035440818,0.052608331504431914
0.175,0.001,23,0.18961435662466591,0.14719411946021635,3.5080856373748515,5196.010232913326,0.24502257857238874,1.9728822329617104,0.03142289438852927,0.00175,0.0,0.00175,17.955939650588153,0.055691877977950575
0.175,0.001,24,0.18516566265060241,0.14073251300855907,3.4964159833684105,5124.179894578313,0.2792352404794656,2.1007552940168557,0.03238511062715737,0.00175,0.0,0.00175,18.50577750123278,0.05403717838568976
0.175,0.001,25,0.17317128406431645,0.13393357679906692,3.548006554058228,5137.842530384238,0.2263599170546513,1.901782962054519,0.03295817957718298,0.00175,0.0,0.00175,18.833245472675987,0.053097592841915606
0.175,0.001,26,0.17341878385595483,0.1281154552992915,3.732191064976206,5192.397039749752,0.24863978620851412,1.9877282888435859,0.030213056494547388,0.00175,0.0,0.00175,17.264603711169936,0.05792197821216222
0.175,0.001,27,0.2004753143207605,0.15566064862480825,3.4841331946383063,5218.09383624655,0.2644473149557598,2.058605859060929,0.03769402784087652,0.00175,0.0,0.00175,21.53944448050087,0.046426452683367744
0.175,0.001,28,0.20209032651815684,0.15438426007063,3.4076005327989574,5191.891821788221,0.25301312329247594,2.0059977411112015,0.03316821323711851,0.00175,0.0,0.00175,18.953264706924863,0.052761358819340236
0.175,0.001,29,0.13876251137397635,0.11734767211445887,3.5888468348629052,5160.637700940249,0.23712460085516796,1.9413394053448538,0.032497508525073646,0.00175,0.0,0.00175,18.570004871470655,0.053850282050077074
0.175,1.0,0,0.005302464525765497,0.005722785501341216,7.453122580904926,5081.609335324869,3.4508804508659523,14.818670000000884,0.030907648431933964,1.75,0.0,1.75,0.01766151338967655,56.620289435927766
0.175,1.0,1,0.007443787890415164,0.005722166841447516,7.453692934548207,5221.339191159543,3.6099479618133046,15.307125924561959,0.0318646878397054,1.75,0.0,1.75,0.01820839305126023,54.919728346417074
0.175,1.0,2,0.005971977643365745,0.00572283068437562,7.453755654235472,5210.617640303192,3.4478086039598566,14.458225816819644,0.03630178835692387,1.75,0.0,1.75,0.02074387906109935,48.20699142405256
0.175,1.0,3,0.005445057853739696,0.005715768170177241,7.454716964902612,5147.0964228994935,3.530008108326001,15.118587202732359,0.030482753109968234,1.75,0.0,1.75,0.01741871606283899,57.40951264102613
0.175,1.0,4,0.013824534751234333,0.0057234522619267715,7.453537593158588,5169.433497911128,3.490560496109538,14.828864997004466,0.03352451650111404,1.75,0.0,1.75,0.019156866572065168,52.200603696755664
0.175,1.0,5,0.006144276720018205,0.0057168515902585445,7.4548625197731395,5162.773344458773,3.4630646138684824,14.764513148080079,0.03369543707374353,1.75,0.0,1.75,0.01925453547071059,51.935815409370406
0.175,1.0,6,0.004545798924160922,0.0057174938881075135,7.4547906488492774,5155.53988938556,3.535219195880927,15.252807461392338,0.035214117156954224,1.75,0.0,1.75,0.0201223526611167,49.6959782407722
0.175,1.0,7,0.0050373988704014655,0.005715102007335387,7.4545424657336845,5193.711799725233,3.4629486036719754,14.709169238318589,0.0343075341493083,1.75,0.0,1.75,0.01960430522817617,51.00920376217954
0.175,1.0,8,0.00568569479190357,0.005714926220827784,7.454832664959473,5158.429990144796,3.549527051683981,15.150521009197218,0.03502227361608997,1.75,0.0,1.75,0.02001272778062284,49.968200785114455
0.175,1.0,9,0.0036515785469760365,0.00571704007960843,7.454045065555058,5177.392620768353,3.4623160700430162,14.904249966752145,0.03121131415596191,1.75,0.0,1.75,0.017835036660549662,56.06941095960611
0.175,1.0,10,0.003118107840900449,0.0057188354006282634,7.453686483691496,5175.690774963876,3.4766552111541387,14.813249257008069,0.02911314659027023,1.75,0.0,1.75,0.016636083765868705,60.110300842055295
0.175,1.0,11,0.007165726482695533,0.005714055342296427,7.455116905073196,5187.21931696905,3.442798092524754,14.782891382039208,0.03465221651385797,1.75,0.0,1.75,0.01980126657934741,50.501819971606935
0.175,1.0,12,0.004036864955442151,0.005719143008278916,7.4537243523613945,5183.077614441313,3.444994857214624,14.515992049446666,0.032373292582326525,1.75,0.0,1.75,0.018499024332758015,54.05690494872225
0.175,1.0,13,0.0059046177138531416,0.00571772997623579,7.454211192129997,5150.070931112793,3.449893339711707,14.799164046888638,0.032563046659297004,1.75,0.0,1.75,0.018607455233884,53.741900084166765
0.175,1.0,14,0.0037327645311190675,0.005724769750090625,7.452478448672732,5183.463548411671,3.5071222844999284,15.166723526921993,0.034676876112314965,1.75,0.0,1.75,0.019815357778465693,50.46590685769743
0.175,1.0,15,0.004577008162331223,0.005713927958066608,7.454581057562955,5191.236555038523,3.5275400143291336,14.601349435723806,0.03216044447131375,1.75,0.0,1.75,0.018377396840750713,54.41467084078869
0.175,1.0,16,0.005666156202143951,0.0057177629382132444,7.454604832022065,5211.315313935682,3.4450701965542976,14.637971049557455,0.031222029508689384,1.75,0.0,1.75,0.017841159719251078,56.05016802360521
0.175,1.0,17,0.0038528367454861373,0.005716693896935167,7.454432716354579,5140.827906625368,3.468401513498975,14.473082167366284,0.03277832935998141,1.75,0.0,1.75,0.018730473919989377,53.388932083175355
0.175,1.0,18,0.009768009768009768,0.005719327737821913,7.4542397233673725,5192.270146520146,3.4707110379240476,14.943916667254673,0.03277524892408947,1.75,0.0,1.75,0.01872871367090827,53.393949930118396
0.175,1.0,19,0.006768575557076583,0.005719294624055289,7.454029171116088,5175.3869495779145,3.484549633547431,14.795752670892266,0.035207515019593086,1.75,0.0,1.75,0.020118580011196048,49.70529726469249
0.175,1.0,20,0.005876068376068376,0.005721655308162623,7.453026846931965,5192.911935286936,3.428926215332467,14.560010379703101,0.03234363410674718,1.75,0.0,1.75,0.018482076632426958,54.106474066095565
0.175,1.0,21,0.0015315108354391608,0.005719597145339338,7.453126614984161,5211.571789570411,3.5614873719750904,15.266907716790662,0.033983633407330904,1.75,0.0,1.75,0.019419219089903374,51.495376583908545
0.175,1.0,22,0.007144485825036103,0.005727473798885536,7.452616326909123,5171.895720909022,3.529136144934455,14.822243169298785,0.033121090322895175,1.75,0.0,1.75,0.018926337327368672,52.83642485616788
0.175,1.0,23,0.006254290290595683,0.005716357006708453,7.454354119354155,5190.438486766837,3.5097692970884964,14.849507608100872,0.033193668495334575,1.75,0.0,1.75,0.018967810568762615,52.72089766896254
0.175,1.0,24,0.005632593266146346,0.005719467884209146,7.4541528906553,5156.235204970827,3.4725311625225004,14.830029238231749,0.02940014713675001,1.75,0.0,1.75,0.016800084078142864,59.52351162938604
0.175,1.0,25,0.00705721657307634,0.005715328168742943,7.454413344506434,5164.276825011382,3.5175725509179756,15.10218368123261,0.03253614483704374,1.75,0.0,1.75,0.018592082764024995,53.78633543601493
0.175,1.0,26,0.008040276525398257,0.0057214326698479135,7.454047871238762,5113.055154794109,3.5139999286911916,14.949279254443988,0.03433837597900161,1.75,0.0,1.75,0.019621929130858064,50.96338863172064
0.175,1.0,27,0.0059455751200548825,0.005714951953646239,7.455277549173171,5187.215717661407,3.5138276595971547,15.108796342886032,0.036166837314526,1.75,0.0,1.75,0.020666764179729145,48.38686846685187
0.175,1.0,28,0.005133625245357089,0.005716582631958157,7.454578225347284,5136.442095727012,3.5127177525428124,14.942091163810229,0.03533287563264199,1.75,0.0,1.75,0.02019021464722399,49.528943474481224
0.175,1.0,29,0.0076788565346308825,0.005720744911604083,7.453527213249754,5173.950733672927,3.487465016718488,14.792779564875824,0.03359593714617227,1.75,0.0,1.75,0.019197678369241297,52.08963192144158
0.2,0.0001,0,0.647440794499618,0.5739696673916461,1.1121829583144573,5941.1577540106955,0.23912011785432696,1.9523351537440563,0.036265803690561184,0.00017500000000000003,0.0,0.00017500000000000003,207.23316394606388,0.004825482470847513
0.2,0.0001,1,0.6488363220144983,0.5787542891075778,1.0865398961388522,5935.075467378863,0.2880757461534813,2.1441199736934804,0.03273338900225382,0.00017500000000000003,0.0,0.00017500000000000003,187.04793715573607,0.005346223087012183
0.2,0.0001,2,0.628099173553719,0.5585636812181171,1.138540463510231,6006.717231791148,0.22973286427441053,1.925118896815735,0.03231809702379581,0.00017500000000000003,0.0,0.00017500000000000003,184.67484013597604,0.00541492278679489
0.2,0.0001,3,0.6171651886367052,0.5500164478929049,1.1714082726066994,5845.562753644972,0.24938140317681246,2.0041206126265267,0.03275117482299916,0.00017500000000000003,0.0,0.00017500000000000003,187.14957041713805,0.00534331977236762
0.2,0.0001,4,0.6464381921580366,0.5700234292703774,1.1276878748995918,5819.491319964082,0.20117079265764914,1.7929585195206055,0.03313039218814868,0.00017500000000000003,0.0,0.00017500000000000003,189.316526789421,0.0052821590220293434
0.2,0.0001,5,0.6284911961141469,0.5554863369884567,1.1382731168410514,5901.509942319369,0.27423402326530777,2.0891642316365644,0.03278805026903877,0.00017500000000000003,0.0,0.00017500000000000003,187.36028725165008,0.005337310348253605
0.2,0.0001,6,0.6426729368932039,0.5725457047904409,1.116443362163619,5899.192354368932,0.22262014940497465,1.881993639320065,0.03497138772337934,0.00017500000000000003,0.0,0.00017500000000000003,199.83650127645336,0.005004090812301614
0.2,0.0001,7,0.6893189318931893,0.595553925698438,1.05101600882277,5834.303180318032,0.24044507299549878,1.9465194689431757,0.0313875626447542,0.00017500000000000003,0.0,0.00017500000000000003,179.35750082716683,0.005575456813281669
0.2,0.0001,8,0.6876026885735623,0.6244629927561143,0.9607040109369275,5808.614861837192,0.24169282332877629,1.9592160758403763,0.036158502926226084,0.00017500000000000003,0.0,0.00017500000000000003,206.62001672129188,0.0048398021443822265
0.2,0.0001,9,0.6276305828917487,0.5569430366415153,1.1393787059860923,5888.878274034822,0.24971536340308376,2.0059973652348746,0.0335777579823256,0.00017500000000000003,0.0,0.00017500000000000003,191.87290275614626,0.005211783350517779
0.2,0.0001,10,0.649909008189263,0.5845217314723067,1.0686381883999307,5896.758720048529,0.22078033638536,1.890513012395195,0.032185819364202846,0.00017500000000000003,0.0,0.00017500000000000003,183.91896779544481,0.005437177100255384
0.2,0.0001,11,0.6471764886905678,0.5682040139033243,1.1271201730046048,5983.214571472534,0.23505286331055686,1.9393387166263487,0.03379620632577808,0.00017500000000000003,0.0,0.00017500000000000003,193.12117900444613,0.005178095976604293
0.2,0.0001,12,0.6481595564454028,0.576796013634485,1.0937222209914408,5988.6142769135995,0.3808813715004362,2.487441649674553,0.033023467141625615,0.00017500000000000003,0.0,0.00017500000000000003,188.70552652357492,0.00529926186276834
0.2,0.0001,13,0.6412312862816988,0.5746332349169889,1.094561865411069,5940.496715551481,0.22632684986456297,1.9009681978282318,0.034480298491218565,0.00017500000000000003,0.0,0.00017500000000000003,197.0302770926775,0.005075362095388153
0.2,0.0001,14,0.6218852396555665,0.5478615182272225,1.1770503791220799,5928.413472529147,0.2975587876571808,2.1923743513083163,0.032363529562151876,0.00017500000000000003,0.0,0.00017500000000000003,184.93445464086784,0.005407321215194556
0.2,0.0001,15,0.6409727001605873,0.5670194623890816,1.1186744617225548,5946.825571614285,0.20636478788219392,1.815105289352165,0.03372273817865875,0.00017500000000000003,0.0,0.00017500000000000003,192.70136102090711,0.005189376944211127
0.2,0.0001,16,0.6455095321950846,0.5784711825887845,1.0916268805237594,5954.087742133068,0.2125146533071529,1.8418235933322302,0.03199882744058293,0.00017500000000000003,0.0,0.00017500000000000003,182.85044251761673,0.005468950395915257
0.2,0.0001,17,0.662665248442486,0.5942469204806441,1.0348398733697202,5908.503039051816,0.2392794105981011,1.9519032283950508,0.03152968657538906,0.00017500000000000003,0.0,0.00017500000000000003,180.16963757365173,0.005550324757639638
0.2,0.0001,18,0.6699763232261514,0.6007498732919299,1.0360608254091177,5940.230046589781,0.287797988334205,2.1442217185289945,0.03246150967283048,0.00017500000000000003,0.0,0.00017500000000000003,185.4943409876027,0.005391000041703881
0.2,0.0001,19,0.6248675647041018,0.5572246935824933,1.1655105744958834,5885.322385348873,0.2707400454382878,2.0695637602470702,0.03181351654500433,0.00017500000000000003,0.0,0.00017500000000000003,181.79152311431045,0.005500806544049913
0.2,0.0001,20,0.6438263229308006,0.5723179232368979,1.1051963150369957,5862.46004824363,0.29131753047113307,2.1536840275432896,0.03216782551527368,0.00017500000000000003,0.0,0.00017500000000000003,183.81614580156386,0.005440218516383952
0.2,0.0001,21,0.679293498684705,0.6145495588092527,0.9998330824579734,5845.189778278843,0.33193306301836856,2.3287312701237566,0.0331564799294972,0.00017500000000000003,0.0,0.00017500000000000003,189.4655995971268,0.005278002983794239
0.2,0.0001,22,0.6277667531674553,0.5541568285259504,1.1709468657111548,5936.546405128988,0.28592469566501677,2.1168549439299955,0.031159026333020264,0.00017500000000000003,0.0,0.00017500000000000003,178.05157904583004,0.005616350078774659
0.2,0.0001,23,0.6566848154869933,0.5891960235778042,1.0604266148891126,5881.334392014519,0.2144009779440239,1.8435012533473427,0.032636974614557134,0.00017500000000000003,0.0,0.00017500000000000003,186.4969977974693,0.005362016610508513
0.2,0.0001,24,0.6420830824804334,0.5728394625201837,1.106837157281612,5852.424894641782,0.20546548927086405,1.8338909478923462,0.03321650534715471,0.00017500000000000003,0.0,0.00017500000000000003,189.80860198374117,0.00526846512512462
0.2,0.0001,25,0.6373276776246023,0.5640409729651912,1.1160535711421409,5889.908498712316,0.19976936531020328,1.7786324745065762,0.03313753808596472,0.00017500000000000003,0.0,0.00017500000000000003,189.35736049122696,0.005281019958272658
0.2,0.0001,26,0.8771661958928162,0.7807131483629249,0.6003580718945591,5937.126421864265,0.22535624890588224,1.8846113134944567,0.03436836148112288,0.00017500000000000003,0.0,0.00017500000000000003,196.39063703498783,0.005091892439973326
0.2,0.0001,27,0.6200982244049867,0.5482323672648618,1.1842593706630906,5876.707895731016,0.2017727980564814,1.8097118079342063,0.03136425255844446,0.00017500000000000003,0.0,0.00017500000000000003,179.2243003339683,0.005579600523682281
0.2,0.0001,28,0.6075502851996397,0.5379835430881917,1.2155708265664393,5836.694085860102,0.3358959145261906,2.363368951547857,0.03350148476705567,0.00017500000000000003,0.0,0.00017500000000000003,191.43705581174663,0.005223649077550427
0.2,0.0001,29,0.6315550166717186,0.5599823038294051,1.1357441888821502,5894.16603516217,0.24029810837237164,1.9739140703002591,0.032614551625328815,0.00017500000000000003,0.0,0.00017500000000000003,186.36886643045034,0.005365703076662662
0.2,0.001,0,0.17324975455026057,0.13234770238620522,3.6543110210108667,5873.598897364247,0.21666394267231226,1.8566469247998718,0.03433268044901578,0.00175,0.0,0.00175,19.61867454229473,0.05097184306942651
0.2,0.001,1,0.1526872048572071,0.11299921174062041,3.785820861201016,5829.957049696424,0.2513837823062204,1.9873415862233665,0.029871499257660875,0.00175,0.0,0.00175,17.069428147234785,0.05858427074266094
0.2,0.001,2,0.1530083377150154,0.11353037799173868,3.8263570484713183,5842.816420040562,0.25316951744025573,2.0131049521010125,0.032957145791890505,0.00175,0.0,0.00175,18.832654738223145,0.05309925838391649
0.2,0.001,3,0.22371619568520207,0.17841491850728677,3.4185680389413466,5907.567608629596,0.26813195046270266,2.056664688323014,0.032312898601564916,0.00175,0.0,0.00175,18.464513486608524,0.05415793926686749
0.2,0.001,4,0.21848868431146912,0.17533508400513295,3.3842928760766378,5966.066283084005,0.21634591647307388,1.8645988062053893,0.03273370080966623,0.00175,0.0,0.00175,18.704971891237843,0.053461721611484485
0.2,0.001,5,0.1444087501912192,0.11305451495486166,3.7118530038985678,5948.313905461221,0.3152863540162798,2.259425932866952,0.03211226612826068,0.00175,0.0,0.00175,18.349866359006104,0.054496309697056766
0.2,0.001,6,0.1555103271521182,0.11716648266113765,3.8141953839107594,5861.7008894919345,0.2872037914057728,2.116184540865516,0.032475721105282414,0.00175,0.0,0.00175,18.557554917304238,0.05388640930640797
0.2,0.001,7,0.15187076125885848,0.1147593136005569,3.8288961938543133,5925.3026746932865,0.295138324436266,2.1890065391671008,0.030683094975203072,0.00175,0.0,0.00175,17.53319712868747,0.057034663596168655
0.2,0.001,8,0.16956117227477127,0.12735187829372796,3.7001484195248584,6029.319119243293,0.28979986626654863,2.1636538576497006,0.03210129689700309,0.00175,0.0,0.00175,18.34359822685891,0.05451493145634799
0.2,0.001,9,0.16785822938850015,0.12848645333016975,3.710391252379164,5915.413218740493,0.21223124119569547,1.8454720563135965,0.0339013651185586,0.00175,0.0,0.00175,19.372208639176343,0.05162034018040172
0.2,0.001,10,0.18587360594795538,0.14956274088371035,3.6166187030610852,5900.551020408163,0.24948173866141587,2.0001454198926982,0.03310740468510604,0.00175,0.0,0.00175,18.91851696291774,0.052858265896851435
0.2,0.001,11,0.18114447245778897,0.13661763240227992,3.6329640577512143,5940.8583543433415,0.2353684895497281,1.9396593792828203,0.03221727542658859,0.00175,0.0,0.00175,18.409871672336337,0.054318683899500175
0.2,0.001,12,0.169794119881486,0.12664580650246798,3.7135005621465482,5907.879662690876,0.23424089336185716,1.9290152891787067,0.03304328894406391,0.00175,0.0,0.00175,18.881879396607946,0.05296082974556261
0.2,0.001,13,0.18116544478875368,0.13901654432104338,3.604867184126498,5877.523467613937,0.22814737356384285,1.9044463397576736,0.034185330643325636,0.00175,0.0,0.00175,19.534474653328935,0.05119154816019517
0.2,0.001,14,0.19230769230769232,0.1510193220218194,3.57151378241297,5808.019044062733,0.19160842330893502,1.7646027014468846,0.034818441700750505,0.00175,0.0,0.00175,19.89625240042886,0.05026072146021053
0.2,0.001,15,0.15097597597597598,0.1190107526703624,3.7805799332497156,5838.898048048048,0.2607623823278118,2.0292450356900202,0.03380825525697581,0.00175,0.0,0.00175,19.31900300398618,0.05176250553890723
0.2,0.001,16,0.1481453444360333,0.11620307290993542,3.7935708653522346,5887.685616956851,0.2878742707252968,2.1543920245306762,0.03218623571190548,0.00175,0.0,0.00175,18.392134692517416,0.05437106767203244
0.2,0.001,17,0.17220956719817768,0.13704445520314867,3.6577272091055386,5904.692103264996,0.2525333426310681,1.9978779786641243,0.03355423115024212,0.00175,0.0,0.00175,19.173846371566928,0.05215437636357143
0.2,0.001,18,0.15902803738317756,0.12066017626148541,3.775799478097821,5814.437757009346,0.21819255774607882,1.8656004718312822,0.031124611940658537,0.00175,0.0,0.00175,17.785492537519165,0.05622560060625043
0.2,0.001,19,0.15965211989439354,0.11737525003012207,3.764886378107539,6039.377232489517,0.3130443760601338,2.247650964529087,0.03145879088770799,0.00175,0.0,0.00175,17.976451935833136,0.05562832997131444
0.2,0.001,20,0.16715520481022172,0.12957802915259162,3.628651563919348,5846.14866591507,0.2511893160699401,1.978626340123208,0.03310365097531796,0.00175,0.0,0.00175,18.916371985895974,0.05286425963422578
0.2,0.001,21,0.17688908859432337,0.1371903554720937,3.6575149342929403,5823.677375870591,0.1856331297021825,1.7462836432415552,0.03292061528841115,0.00175,0.0,0.00175,18.811780164806372,0.05315818020618959
0.2,0.001,22,0.158459064103546,0.12646629111586996,3.773954782803643,5955.282989967068,0.31620263020158745,2.2607551008518847,0.03285937045131962,0.00175,0.0,0.00175,18.77678311503978,0.05325725891774414
0.2,0.001,23,0.1664639708117969,0.11419879593894515,3.868677467422052,5910.977728792946,0.2271418446325697,1.8969586927515456,0.03406340232306476,0.00175,0.0,0.00175,19.46480132746558,0.05137478585969238
0.2,0.001,24,0.1927710843373494,0.1411666540941614,3.5394498238912107,5819.726034573075,0.25768854754278436,2.0078230018036685,0.03466781641396306,0.00175,0.0,0.00175,19.81018080797889,0.0504790950518348
0.2,0.001,25,0.19141282718506047,0.1473623836050921,3.5610470880420833,5953.1474820143885,0.22516625036951154,1.9106388673500616,0.03572790826650116,0.00175,0.0,0.00175,20.415947580857804,0.048981316984650275
0.2,0.001,26,0.15545864891745084,0.12099284116938623,3.729818670243514,5949.957004054778,0.21739413318573497,1.8714798534823007,0.03287172455296869,0.00175,0.0,0.00175,18.783842601696392,0.05323724336945246
0.2,0.001,27,0.17496934396076028,0.13206063676244514,3.668940369491081,5960.181713672593,0.2211090627242811,1.8724037556816766,0.033488427362589154,0.00175,0.0,0.00175,19.1362442071938,0.052256858199169226
0.2,0.001,28,0.22937853107344633,0.17571063353759603,3.405841543846733,5857.7019209039545,0.2747408291033935,2.091724810507923,0.03538869365017748,0.00175,0.0,0.00175,20.222110657244276,0.04945082226823661
0.2,0.001,29,0.16617457793928384,0.12315000664297751,3.765523887314766,5888.0844878491935,0.2505038389354013,1.981810663018091,0.03389515768175453,0.00175,0.0,0.00175,19.368661532431158,0.051629793743134283
0.2,1.0,0,0.004438426239374107,0.005005030576628607,7.646680941442513,5852.247950048898,3.527465994411614,14.945003975291227,0.032752955381417106,1.75,0.0,1.75,0.018715974503666917,53.430292919242625
0.2,1.0,1,0.005813064096680434,0.004998347002101258,7.647532830376689,5949.023022793331,3.534687831706833,15.119231938428914,0.032335008862441186,1.75,0.0,1.75,0.018477147921394963,54.120906768413384
0.2,1.0,2,0.004094321025096672,0.0050037622851349965,7.646398140846913,5895.630070513306,3.4973685977747664,14.987027347449896,0.03342627722467783,1.75,0.0,1.75,0.019100729842673046,52.35402040847123
0.2,1.0,3,0.004354681282378557,0.005000062473217891,7.646882655127945,5840.273143629402,3.5585470133810304,15.191936813260806,0.032243003727154565,1.75,0.0,1.75,0.018424573558374038,54.27534031285605
0.2,1.0,4,0.00425273390036452,0.0050043308467924855,7.645612571355098,5905.961345686513,3.565461299207527,15.31522970329521,0.03135790778728396,1.75,0.0,1.75,0.017918804449876546,55.80729466618458
0.2,1.0,5,0.0037744394957348834,0.005001036616893213,7.64708893175839,5870.202385445761,3.477042880724184,14.820777922150793,0.03494175510840091,1.75,0.0,1.75,0.019966717204800522,50.08334568687004
0.2,1.0,6,0.004387990762124711,0.005005594049662369,7.6458652256077615,5987.0396458814475,3.6172704652126413,15.384026704239036,0.03511792144403957,1.75,0.0,1.75,0.020067383682308326,49.83210645848234
0.2,1.0,7,0.0022732439190725163,0.005002524884801831,7.646579593005937,5893.05842236872,3.491708791203564,14.927602965538119,0.03239087916114922,1.75,0.0,1.75,0.018509073806370985,54.027554833985874
0.2,1.0,8,0.003630862329803328,0.005004405906450116,7.646208087581726,5882.730484114977,3.459604102477897,14.427623295016858,0.033827448939764145,1.75,0.0,1.75,0.019329970822722368,51.73313551122905
0.2,1.0,9,0.003538623701249812,0.005005964416783472,7.645192786275423,5854.851076645084,3.5264067207172047,15.166189447729076,0.03573095581193058,1.75,0.0,1.75,0.020417689035388903,48.977139296555684
0.2,1.0,10,0.006258011008067556,0.005005336822833591,7.645760804279884,5864.331749981151,3.4961658186803106,14.755412176799787,0.03561762064240839,1.75,0.0,1.75,0.020352926081376226,49.13298441716652
0.2,1.0,11,0.018469457270456437,0.005004270752585968,7.647629466056065,5886.874876996442,3.517532565019792,14.967338057231716,0.03534071859857423,1.75,0.0,1.75,0.020194696342042417,49.51795179599436
0.2,1.0,12,0.0030882796022898462,0.004996272477260979,7.64772307783203,5857.896128351913,3.479560261563165,14.833083144527848,0.03430469512110404,1.75,0.0,1.75,0.019602682926345167,51.01342524170724
0.2,1.0,13,0.004685610640870617,0.0050020912914986075,7.646619199190976,5877.222188633616,3.5081933261826634,14.791640551110468,0.032592410049576394,1.75,0.0,1.75,0.018624234314043652,53.69348254204187
0.2,1.0,14,0.0075551526140828044,0.0049996993970901375,7.647129632116261,5876.099954669085,3.6795268798596226,15.728404351004631,0.03225675333268371,1.75,0.0,1.75,0.018432430475819266,54.25220517239212
0.2,1.0,15,0.011904761904761904,0.005003977494339645,7.646234323858733,5878.184731670446,3.477494814025704,14.856804337867027,0.03303773046504796,1.75,0.0,1.75,0.01887870312288455,52.969740214189365
0.2,1.0,16,0.002275658044451187,0.005000445182947768,7.6472026187214865,5899.553288325874,3.5403921608813107,15.4118261723773,0.0299047243983853,1.75,0.0,1.75,0.017088413941934458,58.51918167466847
0.2,1.0,17,0.0046439628482972135,0.005000886310184658,7.64671004321532,6018.658049535604,3.5224359515414108,15.20243108155833,0.034596530061435406,1.75,0.0,1.75,0.01976944574939166,50.583107522413556
0.2,1.0,18,0.0026668698567509906,0.0049979948481787585,7.647601889290254,5926.036498018897,3.616910936689237,15.389265714626145,0.03220249630292094,1.75,0.0,1.75,0.018401426458811966,54.3436131018596
0.2,1.0,19,0.004101785036080516,0.005002683215743497,7.6465282478537295,5907.402886441321,3.50794974991004,14.96698704485753,0.030489710655944205,1.75,0.0,1.75,0.01742269180339669,57.396412178113735
0.2,1.0,20,0.0030125018828136767,0.005000326537151436,7.646762459968604,5857.574710046693,3.487870163487969,14.642033178477785,0.03235074032185966,1.75,0.0,1.75,0.01848613732677695,54.09458895187974
0.2,1.0,21,0.004482942025681939,0.004998097836095041,7.64761006929826,5908.975989666439,3.500391787994886,14.906149127532471,0.0305569744526562,1.75,0.0,1.75,0.017461128258660686,57.27006784364017
0.2,1.0,22,0.0034572833435771357,0.005005946532785329,7.645870097353796,5975.43385064536,3.591328341019107,15.072984802115965,0.03156951180241787,1.75,0.0,1.75,0.01803972102995307,55.433229723431126
0.2,1.0,23,0.0017397881996974282,0.005000092581317858,7.646871561422708,5881.841906202723,3.5477074991213158,15.183089409557455,0.033204818806821516,1.75,0.0,1.75,0.018974182175326582,52.703193779828254
0.2,1.0,24,0.002291125706430426,0.004998260832503338,7.646915325645769,5939.982740186345,3.469253586459672,14.707209740255664,0.03423717641018462,1.75,0.0,1.75,0.01956410080581978,51.11402818485415
0.2,1.0,25,0.004239247726221674,0.004999685105513108,7.647747899487453,5995.122629875135,3.446079127752455,14.739724254585095,0.03477007493414698,1.75,0.0,1.75,0.019868614248083987,50.33063642555918
0.2,1.0,26,0.0072436141822340835,0.00500667657597464,7.645552168495743,5929.711780404117,3.579765708040213,15.121715350234444,0.030017165370538734,1.75,0.0,1.75,0.017152665926022135,58.29997531071309
0.2,1.0,27,0.003915547024952015,0.00500961685004125,7.644434981358145,5969.785412667946,3.5682759003248066,15.229466471238783,0.031440989961262905,1.75,0.0,1.75,0.017966279977864517,55.65982502955855
0.2,1.0,28,0.0028098306608721714,0.005001580770934042,7.646971157530553,5827.149258204706,3.5281942189321853,14.995811346537023,0.034300107742395815,1.75,0.0,1.75,0.019600061567083323,51.020247899599305
0.2,1.0,29,0.004858053742219523,0.004997991305872389,7.648091103026121,5904.216942462426,3.617018170974916,15.337391829309599,0.03095590309175093,1.75,0.0,1.75,0.01768908748100053,56.53202863483368
