mix_scale,rep,deanon_top1,mean_true_posterior,posterior_entropy,bandwidth_overhead,latency,latency_overhead,sigma_d,sigma_Z,eta,inv_eta
0.0001,0,0.9505860721673178,0.9377195450484874,0.13790698133959542,566.938864628821,0.324601399974199,2.2918266052066762,0.029824393004045435,0.00017500000000000003,170.4251028802596,0.005867680189711244
0.0001,1,0.9531508497518424,0.9396302425647448,0.13305829279227824,556.512107083772,0.22724434643168934,1.9185968038633952,0.03083763315242684,0.00017500000000000003,176.21504658529622,0.00567488429267562
0.0001,2,0.9513233951931853,0.9353458579636282,0.14770081238252947,562.849710982659,0.23267888868576847,1.916500971820656,0.02861666895872985,0.00017500000000000003,163.5238226213134,0.006115316924285635
0.0001,3,0.9427402862985685,0.9273125774489047,0.16219409543904315,560.5092024539878,0.3045931115921121,2.2023600620614303,0.03086340217019357,0.00017500000000000003,176.3622981153918,0.005670146117883493
0.0001,4,0.9451396307034946,0.9321610848265607,0.14890137744021836,564.6502365328857,0.24024696153355762,1.940867654376714,0.030568693207351873,0.00017500000000000003,174.67824689915352,0.0057248112901964665
0.0001,5,0.9444232384151462,0.9267245984629773,0.16417389810536998,564.9514466753187,0.2752232876373455,2.0839344342046413,0.031516679334403365,0.00017500000000000003,180.0953104823049,0.005552615430806867
0.0001,6,0.9628490116144912,0.9494079726643788,0.11592942072979116,569.2024459656949,0.21617496939143166,1.8693360927973677,0.031001888938065863,0.00017500000000000003,177.15365107466204,0.005644817331924739
0.0001,7,0.9502830044362858,0.9355694763848291,0.1435513113440647,566.0298301973382,0.298835802503163,2.2061082248112527,0.031028441249973244,0.00017500000000000003,177.30537857127564,0.005639986829829904
0.0001,8,0.9518501668183197,0.936381851892768,0.14359984321135388,561.1455868971792,0.23327615970629267,1.9250772379863745,0.031052284272110046,0.00017500000000000003,177.44162441205737,0.005635656252096668
0.0001,9,0.9492007377805103,0.9366717915397699,0.13759008016102625,568.7221026744544,0.22416737058665603,1.895088639810546,0.030787315866928986,0.00017500000000000003,175.92751923959418,0.005684159046420183
0.0001,10,0.9474762808349146,0.9369158767373424,0.13705505084446945,561.6982922201139,0.31677343731280416,2.2639949705335587,0.030099427646158396,0.00017500000000000003,171.99672940661938,0.005814064043252177
0.0001,11,0.9482745486402072,0.9339485853604919,0.14736464344934955,563.7485335567914,0.2499962297733873,1.993056534840788,0.030299754918602564,0.00017500000000000003,173.1414566777289,0.005775624273863635
0.0001,12,0.950300174785318,0.9352210622579433,0.1454291396202357,562.3800440762976,0.1956240697472822,1.7660376222983443,0.031182085205291907,0.00017500000000000003,178.18334403023945,0.005612196838276255
0.0001,13,0.9518308795771989,0.9371294653769031,0.14212259335494182,558.7349943374859,0.18908649461809546,1.7596462338819134,0.028817294911647175,0.00017500000000000003,164.67025663798384,0.006072742099372753
0.0001,14,0.9502724795640327,0.935157405063412,0.14606062741495368,560.1280653950954,0.21245989250019193,1.8492473258511384,0.030629883448222275,0.00017500000000000003,175.02790541841298,0.005713374662225717
0.0001,15,0.9490130325432513,0.9339212969728107,0.1478829189773865,564.0058684551483,0.2619973953696899,2.024575042502831,0.029973546666814663,0.00017500000000000003,171.27740952465518,0.0058384815766147555
0.0001,16,0.9582495747641874,0.9443514265317302,0.12742491164747816,572.1458172259162,0.22776629441068508,1.9032216967754034,0.03239195533889449,0.00017500000000000003,185.09688765082564,0.005402575984348484
0.0001,17,0.9498880395336268,0.9371016570317638,0.1420375233419199,571.3961084086171,0.23755247369990684,1.9470463298620608,0.031005034476570693,0.00017500000000000003,177.17162558040394,0.00564424465104984
0.0001,18,0.9462851021501263,0.9301780262564433,0.15590058349587507,566.2460019894406,0.24733379360986874,1.9959776685768538,0.02989401534602971,0.00017500000000000003,170.82294483445546,0.00585401452345351
0.0001,19,0.9445583656109972,0.9293233463341559,0.1585391814091768,562.038961038961,0.30140285080415197,2.1904566931730285,0.03296272842604439,0.00017500000000000003,188.35844814882506,0.005309026538644466
0.0001,20,0.9456330036040181,0.9294397296769472,0.16004452344610934,567.4596273291926,0.18485651418450288,1.7330021670665263,0.030763614864268884,0.00017500000000000003,175.79208493867932,0.0056885382544317915
0.0001,21,0.9466133051423393,0.9332010648776361,0.14837586566726707,558.8192252510761,0.24965657299617305,1.9836329833253075,0.03314816022400358,0.00017500000000000003,189.41805842287758,0.005279327685681851
0.0001,22,0.9505465107391271,0.940223809760288,0.13844624833952965,565.641137353818,0.22732189355883747,1.8810247616924203,0.030096658459552682,0.00017500000000000003,171.98090548315815,0.005814598993944293
0.0001,23,0.9459789409430795,0.9311867602178341,0.15135760113573574,564.6502365328857,0.27736203288077377,2.099879712021946,0.031469971268256305,0.00017500000000000003,179.82840724717886,0.005560856681700315
0.0001,24,0.9471210340775558,0.931570943038039,0.15342003291869757,579.7074030552292,0.21829431966762058,1.875462918035882,0.030965778794226444,0.00017500000000000003,176.94730739557966,0.005651399926444889
0.0001,25,0.9430307633877706,0.9287654763533965,0.15870747002987023,562.1241929358147,0.2357629963371437,1.9323479569073134,0.029952011148379365,0.00017500000000000003,171.15434941931062,0.005842679449238549
0.0001,26,0.948550398077212,0.9353865833048144,0.14527692218358546,555.8445245606129,0.257598177267937,2.031943744748921,0.030506028275041334,0.00017500000000000003,174.32016157166476,0.005736571094152469
0.0001,27,0.9465444826269569,0.9339141850103736,0.14634218535797755,565.1237113402062,0.2753154685779009,2.083212151920958,0.028131509370428347,0.00017500000000000003,160.7514821167334,0.006220782457693466
0.0001,28,0.9500454821103699,0.9357269304253993,0.1442314239215922,560.9757428744693,0.2387023738992866,1.9390955308728401,0.033257232042888156,0.00017500000000000003,190.04132595936088,0.005262013380257322
0.0001,29,0.9480882575185129,0.9303795855230788,0.15782777644521725,559.1985794166541,0.23276978475041687,1.9262227514809422,0.030179653558077498,0.00017500000000000003,172.45516318901426,0.005798608644172517
0.0001,30,0.9496292899182145,0.9358940427069559,0.14347368633802898,565.641137353818,0.206724059273256,1.8220110976538328,0.03181256314140964,0.00017500000000000003,181.78607509376937,0.005500971399950065
0.0001,31,0.9459170422427622,0.9320156551857529,0.15097640747043767,565.2960812772134,0.26705223994213156,2.074116391410671,0.034490410945329536,0.00017500000000000003,197.08806254474018,0.005073874018995919
0.0001,32,0.9619395600213139,0.951435149456778,0.1100342244338025,563.3201644211007,0.2560844123363495,2.0169117362424562,0.029718659283786236,0.00017500000000000003,169.82091019306418,0.005888556355416601
0.0001,33,0.9484169065293138,0.9335630552049872,0.1495490107923848,560.5515830934706,0.22655526755261235,1.9169223388364027,0.03238059691490043,0.00017500000000000003,185.03198237085957,0.005404471092979484
0.0001,34,0.9471412343809164,0.9327795435059824,0.15072711357973542,560.4244604316547,0.23023139958968386,1.9093908867621177,0.03052881569551209,0.00017500000000000003,174.4503754029262,0.005732289183616318
0.0001,35,0.9522611149241211,0.9386875555359557,0.13678633903720566,564.3493479752917,0.18396804516669363,1.7232628848103437,0.0330769484930004,0.00017500000000000003,189.01113424571653,0.005290693609086484
0.0001,36,0.9514048825426071,0.9381804586075477,0.13673761713912916,568.1119299861815,0.24137950321892276,1.9578499178886513,0.03160166808832846,0.00017500000000000003,180.58096050473404,0.005537682362553301
0.0001,37,0.9446824789594491,0.9307047942885945,0.1504254800392601,566.2027543993879,0.205511202046182,1.8125877622467765,0.02972421541260313,0.00017500000000000003,169.85265950058928,0.00588745565091685
0.0001,38,0.9489717618170657,0.9341748981206985,0.14506431330712913,567.8508287292817,0.1901198783016298,1.7450235432190682,0.031209749560232494,0.00017500000000000003,178.34142605847137,0.0056072221810771995
0.0001,39,0.94397206194959,0.9287837120156421,0.1614784786451426,561.8259945338597,0.23323620329028927,1.9318704087183256,0.03152518548240511,0.00017500000000000003,180.1439170423149,0.005551117220156288
0.0001,40,0.9493347365255957,0.9343830840535259,0.14728951328169343,556.3033150417199,0.27138216217281297,2.0790856368491752,0.03285234157737051,0.00017500000000000003,187.7276661564029,0.005326865349547695
0.0001,41,0.9524641202824816,0.9376525931494366,0.1425220188864529,561.953755030754,0.24654728721361607,1.9762016925892998,0.030690428708936363,0.00017500000000000003,175.3738783367792,0.005702103468793968
0.0001,42,0.94934898773237,0.9344547933141539,0.14596257097481752,556.9720027094152,0.19802138468367048,1.7853902762002352,0.031295826965751034,0.00017500000000000003,178.83329694714874,0.00559179983297816
0.0001,43,0.9452487294008932,0.930454080846082,0.1588743953553388,569.8587709841368,0.24579974534572102,1.9709910367753483,0.030963321137592276,0.00017500000000000003,176.9332636433844,0.005651848495913902
0.0001,44,0.948795867203525,0.9313755899953263,0.15511248789156568,562.2094507331155,0.24915598466759548,1.9813614562827717,0.032681739483672125,0.00017500000000000003,186.75279704955497,0.005354672143061126
0.0001,45,0.9394843546782955,0.9263819047195561,0.16203474022582068,566.1595134266697,0.23043740729917772,1.918801186440663,0.03250378396563051,0.00017500000000000003,185.73590837503144,0.005383988528383187
0.0001,46,0.9483015494636472,0.9334281998242061,0.14982739150485483,551.2979737783076,0.21839609352173284,1.8876027867361136,0.02953562738489257,0.00017500000000000003,168.77501362795752,0.005925047662590444
0.0001,47,0.9479804161566707,0.9341462075969506,0.14537034290981174,566.1162790697674,0.28748858100152574,2.147442762468474,0.030591009129119964,0.00017500000000000003,174.80576645211406,0.005720635081417283
0.0001,48,0.9505519431422955,0.9359279851259714,0.14434164854258646,559.5362165431725,0.26490775018464774,2.0543680137748463,0.028029141925775023,0.00017500000000000003,160.16652529014297,0.00624350186899848
0.0001,49,0.9476800839517278,0.9316571008762097,0.15196093263424137,554.7216100742073,0.35691795116872527,2.4032175637635773,0.030615505172797604,0.00017500000000000003,174.9457438445577,0.005716057893289003
0.0002,0,0.9048081956180364,0.8802493917480089,0.2742907293612417,553.3966200553353,0.22480796274612658,1.893172842938887,0.03470010718251883,0.00035000000000000005,99.1431633786252,0.010086424176128268
0.0002,1,0.8998930971288943,0.8747059700624652,0.28757361147508753,565.0806353084912,0.23318760277470574,1.9184657301853827,0.03200893680443519,0.00035000000000000005,91.45410515552909,0.010934446280999367
0.0002,2,0.9184476506442404,0.8922775003102541,0.24755672459487643,570.9560219118895,0.2513535994803533,1.996703601021462,0.032909696839741834,0.00035000000000000005,94.02770525640523,0.010635163298658502
0.0002,3,0.8965569658736794,0.8721407438901858,0.2886497662431717,562.4653796458159,0.23708351061213762,1.9471012226193216,0.032235495913224284,0.00035000000000000005,92.10141689492652,0.010857596264136148
0.0002,4,0.9185348430731819,0.8952381184572603,0.23909270230934915,562.3800440762976,0.23098867264343426,1.9310736485990674,0.031581920164054686,0.00035000000000000005,90.2340576115848,0.011082290062855533
0.0002,5,0.9041327392840682,0.8739838950001338,0.28959327256589906,568.4604393916117,0.24463638188899495,1.9859644845401472,0.03231878687577144,0.00035000000000000005,92.33939107363267,0.010829614408032933
0.0002,6,0.8843314816224032,0.8689123259710829,0.28951057974209415,563.1489993151206,0.23261307124630548,1.9226415382879734,0.030803427340864456,0.00035000000000000005,88.00979240246986,0.01136237198955075
0.0002,7,0.9045739493847226,0.8792924120525666,0.2751814312585347,572.7204550731368,0.2281458704965189,1.90045162842102,0.03458004325891828,0.00035000000000000005,98.80012359690936,0.010121444828144747
0.0002,8,0.9004240496743904,0.8772345901300964,0.27627409514813495,560.3820990458883,0.3137639458873309,2.2563819189069694,0.03306044631398066,0.00035000000000000005,94.45841803994473,0.010586668935923936
0.0002,9,0.89399374189117,0.8676633476940909,0.2970905763891372,564.7792871861406,0.25215296202804893,2.009130076938277,0.029859515641298566,0.00035000000000000005,85.31290183228161,0.011721556511650731
0.0002,10,0.9039245283018867,0.8755222560981719,0.28738548070504066,558.5245283018868,0.22777707912609912,1.9107538156742314,0.03152562356589478,0.00035000000000000005,90.07321018827078,0.011102080162456769
0.0002,11,0.9104511794793496,0.8859115122294735,0.2590891775463341,564.9514466753187,0.23139320404152386,1.9344357641248737,0.029321788066008485,0.00035000000000000005,83.7765373314528,0.011936516259243423
0.0002,12,0.902316748955564,0.8784593231642137,0.2784202229753199,562.1241929358147,0.2733834460086655,2.0892120836530443,0.029828991301032972,0.00035000000000000005,85.22568943152277,0.011733551311467902
0.0002,13,0.8952127659574468,0.8696137150460647,0.29547105069463814,562.3373860182371,0.1980248459149152,1.7939407946265038,0.029745090362583514,0.00035000000000000005,84.98597246452431,0.011766647730217242
0.0002,14,0.9003155048076923,0.8752661004337453,0.2846430344669548,555.9278846153846,0.3486470539646689,2.4043452426809324,0.03176136714402207,0.00035000000000000005,90.74676326863448,0.011019676779432176
0.0002,15,0.9081709711523939,0.8826318210762208,0.2670203046385211,558.861350249207,0.21575628462596796,1.859089460622767,0.032828709637726466,0.00035000000000000005,93.79631325064703,0.010661399849776097
0.0002,16,0.9059522902217819,0.877295807145334,0.2818387976228712,564.0058684551483,0.224013587430818,1.8763357240161471,0.029615262680299445,0.00035000000000000005,84.61503622942698,0.01181823047724732
0.0002,17,0.9054873427315446,0.881678439298296,0.26624816152058683,560.8908594815825,0.2364296935556922,1.931713055437434,0.03271447175074544,0.00035000000000000005,93.4699192878441,0.01069862911639479
0.0002,18,0.9029416270874827,0.8784546561501433,0.27879276694673477,566.8955109544967,0.2667948619928211,2.066679757196952,0.030379590469221212,0.00035000000000000005,86.7988299120606,0.011520892631999078
0.0002,19,0.898414384341097,0.8747380475614546,0.28311556285395933,561.4430619831576,0.2881979624798987,2.149183171238027,0.02951493035913743,0.00035000000000000005,84.32837245467836,0.011858405076386863
0.0002,20,0.9052567700826822,0.8786592205977739,0.28079204398675395,561.3580368656603,0.25774974809610285,2.028364739405862,0.03134129287790522,0.00035000000000000005,89.54655107972918,0.011167375939578445
0.0002,21,0.9049255441008018,0.8802893372854952,0.27183600634135785,565.1237113402062,0.3341610833595041,2.3343776298030594,0.02864785208392037,0.00035000000000000005,81.85100595405818,0.012217320830012595
0.0002,22,0.9023714197720973,0.872688456187154,0.2903688899545648,569.7711733908222,0.24682515382301062,1.9828657990907823,0.030916009328275332,0.00035000000000000005,88.33145522364379,0.011320995419673883
0.0002,23,0.9049846625766871,0.8780573131967854,0.2751087677513074,567.5030674846626,0.23840808146633208,1.955634016631525,0.030666355652434342,0.00035000000000000005,87.61815900695525,0.01141315922787899
0.0002,24,0.9005171889260724,0.8744082940029739,0.2868251998484496,562.849710982659,0.22391780515317805,1.8943242091526313,0.03300325341975915,0.00035000000000000005,94.2950097707404,0.010605015073770091
0.0002,25,0.8991972831120716,0.8714417423010862,0.2917817897285311,571.1759802408151,0.23437993007246405,1.9332980260157913,0.030895019490190523,0.00035000000000000005,88.27148425768719,0.011328686816693174
0.0002,26,0.9069661210506281,0.8811549202793186,0.26840169845791145,563.4057860677578,0.22302845065132715,1.869024647961389,0.031361393795558724,0.00035000000000000005,89.60398227302491,0.011160218269685631
0.0002,27,0.8974925691639357,0.8707856360254776,0.29327228940088806,564.0058684551483,0.2097476362832822,1.8273789655959454,0.03192299085385029,0.00035000000000000005,91.20854529671509,0.01096388498190438
0.0002,28,0.9002052139545489,0.8749603158296289,0.28412033943309106,562.4653796458159,0.23207971540978178,1.9216717336039133,0.0303075405644792,0.00035000000000000005,86.59297304136913,0.011548281169677101
0.0002,29,0.8799077986938149,0.8538331666093005,0.338472317518839,568.5912408759124,0.23326848988654092,1.9314188888763022,0.029435802242523845,0.00035000000000000005,84.10229212149669,0.011890282354675543
0.0002,30,0.901796037924921,0.8736945814170571,0.2869233968431988,570.4288136899714,0.22826813443680294,1.9134996774203563,0.03131739641593461,0.00035000000000000005,89.47827547409888,0.011175897106884545
0.0002,31,0.9049841891281434,0.8810039835634775,0.2687219502782098,557.1812979972896,0.23562630635569803,1.9514282526607425,0.031866371664478546,0.00035000000000000005,91.0467761842244,0.010983365275631462
0.0002,32,0.9005843572070722,0.8730987704275727,0.2902756756199449,554.431225651783,0.2768679421278648,2.093797558703057,0.0295946181990451,0.00035000000000000005,84.5560519972717,0.011826474585547893
0.0002,33,0.886801099908341,0.8460747717849417,0.36177465750981824,565.2529789184234,0.20853352846461348,1.8294851876242362,0.030609878762942428,0.00035000000000000005,87.45679646554979,0.011434217126783408
0.0002,34,0.9031988450725629,0.8760572945330988,0.2853678000694654,562.2947344426715,0.24289314553607255,1.9611476211607417,0.030575000040934455,0.00035000000000000005,87.35714297409844,0.011447260818688885
0.0002,35,0.8969600965527645,0.872893772827296,0.28699321253888094,558.2301425661915,0.21744615986244753,1.8721865616434605,0.029695608040403318,0.00035000000000000005,84.84459440115232,0.011786254705537473
0.0002,36,0.9046563192904656,0.8819104035820642,0.26882311629965394,565.8138236868263,0.2067425586283207,1.82851218692137,0.031144846667034518,0.00035000000000000005,88.98527619152718,0.011237814195773839
0.0002,37,0.8992080095636581,0.8706074889424482,0.2962134842832239,552.9426180514047,0.3147798996651545,2.2253813095805137,0.03188234086480437,0.00035000000000000005,91.09240247086962,0.010977863936784293
0.0002,38,0.9138241923365891,0.8863694020334749,0.26050525936027563,556.0112697220135,0.21595707393134944,1.8634314284355202,0.031168788480318288,0.00035000000000000005,89.05368137233795,0.011229182046039728
0.0002,39,0.9037371726144892,0.8776184871937759,0.28070514493561893,566.7221626589064,0.2442526787344832,1.9861231460178386,0.031222145547655265,0.00035000000000000005,89.20613013615788,0.011209991941962634
0.0002,40,0.9007477906186268,0.8727261665030719,0.29215801486079607,558.9877634262407,0.19449329769122414,1.7690407454440447,0.029978612137623924,0.00035000000000000005,85.65317753606834,0.011674990102718635
0.0002,41,0.8986743867133933,0.8746259865869939,0.28455623593374085,563.7914063690386,0.22451549777179025,1.8824740098692985,0.02906272844619305,0.00035000000000000005,83.036366989123,0.012042916089175612
0.0002,42,0.905967172879276,0.8780571108556912,0.27977780653028467,567.5899677864703,0.286294684803579,2.112453306273142,0.03430593027662473,0.00035000000000000005,98.0169436474992,0.01020231770943935
0.0002,43,0.9008739650413984,0.8707711797721029,0.2963417266714287,567.329346826127,0.24552397889783606,1.963870885944314,0.028368562975182254,0.00035000000000000005,81.05303707194929,0.012337600614673061
0.0002,44,0.9074129205120571,0.8824737056970828,0.26856430760973926,550.8064900267937,0.22373704393976368,1.8946543200137325,0.0301581345499332,0.00035000000000000005,86.16609871409484,0.011605492356316027
0.0002,45,0.8945776298873176,0.863348827165237,0.3128896801584496,559.6629357936928,0.28565730288391933,2.1323783317709695,0.030377727669463925,0.00035000000000000005,86.79350762703977,0.011521599107356027
0.0002,46,0.8999019385984762,0.8743814063034753,0.28428490070206686,558.2301425661915,0.2740402623603586,2.0827636765356763,0.032884654297047976,0.00035000000000000005,93.95615513442277,0.010643262259607187
0.0002,47,0.9037494284407864,0.8758885022248281,0.2848673879475169,563.9629629629629,0.26620329316938296,2.0438062265312764,0.0312743026180549,0.00035000000000000005,89.3551503372997,0.011191296710096495
0.0002,48,0.9066543438077634,0.8788581753057166,0.27647836842156126,569.9463955637708,0.2160078436427284,1.8409984057391915,0.0316973428199543,0.00035000000000000005,90.56383662844085,0.011041935028688459
0.0002,49,0.892974835230677,0.8686506381344042,0.2965014808642245,554.2654284002397,0.17837451066588983,1.7080752854025598,0.0322292064159296,0.00035000000000000005,92.08344690265598,0.010859715113153054
0.0003,0,0.8563962735741877,0.8197800687234655,0.41562506869288707,560.5092024539878,0.2077533160627354,1.8255170246950008,0.03200689851161181,0.000525,60.96552097449869,0.01640271392773451
0.0003,1,0.8858395705753384,0.8533556316511842,0.34197729443514996,559.4939895667952,0.2116008697776124,1.8341347908463146,0.0323192840191776,0.000525,61.56054098890972,0.016244171736245015
0.0003,2,0.8515742128935532,0.8152893375043652,0.425819485679829,554.7631184407796,0.27049484322196804,2.0702560767422016,0.02995910272844141,0.000525,57.06495757798364,0.017523889308660633
0.0003,3,0.8549368629240833,0.8188966347151899,0.4244435351723199,562.9351894112277,0.2859018448507413,2.1126197520071295,0.03068560374785221,0.000525,58.448769043528024,0.017109000178520083
0.0003,4,0.8533817521561508,0.8131555133188745,0.43293812111291263,559.8742623694961,0.2744541030260734,2.0973540113801836,0.029252579065911163,0.000525,55.71919822078317,0.01794713549246661
0.0003,5,0.8532777567260326,0.8152390898540685,0.43343636312844813,560.8484274346343,0.33045771057368256,2.317557945488354,0.030607230354495692,0.000525,58.29948638951561,0.01715280977466444
0.0003,6,0.8524291036265491,0.8147041127891217,0.42476339544204583,562.6361286398541,0.3129122962418478,2.2549856512268667,0.030274846354757603,0.000525,57.6663740090621,0.017341128468435572
0.0003,7,0.8897631894484412,0.8583460916207251,0.3281988219598899,554.5971223021583,0.30520072899525985,2.2111404244869948,0.031080021540376968,0.000525,59.200041029289466,0.016891880184766186
0.0003,8,0.855006105006105,0.8122375970099894,0.4358328871339779,564.7362637362637,0.2380141461326275,1.9466882437076531,0.029149546526529943,0.000525,55.52294576481894,0.018010571777580846
0.0003,9,0.8627792502839834,0.8243955999287103,0.4090075235700099,560.4244604316547,0.25077621478703804,2.0074155286961632,0.0319750400602453,0.000525,60.90483820999105,0.01641905683341847
0.0003,10,0.8590891695369307,0.8238675762490391,0.40642321424439326,566.4190585533869,0.49764115826110356,2.994545504571694,0.030775183271057535,0.000525,58.619396706776264,0.01705919979016779
0.0003,11,0.8672220971252721,0.8280863346955765,0.4027937056665285,555.469714028372,0.2347034884733148,1.9361386436532055,0.03031881812620818,0.000525,57.75012976420606,0.01731597840702701
0.0003,12,0.8571645762067654,0.8241634146274897,0.40532174180086683,562.5507411630558,0.24399921865551732,1.968963677184508,0.03031510361996253,0.000525,57.74305451421434,0.017318100131918628
0.0003,13,0.8667681766273315,0.8277018383553473,0.40384640536873834,563.4057860677578,0.2642866324458737,2.0442209927306085,0.02861908999305735,0.000525,54.51255236772828,0.018344398795606665
0.0003,14,0.8584411583487369,0.822991545137958,0.40790632775117824,569.9463955637708,0.2516406985523645,1.998406193076548,0.029338029089188544,0.000525,55.881960169882944,0.017894862616843935
0.0003,15,0.838741696571734,0.800315282278312,0.4613010514586835,565.037565854776,0.3255147853633389,2.289638682658266,0.03151767072912643,0.000525,60.033658531669396,0.016657322316488053
0.0003,16,0.853125957707631,0.8112598621131268,0.44153423667509684,566.9822249463683,0.20812940114410594,1.825885640918656,0.03158763740834291,0.000525,60.166928396843645,0.016620426314673895
0.0003,17,0.8584540696351362,0.8244147614358611,0.4028780528564945,561.3580368656603,0.22247856797184795,1.8769688885283857,0.033379130755004975,0.000525,63.57929667619996,0.015728390408167828
0.0003,18,0.8808995639868431,0.8483269003307323,0.3583922992501744,566.0730513271628,0.2877509937097784,2.13789936136141,0.031549906012100885,0.000525,60.095059070668356,0.016640303137468542
0.0003,19,0.8558761647129546,0.8218115586942669,0.4109237735973104,556.0946798917944,0.26148290873970836,2.0381855678127097,0.02923568520331647,0.000525,55.68701943488851,0.01795750625815483
0.0003,20,0.8488741121354088,0.8142413243854637,0.42776216373926373,559.1985794166541,0.21375993060064502,1.8467321468572422,0.031818020688430024,0.000525,60.60575369224767,0.016500083557708715
0.0003,21,0.8512691898464813,0.8089318938173882,0.4441149854384773,562.4227086183311,0.21581587145919912,1.8505889079418303,0.031195372787724027,0.000525,59.41975769090291,0.01682941901584191
0.0003,22,0.8594853108631292,0.825465183236133,0.4054397053942285,561.7834206331132,0.27717562776524574,2.106407949402664,0.0311551057626194,0.000525,59.34305859546553,0.01685117052723688
0.0003,23,0.8646547782350251,0.825790443996288,0.4046968672877299,563.9629629629629,0.2784207282529678,2.128556445930858,0.030437670260256885,0.000525,57.97651478144169,0.017248363475620657
0.0003,24,0.8515654328403033,0.8169850808147366,0.42197964055019604,555.6362339514978,0.35535045783035457,2.4426898488921505,0.031351186762303015,0.000525,59.71654621391051,0.016745777567542204
0.0003,25,0.8834063775124679,0.8534186902544147,0.3353011967985196,559.1985794166541,0.24513814377132803,2.004738807336752,0.030804281935505797,0.000525,58.67482273429676,0.017043085149628878
0.0003,26,0.8617678060533053,0.8226872854963603,0.41289202136241454,557.1812979972896,0.2108978728938382,1.8396967874721755,0.03084357611520972,0.000525,58.74966879087566,0.017021372555470624
0.0003,27,0.8331792975970426,0.7955772442380236,0.4736358734764583,569.9463955637708,0.25627999714924954,2.0260328436325974,0.030961770262821146,0.000525,58.974800500611714,0.016956394790850163
0.0003,28,0.8631986046864336,0.8296810380447269,0.3899984293919133,561.1880640024266,0.21606106200488284,1.8564499561408667,0.032504875154467844,0.000525,61.914047913272086,0.016151423363576216
0.0003,29,0.855255300089579,0.816085825417113,0.42867712602156116,552.4481934905942,0.21892636964912526,1.8644500905044745,0.027763601002363053,0.000525,52.88304952831058,0.01890965080341399
0.0003,30,0.8581982661138334,0.821688469127671,0.4166181962159863,557.894082171127,0.2252919982711319,1.890260183819592,0.029298902752036324,0.000525,55.807433813402525,0.01791875977210483
0.0003,31,0.8591986669696281,0.8210016712851029,0.41536079610653587,560.5092024539878,0.23623588419286534,1.9427722187383059,0.030609382188179837,0.000525,58.303585120342554,0.01715160393543437
0.0003,32,0.8586212144270279,0.8213812944288386,0.41821222948572406,563.1062243189773,0.3033478813886177,2.1976608423384563,0.03090413887522552,0.000525,58.865026429001,0.016988015816252665
0.0003,33,0.8774602217027373,0.8452874167554334,0.35724754975020634,558.0620616846392,0.25930283160414547,2.0298898440402926,0.031069401887504747,0.000525,59.17981311905666,0.016897653900802657
0.0003,34,0.8609462954510878,0.8209693265206932,0.41756855495568956,562.9351894112277,0.26846424935502,2.073745956736565,0.03175032370514857,0.000525,60.47680705742585,0.016535264486606385
0.0003,35,0.8685831622176592,0.8347970179581641,0.37951250923537233,562.8069815195072,0.21268269437132403,1.85412363787275,0.03096363646392419,0.000525,58.97835516937941,0.01695537281648681
0.0003,36,0.8407918046676423,0.8019369120594666,0.46069031827989987,569.990217977355,0.30202608642866835,2.197406444146171,0.030708705019849677,0.000525,58.49277146638034,0.017096129571750007
0.0003,37,0.90464299648849,0.8795588672167263,0.2768578763772787,577.4494732735076,0.23297343842568807,1.9298888758687767,0.030870879863382765,0.000525,58.80167593025289,0.017006318003353196
0.0003,38,0.8524927580423846,0.8140582344988774,0.43226758227001755,564.1346241805153,0.2014562012918759,1.7964971798165734,0.03039152544929396,0.000525,57.888619903417066,0.017274552436531167
0.0003,39,0.8532824427480916,0.8116602369046705,0.43710172664795277,564.9083969465648,0.2043607470986899,1.8202946555976636,0.029085317285409824,0.000525,55.40060435316157,0.018050344606808114
0.0003,40,0.9614177447753196,0.9485285480366858,0.11875614178023206,566.5056265788869,0.2737138093507383,2.0790855288609364,0.03237155297226707,0.000525,61.660100899556326,0.016217942971403658
0.0003,41,0.8703591453250492,0.8334662008266687,0.38379731500930314,560.7211698742234,0.2374222583603114,1.9421261731593618,0.03134152697450531,0.000525,59.69814661810536,0.016750938792071617
0.0003,42,0.8529837664812133,0.8153204580471426,0.4314830301636708,564.0058684551483,0.18400848066085018,1.7278201793144465,0.028438695080651884,0.000525,54.168943010765496,0.018460762651419296
0.0003,43,0.8636982159056547,0.8276432424663404,0.39460492023964716,559.4517689749017,0.28213501334539615,2.102349288752497,0.03178829579433372,0.000525,60.54913484634994,0.016515512608687298
0.0003,44,0.8528854174565861,0.818839117873605,0.4191267569758445,561.1880640024266,0.2043884206796065,1.808891092033336,0.03047060701731441,0.000525,58.03925146155126,0.01722971910935931
0.0003,45,0.868607099879663,0.8311360795256477,0.3919696114039499,556.5956678700361,0.21004614731646143,1.8428063588671941,0.032428559478226655,0.000525,61.76868472043173,0.016189433278789276
0.0003,46,0.8603982133393898,0.8254516536101469,0.4044926130293787,560.2550533727004,0.2030354647722561,1.804175305990035,0.03172839605623819,0.000525,60.43504010712036,0.016546692088356563
0.0003,47,0.8677780315140443,0.8323978310509536,0.391362511342774,563.3201644211007,0.2542316477338318,2.0087122240525517,0.029635301945183202,0.000525,56.44819418130134,0.01771535856024343
0.0003,48,0.8511872534612113,0.8104302401642438,0.44195271563780014,572.3666950266842,0.23159344811574556,1.9005541514622053,0.030642567121728085,0.000525,58.36679451757731,0.017133029289433523
0.0003,49,0.8624492609328329,0.8228012961374981,0.4139003086504515,566.7654897755993,0.21965855461894535,1.8798066871123054,0.0304243504309422,0.000525,57.95114367798515,0.017255914836757334
0.00045,0,0.7847869253093019,0.7345363907545802,0.627709892966034,565.1667939514282,0.25491419539321214,2.0123130962377314,0.028770569494803645,0.0007875,36.534056501337965,0.02737172095749558
0.00045,1,0.7881830025289294,0.7344971133503349,0.6295259916359296,567.1123457736225,0.241251412400743,1.9661325162998518,0.03077618538147168,0.0007875,39.080870325678326,0.025587966482490128
0.00045,2,0.8106905910735827,0.763315808121653,0.5632220715335178,557.9360675512665,0.20923217860399745,1.831863237822269,0.031375307754499974,0.0007875,39.841660640634885,0.025099355396348378
0.00045,3,0.8097382278867435,0.7622305710320221,0.5651440714725879,564.7792871861406,0.30220954958349466,2.201605049163015,0.03259106399375006,0.0007875,41.385478087301664,0.024163065070567126
0.00045,4,0.8715096481271283,0.8401975626025726,0.3810710074754248,560.0011350737798,0.19724169647088274,1.786599161551025,0.0323682905317461,0.0007875,41.10259115142362,0.02432936639726579
0.00045,5,0.8148203931018903,0.767249080952947,0.5505866331177437,557.3069508246103,0.2265628422028385,1.9106561920117051,0.030085691268405226,0.0007875,38.204052404324095,0.026175233700779232
0.00045,6,0.8084913500037773,0.7598943535366102,0.5738182241692138,559.0720707108861,0.2647127093223389,2.037312493362627,0.030923911576407757,0.0007875,39.26845914464477,0.025465730557863636
0.00045,7,0.8109806891329042,0.7662158065661797,0.556971972249539,560.4244604316547,0.22273669333662838,1.8890792526102764,0.030314610118313757,0.0007875,38.494743007382546,0.025977573088570023
0.00045,8,0.807620961508734,0.7609051388784004,0.5660156610269247,571.9692379038491,0.2541193477518391,1.997954100154237,0.029865075650785958,0.0007875,37.923905588299625,0.026368592171280014
0.00045,9,0.8102305258399879,0.7607853927743639,0.5675071464338308,557.51649841796,0.21081712472368963,1.8581185106294011,0.02977133779978903,0.0007875,37.8048733965575,0.026451616158329996
0.00045,10,0.8026405645344867,0.7491552010822916,0.5957991480153048,561.5281129068974,0.22502552322112024,1.893652891269257,0.032803831533130115,0.0007875,41.65565908968903,0.024006342039790903
0.00045,11,0.7959585256943918,0.7456508318204453,0.6018495568199677,560.0857488836751,0.2257746570976451,1.9121806883451034,0.03055470121199067,0.0007875,38.79962058665482,0.02577344790696101
0.00045,12,0.7849674193059555,0.7360654671055036,0.6296491388321646,560.7211698742234,0.23014404653804377,1.9306950936802134,0.02959944943211687,0.0007875,37.58660245348174,0.026605224593992734
0.00045,13,0.8162739601484961,0.7676235646124149,0.5507206806048351,560.6787635426926,0.22754052613163367,1.8968365799819207,0.03374431881325227,0.0007875,42.84992865174892,0.02333726172865366
0.00045,14,0.7972138554216868,0.7437836605274801,0.6093514654011459,557.2650602409639,0.2455835856089834,1.9722441286515253,0.03091245093019966,0.0007875,39.25390594311068,0.025475171858037902
0.00045,15,0.7985199877937138,0.7522331285681358,0.5920387676920893,564.5642355813244,0.276035281654913,2.0974877700944097,0.03163837744556838,0.0007875,40.17571739119795,0.024890656967312522
0.00045,16,0.8087042232163166,0.7577775548916457,0.5797541259705634,561.1031162332247,0.25673410296440125,2.005988574699689,0.03176036775582039,0.0007875,40.33062572167668,0.02479505294316635
0.00045,17,0.8087163354561497,0.7594096877865905,0.569447635286994,567.8073352259648,0.46850794326746836,2.8219739891444524,0.032097046078033487,0.0007875,40.75815374988379,0.024534968049254466
0.00045,18,0.7995279427440232,0.7538674682031475,0.5780345562459752,563.4486066697121,0.22505900540272705,1.8943260350263924,0.030973627323733925,0.0007875,39.33159025236054,0.025424855531743562
0.00045,19,0.8007053350341412,0.7459858262916038,0.6138739027664157,555.3032940646807,0.1974831725237891,1.7953046500014875,0.029892630476208944,0.0007875,37.958895842805006,0.02634428578062939
0.00045,20,0.7981587498065914,0.7491545845365551,0.5955836682512187,572.4993037289184,0.30956742039415985,2.229509770022757,0.029620477611041716,0.0007875,37.613304902910116,0.026586337004452662
0.00045,21,0.7879266275748008,0.7352821074797193,0.6299768009567567,556.3450608930988,0.22479076255694963,1.8804753934535205,0.032698938348147126,0.0007875,41.52246139447254,0.024083350707458775
0.00045,22,0.8061402842161258,0.7591052035324893,0.5753269753160888,562.3800440762976,0.17949775289162062,1.7029988214480616,0.030592130462620166,0.0007875,38.84714979380339,0.02574191427962915
0.00045,23,0.8007221325958362,0.7488602489930143,0.6004631326839025,568.5040331873704,0.2830416690558195,2.1432653972647593,0.030100996609290474,0.0007875,38.223487757829176,0.026161924477840822
0.00045,24,0.8095748755266181,0.7589824552681602,0.5733331936253238,566.852163921869,0.23989584133960307,1.934845177626662,0.03154390759045126,0.0007875,40.0557556704143,0.024965201211735295
0.00045,25,0.7933915976694266,0.7539797184214322,0.5634478277226881,567.329346826127,0.3079030883673113,2.227751522817469,0.03057881459526403,0.0007875,38.83024075589083,0.025753123867723965
0.00045,26,0.7893258426966292,0.7392016781756691,0.6216129853686257,561.8259945338597,0.202294212882407,1.8074506011441664,0.029656135274709967,0.0007875,37.65858447582218,0.02655437037581768
0.00045,27,0.8197652404392276,0.7715727545991538,0.5414657233135288,560.4244604316547,0.24071759774233215,1.95304184235574,0.03178382942965565,0.0007875,40.36041832337226,0.02477675013147501
0.00045,28,0.7899361622230567,0.7369347798003714,0.6300345129815568,555.8028539241457,0.2597708667162806,2.041921947912031,0.029894478328734143,0.0007875,37.96124232220208,0.026342657374390985
0.00045,29,0.7961841308298001,0.7466545733214547,0.5989358855125475,560.2973955178679,0.20076659551705234,1.7910283047645663,0.030663026489807864,0.0007875,38.93717649499411,0.025682396362986495
0.00045,30,0.8055322075341942,0.7538913397733298,0.5863536340612029,565.4685565828685,0.25030165119096637,2.0017255768366824,0.0316021955192294,0.0007875,40.129772087910354,0.02491915473153818
0.00045,31,0.7999389126450824,0.7545262800393118,0.5787130636797333,565.0806353084912,0.24636318569537252,1.9850694422838318,0.03050012261319126,0.0007875,38.730314429449216,0.0258195683337813
0.00045,32,0.8079639835442055,0.7558974928454835,0.5814974651545582,574.406815182799,0.1937662266427651,1.7593844848154392,0.031161340367701292,0.0007875,39.56995602247783,0.025271698544015238
0.00045,33,0.8027628549501151,0.7535745299879232,0.5871993001848228,567.9378357636224,0.237390780239366,1.9383766248626886,0.03003831778275628,0.0007875,38.14389559715083,0.026216514709491164
0.00045,34,0.8162406015037594,0.769490497025649,0.5518945962784638,556.4285714285714,0.25768639612942934,2.021924541734399,0.032882879163794836,0.0007875,41.756037033390264,0.023948632845601434
0.00045,35,0.8105495509209926,0.7636402395074531,0.5531883777685428,563.2773633734206,0.3210767186828889,2.277309387317623,0.031862029909138834,0.0007875,40.45972051954138,0.024715939387594546
0.00045,36,0.8139359129383313,0.765190901768022,0.5620365911663413,559.2829504232164,0.5348560229467694,3.128330365918137,0.03242217450369922,0.0007875,41.171015242792656,0.02428893225252828
0.00045,37,0.8227394124380008,0.7737393517460414,0.5409790651350435,564.6932468523464,0.2999085049959831,2.192259586046351,0.032430150946537215,0.0007875,41.181144059094876,0.024282958204487996
0.00045,38,0.7841753906842664,0.7318711887427605,0.6319436760077489,561.4005461993628,0.32397754752309993,2.279660524689864,0.02921922535907225,0.0007875,37.10377823374254,0.026951433185599147
0.00045,39,0.9021043000914913,0.8802938904815213,0.27422433811768904,564.220494053065,0.19678728669532575,1.7928951195235239,0.03446403370950817,0.0007875,43.76385232953419,0.022849908012443104
0.00045,40,0.8161960575386255,0.7666471146959598,0.5541730145041635,563.2345688408554,0.22467068358673714,1.9020538081734666,0.030200469824782323,0.0007875,38.34980295210454,0.026075753276983204
0.00045,41,0.8004991303032595,0.7525825344390372,0.5899498278374974,559.6629357936928,0.2790412500035018,2.105769293959715,0.030630539009817125,0.0007875,38.89592255214873,0.025709635724908572
0.00045,42,0.7942921517085993,0.7461725737667102,0.5975087662461107,555.8028539241457,0.21601937492960133,1.8583986648269728,0.03068691396016154,0.0007875,38.96750979068132,0.02566240453576892
0.00045,43,0.8054380664652568,0.7531141780675412,0.5856728426554499,558.9456193353475,0.34212491792277433,2.3384651663594065,0.032056601877435004,0.0007875,40.7067960348381,0.024565922583152208
0.00045,44,0.7794829769798107,0.7263583319536661,0.6491048680620709,551.3389704238992,0.20896023747627623,1.837565450598546,0.03067919703669466,0.0007875,38.95771052278687,0.02566885955516013
0.00045,45,0.8099681206749086,0.7601944543229064,0.5724950943480194,575.3876836948915,0.20409323225612752,1.806755378705104,0.03216516340322815,0.0007875,40.84465194060717,0.02448300946361632
0.00045,46,0.8110242198770025,0.7562721509420125,0.5812249199171757,561.8685748994002,0.23417087682173587,1.916581595731532,0.03009459359936191,0.0007875,38.215356951570676,0.026167490762084827
0.00045,47,0.8115787874183255,0.7622529933706488,0.5652809998301587,562.2520893481234,0.2469502396415919,1.9753699049829236,0.030583810808010092,0.0007875,38.836585153028686,0.02574891680253753
0.00045,48,0.8210711284284514,0.7775682937259775,0.5231012858690465,565.3823057529223,0.23292708798544481,1.9194256723104257,0.03277103622560413,0.0007875,41.6140142547354,0.024030366161712134
0.00045,49,0.8024795934082859,0.7575088632855801,0.5768131344284725,569.8587709841368,0.2774572805792559,2.110680908435257,0.033626077412208424,0.0007875,42.699780840899585,0.02341932394749341
0.0007,0,0.7187785561985989,0.6571245524999949,0.8456881049949633,563.5342674383186,0.197646177461138,1.7826219368605072,0.028765762085766765,0.001225,23.482254763891238,0.04258534838561177
0.0007,1,0.717476904437377,0.655451874907884,0.8501530563288227,560.3820990458883,0.2284944084531162,1.9069231891704144,0.030654397943056105,0.001225,25.023998320862127,0.03996163951011438
0.0007,2,0.7297905877054718,0.6688292538492355,0.818817123855848,555.469714028372,0.2605410813121125,2.0322942887539988,0.03291382049388179,0.001225,26.86842489296473,0.037218408000606
0.0007,3,0.7303932711979996,0.6670865748403293,0.8161134380697608,560.7635826324165,0.3492276126053184,2.371162619443218,0.03354604114136617,0.001225,27.384523380707076,0.036516976618425255
0.0007,4,0.6964394400486914,0.6350184805500051,0.9053343419356681,563.0206938527084,0.31978381468798034,2.27773347096703,0.029660145108518606,0.001225,24.21236335389274,0.041301213986581986
0.0007,5,0.7174179699478688,0.6583476213544427,0.8332233907322718,567.329346826127,0.292280809575459,2.1580294751267193,0.03144016642585668,0.001225,25.66544198029117,0.0389628980778088
0.0007,6,0.7388186304750154,0.6739958297343115,0.7994277015540938,570.6483652066626,0.22440806607482955,1.8920904606996576,0.032534624761392426,0.001225,26.558877356238717,0.03765219390062429
0.0007,7,0.7217993079584775,0.6613383938542349,0.8358166124915676,569.0276816608997,0.21517880691681057,1.8467488999782646,0.03147957782873653,0.001225,25.69761455407064,0.03891411780248664
0.0007,8,0.7283734389278099,0.6670771963868816,0.8189814968532698,563.5342674383186,0.3369921421108302,2.333433437883772,0.031838949365667044,0.001225,25.990979074013914,0.03847488765822645
0.0007,9,0.7215311713312602,0.656080948395291,0.84790530112029,547.9569080408708,0.22642176045337692,1.9101823773659332,0.032702930257651336,0.001225,26.696269598082726,0.037458417039353625
0.0007,10,0.7360623186192149,0.6756888764657522,0.7920709111143801,565.1667939514282,0.24983298336155713,1.999108438958554,0.03128956079206771,0.001225,25.54249860576956,0.03915043768561151
0.0007,11,0.7074160342625291,0.6467352343641766,0.8720241172819575,556.0529716733038,0.28476658556610346,2.140391497000531,0.030430948780279646,0.001225,24.84159084104461,0.04025507087685167
0.0007,12,0.7427411323067494,0.6790635376237026,0.79080933669237,566.938864628821,0.26337461909861304,2.0355831768862025,0.034239587074649656,0.001225,27.95068332624462,0.03577730062366806
0.0007,13,0.7304675716440422,0.6647278930909257,0.8306519641869031,558.10407239819,0.2262608389428351,1.90007974301688,0.03321101338516955,0.001225,27.111031334832283,0.03688535443929051
0.0007,14,0.7360126677725833,0.683156507357246,0.7747186455542268,558.0200573065903,0.23240095857181586,1.9323466009149426,0.030914450929942678,0.001225,25.236286473422595,0.03962548138978936
0.0007,15,0.7099449596622182,0.6463513475293604,0.8742694081751339,557.9780592626103,0.4446397645806428,2.764705986843346,0.029917083562504967,0.001225,24.4221090306163,0.04094650460967026
0.0007,16,0.7433282208588957,0.6824398781311729,0.7808026298026178,567.5030674846626,0.2830514220695477,2.1030657440468126,0.03210986192155063,0.001225,26.212132180857658,0.03815027305296002
0.0007,17,0.6977339456448092,0.6387732150390532,0.8918188830217271,557.1394263344124,0.21779183830949478,1.8572516411648645,0.031009288825645756,0.001225,25.313705163792456,0.0395042919844999
0.0007,18,0.7254459245879431,0.6557013497590823,0.8526465013780223,556.9720027094152,0.1982294306217227,1.7864048508116912,0.03041081176713319,0.001225,24.82515246296587,0.04028172642612361
0.0007,19,0.7282447282447282,0.6674205244303784,0.8199819826222464,549.5001485001485,0.20199317272636108,1.8072255530135923,0.03201623571263909,0.001225,26.135702622562523,0.03826183724392075
0.0007,20,0.7396546591247395,0.6735355133848651,0.8134945040525693,550.8064900267937,0.2681431044184137,2.0579172146083327,0.031238055809769717,0.001225,25.500453722260996,0.03921498852104876
0.0007,21,0.7241536705971853,0.6639002394972426,0.827011823933462,562.977938379612,0.4306105073192157,2.709183361907021,0.030446057437819432,0.001225,24.853924439036273,0.040235094560333175
0.0007,22,0.7548196870038557,0.6952549345586626,0.7445033535499385,559.4939895667952,0.2678883634216618,2.076056485984144,0.031025599171794198,0.001225,25.3270197320769,0.03948352433798166
0.0007,23,0.7257207890743551,0.661412253461845,0.8384203112099166,561.4855842185129,0.34860702921287157,2.3992819410375867,0.029352805847683003,0.001225,23.961474161373882,0.041733659342713114
0.0007,24,0.7387380555134233,0.6769806453847244,0.7940073391829634,561.2305475504322,0.2431537207448855,1.9862949122505458,0.031893477860791115,0.001225,26.035492131258053,0.03840910688219356
0.0007,25,0.7279568257829128,0.6672648636343569,0.8214419264933484,562.508057160231,0.23245903765200637,1.9389141773167617,0.028511929798469986,0.001225,23.275044733444886,0.04296447166707517
0.0007,26,0.7246387718242023,0.6637753724296332,0.8278783299149457,556.9301625526791,0.2754316561331507,2.0679240664580103,0.029447097710654214,0.001225,24.038447110738137,0.041600024968055996
0.0007,27,0.7240638428483732,0.6632776631328021,0.8279784162262974,567.8508287292817,0.24623001349391416,1.995046721697887,0.0334562618775408,0.001225,27.31123418574759,0.03661496925400213
0.0007,28,0.7418888042650419,0.6768127308403299,0.7981673595796823,563.6199543031227,0.2616938033315819,2.0560229781664052,0.032472074977833096,0.001225,26.50781630843518,0.03772472195990679
0.0007,29,0.711865671641791,0.6471688808224411,0.8720731348395704,552.2835820895523,0.2611709315387998,2.045020734061275,0.03177512449349235,0.001225,25.93887713754478,0.03855216996084103
0.0007,30,0.7137912873372959,0.6455098672424328,0.8794554827035705,556.8046798585509,0.3218450415006373,2.2413286049527983,0.031115878423651926,0.001225,25.400717080532186,0.03936896729448744
0.0007,31,0.7186396437893444,0.6553518362843663,0.8532781307109536,568.1119299861815,0.265467157762032,2.0476561327670524,0.03189760655094476,0.001225,26.038862490567148,0.03840413537120757
0.0007,32,0.7261250096816668,0.6626570698845382,0.8321319254861912,573.1632716288436,0.21798266141558997,1.8645017382631945,0.03270507730999158,0.001225,26.69802229387068,0.03745595793549021
0.0007,33,0.729032745972926,0.6679627319663055,0.8218117959970151,559.6629357936928,0.2473665124271065,2.0049705708880543,0.03078932231993242,0.001225,25.134140669332588,0.03978652038102698
0.0007,34,0.7048806446708226,0.6392550232091772,0.8860058340349636,562.5934316557701,0.2086002971045673,1.8342866749819324,0.030266001612725846,0.001225,24.7069400920211,0.040474457633179015
0.0007,35,0.7219900959455277,0.6568733755722505,0.8494452177304677,572.5877437325905,0.23280881231767125,1.940345359440968,0.030118078523627027,0.001225,24.586186549899615,0.040673245440907266
0.0007,36,0.725718194254446,0.6587148284600803,0.8466394925284969,562.4227086183311,0.2538057053461671,2.001068150588615,0.030994199497005187,0.001225,25.30138734449403,0.03952352439747203
0.0007,37,0.7419354838709677,0.6860196636395753,0.7620513836864694,565.6842990368445,0.21188412245828658,1.8326355894890367,0.0319370089544484,0.001225,26.07102771791706,0.03835675412644971
0.0007,38,0.7079693486590038,0.6437128224802637,0.8839000569138377,567.0689655172414,0.2047334426024463,1.821049363859763,0.030616092601289842,0.001225,24.992728654114156,0.04001163753823998
0.0007,39,0.7144705792798964,0.6515352194776806,0.8552319232928766,563.3201644211007,0.21340071063605137,1.8463573077298716,0.029737288267902954,0.001225,24.275337361553433,0.0411940722020107
0.0007,40,0.7233682266009852,0.6632578426162977,0.8311110256677474,569.5960591133005,0.27896428952226415,2.1058105692127733,0.03205587730254903,0.001225,26.168063104121657,0.03821452111381116
0.0007,41,0.7249868252653768,0.6716352377293022,0.8090325754247534,557.1394263344124,0.22586220287485048,1.9083934192680556,0.03051754485050886,0.001225,24.912281510619476,0.040140843767108414
0.0007,42,0.72921204837377,0.658667251341485,0.8437465125636258,555.8862014572222,0.27003409271128476,2.0702473519737494,0.0298212095798006,0.001225,24.343844554939267,0.0410781459659421
0.0007,43,0.7201817775460031,0.6645813719354327,0.8247447474369911,551.3389704238992,0.21435429298435338,1.8568627205666897,0.030689188908632058,0.001225,25.052399109087396,0.03991633678058659
0.0007,44,0.7277858286934635,0.6605117613163637,0.8471612270904271,564.4352833498589,0.2249293050263077,1.906970684826764,0.03151115243732293,0.001225,25.723389744753412,0.03887512532068064
0.0007,45,0.6962265583478855,0.6309296084402232,0.9122931361304364,561.8685748994002,0.2818417881790083,2.1097050789606717,0.031330557969945695,0.001225,25.575965689751587,0.039099207909897404
0.0007,46,0.7071352502662407,0.6581075172107875,0.8100414873669448,562.9351894112277,0.20255520386854187,1.8070168873629828,0.031894431637540105,0.001225,26.036270724522534,0.038407958289438875
0.0007,47,0.7177742496408861,0.6456734222407435,0.8709865621639058,559.4939895667952,0.2741474395734258,2.086637658046161,0.028380470460173703,0.001225,23.1677309878969,0.043163484612386595
0.0007,48,0.7307546741351904,0.6679457099709826,0.816647170054684,560.1703883127697,0.24296630051685497,1.9845942536571681,0.03190121703263468,0.001225,26.041809822558925,0.038399788909207914
0.0007,49,0.7123381049761418,0.6469292330667147,0.8743022901955478,560.5092024539878,0.22007800292340107,1.8792470171485331,0.029488529485161154,0.001225,24.072268967478493,0.0415415763819769
0.001,0,0.5988173754832841,0.5286961906426596,1.2195617357144877,561.018194223334,0.26205121012753807,2.0494430591237642,0.03101963691367602,0.00175,17.725506807814867,0.05641587633246782
0.001,1,0.822235704535113,0.7823308565160175,0.5642510462806303,561.2305475504322,0.23356346733635291,1.9216287710489892,0.03359934639599221,0.00175,19.19962651199555,0.052084346504095776
0.001,2,0.6574496022244536,0.5885076922089173,1.0463480095653719,571.5723333590794,0.2869447929842863,2.137638800467566,0.03187507473376096,0.00175,18.214328419291977,0.054901832062105305
0.001,3,0.6398068507620341,0.5689376628682462,1.0894339984632233,558.3562698053418,0.5475067275110632,3.1476636073986306,0.030881079194260835,0.00175,17.646330968149048,0.05666900398756896
0.001,4,0.6597222222222222,0.5889122956239865,1.055794348583385,552.6129032258065,0.28734363097464666,2.1240863135357007,0.031229569733692855,0.00175,17.84546841925306,0.05603663498802437
0.001,5,0.6325728962078864,0.555147519093143,1.1671043380794688,559.0299138842726,0.38556432019686326,2.525012410413801,0.031466053550729046,0.00175,17.980602028988027,0.05561549042617242
0.001,6,0.6472833408172429,0.5692466388884247,1.0938889108142242,553.8513695554558,0.20177785100531764,1.8086213519549967,0.03207821453096462,0.00175,18.330408303408355,0.05455415850251738
0.001,7,0.6582074676071455,0.5909390752207727,1.0361956517019917,567.3727670014567,0.23226517520379275,1.928335890159027,0.03164816000331289,0.00175,18.084662859035937,0.05529547372791379
0.001,8,0.6407529267732803,0.5666507276673405,1.11363075936125,566.2460019894406,0.5296344337693881,3.113766373310486,0.031814194717151995,0.00175,18.17953983837257,0.055006892852658695
0.001,9,0.6296099155957722,0.5489855725683639,1.1696466781546093,562.7215420880541,0.2013291042239871,1.78812273302175,0.029757020874527185,0.00175,17.00401192830125,0.05880965058226132
0.001,10,0.6358869129046968,0.5651674303608629,1.130930061697671,562.4227086183311,0.27550922948285006,2.0991805452124415,0.02963292040657629,0.00175,16.933097375186453,0.059055941027386254
0.001,11,0.6416858237547892,0.5673899724222932,1.1121418739989313,567.0689655172414,0.23898925044341013,1.935714363000614,0.031047411072153263,0.00175,17.74137775551615,0.05636540824396121
0.001,12,0.6084095893518868,0.5320236225141073,1.2257997360369868,559.6629357936928,0.23548226375714876,1.948830053486604,0.029402401007743828,0.00175,16.801372004425044,0.059518948793980994
0.001,13,0.6595872420262664,0.5872523055145242,1.0648413929383915,555.3864915572233,0.22756165204918943,1.9001609436478952,0.03298388488449781,0.00175,18.847934219713036,0.05305621233302592
0.001,14,0.63403085382618,0.5600623070985402,1.1365766520862632,565.1667939514282,0.1990758199535776,1.7969507003547713,0.03008311139858095,0.00175,17.190349370617685,0.05817217430782606
0.001,15,0.6158046412862126,0.5392062807324589,1.2046147468618646,561.2305475504322,0.21374111773911864,1.8363313572680116,0.030132680061229718,0.00175,17.218674320702696,0.058076480301254105
0.001,16,0.63016418480336,0.5593988295960853,1.1319852559926193,565.1237113402062,0.33727261261083186,2.370453914659305,0.029144715111140803,0.00175,16.654122920651886,0.0600451914978935
0.001,17,0.6393602643039495,0.5703792698018154,1.102845873003466,555.6778795614957,0.2926186132535804,2.169760903426643,0.03138360026829206,0.00175,17.93348586759546,0.05576160749689658
0.001,18,0.6545967373075164,0.5842767569658586,1.0610357495662603,564.1346241805153,0.2516054508741945,1.9908654004391066,0.03159172773417122,0.00175,18.052415848097837,0.05539424797293094
0.001,19,0.6352631578947369,0.5591862891501527,1.144025104488814,556.4285714285714,0.2657538784551434,2.0454054927406364,0.030747141132418023,0.00175,17.5697949328103,0.056915860647444076
0.001,20,0.6316070475173519,0.558612367017788,1.142002480850168,564.4352833498589,0.20430990355089307,1.8110608988275665,0.03136365670906616,0.00175,17.922089548037803,0.05579706525400577
0.001,21,0.6466732718542794,0.5764016203936969,1.0894430152577916,564.0058684551483,0.2325185004156083,1.922341894696023,0.031852466154564614,0.00175,18.201409231179777,0.054940800863207774
0.001,22,0.6443338437978561,0.5670109691481017,1.1204489023036424,566.635528330781,0.282157644367544,2.1386466829281887,0.03144009821142969,0.00175,17.965770406531252,0.05566140373454073
0.001,23,0.6507778373821749,0.5812065831947292,1.0769811065345027,567.1123457736225,0.229194918560097,1.9118402239919343,0.03564982455269729,0.00175,20.37132831582702,0.04908860063008624
0.001,24,0.6653702432700374,0.5912745892217902,1.0456824520220789,564.3493479752917,0.30524393465020694,2.2132371715932324,0.033252681323496035,0.00175,19.001532184854877,0.052627335010228676
0.001,25,0.6261724659606657,0.5565697507519451,1.137957215561538,559.7897125567322,0.23960656282724813,1.9699421177841718,0.030573193927074655,0.00175,17.470396529756947,0.05723968533265526
0.001,26,0.6534880170966265,0.5780741190161861,1.0859307394848188,564.8223172034803,0.2725957155635115,2.0891117215443575,0.02972401876011784,0.00175,16.985153577210195,0.05887494602002001
0.001,27,0.6605427012068568,0.5844627393643965,1.071540106094934,568.8530248289645,0.28016863798256963,2.11780287637234,0.034136035415366195,0.00175,19.506305951637824,0.05126547294394489
0.001,28,0.6582210655235763,0.5839168218492025,1.06701127315349,566.4623392529088,0.2379601652501151,1.9390154144422969,0.03164660216753358,0.00175,18.083772667162044,0.05529819570314991
0.001,29,0.6330751297285102,0.5378795478416025,1.2166649402722316,556.5538843348123,0.3136172295198776,2.2608668582941815,0.03233714408592347,0.00175,18.478368049099124,0.05411733316182935
0.001,30,0.657819763082921,0.5898112414563224,1.0497529224944269,554.8461538461538,0.27401344187092036,2.0877085355643867,0.030878842248290888,0.00175,17.645052713309077,0.056673109241874534
0.001,31,0.6582384206529992,0.5898476501619019,1.0452195397478212,561.9111617312072,0.22042071420582943,1.8673926343221119,0.03022734212974118,0.00175,17.272766931280675,0.057894603914849206
0.001,32,0.6449438202247191,0.5763884995726691,1.0908259327319774,554.3483146067416,0.3404284192074556,2.3505169848571024,0.031029213496666132,0.00175,17.730979140952076,0.05639846463359521
0.001,33,0.6410739874802022,0.5683022121196157,1.113458799808893,558.1460894486763,0.3851754682837054,2.5389316457073257,0.028746693818753777,0.00175,16.426682182145015,0.06087656587688475
0.001,34,0.6312971342383107,0.5592863849390058,1.1528609292970313,558.10407239819,0.2333322330377996,1.9330912735466872,0.02964593960291493,0.00175,16.940536915951387,0.059030006248408186
0.001,35,0.6322619586539913,0.5585795865023155,1.105836934433359,558.3562698053418,0.24396760773379356,1.966902747085069,0.031809186998935264,0.00175,18.176678285105865,0.055015552584181955
0.001,36,0.609859367911689,0.5251172730054979,1.236390159086766,559.5362165431725,0.31480556141468696,2.2311721047194757,0.030070509039514755,0.00175,17.18314802257986,0.058196553896057344
0.001,37,0.6712037107444301,0.6075799827517744,1.006150131017202,562.7215420880541,0.2435196480655577,1.9629254228925053,0.03182356992073321,0.00175,18.184897097561834,0.05499068785679719
0.001,38,0.6300335570469798,0.5580185383282628,1.150769394157618,564.392312385601,0.30296940859989263,2.1894284591054927,0.03143834077985628,0.00175,17.964766159917872,0.055664515257156655
0.001,39,0.6369679834950714,0.563720820090338,1.1209580646590331,565.4685565828685,0.20210208313073963,1.8082013356252236,0.029974681943891735,0.00175,17.128389682223848,0.05838260446852269
0.001,40,0.6344528215672836,0.5588657971455178,1.1321260351215623,563.5771076079507,0.25451095995958894,2.0069450900422847,0.031420621754021646,0.00175,17.954641002298082,0.05569590613769477
0.001,41,0.6390600045630846,0.565709745025778,1.1173922115465396,562.8069815195072,0.2466161805205047,1.9739292469060183,0.032806561463347005,0.00175,18.746606550484003,0.053342987559216785
0.001,42,0.6582681945814677,0.5856049302695135,1.0662922948450206,561.6131896486302,0.2507774697151035,1.9912138894492868,0.03183409936029032,0.00175,18.190913920165897,0.05497249914922802
0.001,43,0.630937880633374,0.5555421159134507,1.1548570401158844,563.3629719853836,0.23229827341856435,1.9243351080017868,0.030727939243648777,0.00175,17.558822424942157,0.05695142736790301
0.001,44,0.6386292834890965,0.5692713417786095,1.1137397213573643,562.2947344426715,0.19716192429768853,1.7960882107463476,0.030014930851652525,0.00175,17.151389058087158,0.05830431556378717
0.001,45,0.6286036036036036,0.557751617741944,1.1455780941177303,555.5945945945946,0.22408085511415266,1.897620022705147,0.03230971925123529,0.00175,18.462696714991594,0.054163268532056115
0.001,46,0.6297262059973925,0.5532962510069752,1.150722385546098,567.5465143032441,0.20853079392691143,1.8277086994255114,0.030110695939463052,0.00175,17.20611196540746,0.05811888252328474
0.001,47,0.6148273736128237,0.5431703500075256,1.1727227601005994,570.2971639950678,0.3587285766552668,2.4244833041997067,0.032471584069238606,0.00175,18.555190896707774,0.053893274694222025
0.001,48,0.6680756225023056,0.6023242667822478,1.0127140249399684,568.7221026744544,0.2908417609578464,2.1506824369967403,0.03088133623249608,0.00175,17.646477847140616,0.05666853230782465
0.001,49,0.6525481313703284,0.575503741876619,1.0936072799177246,558.7349943374859,0.22295587314874865,1.8912363934207888,0.031502147949846016,0.00175,18.001227399912008,0.05555176754252258
0.0014,0,0.5958966565349544,0.5188884117297733,1.2956585162726495,562.3373860182371,0.2275990385969635,1.8998124323017194,0.02984592173647496,0.00245,12.182008872030595,0.08208826725581854
0.0014,1,0.5378419452887538,0.46551104539580007,1.4532936045378855,562.3373860182371,0.22219480061903596,1.8996036441038089,0.030307333600841556,0.00245,12.370340245241453,0.08083852021650528
0.0014,2,0.5644031668696712,0.4912213552324538,1.370453077374175,563.3629719853836,0.30064679935458116,2.1766712388151235,0.0340190156826296,0.00245,13.885312523522286,0.07201854465327728
0.0014,3,0.5674234344049978,0.4799207648341021,1.4133483152609307,563.7914063690386,0.29505771936965175,2.1706465580947363,0.029681631017854055,0.00245,12.114951435858798,0.08254263381032799
0.0014,4,0.5773022544898739,0.4994952028416792,1.3466105683983551,565.5548337791364,0.32480800911434926,2.297261326544331,0.02933247891450642,0.00245,11.972440373267927,0.08352516018645628
0.0014,5,0.5645539019415275,0.4792549468932514,1.4055428829496723,559.0720707108861,0.2560358043992892,2.0011805668039493,0.03262434208881279,0.00245,13.316057995433793,0.07509729984225887
0.0014,6,0.6273454436719743,0.563287670446454,1.1240381501087644,553.2314420273603,0.23659897295874543,1.9403903762565635,0.03230628710516428,0.00245,13.186239634760932,0.07583663179939852
0.0014,7,0.5410737143287403,0.46734877736369423,1.4394275192165413,557.2231759656653,0.23451587127055973,1.9309082396859574,0.027887181633816822,0.00245,11.382523115843602,0.08785398367503217
0.0014,8,0.5588394166216529,0.45920749719909526,1.4838763061504745,571.0439848753762,0.20153367350576445,1.8053204187969627,0.03067375442273665,0.00245,12.519899764382306,0.07987284393800712
0.0014,9,0.5654757427604362,0.4828673376914436,1.4055664559732017,556.6374576908612,0.2165864835260436,1.8585714909256694,0.02985015775067382,0.00245,12.183737857417887,0.08207661816945322
0.0014,10,0.5854456877521504,0.5102630333075839,1.3085012348347675,563.3201644211007,0.2161474155727774,1.8554591125345699,0.031238840783703953,0.00245,12.750547258654676,0.07842800624273057
0.0014,11,0.5533328357094872,0.4764091680137243,1.4297345745591483,552.4070314249459,0.19170620059594512,1.7556902239979117,0.03048819093660062,0.00245,12.444159565959437,0.08035898243666571
0.0014,12,0.7327271314214657,0.6652646479932137,0.8665629097389931,575.1198414548846,0.29506461607525125,2.1968214367387127,0.03044432987778739,0.00245,12.426257092974446,0.08047475539238438
0.0014,13,0.5572086700400272,0.46608764073465037,1.4573940430877437,558.9034816101503,0.2385102536645718,1.9362074569700949,0.02929747106903072,0.00245,11.958151456747233,0.08362496524793243
0.0014,14,0.5540061633281972,0.46912704780550607,1.434822216164181,570.1217257318953,0.21409459665301256,1.8511450503291553,0.02970703769301912,0.00245,12.125321507354743,0.08247203996969807
0.0014,15,0.5896254907882815,0.5196312300954455,1.2807657912009065,558.7771066143159,0.23499679428641684,1.9349602749185226,0.030022217112095274,0.00245,12.253966168202153,0.08160623150689794
0.0014,16,0.5224865694551036,0.4427101547334214,1.5202831912084236,567.9378357636224,0.32608521802467294,2.3064706785114915,0.03006512582451636,0.00245,12.271479928374024,0.08148976373157792
0.0014,17,0.5672633884734497,0.4895408475606104,1.3832872518143458,558.9877634262407,0.2086925457115285,1.8268758533822251,0.0317655278039696,0.00245,12.965521552640654,0.07712763392818028
0.0014,18,0.5420482930890924,0.46876068182371405,1.442478739791728,560.1703883127697,0.25547118330723606,2.0133867955849585,0.03161002558072795,0.00245,12.90205125743998,0.0775070552772257
0.0014,19,0.5522094430992736,0.4770576731329964,1.417593789635761,559.9588377723971,0.2417629334377125,1.9510839543833485,0.031492750980047265,0.00245,12.85418407348868,0.07779568071243559
0.0014,20,0.5525294788893115,0.46797285461322274,1.4354000561011966,562.977938379612,0.23104779474670067,1.9076456668443713,0.032593331696188735,0.00245,13.303400692321933,0.07516874994054346
0.0014,21,0.558846094828909,0.4851362395438448,1.3731481421004057,567.7638483965014,0.21588129037991166,1.8495901856151336,0.03039297477524452,0.00245,12.405295826630416,0.0806107338329895
0.0014,22,0.5694391598812876,0.4924700424254282,1.357472491644573,563.1489993151206,0.18819751497358084,1.7506688160321384,0.030180337342032567,0.00245,12.318505037564313,0.08117868174348905
0.0014,23,0.5685419058553387,0.49064099469748074,1.3619794012798099,566.4190585533869,0.28341418923810124,2.1355752738586977,0.030885925205572314,0.00245,12.606500083907067,0.07932415764440111
0.0014,24,0.5656366259205831,0.4947012941024354,1.357672551505156,561.8685748994002,0.29963380520348437,2.189263559546183,0.03170482878847195,0.00245,12.940746444274266,0.07727529507715977
0.0014,25,0.5644120549609049,0.48916948051517417,1.37698954687264,561.7834206331132,0.2653443258604966,2.061206514620065,0.029838868734479846,0.00245,12.17913009570606,0.08210767042816673
0.0014,26,0.564169082862811,0.4845637558744358,1.4006370227083071,564.6502365328857,0.321956274274271,2.295245773915531,0.03277728742155423,0.00245,13.37848466185887,0.07474688092672636
0.0014,27,0.5618398897902954,0.49762719060019983,1.346352211409694,566.3757844787999,0.2462404118559789,1.9750891471341805,0.031166958389651944,0.00245,12.721207505980386,0.0786088898817104
0.0014,28,0.5799219527125258,0.5001822504588325,1.3426752424143698,566.2460019894406,0.3044644281908404,2.1815989094207557,0.031619601261421666,0.00245,12.905959698539457,0.07748358303901787
0.0014,29,0.583427240628052,0.5107434339666304,1.3261988157384037,555.9695740365112,0.30397034480120055,2.212224444916067,0.03310912051921062,0.00245,13.513926742534947,0.07399773722707184
0.0014,30,0.5408905043162199,0.46293651084762505,1.4460370032746168,560.3820990458883,0.21750952178263105,1.8535860702591034,0.03194942531141745,0.00245,13.040581759762226,0.07668369543800425
0.0014,31,0.5465994962216625,0.4646598290402912,1.4513445603438255,564.865353789787,0.2353490314562805,1.9339062319140476,0.03003666222453094,0.00245,12.25986213246161,0.08156698576178964
0.0014,32,0.6190584835348696,0.5430297413262213,1.2162907331412176,562.8069815195072,0.2872609587793704,2.142509917736958,0.03206742274046737,0.00245,13.08874397570097,0.07640152499403174
0.0014,33,0.5563385561136517,0.4769858802590324,1.422336720386747,554.8046330309619,0.2154822961310856,1.8535611416910909,0.030338538648940084,0.00245,12.38307699956738,0.0807553728394757
0.0014,34,0.563424784217016,0.49089462695950103,1.3742551447245954,570.2971639950678,0.31355326576158404,2.231778737031466,0.032071060763699186,0.00245,13.090228883142526,0.07639285828590749
0.0014,35,0.5664442910819723,0.488039198835717,1.3829544893084085,567.4596273291926,0.2500375288364012,1.993963125642703,0.03175884442501724,0.00245,12.96279364286418,0.07714386478338216
0.0014,36,0.578601134215501,0.5068858411165887,1.2981548902070088,559.578449905482,0.25474206334911287,1.9961953096812084,0.031166341633836667,0.00245,12.720955768912926,0.07861044548584696
0.0014,37,0.6004722730042656,0.5071678760910221,1.3469645543872373,563.7056672760511,0.24869446395314299,1.981124041415129,0.03315734538941027,0.00245,13.533610363024602,0.07389011307227496
0.0014,38,0.5789197299324831,0.5053983198620071,1.3324148173274317,555.178544636159,0.2819827986531891,2.135779367492767,0.03080236883969881,0.00245,12.572395444775026,0.07953933714482318
0.0014,39,0.5872800060427524,0.5165764029323835,1.268700173518825,558.9877634262407,0.18882309965556487,1.7635959116616813,0.030119568730380065,0.00245,12.293701522604108,0.0813424661532026
0.0014,40,0.5522308915991213,0.47820777179578217,1.428726135671418,560.5939701537762,0.19080946772010066,1.7397894589804892,0.029967416880258002,0.00245,12.23159872663592,0.08175546159982898
0.0014,41,0.6423977951309141,0.5728125503320158,1.1439567146818719,566.5489205328433,0.3620738828612957,2.4617771681167553,0.0334194535048918,0.00245,13.640593267302775,0.0733105943710713
0.0014,42,0.5485066162570889,0.471708336401952,1.4230344630171619,559.578449905482,0.21424702950753272,1.8491839957271725,0.03039904612837521,0.00245,12.407773929949066,0.08059463410969038
0.0014,43,0.5782984914618271,0.5018056320481159,1.33813592227184,566.6788421778084,0.3553890361217782,2.4245598756499747,0.03106167820873271,0.00245,12.678236003564372,0.07887532616673637
0.0014,44,0.5776388156407745,0.5008497074772857,1.337815338278681,557.5584268816394,0.2904947397764772,2.1490179054651763,0.03017895991660968,0.00245,12.31794282310599,0.08118238689371089
0.0014,45,0.5238312082574378,0.44564047512626065,1.5080411150804136,561.655737704918,0.20726312257465906,1.8110224287879921,0.03108635232407711,0.00245,12.688307071051883,0.07881272059386708
0.0014,46,0.5727575253365603,0.4940868667508764,1.3600509170633208,559.7051883224929,0.1904291846731212,1.7572083409460144,0.03112410904401813,0.00245,12.703717977150257,0.07871711272232788
0.0014,47,0.5579026782346285,0.47960254593174145,1.4116507510534864,558.3142210486609,0.17963772019720636,1.7193466788505671,0.030867817347902844,0.00245,12.599109121592997,0.07937069124087105
0.0014,48,0.5609317654108307,0.48008253807108214,1.4148063530070514,554.3068683993708,0.23498041913262568,1.9329189887414167,0.028294191607320454,0.00245,11.548649635641002,0.08659021024534662
0.0014,49,0.5675634245420403,0.49595213290882306,1.3542318840241487,567.1991262359163,0.21053011281765066,1.8372717599191681,0.032385094377511525,0.00245,13.218405868372052,0.07565208769937382
0.0018,0,0.5177138531415594,0.43582585254662887,1.5594349663173142,560.2127176381529,0.22671142680337653,1.903447502806868,0.032809254521368944,0.00315,10.415636355990141,0.0960094962824705
0.0018,1,0.5840277777777778,0.5350377205987565,1.2595950022778057,571.0,0.24026268572197296,1.9481987941734635,0.030252044677246136,0.00315,9.603823707062265,0.10412519330864438
0.0018,2,0.4761329305135952,0.40054265945364376,1.6999902133075022,558.9456193353475,0.2639428847760428,2.039768144561945,0.031258293357824596,0.00315,9.92326773264273,0.10077325604251168
0.0018,3,0.4868421052631579,0.40846680637895977,1.6631513126312159,556.4285714285714,0.20964424405246973,1.8278729163897618,0.03189470537268378,0.00315,10.125303292915486,0.09876247368310281
0.0018,4,0.5058227465214761,0.4221761223938474,1.6394512913523456,559.6206896551724,0.259944084653398,2.0534220028294308,0.03326306456039448,0.00315,10.559703035045867,0.09469963280985925
0.0018,5,0.4731011457621974,0.39019244488443294,1.736942132423757,561.5281129068974,0.1890845614252612,1.7413556329862603,0.030044549832520348,0.00315,9.537952327784238,0.10484430678972685
0.0018,6,0.4989871708305199,0.428391068618689,1.5900626071149473,555.2201215395004,0.2767103579826653,2.0945107662946265,0.03002927991939887,0.00315,9.533104736317101,0.1048976202045093
0.0018,7,0.4653073645769933,0.39050555321351055,1.715381810261604,563.0206938527084,0.24470262511749752,1.96436443190162,0.029542678564553435,0.00315,9.37862811573125,0.1066254027412228
0.0018,8,0.48238897396630936,0.41173075951193844,1.6714760065280496,566.635528330781,0.223557889345102,1.890835966211169,0.030267483306019135,0.00315,9.608724859053694,0.10407208184942077
0.0018,9,0.5002668699961875,0.4202149736134339,1.6169768827217645,564.2634388105223,0.29263050606823526,2.164991551016742,0.029948672783812087,0.00315,9.507515169464154,0.10517995313978133
0.0018,10,0.5031023398370337,0.4227328946649474,1.6351019791711225,553.2314420273603,0.33939821424428374,2.348016198566304,0.030269500029568432,0.00315,9.609365088751883,0.10406514798470265
0.0018,11,0.5079219288174512,0.430765393024613,1.5967730477425872,566.4190585533869,0.26819832299952395,2.062273417347944,0.03074746734743988,0.00315,9.761100745219009,0.1024474622382932
0.0018,12,0.5047524903049198,0.427285326480996,1.6112134619538576,562.7215420880541,0.19283838258706965,1.781231784942983,0.029903272626819594,0.00315,9.49310242121257,0.10533964089184117
0.0018,13,0.46754633513843336,0.3932436533542056,1.7246471222788322,564.4352833498589,0.23566793487407267,1.9403550604439042,0.030961878689247605,0.00315,9.829167837856383,0.1017380124641444
0.0018,14,0.488020753853197,0.4131028594951545,1.6231115648597378,564.6502365328857,0.23156071780249476,1.925202490177497,0.030932804025856988,0.00315,9.819937785986346,0.10183363905085646
0.0018,15,0.4886050780055063,0.41077063061300356,1.6699167323621829,565.9434077699602,0.21080099456594326,1.8640465487504718,0.029619795331134204,0.00315,9.403109628931494,0.10634779763953825
0.0018,16,0.4977413674297527,0.42765652819801875,1.6130940494048382,566.5922211163005,0.29513464483898133,2.1561288146381865,0.03048774283188127,0.00315,9.678648518057546,0.10332021026843681
0.0018,17,0.5071565250669728,0.4322766988505428,1.5864659098534757,566.4190585533869,0.22698197094723582,1.9184043454551745,0.03236133821582125,0.00315,10.273440703435318,0.09733837269003866
0.0018,18,0.5254339168983395,0.44413456498709314,1.5525509551261663,556.0529716733038,0.25588752346811816,2.0094831955549006,0.029901017405367034,0.00315,9.492386477894296,0.10534758591306649
0.0018,19,0.47743934698813395,0.4003673843157865,1.7273349940974632,559.3251454916484,0.2674681100179441,2.0606656860606223,0.028540006426519725,0.00315,9.060319500482452,0.11037138369643047
0.0018,20,0.47090225563909777,0.3903985893794619,1.714572856780947,556.4285714285714,0.2528651695174631,2.005805598446717,0.030929759157153798,0.00315,9.818971161001206,0.10184366402579734
0.0018,21,0.5181555758128229,0.4393326147416723,1.5897217301184399,562.1668185961714,0.2628353471518494,2.0400886586841103,0.030315597366348188,0.00315,9.62399916392006,0.1039069084449794
0.0018,22,0.48380981269432016,0.40719911605562564,1.698930202208893,561.1880640024266,0.23378314316505566,1.936940653734917,0.03115451168004407,0.00315,9.890321168267958,0.10110895116413342
0.0018,23,0.49760146196603977,0.41889781030285694,1.6477619858871708,563.4914337927358,0.3589926240092609,2.4216220086663194,0.030740373030371977,0.00315,9.758848581070469,0.10247110524285928
0.0018,24,0.5073540795788822,0.42559146773955076,1.6175408744940223,572.8532280538783,0.22952939974493347,1.9339518693476068,0.03196614014877746,0.00315,10.147980999611892,0.09854176905122751
0.0018,25,0.5335427417545434,0.46390630664971755,1.493129194624082,553.4792461296836,0.2803116203285754,2.123226492964517,0.030803249120558412,0.00315,9.778809244621717,0.10226193956590303
0.0018,26,0.5065734478303823,0.4228136855135607,1.6281422511512937,562.3800440762976,0.237978195422329,1.954051163490693,0.031287342598519514,0.00315,9.932489713815718,0.10067969147846563
0.0018,27,0.5022498875056247,0.42040620459623657,1.6192964418171518,555.0122993850307,0.29313929157797247,2.1556983870164577,0.03028534202419425,0.00315,9.614394293395,0.10401071242594978
0.0018,28,0.4869248844083984,0.41288293317398267,1.6426648750442365,560.9332979610399,0.2734466861584224,2.104681574221014,0.02998760037681962,0.00315,9.519873135498292,0.10504341662612479
0.0018,29,0.5207756232686981,0.43299702990346733,1.5880915683855497,554.0583214793741,0.29222663008840755,2.1678625962369464,0.032101847669300715,0.00315,10.191062752158958,0.0981251930558618
0.0018,30,0.49091455173449466,0.41541645943765415,1.6622372672905086,555.6778795614957,0.2126960258174222,1.8355131675441,0.03233780191290368,0.00315,10.265968861239264,0.0974092181182872
0.0018,31,0.500496221085579,0.42379249939819735,1.6202259613769534,564.9514466753187,0.3071059315407183,2.227964027662445,0.032557151837965995,0.00315,10.335603758084442,0.09675293513625717
0.0018,32,0.49379652605459057,0.41833058087498215,1.6445265629522074,556.4703361154974,0.24100199385429733,1.9612568457684914,0.031630029866986105,0.00315,10.041279322852732,0.0995889037489597
0.0018,33,0.4969920288765228,0.4156113999924127,1.647881546769636,556.512107083772,0.5114427758962847,3.0427434885681004,0.031013253034883247,0.00315,9.845477153931188,0.10156948052037389
0.0018,34,0.5184081085109554,0.435528801903167,1.595658822169081,551.5440453122671,0.29094935083412565,2.16454495525842,0.03215309650020415,0.00315,10.20733222228703,0.09796879127893639
0.0018,35,0.5096893263611196,0.43209213300783517,1.5993484058275151,569.0713626576438,0.26547760344692506,2.030650440063182,0.031009509201248668,0.00315,9.844288635317037,0.10158174318583404
0.0018,36,0.5184928340268146,0.425904880272905,1.6341332681973288,570.2094313453537,0.2737391736882273,2.0987877244525093,0.0298031528634775,0.00315,9.461318369357937,0.10569351552936507
0.0018,37,0.49646510228640195,0.4200287170807684,1.6537857358446348,556.5956678700361,0.3450417840213049,2.3671460340736923,0.031775050765583984,0.00315,10.087317703359995,0.09913438134965344
0.0018,38,0.515919179549977,0.44139947500785015,1.5809864290839761,566.3757844787999,0.2043267785338685,1.8122387521825276,0.029176911758313988,0.00315,9.262511669306027,0.10796207720998452
0.0018,39,0.5292740046838408,0.4551076147456704,1.5410692563130597,559.0720707108861,0.23204938558046706,1.9194921555990412,0.030378867514054178,0.00315,9.644084925096564,0.10369050125198759
0.0018,40,0.5299984772346581,0.45698391692163465,1.520956708568234,563.4486066697121,0.3094862692814786,2.23084495440923,0.03168197598004458,0.00315,10.057770152395106,0.09942561669714288
0.0018,41,0.5194952395345322,0.4364287665137164,1.5678119336467815,559.1985794166541,0.22415825462667271,1.8859437157238887,0.03259240679752702,0.00315,10.346795808738737,0.09664827821917739
0.0018,42,0.4868611470789855,0.4040427335041923,1.7045143080198388,563.6628075253257,0.24584130049333908,1.9761416298386445,0.03001164741028661,0.00315,9.527507114376702,0.10495924988510712
0.0018,43,0.5028171158824425,0.4212628836570433,1.6327995768032562,563.4486066697121,0.4044485204212833,2.6183567392744194,0.03154397321591171,0.00315,10.013959751083082,0.09986059709215855
0.0018,44,0.5115481362908758,0.4311525096812603,1.5975773240298854,564.0916990624286,0.19284078307100572,1.773796211802554,0.028881146195753195,0.00315,9.16861783992165,0.10906769345820455
0.0018,45,0.5235909398750846,0.43794258637016686,1.5868004522298038,556.8883286929039,0.28350524735287763,2.12440247978345,0.033345461386298174,0.00315,10.585860757554975,0.09446562947527101
0.0018,46,0.5385774562989752,0.4549019249611533,1.5373729572023336,557.6003616636528,0.20720952766714618,1.824826263608033,0.029703953117848847,0.00315,9.429826386618682,0.10604649110179185
0.0018,47,0.5008712781271308,0.4232722282134777,1.6373372215182938,560.6787635426926,0.24837911807117052,1.9852950145023232,0.029516741389834518,0.00315,9.370394092010958,0.10671909742329656
0.0018,48,0.4942416990726892,0.41658477993447834,1.6650395657742076,553.4379300029914,0.23312209005234763,1.91270205513866,0.02956165118699232,0.00315,9.384651170473752,0.10655697072110976
0.0018,49,0.4985513876181763,0.4200169508637783,1.6290551754885452,564.220494053065,0.2163820431160275,1.8547215163537523,0.028636388019058663,0.00315,9.090916831447194,0.10999990633956869
0.0026,0,0.5129232164449818,0.4259715924938095,1.692704620210468,559.2829504232164,0.2089432755310554,1.8305607457538176,0.03335826647347593,0.00455,7.331487137027676,0.13639797510514612
0.0026,1,0.4781605659796986,0.40204229814940995,1.7936286875649292,569.0713626576438,0.25216010166332126,1.9993768315849434,0.029587501996831276,0.00455,6.502747691611269,0.15378114720490058
0.0026,2,0.46726302337818537,0.3836105253962778,1.8350131607937776,556.3033150417199,0.2694133907498326,2.055795071598087,0.031028846176538977,0.00455,6.819526632206368,0.14663774392746423
0.0026,3,0.43529323758228605,0.34571880232423086,1.9611278605409623,553.6032315978456,0.3065065868431702,2.210516520056178,0.032656728157883896,0.00455,7.177302891842614,0.1393281034769416
0.0026,4,0.4011129493156866,0.3240193688244772,2.0565936415872876,556.512107083772,0.21496334319817834,1.8577542211807443,0.03228821254573627,0.00455,7.096310449612367,0.14091829931913769
0.0026,5,0.43118295815077806,0.35685725083001607,1.9381126999608311,559.0299138842726,0.2610326897993218,2.035778879343245,0.03195597351454515,0.00455,7.023290882317615,0.1423833950146758
0.0026,6,0.430939226519337,0.3567205454960259,1.9114963198210904,560.0857488836751,0.27201986737782136,2.0775634022731087,0.03295666879227922,0.00455,7.243223910391038,0.13806006998698642
0.0026,7,0.3762548116839007,0.3109078935353794,2.0648339472696446,558.5666088006642,0.21907542142434977,1.8598358937860722,0.028580182989996046,0.00455,6.28135889890023,0.15920122000592654
0.0026,8,0.43906510851419034,0.36125713031702134,1.897200569170535,561.57064804978,0.2216577456856612,1.8792208057638913,0.033332685404522035,0.00455,7.3258649240707765,0.13650265332005715
0.0026,9,0.4656366542354822,0.39161756422468164,1.818700963415346,563.2345688408554,0.23005072187515907,1.909866123923193,0.02862933087398378,0.00455,6.292160631644786,0.15892791976269008
0.0026,10,0.4189480159950784,0.34716870814215495,1.962823589735394,569.0713626576438,0.3064081055636052,2.2043908038538538,0.030344098601588092,0.00455,6.66903265968969,0.14994678404326933
0.0026,11,0.3863080684596577,0.30239016299903726,2.1476964153163243,565.4254278728606,0.24104026018176228,1.9701369344613442,0.03063495014117709,0.00455,6.732956074983975,0.1485231730109542
0.0026,12,0.4278967014550164,0.3564320819783305,1.9253154077288352,563.7485335567914,0.22111908002989367,1.8894274502401722,0.0337814655985353,0.00455,7.424497933744022,0.13468924214458236
0.0026,13,0.42475709586106647,0.34704210731603763,1.9376000071675679,566.1595134266697,0.20672854280564934,1.824633685523791,0.03167990474863735,0.00455,6.962616428271945,0.14362416920447685
0.0026,14,0.3862897740155695,0.30800957839192106,2.1254450740427924,559.3251454916484,0.20580956345656887,1.8222458982242,0.027003958978924856,0.00455,5.9349360393241435,0.16849381246472162
0.0026,15,0.40653575176135515,0.33923839183477605,1.9861428875986864,554.6801079298456,0.2128103243012447,1.845593299133273,0.034526840843159455,0.00455,7.588316668826254,0.13178153253779248
0.0026,16,0.4122912592146833,0.34425726951365354,2.007661890991983,556.6792537987062,0.21294852247228846,1.844087495850216,0.02942211645197493,0.00455,6.46639922021427,0.15464557104268364
0.0026,17,0.42920118568062626,0.3487069603987945,1.9474823454247119,562.4653796458159,0.23810141725698486,1.963326633049291,0.031544096482285414,0.00455,6.932768457645145,0.14424252102307628
0.0026,18,0.4224273812204458,0.3558104689254773,1.9145790901811286,555.469714028372,0.24082924620597623,1.9594940311834446,0.03193364108705122,0.00455,7.018382656494773,0.1424829692172178
0.0026,19,0.4283652385293224,0.3542049176947373,1.9299924736182774,562.1668185961714,0.2629335694073234,2.0431517224510127,0.03170734591560397,0.00455,6.968647453978894,0.14349986946592186
0.0026,20,0.4226086956521739,0.35030466728978216,1.9540063434834276,559.578449905482,0.41959630156634375,2.6718516172780706,0.030314907439045524,0.00455,6.662617019570445,0.1500911724420973
0.0026,21,0.4257471264367816,0.35050602568480027,1.9606601981402842,567.0689655172414,0.25755451634177007,2.0157365453509257,0.03122053092491439,0.00455,6.861655148332833,0.14573743191436378
0.0026,22,0.39568399607636007,0.32653154949109564,2.0612113127161074,558.398324907568,0.216333720512921,1.8577849497481185,0.031113120322920525,0.00455,6.838048422619895,0.14624055552049822
0.0026,23,0.4346638336621642,0.3516213984770878,1.9540259878328308,561.57064804978,0.21458458379493095,1.8489044342222172,0.031717858913545456,0.00455,6.970958002977023,0.14345230592021058
0.0026,24,0.389937106918239,0.319129699455283,2.0574415392775576,567.5899677864703,0.22617027774685994,1.905727852957873,0.03272118971281343,0.00455,7.191470266552402,0.1390536236589908
0.0026,25,0.46541546844256093,0.38661920289307805,1.8460862783343106,560.0434387770547,0.27074615348828956,2.077654289378587,0.03178076391074083,0.00455,6.984783277085896,0.14316836476237924
0.0026,26,0.40950555768493674,0.3277265196358465,2.0538473846770544,567.2859333077807,0.27968365425476804,2.121606026251479,0.030814494632850513,0.00455,6.772416402824288,0.14765778424123063
0.0026,27,0.4047835301241296,0.33176379397251515,2.0237287034855016,560.1280653950954,0.31424694138695486,2.238766020072849,0.031129645910703444,0.00455,6.841680419934822,0.1461629217708369
0.0026,28,0.3966684414695368,0.32098037122869455,2.0562677741959705,562.8924469460713,0.22215034937835298,1.8724248822985838,0.030620919341125607,0.00455,6.7298723826649685,0.14859122775876607
0.0026,29,0.43385404875103767,0.3678746234285945,1.8942717321699354,558.4824541544034,0.17974955434328876,1.7120744657218683,0.03292572202201813,0.00455,7.236422422421566,0.1381898321609263
0.0026,30,0.3988162986569542,0.3259151401158199,2.0075894929301796,561.5281129068974,0.20462810376193374,1.8090320582646928,0.03134857552993606,0.00455,6.889796819766166,0.14514216110569414
0.0026,31,0.4267520780904446,0.3523912463868144,1.9324623623866828,564.3493479752917,0.3523832459177356,2.3938761507847044,0.03286847109767103,0.00455,7.22383980168594,0.1384305338231081
0.0026,32,0.4292357308932723,0.3591802803612623,1.8835200908175516,555.0538513462836,0.3789962644514162,2.4808851505968192,0.033085573212593915,0.00455,7.271554552218443,0.13752217532287025
0.0026,33,0.4256905867133399,0.3532107564551462,1.9454872382078598,563.1489993151206,0.47882781527005136,2.8909324696499725,0.033206562802509235,0.00455,7.2981456708811505,0.137021107154643
0.0026,34,0.4124315276932441,0.33332596458229363,2.019510983389548,563.0206938527084,0.26417341572232544,2.0388560832405167,0.03084763011192988,0.00455,6.779698925698875,0.14749917525237546
0.0026,35,0.41749790603822434,0.34926447322066445,1.9618325261155858,563.4914337927358,0.21819435025099665,1.8639383595527856,0.03169386098035916,0.00455,6.965683731947068,0.1435609250264478
0.0026,36,0.42842957531316833,0.352633050743086,1.9447745628376643,565.2529789184234,0.29066555679310113,2.144667436092907,0.033834267808597586,0.00455,7.436102815076392,0.13447904431505991
0.0026,37,0.440118172865692,0.3690342678744504,1.8936639367731518,560.5939701537762,0.26832512122928165,2.0743430207959523,0.031184555951374836,0.00455,6.853748560741722,0.1459055568113486
0.0026,38,0.410659509202454,0.3339399722335672,2.0170233679489225,567.5030674846626,0.23960622944287024,1.964433179761973,0.028941822087356007,0.00455,6.360840019199122,0.1572119400867918
0.0026,39,0.4362375640639132,0.36254412844873696,1.914715610832546,557.7681640036177,0.2437031663430389,1.969932327591923,0.03204321144744568,0.00455,7.042464054383665,0.14199575493431707
0.0026,40,0.7753003003003003,0.7327719152613742,0.7663342130452091,555.5945945945946,0.2554278255265672,2.0079733589265816,0.03494248719407218,0.00455,7.679667515180699,0.13021397059485465
0.0026,41,0.3328213792044233,0.25532627519135037,2.360909997555156,568.2861311626478,0.224126406974392,1.898001109778172,0.03133839007491566,0.00455,6.887558258223221,0.14518933452302576
0.0026,42,0.4259400213122241,0.35148790253756523,1.9737558370648092,563.2773633734206,0.27393757284153253,2.0815383718050438,0.031289824968698796,0.00455,6.87688460850523,0.14541468367278038
0.0026,43,0.41608525645940353,0.342710402740906,1.9827774481986753,567.3727670014567,0.2696458428981714,2.07878282194526,0.029559848914593425,0.00455,6.496670091119434,0.1539250086543476
0.0026,44,0.39660633484162894,0.31745319390623083,2.0901944114964093,558.10407239819,0.26060246882843785,2.0412981153217427,0.029749033109490182,0.00455,6.538249035052787,0.1529461473001122
0.0026,45,0.39020839718050876,0.31212308463485827,2.0818313301281197,566.9822249463683,0.23529340489767492,1.920432759766355,0.029196043436005386,0.00455,6.416712843078106,0.15584303434720925
0.0026,46,0.44268413435905246,0.3675074152452224,1.8969762181908822,563.6628075253257,0.3005916754482314,2.184742282421629,0.03012418187848815,0.00455,6.620699313953439,0.15104144631556554
0.0026,47,0.40450464160706134,0.33092082489552715,2.03693171144003,563.1062243189773,0.21504620928317308,1.8601314314405495,0.031620382768807395,0.00455,6.949534674463163,0.14389452630182722
0.0026,48,0.4364305992480626,0.3547612113055206,1.9473664323499538,567.8073352259648,0.23497440261417069,1.9452328309935054,0.03201165779163287,0.00455,7.035529184974257,0.14213571910634595
0.0026,49,0.41766547064661425,0.34469314871098217,1.9543765358929168,564.9514466753187,0.3332566589815542,2.3217601137601296,0.029316399137650016,0.00455,6.443164645637366,0.15520323552139784
0.0037,0,0.3105231599460351,0.242993360832925,2.517763334711594,554.6801079298456,0.4038858510321006,2.6031644879596674,0.030708601390074433,0.006475000000000001,4.742641141324237,0.21085297626393484
0.0037,1,0.3578184591914569,0.27975194876945975,2.3290074146101345,564.4782608695652,0.33431727602146566,2.3061941796733603,0.03302563541729431,0.006475000000000001,5.100484234331167,0.19605981590317206
0.0037,2,0.33303208314505195,0.2560070502481382,2.4209617801802166,557.3488477180298,0.1861590139742475,1.739396634081575,0.029488767579185518,0.006475000000000001,4.55424981917923,0.21957513085661617
0.0037,3,0.37875463418324884,0.30271652864617865,2.245206443187739,559.9165468714534,0.3546398160397075,2.4033729704892894,0.029476157779137084,0.006475000000000001,4.55230235971229,0.21966906435081365
0.0037,4,0.35364657968172564,0.28340654733737175,2.303020625967745,558.1460894486763,0.2869845840323251,2.143924855734329,0.03266975448117251,0.006475000000000001,5.045521927594209,0.19819555129290997
0.0037,5,0.3328485034065682,0.2610898001549613,2.415890704905859,566.5056265788869,0.2431481076637283,1.956653897678383,0.030753701790191428,0.006475000000000001,4.749606454083618,0.21054375971302208
0.0037,6,0.3638643964730921,0.2938856176596198,2.2922613517598167,562.508057160231,0.2405795789672993,1.954298145449029,0.033768785018651284,0.006475000000000001,5.215256373536877,0.19174512782807282
0.0037,7,0.4380902017073355,0.36317759056250465,2.0492459889360037,559.0720707108861,0.26415583677589893,2.056440223660845,0.0336389295372082,0.006475000000000001,5.195201472927907,0.19248531653892162
0.0037,8,0.32153414689608123,0.2565059522450383,2.390585445671988,560.9332979610399,0.26400419522542506,2.032160100088514,0.031005721697812048,0.006475000000000001,4.78852844753854,0.20883242335420032
0.0037,9,0.34369300911854106,0.27649811740735264,2.3511254932519643,562.3373860182371,0.29094071715371683,2.137150992632561,0.03163106683726394,0.006475000000000001,4.88510684745389,0.20470381328940604
0.0037,10,0.35546186278267533,0.2884927215038061,2.3425539276909464,567.2859333077807,0.20849594721221365,1.8212897001074337,0.03199982605550921,0.006475000000000001,4.94205807807092,0.20234484989912127
0.0037,11,0.32059046177138534,0.25924568238671153,2.372072482936871,560.2127176381529,0.3587998458533548,2.417403841666601,0.029146806361092986,0.006475000000000001,4.501437275844476,0.22215126829961182
0.0037,12,0.3614713689799014,0.3014657347790655,2.1662592623417765,561.2730375426621,0.22092424388392828,1.8882494993959429,0.03444283007634187,0.006475000000000001,5.319355996346235,0.1879926819500107
0.0037,13,0.3421391264855045,0.26393545051483,2.4023669233553004,560.1703883127697,0.22288250358542427,1.906628311523175,0.029468846847031754,0.006475000000000001,4.551173258228841,0.219723562092902
0.0037,14,0.3270032767351802,0.25794007511901396,2.4072407890921266,551.1340482573727,0.21226256518275477,1.8397934807276848,0.03147975882911578,0.006475000000000001,4.861738815307456,0.2056877257271502
0.0037,15,0.32223589112717205,0.2553743801751412,2.4389576692734294,568.9840073812087,0.21257916814647615,1.8509828209879347,0.0291317883823269,0.006475000000000001,4.499117896884463,0.22226579141046232
0.0037,16,0.33835794628510213,0.26861836959068247,2.3773842968804404,566.2460019894406,0.25645698158768937,2.030028613419228,0.030708699182419173,0.006475000000000001,4.742656244389061,0.2108523047992524
0.0037,17,0.41273951320559293,0.34093914935499964,2.113388212999794,547.5117999556114,0.23934480620664544,1.9417865471001778,0.031193456578328213,0.006475000000000001,4.81752225147926,0.20757558508275528
0.0037,18,0.3105730184990224,0.24782964525023135,2.4598690500428737,556.512107083772,0.22692557936534286,1.9116097073784575,0.028614702074026735,0.006475000000000001,4.419259007571696,0.22628227906231776
0.0037,19,0.39354985928348674,0.319374258892452,2.1687672811799916,562.8924469460713,0.23049581178929657,1.8957341443932956,0.03159271987982952,0.006475000000000001,4.879184537425408,0.20495228092513765
0.0037,20,0.3293559736882362,0.2624065141696102,2.4285398043901583,566.0298301973382,0.20851918481639586,1.8240156665777754,0.030746706460861226,0.006475000000000001,4.748526094341502,0.2105916615245376
0.0037,21,0.38536398467432953,0.32105241263533263,2.1959606885786638,567.0689655172414,0.2769112011010293,2.1082006103657025,0.03248018941166575,0.006475000000000001,5.016245468983127,0.19935228572510746
0.0037,22,0.32830421060734355,0.2621318725670097,2.4302262307133478,569.6398275729351,0.2414109256642405,1.960954098307505,0.03171383743305894,0.006475000000000001,4.897889951051573,0.2041695526019936
0.0037,23,0.33056615062448585,0.26328554025376066,2.368654831453043,553.4792461296836,0.24238796450663358,1.9415317292465288,0.03468715958900143,0.006475000000000001,5.357090284015665,0.18666849856605403
0.0037,24,0.3171273256259092,0.2589807831069387,2.3762237284178425,566.5922211163005,0.23941119984374382,1.9661697486277623,0.032003212382932585,0.006475000000000001,4.942581063001171,0.20232343936364147
0.0037,25,0.36719584796214316,0.29332121951007983,2.259210520088417,564.8223172034803,0.26252280035987496,2.052949129208307,0.029450878412751694,0.006475000000000001,4.548398210463581,0.21985761882051177
0.0037,26,0.3354912414318355,0.26868603828264703,2.3868503797256686,563.6199543031227,0.23921424965374172,1.9408508884651037,0.028400898788354237,0.006475000000000001,4.386239195112623,0.2279857425728748
0.0037,27,0.4604118993135011,0.3843791894210816,1.9645566398151568,564.4782608695652,0.2743357088766061,2.0942704530788827,0.030774252884988668,0.006475000000000001,4.752780368338017,0.2104031582569607
0.0037,28,0.3535898996045026,0.27918573842878147,2.3431986663985684,562.849710982659,0.22201883979141712,1.878885343914794,0.02996463747151996,0.006475000000000001,4.627743238844781,0.21608804732425668
0.0037,29,0.35714285714285715,0.28663513010621267,2.299958122442716,567.1557326793378,0.30054014796041884,2.2053663589488455,0.030739471970710554,0.006475000000000001,4.747408798565336,0.2106412239666825
0.0037,30,0.35162000151756584,0.2817109672661533,2.3526844789275994,561.5281129068974,0.21825567859923467,1.8629143871186575,0.02924496561162139,0.006475000000000001,4.516597005655813,0.22140562878374387
0.0037,31,0.3599048642013196,0.2855957633825206,2.308745354464015,567.7638483965014,0.2562256001983769,2.026579954714446,0.03270114364193795,0.006475000000000001,5.050369674430571,0.1980053074258866
0.0037,32,0.35104277667833766,0.27533801333895447,2.350271421723065,563.2773633734206,0.2587620349950157,2.045574387127635,0.03082259363118699,0.006475000000000001,4.760246120646639,0.21007317156621275
0.0037,33,0.34177781089337606,0.27309816643609836,2.328440136505165,551.4209820430668,0.2522052878339309,2.0023892427692402,0.030860160911171497,0.006475000000000001,4.766048017169343,0.20981744128417767
0.0037,34,0.3062387522495501,0.24057258817109245,2.5091768228561877,554.9292141571685,0.19399164759670384,1.7635476861511055,0.029032137034886926,0.006475000000000001,4.483727727395664,0.2230287075394834
0.0037,35,0.37101205922759883,0.29669630963685306,2.2654899183382633,564.8223172034803,0.23947190304170363,1.9546105234481637,0.03422449985963177,0.006475000000000001,5.285637043958573,0.1891919539089407
0.0037,36,0.3329572803850782,0.26319264391941016,2.402531568180469,556.5956678700361,0.24658394764992408,1.9573331726339722,0.03034638546563668,0.006475000000000001,4.686700458013386,0.21336972758525372
0.0037,37,0.3521872601688411,0.2917039485431462,2.24415613837171,567.9378357636224,0.25624445284483954,2.0179131804456816,0.03254971404362426,0.006475000000000001,5.026982863880193,0.19892647878018163
0.0037,38,0.3403274152640074,0.27170338612988676,2.3627644613892356,568.765736684344,0.21898054977646098,1.8755158879932,0.03277399538604337,0.006475000000000001,5.061620909041447,0.19756517091466194
0.0037,39,0.3529772866789441,0.2840090751974138,2.330893303164139,567.8508287292817,0.2726137553108856,2.089801020816405,0.029538701061893092,0.006475000000000001,4.561961553960322,0.21920395167115814
0.0037,40,0.3394637199598176,0.27764188234521964,2.347331968229553,571.8368750482961,0.3762547507067211,2.4882063597389696,0.030020311623705883,0.006475000000000001,4.6363415635067,0.21568730135655698
0.0037,41,0.35025613579019804,0.28034332846817966,2.3371292163695183,565.8138236868263,0.34689507918665186,2.390035731737215,0.03210942371363666,0.006475000000000001,4.9589843573184025,0.20165419528380107
0.0037,42,0.3481280193236715,0.26844703640138157,2.362603541833844,558.6086956521739,0.33433063319534995,2.32599624168451,0.03129444504130239,0.006475000000000001,4.833118925297666,0.2069057301209304
0.0037,43,0.440063210173828,0.37319939890947007,2.0231577374514242,556.8883286929039,0.24459421742358245,1.967380003119925,0.03204481115505462,0.006475000000000001,4.949005583792219,0.20206079445029465
0.0037,44,0.3444196428571429,0.273966225347303,2.3400036470950716,550.6428571428571,0.30337411031359807,2.194717193167085,0.032130801995295354,0.006475000000000001,4.962286022439437,0.20152002433515606
0.0037,45,0.3497578599431163,0.27779458676234486,2.360105452471132,568.8530248289645,0.38224485199316405,2.527276075669522,0.030673284753021366,0.006475000000000001,4.737186834443453,0.2110957483730921
0.0037,46,0.3451468467784776,0.27527880340553057,2.3405632590222707,561.6131896486302,0.22551736803143285,1.8897601218536022,0.03330129582834257,0.006475000000000001,5.143057270786497,0.19443687817364633
0.0037,47,0.3562768280744032,0.28807890046302087,2.2777604980080355,557.3069508246103,0.20540091139264405,1.8064880026794663,0.031538687884223406,0.006475000000000001,4.87083982767929,0.20530340462384897
0.0037,48,0.3593978032106921,0.2926619144001358,2.258866004066559,568.4168522928028,0.2214695645379834,1.8759393414671248,0.033058285993315735,0.006475000000000001,5.105526794334476,0.19586617410561522
0.0037,49,0.35843646242076665,0.2784446907052572,2.3275349773399796,558.4403863567763,0.20019563011010177,1.8076547621609564,0.02999788541655705,0.006475000000000001,4.632878056611127,0.2158485476588355
0.0054,0,0.26379283848163515,0.2048478701644936,2.7763642805918316,568.6348547717843,0.24080004895222373,1.9747475121231086,0.02975235205392234,0.00945,3.1483970427431047,0.31762194743034367
0.0054,1,0.29816926770708285,0.2308341897198199,2.6465718327440775,555.2617046818727,0.2892959131859243,2.141296806545805,0.03128289352058775,0.00945,3.310359102707699,0.30208203067215667
0.0054,2,0.2670840650530656,0.20833564134498547,2.7427716997587637,565.037565854776,0.30853752815164626,2.2234129173560855,0.031085914087885816,0.00945,3.2895147182947952,0.30399620784137293
0.0054,3,0.26259704673466283,0.2049981998826463,2.792850265379447,563.2773633734206,0.2951848905941006,2.1719284491842643,0.029942199463012607,0.00945,3.1684867156627097,0.3156080772113458
0.0054,4,0.3016972372326661,0.24140231439866813,2.6417920188579025,563.2345688408554,0.2548886812874116,2.022678887787152,0.031281888120104344,0.00945,3.310252711122153,0.30209173959440905
0.0054,5,0.29087254318046457,0.22883956454214885,2.6700062792929553,550.9702203692674,0.22153759418870322,1.8784285764621051,0.031616514117366004,0.00945,3.34566286956254,0.29889443108496894
0.0054,6,0.29184615384615387,0.22241401474034164,2.7188733879876437,569.2461538461539,0.3901983214018401,2.5592227367059124,0.03070592601322552,0.00945,3.2493043400238646,0.3077581830924017
0.0054,7,0.2600383877159309,0.19827780950624152,2.8292617918853713,568.1554702495201,0.27901408678735606,2.0901716595882283,0.02920352944797203,0.00945,3.090320576504977,0.32359102405193124
0.0054,8,0.28104724830165634,0.21232650462294406,2.769997142260658,564.865353789787,0.2335483405040577,1.9265265034765602,0.030247759155006167,0.00945,3.200821074603827,0.3124198375017798
0.0054,9,0.3062645011600928,0.24624474528417611,2.6351486402069075,553.8927475488362,0.25529439927777275,2.007122712601746,0.029901296131590056,0.00945,3.1641583208031805,0.31603981173298656
0.0054,10,0.28048416019127315,0.22806582066990466,2.7098588517327076,552.9426180514047,0.2644451859523542,2.0601454869266327,0.032794717868022384,0.00945,3.4703405151346436,0.28815616094122726
0.0054,11,0.2664929890429852,0.2063674119120191,2.732441849341222,567.025591908666,0.2638773853541352,2.0502012677823913,0.03293024389586074,0.00945,3.484681893741877,0.2869702401805729
0.0054,12,0.24911985305372722,0.20209508497610718,2.7241387605556566,566.3757844787999,0.2724498761817813,2.0903756452024735,0.03273795719876371,0.00945,3.464334095107271,0.2886557625640998
0.0054,13,0.28896473265073946,0.2272458088794392,2.6508153623596566,561.2730375426621,0.29181943301227875,2.1404881373582114,0.033359472418096975,0.00945,3.530102901385923,0.2832778612791708
0.0054,14,0.27231909002469507,0.20999164384246216,2.7459132323994693,553.8099977549952,0.2504176127258688,1.9891431624763305,0.03251317291687444,0.00945,3.4405473986110517,0.29065142378323283
0.0054,15,0.3050314465408805,0.23707048789424534,2.6230021214467074,567.5899677864703,0.22502990139764734,1.8979132526808953,0.03366833058061199,0.00945,3.5627863048266657,0.28067919724661994
0.0054,16,0.3141572691252667,0.23870893622127715,2.634557684561436,563.8771715940262,0.3010094111377839,2.1880635451767545,0.031978695657273494,0.00945,3.3839889584416394,0.29550923844045573
0.0054,17,0.25469088734394857,0.19339220702712548,2.856961291395915,553.2314420273603,0.24397490866249427,1.9688400202691339,0.031827844203968086,0.00945,3.3680258416897444,0.2969098359109674
0.0054,18,0.2827317222392169,0.220493333394641,2.7013244837441106,565.9434077699602,0.22374587136437185,1.8885395722350407,0.03009364669573616,0.00945,3.1845128778556786,0.3140197695395596
0.0054,19,0.32293702089283033,0.2504219469595173,2.5811498524076306,556.1781151360289,0.2806567153020296,2.0942260015785683,0.03419861100519779,0.00945,3.6189006354706654,0.27632701218665606
0.0054,20,0.32294896030245746,0.2585436277244608,2.5753003868923843,559.578449905482,0.25563303343369626,2.021246861642077,0.03091724454357078,0.00945,3.271666089266749,0.30565466423381904
0.0054,21,0.2599954306602696,0.20021085029339733,2.8380067882498143,563.5771076079507,0.23748899338534102,1.9526283793425863,0.031575354657351715,0.00945,3.3413073711483294,0.2992840493020321
0.0054,22,0.2273999546107875,0.177066928109013,2.9274945539186494,559.831984265073,0.31260692654177547,2.2232835244689717,0.029013299213480736,0.00945,3.0701903929609244,0.3257126992165425
0.0054,23,0.27071573718672387,0.20533425642093422,2.7502538966490473,556.9720027094152,0.3593670104746707,2.4144306499209014,0.031136475514595145,0.00945,3.294865133819592,0.30350255909890433
0.0054,24,0.26572635389953236,0.2120581281743521,2.707423864968798,558.188112837532,0.2506344139983412,2.006954666484583,0.030488658478585375,0.00945,3.226313066516971,0.30995132195263664
0.0054,25,0.31153698735147567,0.25545406005574406,2.6228881377914433,567.2859333077807,0.2812873066868633,2.1163425278678156,0.032764073713858574,0.00945,3.467097747498262,0.2884256726599547
0.0054,26,0.2972579656862745,0.23000981000045265,2.6662353779125976,566.8088235294117,0.31049853417789564,2.2336510222265265,0.03290304167357808,0.00945,3.481803351701384,0.28720748962210907
0.0054,27,0.2683278887791537,0.21137075590777124,2.7705354454363915,562.2094507331155,0.24569184906431474,1.9814660508150244,0.030817588919773802,0.00945,3.261120520610984,0.3066430675222779
0.0054,28,0.2760277629471436,0.21334964381596783,2.743765232734329,564.4352833498589,0.351135931792669,2.38510793823969,0.03146715733595564,0.00945,3.329857919148745,0.3003131137365894
0.0054,29,0.26324967776177116,0.20348973082163285,2.805840148541315,561.1031162332247,0.20468995830742642,1.812606921852761,0.028837754138970113,0.00945,3.051614194600012,0.3276954215803398
0.0054,30,0.28260703655651376,0.2131982106029642,2.764762347458656,564.7792871861406,0.3527181845274754,2.421548160373831,0.030512609949001155,0.00945,3.228847613650916,0.30970801959566063
0.0054,31,0.27736897432046853,0.2133576826886132,2.7129141790545077,555.6778795614957,0.25869620466255583,2.0228861076966025,0.034647564883790546,0.00945,3.666408982411698,0.2727464406718254
0.0054,32,0.2744182486221678,0.21958846644299057,2.712827129424475,566.4623392529088,0.3187184927810449,2.282735896122511,0.03141134247132322,0.00945,3.3239515842670073,0.3008467405882864
0.0054,33,0.2745892243026366,0.2137638155813513,2.7194011022790927,565.5548337791364,0.3041910043975804,2.1952252899107387,0.03057391951172918,0.00945,3.23533539806658,0.3090869653259427
0.0054,34,0.2189963614311704,0.17797466489642452,2.9030644818526854,560.9757428744693,0.23043764376780018,1.933648969822381,0.031345466873930874,0.00945,3.3169806215799866,0.30147899975480325
0.0054,35,0.26031045502967587,0.18796412538527127,2.886129083160056,563.1062243189773,0.25476594059728086,2.0145560823808655,0.03174314765864659,0.00945,3.3590632443012263,0.2977020458595225
0.0054,36,0.29918994624876977,0.2411784089839804,2.620457879903949,560.2550533727004,0.27177275260328315,2.0895481451390654,0.03256005499895492,0.00945,3.4455084654978747,0.29023292498441167
0.0054,37,0.2884180364952496,0.2196846875599083,2.7202773378390326,558.0200573065903,0.2847910948621575,2.134632591690697,0.03091362341413266,0.00945,3.271282900966419,0.3056904677075086
0.0054,38,0.23756653992395438,0.18394327761187076,2.9114023068386032,562.7642585551331,0.2758728415647056,2.1181492388948895,0.030103124957808813,0.00945,3.1855158685511973,0.31392089735682577
0.0054,39,0.229235370810645,0.18159486225025945,2.858855473785213,567.5465143032441,0.24768995374324732,1.9942547593385773,0.031340734993216254,0.00945,3.3164798934620374,0.30152451759811844
0.0054,40,0.2657471264367816,0.20571080978364745,2.7613666371373666,567.0689655172414,0.340393533493625,2.362207131807875,0.031854688237756834,0.00945,3.3708664801859083,0.29665962917191796
0.0054,41,0.26059963658388857,0.2038340274682761,2.7528288576068527,560.2973955178679,0.2560574941744562,2.019830646406425,0.03333167740562124,0.00945,3.52716163022447,0.283514084364872
0.0054,42,0.29918624990493575,0.22571509737354953,2.695613925426067,562.8069815195072,0.23879168697749265,1.943146997338335,0.033183111907083895,0.00945,3.5114404134480313,0.2847834171328164
0.0054,43,0.25550493545937736,0.20033733564542847,2.7838083898488453,561.9111617312072,0.2167793702101335,1.8576593996108897,0.03224529265126944,0.00945,3.412200280557613,0.2930660329928179
0.0054,44,0.25840066450200105,0.19846235542724847,2.8136398909536053,558.8192252510761,0.24420846669818275,1.981518536634386,0.03033141360164743,0.00945,3.209673396999728,0.3115581793882079
0.0054,45,0.25405070160477555,0.20214884804737263,2.757998385355707,573.6955577951779,0.2517008824215736,1.9947339894992433,0.032335642623431825,0.00945,3.4217611241726797,0.29224716855177374
0.0054,46,0.2742426548942,0.217418915602463,2.7204099947204923,563.2773633734206,0.226434286829317,1.9089749299669116,0.030202998780506377,0.00945,3.1960845270377116,0.3128828388424536
0.0054,47,0.27261040532365394,0.2071036361331725,2.7997105385401224,559.6206896551724,0.24849748850101605,1.9826498566601387,0.03070509831976167,0.00945,3.249216753413933,0.307766479090478
0.0054,48,0.25628978478326764,0.2090234122236478,2.736440617283133,560.806001818733,0.3009869902743958,2.2099441383472236,0.03155376682943538,0.00945,3.3390229449137965,0.2994888075037822
0.0054,49,0.2911114476075106,0.22603661164467018,2.7324505339987786,560.2973955178679,0.25410260967328213,2.001343548080003,0.030959796316610114,0.00945,3.2761689223926047,0.3052345662535906
0.008,0,0.19579737335834896,0.1442868244387343,3.2283354121382732,555.3864915572233,0.22168627398787066,1.8930477856818855,0.030392568339001728,0.014,2.1708977385001234,0.46063892474774126
0.008,1,0.22022014475271412,0.16343362965321814,3.126057314040791,557.9360675512665,0.2074969163222704,1.816189821500745,0.03085141383114147,0.014,2.2036724165101047,0.4537879552822431
0.008,2,0.21514524411742164,0.16012427372113924,3.154572515189239,567.1991262359163,0.2945648761524353,2.172735139226751,0.03186607971573699,0.014,2.2761485511240704,0.4393386360947981
0.008,3,0.21579625559008564,0.165794695026787,3.113827189407727,560.9332979610399,0.29467225304688327,2.1770251526147684,0.03178633323209599,0.014,2.270452373721142,0.44044086173058855
0.008,4,0.18287494301777846,0.13102241808941792,3.3243425409311125,562.2520893481234,0.32262364716734737,2.2677289891349526,0.030405690687905162,0.014,2.171835049136083,0.4604401243076826
0.008,5,0.2291254752851711,0.17754486390530075,3.005304280944417,562.7642585551331,0.2914608662831597,2.167083789859152,0.03149465896867995,0.014,2.2496184977628535,0.44451981569072974
0.008,6,0.22800061003507702,0.17244002344535828,3.1161430151793987,564.3063901174318,0.37668216484598815,2.495651315162604,0.032901926824551335,0.014,2.3501376303250954,0.4255069946102134
0.008,7,0.21683537559936067,0.1604285257954309,3.12274901068981,563.2345688408554,0.23967851986526512,1.960195209836005,0.0307616504866064,0.014,2.197260749043314,0.45511212105135873
0.008,8,0.27021502119927315,0.1892715132574853,3.007025655724355,560.2973955178679,0.2569346724485513,2.0150906302839235,0.032479396414993096,0.014,2.319956886785221,0.43104249294292113
0.008,9,0.2195777351247601,0.15928296930881605,3.1417778502333684,568.1554702495201,0.23744690179591998,1.933724048282151,0.03262215449089741,0.014,2.3301538922069582,0.42915620437964735
0.008,10,0.20724161637766406,0.15388737344391729,3.198037969758936,565.2960812772134,0.3163274424150586,2.2529098445564113,0.030658618347903094,0.014,2.189901310564507,0.4566415825114159
0.008,11,0.21734825984311934,0.15899381066800572,3.179252145996652,563.5771076079507,0.3010965986759402,2.179720960667315,0.03028112783596106,0.014,2.162937702568647,0.4623341665423034
0.008,12,0.2023980091999095,0.15411307479650144,3.1543492901249555,558.0620616846392,0.24047390979831107,1.9610842363255085,0.03049930054753541,0.014,2.1785214676811004,0.4590269202462518
0.008,13,0.20356791896590823,0.15335217430565753,3.184417266168868,559.4095547660443,0.22670078004011884,1.9065977092601853,0.029341371841464573,0.014,2.0958122743903265,0.4771419712630993
0.008,14,0.2022574740695546,0.1517279959886796,3.196637237228398,564.392312385601,0.2841122644895222,2.1311267122541073,0.031186963883585758,0.014,2.2276402773989825,0.4489055123242838
0.008,15,0.2203225324772286,0.1606284455400519,3.137134922769356,552.5305360609228,0.23704419995192438,1.9390150569569555,0.030092522313915,0.014,2.149465879565357,0.46523185573999887
0.008,16,0.20271403522146833,0.15031502094117274,3.1836308731177496,564.1775558435618,0.23068230794160627,1.9050934281330443,0.02940300983806491,0.014,2.100214988433208,0.4761417309691781
0.008,17,0.22944154648665235,0.17411066904911882,3.0824601057450405,567.6768947529918,0.28312863229075447,2.1264170088216026,0.030790328253577998,0.014,2.199309160969857,0.45468823471776815
0.008,18,0.21748997654890687,0.15935863483490034,3.1382954828533167,559.831984265073,0.24658811680274084,1.998411733360644,0.03127914394487881,0.014,2.2342245674913435,0.4475825816931335
0.008,19,0.25490048250904707,0.1903761988700853,3.0333580914404754,557.9360675512665,0.3815866020449903,2.535858163263028,0.0327363575075943,0.014,2.33831125054245,0.42765906368025913
0.008,20,0.23347849339139737,0.17798234962874226,3.070181504718297,565.3823057529223,0.26130149740492925,2.0346953399982137,0.030346084071628303,0.014,2.167577433687736,0.4613445335139346
0.008,21,0.21381949133468378,0.1673251611886242,3.1573708893951467,555.2201215395004,0.2952702719194349,2.174430752001885,0.030434492688185197,0.014,2.1738923348703714,0.46000438198317206
0.008,22,0.25538227462913654,0.20298596728056176,2.952877477377717,562.977938379612,0.22946576846879907,1.9034687931125913,0.03197130422785643,0.014,2.2836645877040302,0.43789267714020486
0.008,23,0.18057766659085742,0.13605650370051242,3.2749507834132427,561.018194223334,0.29469800178776495,2.1768576704996656,0.02910858255965187,0.014,2.079184468546562,0.48095780587426296
0.008,24,0.20150688091027907,0.1534851978148854,3.17152040698117,568.9403398170216,0.25777520236442797,2.0131976485203764,0.029058587340575627,0.014,2.0756133814696875,0.48178529244782864
0.008,25,0.1964204802899864,0.14969306531002396,3.211126587960962,558.861350249207,0.25612327302224003,2.0309050484204048,0.029839368698054775,0.014,2.131383478432484,0.4691788268601225
0.008,26,0.30068337129840544,0.2611547596851636,2.778044128984037,561.9111617312072,0.38702842107159086,2.547619850173586,0.03450746251341758,0.014,2.4648187509583988,0.4057093445962989
0.008,27,0.17597657754834733,0.14361338858501646,3.184788811058511,570.1655751598737,0.269175429479219,2.065033726991487,0.03315579531146713,0.014,2.3682710936762237,0.422248957338629
0.008,28,0.1407629135006524,0.1184065501696264,3.2968147972641373,567.9813492977205,0.25778823293512687,2.0147974581830974,0.03206154029354277,0.014,2.290110020967341,0.43666024376313617
0.008,29,0.20784641068447413,0.1445906136521056,3.2775762315612575,561.57064804978,0.2579453684447799,2.0287838710635726,0.03029039970314722,0.014,2.16359997879623,0.46219264642273367
0.008,30,0.24030309850701478,0.18058322843513008,3.0679620617629073,555.2201215395004,0.2659684086975176,2.0585570933910793,0.034412104849218667,0.014,2.458007489229905,0.40683358548809817
0.008,31,0.2203922169449977,0.1496083638673435,3.2477943640240188,566.8955109544967,0.2688543760741595,2.0780235472359685,0.026962411580023687,0.014,1.9258865414302633,0.5192413875312447
0.008,32,0.23814557535487768,0.17454600881767998,3.109947738388328,558.7771066143159,0.33419323779526167,2.3377834098131944,0.03209778594636267,0.014,2.2926989961687623,0.43616715568465814
0.008,33,0.2161324463259752,0.16824046179336458,3.016025631229875,559.4517689749017,0.26944288762751967,2.0645810641516453,0.03154932164241527,0.014,2.2535229744582335,0.4437496361626438
0.008,34,0.22393445087574232,0.16703288939729574,3.1216292758740396,556.3033150417199,0.24455381883308291,1.9640307468985205,0.032175854811513326,0.014,2.2982753436795234,0.4351088753356275
0.008,35,0.2390857142857143,0.17625818168702861,3.1079588435081154,563.8342857142857,0.30720974030555226,2.239857784563653,0.031129054623997503,0.014,2.2235039017141074,0.44974060950785666
0.008,36,0.21798676101346726,0.16165199109165154,3.149628740872151,563.0634558320019,0.2815223631914705,2.11316642407527,0.030923782083300315,0.014,2.208841577378594,0.4527259945852607
0.008,37,0.26866691986327385,0.20098295286543724,2.9548560855564165,562.1241929358147,0.24060392178944312,1.9457915544359696,0.03405528178883858,0.014,2.432520127774184,0.4110962900500333
0.008,38,0.22202743902439023,0.1678218030996528,3.113591304505531,564.0487804878048,0.30710246934904717,2.22468396953997,0.032444423021691274,0.014,2.3174587872636625,0.43150713423505976
0.008,39,0.194909527742323,0.1438282168452067,3.2626235298489914,555.6362339514978,0.21804681688081473,1.879185811275862,0.03022157925756855,0.014,2.158684232683468,0.46324514945703593
0.008,40,0.2374227040232079,0.1859870316848485,3.0575522182417467,564.9514466753187,0.30966830035322346,2.2247003805532044,0.03358191403031804,0.014,2.398708145022717,0.4168910678337358
0.008,41,0.21306775313113022,0.1597836340134151,3.164059025569259,558.3562698053418,0.22305858350591734,1.904350978389044,0.029657981986924455,0.014,2.118427284780318,0.47204830072970877
0.008,42,0.2047017915186333,0.1523988650221951,3.2039506440579286,559.4095547660443,0.3166282525053248,2.2580149975791963,0.03021458189152944,0.014,2.1581844208235315,0.4633524319568643
0.008,43,0.2276650514839491,0.16728034988204943,3.145611928973959,560.2973955178679,0.2505294851725921,2.0044042525756973,0.031011965612391702,0.014,2.2151404008851214,0.4514386535500964
0.008,44,0.21624722710930927,0.16545483241617137,3.1087591510439814,566.0730513271628,0.24590937406173907,1.9811275991423285,0.03190425598514375,0.014,2.278875427510268,0.4388129284857517
0.008,45,0.22514665020067923,0.16563826065187737,3.0875386811962464,571.1759802408151,0.2618524019198958,2.033460009307215,0.030499558693498546,0.014,2.1785399066784676,0.45902303507703923
0.008,46,0.225624619134674,0.16697870076564827,3.101914071687156,563.7056672760511,0.37546120811020955,2.4948616908066006,0.03366707335852067,0.014,2.4047909541800476,0.4158365608710326
0.008,47,0.24729033745868245,0.1862047511166257,3.0390289949186147,568.8530248289645,0.29269388737156987,2.1759309798734967,0.03368265060623104,0.014,2.4059036147307884,0.41564424853815113
0.008,48,0.22220521845588798,0.16734654260664955,3.1519517222936706,566.2460019894406,0.3196343695744872,2.276378565728042,0.029566843225415022,0.014,2.11191737324393,0.4735033731286505
0.008,49,0.21483356342997392,0.16032601561638188,3.189597896134494,567.5899677864703,0.21480049361707643,1.8530873787246018,0.02913794595726566,0.014,2.0812818540904043,0.48047312671019093
0.012,0,0.1703544904678049,0.12626257762359822,3.4849052226393042,566.5922211163005,0.24369289688183926,1.961734700090516,0.029674462983454976,0.021,1.4130696658788082,0.7076791924325159
0.012,1,0.16556390977443608,0.11908496850869046,3.5155941611464936,556.4285714285714,0.251857884315541,2.008180313215475,0.030096192193449185,0.021,1.433152009211866,0.6977626892139172
0.012,2,0.13205577510998434,0.10683927696306618,3.5425028708842294,551.831407053911,0.26917982535087503,2.083742351064947,0.030249438361126743,0.021,1.44044944576794,0.6942277654644622
0.012,3,0.1698870955520194,0.12080257565253878,3.5181576862932986,560.7635826324165,0.3731540763110388,2.474391921348241,0.030556223531355273,0.021,1.4550582633978701,0.6872577031140923
0.012,4,0.1810965205133912,0.13629420170001355,3.3435371935406737,549.0525261517917,0.24239143569138832,1.973258582748934,0.03292582619687986,0.021,1.5678964855657074,0.6377972074088765
0.012,5,0.15963260968574464,0.11625356802883557,3.5218802879921363,561.7408531956885,0.2194856512651313,1.862439832848748,0.0290349741820298,0.021,1.382617818191895,0.7232656680988968
0.012,6,0.16555437585317762,0.1341141276885757,3.4464550088968924,561.2305475504322,0.23293077465496026,1.924646006960753,0.0320252225270089,0.021,1.5250105965242333,0.6557331485297057
0.012,7,0.17098907631715834,0.12135973692255857,3.4755206543748254,549.9485026380322,0.3509310345107224,2.389088236437864,0.03187541659259017,0.021,1.5178769805995318,0.6588149189831046
0.012,8,0.17064248151817696,0.12475262303643142,3.512567757819959,564.0058684551483,0.3930213792482391,2.572695606120413,0.02909329307416359,0.021,1.3853949082935042,0.7218158476067851
0.012,9,0.1916397263363657,0.13065933450499514,3.453249302175594,556.3868130215774,0.30047673659282736,2.178166284402973,0.03258491619674308,0.021,1.5516626760353847,0.6444699711119402
0.012,10,0.1866707335671801,0.13966345520222023,3.403306714483663,564.3063901174318,0.34876329347025603,2.3649197543097404,0.03515468266536244,0.021,1.6740325078744018,0.5973599648131966
0.012,11,0.15927725478287277,0.11640590940955328,3.543284312356415,561.8259945338597,0.2707811901345849,2.077233558621755,0.03052886789307998,0.021,1.4537556139561894,0.6878735259213493
0.012,12,0.26350037397157816,0.1556810434811248,3.3778569651339834,553.5205684367988,0.30560695100575686,2.217275185940471,0.03248838296993818,0.021,1.547065855711342,0.6463848945461984
0.012,13,0.19665021683864214,0.15639532512108467,3.3585277601059365,553.3553162853298,0.2908322392613627,2.157915018381501,0.03269343555254916,0.021,1.5568302644071028,0.6423307812434107
0.012,14,0.18241559030138227,0.14072268467644677,3.4193109625976983,558.9877634262407,0.2919609484670218,2.148851731945794,0.032982434499922775,0.021,1.5705921190439416,0.6367025454124429
0.012,15,0.16253129979512862,0.12043022335978357,3.5213305754195448,561.5281129068974,0.2420247511472553,1.9748367059558505,0.031203460425246906,0.021,1.4858790678689002,0.6730022796769289
0.012,16,0.15063520871143377,0.10923202471917799,3.5488011654874114,559.6206896551724,0.31400526987272315,2.2509038028571107,0.02955545785124633,0.021,1.4074027548212538,0.7105286646444033
0.012,17,0.18851163140856733,0.1308931165495611,3.46827307739316,557.1394263344124,0.2588143529719673,2.0266263599060093,0.029067612875163656,0.021,1.3841720416744598,0.7224535461576587
0.012,18,0.17239016218685754,0.12243819838426928,3.5288153275128242,563.4914337927358,0.23096253775293007,1.9149580742301988,0.03155330454185499,0.021,1.5025383115169042,0.665540434034217
0.012,19,0.17131110095934216,0.12355190624789375,3.5144967008363435,563.4486066697121,0.31779645825736225,2.258605691313965,0.03131563085597637,0.021,1.4912205169512556,0.670591631909989
0.012,20,0.23559822747415066,0.19524910087366507,3.2345985266579422,546.5834564254062,0.2954098406189587,2.1584910155801165,0.03132971011506057,0.021,1.491890957860027,0.6702902747224925
0.012,21,0.17667489966038902,0.1270208679573599,3.504275503284341,571.1759802408151,0.358642267761752,2.409474912923725,0.03182004002351056,0.021,1.5152400011195506,0.6599614577632189
0.012,22,0.18483737975263398,0.12886497895376542,3.4574412211341947,564.9945029775538,0.32139580766670406,2.270648975272388,0.03251033207001083,0.021,1.5481110509528968,0.6459484927676717
0.012,23,0.15438811456578344,0.11299275874912991,3.5114898754367623,566.7221626589064,0.2258323022397235,1.8996370320802547,0.031707227301717836,0.021,1.5098679667484682,0.6623095674739828
0.012,24,0.17368821292775666,0.12153149679515915,3.52424171914834,562.7642585551331,0.28815293658408336,2.1454186682458034,0.030534947684734838,0.021,1.4540451278445161,0.6877365639142199
0.012,25,0.1776576302162656,0.1253093326871106,3.476787336326907,563.5342674383186,0.23869054243550636,1.9619708292854052,0.03341268873051681,0.021,1.5910804157388956,0.6285037450703592
0.012,26,0.24196756425948593,0.1310071158701772,3.520833324501375,566.1162790697674,0.28503826438100077,2.145040481602903,0.029224575495602312,0.021,1.3916464521715386,0.7185733118060197
0.012,27,0.14969692319496664,0.11901301821584706,3.44589163082945,567.8073352259648,0.28294410949456505,2.1269827817459968,0.029202080719525465,0.021,1.3905752723583553,0.71912683899811
0.012,28,0.1884603796324194,0.13173526016893722,3.4455720416869156,557.4326604398915,0.2490726772812195,2.0008780155668573,0.030154068085148505,0.021,1.4359080040546905,0.6964234457752296
0.012,29,0.1804789604895369,0.13504111941821834,3.4576817657616035,559.0720707108861,0.27404880078393035,2.092121727023713,0.02925218761850426,0.021,1.3929613151668694,0.7178950263096181
0.012,30,0.21332932149842035,0.13563389760696223,3.4560766243746697,556.6792537987062,0.2540873347898014,2.017511418843884,0.032018908471526594,0.021,1.524709927215552,0.6558624576060935
0.012,31,0.1640970844145932,0.11813612951757818,3.5119635319525955,564.8223172034803,0.29036951952730305,2.156124617838612,0.031041559498727143,0.021,1.4781694999393877,0.6765124026987467
0.012,32,0.16574627430214087,0.12004439451109794,3.511612287539153,559.831984265073,0.30151213705539703,2.1760870130517738,0.03180495313192927,0.021,1.5145215777109176,0.6602745148810774
0.012,33,0.1879367973260407,0.13428002684634255,3.4124614103027144,562.1668185961714,0.28499184356769547,2.1219187909447355,0.032179674158591534,0.021,1.5323654361234063,0.6525858495802478
0.012,34,0.16726577437858509,0.1204232337283204,3.515043686575528,565.9866156787763,0.28556910098996013,2.1229598092989845,0.030638246208169708,0.021,1.4589641051509383,0.6854178224600969
0.012,35,0.18501702610669693,0.1345164154125869,3.4194663212515404,560.0011350737798,0.4633586433774326,2.8549650414511136,0.032883602728913,0.021,1.565885844233952,0.6386161569071535
0.012,36,0.11694311898810876,0.10083096024679314,3.5456705518705918,560.5092024539878,0.26134942448697984,2.044621591078763,0.029988945447036536,0.021,1.428045021287454,0.7002580346510714
0.012,37,0.16777803326435195,0.1200155982912609,3.5168024495587806,567.1991262359163,0.3013887494453229,2.190550741297524,0.033421922353539316,0.021,1.5915201120733007,0.6283301055475088
0.012,38,0.1559661042827697,0.11286620823667753,3.5582026106422058,564.9514466753187,0.26322314332355745,2.0496166216491254,0.02906186966443268,0.021,1.3838985554491752,0.7225963175280775
0.012,39,0.17185601458080194,0.11878066077199331,3.5155816955461274,561.9963547995139,0.3814161259215325,2.5297818339521294,0.031302781797789704,0.021,1.490608657037605,0.670866894056132
0.012,40,0.15364503229775453,0.11156724938114476,3.547755593784374,569.0713626576438,0.29532589530572295,2.16471875462246,0.032001148177556595,0.021,1.5238641989312662,0.6562264542347876
0.012,41,0.16188857120778918,0.11586511994157836,3.538974344210124,571.8368750482961,0.26553774895728566,2.03915179186521,0.029778628618253866,0.021,1.418029934202565,0.7052037308100652
0.012,42,0.18461304314740126,0.13418093461558825,3.417055957600438,563.1489993151206,0.24418877661810257,1.9743504067417528,0.033887553552975555,0.021,1.6136930263321692,0.6196965492705525
0.012,43,0.17310498425620152,0.11922326488713814,3.5271681137951543,568.3296981798633,0.23850146212498657,1.947815280301068,0.03015848324459191,0.021,1.4361182497424718,0.6963214903642666
0.012,44,0.14633024004908352,0.11011102020400784,3.5613330506634076,567.5465143032441,0.241447964013787,1.9710566663841267,0.030653164976578245,0.021,1.459674522694202,0.6850842324453568
0.012,45,0.15853658536585366,0.11059774629679556,3.5586126486002154,560.5515830934706,0.3243823632947169,2.2894842586060884,0.02975444683952549,0.021,1.416878420929785,0.7057768579351918
0.012,46,0.14815955644540274,0.10731172586256826,3.6075283504447992,569.8587709841368,0.24034366657724604,1.9656242226491638,0.029798969416318294,0.021,1.4189985436342043,0.7047223582336419
0.012,47,0.16909049807851706,0.12574444003339447,3.4768184340711623,557.6423027654283,0.29837736129411496,2.1815638404931352,0.03112322288980211,0.021,1.4820582328477194,0.6747373199219963
0.012,48,0.1674744211093161,0.12173600926525681,3.527312001652889,569.2898684514194,0.22225109205464832,1.8918381030941624,0.03192141136501116,0.021,1.520067207857674,0.6578656488546731
0.012,49,0.16517069428461834,0.12152995037146463,3.4761830113326564,567.7203682393556,0.38365721417358145,2.5236044837492155,0.03227870206399126,0.021,1.5370810506662504,0.6505837799292029
0.019,0,0.13428615102415165,0.09120698845464642,3.8383506720029357,565.5979822684194,0.27545614988775924,2.094585996573436,0.029968634481520765,0.03325,0.9013123152337071,1.109493327782505
0.019,1,0.1142922409198203,0.08504145552955301,3.8336864819081313,563.4914337927358,0.2647874586400576,2.046560433006191,0.03194091093129565,0.03325,0.9606289001893428,1.0409847130384033
0.019,2,0.2179574532515709,0.12323905605735085,3.7095853238613383,560.2550533727004,0.39225236923084594,2.5561992388370967,0.031944165883201946,0.03325,0.9607267934797578,1.040878641864452
0.019,3,0.12375673828866449,0.0835790655688385,3.869103628010016,561.8685748994002,0.2865939802431967,2.1460254824131098,0.02975469114554195,0.03325,0.8948779291892315,1.1174708498018384
0.019,4,0.15311184606133493,0.0947021744450294,3.7906837383745113,556.2615754660253,0.30574344427441247,2.217706046566007,0.030857072884367287,0.03325,0.9280322671990161,1.0775487397848749
0.019,5,0.09496654501216545,0.07778331070501543,3.864383717299493,562.6788321167883,0.2696671358135063,2.0845358021864913,0.029516715410497853,0.03325,0.8877207642254993,1.1264803531687804
0.019,6,0.12584755234334252,0.09079896475248257,3.8164454242049324,551.4209820430668,0.33926200194400735,2.3750048655072478,0.03147750836188276,0.03325,0.946691980808504,1.0563097821383987
0.019,7,0.14520116880197798,0.09810865373133018,3.811865112309596,554.4726904922454,0.28745088013238274,2.1597912642511545,0.031490101733629934,0.03325,0.9470707288309754,1.0558873477531696
0.019,8,0.12914629559984958,0.08891870265882207,3.8411134209333477,556.6374576908612,0.3246882727544289,2.2770251739638803,0.03158904006786184,0.03325,0.9500463178304313,1.0525802597536984
0.019,9,0.131486568986569,0.08919632519084014,3.8550709523637408,564.7362637362637,0.34839463845128193,2.366258460007315,0.03034717159293054,0.03325,0.9126968900129485,1.0956540018294714
0.019,10,0.1231029966874663,0.08651729814920797,3.836826966243009,570.0778830598567,0.2793367277190555,2.120755547842043,0.031152347720628623,0.03325,0.9369127134023646,1.067335287156619
0.019,11,0.1231824003616364,0.08627703770110436,3.838079583634435,557.5584268816394,0.2749435617879499,2.1071566602154244,0.029820024913938706,0.03325,0.8968428545545475,1.1150225426021703
0.019,12,0.12369791666666667,0.08746105497251462,3.8487008247966075,566.8088235294117,0.29114793793996796,2.159476107834887,0.029765475108691753,0.03325,0.8952022589080226,1.1170659926839448
0.019,13,0.14954996538195245,0.09599284658731443,3.816232765967015,569.2898684514194,0.3116104088257998,2.237827554919303,0.032026095133952784,0.03325,0.9631908310963243,1.0382158630619218
0.019,14,0.12534860933142383,0.08522913181415118,3.8703493989562388,557.8101303987337,0.2644761126721278,2.057176784946793,0.029650277601507662,0.03325,0.8917376722257943,1.1214060268464165
0.019,15,0.11498284407167365,0.08584354647461277,3.8400547665099443,564.2634388105223,0.35317099283565767,2.386748135525811,0.030374023602788177,0.03325,0.9135044692567872,1.0946853941651584
0.019,16,0.135196546239491,0.08726219220814199,3.855964012706652,560.5092024539878,0.3456395258544944,2.3699233679991645,0.03076418997279116,0.03325,0.9252387961741702,1.0808020633537685
0.019,17,0.12344082750228172,0.08643607070495173,3.853337153927013,562.849710982659,0.2628459132392891,2.054920601667116,0.03109511439919511,0.03325,0.9351914105021085,1.0692998126053097
0.019,18,0.11648854961832061,0.08639839276730801,3.824179686439192,564.9083969465648,0.28878328623250127,2.162032861332534,0.03189601062759776,0.03325,0.959278515115722,1.0424501166685314
0.019,19,0.12668382019070681,0.08898658517124723,3.8111837491902145,560.0434387770547,0.25953943681088276,2.038198212431152,0.03079994967164045,0.03325,0.9263142758388105,1.0795472185662522
0.019,20,0.11366895614763378,0.08292265710601752,3.8675565815755126,558.5666088006642,0.3075369795260485,2.2236041255311685,0.02879395739288633,0.03325,0.8659836809890625,1.1547561714533396
0.019,21,0.15567443637753153,0.09839676564107444,3.8059778848566785,565.5548337791364,0.25964071406633593,2.0258668816783487,0.032489944771886256,0.03325,0.977141196146955,1.0233935524806255
0.019,22,0.12286947958487994,0.08494644130204006,3.8592205493209093,560.5939701537762,0.33168348457547836,2.346626084905105,0.02950259702615795,0.03325,0.887296151162645,1.127019427154819
0.019,23,0.13319044703000613,0.09356152372533727,3.806386400281265,566.4623392529088,0.2794837754336186,2.129556891813349,0.03241796779177338,0.03325,0.9749764749405528,1.0256657731777303
0.019,24,0.15202135774218153,0.09947662482531318,3.7571215927583776,564.4782608695652,0.2626427147479262,2.0465731928014925,0.03304998367275992,0.03325,0.9939844713612006,1.0060519342224346
0.019,25,0.11145722534569215,0.08167249558595152,3.872861414018323,562.2520893481234,0.3578969689551741,2.401346174560859,0.03096093402670207,0.03325,0.9311559105775058,1.0739340089457166
0.019,26,0.12245816762962407,0.08829228029333591,3.8290164684266985,555.3032940646807,0.31689557718345895,2.2314356148269976,0.03227183093500574,0.03325,0.970581381503932,1.03031030581947
0.019,27,0.12619194094124886,0.08959034146478924,3.855064378850683,569.0713626576438,0.27129499093280174,2.0969417391345115,0.030480923503884698,0.03325,0.9167195038762315,1.090846213887266
0.019,28,0.11350487210718636,0.08569834281172692,3.840383190724423,563.3629719853836,0.24457244551740587,1.9687029030127772,0.031186691217995638,0.03325,0.9379456005412221,1.066159913136722
0.019,29,0.10681647940074906,0.08110357048398391,3.869526024034665,554.3483146067416,0.2879818327492103,2.1240464387863947,0.030970417469796657,0.03325,0.9314411269111776,1.0736051599054635
0.019,30,0.1306644839645807,0.0888315506324166,3.8250788076602755,550.6837562318625,0.2530824045825284,2.003148406464317,0.030867053613131662,0.03325,0.9283324394926815,1.0772003190435568
0.019,31,0.1375103546953837,0.09209185259739451,3.826154246592725,557.3069508246103,0.28405111128813587,2.1210527218121418,0.03258143353201519,0.03325,0.979892737804968,1.0205198604084706
0.019,32,0.11246155000375122,0.09002906141236246,3.8043785803328443,555.2201215395004,0.312383369426243,2.238768732457559,0.031425110347058666,0.03325,0.9451161006634184,1.0580710658701677
0.019,33,0.1360061092019855,0.09433188822033205,3.808544908912747,565.1237113402062,0.3035250086977612,2.2051709272758293,0.02988880777041255,0.03325,0.8989115118921067,1.1124565508067792
0.019,34,0.12929216867469878,0.08866396343071387,3.83544004720697,557.2650602409639,0.3377113513124641,2.3312702120566255,0.03050033904844359,0.03325,0.9173034300283787,1.0901518159253618
0.019,35,0.12017815354419868,0.08569444263766232,3.8596672891727395,558.6507888578546,0.2848537649551872,2.134813421280992,0.030915890238577153,0.03325,0.9298012101827715,1.0754987077328384
0.019,36,0.11314564736400397,0.0845716653286616,3.8649328354702623,564.6072327763791,0.3071406290109735,2.220124472247327,0.02862300149429754,0.03325,0.8608421502044372,1.1616531552997433
0.019,37,0.13239803741183687,0.09695629035378105,3.7770922637227407,567.329346826127,0.32290422936785035,2.292614028550625,0.035076758528665195,0.03325,1.054940106125269,0.9479211134297846
0.019,38,0.1361763808361306,0.08958789587340771,3.8341761699515136,564.5642355813244,0.3115284897212405,2.2386588998748267,0.031343712946544644,0.03325,0.942668058542696,1.0608188014198079
0.019,39,0.09516226872914771,0.07453092138114221,3.929060864986659,561.1455868971792,0.2956501113658305,2.1736745112888407,0.030184548860168584,0.03325,0.9078059807569498,1.101556963929866
0.019,40,0.11516056758775206,0.0838504310119032,3.855090742970664,552.6952949962658,0.262703888467513,2.0519687349756337,0.029050607951332772,0.03325,0.8737024947769254,1.1445543602978048
0.019,41,0.11933082649067608,0.08870954729469338,3.8510234863263912,567.8943289079887,0.42173604664276354,2.6714453477091435,0.03009147945145683,0.03325,0.9050069007956941,1.1049639501320783
0.019,42,0.1324554015772146,0.09464791266693529,3.7816379385232546,566.5922211163005,0.2593971765600145,2.0125346790946046,0.03400530314118727,0.03325,1.0227158839454817,0.9777886661368284
0.019,43,0.1337064206307192,0.0874672192056701,3.847261502877234,559.6629357936928,0.3421219095471315,2.3683475690930074,0.029136287574374205,0.03325,0.8762793255450888,1.1411886265580338
0.019,44,0.16521078617546525,0.11169705904953289,3.757804141198388,562.1241929358147,0.3022035284957383,2.19726668592161,0.03158752923408447,0.03325,0.9500008792205855,1.052630604742635
0.019,45,0.12774027156185996,0.08725188844121753,3.8408697335478683,561.3580368656603,0.2749548017454799,2.092852547017807,0.0312642425908612,0.03325,0.9402779726574796,1.063515289179571
0.019,46,0.1281157663459353,0.08909947643804264,3.815149661807358,560.6787635426926,0.3472385928616859,2.3999484990885156,0.03273393931599984,0.03325,0.9844793779248072,1.0157653094856176
0.019,47,0.11158601740192337,0.08052134894370443,3.9061832692763985,564.8223172034803,0.27502812282182276,2.0887851691080392,0.031056330014959232,0.03325,0.9340249628559167,1.0706351968820567
0.019,48,0.13622924721400956,0.09066824656063172,3.850106309826691,561.018194223334,0.361353890679311,2.440571024634634,0.03217244743417908,0.03325,0.9675924040354611,1.033493024365817
0.019,49,0.11723088626854317,0.08289082119114005,3.87859587320047,562.977938379612,0.2741888085147366,2.1011096776116895,0.029320779099568768,0.03325,0.8818279428441734,1.13400806598925
0.03,0,0.099171039622785,0.06567518021867805,4.091936180107016,562.8069815195072,0.3244489746866748,2.2890822604867855,0.02763024977873711,0.0525,0.5262904719759449,1.9000914005635026
0.03,1,0.10641866138130812,0.07197308738908786,4.035658108786694,564.1346241805153,0.2902624371345155,2.162036092676337,0.032404085960076524,0.0525,0.6172206849538385,1.620166051425819
0.03,2,0.10579632873790845,0.07136131110028585,4.0211487683478,563.6628075253257,0.29238718579290435,2.1471433317993993,0.03068210211812178,0.0525,0.5844209927261291,1.7110952762585294
0.03,3,0.10090840272520818,0.06965331401981285,4.044867979790351,560.2127176381529,0.2973173296486493,2.1892340434349276,0.030793013593674135,0.0525,0.5865335922604598,1.7049321866562994
0.03,4,0.09179553591833625,0.06771319182918006,4.064305837042624,563.7485335567914,0.3550887685851194,2.4343510160147863,0.03232559276807194,0.0525,0.6157255765347036,1.6241001480367088
0.03,5,0.09085361202227478,0.06752761640723225,4.0727126580000785,564.5212449462201,0.3750247707939707,2.4460056962928878,0.03035532620373637,0.0525,0.5781966895949785,1.729515263569722
0.03,6,0.10390505359877489,0.07006271188420835,4.052896965864141,566.635528330781,0.29257906213751994,2.158230326664776,0.029736275097646696,0.0525,0.5664052399551752,1.7655203897462868
0.03,7,0.08702878295686334,0.06765524153446166,4.046673649589742,559.0720707108861,0.31610578909749165,2.2279199087865122,0.030921051756366457,0.0525,0.5889724144069801,1.6978723884833757
0.03,8,0.10729548229548229,0.07330371273932484,4.050059071211051,564.7362637362637,0.31801829527830705,2.277669203678646,0.03064479123339659,0.0525,0.5837103092075542,1.7131785822964156
0.03,9,0.1153699901133166,0.07440864812842055,4.037539558777819,562.8069815195072,0.3318236418708693,2.313729857521036,0.032913533062179444,0.0525,0.6269244392796085,1.595088558278392
0.03,10,0.08478327228327229,0.06710206986978035,4.054918767077518,564.7362637362637,0.27649890078464523,2.093440840998894,0.03040545567063487,0.0525,0.5791515365835214,1.726663812202088
0.03,11,0.0538326058656865,0.05915821062830924,4.081700985232897,566.6788421778084,0.4090293697663583,2.6385244877837217,0.03169910841441077,0.0525,0.6037925412268719,1.6561980013334667
0.03,12,0.12495249676978035,0.0735069721538016,4.047737635909799,562.4653796458159,0.37672263957210816,2.475474937123031,0.031201981872208198,0.0525,0.5943234642325371,1.682585427266147
0.03,13,0.08412783159179316,0.06781782321835274,4.039985300590586,564.4352833498589,0.3567929539422039,2.407900722773558,0.03129514142097582,0.0525,0.5960979318281109,1.677576697730193
0.03,14,0.10267485034477533,0.06714605570356327,4.1048760669858195,560.7635826324165,0.3201109127548989,2.2749038311470064,0.027650128913358826,0.0525,0.5266691221592158,1.8987253247356564
0.03,15,0.10934891485809682,0.0704924182356568,4.068108285165535,561.57064804978,0.36524093709886074,2.4642753513440656,0.03038606358550243,0.0525,0.5787821635333796,1.7277657519629626
0.03,16,0.0967838893898407,0.07272572809818385,4.036045210178116,556.0946798917944,0.361438376683509,2.434776594178541,0.031884806824578435,0.0525,0.6073296538014941,1.646552236895797
0.03,17,0.09314734354752649,0.07096334970656376,4.0259053022977165,564.0916990624286,0.36106478740111925,2.4497550948795994,0.03322241424727853,0.0525,0.6328078904243529,1.5802584246056297
0.03,18,0.12569832402234637,0.07583552249093316,3.9839206461022045,558.6928884191454,0.36009906479739584,2.4292449160692735,0.033454475272568306,0.0525,0.6372281004298725,1.5692967703800296
0.03,19,0.08788869459438911,0.06834483984375093,4.048291347398692,562.6361286398541,0.335334100847831,2.326232467252681,0.031526340614039416,0.0525,0.6005017259817031,1.665274147822298
0.03,20,0.09243697478991597,0.0701994575193346,4.014425393137768,565.3391902215432,0.3362602573179174,2.339211718045245,0.03389665995977909,0.0525,0.6456506659005542,1.5488251663230286
0.03,21,0.09553605494086227,0.06697800457680467,4.0672469746823685,564.6932468523464,0.3852719239075668,2.530143753272146,0.03076146375086113,0.0525,0.5859326428735453,1.706680814190135
0.03,22,0.09253108828299993,0.06659748343426174,4.059701212105941,571.5723333590794,0.32690549915423617,2.3164266057263916,0.03065152520502491,0.0525,0.5838385753338078,1.7128022063774275
0.03,23,0.08913272208026454,0.0668005526024358,4.053901355117372,556.1781151360289,0.3465612602594774,2.3954100046411306,0.030867508205156824,0.0525,0.5879525372410824,1.700817560363657
0.03,24,0.11471116432205926,0.0704125472491304,4.0661366713190485,553.7686321460641,0.29835663532139733,2.1760376976603255,0.03122192263406264,0.0525,0.5947032882678598,1.6815107966068465
0.03,25,0.08917729204614451,0.06929158819020047,4.041999395466347,561.655737704918,0.371418492635712,2.4751478767308828,0.030914798356673424,0.0525,0.5888533020318748,1.6982158315992084
0.03,26,0.09852851941747573,0.07162736122663413,4.031758840526205,561.3155339805825,0.31983825625502504,2.267159816315573,0.03282156816982486,0.0525,0.6251727270442831,1.5995579409355245
0.03,27,0.096009600960096,0.06908349726269711,4.076246288394112,555.095409540954,0.33762604984804057,2.329075390991821,0.029639526650310156,0.0525,0.5645624123868601,1.7712833480574706
0.03,28,0.10194174757281553,0.07227883174658127,4.019757716941421,552.6952949962658,0.33880751073593274,2.344639060595035,0.033792008765704616,0.0525,0.6436573098229451,1.5536217560786754
0.03,29,0.1060560181680545,0.06966218659356048,4.049169330680149,560.2127176381529,0.34683494589990005,2.3972510020677844,0.03140311618715944,0.0525,0.5981545940411322,1.6718086092827613
0.03,30,0.108128601759175,0.06846022208086486,4.072556110630468,561.1455868971792,0.31796420479076914,2.2825021760445434,0.0304646316659266,0.0525,0.5802786983986019,1.7233098556946946
0.03,31,0.09416833358978305,0.07026207903723888,4.045168354254025,569.3335897830435,0.33220828737830743,2.327599680869581,0.03177740140885845,0.0525,0.6052838363592086,1.6521174694090877
0.03,32,0.10449715077776066,0.07062327010105446,4.035820739552124,569.8587709841368,0.4780429268721491,2.866883006015291,0.03121995866659336,0.0525,0.5946658793636831,1.681616576135226
0.03,33,0.09929728078215705,0.06934530428294622,4.046878837940086,565.2529789184234,0.32350827573100105,2.287830711832461,0.032142004207182155,0.0525,0.6122286515653744,1.6333766762518447
0.03,34,0.10302522289110722,0.07405594355936969,4.034058377054327,563.9200640097539,0.3947298566054087,2.5817572064252245,0.03020254625770308,0.0525,0.5752865953848206,1.738264037476973
0.03,35,0.10063470214881089,0.07144815672468942,4.036994993207564,565.9002064693738,0.3035604893229902,2.199011532077612,0.031829715358725016,0.0525,0.6062802925471432,1.6494021202614662
0.03,36,0.11461603246305796,0.07053798223342238,4.052287787224012,566.5922211163005,0.3096724962233566,2.2266900633441313,0.030337229182005803,0.0525,0.5778519844191582,1.7305469687106363
0.03,37,0.09861723142379578,0.06841322665555277,4.057880639288821,562.2520893481234,0.33646150867571123,2.338513813363684,0.02985913629746123,0.0525,0.5687454532849758,1.7582558141329696
0.03,38,0.12968761933857786,0.08651830300076599,3.991402659986182,565.2098831436646,0.3849766261992045,2.530582681876218,0.03144934560900236,0.0525,0.5990351544571878,1.6693511099630607
0.03,39,0.09769940971696685,0.06793159352650777,4.067688048149514,560.0434387770547,0.3679136825958267,2.4534500840705338,0.029948816562088854,0.0525,0.5704536488016925,1.7529908031978094
0.03,40,0.1077943615257048,0.0710447042505079,4.052508736588877,557.8521031207598,0.38848241881350987,2.538479201171658,0.030477967282681675,0.0525,0.5805327101463177,1.7225558224754633
0.03,41,0.12957534761367906,0.07389701277095863,4.048354165274458,556.2198421645998,0.4290995133051183,2.717689512875806,0.031590850659916445,0.0525,0.6017304887603132,1.6618735774220161
0.03,42,0.09319187910242711,0.06656873609915179,4.070526244199724,564.8223172034803,0.3831590412883088,2.496663548347996,0.02947451258217721,0.0525,0.5614192872795659,1.7811999385443935
0.03,43,0.11282516636418632,0.07124178780171574,4.050330016706402,559.6206896551724,0.3115738294145558,2.2258009181750307,0.031091368178033152,0.0525,0.592216536724441,1.6885715578477691
0.03,44,0.1037778446718844,0.07107265924486215,4.036759991929382,556.9301625526791,0.30260287699638866,2.228127413654436,0.03126077234257187,0.0525,0.5954432827156547,1.6794210784262644
0.03,45,0.09733373731252841,0.06947126690896731,4.0301932037674595,560.5515830934706,0.29697462407057174,2.1575052363342477,0.0313717310210061,0.0525,0.5975567813524971,1.6734811338541278
0.03,46,0.15306511947476906,0.07108941903420142,4.134189024928224,564.9514466753187,0.3225702373019885,2.2662141950769863,0.031963999936381375,0.0525,0.608838094026312,1.642472785148663
0.03,47,0.0876463921420476,0.0665215397265241,4.056806692065138,559.1564034756328,0.29887566540855914,2.1993844448633775,0.0298008303092861,0.0525,0.567634863034021,1.7616958807902985
0.03,48,0.09516661663164215,0.06966316868400578,4.039976273839226,555.4280996697688,0.43308182441978715,2.7578371375148096,0.03155323408041915,0.0525,0.6010139824841743,1.663854800626592
0.03,49,0.09972719005759322,0.0684115263086812,4.0516802495404365,560.806001818733,0.33749553019879386,2.3678494922427893,0.030816056364361202,0.0525,0.5869725021783087,1.7036573200429468
0.06,0,0.07635374971678877,0.05600419817409726,4.224609054880403,558.9034816101503,0.4083458063250873,2.614519587010232,0.03238102340971567,0.105,0.30839069914014927,3.242639945978223
0.06,1,0.06618694250805787,0.054946908803401355,4.240485115289127,554.7216100742073,0.44315470624133013,2.7405461346335946,0.0282636444302424,0.105,0.2691775660023086,3.715019846755816
0.06,2,0.07706752798016976,0.05549739082186756,4.2229053549064846,555.8862014572222,0.4448999113228638,2.780349814257794,0.030570306335253754,0.105,0.29114577462146435,3.4347055226893075
0.06,3,0.11333941051352173,0.05785623408493299,4.23192794829226,562.1668185961714,0.4599348196934443,2.81252880181423,0.031168746156843372,0.105,0.29684520149374644,3.3687591881826893
0.06,4,0.11269658611430763,0.0579666549341749,4.233617559647244,567.7203682393556,0.40800578496418893,2.6305429765245174,0.03129214421609012,0.105,0.2980204211056202,3.355474756696603
0.06,5,0.05836010402325226,0.05482178227383162,4.243447362404558,566.0298301973382,0.5070572353724856,3.0254635937810237,0.0295764873143104,0.105,0.28168083156486096,3.5501173240811594
0.06,6,0.06595808834614805,0.055253432318367844,4.230948246737694,557.8521031207598,0.47894114544033073,2.861349740225521,0.030299813709844536,0.105,0.2885696543794718,3.465367840393192
0.06,7,0.06957250628667226,0.054977593106068666,4.234013958854781,563.9200640097539,0.4868368084717076,2.9612910315383414,0.02885470848735728,0.105,0.27480674749864076,3.6389208383791454
0.06,8,0.07016591719646458,0.05559349221513311,4.228524975080182,573.7399596836719,0.4815037158841733,2.9334158558442347,0.030561933912316264,0.105,0.2910660372601549,3.435646458147914
0.06,9,0.07461210830544569,0.05622233004341324,4.233993635328232,562.849710982659,0.4039545453561004,2.6092460195552647,0.03067613736296231,0.105,0.2921536891710696,3.422855972954883
0.06,10,0.09050906607996359,0.056683819112205,4.231598343669586,561.4430619831576,0.44124700722750276,2.768911727518753,0.031253027784784886,0.105,0.297647883664618,3.359674484118874
0.06,11,0.08006723202689281,0.056337775702834304,4.229675303849134,565.3823057529223,0.42710419357172213,2.705124004442835,0.030636754938840514,0.105,0.29177861846514774,3.427255928691182
0.06,12,0.07095646889007065,0.055608454767023495,4.230338357576161,562.2094507331155,0.42598371440544724,2.689480337715608,0.031090638334332555,0.105,0.29610131746983387,3.377222393148851
0.06,13,0.07920792079207921,0.05645880892044009,4.221738693568641,559.3251454916484,0.4198311538202688,2.6643397837877227,0.03236774651844185,0.105,0.308264252556589,3.2439700409843235
0.06,14,0.08827483196415235,0.05731379243751893,4.217878805606981,552.6952949962658,0.38337036469602026,2.529818008202281,0.03277228062426365,0.105,0.31211695832632047,3.203927160389962
0.06,15,0.0701951951951952,0.0557879334492652,4.221860433087292,555.5945945945946,0.4525685644475743,2.7863157412078308,0.031091959284041078,0.105,0.2961138979432484,3.3770789110062465
0.06,16,0.06994700984102953,0.055552618927453,4.223371173703577,560.2127176381529,0.47963514615548775,2.923363925548089,0.030429390229793383,0.105,0.2898037164742227,3.450611372987508
0.06,17,0.08139711465451785,0.05778218542955929,4.217275559284593,561.9111617312072,0.44423438402009197,2.755378931591965,0.031791290287332796,0.105,0.30277419321269333,3.302791395095943
0.06,18,0.07289719626168224,0.05549737075284165,4.2352942854966535,553.3140186915888,0.4100168654404115,2.6265943983159605,0.029639218163734486,0.105,0.28227826822604274,3.542603567339517
0.06,19,0.06895480664699488,0.055434150181881525,4.228640283819532,574.6294455660817,0.5048041550326161,3.011917284224745,0.02985624253232202,0.105,0.28434516697449547,3.5168524601288396
0.06,20,0.07117624953025178,0.05583988751161706,4.234797876930553,556.2198421645998,0.44292611005948856,2.725627366698335,0.030651872946133984,0.105,0.29192259948699034,3.425565549763356
0.06,21,0.08222871264884296,0.05626413284481146,4.232926411740739,554.2239946079533,0.37744880898389965,2.517422416772294,0.030878875768464237,0.105,0.29408453112823085,3.400382863265821
0.06,22,0.06992417860151642,0.05555631978528273,4.226778023643218,566.7654897755993,0.5079582363541704,3.02531818630025,0.03102076717719694,0.105,0.2954358778780661,3.3848292468145167
0.06,23,0.05647613256308909,0.05439478453013413,4.232855957448389,562.508057160231,0.41885775377159007,2.654024179822757,0.03179967916092461,0.105,0.30285408724690105,3.301920106446351
0.06,24,0.07049315273516427,0.055922867545439216,4.228204002918742,553.8099977549952,0.4495502546487842,2.7581964407111186,0.03250336259349145,0.105,0.3095558342237281,3.230434995701812
0.06,25,0.0909230062758304,0.057236505091109315,4.2261877724469015,566.3757844787999,0.41693842245149426,2.6862222120449744,0.03266837353995301,0.105,0.3111273670471716,3.214117772701059
0.06,26,0.07711728253385357,0.05621603442101408,4.222747577686659,566.1595134266697,0.40911896812031046,2.640057775108872,0.03100064835590313,0.105,0.2952442700562203,3.3870259355400205
0.06,27,0.0779429797670141,0.056827302529311695,4.21990280062354,567.1557326793378,0.4128801903279964,2.629052306815076,0.031740625886804104,0.105,0.30229167511242006,3.3080633121243164
0.06,28,0.10455743879472693,0.05762912545523109,4.238620969199462,557.4745762711865,0.4665428956504911,2.8538797309815616,0.032354232802319534,0.105,0.3081355504982813,3.2453249824076296
0.06,29,0.06374441668559315,0.055626033177749175,4.225098967009991,560.2550533727004,0.44231345353182405,2.7335784829464775,0.031839941190794425,0.105,0.3032375351504231,3.297744784477103
0.06,30,0.07154141277364026,0.05608156370978807,4.223068739270175,556.7210561949898,0.4726382926455699,2.8684639002215837,0.030795546491885376,0.105,0.29329091897033693,3.409583915897303
0.06,31,0.07212788741012698,0.05651843598886108,4.219011327395331,566.0298301973382,0.47948765286128037,2.915302766380986,0.030373385529046865,0.105,0.28927033837187494,3.4569738661363827
0.06,32,0.0749867313670483,0.05599686560800955,4.225336861503659,561.1031162332247,0.4425071680743713,2.7697190582762357,0.03144633636634738,0.105,0.29948891777473696,3.3390217154951896
0.06,33,0.07463022749455665,0.05562106073494601,4.232699958442645,555.6362339514978,0.5037295240617823,3.0089372290367677,0.030263840835157273,0.105,0.28822705557292644,3.469486922427318
0.06,34,0.07586573511543135,0.05547206785463339,4.237087291283849,561.9963547995139,0.5108055693563074,3.05087040509549,0.029623911326179118,0.105,0.28213248882075354,3.5444340500442237
0.06,35,0.07850834151128558,0.05670128106599738,4.213347746868656,558.6507888578546,0.4219434062251821,2.6771683045621577,0.03300430983231897,0.105,0.31432676030779977,3.1814026875114454
0.06,36,0.07421093148575827,0.05682203031908601,4.210781335966041,569.6836027713625,0.5623522857786156,3.2361861999594668,0.033173220796113616,0.105,0.31593543615346303,3.1652036636822793
0.06,37,0.08350382662726377,0.05578993246971175,4.227680652482524,560.7635826324165,0.4369302426930517,2.7428117027386616,0.030568014188652064,0.105,0.2911239446538292,3.434963074538867
0.06,38,0.06989409984871407,0.05583611071394474,4.224698010337634,559.7897125567322,0.4043328740517609,2.5693210430262603,0.03183123454541005,0.105,0.30315461471819094,3.298646800839857
0.06,39,0.06437283541635296,0.055748033923306774,4.225601895503938,557.1812979972896,0.47164577050716616,2.8946831339595995,0.03306486354499599,0.105,0.3149034623332952,3.175576389635233
0.06,40,0.07336198446806906,0.056880666218016684,4.221388655673141,557.9780592626103,0.4410708682553377,2.7353615093466206,0.03331258350328286,0.105,0.31726270003126533,3.1519620803247683
0.06,41,0.10112784800545001,0.06224448031752843,4.204878901628107,560.1703883127697,0.4625469198508654,2.836670756409031,0.033635631378663274,0.105,0.32033934646345974,3.1216895802528812
0.06,42,0.07020186803253992,0.055712701708656644,4.2193385323218395,557.4326604398915,0.4240934075205587,2.6859944723712106,0.032399101518596624,0.105,0.30856287160568213,3.2408306119147006
0.06,43,0.08078899637243048,0.05634071140191336,4.232106758274387,559.2829504232164,0.453288067918038,2.7819958929217297,0.030735160737461752,0.105,0.2927158165472548,3.416282768029258
0.06,44,0.07441825324871562,0.05604104803673615,4.229212489398986,559.114233907525,0.6246142748568673,3.500205027406257,0.030608647776970584,0.105,0.29151093120924365,3.4304030927821705
0.06,45,0.08518518518518518,0.05794796965615062,4.2331163396588405,559.3673469387755,0.422741038055392,2.684499952751638,0.03055354566520196,0.105,0.2909861491923996,3.4365896891497796
0.06,46,0.06265645149055601,0.05466772181272217,4.242946305536965,561.3580368656603,0.48559587411000393,2.9767085141084744,0.028186945024486657,0.105,0.2684470954713015,3.725128775352705
0.06,47,0.08924148606811146,0.05725597830499198,4.2207336646059535,572.7647058823529,0.4675495412957389,2.885155678859439,0.032515064678968086,0.105,0.3096672826568389,3.2292723707210635
0.06,48,0.05638524839987809,0.05438021564519336,4.23315524499914,563.8771715940262,0.5619534878060222,3.2356364856203617,0.03013520702335208,0.105,0.2870019716509722,3.484296620847317
0.06,49,0.082947208507406,0.05602708031035,4.230601664012671,562.1241929358147,0.4528590788249858,2.8030694103462843,0.02893262930110848,0.105,0.27554885048674743,3.629120565132226
0.12,0,0.06002410001506251,0.05163737163966297,4.293913184224495,557.3488477180298,0.6282157031237148,3.457126860675366,0.0304256606596924,0.21,0.14488409837948762,6.902068696184658
0.12,1,0.05463110705873414,0.0513922371027213,4.297005025373974,562.2947344426715,0.6403982164047193,3.544136096100009,0.028749020851814175,0.21,0.1369000992943532,7.304596601130789
0.12,2,0.06614935464044253,0.05180056819738979,4.294580418464995,568.5476336816226,0.7315596268163063,3.866690687241936,0.02986719390608334,0.21,0.14222473288611115,7.031125878793295
0.12,3,0.04780635400907716,0.05137461012235805,4.29582609443997,559.7897125567322,0.6874533085501753,3.7483133100680153,0.031097528498539462,0.21,0.1480834690406641,6.752948228984272
0.12,4,0.04001832900565144,0.05126365081631332,4.2974269872316055,565.1667939514282,0.6096745707036462,3.4088574114477908,0.0320144744396465,0.21,0.15244987828403095,6.559532951130925
0.12,5,0.09018036072144289,0.05245047255627609,4.291544951767498,570.3849236935409,0.5861940170871094,3.3371907190411405,0.03302994870985908,0.21,0.15728547004694798,6.357866366813863
0.12,6,0.0546702249332825,0.05131884695120752,4.297378462209131,564.2634388105223,0.7199928166519385,3.8402790685814336,0.02844498808179187,0.21,0.1354523241990089,7.382671400534868
0.12,7,0.06065259117082534,0.05159495565429085,4.295551159300149,568.1554702495201,0.7080860833229963,3.823685012831607,0.0295336880757572,0.21,0.14063660988455812,7.110524072080892
0.12,8,0.056721114940806235,0.051851441733072295,4.292207112872502,554.5141615465308,0.6682043741166126,3.650665405799961,0.0322783020985875,0.21,0.1537062004694643,6.505918414128406
0.12,9,0.06679823895551845,0.051543463601506856,4.297616001137961,561.7408531956885,0.7569820643984713,4.000578916670259,0.02926395425959019,0.21,0.13935216314090568,7.176063704076498
0.12,10,0.10427544457056376,0.0531650800876412,4.295609915754296,560.0011350737798,0.6572005895432085,3.628096097001379,0.03205144033470403,0.21,0.15262590635573348,6.55196764348279
0.12,11,0.061390079608083285,0.05171552391663958,4.293042663331605,566.4623392529088,0.6728302112605888,3.6766923735253574,0.03139014921551277,0.21,0.1494769010262513,6.689996869980458
0.12,12,0.06732001507727102,0.05192225390089696,4.294223669562031,557.894082171127,0.5989468470215797,3.4067952594035353,0.03185183037667919,0.21,0.1516753827460914,6.59302770096863
0.12,13,0.06573050492978787,0.05178619747264726,4.292756714597776,552.7777113833283,0.6172529426403344,3.4837463063194885,0.03163612510114567,0.21,0.15064821476736034,6.6379810842382545
0.12,14,0.056592230039767516,0.05160551768093209,4.294310635075021,565.9434077699602,0.5951792216510512,3.3771722658472743,0.03146033084875732,0.21,0.14981109927979677,6.675072840446462
0.12,15,0.05242152122188963,0.05144561425890502,4.295437412251742,567.9813492977205,0.6624707364244387,3.6374793296925914,0.030150410456572494,0.21,0.1435733831265357,6.965079308040466
0.12,16,0.056964435305764984,0.0517335057056997,4.290588147848722,563.5771076079507,0.6319508870947175,3.532434798462178,0.03250725261096445,0.21,0.15479644100459264,6.460096844024541
0.12,17,0.06827278906427008,0.051581335104661695,4.29677647158138,558.9034816101503,0.6180808278732002,3.447921133761131,0.03018456846537297,0.21,0.14373604031129986,6.957197358673756
0.12,18,0.039862280030604436,0.05117403295146587,4.29915163130467,566.2027543993879,0.6327762060682289,3.4808241499282873,0.03012760558443071,0.21,0.1434647884972891,6.970351474214845
0.12,19,0.05694245418206501,0.0517926882389771,4.2893285977858815,558.1460894486763,0.6866977114696056,3.7406995676052315,0.03423350709323137,0.21,0.1630167004439589,6.134340820766245
0.12,20,0.05028145443480907,0.05153584987101073,4.293507845695851,562.9351894112277,0.6600433155836072,3.6345456226078907,0.03121955414749822,0.21,0.14866454355951533,6.726553460944552
0.12,21,0.05331628816363363,0.05140354496171088,4.297828821344138,556.512107083772,0.5689841327257454,3.2870991630015887,0.02813371122072768,0.21,0.13397005343203658,7.4643547149684695
0.12,22,0.08781783681214421,0.05219094602157805,4.295849146657227,561.6982922201139,0.7211376261839177,3.852879363731062,0.03016062288893256,0.21,0.14362201375682174,6.962720921690894
0.12,23,0.09048706801267409,0.05274850043906433,4.292314885814688,545.3371895954609,0.6828624374174979,3.7052165924858995,0.03150956773362805,0.21,0.15004556063632404,6.664642364353385
0.12,24,0.076072335973696,0.05210609729784394,4.294002142245089,553.0251083545061,0.5707294836756773,3.281901069826237,0.03146726147862204,0.21,0.14984410227915257,6.673602662966652
0.12,25,0.07626536376822658,0.05197590790944982,4.294922162016612,564.9514466753187,0.6695316219411325,3.6318425352267827,0.03170264970927044,0.21,0.15096499861557353,6.624051993313105
0.12,26,0.04450361354127044,0.0512411674139909,4.29543695336964,562.977938379612,0.6699534184299409,3.6740771507674905,0.02992289525853941,0.21,0.14248997742161623,7.01803746547788
0.12,27,0.08391661022051629,0.052221771856287354,4.2908409911528835,556.9720027094152,0.6432237878616434,3.5755007616288883,0.03235737924407141,0.21,0.15408275830510196,6.490018811967804
0.12,28,0.05713201820940819,0.05157795173295263,4.293692251421078,561.4855842185129,0.6244346202292945,3.5066979507624523,0.03138240687419435,0.21,0.14944003273425882,6.69164735649012
0.12,29,0.0860140931372549,0.05223454373720132,4.292968178727611,566.8088235294117,0.6130181511398405,3.451519739002723,0.032770142657047724,0.21,0.15604829836689393,6.408272377625315
0.12,30,0.05903063899917597,0.05170289329908251,4.292444693897946,554.3897670237471,0.6119730542995967,3.45243735608554,0.03194335880779638,0.21,0.15211123241807803,6.574136466474074
0.12,31,0.04798738359867828,0.05128293575842806,4.296834888163181,555.7611895464104,0.6462641966645606,3.574892133898052,0.028231716726441983,0.21,0.1344367463163904,7.438442445241483
0.12,32,0.0975609756097561,0.05283888864465982,4.29673827116939,574.8076743824763,0.6180318873666693,3.4322342560135857,0.031097877033991972,0.21,0.1480851287332951,6.752872544015031
0.12,33,0.05187341394237946,0.05167431240601382,4.290951998397051,552.3658755038066,0.8089437306916807,4.24972860233343,0.03258525223089664,0.21,0.15516786776617447,6.4446332504028465
0.12,34,0.05361431781203998,0.05160731751881641,4.294670428226396,573.3405903773146,0.5766513757407665,3.2792822615318116,0.0319279871881377,0.21,0.15203803422922713,6.577301561873025
0.12,35,0.0472967892322731,0.051446283333793454,4.296605261254588,556.4703361154974,0.6196966657007579,3.4937446580224534,0.03108921104973263,0.21,0.14804386214158397,6.754754878278136
0.12,36,0.05670532939125161,0.05177075510463914,4.290945207253745,561.018194223334,0.6419454498391133,3.557971216509375,0.031823573365116944,0.21,0.15154082554817594,6.598881828594056
0.12,37,0.06623475609756098,0.05149256139601879,4.297968926728266,564.0487804878048,0.6432927743589971,3.552963034134606,0.028558400869698103,0.21,0.1359923850938005,7.353352905092825
0.12,38,0.0625472125698746,0.051683514368656806,4.296043671006529,559.0299138842726,0.585373484849697,3.318506466533083,0.029606822714105054,0.21,0.14098487006716692,7.092959687969267
0.12,39,0.060382576630560035,0.051624058595843576,4.295230336902814,568.5040331873704,0.6212423406832386,3.4352409891498636,0.03129206914277786,0.21,0.14900985306084694,6.710965613741383
0.12,40,0.05739531310026892,0.051612653647074826,4.293748036880261,568.5912408759124,0.8254691589681897,4.2903071881367545,0.031173582851448854,0.21,0.14844563262594693,6.736473025917835
0.12,41,0.06318784158119338,0.05154855473273601,4.29809863976491,554.0583214793741,0.6799258252140135,3.7021884228495088,0.02871718944388514,0.21,0.13674852116135783,7.312693340354589
0.12,42,0.06003339404978749,0.05165871964509774,4.29503618965594,561.655737704918,0.6858757570153102,3.686229957712878,0.03067547505244208,0.21,0.14607369072591467,6.845859750859241
0.12,43,0.05401755570560432,0.05156788507795517,4.2954165791983785,555.2201215395004,0.6659673033864237,3.6607374872242566,0.030438306129602292,0.21,0.14494431490286808,6.899201259946848
0.12,44,0.03984585741811175,0.05111532433881983,4.295319013917007,570.3410404624277,0.6363658733316697,3.5154791848672238,0.030483904414554352,0.21,0.14516144959311597,6.888881330428815
0.12,45,0.06520902301947802,0.05171982428607623,4.295773321243923,569.7273847101394,0.5909117192204576,3.364604167252072,0.03121285582380396,0.21,0.14863264678001886,6.7279969889793625
0.12,46,0.05594037042614064,0.051376595806426714,4.295949151081355,557.1812979972896,0.6368193276284728,3.4755543424015243,0.029925250477203007,0.21,0.14250119274858575,7.017485122137158
0.12,47,0.04615033127713045,0.0513912125457684,4.298249758570117,563.5771076079507,0.6533439412305597,3.5675347414034952,0.03016538652492845,0.21,0.14364469773775454,6.9616213876940565
0.12,48,0.053993081666416004,0.05168861428933568,4.294957047297518,556.512107083772,0.619729837984778,3.451929239314379,0.031260556711939794,0.21,0.14885979386637999,6.7177306512840085
0.12,49,0.08028750573482184,0.05227260066117835,4.293824885110414,565.8570117755008,0.6504248985729646,3.543749173053615,0.030817144297229166,0.21,0.14674830617728174,6.814388704370688
0.25,0,0.04630053394355454,0.050259782044356896,4.3159173532814785,564.4782608695652,1.0807592896744609,5.3058605261331016,0.03085919845351489,0.4375,0.07053531075089117,14.177296298185878
0.25,1,0.05659516202647193,0.050493297471392314,4.314823082101486,562.9351894112277,1.075471688352991,5.267410841546442,0.03386845402297449,0.4375,0.07741360919537026,12.917625342545135
0.25,2,0.06507972838941024,0.05038638540429307,4.317065576249811,564.6072327763791,1.0863869405293372,5.300266389407759,0.029586918603532446,0.4375,0.06762724252235988,14.78694033206168
0.25,3,0.1131526565610167,0.05109026472028374,4.314699893210419,566.5489205328433,1.003810561989667,5.03301958212025,0.03263346560322026,0.4375,0.0745907785216463,13.406482943596027
0.25,4,0.05484615384615384,0.05034392477661095,4.316401799150941,569.2461538461539,1.043561818310991,5.186260766581469,0.030065138813128858,0.4375,0.06872031728715168,14.551737236914146
0.25,5,0.04244212437585111,0.05031143859241192,4.316214714109234,559.8742623694961,1.0667276038439013,5.215295031997127,0.0309908572909497,0.4375,0.07083624523645646,14.117066717214167
0.25,6,0.05021113243761996,0.05036201384546837,4.316076953360232,568.1554702495201,1.119539669889491,5.45166837824281,0.030389491146745894,0.4375,0.0694616940497049,14.396424010108754
0.25,7,0.048676216905422634,0.05036437218435332,4.316083277155263,555.0538513462836,1.0772957261069678,5.264815751652971,0.03043171418494998,0.4375,0.06955820385131424,14.376449428417866
0.25,8,0.06382978723404255,0.050599641300731135,4.31447545896416,572.5435203094778,1.0576589993142989,5.196361171694692,0.03317092449130761,0.4375,0.07581925598013169,13.189261581016417
0.25,9,0.0919383025605957,0.05067652154969406,4.316173605954784,562.2947344426715,1.0164988990873098,5.036430625893496,0.0324198004190731,0.4375,0.07410240095788137,13.494839398906711
0.25,10,0.02317550456603484,0.050393358908105285,4.312351165158686,567.8943289079887,1.0576525474898517,5.209387349561557,0.03321962115400109,0.4375,0.07593056263771678,13.169927434506759
0.25,11,0.07793883281475297,0.05044045090430846,4.314856797114709,561.6131896486302,1.0958688096434344,5.367399775450762,0.0321315137299414,0.4375,0.07344345995415177,13.615916252097405
0.25,12,0.04641889858561541,0.05035096732737741,4.316505559116443,556.7628648811315,1.0292083613749128,5.068011121653593,0.031108849247030453,0.4375,0.0711059411360696,14.06352245709514
0.25,13,0.04907040536421823,0.05036297499434948,4.316275309401988,563.8771715940262,1.0326860284258146,5.119489815093401,0.030948273204940722,0.4375,0.07073891018272165,14.136491464414096
0.25,14,0.04752951793637663,0.050353355750463034,4.316014820515445,556.5538843348123,1.04810117839952,5.166325349162659,0.031235780789497996,0.4375,0.07139607037599542,14.006373106162116
0.25,15,0.04606207052782602,0.050373663473469624,4.316269313104517,558.8192252510761,1.1367614830378443,5.538529302155947,0.0303933222144282,0.4375,0.06947045077583588,14.394609345875052
0.25,16,0.0661529070654662,0.050453982176342546,4.316263752080768,564.6502365328857,1.0663775553111918,5.227590799218448,0.03207579183732669,0.4375,0.0733160956281753,13.639569748388253
0.25,17,0.0561618917689859,0.05045427937701795,4.316976555414309,560.8908594815825,1.0951473237364553,5.381220585921528,0.03071353199196978,0.4375,0.07020235883878807,14.244535604514217
0.25,18,0.04826021180030257,0.05030548036940998,4.316281493643057,559.7897125567322,1.0837529876444023,5.211429673832962,0.031515574410280786,0.4375,0.07203559865207036,13.882025258510975
0.25,19,0.09149542522873856,0.05082957510694004,4.316207777395588,555.0122993850307,1.0779959052160848,5.3632498223808405,0.03089354025593786,0.4375,0.07061380629928653,14.161536566399533
0.25,20,0.039686132488305416,0.050386026105140265,4.316002639425259,558.3562698053418,1.0155326285166666,4.9909640030208156,0.031069143016422707,0.4375,0.07101518403753762,14.081495578064182
0.25,21,0.04956929121958591,0.05036782007062783,4.316673415149504,559.1985794166541,1.076411300309701,5.260893039897028,0.03207352045861902,0.4375,0.0733109039054149,13.640535673795421
0.25,22,0.04845109110331146,0.05037035098525852,4.316849060324112,564.6502365328857,1.0447302836400922,5.157646852454213,0.030903252327913355,0.4375,0.07063600532094481,14.157085971330863
0.25,23,0.05114854517611026,0.050387303567095025,4.3152628797172055,566.635528330781,1.0647765191388316,5.226196573040223,0.03224996669099732,0.4375,0.07371420957942244,13.565905484241306
0.25,24,0.05143209116107176,0.050384032540261914,4.314839982330655,569.7711733908222,1.249292694235919,6.077930699284581,0.03364486619398588,0.4375,0.07690255130053915,13.003469756054624
0.25,25,0.05055328179475519,0.050352659672286894,4.316172064283217,560.8908594815825,1.0797347574552987,5.205416767514518,0.031066489546360584,0.4375,0.07100911896310991,14.08269831540245
0.25,26,0.05524443771757227,0.050424376169543574,4.316347192290913,560.0434387770547,1.1026328869629651,5.431287076468662,0.03039427851163134,0.4375,0.06947263659801449,14.39415644732533
0.25,27,0.04597439975763084,0.05035329796288398,4.3167068618233255,560.5092024539878,1.0277949148148764,5.068421463331752,0.02902233378596006,0.4375,0.06633676293933728,15.074597488491655
0.25,28,0.09289535146538085,0.05056334299505817,4.316008053612808,557.5584268816394,1.0550721681502182,5.240833190086071,0.030981077114323824,0.4375,0.07081389054702589,14.121523224824413
0.25,29,0.04274994315167134,0.05021525099069941,4.3171720591738945,560.9332979610399,1.120225555729121,5.467503866331591,0.03041146947972365,0.4375,0.06951193023936834,14.386019731525831
0.25,30,0.0574079662039831,0.050361026922388696,4.317162602893903,558.2721786360893,1.0567818828567397,5.198118796549167,0.028772445522860183,0.4375,0.06576558976653755,15.205520144347794
0.25,31,0.05780435449248697,0.05036527080644122,4.316739279789358,567.329346826127,1.078486625396181,5.275021850996221,0.029893701907954495,0.4375,0.06832846150389599,14.635189758267591
0.25,32,0.0670545009185548,0.05034788704886506,4.316312793949206,566.4623392529088,1.0777432231989224,5.280840481940604,0.030328260159275786,0.4375,0.06932173750691609,14.425489550088558
0.25,33,0.056606664113366525,0.05041291779903015,4.316034253782079,566.852163921869,1.0768208153021988,5.311256922007246,0.03228459077555168,0.4375,0.07379335034411813,13.551356529236477
0.25,34,0.06807351940095303,0.05058243778273682,4.3162063506110195,559.7474472430225,1.0580985861306544,5.2600809590700734,0.03224235733343574,0.4375,0.07369681676213882,13.569107105773153
0.25,35,0.058495401778983866,0.05044211268193194,4.315321341805249,557.8521031207598,1.048407062800834,5.147983228793658,0.0331775538499067,0.4375,0.07583440879978674,13.186626174407682
0.25,36,0.03983244478293983,0.05027139619857124,4.317139850301931,563.6199543031227,1.056050229090033,5.141109972762339,0.029665726212340343,0.4375,0.06780737419963508,14.747658522446986
0.25,37,0.10895975702353834,0.05078150398275116,4.3163746149739115,561.9111617312072,1.0799456707027275,5.292272601512259,0.03354434384496532,0.4375,0.0766727859313493,13.042437259230054
0.25,38,0.05873425405979663,0.05046212686879456,4.316365049684536,561.57064804978,1.1086835629830603,5.4182602079553295,0.03192297962650277,0.4375,0.07296681057486347,13.704861047393685
0.25,39,0.08030694423339918,0.05095694063316822,4.316126847540811,562.2520893481234,1.2051934145856649,5.768581782355261,0.03225080854646177,0.4375,0.07371613382048404,13.565551368106647
0.25,40,0.04197775407587993,0.05029310981733357,4.316194974548429,563.7914063690386,1.04644207059755,5.207820223046779,0.03227902796979524,0.4375,0.07378063535953197,13.55369190204197
0.25,41,0.06906770002279462,0.050453209336542855,4.316817411242967,562.2947344426715,1.1335190317768138,5.595738288295118,0.03165561455064012,0.4375,0.07235569040146314,13.820613063762273
0.25,42,0.053098699311400155,0.05033446225972693,4.316408605402142,566.2027543993879,1.0641289233753923,5.195056260085481,0.03098538004322864,0.4375,0.07082372581309403,14.11956217382619
0.25,43,0.05012814714307252,0.05028212468389122,4.317600340589278,557.8521031207598,1.0783625509066042,5.296492046869939,0.02786885207916562,0.4375,0.06370023332380713,15.698529625734714
0.25,44,0.04912959381044488,0.05044225629502699,4.31561050850428,572.5435203094778,1.050799175602151,5.261877214925654,0.031230294332742523,0.4375,0.07138352990341149,14.008833709303708
0.25,45,0.06407271088409824,0.050494714945656834,4.315878039634715,555.8862014572222,1.050632389204111,5.15006789325765,0.03189032210110935,0.4375,0.07289216480253566,13.718895613938654
0.25,46,0.053866136919315404,0.05046724263101138,4.314702647630748,565.4254278728606,1.0902905047987588,5.241126861803302,0.032833501424475484,0.4375,0.07504800325594396,13.324804879746056
0.25,47,0.04452003023431595,0.05035068371596661,4.316348417272138,559.3673469387755,1.129606998496456,5.40134579815142,0.03076136142773598,0.4375,0.07031168326339653,14.222387426764804
0.25,48,0.06515816558195853,0.05042477814002994,4.3166666820224355,560.0434387770547,1.0223296814074274,5.033071143776874,0.030465360337745596,0.4375,0.0696351093434185,14.360571979119237
0.25,49,0.046086488977648055,0.050255356180412346,4.317910946445142,568.4168522928028,1.1926357739430387,5.7706313544625125,0.02832190762274346,0.4375,0.06473578885198505,15.447405797223649
0.5,0,0.03543516200015176,0.050012259948124124,4.322078493079242,561.5281129068974,1.879652221192373,8.547364776648726,0.030769667154793234,0.875,0.035165333891192266,28.437096690000896
0.5,1,0.046729678638941397,0.05009965081784383,4.321887245785879,559.578449905482,1.8197083394334186,8.273007442263683,0.032250492175008666,0.875,0.036857705342867045,27.13136888738861
0.5,2,0.056747770893154,0.050095695499615,4.321504845846516,559.1985794166541,2.0910884472250473,9.277532768954474,0.030783552850047916,0.875,0.03518120325719762,28.424269422775158
0.5,3,0.06577262111052512,0.05006502470466411,4.322181447271018,557.5584268816394,1.943858017824823,8.552608672618792,0.031574337198055566,0.875,0.03608495679777779,27.71237902830419
0.5,4,0.05398633257403189,0.05005381859358033,4.321830562744521,561.9111617312072,1.883892254641978,8.624788208499051,0.033256276820768114,0.875,0.03800717350944927,26.31082260698449
0.5,5,0.06014866504854369,0.05010865852312038,4.322225747169913,561.3155339805825,1.9361459503415972,8.76989838330846,0.032619155812713324,0.875,0.037279035214529514,26.82472854367888
0.5,6,0.06609325486645541,0.05004786891446569,4.32211073214487,558.3562698053418,1.9499255801201798,8.902931278333565,0.029176763870723287,0.875,0.03334487299511233,29.989617898577073
0.5,7,0.06351606805293006,0.050049217792648926,4.322265850884715,559.578449905482,1.8284663764352445,8.26764605459394,0.03135618644507175,0.875,0.035835641651510576,27.905179143285892
0.5,8,0.050489089541008274,0.05005126096897131,4.321912624531955,556.8465011286681,1.8286598733393475,8.258999631341656,0.032673895820329785,0.875,0.03734159522323404,26.779787901985433
0.5,9,0.038163249635260695,0.0500464831248877,4.321671756055913,568.2425708362128,1.8438073738943785,8.354436399247533,0.0316354635250947,0.875,0.036154815457251084,27.658832920399913
0.5,10,0.06853369763205829,0.05009083077895555,4.321860513160054,561.655737704918,1.9178238405729644,8.575982221169273,0.031624176881008374,0.875,0.03614191643543814,27.668704336316612
0.5,11,0.071504884004884,0.0500511836702018,4.322329350480506,564.7362637362637,1.9616534784436226,8.865022542147905,0.030660575267316303,0.875,0.03504065744836149,28.53827732752087
0.5,12,0.043363895986772885,0.05006524575547774,4.321978041909707,556.1781151360289,1.8764610558573622,8.297003569729467,0.030806169326165336,0.875,0.03520705065847467,28.403401628284094
0.5,13,0.013847900113507379,0.05001974501949883,4.32072557745577,560.0011350737798,1.8663829364522826,8.437522232568018,0.031019433482319354,0.875,0.03545078112265069,28.208123159268457
0.5,14,0.0460445937690898,0.05002686406698826,4.322468435816067,565.0806353084912,1.8111171513446607,8.235402805530686,0.029778571263618353,0.875,0.03403265287270669,29.38354537744468
0.5,15,0.06335046870275174,0.05011135871431008,4.321941556813595,559.4517689749017,1.9184811857994646,8.57304036617407,0.031517264943901294,0.875,0.03601973136445862,27.762561299574813
0.5,16,0.05702353834472285,0.05006255932638186,4.32166003098496,561.9111617312072,1.8524869637039956,8.425915039059586,0.03264865314128913,0.875,0.03731274644718758,26.80049300084085
0.5,17,0.048712332905369686,0.050029909987333455,4.321975674714952,558.9034816101503,1.8406704984081443,8.27512093466422,0.03242056133203211,0.875,0.037052070093750986,26.989045348066934
0.5,18,0.04924956633230259,0.05004020184150632,4.322250511988955,558.1460894486763,1.871441297000274,8.413682784752964,0.03081249989346119,0.875,0.035214285592527074,28.397566021109707
0.5,19,0.05270665965913357,0.05005145667076873,4.322078717726524,555.6362339514978,1.915438125928631,8.550477789975673,0.030904643419030934,0.875,0.0353195924788925,28.312897454794093
0.5,20,0.05466727577280341,0.05008049673415685,4.321868503690016,563.4486066697121,1.8301855937461369,8.363703859790949,0.03322260775343806,0.875,0.037968694575357786,26.337487005650544
0.5,21,0.05517820346485538,0.0500553135342233,4.322265242190427,564.7792871861406,1.8029519190895371,8.180964344897452,0.03032321124328437,0.875,0.03465509856375357,28.855782884597513
0.5,22,0.04968707067623264,0.05004257980832474,4.321785830424025,564.8223172034803,1.9394168597937096,8.630947442100661,0.031061230815050536,0.875,0.0354985495029149,28.170165091333853
0.5,23,0.05477890898039812,0.05007254406492819,4.322017009558105,562.2520893481234,1.9164434391423129,8.562049985677271,0.02918083026278203,0.875,0.03334952030032232,29.985438800759454
0.5,24,0.04737872853269057,0.05005475872612394,4.321776358014362,557.4326604398915,1.888695341825951,8.533994825829781,0.03146221397332558,0.875,0.03595681596951495,27.811138807391174
0.5,25,0.03265059330360517,0.0500451610523943,4.321419611521639,559.3251454916484,1.8331505319511052,8.328515515854717,0.031754302862131066,0.875,0.03629063184243551,27.55532073240665
0.5,26,0.04463199513381995,0.050063918660954235,4.32201357651778,562.6788321167883,1.8613876236777287,8.35496404572137,0.03101609002466104,0.875,0.035446960028184045,28.211163925055782
0.5,27,0.05664372683959767,0.05007028714087229,4.322181737779612,559.6629357936928,1.8847687138186302,8.512212843000325,0.031589524542053826,0.875,0.03610231376234723,27.699055705480742
0.5,28,0.08251148084017165,0.05010481389336993,4.322260738502246,557.1394263344124,1.9099713339237496,8.621408513499489,0.031008422997473587,0.875,0.03543819771139838,28.21813931238266
0.5,29,0.01256472738349071,0.050017666591709406,4.3209788731511605,563.5342674383186,1.8358939358731732,8.227826713321573,0.02882727635177208,0.875,0.03294545868773952,30.353197066645937
0.5,30,0.08003337884994689,0.05008756825215801,4.322401290812994,561.4005461993628,1.8358723993587773,8.245656231872715,0.030489038420920395,0.875,0.03484461533819474,28.69883883906319
0.5,31,0.04709289034519546,0.050015360690794756,4.32213403510404,563.9200640097539,1.8939393759646919,8.532206021453572,0.030929379486927734,0.875,0.035347862270774556,28.290253943497888
0.5,32,0.036893203883495145,0.050025972828903476,4.321584262039868,552.6952949962658,1.8329048188461456,8.293872119883783,0.0329884902918817,0.875,0.037701131762150515,26.52440267068945
0.5,33,0.037853194103194106,0.05001380617002233,4.322170516802917,568.1990171990172,1.8332018992223311,8.158548714156925,0.031729573861468956,0.875,0.03626237012739309,27.57679645557934
0.5,34,0.034616278169286765,0.049968077177182,4.322197806397539,573.0746534500116,1.8771591096301563,8.419372652706201,0.030040545201906254,0.875,0.03433205165932143,29.127300923435836
0.5,35,0.016607990203581814,0.05001431448631485,4.320760725890078,566.3757844787999,1.851423193962546,8.42137774331388,0.0316774820371342,0.875,0.03620283661386765,27.622144934823854
0.5,36,0.05093752372276626,0.05001306347435123,4.322149029810441,561.7834206331132,1.8513623957405798,8.36608743135468,0.031730899751437225,0.875,0.03626388543021397,27.575644146692298
0.5,37,0.04592885977606825,0.0501066521788944,4.321987546696364,563.6628075253257,1.8753390629135538,8.479127441650643,0.030285037921971226,0.875,0.03461147191082426,28.8921546756659
0.5,38,0.07466462246071291,0.05025548980074037,4.322141410657505,567.2859333077807,1.8633694343152456,8.379919837369187,0.03297690612450613,0.875,0.03768789271372129,26.53372019486574
0.5,39,0.042293090356871677,0.05001165388388784,4.322355473075874,561.9111617312072,2.0030929556523915,8.858965347863935,0.028698329677375664,0.875,0.032798091059857905,30.489579353108013
0.5,40,0.04779496652043408,0.05005164387426281,4.322217411050317,569.5522973909028,1.8917228580685332,8.591564632668952,0.03082325375938529,0.875,0.03522657572501176,28.387658448731216
0.5,41,0.048169120422801054,0.050005198594943595,4.322112504337143,558.7349943374859,1.840439310617512,8.359879403342987,0.02981397534510362,0.875,0.03407311468011842,29.348652431340465
0.5,42,0.04737926298924239,0.05007090963145049,4.32172837927218,564.6072327763791,1.8596621396718547,8.29356508034895,0.032438919297664265,0.875,0.037073050625902014,26.97377159734799
0.5,43,0.038815194452818814,0.050010342395465056,4.322337511057631,557.7681640036177,1.8658453437383287,8.447947708814254,0.02963295791646255,0.875,0.03386623761881434,29.527933136701648
0.5,44,0.049738418378952154,0.050040141684445864,4.322186638856347,561.1031162332247,1.8536911935370881,8.333961227466084,0.029479740355387533,0.875,0.03369113183472861,29.6814011742166
0.5,45,0.06316671746418774,0.050062145223653355,4.322057809442264,563.8771715940262,1.8470927551679779,8.377512078399867,0.030945477084974776,0.875,0.03536625952568546,28.275537572010684
0.5,46,0.04581884167548768,0.05005485470254988,4.322035181552071,559.5362165431725,1.825301267876057,8.104590377985375,0.031074451976024528,0.875,0.03551365940117089,28.158179609252823
0.5,47,0.05558907829235179,0.05007761207170795,4.322076053472391,558.188112837532,1.8375105069135316,8.361850259480835,0.03158691746482231,0.875,0.03609933424551121,27.701341891764816
0.5,48,0.05415052783473836,0.0500486007476284,4.321703078176896,562.038961038961,1.8512336415878963,8.203458122709982,0.030809044687888233,0.875,0.03521033678615798,28.400750781603534
0.5,49,0.04666369445682865,0.05004835985407589,4.322472153477576,549.9077128845297,1.8902826325502247,8.496574626487945,0.030479735658108527,0.875,0.034833983609266886,28.70759805186249
1.0,0,0.05493256554023337,0.049968489562227394,4.323613884653084,560.7211698742234,3.46579401550116,14.650906777223115,0.03193172033153605,1.75,0.018246697332306317,54.80443840264016
1.0,1,0.05778951339117314,0.04996267021843436,4.323803468554326,558.3142210486609,3.4721598280011676,14.95590962018536,0.03284257885419114,1.75,0.01876718791668065,53.28448803516163
1.0,2,0.0418552036199095,0.049971457074940245,4.323671040914801,558.10407239819,3.4858084081788547,14.82801302180081,0.03127653163932518,1.75,0.0178723037939001,55.952495634127736
1.0,3,0.0441773217977184,0.04997003451218846,4.323929668628724,566.5922211163005,3.4759096598427277,15.076557191439674,0.029865115671147035,1.75,0.017065780383512592,58.596792969755384
1.0,4,0.04717775905644482,0.049941996382489605,4.323521856248635,566.7654897755993,3.5350401912874077,15.05748228021256,0.028362009677212648,1.75,0.016206862672692942,61.702256642484365
1.0,5,0.04840162089149032,0.04995471567406328,4.323591545883921,555.3448896893291,3.5502136946306564,15.06618650072996,0.030634757899675333,1.75,0.01750557594267162,57.124655782526894
1.0,6,0.0351357517681953,0.04993147020596791,4.323972835250277,562.8069815195072,3.501625465316465,15.066729424370138,0.031295373772296575,1.75,0.017883070727026613,55.91880808751172
1.0,7,0.02158273381294964,0.04994576494945567,4.323275027321407,560.4244604316547,3.442628595716087,14.756588316355236,0.03126861801645688,1.75,0.017867781723689646,55.96665637985546
1.0,8,0.031023002421307507,0.04994855589635761,4.323468763467577,559.9588377723971,3.4682607616996393,14.81945946876593,0.03169193508929811,1.75,0.01810967719388463,55.219095806836634
1.0,9,0.04853778959361944,0.04995644164411754,4.323365097302414,562.1241929358147,3.496764662442729,14.967760456206873,0.03142723997290639,1.75,0.017958422841660795,55.68417721405651
1.0,10,0.043817986823962006,0.049959584046903566,4.323469517798011,566.8955109544967,3.450318195944419,14.861994626987897,0.032992203221702855,1.75,0.018852687555258773,53.04283524929366
1.0,11,0.047441931076362534,0.049968288872430426,4.323683670906943,561.7408531956885,3.5317648108757567,14.916640512789485,0.03166533083950725,1.75,0.018094474765432713,55.265489214993856
1.0,12,0.05739972337482711,0.04995321867249933,4.323571054426671,568.6348547717843,3.5068593177420553,15.007916986260419,0.03105410866435768,1.75,0.017745204951061532,56.35325163940579
1.0,13,0.048323769254001815,0.04995060615713162,4.323777538492012,558.7771066143159,3.4593311228381936,14.685479261605092,0.029643741094818966,1.75,0.01693928062561084,59.034384169070314
1.0,14,0.038187255578559925,0.04997519634868037,4.323438211324245,567.4596273291926,3.521448083251016,15.051893942065925,0.030963842058222786,1.75,0.017693624033270162,56.51753411961577
1.0,15,0.05366004962779156,0.04993328456410102,4.323856392769317,573.8287841191067,3.492166013660608,14.996816533533032,0.028191049740474195,1.75,0.016109171280270968,62.076439725034646
1.0,16,0.046392147841423204,0.049950496900887244,4.323801107756112,567.4596273291926,3.453415155352559,15.040368569991415,0.029864857268259985,1.75,0.017065632724719993,58.59729997303148
1.0,17,0.0469910565408519,0.049950654902019796,4.32359962435329,560.8908594815825,3.470904613583116,15.013698263256417,0.030240314877206454,1.75,0.01728017992983226,57.86976779527706
1.0,18,0.07245067028166893,0.04997062414455541,4.323726011148614,557.3488477180298,3.4866293006343767,14.786027140669255,0.030805514768733642,1.75,0.017603151296419223,56.80801029094244
1.0,19,0.03792400090654982,0.04994864677850365,4.323960463947893,559.0720707108861,3.4601914188242517,14.719776763387518,0.030412287386147516,1.75,0.017378449934941437,57.54253133873472
1.0,20,0.035835790428668635,0.049961357430413945,4.323688155055257,559.4939895667952,3.4746571742289234,14.867569663042222,0.02901691833800549,1.75,0.016581096193145996,60.30964348505273
1.0,21,0.05551295813525533,0.04995340734584836,4.323760768014588,567.4161938353013,3.4683283595368266,15.137614358057279,0.029086124396858194,1.75,0.016620642512490395,60.16614575811381
1.0,22,0.044125345897838605,0.04993112987323265,4.324096147543579,553.4792461296836,3.483744898956502,15.007234521217393,0.03193103282524971,1.75,0.018246304471571263,54.805618395662236
1.0,23,0.056750572082379866,0.04995324504747759,4.323627118831998,564.4782608695652,3.4482957443688065,14.715227138170919,0.03028903840067377,1.75,0.017308021943242154,57.77667738573938
1.0,24,0.03633479377549479,0.049948326593832734,4.323751002279225,559.0299138842726,3.5139421920175664,15.124845991448879,0.029753097381253743,1.75,0.017001769932144997,58.81740571664334
1.0,25,0.04843347964280309,0.049949678732360434,4.323755408400756,560.0434387770547,3.486709458520636,14.970567761965238,0.02884196493651392,1.75,0.016481122820865095,60.67547768857109
1.0,26,0.060362173038229376,0.04999680246253694,4.323278640005279,551.5030181086519,3.5227495518047363,15.084508420381445,0.032820396763666486,1.75,0.01875451243638085,53.320501046998956
1.0,27,0.05134064594759293,0.049971123296624814,4.323405712700724,563.7056672760511,3.5500145543483086,14.799712623507794,0.03355740327719289,1.75,0.019175659015538797,52.149446294891895
1.0,28,0.08622918409246445,0.0499792684377071,4.323549760950125,562.7215420880541,3.469688839453738,14.905717322080546,0.031593710757881685,1.75,0.01805354900450382,55.39077107501301
1.0,29,0.051551895065965074,0.049965634197799494,4.323574737562133,564.3493479752917,3.450670154270483,14.539781154442172,0.030716938025081176,1.75,0.017552536014332102,56.97182442374561
1.0,30,0.09542939437580535,0.049962601040954215,4.323442589649689,560.9332979610399,3.4718012714001816,14.882076470866151,0.03343337655120199,1.75,0.01910478660068685,52.342903425262456
1.0,31,0.04868630271825547,0.04995497466578439,4.323518116975898,560.3397440751116,3.6553018410049845,15.465250417494719,0.0316264313104429,1.75,0.018072246463110227,55.33346405170154
1.0,32,0.0467487349898044,0.04994185356845294,4.3237994325089115,558.9034816101503,3.4434906039386988,14.718343818155306,0.029849457607941145,1.75,0.01705683291882351,58.6275309583659
1.0,33,0.06950333131435493,0.04998159791551526,4.323474507714626,560.2973955178679,3.5758042364032008,15.370245953409732,0.03266824869594386,1.75,0.018667570683396494,53.56883426130163
1.0,34,0.059583906990974454,0.04995118214570298,4.323728857404637,566.0298301973382,3.4913893162156455,14.809444153239234,0.030760378806849127,1.75,0.017577359318199502,56.891367007819284
1.0,35,0.050179485221110515,0.049976012555930115,4.323748184890286,565.2098831436646,3.4934627995826304,14.969409066209511,0.0291000036138497,1.75,0.0166285734936284,60.13744957636756
1.0,36,0.037190393736354736,0.04994028419577257,4.323687639354271,557.1394263344124,3.4833216728293337,14.801749497207894,0.02977002044932961,1.75,0.017011440256759776,58.78397036974182
1.0,37,0.04007008455854346,0.0499421336490609,4.323819491991445,563.7485335567914,3.5213295375579037,14.989106952732925,0.031099304838468268,1.75,0.017771031336267583,56.271354266264446
1.0,38,0.048102217211574594,0.04993474294456033,4.323766271744134,556.2198421645998,3.4551589753536973,14.713087182505664,0.03139842177702624,1.75,0.01794195530115785,55.73528543655813
1.0,39,0.1133323081654621,0.04997525570901123,4.3234481723695595,568.9840073812087,3.4485147598024923,14.696591572977391,0.029553256861250057,1.75,0.016887575349285748,59.215131794647746
1.0,40,0.05457317073170732,0.04995601174416708,4.323741697168506,564.0487804878048,3.5068833830591757,14.989334903476616,0.03159605693873773,1.75,0.018054889679278704,55.38665800587435
1.0,41,0.05240706886045095,0.04995064281060633,4.323773269772591,563.7056672760511,3.4872769370267633,14.867001135078246,0.03206462346101404,1.75,0.01832264197772231,54.577282098065105
1.0,42,0.036317761296735224,0.049945552344962625,4.323781525621503,565.8138236868263,3.4503521827282384,14.605225536675443,0.03097934162381754,1.75,0.017702480927895736,56.48925730088999
1.0,43,0.048200030125018826,0.04994356312928303,4.323697518841015,557.3488477180298,3.45914376489236,14.616739860316857,0.031068307139316555,1.75,0.017753318365323744,56.32749773435183
1.0,44,0.05297812760160448,0.04995634528454064,4.323683542715863,560.0857488836751,3.585178426816128,14.999180457242531,0.0306120897791394,1.75,0.0174926227309368,57.16695634391276
1.0,45,0.055847470349797326,0.04995990951174578,4.3236653429005445,555.5113346344393,3.5685400252696127,15.049618119664824,0.031104295752673986,1.75,0.01777388328724228,56.262325111461664
1.0,46,0.1720164609053498,0.05006404319118891,4.322733391067926,553.7272727272727,3.4672228261770215,14.720865825486184,0.03150726640943029,1.75,0.018004152233960163,55.542742974243424
1.0,47,0.03880709701774254,0.049959563895228605,4.32371331797157,558.7349943374859,3.4656745359825436,14.822239974952508,0.03294769029342493,1.75,0.01882725159624282,53.11449708355524
1.0,48,0.058568824065633546,0.04995336286301558,4.3235686369663195,562.1668185961714,3.467319051909726,14.71940647582125,0.032370348872482246,1.75,0.018497342212846997,54.06182080069146
1.0,49,0.05041504835884548,0.04995881973094349,4.323721997456552,563.5771076079507,3.5205892724043224,14.79336070583687,0.03226450563005168,1.75,0.018436860360029533,54.23916981917186
